{
    "Description" : "Film directions - scripted camera movements/transitions",

    "directions" : [
        {
            "event_time" : 3,
            "event_type" : "sceneview",
            "sceneview" : [ -0.0377439, -0.998525, -0.0390399, 0, 0.170918, -0.0449429, 0.98426, 0, -0.984562, 0.0304771, 0.172362, 0, -1.74506, -1.99154, -352.766, 1]
        },
        {
            "event_time" : 200,
            "event_type" : "timed_rotation",
            "about_vert_angle_degrees" : 180,
            "min_jerk"   : false,
            "translation" : [ 0, 0, 300 ],
            "transform_time_frames" : 100
        }
    ]
}
