{
    "head_loc" : [0, -0.0001, 0.0001],
    "head_abc" : [0.0005, 0.00045, 0.00065],
    "head_rotn_angle" : 0.7,
    "a1_loc" : [0.0003, 0.0006, 0.0001],
    "a1_abc" : [0.00003, 0.00003, 0.0006],
    "a1_axis" : [1, -0.5, 0],
    "a1_rotn_angle" : -2,
    "a2_loc" : [0.00076, 0.00063, 0.00035],
    "a2_abc" : [0.00003, 0.00003, 0.0007],
    "a2_axis" : [1, 0.5, 0],
    "a2_rotn_angle" : 0.8,
    "a3_loc" : [-0.0003, 0.0006, 0.0001],
    "a3_abc" : [0.00003, 0.00003, 0.0006],
    "a3_axis" : [1, 0.5, 0],
    "a3_rotn_angle" : -2,
    "a4_loc" : [-0.00076, 0.00063, 0.00035],
    "a4_abc" : [0.00003, 0.00003, 0.0007],
    "a4_axis" : [1, -0.5, 0],
    "a4_rotn_angle" : 0.8,
    "thor_s" : [0, -0.0002, -0.0003],
    "thor_e" : [0, -0.0003, -0.004],
    "t1_loc" : [0, 0.0001, -0.0009],
    "t1_abc" : [0.0003, 0.00025, 0.0008],
    "t1_rotn_angle" : 0.1,
    "t2_loc" : [0, -0.00013, -0.0019],
    "t2_abc" : [0.0002, 0.0002, 0.0005],
    "t2_rotn_angle" : -0.9,
    "t3_loc" : [0, -0.0004, -0.0025],
    "t3_abc" : [0.0002, 0.0002, 0.0008],
    "t3_rotn_angle" : -0.3,
    "abdomen_loc" : [0, -0.0003, -0.004],
    "abdomen_abc" : [0.0007, 0.0007, 0.001],
    "abdomen_rotn_angle" : -0.2
}
