-0.9140452169261124,0.36515354871574424,0
-0.9133461884381244,0.36540359156806623,0
-0.9136189882334893,0.3661541814644167,0
-0.9136189882334893,0.3661541814644167,0
-0.9120673559862436,0.36840578528569523,0
-0.9133119678011852,0.36965695505625007,0
-0.9147101874149559,0.36915654104981854,0
-0.9155285868010523,0.3714083107388717,0
-0.9163469861871523,0.37366008042792487,0
-0.9172844799871118,0.3784142207713863,0
-0.9176762440861097,0.38166744396357544,0
-0.9186133800829328,0.386422306570962,0
-0.9205226371111319,0.39167712527916443,0
-0.920759785056994,0.3966839677193974,0
-0.9223960959158166,0.40118849200285744,0
-0.9259776571917051,0.4066908930168882,0
-0.9294413763647302,0.4096883954527719,0
-0.931232628652273,0.4124386438846166,0
-0.9334151571254363,0.41844310041399524,0
-0.9371528958772632,0.42218873048284955,0
-0.9400362255903474,0.42793956567046365,0
-0.9435021078460046,0.43093270169262077,0
-0.947359754200658,0.4371790609069617,0
-0.9502442223782843,0.44292759798208614,0
-0.9518820945599096,0.44742897056841535,0
-0.9532469880445955,0.4511801143903611,0
-0.9548848602262208,0.45568148697668853,0
-0.9587440516398953,0.4619247273240852,0
-0.9608103806518944,0.4654209694272957,0
-0.962994600558094,0.4714220116181238,0
-0.9654518479525667,0.4781731840828023,0
-0.966388365925777,0.4829292942369712,0
-0.967753422048256,0.4866801097571276,0
-0.9677148589822746,0.49094223890294764,0
-0.9681048991206769,0.494198942094048,0
-0.9700156361527839,0.4994507732560134,0
-0.9716926081051032,0.49968893330063757,0
-0.97446175506564,0.5029274831199615,0
-0.9766851072700913,0.5046652471087256,0
-0.978050407349258,0.5084155701762061,0
-0.9788301948780394,0.5149295675016106,0
-0.980038927150563,0.5204374494385515,0
-0.9796094619658824,0.5214446153927295,0
-0.981676994497537,0.5249384280627432,0
-0.9833150618445128,0.5294394066869312,0
-0.9880372170447931,0.5336601732417279,0
-0.9906516340057365,0.5386525721203483,0
-0.9960782660600351,0.5426122977130561,0
-1.0000998151857434,0.5470862916474815,0
-1.0045519842244595,0.5505507886850616,0
-1.0112317015226573,0.5557445795253741,0
-1.0160761063099635,0.5624613476799691,0
-1.0222119317142457,0.5661505115588454,0
-1.027645378292025,0.5700964813068019,0
-1.0319459074491935,0.5753085896697812,0
-1.0349958234568994,0.5792816425980352,0
-1.0381631912367695,0.5857603820287167,0
-1.0425826033786763,0.5934752878384248,0
-1.0474334160949859,0.6001791209027285,0
-1.0524421139840516,0.6051227358531168,0
-1.056473226211926,0.6095774256426374,0
-1.0607789760422168,0.6147789955183462,0
-1.0642235185740603,0.6219994935273903,0
-1.0692357944945439,0.6269358858385345,0
-1.074797313092306,0.6333661039824126,0
-1.0791063807335473,0.6385609765017293,0
-1.0831420305558215,0.6430065066714707,0
-1.0864727156106984,0.6477140627086566,0
-1.0920382676256963,0.654136138968294,0
-1.097056398506691,0.6590607124152079,0
-1.1020755702695588,0.6639831847307054,0
-1.1061151071350537,0.6684208684878108,0
-1.1116852455357868,0.674833686637136,0
-1.1144306457331865,0.6823044573097476,0
-1.1183148183117027,0.6884972705031078,0
-1.122906378960712,0.6944231661324416,0
-1.1282057668022567,0.7000812577829354,0
-1.1327992303134309,0.706003312281398,0
-1.1393576884696195,0.7128833876738447,0
-1.141988792068016,0.7178421027894188,0
-1.147842220401694,0.7249843353700207,0
-1.1511818667989058,0.7296738019789046,0
-1.1542470057039367,0.7336161258601699,0
-1.1594361628912768,0.7367539544090249,0
-1.1606534824392174,0.7422445020117614,0
-1.1650951271672785,0.7499145289675866,0
-1.1706790572527677,0.7562995071256182,0
-1.1737054379264666,0.7645043541148482,0
-1.1751978016713025,0.770740961049313,0
-1.1773986756873942,0.7767083851374519,0
-1.1784568252240213,0.7839617444381943,0
-1.181916671972088,0.7911513492493523,0
-1.1859699029396644,0.795561389996239,0
-1.19073312418241,0.7996992603505557,0
-1.1956136020319637,0.8063432111694375,0
-1.1996691424561874,0.8107485900309879,0
-1.2047104329587555,0.8156264133038498,0
-1.2128676395305096,0.8201597758481736,0
-1.2190559806778065,0.8237429310809734,0
-1.2213028177794136,0.8254332882921123,0
-1.225203823369398,0.8315921222508162,0
-1.2299745910056838,0.8357147594023555,0
-1.2321804092106525,0.8416722031162553,0
-1.2345452835804753,0.8458670649434001,0
-1.2374618727220117,0.8515507624161689,0
-1.240219470753802,0.8589969104549731,0
-1.2425849306196834,0.8631905903956998,0
-1.2427013089824168,0.8656984436899009,0
-1.2443558678014917,0.8701661325131838,0
-1.2460104266205683,0.8746338213364684,0
-1.2473892256364678,0.8783568953558731,0
-1.2483324605504844,0.8830994466463551,0
-1.2485640788114232,0.888117451347247,0
-1.2499426338706332,0.8918410178193259,0
-1.2507697669061564,0.8940751577025736,0
-1.2528599548822275,0.8975232379340703,0
-1.2552260490354907,0.901715637497837,0
-1.2568805102718912,0.9061835233021895,0
-1.2592468971731812,0.9103753319227401,0
-1.2603499363858965,0.9133537911382632,0
-1.2617287354017943,0.917076865157668,0
-1.2625560148113344,0.9193107095693094,0
-1.262786136804582,0.9243317346466178,0
-1.2640038954745645,0.9298213958345407,0
-1.265382450533771,0.9335449623066179,0
-1.267426984436133,0.9412694856417136,0
-1.2699082371686963,0.9479722007630649,0
-1.2710110161609478,0.9509511852614416,0
-1.273700866175302,0.951607028979792,0
-1.2756780586547105,0.9525404272399705,0
-1.2766667036857484,0.9530070278795222,0
-1.2750323359482358,0.9596099276111776,0
-1.2802046422148123,0.9669660570176752,0
-1.2828482363956333,0.9718995585562311,0
-1.282638500649293,0.9779487280717163,0
-1.2834172798237642,0.9844647608681854,0
-1.285671500681124,0.9861402131783308,0
-1.2899047355611621,0.988745386768672,0
-1.2898562353260896,0.993027575153496,0
-1.2932142435300165,0.9976799764909554,0
-1.29514478984518,1.0028918204956234,0
-1.2943816316303156,1.0074556015342218,0
-1.2981785054832944,1.011081861074386,0
-1.300222128614024,1.018808222899473,0
-1.3053355506228232,1.0193561555382864,0
-1.3060004885841092,1.0233592135327143,0
-1.3057878578850755,1.0294142268199558,0
-1.3047975214210012,1.02895104051896,0
-1.302102450733523,1.0283057352878782,0
-1.302102450733523,1.0283057352878782,0
-1.298693112396954,1.0279412347862866,0
-1.2951207983247404,1.0293472282444487,0
-1.2915484842525284,1.0307532217026054,0
-1.2912729684060373,1.0300081144460513,0
-1.290558521855374,1.0302892803075068,0
-1.2912729684060373,1.0300081144460513,0
-1.2902830222726624,1.029544140220768,0
-1.288578694643741,1.0293612005362256,0
-1.2874253011251273,1.0306686723458682,0
-1.290007522689951,1.0287990001340344,0
-1.2883032275885888,1.028615994789135,0
-1.2890176253479133,1.0283349274182143,0
-1.2880277605334332,1.0278707890420389,0
-1.2896805628643566,1.0323420235245955,0
-1.2917724585372419,1.035786656587355,0
-1.2927107004710496,1.0405392867426055,0
-1.294363502801973,1.0450105212251586,0
-1.293320909169834,1.0488371070802014,0
-1.2945339025525087,1.0543363875103946,0
-1.2954712825060177,1.059090757665107,0
-1.2966838367666558,1.064590924510119,0
-1.2969055666498424,1.0696288899594801,0
-1.299108262209204,1.0755926370676363,0
-1.2994941713476909,1.0788576791240505,0
-1.3004305592106657,1.0836140519196462,0
-1.3003758462119475,1.087908781432624,0
-1.3005960472998908,1.0929498329187606,0
-1.2991090583337694,1.0978137228317522,0
-1.2985028907838085,1.100619091416256,0
-1.298612422095509,1.1031407662155708,0
-1.2964081729449255,1.1082915016108856,0
-1.292937160712139,1.112235781938633,0
-1.292329854697634,1.115043448635621,0
-1.2905649591094797,1.1191670573282817,0
-1.2886328754668792,1.1250696629969053,0
-1.2845508165503734,1.1318291609626758,0
-1.2820673759392012,1.136242208721752,0
-1.2795832847768622,1.140656569687966,0
-1.2756654864345531,1.1456429801098942,0
-1.2719148436191414,1.1488504592162236,0
-1.2706937911335725,1.1544787933608553,0
-1.269471957986596,1.1601087033540534,0
-1.267701207437936,1.1642441309109408,0
-1.2656559331333135,1.1676324485703926,0
-1.26443208327772,1.1732664295057145,0
-1.2629335795559324,1.1781535631850168,0
-1.262868685431437,1.1824688443896818,0
-1.2620862546382305,1.187071529189696,0
-1.2630116969778111,1.1918499966953533,0
-1.2636631847937068,1.1958802052473345,0
-1.264040766877244,1.1991620563550924,0
-1.2618217990064924,1.2043425030618664,0
-1.2593284374900122,1.2087755772297655,0
-1.2571079245602412,1.2139591428034855,0
-1.2558777968858763,1.2196057961876772,0
-1.2531089520504608,1.2232936974386668,0
-1.2518773606359748,1.2289433055389072,0
-1.2503717659064577,1.2338447531759993,0
-1.2498567841252655,1.2392088290010594,0
-1.2478036869428504,1.2426129379763253,0
-1.2468423744379535,1.2490182246505732,0
-1.2456071724644815,1.254675121050422,0
-1.2438253625459712,1.258832873128629,0
-1.2418702006006903,1.2647820648204124,0
-1.2410785319809001,1.2694033971617635,0
-1.2391216948663661,1.2753559703619182,0
-1.2381553243261383,1.2817714672216525,0
-1.2356514401445207,1.286225782514986,0
-1.231981444168957,1.2920132428174789,0
-1.2309141133286694,1.2958897633738715,0
-1.2284081961746516,1.3003481824395084,0
-1.2249102511235233,1.3043468295426983,0
-1.221411720576345,1.3083466585323151,0
-1.2204392999102573,1.314774368218412,0
-1.2172112597017968,1.3195294489897158,0
-1.2141581328429076,1.3224899384503068,0
-1.2109287915321154,1.3272476456358788,0
-1.2084182066734694,1.3317154869627146,0
-1.2051873690949897,1.3364762145246996,0
-1.2016842521620763,1.340485301624625,0
-1.1981805497331113,1.3444955706109756,0
-1.1946762618080964,1.3485070214837407,0
-1.1921624079298372,1.3529814616764408,0
-1.1903677821533183,1.3571650839352358,0
-1.18857263593587,1.3613497567597364,0
-1.1860569605143354,1.3658278739324157,0
-1.1818295899719065,1.3701379234913755,0
-1.1784138856109916,1.376713334433246,0
-1.175446382308385,1.3822437590554166,0
-1.1720281570616926,1.3888242586749424,0
-1.1680676500352263,1.3938968811453698,0
-1.1656377770715487,1.40094457234766,0
-1.1636568858275886,1.4069457013816855,0
-1.161404821166176,1.4121929575015173,0
-1.1594220595876052,1.4181978620060587,0
-1.1552756611606103,1.4250872361576121,0
-1.1522997820117205,1.4306345683216612,0
-1.1505835912010838,1.4374026366808863,0
-1.1483268100437112,1.4426594135524553,0
-1.147599443165685,1.4498937214192704,0
-1.1431767482307986,1.4560395641628308,0
-1.1424469743134509,1.4632787308960484,0
-1.140455755569704,1.4693007070933621,0
-1.1379249548335206,1.4738093563319623,0
-1.1363844742976337,1.478781224701745,0
-1.1345741702379755,1.4829964952525199,0
-1.1315886629318044,1.4885632628821845,0
-1.1313061630373582,1.494759314615873,0
-1.1300318954662636,1.5004950691042591,0
-1.1290257437221278,1.5069908685803775,0
-1.1284721679929124,1.5124328504187972,0
-1.127279474297083,1.5207467147831792,0
-1.1257331225369107,1.525730434847361,0
-1.122018238530778,1.5316085064422627,0
-1.1202846454764028,1.5384117030923807,0
-1.117744639441197,1.5429389342119606,0
-1.1162773569342974,1.550505819999616,0
-1.1149952827491898,1.5562573329736367,0
-1.1131760010834135,1.5604907257828966,0
-1.1133388886134785,1.5656474708177424,0
-1.112054797719754,1.571403054733885,0
-1.1114933177938457,1.5768609920390162,0
-1.1094842739480981,1.5829189501118606,0
-1.1077421586734317,1.5897393497754688,0
-1.1051954356974178,1.594280139758732,0
-1.102459779994172,1.6006438206664857,0
-1.1001791724002778,1.6059486937494185,0
-1.0970950630420244,1.608971724699888,0
-1.0955370338883874,1.6139790168321646,0
-1.0925302698228094,1.619588693505012,0
-1.0902466534297677,1.6248996401709555,0
-1.089677903594561,1.6303722525658362,0
-1.0891085682633044,1.635846046847135,0
-1.0878142311886858,1.641622313775672,0
-1.0871667699033516,1.6445110381831576,0
-1.0871299743481355,1.6515123748904195,0
-1.0860242935165054,1.6554663090075046,0
-1.0840026615056626,1.6615496776384422,0
-1.0819800536680706,1.6676350160800801,0
-1.0806814229557453,1.6734199501757203,0
-1.0776652096344552,1.6790487011822268,0
-1.076364887489099,1.6848370496164158,0
-1.075522427086888,1.6895609106049392,0
-1.0734953955013555,1.6956551788551053,0
-1.0709345393012253,1.7002244982634025,0
-1.0691720617750047,1.7070860013103761,0
-1.0678677712675224,1.7128823603081003,0
-1.0660302741690515,1.7171525229171802,0
-1.0657164664996586,1.7234117727442975,0
-1.0620876357947484,1.7249318510724247,0
-1.059135024872715,1.7331749893020678,0
-1.0563748759180065,1.7395881124585006,0
-1.0546054374942901,1.7464636668218319,0
-1.0513115615076565,1.7513516441553243,0
-1.0487431426502027,1.7559362295965801,0
-1.0464396031276433,1.7612873932310738,0
-1.0445961860135462,1.7655695060250967,0
-1.0408382517838906,1.7715344791022414,0
-1.036813941951646,1.7767358943625613,0
-1.032327232781853,1.78301095668834,0
-1.0298226277527878,1.7902095025604137,0
-1.0258629774654455,1.7980231710822814,0
-1.0238175678094237,1.804154537434048,0
-1.0234900009828305,1.8104415615921017,0
-1.0224345862515207,1.8170368036786169,0
-1.021378260748575,1.8236338842551252,0
-1.0197919163553664,1.8286983337280134,0
-1.0166840618794915,1.831769296738953,0
-1.014633447814127,1.8379111687478122,0
-1.013573771972668,1.8445150123410716,0
-1.0122489240482828,1.8503528686843058,0
-1.012378893689263,1.855576062000253,0
-1.0095968862153128,1.862033308916466,0
-1.0080056301607865,1.8671076731032379,0
-1.00594964904829,1.8732603790709703,0
-1.003892692109039,1.8794150548494084,0
-1.0013071149645327,1.8840342761288884,0
-0.9997129476935314,1.8891145169175925,0
-0.9976534048133878,1.8952744126943983,0
-0.9955928861064933,1.9014362782819063,0
-0.9952521618825365,1.9077498620542936,0
-0.9939185315173873,1.91360544669387,0
-0.9943052160761106,1.9196116989526093,0
-0.9941646140594713,1.9240798046377634,0
-0.9952794880622715,1.9297771495342975,0
-0.9956649853651118,1.9357857983960614,0
-0.9957866930062593,1.9410256694426362,0
-0.9961713120650231,1.9470360911340379,0
-0.9960289372964493,1.9515077753086345,0
-0.9964127106386975,1.9575199041693132,0
-0.9962696202638401,1.96199303287176,0
-0.9963893762514804,1.9672368435397463,0
-0.996771881018951,1.973251533154336,0
-0.996890823817635,1.978496985331244,0
-0.9975355243964383,1.985283670118509,0
-0.9978576795204841,1.988677406474281,0
-0.9972453102294825,1.9942380694076487,0
-0.9983560207048132,1.9999438188298555,0
-0.9992035270144992,2.0048796085504463,0
-1.00203791901599,2.0107292297448893,0
-1.0034111505782377,2.0172063177361963,0
-1.0059828100636814,2.022285027153856,0
-1.0041112240840206,2.0266240018168773,0
-1.002444314169857,2.02910830594271,0
-0.9988471275380899,2.0333072827945458,0
-0.9964486778413288,2.0361072572993386,0
-0.9943126191212492,2.0396788330146656,0
-0.9926446683252159,2.042165238271913,0
-0.9909765223638303,2.044652037491307,0
-0.9898331908833722,2.048681973471407,0
-0.9869645514988274,2.052571320697112,0
-0.9848267037630372,2.056146507732059,0
-0.9824261723025405,2.0589506844996848,0
-0.9797631522826826,2.0609834570378567,0
-0.9803428843047737,2.0651585123369713,0
-0.977472228211612,2.0690519305047985,0
-0.9762714095128722,2.0704551351146776,0
-0.9746010842050765,2.072946333577974,0
-0.9712055160483146,2.0752968119661617,0
-0.9685413250363553,2.077331948277177,0
-0.9648836261233811,2.07891030017198,0
-0.9614876676359181,2.08126156648445,0
-0.9580915465106656,2.083613161098704,0
-0.9539636741736857,2.0862808528842365,0
-0.9500970706126299,2.089722411162615,0
-0.9462300767208678,2.093164757365276,0
-0.9421014237224892,2.095834024999373,0
-0.9384949179452438,2.100051813543441,0
-0.9333728871560787,2.102264034119898,0
-0.9297142937352483,2.103844191674515,0
-0.927519137682749,2.1047922862072816,0
-0.9263165950234136,2.1061989708160773,0
-0.9243822360972338,2.1079218839168625,0
-0.926577489732411,2.1069735924030226,0
-0.9270483299713597,2.105882906474971,0
-0.9270483299713597,2.105882906474971,0
-0.9270483299713597,2.105882906474971,0
-0.9273092409441333,2.1066574952317403,0
-0.9258457385206835,2.1072896895743014,0
-0.9243822360972338,2.1079218839168625,0
-0.9214552312503379,2.1091862726019777,0
-0.9187889422108633,2.1112256440060087,0
-0.9171149738165276,2.113724196429267,0
-0.9152301816481607,2.11808982919716,0
-0.9130843321330104,2.121681168679885,0
-0.9092137276822712,2.1251308031821488,0
-0.9070670649781558,2.128723784173797,0
-0.9031956473384533,2.1321750601849807,0
-0.8997957042250899,2.1345343698911634,0
-0.8962318856270635,2.1414087652677942,0
-0.8950276515346882,2.142818864215144,0
-0.8923590042472327,2.144862995995041,0
-0.8919344617464802,2.148603000456049,0
-0.8890528763937002,2.152518480503769,0
-0.8863835297637372,2.154564023981333,0
-0.8829817325795446,2.156927076327854,0
-0.8815637960242277,2.1602100665614046,0
-0.8796727585646522,2.1645883061178033,0
-0.8767891727670332,2.1685078242774622,0
-0.8758431986514275,2.1706978633006564,0
-0.8783463440763022,2.1731721002090545,0
-0.8776137634118371,2.173489871719436,0
-0.875110683042081,2.171015503490324,0
-0.8743781674327344,2.1713331436799876,0
-0.8731725671829107,2.17274600036232,0
-0.8717075034366601,2.173381346402003,0
-0.8690367093303486,2.1754298117654542,0
-0.8643369603766278,2.1739065912757027,0
-0.8589504405832642,2.175351445734645,0
-0.8547699926893255,2.175382491436082,0
-0.8479191735473286,2.177461148916329,0
-0.8427922473606291,2.1796832513764883,0
-0.8371915697185024,2.1830019163666314,0
-0.8323230824101397,2.186003597770682,0
-0.8276699239426417,2.1871291048706816,0
-0.8234910048439446,2.1871570645353486,0
-0.8206038735424581,2.1910837396739034,0
-0.817974465513025,2.195791438284189,0
-0.81556069533627,2.1986223388170423,0
-0.8126305027886467,2.19989316221713,0
-0.8085345347452773,2.2052392272435206,0
-0.8066356906716887,2.209633225285554,0
-0.8030536729047419,2.2165443576318253,0
-0.8014111859457582,2.221722136880583,0
-0.8007986813033519,2.2300258485062656,0
-0.799451855772114,2.2386508444714224,0
-0.8012548940584026,2.244120077074811,0
-0.7993910443964705,2.2511862106238034,0
-0.7950295464670365,2.255767010664087,0
-0.7933824243309804,2.26095414651369,0
-0.7904865919076265,2.264898385797693,0
-0.7885810471570132,2.269305909873232,0
-0.7898668986748216,2.2732166083622403,0
-0.7918865343767489,2.276807105907661,0
-0.7934672829246807,2.2841665641314535,0
-0.7952674750496129,2.2896415420160636,0
-0.7968478170030604,2.297001820994314,0
-0.7969221645191986,2.302337293520413,0
-0.7982447181454777,2.3089166803476466,0
-0.8005218656903335,2.3132886281571245,0
-0.7996036811322025,2.3181653464563112,0
-0.8004114225017602,2.323181405963112,0
-0.8059214174470366,2.3297156301121866,0
-0.8094483649523951,2.3353282748653186,0
-0.8137109507127072,2.3406169760345215,0
-0.8159528924167763,2.3423172151293628,0
-0.8142980775131647,2.3475198796533547,0
-0.8177899167604146,2.3504606187107697,0
-0.8215395118072752,2.354182315579564,0
-0.8230831191246963,2.358873971879948,0
-0.8248477801332541,2.3616778976534896,0
-0.8276417729072296,2.3676090690110954,0
-0.8301425438203403,2.3700880991255424,0
-0.8329371220903674,2.3760180885967266,0
-0.8347385665262941,2.381490538557596,0
-0.8331165666879254,2.3893697378324497,0
-0.8326731907308655,2.3931477596400548,0
-0.8359465134365287,2.3979711077164865,0
-0.8382265559340816,2.402337211754208,0
-0.8385544469310187,2.408462145107901,0
-0.8395834534208486,2.4115900472955367,0
-0.8421559696454235,2.4194098027646262,0
-0.8457226931135224,2.4276849309522532,0
-0.8502494100748894,2.433741720502905,0
-0.8547770052803347,2.439796737223922,0
-0.8586028344417205,2.4488500983181183,0
-0.8623944498528484,2.4552297480568015,0
-0.8672164379112619,2.464734542248131,0
-0.8732577853766941,2.4727987054261966,0
-0.878047381228118,2.479626111282027,0
-0.882872410613242,2.489124766229992,0
-0.8886945096670225,2.499073015785104,0
-0.8913050453661828,2.5095588003479676,0
-0.8918881712769604,2.516469780190686,0
-0.8959423077750035,2.523620768498475,0
-0.8997394366072786,2.529989288806668,0
-0.9010613234186149,2.536570021671217,0
-0.9023829500094784,2.543151279818616,0
-0.9074025121030438,2.5480729642098296,0
-0.9087574742000868,2.557329706542383,0
-0.9112678732704786,2.5597893011912127,0
-0.9133293992264448,2.566038014247951,0
-0.9165803970044415,2.5681636521084457,0
-0.9216031467987289,2.5730789017846902,0
-0.9244059220134702,2.5789923448459575,0
-0.932650188595245,2.5833499674452653,0
-0.9383833405003443,2.58524943992359,0
-0.9406387160860277,2.5869225612910647,0
-0.9418955257353634,2.588149108427821,0
-1.0364977367707198,2.5320812268796793,0
-1.0402403273699186,2.5330742875044763,0
-1.042022146665527,2.5358435774397954,0
-1.043023022058522,2.536285489785186,0
-1.0450654270513233,2.539830025080839,0
-1.0463268230863925,2.541047314107285,0
-1.0475882841765767,2.542264471813013,0
-1.0508521466039191,2.544364141002383,0
-1.0521544245387098,2.548241681011195,0
-1.054678029797806,2.55067461755516,0
-1.057462415919444,2.553882405497312,0
-1.0602471273166696,2.557089536835896,0
-1.0635126974408244,2.5591857588565396,0
-1.064074506778244,2.5633969930122618,0
-1.065858115089565,2.56616267162795,0
-1.0664197780529712,2.57037420125528,0
-1.0684641346992763,2.5739147969295253,0
-1.071250163462615,2.5771192690236617,0
-1.0757803986414594,2.5804261812048814,0
-1.0785672731213118,2.583628946129739,0
-1.0810937082779883,2.5860561702226583,0
-1.0848838489263812,2.5896960214566818,0
-1.0876717805518847,2.5928966524199453,0
-1.0909817943434064,2.597645935613887,0
-1.0930283140723471,2.601182164874402,0
-1.0962984705822318,2.603269128784735,0
-1.1003519942978333,2.6076785785884127,0
-1.1034027560220618,2.611649924347386,0
-1.1057114065072149,2.6159582801012853,0
-1.1082813095045054,2.62104053517821,0
-1.1105903665841375,2.6253480701776546,0
-1.1149074847960847,2.630526691758657,0
-1.118482410450067,2.6360424874854793,0
-1.1210535820221352,2.641122181808491,0
-1.1243681821993885,2.6458622068921187,0
-1.1272011429883104,2.651714717142262,0
-1.1305165726183066,2.6564530678867975,0
-1.135580892632209,2.6612844036270324,0
-1.1381538044286525,2.666360585120948,0
-1.1417321129487057,2.671869552170662,0
-1.1440844101760472,2.678832577776607,0
-1.1474021329989057,2.683566299465987,0
-1.1499761182047763,2.688640314168129,0
-1.1512831939544306,2.692508169274312,0
-1.1525902697040848,2.696376024380495,0
-1.1556476670502196,2.7003339754266804,0
-1.1604560690715608,2.704380643545381,0
-1.1629913842516775,2.706789942360885,0
-1.167016354012187,2.7085142559069553,0
-1.1690691840874496,2.712037747058247,0
-1.171867036618261,2.7152183516126804,0
-1.1741819486584042,2.719514067747898,0
-1.175006945897687,2.724495294435407,0
-1.1771002187506383,2.7306799229838923,0
-1.1799388068071597,2.736521073992307,0
-1.1822542718157987,2.740815673901455,0
-1.1843082240918275,2.7443368997704347,0
-1.1873696548552015,2.7482867089323797,0
-1.191438954436622,2.752664313462997,0
-1.1950249394604562,2.7581577846685015,0
-1.197079965145912,2.761676843745711,0
-1.199658862013095,2.7667409437339785,0
-1.2022379865731914,2.7718045840997405,0
-1.206571775158812,2.776949554747876,0
-1.2093740839651215,2.7801211638334244,0
-1.2116922487611035,2.7844103139329626,0
-1.2127401212347984,2.787500133113646,0
-1.2153205306334485,2.7925611798953156,0
-1.2171544213088676,2.797968133650265,0
-1.219997172892862,2.8038008801330037,0
-1.224596247407863,2.8097116082199136,0
-1.2279248669627805,2.814423333689753,0
-1.2320011924968117,2.8187867555833,0
-1.2358160215620195,2.8223767706065033,0
-1.2394084145148536,2.8278573067217145,0
-1.241991491173291,2.832912969354126,0
-1.2465947617433226,2.8388152272550116,0
-1.2484307016549216,2.844218044407473,0
-1.2512769011601055,2.8500438308923925,0
-1.2521025814781162,2.85502367871241,0
-1.2541621284941868,2.8585336110000235,0
-1.2570087671214107,2.8643585110701224,0
-1.2595933400475339,2.869411153326123,0
-1.2616919474200614,2.8755850135760923,0
-1.2633041989082887,2.882880879744306,0
-1.2661514880866793,2.888704466607269,0
-1.2677254436160723,2.893334861794745,0
-1.2707974133083653,2.897263397001076,0
-1.2741321643080425,2.901962745493659,0
-1.2759689011448199,2.907363953967387,0
-1.2795667587274604,2.91283345914265,0
-1.2836521594502823,2.9171785617966464,0
-1.2874757221649187,2.9207509470140387,0
-1.289275447881419,2.92348409092293,0
-1.2941122301974524,2.9274734703803063,0
-1.2964376974302905,2.931747879729734,0
-1.2992506590119746,2.9348979850484262,0
-1.2998138995619613,2.9391063301484515,0
-1.3011270742288144,2.942961873937726,0
-1.3019526894917064,2.947941853078458,0
-1.2997769419092293,2.9543363204799924,0
-1.3028529450187598,2.958256713802079,0
-1.3031527699739787,2.961695525992809,0
-1.3022139304162739,2.966613938618572,0
-1.3002615459815825,2.971116013607922,0
-1.3000723803202732,2.975682150205806,0
-1.299132125813772,2.9806034190570863,0
-1.2981913833939007,2.985525672813729,0
-1.2980369356600008,2.9927645030315944,0
-1.298370584034771,2.99887781450213,0
-1.297428215236982,3.003803351276609,0
-1.2964853585258123,3.0087298729564367,0
-1.2955420139012706,3.0136573795416197,0
-1.2945981813633534,3.0185858710321583,0
-1.2941433557057405,3.0223870052853634,0
-1.2942122060645112,3.027733574411762,0
-1.2955562441431052,3.0342695925733167,0
-1.2978797597224396,3.038547941544156,0
-1.2986996663988357,3.0435394440775063,0
-1.299519377909883,3.0485313405729997,0
-1.300601870440449,3.054290912310062,0
-1.3006943987991786,3.0595142574616183,0
-1.2997683375124716,3.0643437519341,0
-1.3006585271135052,3.071822479207068,0
-1.3007501803947772,3.077046932301762,0
-1.3023921512390917,3.084168882706308,0
-1.3027493109780082,3.090145611751698,0
-1.3038588068873782,3.0957648613305757,0
-1.3044814303972316,3.102493920372673,0
-1.3051037124134428,3.1092234117828284,0
-1.307497400470984,3.115988666387956,0
-1.3088272271696173,3.119747141168581,0
-1.3109100623543117,3.123147285258085,0
-1.3130378704455357,3.1291607368150736,0
-1.315652871086563,3.1340639735637943,0
-1.3195532804468648,3.1401116750275655,0
-1.3227007133361326,3.146517666647952,0
-1.3240754168962088,3.1528895704995783,0
-1.3264694891340945,3.1596543386906433,0
-1.3278439259022647,3.166026580329813,0
-1.3289522052405278,3.1716473702198904,0
-1.3310800987051614,3.1776607136848583,0
-1.3321881432665492,3.1832818008279737,0
-1.3335180233235633,3.1870402080510942,0
-1.3343598997833759,3.191909856956613,0
-1.3362216571614614,3.1971717216494895,0
-1.336797376191372,3.201289918805916,0
-1.3391472758984548,3.205440366166865,0
-1.340743067936815,3.2099505359036193,0
-1.3435814728098876,3.2129891065415883,0
-1.347174433562099,3.215667387320689,0
-1.3507677144645935,3.2183452627547346,0
-1.3536068663550154,3.221382887587584,0
-1.357466838271229,3.2248115391956382,0
-1.3613271943677887,3.228239704389633,0
-1.366208754670497,3.2320584099447665,0
-1.3700699751728393,3.235485480707119,0
-1.3741978226588465,3.2396634087124916,0
-1.3775712529975142,3.2442014509272106,0
-1.3801900420836404,3.2490998910928184,0
-1.38356399533445,3.2536372712439565,0
-1.3866719298871484,3.257423023996477,0
-1.389780120560081,3.261208452472953,0
-1.3939101450680589,3.265383624131978,0
-1.3985294964611068,3.2684458786823853,0
-1.4029269056417668,3.2733709482678,0
-1.4080802793628298,3.2779339444761213,0
-1.4119457578640358,3.2813556241492847,0
-1.4155891234060238,3.2866403350414934,0
-1.4186556493920897,3.287808267484955,0
-1.421766486640756,3.291590345109004,0
-1.4241218182310966,3.2957339151155836,0
-1.4277222918434411,3.2984026837974696,0
-1.4311005351081363,3.3029346323249165,0
-1.436524409631371,3.308243581101131,0
-1.439636719571368,3.31202379413795,0
-1.4417264379873007,3.3154152233088396,0
-1.4440830074920896,3.3195572259812174,0
-1.4451939760927974,3.3251746109728586,0
-1.4465715183187768,3.331542920765031,0
-1.4481718564912551,3.33604733460205,0
-1.4490157392262173,3.3409144433452447,0
-1.449903047474642,3.348396818723675,0
-1.4510132583863236,3.3540151630319386,0
-1.4533700306529695,3.35815690898578,0
-1.455236867748992,3.3634123422038407,0
-1.4568370138312972,3.3679169992478926,0
-1.459237232954754,3.374673984813967,0
-1.4615943680583943,3.3788152713767516,0
-1.4649754073022887,3.38334367989075,0
-1.466309022446021,3.3870973580882655,0
-1.468666541730009,3.3912381582369875,0
-1.4717814342156839,3.3950151014903867,0
-1.4738725079345087,3.398404814700566,0
-1.4764972411443562,3.403295728959712,0
-1.4772975703057405,3.405547733205694,0
-1.4786314522413821,3.4093010736156693,0
-1.4796985577898951,3.4123037459436496,0
-1.48482021282644,3.4142366533993425,0
-1.4866880210450084,3.4194908570707447,0
-1.4895375351331523,3.4225153622354263,0
-1.4924301118977592,3.4281555934263928,0
-1.4945222421125433,3.4315439689979037,0
-1.4966144790440907,3.4349322094543915,0
-1.5004895940690286,3.4383416882415005,0
-1.5043650932743127,3.4417506806145575,0
-1.5087320536999353,3.4440440535786507,0
-1.5141245937189947,3.4467224271881776,0
-1.5184925039238149,3.449014597628622,0
-1.5225937124432374,3.4505560054065505,0
-1.5274967761737557,3.454347485285723,0
-1.5318660096664427,3.4566379802999485,0
-1.5344516393917438,3.4589081557656627,0
-1.5380631368457465,3.461562967066275,0
-1.542209553048579,3.465717385058653,0
-1.5458651483316501,3.470986611769888,0
-1.548495067976198,3.4758709594392023,0
-1.549831724547687,3.4796207868587246,0
-1.5506769198988373,3.4844862336872104,0
-1.5522808437545645,3.488986107659656,0
-1.5556699507857719,3.493504301478346,0
-1.5572740027016163,3.4980040133127694,0
-1.5578516639766171,3.5021197513758793,0
-1.560482106533307,3.5070034369816057,0
-1.561551474477202,3.5100032448712213,0
-1.5620861584491479,3.511503148816029,0
-1.5636902103649941,3.5160028606504525,0
-1.5652942622808386,3.520502572484869,0
-1.5678823464916984,3.5227696403051922,0
-1.5699785746301966,3.526152827460038,0
-1.5720749094854565,3.5295358794998677,0
-1.5741713510574797,3.532918796424674,0
-1.5765353053622988,3.537051449137863,0
-1.5778723354424606,3.540800803654829,0
-1.5807287434335198,3.5438165803893966,0
-1.5828256225442718,3.5471989433426394,0
-1.5864421997162115,3.5498473231684287,0
-1.5892992480078458,3.5528622892128965,0
-1.5924240224658082,3.5566267208157,0
-1.596266340966915,3.5574074755118694,0
-1.6001517008011348,3.5608039832573297,0
-1.6037698253661432,3.5634504039153683,0
-1.60841604804021,3.5664786365044456,0
-1.612034898279207,3.569124138380367,0
-1.6148938354575542,3.57213671288903,0
-1.618513272638756,3.5747814716323596,0
-1.6213726900425378,3.577793438123443,0
-1.6242323208798464,3.5808051343844944,0
-1.625571271861748,3.5845520568311464,0
-1.6276707228465028,3.587931163512472,0
-1.6305308339092477,3.590942251755944,0
-1.6305737151672162,3.5935582074777663,0
-1.6319127728658795,3.5973049948094022,0
-1.6350410476336759,3.6010649946396462,0
-1.6366480449321905,3.6055609772995894,0
-1.6387480295007588,3.6089394084058313,0
-1.6433986275621226,3.6119621012791967,0
-1.646527841437436,3.615720912097288,0
-1.6486283809331752,3.61909864060544,0
-1.6514900820756928,3.6221077156351527,0
-1.6546199575949405,3.6258656887401344,0
-1.6577500892344226,3.629623337569079,0
-1.6606124733642265,3.632631547862683,0
-1.6637430959008217,3.636388575162549,0
-1.6668739745576442,3.6401452781863703,0
-1.6694689740147677,3.642403590553574,0
-1.6715707727683142,3.645779724704525,0
-1.6729111644265195,3.649524823098446,0
-1.6750131232552103,3.652900754576873,0
-1.6750983948740341,3.658133287549589,0
-1.6754089916266466,3.6614987223412605,0
-1.676749276568092,3.6652439558501975,0
-1.6770597345889104,3.668609566291387,0
-1.6779061785261966,3.673473432274168,0
-1.6776803945103218,3.6753411114498,0
-1.6785266250140758,3.6802052476626166,0
-1.6775387722589308,3.682442728794328,0
-1.6783847252991038,3.687307216306195,0
-1.6784266354345245,3.6899244015746717,0
-1.6790044034262905,3.6940400045227655,0
-1.6790461641582421,3.6966573789522705,0
-1.6785936356756235,3.70039395333869,0
-1.6789031439172515,3.703760766303528,0
-1.6805106534562295,3.7082561004113934,0
-1.6797898011934187,3.711243965883561,0
-1.6795632701602017,3.7131125908643163,0
-1.6798724475798643,3.7164798226857094,0
-1.681252999218568,3.722844322234394,0
-1.682324458811026,3.7258414818696686,0
-1.6818708418174264,3.729579434429265,0
-1.6819526984998223,3.734816291082531,0
-1.683023987345459,3.7378136669018396,0
-1.6818072131015978,3.741922799590693,0
-1.6826512025533216,3.7467897732188717,0
-1.684257879701546,3.7512861612238666,0
-1.68483390821007,3.7554039665467442,0
-1.6851824025478006,3.76139166693153,0
-1.684995145745951,3.7658808145216867,0
-1.6861061570333575,3.7714981454673193,0
-1.6869493140943295,3.7763661729926348,0
-1.6873366344530218,3.7849749634698995,0
-1.6879117025106734,3.789093984827929,0
-1.6884866638515632,3.7932131413009778,0
-1.6872670936285026,3.797325814003276,0
-1.6855514093342236,3.80255999712929,0
-1.684598796916788,3.8074231082180603,0
-1.6849054344774803,3.8107935557768613,0
-1.684715915280247,3.815285567805379,0
-1.686549603687121,3.8179127228120464,0
-1.6896821471254526,3.8216673180416016,0
-1.6917836257287089,3.825043857537601,0
-1.6931214028262112,3.8287922662494474,0
-1.6962544798483634,3.8325461859039116,0
-1.6975923636626309,3.8362944595007384,0
-1.6991978242397519,3.8407923878169363,0
-1.702331392159012,3.8445456859423217,0
-1.704165880941611,3.8471718275863616,0
-1.704472177008661,3.8505427075132204,0
-1.7086380049907497,3.8546725480839683,0
-1.7107404227015195,3.8580478985678184,0
-1.7113143062031,3.8621684197025417,0
-1.711620463538356,3.865539475278922,0
-1.7147550345951927,3.869291503323147,0
-1.7173930220270517,3.8741656362971604,0
-1.7159023747312965,3.877533086052658,0
-1.7159788955755264,3.882776698456791,0
-1.716552234821613,3.886897908678101,0
-1.7189224747437954,3.891022603116774,0
-1.7215604515039722,3.8958967496022865,0
-1.7249634423860947,3.9003973649572465,0
-1.7260719138145362,3.9060179116402907,0
-1.726377409505858,3.9093898049297735,0
-1.728748108310123,3.9135139183738765,0
-1.7285936693754547,3.920631763031974,0
-1.7291664216793414,3.9247537163858794,0
-1.7279784207373314,3.9314966670018237,0
-1.7277854652603182,3.935993029733897,0
-1.7281272791286604,3.9419891883187645,0
-1.728201324143976,3.947235935391298,0
-1.7275095973483356,3.9528571729110062,0
-1.729114225534703,3.9573561551243337,0
-1.7284219224685344,3.962978122265138,0
-1.7289932554394714,3.967101872648769,0
-1.7283003440877547,3.9727246099451747,0
-1.728640215711005,3.9787232276233553,0
-1.7289437051271772,3.982097661075162,0
-1.7297817504551833,3.9869721606098025,0
-1.729354943174986,3.9933464172128055,0
-1.7291949442969425,4.0004713013633015,0
-1.7298006211847774,4.007221816670128,0
-1.731172229958716,4.013597638857256,0
-1.7304765653145022,4.019223862121102,0
-1.7295133559224674,4.024100390131078,0
-1.729850548954957,4.030102399196188,0
-1.729653207418968,4.03460431515547,0
-1.7299898455242904,4.040607026818673,0
-1.729792034434542,4.045109537284024,0
-1.7313944855989352,4.049611275843706,0
-1.733496625846124,4.052986977626595,0
-1.7342978834433502,4.055237806371931,0
-1.7366672589597485,4.059363595242242,0
-1.7372358279665114,4.063490845104823,0
-1.7401395139461862,4.069117010822506,0
-1.7430091014575169,4.072116100852448,0
-1.7453789251843261,4.076241322239685,0
-1.7474817377471208,4.079616172797969,0
-1.748550294643616,4.082617007561716,0
-1.7498859907642341,4.086368051016397,0
-1.7514888261089752,4.090869303162009,0
-1.7515568736421905,4.096123643698515,0
-1.7526592302000878,4.101751932472041,0
-1.7542618734546576,4.10625342782469,0
-1.7543293233739998,4.111508525005284,0
-1.7530947487740107,4.115640194878999,0
-1.7539293684939103,4.120519031605692,0
-1.7532283253248266,4.126152064666407,0
-1.7532947294198866,4.131408485974163,0
-1.752859939725786,4.13779284918046,0
-1.7521577760306855,4.143427300948854,0
-1.7509540770527856,4.15019012698383,0
-1.751286019620517,4.1561987837077865,0
-1.7500489798632959,4.160333574738406,0
-1.7477766919738702,4.164095606544144,0
-1.7465391293045087,4.168231059638348,0
-1.744799743217083,4.17349525180968,0
-1.7445966176325207,4.178004491002891,0
-1.7420880874844116,4.183647443255943,0
-1.7436879134164283,4.188152505645046,0
-1.7442525872613288,4.192284687205753,0
-1.7450837707014486,4.197167874635994,0
-1.745914826081453,4.202051224204261,0
-1.7444086194816002,4.205438373729269,0
-1.7421643685483623,4.211835155755718,0
-1.7396530104060233,4.217481688556731,0
-1.7376435397118044,4.221999401211605,0
-1.7356337275239468,4.226517546234529,0
-1.7336235738424417,4.231036123625508,0
-1.731879374828992,4.2363064094841185,0
-1.7322053519296503,4.242322619137532,0
-1.7333001529407035,4.247960474054281,0
-1.7361994742047546,4.2535921659761655,0
-1.7344538024999707,4.2588643164220095,0
-1.7363174274214153,4.264123816602087,0
-1.7368791985703531,4.268259673291258,0
-1.7366714201349058,4.272774803499225,0
-1.735427763938354,4.276917971660907,0
-1.7354567506737304,4.279551519357966,0
-1.734212699625152,4.283695187445218,0
-1.7329683924563462,4.287839179808504,0
-1.7322274027402855,4.290852541484423,0
-1.7314862849641095,4.293866065298364,0
-1.7307733962342908,4.299514096125989,0
-1.731095915711819,4.3055346835059645,0
-1.7301163252966028,4.310431951671077,0
-1.7296403831561058,4.3141981702922685,0
-1.7291642702687877,4.317964605097483,0
-1.7310257288399349,4.323226848112412,0
-1.7308151971119905,4.327745464287819,0
-1.730870331916842,4.333016153741401,0
-1.7309252106014572,4.3382871674710195,0
-1.7302095685791414,4.343938684266085,0
-1.7294935423764795,4.349590687475214,0
-1.7285113694155907,4.35449122542375,0
-1.7275288763044152,4.359392168717331,0
-1.7275822609543443,4.364665074057193,0
-1.7291765162713126,4.369177189450191,0
-1.7302658427124058,4.374821975767322,0
-1.7305843069529203,4.38084769751795,0
-1.72986603969823,4.386502538142441,0
-1.7301838529664941,4.392529084094676,0
-1.7315119721969126,4.3962897207155756,0
-1.7318035200072632,4.39967927353781,0
-1.7320949824442042,4.403068934452062,0
-1.7318809077197201,4.40759203644604,0
-1.7316666195617092,4.412115408670051,0
-1.7322232683060061,4.416257750880053,0
-1.7315029200744227,4.421915226247375,0
-1.7307821876624985,4.427573188028763,0
-1.73056694972529,4.432097762776429,0
-1.7311228834672718,4.436241010257042,0
-1.7304012546345344,4.4419001070045745,0
-1.7314876783796613,4.44754856845017,0
-1.7330801408550052,4.45206295377546,0
-1.7349380137429051,4.4573297366549625,0
-1.736530476218249,4.461844121980249,0
-1.7391356564546,4.4640895443748185,0
-1.738653759518705,4.467863302413967,0
-1.7410180980038739,4.4719954687130965,0
-1.7428760455935066,4.477262157012085,0
-1.7447339931831394,4.4825288453110765,0
-1.7465919407727757,4.487795533610068,0
-1.7481844672781754,4.492309837866344,0
-1.749511572699344,4.496071758079914,0
-1.750573257036276,4.4990812942507645,0
-1.7511280489088907,4.503225987462066,0
-1.7527205113842328,4.5077403727873495,0
-1.754578384272131,4.513007155666855,0
-1.7569433630578803,4.517138511275881,0
-1.7588013106475149,4.5224051995748695,0
-1.7601284160686799,4.526167119788433,0
-1.763024514486478,4.531802892183837,0
-1.7656553412235123,4.536686091375504,0
-1.7690356523309738,4.53854517373588,0
-1.7721743213115246,4.542292013363447,0
-1.7750241104008033,4.5426459222933495,0
-1.7794436928624435,4.544872670042459,0
-1.7804822598859875,4.545241227190303,0
-1.7794673864463597,4.547512919444372,0
-1.7830906629685899,4.547482569111352,0
-1.785167989105851,4.548219440200011,0
-1.785167989105851,4.548219440200011,0
-1.7859648606441034,4.550475822172551,0
-1.7878004912960712,4.553100518085905,0
-1.7885736265637036,4.55271670470254,0
-1.792197543386516,4.552685543679413,0
-1.795579892784156,4.554542045342963,0
-1.7968845532075424,4.555662135308914,0
-1.7987207387866775,4.558286128624179,0
-1.8013303157536793,4.560525984280041,0
-1.8052450013544732,4.56388536241877,0
-1.8086524529973023,4.568380329966011,0
-1.8110208573911546,4.572507348382981,0
-1.8125918780062893,4.574378633379492,0
-1.814960506505349,4.578505368054923,0
-1.8160238983104957,4.581512742385499,0
-1.8165794372004473,4.585656489791681,0
-1.8171348693736427,4.589800372312876,0
-1.8179560107663288,4.594696274066241,0
-1.817737347221021,4.59922518600596,0
-1.8170103078483777,4.6048911330848625,0
-1.8178308836422197,4.609787750947813,0
-1.8168374840778263,4.614702502996156,0
-1.8166178707533245,4.619232617459524,0
-1.8171722037438514,4.623377891665399,0
-1.8156694358862282,4.629430935422587,0
-1.815714731405496,4.634714082480752,0
-1.8144542353036837,4.638878571792148,0
-1.8129279232656152,4.642291176986397,0
-1.812175813662808,4.64531861764711,0
-1.8106712102768547,4.651373985382591,0
-1.8104277219499423,4.653264080139579,0
-1.8117551475213993,4.65702559500809,0
-1.8123079864772418,4.661172760824204,0
-1.8123515318415855,4.666458123768656,0
-1.8118639575738804,4.670239069926723,0
-1.812947211831137,4.67589154428833,0
-1.8127246744673187,4.680425360903168,0
-1.8109521741682197,4.685731479264341,0
-1.8099541751113257,4.690652054769924,0
-1.8089558559041414,4.695573035620555,0
-1.8066516810458229,4.699375439793432,0
-1.8046124577179778,4.703930822515101,0
-1.8036131673882476,4.7088530329123905,0
-1.8010632311359522,4.714548409792123,0
-1.7997981035266104,4.718718763095268,0
-1.797492423961927,4.722523072389887,0
-1.795186488277011,4.72632770596055,0
-1.7928802964718678,4.73013266380725,0
-1.7900440095155954,4.732431907763406,0
-1.7869427603571761,4.733978186682275,0
-1.7864323142246334,4.7351178430527945,0
-1.78565699126335,4.735504426294018,0
-1.785392135777963,4.7347513261417085,0
-1.7861674480675713,4.734364756411988,0
-1.7861674480675713,4.734364756411988,0
-1.7861674480675713,4.734364756411988,0
-1.78461682348836,4.7351378958714285,0
-1.78488166830207,4.735891009535237,0
-1.785921846748737,4.736257526446323,0
-1.785146513115782,4.736644123199042,0
-1.7843711794828234,4.737030719951761,0
-1.785146513115782,4.736644123199042,0
-1.7833310223795067,4.736664176017673,0
-1.7820451785839513,4.738190510209925,0
-1.7812888536689915,4.741223287913815,0
-1.779511081561786,4.746536080956837,0
-1.7779975779977644,4.7526027172847485,0
-1.775954256746207,4.7571632884230795,0
-1.7741752040378387,4.762477702846301,0
-1.7716200920225198,4.768179632804369,0
-1.770615818019941,4.7731081530729575,0
-1.7672840063970945,4.779198409255965,0
-1.766278932018789,4.784127942887189,0
-1.7637218457433512,4.789832372473072,0
-1.761164225884091,4.795537477634042,0
-1.7586060724410206,4.801243258370093,0
-1.7560473854141279,4.806949714681231,0
-1.7558163427242697,4.811494299962941,0
-1.7581776291100049,4.81563033055156,0
-1.7605390435558554,4.8197661990021565,0
-1.7613480832675759,4.824677422798466,0
-1.7631975148594936,4.829954893275833,0
-1.7645185374251504,4.833724515045375,0
-1.7663679690170682,4.839001985522742,0
-1.7682174006089841,4.8442794560001055,0
-1.7690260347970046,4.849191193233487,0
-1.7698345409249079,4.854103092604884,0
-1.7714196399435753,4.8586268008663644,0
-1.7724921264794098,4.8642929083332085,0
-1.7735488164718163,4.867308767886865,0
-1.7740771614680213,4.868816697663696,0
-1.7743725001859207,4.874871698838547,0
-1.7754445491830229,4.880538360276965,0
-1.7765164487766576,4.886205210876405,0
-1.777588198966825,4.891872250636865,0
-1.7773694204955177,4.899071556138836,0
-1.7773993274575055,4.90437418678248,0
-1.7766516063761202,4.910066319151721,0
-1.7777223961154185,4.91573457494734,0
-1.7780155151246362,4.921792386514554,0
-1.7777803745110639,4.926342160212926,0
-1.7785866182435868,4.931256924022691,0
-1.7801704366610949,4.935782253664371,0
-1.7812263156061032,4.938799140092161,0
-1.7835879434854789,4.942934738312722,0
-1.787255576419458,4.948188724050016,0
-1.7901314815631846,4.951179815270944,0
-1.793007600140438,4.9541706362618285,0
-1.7961479979325503,4.957915287026118,0
-1.7987745986857568,4.962803836772469,0
-1.8016654359671218,4.9684462703382195,0
-1.8040282484025703,4.97258036878209,0
-1.8076977808949444,4.977831949472076,0
-1.8113536618508306,4.980430566437036,0
-1.8144955536776326,4.98417332559108,0
-1.8173735077832163,4.987161822603671,0
-1.8210302744882405,4.9897593181139825,0
-1.8241729560190922,4.993501077416909,0
-1.82731589367018,4.997242512443783,0
-1.8307233773280362,5.0017374394565195,0
-1.8346597822526203,5.007739566624991,0
-1.8388468788856507,5.011842478772806,0
-1.8425056732091765,5.014437407097791,0
-1.847472702967666,5.018147899035654,0
-1.8493095181757067,5.020771095172314,0
-1.8529834047120204,5.026017163169605,0
-1.854834554443828,5.031292458295191,0
-1.8569501541373228,5.037321367010147,0
-1.8572423767257291,5.043380313543505,0
-1.8570191588370655,5.050585239830195,0
-1.7974872886040618,5.074305573740769,0
-1.8011439059056151,5.076903258412109,0
-1.8034939418820475,5.078383285187805,0
-1.8042849226549613,5.080647125509298,0
-1.8071625139235472,5.083636081912946,0
-1.8092719667314707,5.089672773252893,0
-1.8116338507310807,5.093808047197417,0
-1.8155442331838643,5.094502625535611,0
-1.8218174600871286,5.099331261783174,0
-1.8280916474412656,5.104158681995578,0
-1.834630690280786,5.109739202360288,0
-1.8395987551918758,5.113448383682481,0
-1.8388301044907518,5.1164967671708546,0
-1.8385891157985448,5.121053945172175,0
-1.8380953010626264,5.127513040494481,0
-1.83602914242371,5.132102526246484,0
-1.8352706642925778,5.137808278209459,0
-1.8365896058813487,5.1415805347218395,0
-1.8358305834947242,5.147286975771401,0
-1.8340268151839574,5.1526326828326106,0
-1.834311386180433,5.158701317112701,0
-1.834331987440656,5.164015729785849,0
-1.8340886829946825,5.168575839783042,0
-1.8320197924066228,5.173168784479486,0
-1.833084093766706,5.1788452552681505,0
-1.8333672240868708,5.184915713600972,0
-1.8346947161508318,5.191347392336212,0
-1.8360125372135876,5.195121067556276,0
-1.8386387217714137,5.200010144251188,0
-1.840220171076778,5.204538473446249,0
-1.840756693039502,5.2087062983484955,0
-1.8418202153672123,5.214383755476785,0
-1.8421020864295752,5.220455808166815,0
-1.8418566369766562,5.22501863397585,0
-1.8410928443507117,5.230731114666678,0
-1.8385018755028995,5.236478443270517,0
-1.836692099038359,5.241831757307196,0
-1.8361820929069914,5.24564110464188,0
-1.8343716121118128,5.250995310437673,0
-1.8320420944846383,5.257500049362868,0
-1.8312758367014599,5.263215651210594,0
-1.8294639899317087,5.268571586478604,0
-1.8300053379545815,5.275403549117804,0
-1.8310653599724542,5.281085438018653,0
-1.833170629483254,5.287127425867279,0
-1.833440972672724,5.290543826043432,0
-1.835283008792942,5.295830659991488,0
-1.8373811685048569,5.29921140156452,0
-1.8400057736545854,5.304102477961692,0
-1.8421041681433774,5.3074829222816895,0
-1.8447290507566922,5.312373647379815,0
-1.8483999919103393,5.317623444551575,0
-1.8507620359850954,5.321758515823571,0
-1.8533874415105505,5.326648578858109,0
-1.854966841854056,5.331179502261502,0
-1.8562830088069795,5.334955271764333,0
-1.856559565374523,5.3410340531822165,0
-1.8570990138390062,5.347868420868721,0
-1.8581581501077427,5.3535514312242185,0
-1.8597372303009578,5.358082759972664,0
-1.8610531304619737,5.3618588672630345,0
-1.862632210655189,5.3663901960114835,0
-1.8649947349553795,5.3705246592659,0
-1.8671002605864118,5.376566322838478,0
-1.8689425955135643,5.381852778464488,0
-1.871568609324573,5.386742071343431,0
-1.8741947725390489,5.391631175061349,0
-1.8760372568696706,5.396917441526334,0
-1.87971078056899,5.402163968914678,0
-1.8825948815601397,5.405144683302282,0
-1.8846951756073214,5.408522722574968,0
-1.888627021263666,5.411860374218939,0
-1.891775102662745,5.415595296701991,0
-1.8957076526497243,5.418932056586847,0
-1.8993772040230024,5.4215133653180985,0
-1.904094820211757,5.424451205960665,0
-1.9061963308300403,5.427827704922159,0
-1.909082384737962,5.430805946704947,0
-1.912753142010665,5.433385728636502,0
-1.9156396761440213,5.436363362401718,0
-1.9190474774897233,5.4381876391336625,0
-1.9216709062926114,5.4404099568602895,0
-1.9253427734196542,5.442988333595665,0
-1.9271818830381058,5.445608624759462,0
-1.9295422171822025,5.4470756129360005,0
-1.9316451684767912,5.450450287844763,0
-1.932699724133931,5.453468849698762,0
-1.937157543211887,5.4556471857372095,0
-1.9408308296718815,5.45822376544286,0
-1.942670686307677,5.460843110801537,0
-1.943204252216054,5.465014678389753,0
-1.9460930380731192,5.467989461228104,0
-1.9484545247582599,5.4694549901624505,0
-1.9513436947956713,5.472429286586738,0
-1.9529202540108237,5.474293559113857,0
-1.9558097548702005,5.47726743668159,0
-1.9586994691631077,5.480241044019287,0
-1.9613316938897416,5.485122473204228,0
-1.9629147439465555,5.489648775674034,0
-1.9663266538876467,5.491467850477822,0
-1.9692171578846,5.494440457964391,0
-1.9721078753150802,5.497412795220928,0
-1.9736913735823016,5.5019385302076635,0
-1.976846370227646,5.505664697237595,0
-1.9807874362123439,5.50899067494408,0
-1.9844648846261084,5.511561985164061,0
-1.9881426531901614,5.51413289003899,0
-1.9907707135005825,5.516349343773868,0
-1.9949709551764077,5.517765364815837,0
-2.00075003980613,5.521042766923557,0
-2.0039072348167988,5.524766150584135,0
-2.0065362982647947,5.526981334237849,0
-2.008643507558242,5.530350618057426,0
-2.009436121097636,5.532612391119152,0
-2.0120655687259745,5.53482708835881,0
-2.0141793755778448,5.540858267006055,0
-2.0149720531472965,5.543119958998773,0
-2.0160289565732317,5.546135548322393,0
-2.016563557634214,5.550305805294947,0
-2.0178846335582517,5.554075359506985,0
-2.0181608272888027,5.560154600315929,0
-2.018959270025917,5.565079241033448,0
-2.020285929699126,5.5715119736658245,0
-2.021084094972661,5.57643696568239,0
-2.0218821321860787,5.5813621198369745,0
-2.022680041339381,5.586287436129581,0
-2.024787794888322,5.589656030862571,0
-2.0253214461701106,5.593827490358773,0
-2.026906289068549,5.598351522896291,0
-2.0290194129331347,5.6043835662796475,0
-2.0295528080946923,5.608555350051894,0
-2.0298219773997666,5.611973236493238,0
-2.031406692238088,5.616497431168778,0
-2.032203929075777,5.621423598685993,0
-2.0340526883520855,5.626701920387966,0
-2.0353732306923042,5.630472150175088,0
-2.038004962059386,5.632683955953372,0
-2.04142455560744,5.634493302475921,0
-2.044844405275729,5.6363023247224255,0
-2.0469531619622465,5.639669649374252,0
-2.050901943568933,5.642985858264993,0
-2.052746783877577,5.645598893752361,0
-2.053275278277251,5.647106634368168,0
-2.0538085453786934,5.651278580278433,0
-2.056172452071918,5.6500707971661654,0
-2.0577532586142553,5.651929692115594,0
-2.060122162114446,5.653385830556253,0
-2.0624960624216104,5.657505890549842,0
-2.065129586630313,5.659715426395838,0
-2.065922584350055,5.661976713043504,0
-2.067244247216289,5.665745524122947,0
-2.069354188458883,5.669111348998076,0
-2.0706759046834993,5.6728800925200105,0
-2.0730456619177993,5.674335150040527,0
-2.0764683395803143,5.676140591739081,0
-2.0764730909387303,5.678804824056549,0
-2.078319115803451,5.68141635976723,0
-2.081213416454734,5.681713912223454,0
-2.082530797516311,5.682817896479353,0
-2.084901227066222,5.68427210277526,0
-2.0864831968212787,5.686129524971012,0
-2.0883297125831106,5.68874043915261,0
-2.0883344959565555,5.691404630935573,0
-2.089916604443406,5.693261877481795,0
-2.090181086420122,5.694015450536661,0
-2.089397057833395,5.697083304099017,0
-2.090454900366847,5.700097704410485,0
-2.0925660368371872,5.703462015997431,0
-2.0920461700768893,5.707283847959701,0
-2.09178617266668,5.709194845009847,0
-2.0957352079311544,5.709840484688815,0
-2.095210749887581,5.71099788166109,0
-2.0960041638027,5.713258641360191,0
-2.0954796524007477,5.714416105889978,0
-2.0994290931889257,5.715061232131873,0
-2.0996980490604713,5.7184793888032495,0
-2.100751609789267,5.71882896229118,0
-2.101549497599219,5.723754305606789,0
-2.10181399024761,5.7245078651501515,0
-2.1007646472934116,5.726823199554783,0
-2.1026074681927867,5.726768543780242,0
-2.1052438737541,5.728974431520776,0
-2.1073557145550765,5.732337851348607,0
-2.110517197117188,5.733385558449761,0
-2.1118399805094388,5.737152950821525,0
-2.112898207223239,5.740166864718933,0
-2.1147458755261184,5.742776319658347,0
-2.1160687122767516,5.746543644472599,0
-2.1171269816772558,5.749557504324002,0
-2.1155519747800593,5.753031762500598,0
-2.117135182449571,5.754887617362147,0
-2.1158244334238905,5.759115732335147,0
-2.1145134282779754,5.763344171584187,0
-2.1150460977655428,5.7675168741385505,0
-2.116100320138269,5.767865609913375,0
-2.1163684542907397,5.771284806970382,0
-2.115578660536345,5.771689711807934,0
-2.115317766705326,5.773601843824224,0
-2.116111116590387,5.775862684592333,0
-2.1166434659276625,5.7800357924917485,0
-2.1169145906119535,5.786121451264009,0
-2.117968994403178,5.786469957343304,0
-2.1174466518139674,5.790294923973974,0
-2.1171885244095634,5.7948738014470536,0
-2.1169301835716325,5.799452949150165,0
-2.1171974639899958,5.802873227127311,0
-2.1158842177920487,5.807104503791717,0
-2.114832377665591,5.809422999887744,0
-2.1153635851334975,5.813597553517841,0
-2.115104337203082,5.818177849698603,0
-2.1158995357505894,5.823106597912645,0
-2.118801757248164,5.826064369770329,0
-2.119596902437296,5.830993185541882,0
-2.119863403823281,5.834414449858652,0
-2.1222395878691866,5.838531618390871,0
-2.1251423109355425,5.841488755207973,0
-2.125673016834666,5.845663943878655,0
-2.1259393474738317,5.849085424379453,0
-2.128051529768454,5.852448411839227,0
-2.1304281086663774,5.8565650804458755,0
-2.130958601131974,5.8607405393465974,0
-2.1335977172990734,5.862942995165696,0
-2.1351835206483845,5.867465811668055,0
-2.135713906397214,5.871641405683789,0
-2.136506776056839,5.873902854469474,0
-2.1383551273469994,5.876511444672776,0
-2.139148029021655,5.878772852923959,0
-2.1391496749222565,5.881441017088427,0
-2.1407354142415063,5.885963914659801,0
-2.142848236836709,5.889326091429467,0
-2.144434040186015,5.893848907931833,0
-2.147075655987827,5.898718446995261,0
-2.148661523367192,5.903241182428609,0
-2.148662849117505,5.9059097519381325,0
-2.1484010293130904,5.910493304390805,0
-2.1491938669576864,5.912754793710995,0
-2.151307009703176,5.916116565135614,0
-2.1547395373229516,5.917909535718078,0
-2.1550049928846597,5.921332124162017,0
-2.15632654903413,5.9251010703564795,0
-2.1589676501330324,5.9273010130362564,0
-2.161874324182085,5.93292339553345,0
-2.163989070141472,5.938953385168546,0
-2.166102938560954,5.942314237811047,0
-2.167953415977152,5.947590384161241,0
-2.168747248550094,5.9525208618475105,0
-2.16848427620463,5.957105873542368,0
-2.167692489309207,5.960183549966473,0
-2.1687496915420788,5.9631987609680515,0
-2.1684862496428607,5.967784367168985,0
-2.167694078567088,5.97086253000715,0
-2.1671660159593618,5.974694738802743,0
-2.1669205015394155,5.979370388325865,0
-2.167861177092197,5.982346630461851,0
-2.171493415486122,5.985091176887309,0
-2.1732268758184112,5.987660352377347,0
-2.175753120930212,5.989822461221447,0
-2.175901215878893,5.993207272952777,0
-2.1779484389041777,5.996770032104216,0
-2.1777828586636048,5.999161904295324,0
-2.17793083694062,6.002545857198424,0
-2.180605322840673,6.008093851309141,0
-2.183445632047251,6.011251762454229,0
-2.1881857207471924,6.014592416143724,0
-2.189606060080612,6.016172731527632,0
-2.191340123216472,6.018746344296865,0
-2.194974092239992,6.02150363000775,0
-2.1975014457325432,6.023673897720045,0
-2.2001945253052444,6.023453366776511,0
-2.1986082946068333,6.024262633375091,0
-2.200342668867112,6.02683853635294,0
-2.202077101463221,6.0294148687449045,0
-2.2038115923951622,6.031991630550987,0
-2.2052323595246577,6.033575094971745,0
-2.207760208871756,6.0357490127040165,0
-2.2107676247731067,6.036526287994022,0
-2.2125024171068297,6.039105268439698,0
-2.2128162575809327,6.040099424653253,0
-2.216137795912889,6.0418729316583715,0
-2.2183522520272465,6.043055985351973,0
-2.220880694455275,6.04523426879442,0
-2.2238887326054684,6.046016124501659,0
-2.2256239819031887,6.048598468691239,0
-2.227524821164117,6.048789012258734,0
-2.227359289536734,6.051181242294934,0
-2.227359289536734,6.051181242294934,0
-2.225458421107888,6.050990484020385,0
-2.2276732466824942,6.052176257336718,0
-2.2267141719098227,6.054969971635366,0
-2.2275076664419196,6.054568129527823,0
-2.2278216138650446,6.055563073000588,0
-2.2278216138650446,6.055563073000588,0
-2.2278216138650446,6.055563073000588,0
-2.2286151181197766,6.055161302462068,0
-2.2317891351387065,6.053554220307998,0
-2.233855622698684,6.051353392667515,0
-2.2352771870845096,6.052942725747851,0
-2.235905256938242,6.054933900935726,0
-2.2371782694113946,6.053135058540825,0
-2.2406664574741324,6.052524565946953,0
-2.2277071866666383,6.040615303175809,0
-2.2291285760449764,6.042203348013796,0
-2.2299219733506934,6.041800790216065,0
-2.2299219733506934,6.041800790216065,0
-2.2296079578691046,6.04080534576017,0
-2.2299219733506934,6.041800790216065,0
-2.2292771668482043,6.045591809765114,0
-2.231012610598686,6.048175585335077,0
-2.231012610598686,6.048175585335077,0
-2.2308471470297686,6.050568316354415,0
-2.2308471470297686,6.050568316354415,0
-2.2297396856292764,6.049975071851147,0
-2.2305161032202783,6.055352919564854,0
-2.227193719018798,6.053573186055058,0
-2.2260862965088535,6.052980227827874,0
-2.2268797715956747,6.052578242582296,0
-2.2248132645904235,6.054778927084733,0
-2.224019779780969,6.055180840761295,0
-2.2248132645904235,6.054778927084733,0
-2.2268797715956747,6.052578242582296,0
-2.2292601968561314,6.051372286845563,0
-2.2306816445703017,6.052960761097669,0
-2.2306816445703017,6.052960761097669,0
-2.2298881500382066,6.053362603205208,0
-2.2276732466824942,6.052176257336718,0
-2.2259379293263084,6.0495934121640005,0
-2.2268797715956747,6.052578242582296,0
-2.22640023420934,6.05397509973162,0
-2.224647596846106,6.057170155154669,0
-2.224961505378676,6.058164812351357,0
-2.2241679914013055,6.058566511320855,0
-2.2279699227117575,6.058949459250343,0
-2.230830079811316,6.056348077744676,0
-2.232748112685,6.050759790319155,0
-2.2343350823039128,6.049955962966042,0
-2.2343350823039128,6.049955962966042,0
-2.238451242993996,6.05133592986985,0
-2.2403523642114376,6.051528548938904,0
-2.2414599908967805,6.052123010115494,0
-2.242253524319427,6.051721454284031,0
-2.2420881968674458,6.054115187269641,0
-2.2443035474645114,6.055304825313012,0
-2.247312567601167,6.056093909491196,0
-2.250635885175914,6.057880513626834,0
-2.2536451678237928,6.058671530168539,0
-2.256654567143336,6.059463405538466,0
-2.259978351404717,6.061253444987031,0
-2.263781721665625,6.061646985131368,0
-2.267270901437456,6.061043792577458,0
-2.2702808063341813,6.061839389536392,0
-2.272662019128333,6.060639230890217,0
-2.276151412798205,6.060037612854728,0
-2.2796408842491775,6.0594365673713995,0
-2.282336666715297,6.059235932615223,0
-2.2856763806464624,6.055237837098272,0
-2.2891659687690975,6.054637650443169,0
-2.2923409969424053,6.053038011467091,0
-2.2955160251157096,6.051438372491013,0
-2.297897296245692,6.050238643258957,0
-2.3018660814623235,6.048239094538861,0
-2.3045621361623105,6.048040463715221,0
-2.3069434364602035,6.046840949190226,0
-2.308216137808934,6.0450398165867085,0
-2.3109122702900287,6.044841758315222,0
-2.3147171378372136,6.045246320088523,0
-2.3196309154579904,6.04625479014895,0
-2.3212185462163006,6.045455829489146,0
-2.3234361524654332,6.046662071544983,0
-2.3259688436863524,6.048871630648833,0
-2.327392741505344,6.050478140293791,0
-2.3304044839806917,6.051287263797356,0
-2.3337314183768463,6.053100491608152,0
-2.336743423363421,6.053911547475241,0
-2.3411798025782637,6.056332619869224,0
-2.345301310719355,6.057751949733614,0
-2.348313792115203,6.0585665124826455,0
-2.3502171009262334,6.058775234581031,0
-2.3529145070729314,6.058586551851064,0
-2.3570366374628637,6.060010462132691,0
-2.3605283256753484,6.059425734385744,0
-2.3632259846106365,6.059238912450276,0
-2.367827350985122,6.059263746942985,0
-2.371003856999435,6.05767498645783,0
-2.3751268429815298,6.059105194813146,0
-2.3778248324865174,6.058920806224339,0
-2.3784558774675357,6.0609338815320974,0
-2.3795655945200913,6.061543730047827,0
-2.381306414889492,6.0641670832854295,0
-2.3827317419363006,6.0657841135762105,0
-2.3840046571830733,6.063984555491121,0
-2.3870185580840975,6.0648095673169635,0
-2.3876497586273278,6.066823787729028,0
-2.3893908609532364,6.069449216468197,0
-2.391610722854425,6.070672062536495,0
-2.3924050438107667,6.070276303795588,0
-2.394461960306332,6.0739104172592135,0
-2.39525632015323,6.073514944794383,0
-2.399065154536798,6.073948706727535,0
-2.4014482924133134,6.072762718747171,0
-2.4038314302898236,6.071576730766807,0
-2.3931781808842736,6.081535397768839,0
-2.39778158901278,6.081575261755585,0
-2.3982603583107007,6.080172750653741,0
-2.399370464268781,6.080785461930244,0
-2.4004805896721386,6.0813983163447745,0
-2.403332313255955,6.084640249518458,0
-2.4052370124042497,6.084859205986586,0
-2.407457496554283,6.086086632472121,0
-2.4099938240418854,6.088322958389167,0
-2.414435220138037,6.090780960397076,0
-2.4174506377706173,6.091617136989921,0
-2.419355696656522,6.091838741511765,0
-2.4201503092920102,6.091445129841439,0
-2.4228500391492336,6.091273552107072,0
-2.4252339062236086,6.090092931803152,0
-2.428728355665342,6.089528529657667,0
-2.431906883988397,6.087954655528517,0
-2.433496148149926,6.087167718463942,0
-2.4366746764729807,6.085593844334792,0
-2.4382639406345117,6.084806907270217,0
-2.440647836876801,6.083626501673354,0
-2.4425532263324037,6.083850539541849,0
-2.4438263651998575,6.082052627544201,0
-2.444620997280621,6.081659159011913,0
-2.443510220460505,6.081041509473092,0
-2.445099465176755,6.080254429270475,0
-2.446850945546041,6.0770508571341395,0
-2.449713124954343,6.074464361984468,0
-2.4508239601102897,6.075082440937415,0
-2.4536860909054,6.072495587942647,0
-2.45606987047603,6.0713143235175515,0
-2.4594026676230154,6.073170707446952,0
-2.461146336725413,6.075815030407192,0
-2.4627356397774918,6.075028379618697,0
-2.467496282134576,6.078520330214857,0
-2.4690856824130414,6.077734395116547,0
-2.4709915288326396,6.07796179672895,0
-2.472419150422061,6.079595717308273,0
-2.4733756584182487,6.07678310878855,0
-2.4771943166548205,6.071383790412099,0
-2.4800564668952063,6.0687970805553775,0
-2.4854577544656333,6.068467380062259,0
-2.487363785615358,6.068696141486029,0
-2.487363785615358,6.068696141486029,0
-2.487841825715412,6.067288262707745,0
-2.488158485754589,6.068303173936876,0
-2.4886365161320043,6.066895223589576,0
-2.488158485754589,6.068303173936876,0
-2.488158485754589,6.068303173936876,0
-2.487363785615358,6.068696141486029,0
-2.4886365161320043,6.066895223589576,0
-2.4927654037554845,6.068368874339566,0
-2.4927654037554845,6.068368874339566,0
-2.493560123339991,6.067976049928447,0
-2.4951495625090043,6.06719040110622,0
-2.4967390016780246,6.06640475228399,0
-2.4967390016780246,6.06640475228399,0
-2.4991231604315445,6.065226279050645,0
-2.498328440847036,6.0656191034617635,0
-2.49785048825073,6.067027626361224,0
-2.4975337212625295,6.066011927872879,0
-2.4962610296364343,6.0678131320454085,0
-2.495466300329289,6.068205884887512,0
-2.4951495625090043,6.06719040110622,0
-2.4975337212625295,6.066011927872879,0
-2.4975337212625295,6.066011927872879,0
-2.4945160868684404,6.065159433543652,0
-2.492609968214971,6.0649300279987095,0
-2.4921319864507474,6.066338336191112,0
-2.4929266865899766,6.065945368641955,0
-2.4929266865899766,6.065945368641955,0
-2.4929266865899766,6.065945368641955,0
-2.4929266865899766,6.065945368641955,0
-2.4881644886107797,6.062441967002716,0
-2.4861031580374764,6.058775361204361,0
-2.484197282449962,6.058547744884905,0
-2.4811802314141644,6.057699544696824,0
-2.4775301130886014,6.05482338284499,0
-2.47499130632826,6.052568806828042,0
-2.471018729282731,6.0545404436306285,0
-2.4713352532049733,6.055554352893491,0
-2.4721297783367167,6.0551600971019965,0
-2.470702205360487,6.053526534367769,0
-2.4703856814382448,6.052512625104907,0
-2.4694361096715127,6.049470897316322,0
-2.46753067160272,6.049246501602724,0
-2.4641978744557314,6.047390117673331,0
-2.4624540497911287,6.044744649608781,0
-2.4613431951899063,6.044126427517799,0
-2.456576861101052,6.046497974064415,0
-2.454826430776688,6.049709275654827,0
-2.4530758837806648,6.052919718417016,0
-2.4530758837806648,6.052919718417016,0
-2.4541866606007847,6.053537367955837,0
-2.45387031168603,6.0525247469353225,0
-2.454664739591392,6.052129775453629,0
-2.4552974568661785,6.0541551606327,0
-2.456091904216816,6.053760332289045,0
-2.456091904216816,6.053760332289045,0
-2.456091904216816,6.053760332289045,0
-2.549781492441909,6.1130613617413765,0
-2.55280184917469,6.113933895395991,0
-2.555505098626938,6.113788225646591,0
-2.559794672015556,6.118739370007823,0
-2.562337309495348,6.121022144218362,0
-2.5663101353410447,6.124957733229294,0
-2.5675793422742377,6.1290362723669,0
-2.569165850940731,6.134134446288908,0
-2.5698004544073285,6.1361737158577085,0
-2.5710696613405233,6.140252254995318,0
-2.5753605472852943,6.145213061174157,0
-2.576790920381322,6.146867235785919,0
-2.5807649032209667,6.150811341510142,0
-2.582991201508637,6.152081566269182,0
-2.5852175775774136,6.153352363580375,0
-2.5880788876824887,6.156664863807023,0
-2.591897172470386,6.157168190826869,0
-2.5957156128204897,6.157672662951025,0
-2.6001692983313163,6.160221128199257,0
-2.60541924932612,6.162388148510431,0
-2.6092383313703458,6.162897344189858,0
-2.613057568976785,6.163407684973588,0
-2.6179906946475633,6.164558577382305,0
-2.62181030171425,6.16507163778877,0
-2.6264261256517276,6.165202895413081,0
-2.629449982534261,6.166101193914621,0
-2.6335879316565354,6.167641546990549,0
-2.637090285603117,6.1671353304577075,0
-2.6423427353159354,6.169320744006825,0
-2.646959550962512,6.169459301671104,0
-2.6501442628834564,6.16793094543819,0
-2.6546032220526072,6.164612836075815,0
-2.6565136867253525,6.164874232972355,0
-2.6601763998557963,6.161937711685081,0
-2.6646351742948227,6.158618242511341,0
-2.6678198084346647,6.157089313726271,0
-2.671800601109462,6.155178152744938,0
-2.6757813937842645,6.153266991763601,0
-2.6789660279241065,6.151738062978534,0
-2.6840614475837494,6.150472892867633,0
-2.6896346253869385,6.147797768476899,0
-2.6947302297767024,6.1465339581773755,0
-2.696959814316088,6.147828373264915,0
-2.7007819103781525,6.148359755340305,0
-2.7065153461504003,6.149158975523967,0
-2.711452856731002,6.150342145560359,0
-2.7152755555966355,6.150877964914944,0
-2.721487352315993,6.1502716680979574,0
-2.728176809952515,6.1482547013109325,0
-2.7300884218965678,6.148524543351741,0
-2.734866423151253,6.146238879628214,0
-2.7423553021407425,6.14976909285442,0
-2.747294679467874,6.150966004142504,0
-2.7493676966522873,6.1547186359019825,0
-2.7527146110699316,6.156678938047314,0
-2.7573355102245483,6.156847554699667,0
-2.758928527324416,6.156088243276518,0
-2.7592477735853524,6.157122191864769,0
-2.7608408101304995,6.156363023579658,0
-2.764984797011092,6.157947821016528,0
-2.7643461878175586,6.155879065011803,0
-2.769606240633445,6.158120445533964,0
-2.7753438765853886,6.158950583533937,0
-2.7753438765853886,6.158950583533937,0
-2.7750244650396017,6.15791541827236,0
-2.7769370686927513,6.158192560353136,0
-2.7780531054601276,6.158848928731366,0
-2.7796463170127623,6.158091048688604,0
-2.7815590081696495,6.1583688348905525,0
-2.7820361343417126,6.156954228624457,0
-2.7815590081696495,6.1583688348905525,0
-2.781239528565397,6.157333168645835,0
-2.780123452907466,6.156676513991528,0
-2.7817166450148214,6.155918490810727,0
-2.7818742429694403,6.153467860454825,0
-2.7818742429694403,6.153467860454825,0
-2.780758177034146,6.152811277369533,0
-2.7813971556879284,6.154882752996997,0
-2.7810776663610355,6.153847015183267,0
-2.7806005693568885,6.155261836156416,0
-2.7810776663610355,6.153847015183267,0
-2.7810776663610355,6.153847015183267,0
-2.7810776663610355,6.153847015183267,0
-2.7812352448703823,6.151396241689326,0
-2.778364212127112,6.148012172443437,0
-2.7777252529186054,6.145940839954015,0
-2.775493334946054,6.144629248301861,0
-2.778841241072792,6.146596850487157,0
-2.783782397642719,6.14780685890576,0
-2.7868111450122637,6.148741156623977,0
-2.790636585661865,6.1492971584419855,0
-2.7936655858200066,6.150233316954701,0
-2.7974913181487544,6.150791465843287,0
-2.8009974930921473,6.150313375935006,0
-2.8043465951033806,6.152289781109669,0
-2.8084925556795284,6.153889107057445,0
-2.8131156327050935,6.154073755170117,0
-2.815825600500336,6.1539775396130025,0
-2.8190124514016848,6.152464928564324,0
-2.821879365734784,6.149913287527024,0
-2.8298530615031474,6.152085505581347,0
-2.8312898612630217,6.153786987314831,0
-2.834797008470236,6.153316054308476,0
-2.8383042334585493,6.152845693854275,0
-2.8411712547406722,6.150294840076189,0
-2.844834969302852,6.147365690397891,0
-2.8477018253001205,6.144813619946479,0
-2.8510450782715893,6.140841575552528,0
-2.854232045844599,6.139329823332076,0
-2.857895390946526,6.13639795403105,0
-2.8607619163741003,6.133843450232984,0
-2.8644250767459045,6.130910221120594,0
-2.8679324184058785,6.130440719494622,0
-2.87223657001757,6.129593780796672,0
-2.8768614068406535,6.129791382901821,0
-2.8808451649201032,6.127902050471352,0
-2.8851496082109414,6.127057258843983,0
-2.8891434641230465,6.131147651643531,0
-2.8945658692636282,6.130973399060203,0
-2.8991916589052575,6.13117801492923,0
-2.901106197363397,6.1314693992448355,0
-2.9028656074170236,6.134229592447223,0
-2.903662495149847,6.1338527279273976,0
-2.9055771502796546,6.13414497107123,0
-2.906850046081148,6.132345269848102,0
-2.9092407092796204,6.131214676288625,0
-2.911310415032837,6.1290375379935185,0
-2.9152948050837733,6.127152857549298,0
-2.9188033620735183,6.126692302050735,0
-2.923905791755299,6.125478733202712,0
-2.9286871764880757,6.12321797549788,0
-2.933789781177344,6.122005694892206,0
-2.938892502538268,6.120794273114761,0
-2.944470920843443,6.118157724425391,0
-2.9495738269344915,6.116947662459317,0
-2.9532370067515714,6.1140145764849585,0
-2.956746166544889,6.113558458265587,0
-2.960730799661775,6.111675567046852,0
-2.963918506155286,6.110169254071863,0
-2.9682247675794695,6.109337845851083,0
-2.9726846990124383,6.106026893390638,0
-2.9777880037316535,6.10481976575435,0
-2.982247818492965,6.101507954465674,0
-2.9852668958259354,6.096465675990714,0
-2.989404460031107,6.092097801286844,0
-2.9922700229174968,6.089536212155874,0
-2.9951355080227806,6.086974050472744,0
-2.9976788884115066,6.08335689890972,0
-3.000222113238012,6.079738602242376,0
-3.0032398682921855,6.074686590380807,0
-3.006579494719608,6.070687850742683,0
-3.00912217507838,6.067065546210266,0
-3.0127836826016914,6.064120150364602,0
-3.0153260712813132,6.060495698761613,0
-3.018190632735971,6.057926738021656,0
-3.019936055901665,6.0546785783863335,0
-3.022003749068775,6.05248662530424,0
-3.025190483298463,6.050973155427329,0
-3.028225443433815,6.051953185748843,0
-3.0306155524419083,6.050818512755274,0
-3.0330056614500087,6.049683839761702,0
-3.035073228222819,6.04749095628236,0
-3.0374633080630016,6.04635606858173,0
-3.0403274708894923,6.0437841735119875,0
-3.0446335475835493,6.042951405479847,0
-3.04702362742373,6.041816517779221,0
-3.0502104005439747,6.040303334178386,0
-3.054193866944278,6.038411854677335,0
-3.0577034545336748,6.037958885494817,0
-3.0610412433824816,6.033946619312047,0
-3.0623117279697034,6.032129168972151,0
-3.0666180282844397,6.031298047027452,0
-3.070127732545492,6.030845936673156,0
-3.074434217590353,6.030016174539828,0
-3.0776210296011506,6.028503277215066,0
-3.0825738630595403,6.029799240025781,0
-3.0872038334355913,6.030034630573084,0
-3.090563640071476,6.032089833237922,0
-3.094397208846612,6.032705666756016,0
-3.0980806174853406,6.035826880929726,0
-3.101440978311606,6.037886163028666,0
-3.1044782038216514,6.038882868931658,0
-3.107838885494976,6.040944512808231,0
-3.111199742175785,6.043007444927149,0
-3.1145607738640866,6.045071665288415,0
-3.1164781416099423,6.045383876188616,0
-3.121433464063715,6.046698160668253,0
-3.1236744629803344,6.04807659778438,0
-3.128306698731082,6.048328663913164,0
-3.1321420564716433,6.0489576661308035,0
-3.1343833859579604,6.0503385365935785,0
-3.138069147475136,6.053477070469945,0
-3.1414314917195902,6.055550952648808,0
-3.1451176907554856,6.058692707131041,0
-3.149277642207986,6.060395020897502,0
-3.1539113169091877,6.060657679241139,0
-3.1563030593205017,6.059535029842802,0
-3.1607873905869095,6.062309080639672,0
-3.1627058181003296,6.062629092562965,0
-3.1657454742699276,6.06364369072077,0
-3.1609615810964957,6.065885983618635,0
-3.1633535276832117,6.064764837169701,0
-3.1665675299246043,6.069357483410787,0
-3.1649728016404133,6.070104198686547,0
-3.164499282567121,6.071545357058778,0
-3.1665675299246043,6.069357483410787,0
-3.1676887780260596,6.070052212783327,0
-3.169283525755528,6.069305640645606,0
-3.170255235969421,6.072510331090996,0
-3.173145733434348,6.076037681513402,0
-3.1737935791341645,6.078174428086406,0
-3.1755628382202783,6.081007120705284,0
-3.1779800402325904,6.085977275587361,0
-3.1800733874534686,6.089879558166068,0
-3.181369195524759,6.094153910140307,0
-3.182665003596048,6.098428262114549,0
-3.184758506379131,6.102331689797566,0
-3.186378315081434,6.107674987610466,0
-3.187674162043276,6.111949625860785,0
-3.189293970745579,6.117292923673688,0
-3.1902658559669614,6.120498902361426,0
-3.192209626409724,6.12691085973691,0
-3.1935054733715678,6.131185497987229,0
-3.1943272762376527,6.13689742988274,0
-3.1962709883445886,6.143308957844106,0
-3.194848564378173,6.147618691709102,0
-3.1962945228632247,6.149387591458716,0
-3.1982381182985,6.1557982605918475,0
-3.197613515438178,6.159738000562868,0
-3.198585254819985,6.162942905715319,0
-3.1998809073290655,6.167216112585251,0
-3.1995799453621423,6.17222215034122,0
-3.1984804817044523,6.177593172159817,0
-3.1997759397607677,6.18186494764937,0
-3.198676126088106,6.1872333929832735,0
-3.19837454187234,6.192234850322009,0
-3.1980728020943605,6.197235162556439,0
-3.198245660602515,6.200802260579767,0
-3.1979436680359434,6.205800712019695,0
-3.1973177720647428,6.209730933311157,0
-3.196216850011325,6.21509121977687,0
-3.1951156946145947,6.220449788586116,0
-3.1952880572682005,6.224013236589467,0
-3.194014305874541,6.225806639738902,0
-3.1933877973771327,6.229732352182154,0
-3.1927611722080673,6.233657205797176,0
-3.1937320365524364,6.236855669737892,0
-3.1939040686363462,6.240416684394592,0
-3.1928019020852396,6.245767810025839,0
-3.1902535048152156,6.249348031974947,0
-3.188979247844369,6.251137713535382,0
-3.1878765271028886,6.256484759732537,0
-3.1859745949180525,6.262191565453911,0
-3.1837489343360765,6.266831429269171,0
-3.182322076846644,6.271108527661397,0
-3.180095978745948,6.275745170870795,0
-3.176747251929177,6.279676921906908,0
-3.173721582647511,6.2846706765868205,0
-3.1703724183120237,6.2885992070170715,0
-3.1670230595237676,6.292526306066939,0
-3.1636735062827483,6.296451973736424,0
-3.163520526581273,6.298936599376457,0
-3.1630444212862194,6.300358720389575,0
-3.163214450506663,6.303904991828308,0
-3.1604937100283017,6.303921908912102,0
-3.1585722393291267,6.303579495885781,0
-3.157143602596907,6.307843497147484,0
-3.157789600995468,6.309966645606838,0
-3.157160020144387,6.3138697422400085,0
-3.156037760888564,6.313167569689462,0
-3.154116251298836,6.312824870387068,0
-3.152994040656205,6.312123055681614,0
-3.152517711740474,6.313543530607287,0
-3.1520413633794675,6.314963862394919,0
-3.1518879072687156,6.317444981153017,0
-3.1491671278998066,6.317461611960734,0
-3.147245686368546,6.317119413641468,0
-3.1462928146390414,6.31995878897439,0
-3.1461391835208055,6.322438619490136,0
-3.144863361205216,6.32421677843848,0
-3.1427881621614215,6.326353480237717,0
-3.141035660915124,6.3295495376270345,0
-3.1404051564134186,6.333445835203378,0
-3.1389751196212963,6.337699530526315,0
-3.1349780415275266,6.339490813400424,0
-3.1332250541493156,6.34268329233878,0
-3.131149349528336,6.344816272549014,0
-3.1300413007811247,6.350124098923626,0
-3.127011450765041,6.355087078925266,0
-3.124935405851721,6.357217554219826,0
-3.122059770312166,6.359704997846869,0
-3.1195064728324873,6.363249149010279,0
-3.1161534486096354,6.36714926653989,0
-3.111678330415808,6.370348428192283,0
-3.1080026861765653,6.373189762683975,0
-3.1049713680421114,6.378141935763708,0
-3.102261921280906,6.384147381066882,0
-3.098907856735769,6.388039840711439,0
-3.095553597737865,6.39193086897561,0
-3.091077419776475,6.395122229604908,0
-3.0853236208114296,6.400078508913989,0
-3.0840460775888765,6.401844000145925,0
-3.081012980211634,6.406783076095131,0
-3.0781357404367764,6.409258710833996,0
-3.0770141520429846,6.408561476545778,0
-3.0779795911552448,6.411720004973766,0
-3.077023588736246,6.4145363350824915,0
-3.0733462624805945,6.417365288133851,0
-3.072390065608829,6.42018018686219,0
-3.0699992331370787,6.427214928767363,0
-3.0677645791147743,6.431788591239826,0
-3.0674512110615186,6.436703306927242,0
-3.0663376884690017,6.441970839944023,0
-3.0645808120355174,6.445134691274681,0
-3.062823818930376,6.448297683777113,0
-3.059466594527823,6.452166883490417,0
-3.0564306095270375,6.457084703440913,0
-3.0535516585678533,6.459547742032392,0
-3.0513153419744157,6.464109166202569,0
-3.0487574748547885,6.467619679926933,0
-3.0477997806967423,6.470423557026308,0
-3.0474845653422307,6.4753246746000706,0
-3.0465266767314176,6.478127120319062,0
-3.044604992134202,6.47778313277432,0
-3.043167984210502,6.481985513110459,0
-3.043331343701139,6.485482688201998,0
-3.0423731634111846,6.488282986850411,0
-3.0404514204781385,6.487938569891554,0
-3.0385297164356473,6.487594439208774,0
-3.0369291740138156,6.488298356211033,0
-3.035328631591982,6.489002273213291,0
-3.034528360381069,6.489354231714419,0
-3.033407005330597,6.488658715082664,0
-3.0324486111425983,6.4914574392126525,0
-3.0313272755374037,6.490762065718936,0
-3.0310108740210318,6.495654451872351,0
-3.031173640430744,6.4991472612537144,0
-3.030535980067329,6.502990884031899,0
-3.030540176258601,6.508927166867235,0
-3.0297397592081126,6.509278051833075,0
-3.0281389251071342,6.509979821764755,0
-3.0262171530061757,6.509635190098841,0
-3.0234950221905557,6.509641872812885,0
-3.022373725475912,6.508946785595242,0
-3.0204520700466144,6.508603012757558,0
-3.0210938293749194,6.510694957124521,0
-3.019334337551758,6.513839556389005,0
-3.020296889040477,6.516976828818276,0
-3.019175602048474,6.516281813169655,0
-3.0186959966036717,6.517678169335845,0
-3.017895550385269,6.518028839594628,0
-3.016615459831513,6.519775579743516,0
-3.0150145479494252,6.520476777123047,0
-3.0134136360673462,6.521177974502574,0
-3.0132546866660164,6.5236186567648,0
-3.009732070741441,6.523975723461547,0
-3.0090906419828336,6.521886212441242,0
-3.008769927603529,6.5208414569310875,0
-3.0090906419828336,6.521886212441242,0
-3.008769927603529,6.5208414569310875,0
-3.010853260507064,6.524670023419976,0
-3.0098937190477617,6.5274603024056965,0
-3.0089340998073517,6.530250008839264,0
-3.008295068551952,6.534083540385733,0
-3.0081358371941143,6.536522147146407,0
-3.007976566945727,6.5389604676309965,0
-3.005415452464945,6.542447077302931,0
-3.0025336138822194,6.5448888598957,0
-3.0014139368597306,6.550111089723298,0
-2.9988523362470367,6.553594120944275,0
-2.999013138683832,6.557072473383755,0
-3.0002951017183364,6.561244911074603,0
-3.0015770647528406,6.56541734876545,0
-3.0017377310727014,6.568894699238658,0
-3.0014179655235154,6.5737623225114135,0
-3.0006175930977896,6.580018930341378,0
-2.9991761224831563,6.584188460497689,0
-2.9983752250349696,6.590441203600612,0
-2.9972536909885843,6.595649763745541,0
-2.9950105685484107,6.600161089602249,0
-2.9954907144725276,6.604674106320164,0
-2.9959707826155384,6.60918655048593,0
-2.9948484610354598,6.614389313540297,0
-2.9961294906966955,6.618554880605295,0
-2.995968791220495,6.620982680444058,0
-2.996289038913165,6.622024000641289,0
-2.994205585349544,6.624099940343196,0
-2.9937245603995652,6.6254858474325715,0
-2.9919611892437707,6.628601890658381,0
-2.991800266146887,6.631028044409703,0
-2.9938822670489937,6.634846805942956,0
-2.9938804254819456,6.64073864441735,0
-2.995161066237655,6.644901348721582,0
-2.9959604098095163,6.650447956182653,0
-2.9966007107420936,6.652529165196729,0
-2.995958150169029,6.656336717189216,0
-2.9953154729243074,6.66014341035347,0
-2.9949927711383832,6.664989419782426,0
-2.9973948544483076,6.669848284839581,0
-2.9978736003125235,6.674350995618731,0
-3.0001111494383714,6.687514827340099,0
-2.9999494971436285,6.689935613414978,0
-3.0004279124381448,6.694435890847473,0
-2.997860594914192,6.6978768394851365,0
-2.998338757420118,6.70237525612313,0
-2.9988168421449366,6.70687310020897,0
-2.9989748639072094,6.710330983908943,0
-2.9991328273336535,6.713788438194797,0
-2.9992907324242655,6.7172454630665435,0
-2.9980066361435735,6.718962716779512,0
-2.996560294487205,6.7230963908571795,0
-2.9943116884790903,6.727567351787037,0
-2.9936670861520067,6.731359874285488,0
-2.995108941683739,6.733098571908972,0
-2.9947840620268646,6.737928549877612,0
-2.9952612425463307,6.74241973804466,0
-2.993814025852524,6.7465469709106,0
-2.993488698954291,6.751373656704356,0
-2.99508765259767,6.756563438970989,0
-2.996052697070189,6.753813668050157,0
-2.9978144697248954,6.75659125252422,0
-2.9994135692078494,6.761782108326145,0
-3.0022977080674043,6.765262652609962,0
-3.0026175474092707,6.766300966908386,0
-3.003739835833006,6.76700335416599,0
-3.0045422849148764,6.766667427125171,0
-3.0050248654869645,6.765292971078871,0
-3.005827304846198,6.7649569724690295,0
-3.0050248654869645,6.765292971078871,0
-3.0050248654869645,6.765292971078871,0
-3.0035770654348717,6.769415909803655,0
-3.003414256146179,6.771828179165244,0
-3.0030885208971405,6.776651859060188,0
-3.001803257899864,6.77836052449085,0
-3.001640283326328,6.7807715771791095,0
-3.000354932825303,6.782479598488596,0
-2.999069543433732,6.784187333522006,0
-2.997784115151605,6.785894782279339,0
-2.998103837821814,6.786932237749529,0
-2.9974577576537236,6.79071388175705,0
-2.9940839464304148,6.794460984723532,0
-2.990709940754341,6.7982066563096275,0
-2.9879748553962227,6.804023374109075,0
-2.984280854816074,6.8067295862924375,0
-2.9826754316298665,6.807397575647041,0
-2.981070008443666,6.808065565001641,0
-2.9778591620712582,6.809401543710845,0
-2.977056450478152,6.809735538388143,0
-2.976737029209728,6.8087003015575505,0
-2.9759343273392656,6.809034367803868,0
-2.9752955042476916,6.806964037280714,0
-2.9760981866728784,6.806629827896359,0
-2.976581438107008,6.805260310112384,0
-2.9757787654044545,6.805594591065763,0
-2.9738540181762083,6.805228059279958,0
-2.9714460292364784,6.806231116847151,0
-2.9722486922163895,6.805896764324746,0
-2.9722486922163895,6.805896764324746,0
-2.973051355196299,6.805562411802356,0
-2.973534616353062,6.804192965587397,0
-2.971929309838515,6.804861813770231,0
-2.9711266565812444,6.805196237861647,0
-2.9711266565812444,6.805196237861647,0
-2.9711266565812444,6.805196237861647,0
-2.97241257099528,6.803492367555279,0
-2.9716099274606442,6.803826863215711,0
-2.9704879112707783,6.803126479890651,0
-2.9692019968567394,6.804830350197019,0
-2.968882643646781,6.803795614349557,0
-2.9704879112707783,6.803126479890651,0
-2.9701685386155425,6.80209160090515,0
-2.9701685386155425,6.80209160090515,0
-2.969046551593591,6.80139143228714,0
-2.969046551593591,6.80139143228714,0
-2.969046551593591,6.80139143228714,0
-2.9698491659603103,6.80105672191965,0
-2.9695297933050764,6.80002184293415,0
-2.9687271886609956,6.800356624870663,0
-2.9695297933050764,6.80002184293415,0
-2.9687271886609956,6.800356624870663,0
-2.9687271886609956,6.800356624870663,0
-2.9688910479946085,6.797952084963153,0
-2.9688910479946085,6.797952084963153,0
-2.9680884627958033,6.798287010037704,0
-2.9680884627958033,6.798287010037704,0
-2.966966524387038,6.797587199264793,0
-2.966966524387038,6.797587199264793,0
-2.9666471711770814,6.796552463417328,0
-2.9666471711770814,6.796552463417328,0
-2.9661639489108715,6.797922195908363,0
-2.965844605423552,6.796887531629917,0
-2.965844605423552,6.796887531629917,0
-2.9647227059053414,6.796188007133086,0
-2.9647227059053414,6.796188007133086,0
-2.9643948511211793,6.800996084981836,0
-2.9655167700846654,6.801695752616709,0
-2.966319374728748,6.8013609706801965,0
-2.966638708493429,6.80239556338962,0
-2.966319374728748,6.8013609706801965,0
-2.966802635885509,6.799991524465245,0
-2.9575442260518408,6.866786025191342,0
-2.9567411061079305,6.867117013969832,0
-2.9567411061079305,6.867117013969832,0
-2.9575442260518408,6.866786025191342,0
-2.957225203411582,6.865753722690535,0
-2.9588314238541162,6.865091601995513,0
-2.95802831363285,6.8654226623430255,0
-2.95802831363285,6.8654226623430255,0
-2.95802831363285,6.8654226623430255,0
-2.95802831363285,6.8654226623430255,0
-2.95802831363285,6.8654226623430255,0
-2.95851238176858,6.864059156356664,0
-2.959315482267211,6.863728024440135,0
-2.958996430459038,6.862695507232267,0
-2.95802831363285,6.8654226623430255,0
-2.9577092812699526,6.864390288273199,0
-2.95851238176858,6.864059156356664,0
-2.9577092812699526,6.864390288273199,0
-2.959315482267211,6.863728024440135,0
-2.95851238176858,6.864059156356664,0
-2.957390248907055,6.86335791420337,0
-2.957390248907055,6.86335791420337,0
-2.956268135490806,6.86265681518811,0
-2.957555255511977,6.860961819440131,0
-2.957390248907055,6.86335791420337,0
-2.9581933396830458,6.8630267107178184,0
-2.956752184181262,6.861293166063721,0
-2.9581933396830458,6.8630267107178184,0
-2.957874297597513,6.861994265078977,0
-2.9565871581310645,6.863689117688921,0
-2.9557840673550686,6.864020321174472,0
-2.9557840673550686,6.864020321174472,0
-2.957390248907055,6.86335791420337,0
-2.957390248907055,6.86335791420337,0
-2.957390248907055,6.86335791420337,0
-2.9570712165441595,6.8623255401335435,0
-2.9565871581310645,6.863689117688921,0
-2.9565871581310645,6.863689117688921,0
-2.9557840673550686,6.864020321174472,0
-2.9565871581310645,6.863689117688921,0
-2.9565871581310645,6.863689117688921,0
-2.9565871581310645,6.863689117688921,0
-2.9557840673550686,6.864020321174472,0
-2.9570712165441595,6.8623255401335435,0
-2.9565871581310645,6.863689117688921,0
-2.957555255511977,6.860961819440131,0
-2.9586773786508633,6.861662990024406,0
-2.9586773786508633,6.861662990024406,0
-2.959480459704217,6.86133171496984,0
-2.958996430459038,6.862695507232267,0
-2.9610866218109244,6.860669164860699,0
-2.9586773786508633,6.861662990024406,0
-2.957390248907055,6.86335791420337,0
-2.957390248907055,6.86335791420337,0
-2.9565871581310645,6.863689117688921,0
-2.9570712165441595,6.8623255401335435,0
-2.9557840673550686,6.864020321174472,0
-2.9557840673550686,6.864020321174472,0
-2.957390248907055,6.86335791420337,0
-2.9581933396830458,6.8630267107178184,0
-2.957874297597513,6.861994265078977,0
-2.957390248907055,6.86335791420337,0
-2.9565871581310645,6.863689117688921,0
-2.956268135490806,6.86265681518811,0
-2.9557840673550686,6.864020321174472,0
-2.956268135490806,6.86265681518811,0
-2.956268135490806,6.86265681518811,0
-2.9564331518183646,6.860260791993895,0
-2.956268135490806,6.86265681518811,0
-2.957555255511977,6.860961819440131,0
-2.959161398173407,6.860299126192956,0
-2.9599644695041203,6.8599677795693665,0
-2.9599644695041203,6.8599677795693665,0
-2.961251521466826,6.8582722828382465,0
-2.9599644695041203,6.8599677795693665,0
-2.961251521466826,6.8582722828382465,0
-2.961570612165552,6.859305086322188,0
-2.9607675408348353,6.859636432945777,0
-2.961570612165552,6.859305086322188,0
-2.9620545830749023,6.8579408646456415,0
-2.962373683496267,6.858973739698602,0
-2.961570612165552,6.859305086322188,0
-2.9599644695041203,6.8599677795693665,0
-2.961570612165552,6.859305086322188,0
-2.9620545830749023,6.8579408646456415,0
-2.9620545830749023,6.8579408646456415,0
-2.963176754826984,6.858642393075009,0
-2.962373683496267,6.858973739698602,0
-2.9596453982506716,6.858935119223464,0
-2.9610866218109244,6.860669164860699,0
-2.9607675408348353,6.859636432945777,0
-2.9599644695041203,6.8599677795693665,0
-2.9628576446829804,6.857609446453033,0
-2.961570612165552,6.859305086322188,0
-2.9599644695041203,6.8599677795693665,0
-2.9564331518183646,6.860260791993895,0
-2.9570712165441595,6.8623255401335435,0
-2.956752184181262,6.861293166063721,0
-2.9564331518183646,6.860260791993895,0
-2.9543429701891135,6.862287205934486,0
-2.9628576446829804,6.857609446453033,0
-2.9628576446829804,6.857609446453033,0
-2.9625385345389788,6.856576499831053,0
-2.9636607062910567,6.857278028260424,0
-2.9620545830749023,6.8579408646456415,0
-2.9620545830749023,6.8579408646456415,0
-2.9628576446829804,6.857609446453033,0
-2.9636607062910567,6.857278028260424,0
-2.9628576446829804,6.857609446453033,0
-2.961251521466826,6.8582722828382465,0
-2.9628576446829804,6.857609446453033,0
-2.961251521466826,6.8582722828382465,0
-2.960448459858746,6.858603701030855,0
-2.9585232751117836,6.858233948639189,0
-2.9596453982506716,6.858935119223464,0
-2.9596453982506716,6.858935119223464,0
-2.9585232751117836,6.858233948639189,0
-2.957236213426441,6.859929373801286,0
-2.9564331518183646,6.860260791993895,0
-2.9564331518183646,6.860260791993895,0
-2.957236213426441,6.859929373801286,0
-2.957720223226344,6.858565438400813,0
-2.9596453982506716,6.858935119223464,0
-2.960448459858746,6.858603701030855,0
-2.9620545830749023,6.8579408646456415,0
-2.961251521466826,6.8582722828382465,0
-2.961251521466826,6.8582722828382465,0
-2.9625385345389788,6.856576499831053,0
-2.9628576446829804,6.857609446453033,0
-2.9620545830749023,6.8579408646456415,0
-2.9641446383098558,6.855913520307798,0
-2.9633415864244164,6.856245010069422,0
-2.9641446383098558,6.855913520307798,0
-2.9633415864244164,6.856245010069422,0
-2.9625385345389788,6.856576499831053,0
-2.9630224665577742,6.855211991878424,0
-2.964309411571458,6.853515707888093,0
-2.963825508720575,6.85488043054778,0
-2.9646285508833756,6.854548869217133,0
-2.9615812041069702,6.853477659965112,0
-2.960294249370648,6.85517387238642,0
-2.960294249370648,6.85517387238642,0
-2.960294249370648,6.85517387238642,0
-2.960778181389445,6.853809364433797,0
-2.9615812041069702,6.853477659965112,0
-2.9615812041069702,6.853477659965112,0
-2.96109728181081,6.854842239486757,0
-2.9615812041069702,6.853477659965112,0
-2.96109728181081,6.854842239486757,0
-2.96109728181081,6.854842239486757,0
-2.96109728181081,6.854842239486757,0
-2.9627033466911357,6.854178973687425,0
-2.963506379131296,6.8538473407877625,0
-2.9630224665577742,6.855211991878424,0
-2.963187249542017,6.852814251027745,0
-2.963506379131296,6.8538473407877625,0
-2.964309411571458,6.853515707888093,0
-2.963506379131296,6.8538473407877625,0
-2.963506379131296,6.8538473407877625,0
-2.963506379131296,6.8538473407877625,0
-2.9623842268244935,6.8531459554964265,0
-2.9623842268244935,6.8531459554964265,0
-2.961900314250972,6.854510606587091,0
-2.96109728181081,6.854842239486757,0
-2.959172135954395,6.8544727733711674,0
-2.9596560679731976,6.853108265418538,0
-2.959975158671922,6.854141068902479,0
-2.959172135954395,6.8544727733711674,0
-2.9588530549783094,6.853440041456242,0
-2.9564440159936503,6.854435369569355,0
-2.9575660905193466,6.855136182308538,0
-2.9564440159936503,6.854435369569355,0
-2.9572470289885366,6.854103593531651,0
-2.9564440159936503,6.854435369569355,0
-2.960613340069374,6.856206675870361,0
-2.964309411571458,6.853515707888093,0
-2.965761003452453,6.849420681080812,0
-2.964638841423012,6.848719224220456,0
-2.9615916015956234,6.847648802227653,0
-2.9643196826658205,6.847685919753381,0
-2.9665740250304626,6.843257184544878,0
-2.9672222830695087,6.839491571997666,0
-2.9672222830695087,6.839491571997666,0
-2.9673867549293327,6.8370915409383635,0
-2.968992567021063,6.836426414344533,0
-2.968354074499187,6.834358517168038,0
-2.9691569610997774,6.834025810733081,0
-2.9678704244368994,6.83572510062222,0
-2.968354074499187,6.834358517168038,0
-2.9678704244368994,6.83572510062222,0
-2.9685088975134963,6.83779285466068,0
-2.968189660975197,6.836758977641452,0
-2.9672222830695087,6.839491571997666,0
-2.9664193575783653,6.839823992156543,0
-2.965451882446299,6.842555870822562,0
-2.9656064721172903,6.845988490658748,0
-2.9668831849271697,6.850122281079205,0
-2.968159897737049,6.8542560714996625,0
-2.967676014331442,6.855620937297388,0
-2.962692783917632,6.860006614751562,0
-3.012434120292255,6.965409754061973,0
-3.0087327013391647,6.968061359083663,0
-3.001814582985471,6.972005858264968,0
-2.996185529180588,6.974269675502143,0
-2.9929689270063715,6.975563285351953,0
-2.990862135122663,6.983372824426709,0
-2.9887547598806634,6.99117806936032,0
-2.9845669296360384,6.9951759322347264,0
-2.984233824627248,6.99994536281309,0
-2.9794078713209995,7.0018780481337295,0
-2.976509338968496,7.004196946720462,0
-2.9736107288348865,7.0065152727550455,0
-2.9676461976974977,7.013531057729885,0
-2.9660216849840975,7.019963922118748,0
-2.960860332126442,7.026649147729209,0
-2.9565028673011113,7.0330090385137005,0
-2.952781639345595,7.041420222462225,0
-2.9464954312877225,7.047384166594007,0
-2.943745460570531,7.053091312224993,0
-2.936971723117729,7.060393283772282,0
-2.9327608754000707,7.07012710779718,0
-2.928548938746939,7.079852916091923,0
-2.9274063940794175,7.084906815586276,0
-2.9252896851047563,7.092643354261412,0
-2.923659474925369,7.099034279205,0
-2.919126658608082,7.107714115316263,0
-2.917495437274326,7.114097597081852,0
-2.9139358907814668,7.120088209662555,0
-2.908913318585107,7.130089683883924,0
-2.9042070564129467,7.141103492849723,0
-2.8987174346861124,7.146688353822082,0
-2.8944968643302627,7.15635060882774,0
-2.888029811489851,7.1645940617904245,0
-2.8863696807643215,7.176670133880844,0
-2.88197447839174,7.188657630320694,0
-2.87711513355751,7.196249912648298,0
-2.8754513665652954,7.208299217925521,0
-2.8773267050920364,7.220112837562628,0
-2.8792016158226925,7.231923308162887,0
-2.878368458660983,7.237938585259975,0
-2.8771904709888236,7.24863698069823,0
-2.873621318529434,7.254556883087929,0
-2.872441736344612,7.2652435412070275,0
-2.8694758084099448,7.278877124959475,0
-2.8658749269937047,7.290468862658422,0
-2.8611496278959603,7.301342539484555,0
-2.8599656219107636,7.3119966336998985,0
-2.8580051594440086,7.317272593925459,0
-2.8553802701908957,7.3261951474192415,0
-2.8490691527339713,7.3319757317237375,0
-2.8437061486480495,7.340787308463927,0
-2.8412531885182464,7.347364724336163,0
-2.8358884051895377,7.356163203945837,0
-2.8311883889395215,7.361317595202966,0
-2.8276108361207317,7.36717566196004,0
-2.823716924664547,7.372021036127581,0
-2.817892869915921,7.37646015770364,0
-2.8146297700974383,7.383316889522479,0
-2.8092605240777964,7.392082518952325,0
-2.80357464718689,7.3998334518600934,0
-2.800170034645788,7.4033538241736245,0
-2.792553032475981,7.410691276018969,0
-2.785742407333876,7.417721714707266,0
-2.778123732870297,7.4250468566813055,0
-2.776293582646966,7.433576728902008,0
-2.7745018505555628,7.4364840052986985,0
-2.7725328321671956,7.441696984787331,0
-2.771055864200523,7.445605216454396,0
-2.7708389055513134,7.453524282966871,0
-2.769498968171053,7.460735880821382,0
-2.7680212418386,7.464638530104949,0
-2.767350952301406,7.468241967254571,0
-2.7678031359180792,7.472549151473153,0
-2.7663249428989936,7.476448365443801,0
-2.76628408438488,7.482052997443986,0
-2.765298389028839,7.484650755767955,0
-2.7638197001552065,7.4885463197186155,0
-2.7626556587346407,7.4934419801114345,0
-2.7618061772634057,7.499337092825225,0
-2.7617643173175637,7.504934353216427,0
-2.7619006964872153,7.508232924279579,0
-2.760421074240316,7.512121617604397,0
-2.761186728870838,7.517420238413806,0
-2.7602001001415317,7.520011126111925,0
-2.759213393631116,7.522601441257894,0
-2.757418530850215,7.5254856724303885,0
-2.7541862168926734,7.526663626745105,0
-2.7531992575936712,7.52925208109658,0
-2.7530203378934957,7.531545760593286,0
-2.7515396656016655,7.535426724464028,0
-2.7498796847041405,7.541598505070706,0
-2.751137768939241,7.545595169250301,0
-2.7523958531743435,7.549591833429901,0
-2.751722812130547,7.553175016547073,0
-2.7536098218115406,7.55916915398824,0
-2.7532510295926453,7.563749499217771,0
-2.7541944760973145,7.566746138524238,0
-2.752712549585162,7.570617869991498,0
-2.752353368460742,7.575195352460263,0
-2.75118549632073,7.580062814659495,0
-2.7479513545072134,7.581227313998603,0
-2.747277321754318,7.584803197075811,0
-2.745480261657182,7.587671253649958,0
-2.7443116603193047,7.592533348172751,0
-2.7425143085430257,7.59539925767632,0
-2.740222397904404,7.599551450194486,0
-2.737301892389585,7.601708602797743,0
-2.7333921719236987,7.606437605739998,0
-2.7304714136202914,7.608592897548753,0
-2.7289874161862,7.612449384814909,0
-2.7263804497437043,7.615598474992122,0
-2.723773327738991,7.618746420065023,0
-2.721479987872552,7.622888091937366,0
-2.718872515852869,7.626033460525573,0
-2.716446005287377,7.626900179111118,0
-2.7131620406873367,7.633603323814668,0
-2.7092499867882847,7.638315150192309,0
-2.7058328223212733,7.641743126902007,0
-2.702415463401497,7.645169672231319,0
-2.6983207271412937,7.6521474808952235,0
-2.696025364966113,7.656274266411565,0
-2.691484667577674,7.658990695029193,0
-2.6874394624248463,7.660427711258073,0
-2.684516701257973,7.662568259848861,0
-2.6812804982451564,7.663717586555887,0
-2.677548559930777,7.666144536426188,0
-2.673816524390018,7.668570770606291,0
-2.669771173397617,7.670006713299884,0
-2.665725822405216,7.671442655993474,0
-2.6632986118097772,7.672304221609629,0
-2.661993592411692,7.673867458793197,0
-2.6592532608173762,7.673740164303222,0
-2.6565129875588926,7.6736132992273625,0
-2.654398839626495,7.675463295535529,0
-2.653093713279393,7.677025745459886,0
-2.651788548041738,7.67858790910816,0
-2.65030017542046,7.682412190315663,0
-2.649620775771286,7.685948567294258,0
-2.6479487193571174,7.6920314591790415,0
-2.6453376694065796,7.695150490368171,0
-2.6422300480075904,7.699540989784918,0
-2.6407406836772207,7.703357970952457,0
-2.6400604478811562,7.706888192995393,0
-2.6383868941807105,7.7129600632512165,0
-2.637209649417482,7.717758532915905,0
-2.6350941500383804,7.719598581130395,0
-2.634597413305082,7.72086883268469,0
-2.6331070864335295,7.724678728519322,0
-2.6301819237750195,7.726801599562364,0
-2.6275692404212627,7.729908607156261,0
-2.626262840408554,7.731461681539091,0
-2.6233374249614485,7.733582691787632,0
-2.6212214297278003,7.735419089982145,0
-2.620227334012359,7.737955012673488,0
-2.6193608865374767,7.743725237448707,0
-2.6178693637814288,7.747526330293979,0
-2.6171872904067524,7.751043025792278,0
-2.616320133179279,7.756808026029095,0
-2.6156377584028156,7.760322502887799,0
-2.616262405887902,7.762288485780903,0
-2.6168870533729915,7.764254468674004,0
-2.6178240246006244,7.76720344301366,0
-2.6171413970355673,7.770716059077863,0
-2.616770937650845,7.775210521484311,0
-2.6165856496226496,7.777457323273417,0
-2.6142829274103594,7.78152993104219,0
-2.6147219465749174,7.785740210808733,0
-2.614663130348063,7.791212654830382,0
-2.6155997515607208,7.794159052685341,0
-2.613296241814737,7.798225863363562,0
-2.6118025606330058,7.802011067886557,0
-2.6109329241327988,7.807757818023465,0
-2.6100629959534434,7.813502421089797,0
-2.609504827603619,7.820225864599564,0
-2.608010242216535,7.824004413203774,0
-2.6081360334331993,7.827225045604969,0
-2.607451461340508,7.83072334786533,0
-2.6077634545133517,7.831703905965227,0
-2.607078746303724,7.83520120625931,0
-2.605271603830781,7.837995045760508,0
-2.603962802326441,7.8395304425955885,0
-2.601656968869923,7.843580148278203,0
-2.5990390547368207,7.846648651739752,0
-2.59691960796661,7.84845964293244,0
-2.595423680855461,7.852228315011988,0
-2.595860337418941,7.8564212035068515,0
-2.593241820482268,7.859485269689209,0
-2.5917453975165703,7.863250291748777,0
-2.590747684979723,7.86575959076497,0
-2.587629777029525,7.870074370159358,0
-2.5872550785745503,7.874537628473419,0
-2.5857579555789005,7.8782974975636115,0
-2.5850713514548236,7.881780841898948,0
-2.5848837883292966,7.8840108965375535,0
-2.5840093294005424,7.889722148440917,0
-2.5836338725797887,7.894179824371477,0
-2.584069099915453,7.89836219222051,0
-2.582383081792843,7.90434231099367,0
-2.582195110316512,7.906569359733467,0
-2.5803852455048766,7.909343159909277,0
-2.5793862106892327,7.911842725538854,0
-2.5795094642973293,7.915044678426028,0
-2.5793212692003173,7.917270081078385,0
-2.5771996445591565,7.919065040810757,0
-2.574578269166853,7.922108065701455,0
-2.5719567382123447,7.925149945487846,0
-2.568712562636211,7.9262405855991,0
-2.566590646315902,7.928033398260894,0
-2.5662133227486112,7.932477332939758,0
-2.561969042866636,7.936059666088468,0
-2.5614690587721824,7.93730601359033,0
-2.560591187197428,7.942992144767942,0
-2.5569683268846575,7.948516699895368,0
-2.5565899921629995,7.9529531913962295,0
-2.555400214919139,7.95765940859512,0
-2.555210891996097,7.959876509241248,0
-2.555021530182506,7.962093323611295,0
-2.5523980935909094,7.9651211758699105,0
-2.552830443025666,7.969282359289256,0
-2.5537632140735997,7.972200415812594,0
-2.5535736286393274,7.974415584095201,0
-2.5543167170266052,7.979548093210958,0
-2.553004638993194,7.981059371286555,0
-2.5525040229272573,7.982301066802169,0
-2.5510020580577883,7.986025294520772,0
-2.549189101447208,7.988776335748462,0
-2.546564459248474,7.991795313448701,0
-2.5463744265728447,7.994007189556417,0
-2.5440602608154013,7.997995560589551,0
-2.54317890853617,8.003656070058273,0
-2.5408642274789006,8.007640647933385,0
-2.5398621203095875,8.010117597752881,0
-2.539671669560514,8.01232639639277,0
-2.5386694262742715,8.014802344245997,0
-2.5366647063584615,8.019752522295981,0
-2.5351609622462075,8.023463652884068,0
-2.5350899441084227,8.028846277786577,0
-2.532272498282172,8.034056734424048,0
-2.5301472179290485,8.03582478420519,0
-2.526398021931879,8.038124699066334,0
-2.525084543838563,8.039625671203165,0
-2.522457470980285,8.042626756648588,0
-2.518206288025194,8.046158275793637,0
-2.518014855289664,8.048359845962587,0
-2.5153873351900238,8.051357639233125,0
-2.51419210354614,8.056023706212223,0
-2.514620826436854,8.060158194387384,0
-2.5155514098911933,8.063060147881398,0
-2.51516786383546,8.067458278387953,0
-2.5144740066232902,8.070888232234939,0
-2.5142821072011294,8.073086367090959,0
-2.516334940188653,8.076690421566504,0
-2.5166450957828808,8.077657453121766,0
-2.517885718159789,8.08152557934281,0
-2.517693711788608,8.083722926939622,0
-2.513942221248822,8.086005951512234,0
-2.5134399815023087,8.087235695001631,0
-2.5115052394019983,8.08679559026405,0
-2.5093782964777436,8.088551401742897,0
-2.510928491090585,8.09338226537805,0
-2.508491334236279,8.094170615887524,0
-2.5066741385554465,8.09689045302283,0
-2.505669250711609,8.099346934102822,0
-2.5038518411327413,8.102065196719703,0
-2.5025368657531484,8.103555147227564,0
-2.5025368657531484,8.103555147227564,0
-2.5033493194297183,8.10329286470754,0
-2.5030393971788083,8.102327550808745,0
-2.5038518411327413,8.102065196719703,0
-2.5046642850866725,8.101802842630658,0
-2.504354343390485,8.100837385593817,0
-2.5046642850866725,8.101802842630658,0
-2.504354343390485,8.100837385593817,0
-2.5051667776217794,8.10057495993576,0
-2.5046642850866725,8.101802842630658,0
-2.5046642850866725,8.101802842630658,0
-2.5054767290406055,8.101540488541616,0
-2.504161773106288,8.103030582187522,0
-2.50497422678286,8.102768299667495,0
-2.5047816370533855,8.104961353123155,0
-2.504471705079837,8.103995967655337,0
-2.5057866804594298,8.102506017147476,0
-2.5054767290406055,8.101540488541616,0
-2.506791646084366,8.100050108619634,0
-2.507101616948468,8.101015780363532,0
-2.506791646084366,8.100050108619634,0
-2.505979211853072,8.100312534277698,0
-2.5072940997289255,8.098821939648655,0
-2.5072940997289255,8.098821939648655,0
-2.508106524237581,8.098559442421578,0
-2.508106524237581,8.098559442421578,0
-2.50841651454696,8.099525257303512,0
-2.50841651454696,8.099525257303512,0
-2.5077215586766712,8.102947123851322,0
-2.5099664660938465,8.104354331713182,0
-2.5099664660938465,8.104354331713182,0
-2.510393905596322,8.1084793727778,0
-2.5126389491304266,8.109887582605936,0
-2.513451490310741,8.109625944207085,0
-2.517941849612832,8.112444367795884,0
-2.5901927315539215,8.130994386446122,0
-2.5924402251928527,8.132420631667106,0
-2.5914358040356547,8.134880548060014,0
-2.5925595800230337,8.135593885377567,0
-2.592248802179963,8.134622273405071,0
-2.592751012758562,8.133392315208614,0
-2.5937553755799367,8.130931969401583,0
-2.5926316093151947,8.130218703653057,0
-2.5910056908076786,8.130735825515103,0
-2.5921294376271433,8.131448948125595,0
-2.590814267794787,8.132937467253072,0
-2.590814267794787,8.132937467253072,0
-2.5900012890957544,8.133195885046057,0
-2.591125035915219,8.133909007656545,0
-2.5924402251928527,8.132420631667106,0
-2.5924402251928527,8.132420631667106,0
-2.5913164686507493,8.131707437487599,0
-2.5913164686507493,8.131707437487599,0
-2.591818650061434,8.130477264584083,0
-2.5910056908076786,8.130735825515103,0
-2.591818650061434,8.130477264584083,0
-2.590694912964606,8.129764213542611,0
-2.5905034996743552,8.131965926849599,0
-2.5910056908076786,8.130735825515103,0
-2.5896905306979594,8.132224416211603,0
-2.5896905306979594,8.132224416211603,0
-2.5910056908076786,8.130735825515103,0
-2.5913164686507493,8.131707437487599,0
-2.5910056908076786,8.130735825515103,0
-2.5910056908076786,8.130735825515103,0
-2.5905034996743552,8.131965926849599,0
-2.591818650061434,8.130477264584083,0
-2.5910056908076786,8.130735825515103,0
-2.5913164686507493,8.131707437487599,0
-2.590694912964606,8.129764213542611,0
-2.5901927315539215,8.130994386446122,0
-2.5890690139023693,8.130281478542695,0
-2.5890690139023693,8.130281478542695,0
-2.5890690139023693,8.130281478542695,0
-2.5898819634334878,8.130022846042653,0
-2.589571195313056,8.12905130563918,0
-2.5879453156960963,8.129568713777303,0
-2.5884474971067792,8.128338540873788,0
-2.587634567020938,8.128597316511868,0
-2.587323818345782,8.127625919246434,0
-2.587323818345782,8.127625919246434,0
-2.5856979776193754,8.128143613660633,0
-2.5853872483894946,8.127172359533233,0
-2.5856979776193754,8.128143613660633,0
-2.5870130696706255,8.126654521981,0
-2.5870130696706255,8.126654521981,0
-2.587634567020938,8.128597316511868,0
-2.5865108979825777,8.127884766453533,0
-2.58620015903006,8.126913440757114,0
-2.585076519159614,8.12620110540584,0
-2.58395289873444,8.125488913192601,0
-2.584263618241682,8.126460095750978,0
-2.5837614271083567,8.127690197085474,0
-2.5826378164058266,8.126978076441254,0
-2.5829485164677912,8.127949115861593,0
-2.5829485164677912,8.127949115861593,0
-2.583450717323755,8.12671908609612,0
-2.584263618241682,8.126460095750978,0
-2.584263618241682,8.126460095750978,0
-2.5837614271083567,8.127690197085474,0
-2.584765789929733,8.125229851278444,0
-2.5852679421725036,8.123999463667872,0
-2.584765789929733,8.125229851278444,0
-2.585578681125021,8.124970789364284,0
-2.584765789929733,8.125229851278444,0
-2.584765789929733,8.125229851278444,0
-2.5853872483894946,8.127172359533233,0
-2.585076519159614,8.12620110540584,0
-2.584765789929733,8.125229851278444,0
-2.584765789929733,8.125229851278444,0
-2.5853872483894946,8.127172359533233,0
-2.584574337748922,8.127431278309356,0
-2.584072136892962,8.128661308074836,0
-2.584382846677567,8.12963241906419,0
-2.584382846677567,8.12963241906419,0
-2.584693556462172,8.130603530053548,0
-2.5851957767634097,8.12937364342611,0
-2.585817215777892,8.131316008542864,0
-2.585817215777892,8.131316008542864,0
-2.585817215777892,8.131316008542864,0
-2.586630165309016,8.131057376042818,0
-2.5869408945388965,8.132028630170218,0
-2.5869408945388965,8.132028630170218,0
-2.5869408945388965,8.132028630170218,0
-2.5869408945388965,8.132028630170218,0
-2.5877538537926537,8.131770069239192,0
-2.5880645927451713,8.13274139493561,0
-2.5880645927451713,8.13274139493561,0
-2.5890690139023693,8.130281478542695,0
-2.588256064371251,8.130540111042738,0
-2.588566813046409,8.131511508308172,0
-2.588877561721567,8.132482905573607,0
-2.5877538537926537,8.131770069239192,0
-2.588877561721567,8.132482905573607,0
-2.5890690139023693,8.130281478542695,0
-2.5880645927451713,8.13274139493561,0
-2.588375331697689,8.133712720632026,0
-2.588566813046409,8.131511508308172,0
-2.588877561721567,8.132482905573607,0
-2.588877561721567,8.132482905573607,0
-2.588877561721567,8.132482905573607,0
-2.5896905306979594,8.132224416211603,0
-2.588566813046409,8.131511508308172,0
-2.588566813046409,8.131511508308172,0
-2.588566813046409,8.131511508308172,0
-2.5877538537926537,8.131770069239192,0
-2.5890690139023693,8.130281478542695,0
-2.5903841351215355,8.128792601570119,0
-2.5897625794353925,8.126849377625138,0
-2.590886287364306,8.127562213959546,0
-2.590694912964606,8.129764213542611,0
-2.5920100147385003,8.128275193431996,0
-2.590886287364306,8.127562213959546,0
-2.5920100147385003,8.128275193431996,0
-2.5915078624957246,8.129505581042569,0
-2.590886287364306,8.127562213959546,0
-2.590073357278463,8.127820989597627,0
-2.589260427192622,8.128079765235707,0
-2.5911970749300153,8.128533897501057,0
-2.590886287364306,8.127562213959546,0
-2.590575499798595,8.126590530418035,0
-2.5897625794353925,8.126849377625138,0
-2.5897625794353925,8.126849377625138,0
-2.5897625794353925,8.126849377625138,0
-2.589260427192622,8.128079765235707,0
-2.5879453156960963,8.129568713777303,0
-2.5879453156960963,8.129568713777303,0
-2.588758255504576,8.129310009708242,0
-2.589571195313056,8.12905130563918,0
-2.5890690139023693,8.130281478542695,0
-2.5879453156960963,8.129568713777303,0
-2.5879453156960963,8.129568713777303,0
-2.5879453156960963,8.129568713777303,0
-2.5890690139023693,8.130281478542695,0
-2.5874431148401325,8.130798743542776,0
-2.5874431148401325,8.130798743542776,0
-2.587634567020938,8.128597316511868,0
-2.5879453156960963,8.129568713777303,0
-2.5879453156960963,8.129568713777303,0
-2.5890690139023693,8.130281478542695,0
-2.590886287364306,8.127562213959546,0
-2.5903841351215355,8.128792601570119,0
-2.5903841351215355,8.128792601570119,0
-2.5884474971067792,8.128338540873788,0
-2.5871323758876166,8.12982741784636,0
-2.586630165309016,8.131057376042818,0
-2.586630165309016,8.131057376042818,0
-2.586319436079135,8.130086121915426,0
-2.586319436079135,8.130086121915426,0
-2.586821636935097,8.128856092149945,0
-2.586821636935097,8.128856092149945,0
-2.589260427192622,8.128079765235707,0
-2.588136738708986,8.127367072039334,0
-2.5889496590721883,8.127108224832234,0
-2.5886388909517564,8.126136684428761,0
-2.5889496590721883,8.127108224832234,0
-2.5889496590721883,8.127108224832234,0
-2.5889496590721883,8.127108224832234,0
-2.590073357278463,8.127820989597627,0
-2.590073357278463,8.127820989597627,0
-2.589260427192622,8.128079765235707,0
-2.590073357278463,8.127820989597627,0
-2.5889496590721883,8.127108224832234,0
-2.589260427192622,8.128079765235707,0
-2.5879453156960963,8.129568713777303,0
-2.5889496590721883,8.127108224832234,0
-2.589260427192622,8.128079765235707,0
-2.589260427192622,8.128079765235707,0
-2.588758255504576,8.129310009708242,0
-2.5889496590721883,8.127108224832234,0
-2.589260427192622,8.128079765235707,0
-2.5889496590721883,8.127108224832234,0
-2.5884474971067792,8.128338540873788,0
-2.5884474971067792,8.128338540873788,0
-2.5884474971067792,8.128338540873788,0
-2.588136738708986,8.127367072039334,0
-2.589260427192622,8.128079765235707,0
-2.5884474971067792,8.128338540873788,0
-2.588758255504576,8.129310009708242,0
-2.5898819634334878,8.130022846042653,0
-2.5898819634334878,8.130022846042653,0
-2.587634567020938,8.128597316511868,0
-2.587634567020938,8.128597316511868,0
-2.5884474971067792,8.128338540873788,0
-2.5884474971067792,8.128338540873788,0
-2.5884474971067792,8.128338540873788,0
-2.5884474971067792,8.128338540873788,0
-2.5884474971067792,8.128338540873788,0
-2.588758255504576,8.129310009708242,0
-2.587634567020938,8.128597316511868,0
-2.587634567020938,8.128597316511868,0
-2.5884474971067792,8.128338540873788,0
-2.586821636935097,8.128856092149945,0
-2.5865108979825777,8.127884766453533,0
-2.5870130696706255,8.126654521981,0
-2.587634567020938,8.128597316511868,0
-2.587634567020938,8.128597316511868,0
-2.5865108979825777,8.127884766453533,0
-2.5865108979825777,8.127884766453533,0
-2.5865108979825777,8.127884766453533,0
-2.5856979776193754,8.128143613660633,0
-2.5865108979825777,8.127884766453533,0
-2.5856979776193754,8.128143613660633,0
-2.5856979776193754,8.128143613660633,0
-2.5856979776193754,8.128143613660633,0
-2.5865108979825777,8.127884766453533,0
-2.587323818345782,8.127625919246434,0
-2.587634567020938,8.128597316511868,0
-2.5865108979825777,8.127884766453533,0
-2.5860087068492543,8.12911486778803,0
-2.584885057256166,8.128402460867733,0
-2.584693556462172,8.130603530053548,0
-2.584693556462172,8.130603530053548,0
-2.584693556462172,8.130603530053548,0
-2.5838806166536923,8.13086223412261,0
-2.584693556462172,8.130603530053548,0
-2.584885057256166,8.128402460867733,0
-2.5851957767634097,8.12937364342611,0
-2.5865108979825777,8.127884766453533,0
-2.586821636935097,8.128856092149945,0
-2.5865108979825777,8.127884766453533,0
-2.587323818345782,8.127625919246434,0
-2.5865108979825777,8.127884766453533,0
-2.587825980311191,8.126395603204877,0
-2.5870130696706255,8.126654521981,0
-2.5870130696706255,8.126654521981,0
-2.587825980311191,8.126395603204877,0
-2.587825980311191,8.126395603204877,0
-2.5889496590721883,8.127108224832234,0
-2.5851957767634097,8.12937364342611,0
-2.5855064962706518,8.130344825984487,0
-2.5851957767634097,8.12937364342611,0
-2.5855064962706518,8.130344825984487,0
-2.587634567020938,8.128597316511868,0
-2.587634567020938,8.128597316511868,0
-2.587634567020938,8.128597316511868,0
-2.589260427192622,8.128079765235707,0
-2.589571195313056,8.12905130563918,0
-2.5884474971067792,8.128338540873788,0
-2.5884474971067792,8.128338540873788,0
-2.5889496590721883,8.127108224832234,0
-2.588136738708986,8.127367072039334,0
-2.5884474971067792,8.128338540873788,0
-2.587323818345782,8.127625919246434,0
-2.5851957767634097,8.12937364342611,0
-2.5860087068492543,8.12911486778803,0
-2.587634567020938,8.128597316511868,0
-2.5856979776193754,8.128143613660633,0
-2.5856979776193754,8.128143613660633,0
-2.5856979776193754,8.128143613660633,0
-2.5870130696706255,8.126654521981,0
-2.58620015903006,8.126913440757114,0
-2.5870130696706255,8.126654521981,0
-2.5860087068492543,8.12911486778803,0
-2.5860087068492543,8.12911486778803,0
-2.5860087068492543,8.12911486778803,0
-2.586821636935097,8.128856092149945,0
-2.586821636935097,8.128856092149945,0
-2.586821636935097,8.128856092149945,0
-2.5884474971067792,8.128338540873788,0
-2.5889496590721883,8.127108224832234,0
-2.589260427192622,8.128079765235707,0
-2.589260427192622,8.128079765235707,0
-2.589571195313056,8.12905130563918,0
-2.589260427192622,8.128079765235707,0
-2.5889496590721883,8.127108224832234,0
-2.587634567020938,8.128597316511868,0
-2.5856979776193754,8.128143613660633,0
-2.5860087068492543,8.12911486778803,0
-2.5870130696706255,8.126654521981,0
-2.5870130696706255,8.126654521981,0
-2.5870130696706255,8.126654521981,0
-2.587825980311191,8.126395603204877,0
-2.5870130696706255,8.126654521981,0
-2.5870130696706255,8.126654521981,0
-2.586821636935097,8.128856092149945,0
-2.5860087068492543,8.12911486778803,0
-2.586821636935097,8.128856092149945,0
-2.588758255504576,8.129310009708242,0
-2.5865108979825777,8.127884766453533,0
-2.586821636935097,8.128856092149945,0
-2.587634567020938,8.128597316511868,0
-2.587634567020938,8.128597316511868,0
-2.5855064962706518,8.130344825984487,0
-2.5860087068492543,8.12911486778803,0
-2.5851957767634097,8.12937364342611,0
-2.5855064962706518,8.130344825984487,0
-2.5851957767634097,8.12937364342611,0
-2.5860087068492543,8.12911486778803,0
-2.5860087068492543,8.12911486778803,0
-2.587634567020938,8.128597316511868,0
-2.588758255504576,8.129310009708242,0
-2.589571195313056,8.12905130563918,0
-2.589571195313056,8.12905130563918,0
-2.587634567020938,8.128597316511868,0
-2.589571195313056,8.12905130563918,0
-2.589571195313056,8.12905130563918,0
-2.590694912964606,8.129764213542611,0
-2.5903841351215355,8.128792601570119,0
-2.589571195313056,8.12905130563918,0
-2.588136738708986,8.127367072039334,0
-2.5870130696706255,8.126654521981,0
-2.586821636935097,8.128856092149945,0
-2.586821636935097,8.128856092149945,0
-2.5855064962706518,8.130344825984487,0
-2.5860087068492543,8.12911486778803,0
-2.5871323758876166,8.12982741784636,0
-2.5860087068492543,8.12911486778803,0
-2.5860087068492543,8.12911486778803,0
-2.589260427192622,8.128079765235707,0
-2.5903841351215355,8.128792601570119,0
-2.590694912964606,8.129764213542611,0
-2.5890690139023693,8.130281478542695,0
-2.589571195313056,8.12905130563918,0
-2.588136738708986,8.127367072039334,0
-2.587634567020938,8.128597316511868,0
-2.5879453156960963,8.129568713777303,0
-2.587634567020938,8.128597316511868,0
-2.587825980311191,8.126395603204877,0
-2.5870130696706255,8.126654521981,0
-2.587323818345782,8.127625919246434,0
-2.588136738708986,8.127367072039334,0
-2.587634567020938,8.128597316511868,0
-2.587323818345782,8.127625919246434,0
-2.587323818345782,8.127625919246434,0
-2.5870130696706255,8.126654521981,0
-2.5870130696706255,8.126654521981,0
-2.5870130696706255,8.126654521981,0
-2.589260427192622,8.128079765235707,0
-2.5889496590721883,8.127108224832234,0
-2.589260427192622,8.128079765235707,0
-2.587825980311191,8.126395603204877,0
-2.587515221913394,8.125424134370427,0
-2.587825980311191,8.126395603204877,0
-2.588758255504576,8.129310009708242,0
-2.587634567020938,8.128597316511868,0
-2.588758255504576,8.129310009708242,0
-2.587323818345782,8.127625919246434,0
-2.587323818345782,8.127625919246434,0
-2.586821636935097,8.128856092149945,0
-2.5879453156960963,8.129568713777303,0
-2.5871323758876166,8.12982741784636,0
-2.584885057256166,8.128402460867733,0
-2.5871323758876166,8.12982741784636,0
-2.5871323758876166,8.12982741784636,0
-2.5871323758876166,8.12982741784636,0
-2.588758255504576,8.129310009708242,0
-2.589260427192622,8.128079765235707,0
-2.587634567020938,8.128597316511868,0
-2.587634567020938,8.128597316511868,0
-2.588758255504576,8.129310009708242,0
-2.5879453156960963,8.129568713777303,0
-2.586319436079135,8.130086121915426,0
-2.586630165309016,8.131057376042818,0
-2.5869408945388965,8.132028630170218,0
-2.5869408945388965,8.132028630170218,0
-2.586630165309016,8.131057376042818,0
-2.586630165309016,8.131057376042818,0
-2.5869408945388965,8.132028630170218,0
-2.586127935285136,8.132287191101238,0
-2.5869408945388965,8.132028630170218,0
-2.5869408945388965,8.132028630170218,0
-2.584382846677567,8.12963241906419,0
-2.5838806166536923,8.13086223412261,0
-2.5798159176112865,8.132155754467917,0
-2.579121934004821,8.13558477791765,0
-2.579121934004821,8.13558477791765,0
-2.575367672513149,8.137847405319775,0
-2.575486414817126,8.141016150182029,0
-2.5762262266753346,8.146124540538295,0
-2.5762262266753346,8.146124540538295,0
-2.5749106582148116,8.147610125335987,0
-2.575723724417589,8.147352351664175,0
-2.5773498568231403,8.146836804320557,2
-2.5800996582670592,8.147033807035264,2
-2.581533959308919,8.148716895530807,2
-2.583470782053798,8.149172316038502,2
-2.584594528873268,8.149885438648994,2
-2.584786340791686,8.147686659671795,2
-2.586412531533071,8.147171541742285,2
-2.5862207585052044,8.14937060699556,2
-2.5862207585052044,8.14937060699556,2
-2.5855994361623793,8.147429100707036,2
-2.586412531533071,8.147171541742285,2
-2.587225626903761,8.146913982777534,2
-2.588541117583178,8.145427825427682,2
-2.5887327836620244,8.143227972915199,2
-2.588111364092814,8.141285750936483,2
-2.58911599914806,8.138827409061989,2
-2.5884945406882967,8.1368849008072,2
-2.5909335642891396,8.136110291549421,2
-2.592248802179963,8.134622273405071,2
-2.591125035915219,8.133909007656545,2
-2.5886860706502084,8.134684046328438,2
-2.585625685815982,8.133516863021622,2
-2.5855064962706518,8.130344825984487,2
-2.586319436079135,8.130086121915426,2
-2.5865108979825777,8.127884766453533,2
-2.5865108979825777,8.127884766453533,2
-2.586821636935097,8.128856092149945,2
-2.584693556462172,8.130603530053548,2
-2.584693556462172,8.130603530053548,2
-2.584382846677567,8.12963241906419,2
-2.584574337748922,8.127431278309356,2
-2.584765789929733,8.125229851278444,2
-2.58620015903006,8.126913440757114,2
-2.587323818345782,8.127625919246434,2
-2.5865108979825777,8.127884766453533,2
-2.5865108979825777,8.127884766453533,2
-2.588136738708986,8.127367072039334,2
-2.5870130696706255,8.126654521981,2
-2.586702320995469,8.125683124715565,2
-2.5870130696706255,8.126654521981,2
-2.583450717323755,8.12671908609612,2
-2.5812035348092444,8.125295131083757,2
-2.5807736160340333,8.121151839919222,2
-2.5784073217552965,8.116556420421883,2
-2.579722199908506,8.115065754223828,2
-2.580415580711408,8.1116322934949,2
-2.5788619345620045,8.106776022857918,2
-2.5764956305606272,8.102180531791557,2
-2.5764956305606272,8.102180531791557,2
-2.5756829727086554,8.102441311362178,2
-2.5776190176424834,8.102891006348333,2
-2.5792443527917044,8.102369590345134,2
-2.5792443527917044,8.102369590345134,2
-2.5776190176424834,8.102891006348333,2
-2.5792443527917044,8.102369590345134,2
-2.58036777876411,8.103080351177987,2
-2.5795551014668625,8.103340987610569,2
-2.5776190176424834,8.102891006348333,2
-2.5768063500678675,8.103151714349934,2
-2.5768063500678675,8.103151714349934,2
-2.5776190176424834,8.102891006348333,2
-2.577929746872364,8.10386226047573,2
-2.5787424241696133,8.103601624043147,2
-2.5787424241696133,8.103601624043147,2
-2.58036777876411,8.103080351177987,2
-2.5808696879409254,8.101848174341935,2
-2.58036777876411,8.103080351177987,2
-2.581180456061359,8.102819714745404,2
-2.5808696879409254,8.101848174341935,2
-2.5795551014668625,8.103340987610569,2
-2.5795551014668625,8.103340987610569,2
-2.577929746872364,8.10386226047573,2
-2.5792443527917044,8.102369590345134,2
-2.58036777876411,8.103080351177987,2
-2.581180456061359,8.102819714745404,2
-2.58036777876411,8.103080351177987,2
-2.582303911201681,8.103530690285318,2
-2.581491224181793,8.103791255148877,2
-2.581180456061359,8.102819714745404,2
-2.58036777876411,8.103080351177987,2
-2.58036777876411,8.103080351177987,2
-2.580057020366315,8.102108882343536,2
-2.58036777876411,8.103080351177987,2
-2.58036777876411,8.103080351177987,2
-2.58036777876411,8.103080351177987,2
-2.5787424241696133,8.103601624043147,2
-2.5790531631221327,8.104572949739559,2
-2.578240476102245,8.104833514603126,2
-2.5790531631221327,8.104572949739559,2
-2.5798658501420206,8.104312384876003,2
-2.5798658501420206,8.104312384876003,2
-2.5790531631221327,8.104572949739559,2
-2.5790531631221327,8.104572949739559,2
-2.5787424241696133,8.103601624043147,2
-2.577929746872364,8.10386226047573,2
-2.577929746872364,8.10386226047573,2
-2.5768063500678675,8.103151714349934,2
-2.5771170695751113,8.104122896908311,2
-2.5773082884126044,8.101919752220937,2
-2.5773082884126044,8.101919752220937,2
-2.5771170695751113,8.104122896908311,2
-2.575993682493257,8.103412422351536,2
-2.5768063500678675,8.103151714349934,2
-2.5768063500678675,8.103151714349934,2
-2.5795551014668625,8.103340987610569,2
-2.578240476102245,8.104833514603126,2
-2.5795551014668625,8.103340987610569,2
-2.5798658501420206,8.104312384876003,2
-2.577929746872364,8.10386226047573,2
-2.5795551014668625,8.103340987610569,2
-2.5798658501420206,8.104312384876003,2
-2.58036777876411,8.103080351177987,2
-2.5798658501420206,8.104312384876003,2
-2.5806785371619068,8.10405182001244,2
-2.5798658501420206,8.104312384876003,2
-2.5795551014668625,8.103340987610569,2
-2.58036777876411,8.103080351177987,2
-2.5795551014668625,8.103340987610569,2
-2.58036777876411,8.103080351177987,2
-2.58036777876411,8.103080351177987,2
-2.5798658501420206,8.104312384876003,2
-2.5787424241696133,8.103601624043147,2
-2.5768063500678675,8.103151714349934,2
-2.5768063500678675,8.103151714349934,2
-2.5787424241696133,8.103601624043147,2
-2.5798658501420206,8.104312384876003,2
-2.5795551014668625,8.103340987610569,2
-2.58036777876411,8.103080351177987,2
-2.5795551014668625,8.103340987610569,2
-2.58036777876411,8.103080351177987,2
-2.5790531631221327,8.104572949739559,2
-2.5787424241696133,8.103601624043147,2
-2.5771170695751113,8.104122896908311,2
-2.5771170695751113,8.104122896908311,2
-2.5776190176424834,8.102891006348333,2
-2.5771170695751113,8.104122896908311,2
-2.577929746872364,8.10386226047573,2
-2.5776190176424834,8.102891006348333,2
-2.5795551014668625,8.103340987610569,2
-2.581491224181793,8.103791255148877,2
-2.5806785371619068,8.10405182001244,2
-2.58036777876411,8.103080351177987,2
-2.5795551014668625,8.103340987610569,2
-2.5795551014668625,8.103340987610569,2
-2.58036777876411,8.103080351177987,2
-2.5787424241696133,8.103601624043147,2
-2.58223232915088,8.108909164184709,2
-2.5834753627420604,8.112795039522524,2
-2.5832840855687422,8.114997754795784,2
-2.5814671426765035,8.117719452725588,2
-2.583212143780333,8.120373580641463,2
-2.5833314597199557,8.123546548075847,2
-2.5826378164058266,8.126978076441254,2
-2.582327116343862,8.126007037020916,2
-2.582327116343862,8.126007037020916,2
-2.5826378164058266,8.126978076441254,2
-2.579386212734118,8.128014037821806,2
-2.5798884427579925,8.126784222763387,2
-2.5813226951866604,8.128466953413831,2
-2.581012014569973,8.12749605713153,2
-2.582327116343862,8.126007037020916,2
-2.5825185879699433,8.123805753128043,2
-2.5807736160340333,8.121151839919222,2
-2.579220115724203,8.116296642817531,2
-2.5776666154143744,8.11144144571584,2
-2.5764238151665104,8.107557288034485,2
-2.574057657004712,8.102962870503415,2
-2.5768063500678675,8.103151714349934,2
-2.576304392277862,8.10438353334089,2
-2.5764956305606272,8.102180531791557,2
-2.5764956305606272,8.102180531791557,2
-2.5773082884126044,8.101919752220937,2
-2.578431685217094,8.102630298346732,2
-2.5773082884126044,8.101919752220937,2
-2.5764956305606272,8.102180531791557,2
-2.5756829727086554,8.102441311362178,2
-2.575993682493257,8.103412422351536,2
-2.5764956305606272,8.102180531791557,2
-2.5764956305606272,8.102180531791557,2
-2.5773082884126044,8.101919752220937,2
-2.5792443527917044,8.102369590345134,2
-2.5792443527917044,8.102369590345134,2
-2.578120946264578,8.101658972650316,2
-2.578120946264578,8.101658972650316,2
-2.57893360411655,8.1013981930797,2
-2.579626615459194,8.09796201272804,2
-2.581442906934676,8.095235519673949,2
-2.582135675211365,8.09179755009681,2
-2.5808924082768687,8.087909957102532,2
-2.580270774809623,8.085966160605391,2
-2.580461643632134,8.083760439433327,2
-2.5793383246087505,8.083050465859685,2
-2.5769717969866974,8.078453328705884,2
-2.5776642055257746,8.075012711075033,2
-2.576540974006134,8.074303381622563,2
-2.5768517907397577,8.075275279871132,2
-2.5773533790695122,8.074040741257441,2
-2.5756085238052613,8.071387686876854,2
-2.5748667674194117,8.066264982716731,2
-2.5769928936420605,8.064503159440271,2
-2.576561749814438,8.060350850579312,2
-2.574195193024469,8.055753498718452,2
-2.5732626261519354,8.052836945144513,2
-2.5715178875593416,8.050184749592159,2
-2.5728313656526574,8.048683777455327,2
-2.572089152302814,8.043557709551305,2
-2.5719686113107727,8.0403757244205,2
-2.571537117468175,8.03622083907485,2
-2.571606638319679,8.03082719254338,2
-2.5729889080666304,8.023927206198636,2
-2.5735588310860287,8.01729028963313,2
-2.573506381717678,8.008704137325022,2
-2.57195132578574,8.003837489180253,2
-2.57189826389118,7.995246828023934,2
-2.5716552568247373,7.988868687096506,2
-2.572223575608838,7.982219961642826,2
-2.5734137806487762,7.977516893480786,2
-2.573169995771277,7.971133027031819,2
-2.572114573918821,7.965017454900494,2
-2.569436344803064,7.95944190671737,2
-2.5681917944803256,7.955544866612552,2
-2.5656358272635735,7.953163971276641,2
-2.474415267705915,7.937582849646638,2
-2.4722439743709224,7.930812125810405,2
-2.4698823080679606,7.92625077316622,2
-2.466900408357656,7.919755929963667,2
-2.462917704311561,7.915747626829184,2
-2.4586956878015336,7.905388378994587,2
-2.4549039011911375,7.899174712533135,2
-2.4520426494218928,7.895862641720605,2
-2.4487516149943716,7.888408281709811,2
-2.443340005970608,7.882756610885469,2
-2.4398593569409,7.877517204450225,2
-2.434828941094427,7.867450083416667,2
-2.433348947917761,7.857230583081396,2
-2.4286289404541073,7.848132354397606,2
-2.427148558371915,7.8379099913015615,2
-2.421429477202068,7.831311041971269,2
-2.4202589395896776,7.822053420221867,2
-2.4176584761226145,7.811144916035584,2
-2.414179460496122,7.805917533195572,2
-2.409701740623685,7.803192149331785,2
-2.405723810392942,7.79921898658575,2
-2.4020560649243343,7.796213070102038,2
-2.3969595311497276,7.79156464475669,2
-2.3931721002812427,7.785383041215855,2
-2.388076422098795,7.780740913944204,2
-2.3845994287810477,7.77552841746019,2
-2.381931719559816,7.770030306955881,2
-2.376837149758124,7.765396338552421,2
-2.3742900398647677,7.763080642593035,2
-2.373670623159029,7.761153163832283,2
-2.371123668827874,7.758838612977211,2
-2.3685768311683866,7.756524920950362,2
-2.3637931364361435,7.752863280209592,2
-2.35820104236746,7.7494937662698575,2
-2.3537277171274873,7.746800731602768,2
-2.3483261904795327,7.741223277851375,2
-2.3435441388731455,7.7375737322748535,2
-2.3406890901470696,7.734307322496591,2
-2.3359076802348024,7.73066250047534,2
-2.3322445335740642,7.7276904361377206,2
-2.3290807293136595,7.723467300742971,2
-2.3243003013878507,7.719829707192659,2
-2.320328622813463,7.715902563325997,2
-2.3156683372515285,7.7154440205767045,2
-2.310699053089312,7.714026962985439,2
-2.3086540079349795,7.710480235294309,2
-2.3053017266210585,7.7084804270503575,2
-2.3027578349209374,7.706188420436344,2
-2.2992867140766577,7.701019151639951,2
-2.2945087070877577,7.69739937877543,2
-2.2905391480484987,7.693487836954958,2
-2.2857618702574634,7.68987343176688,2
-2.2821019223446903,7.686924913636595,2
-2.276707454332062,7.68139941899317,2
-2.2759706078785076,7.676312857187764,2
-2.273309111423078,7.670860479286752,2
-2.2717644101008148,7.666070052147472,2
-2.2707184580979565,7.660024188240879,2
-2.2672494956793514,7.654870807766763,2
-2.2626642923179716,7.649059555965003,2
-2.2591958743671103,7.643910183355956,2
-2.255229096002367,7.640019110274988,2
-2.2492199462088003,7.632600990983182,2
-2.244636347082716,7.626801548069597,2
-2.23924592368758,7.621305826138176,2
-2.2341647516813143,7.6167704798432325,2
-2.230318718484016,7.616062894842475,2
-2.2261642117089018,7.61440065972678,2
-2.2220099382771004,7.612740142267558,2
-2.2172387954707684,7.609170897130618,2
-2.2127765540383333,7.606559451145458,2
-2.209620070924487,7.6023902072221965,2
-2.2048499587178014,7.598828548401293,2
-2.2008870985762563,7.594966317635077,2
-2.1969245301138507,7.591106233939442,2
-2.193270619959396,7.588202160170102,2
-2.1906137028665604,7.5827834912771515,2
-2.1876485552618625,7.576411961494749,2
-2.1846835437740992,7.5700414336786075,2
-2.182525181547904,7.563365896637965,2
-2.1787539291493694,7.55730338394515,2
-2.175101438500091,7.554409759252618,2
-2.171140921514347,7.5505647766200426,2
-2.1660661664492924,7.546076665877788,2
-2.160991878070867,7.54159199044846,2
-2.1562261993871985,7.538062967100334,2
-2.1531913948140584,7.53708408188313,2
-2.150962860319602,7.5357973962496665,2
-2.14700407396346,7.531965152902512,2
-2.143353615345559,7.529086486135004,2
-2.1377833485996156,7.525877644643465,2
-2.1332095887833855,7.520150629577351,2
-2.1303659349892694,7.516968098689638,2
-2.1265986785950375,7.510935000863725,2
-2.122641700649595,7.507116069354154,2
-2.117571417998109,7.502660880360754,2
-2.112809414471675,7.49915891010189,2
-2.1093512830720176,7.494085257515202,2
-2.1045899990208117,7.490588583363774,2
-2.0990235727169537,7.487408011634834,2
-2.089312848408083,7.4826403522604075,2
-2.0853585441881464,7.478841102231126,2
-2.082825026542979,7.476625459760633,2
-2.0796765257150884,7.47251497400217,2
-2.075225173637433,7.469983685318553,2
-2.071579381885865,7.467139371680279,2
-2.065210769011369,7.4642966593556785,2
-2.06206334739632,7.460194117758345,2
-2.0561934546733127,7.456095753959385,2
-2.053544286523117,7.450734125574762,2
-2.049592597692854,7.446954127611654,2
-2.045641200541734,7.443176276719122,2
-2.0424949845338194,7.439082609680174,2
-2.0377392812769344,7.435627016145787,2
-2.032676776736002,7.4312290823677785,2
-2.0287266240825694,7.427460392309708,2
-2.021558021953666,7.424971713987794,2
-2.0168040104358287,7.421528573462751,2
-2.011743372641426,7.417144380936435,2
-2.0050741615260463,7.413404989402487,2
-2.001930434513511,7.409329644032464,2
-1.9977918534197556,7.407784638970288,2
-1.9944579187240983,7.405919881465643,2
-1.9919285429228033,7.4037347273973495,2
-1.9863726170681932,7.40063145020919,2
-1.9833460670148817,7.399713327089316,2
-1.9785951375733504,7.3962928739433735,2
-1.974955519697037,7.3934940066323165,2
-1.9702052805628174,7.390078634886741,2
-1.9646512992358467,7.386989671502427,2
-1.9586002797737958,7.385168741032803,2
-1.9544643529602652,7.383643274312881,2
-1.9497156986160675,7.380239568317442,2
-1.945273874723842,7.377778417272687,2
-1.9402195566442657,7.3734407446088746,2
-1.9362759376037015,7.369720148931734,2
-1.9326389545623393,7.3669406768248855,2
-1.9283895745600077,7.362285398789179,2
-1.9249442575974935,7.357306074169841,2
-1.9226091146515287,7.352939961810144,2
-1.919967792670354,7.34763608962405,2
-1.9187426876240021,7.3438821875577105,2
-1.9169050300544725,7.338251334458199,2
-1.9159862012697086,7.3354359079084475,2
-1.914761096223355,7.331682005842108,2
-1.9140331070931893,7.326660643413227,2
-1.9128079631562844,7.322906455070811,2
-1.9115828192193796,7.319152266728398,2
-1.9123861336160477,7.318822709330288,2
-1.912270531724209,7.315677081261256,2
-1.911848556344399,7.311592261985446,2
-1.9097043502794122,7.305020929436811,2
-1.9076759502816678,7.301596727906617,2
-1.9047287409444333,7.295357242964705,2
-1.9028909667032483,7.289725531036964,2
-1.9013594881689233,7.285032437763849,2
-1.8990250938660989,7.28067183621863,2
-1.8979902353934133,7.274707632562993,2
-1.8972615656785745,7.269681260302772,2
-1.8962264835852114,7.263715410559691,2
-1.8951912848201928,7.25774870198838,2
-1.8933533355715184,7.252115701818298,2
-1.8923179617990105,7.2461477050046454,2
-1.8915888156749023,7.241117825862471,2
-1.8889482812274192,7.2358197507669395,2
-1.8860015385768207,7.229583701137951,2
-1.8825589050624423,7.224624129567928,2
-1.8791165048913854,7.219666275654369,2
-1.8775850749702538,7.214973540226346,2
-1.8755577347400703,7.21155713971925,2
-1.8751347870964423,7.207465163541514,2
-1.871999139596241,7.203449292026484,2
-1.8693594899088364,7.198157729711696,2
-1.8668366768883224,7.196020884731389,2
-1.8641972897121502,7.190731254780125,2
-1.862170455059152,7.1873185758620295,2
-1.8579275503338586,7.182710962793134,2
-1.8560904177867918,7.177083974420665,2
-1.8529559564484526,7.173076834325979,2
-1.8522268200469796,7.168047026752831,2
-1.85020043263534,7.1646376400096194,2
-1.8475618038249433,7.159353592441857,2
-1.8452294415534993,7.155007948821655,2
-1.8436986922170426,7.1503202232249805,2
-1.8410603356405186,7.145038179589754,2
-1.83952963491725,7.140350811838179,2
-1.8396016544867688,7.134975558544653,2
-1.8397906760080271,7.132756239258931,2
-1.8380708565371204,7.130287475102882,2
-1.838448763462699,7.125847834565171,2
-1.8356215798176798,7.122786541596049,2
-1.8347031010478911,7.119973691530987,2
-1.832677296994543,7.116568598928929,2
-1.830651570722301,7.113164078879031,2
-1.8302280980562102,7.1090682379742525,2
-1.829003498587042,7.105318057496916,2
-1.8253758687236186,7.102607434786577,2
-1.8233504146852475,7.099204918669212,2
-1.8221259707782913,7.095455883296182,2
-1.8192997399518163,7.092401604090945,2
-1.8231616459525828,7.101426098749432,2
-1.8207128359197782,7.093928600555525,2
-1.8183814653574295,7.089590256975288,2
-1.8165449161686542,7.083967562743972,2
-1.8174167305398168,7.078236844067376,2
-1.8185944030991283,7.073441523439534,2
-1.8161452041607937,7.065941162484858,2
-1.8154150468823111,7.060903840164688,2
-1.813884248932661,7.056215756722917,2
-1.8128477765020392,7.050239672610093,2
-1.8110107606266297,7.044613543065854,2
-1.8088675754386543,7.038049725264241,2
-1.8070305595632465,7.032423595720001,2
-1.8042053593364198,7.029376902830805,2
-1.8029807598672534,7.025626722353465,2
-1.8020623102653772,7.02281408699546,2
-1.8021318505621586,7.0174205836020285,2
-1.8006010039993168,7.012732142315162,2
-1.8009764413747948,7.008274323246564,2
-1.7986454888858887,7.003939057134154,2
-1.797114593709857,6.999250258002192,2
-1.7949713404634142,6.992685939217445,2
-1.7904286153082953,6.987187372460742,2
-1.787604445681115,6.984148265887583,2
-1.7844743206394096,6.98017304557548,2
-1.7840495743077156,6.976067829129182,2
-1.7823315438022362,6.973612233672675,2
-1.7792017493302303,6.96963944670722,2
-1.7779773832043784,6.965890983886343,2
-1.776140834015603,6.960268289655026,2
-1.7744230660213578,6.957814626562037,2
-1.7717871401043812,6.952550475181624,2
-1.7678586203209274,6.94894102619136,2
-1.7649170015006543,6.942742693435509,2
-1.7628935892163025,6.939355206812184,2
-1.761057448378331,6.933735518479679,2
-1.7589152840673652,6.927179215425085,2
-1.758184271196722,6.922135595031225,2
-1.7582522169808357,6.916730354318641,2
-1.7589321124845636,6.913197627360031,2
-1.756789607881263,6.906638819389762,2
-1.7530493220853707,6.900804254023221,2
-1.751705776136827,6.893883825734225,2
-1.7501754643190885,6.889199320743419,2
-1.7480330277742517,6.882641013756288,2
-1.747301373209492,6.877592669807157,2
-1.7463831569509338,6.874781752105616,2
-1.7450392123742233,6.867858389486834,2
-1.7432027215212784,6.862236124669636,2
-1.7421646740232664,6.856248446375684,2
-1.740328124834491,6.850625752144374,2
-1.738185484114254,6.844065942207834,2
-1.7363489349254788,6.838443247976521,2
-1.7351245687996286,6.834694785155641,2
-1.7339002026737802,6.830946322334764,2
-1.7321837764036037,6.828502535766432,2
-1.7306533673594817,6.8238173150854315,2
-1.7284450365071855,6.8226793498739475,2
-1.7267287949671353,6.82023692311698,2
-1.7236025200901537,6.81629004413649,2
-1.7220723541119884,6.8116066126809685,2
-1.7213400967436527,6.80655383145265,2
-1.719197796315754,6.799996526431787,2
-1.7184653736625712,6.794942528530136,2
-1.718836669194184,6.7904542210593455,2
-1.717306308763252,6.78576935822344,2
-1.7170651684433427,6.779404958547705,2
-1.71633230827144,6.7743477400401915,2
-1.71529323989642,6.768352546999225,2
-1.714254054849743,6.762356495130028,2
-1.7133998953200251,6.7541117091082015,2
-1.712054249281632,6.747175821911053,2
-1.7108296498124638,6.7434256414337135,2
-1.7085016530055697,6.739112132303152,2
-1.7039671337570823,6.733673969798687,2
-1.701824356919909,6.727113157895886,2
-1.7007847440771506,6.721113956989839,2
-1.697966233025399,6.718116503585879,2
-1.6956387612409678,6.713806859182359,2
-1.6957021373851315,6.708367981030726,2
-1.694171582501438,6.703681686814438,2
-1.692150309197487,6.700309945375345,2
-1.6893323231681983,6.697316356698426,2
-1.6859023679740233,6.692450111129489,2
-1.682594071875286,6.690774081128573,2
-1.6802672515076118,6.68646923184934,2
-1.6778190637236499,6.6789763140726635,2
-1.6762889463586745,6.674293240462241,2
-1.6766578306760103,6.6697871838746785,2
-1.6751276160846515,6.665103394574064,2
-1.6729853156567511,6.658546089553202,2
-1.6703527440499517,6.653306629484419,2
-1.6685165448761534,6.6476865117377955,2
-1.6669863788979846,6.643003080282277,2
-1.6662523714547781,6.637937416630493,2
-1.6668044145425434,6.631168884638608,2
-1.6674783403464168,6.627592214302183,2
-1.667233816548416,6.621202908607756,2
-1.6677850137666574,6.614428150111195,2
-1.6651522768750073,6.6091874733690865,2
-1.6636216247649305,6.604500463462607,2
-1.6628867714522038,6.599428573306149,2
-1.6638660498670355,6.596783579429484,2
-1.663620534359941,6.590386973695093,2
-1.6631915003448032,6.586250195311312,2
-1.6618437931071117,6.5792991354820884,2
-1.660925197665664,6.576485426588793,2
-1.660189741549372,6.57140909915314,2
-1.660679059909727,6.570084240437172,2
-1.6596372205828231,6.564068650225721,2
-1.6612877607986647,6.557827376101365,2
-1.661347170106449,6.552359297789881,2
-1.6614063849614666,6.546889788098017,2
-1.6614654053637228,6.541418847025767,2
-1.6650115151705993,6.535329326060474,2
-1.665865157930977,6.52946484488692,2
-1.6670249505586519,6.5245379088326985,2
-1.667571568414301,6.517729441328079,2
-1.6681178362549822,6.510918397338763,2
-1.669458726453783,6.503713813248144,2
-1.6706173718101507,6.498778432049647,2
-1.6719574647526212,6.491567979299454,2
-1.673297091008461,6.48435409123633,2
-1.6752496198024467,6.479019730691071,2
-1.6745109260476365,6.473919570772004,2
-1.6750547729514018,6.467090706096904,2
-1.6763928824756835,6.459865653266782,2
-1.6772427625750836,6.45397347488278,2
-1.6758897176090244,6.446983123661994,2
-1.6765582473486997,6.443366732519888,2
-1.6769198202421212,6.43880685602986,2
-1.678870015602941,6.433455318919982,2
-1.6808198998393422,6.428101491601485,2
-1.6827694729513212,6.422745374074381,2
-1.6841047434652499,6.415499423090637,2
-1.6860536165472801,6.410138152594143,2
-1.6876951049869628,6.403830247712875,2
-1.6890290921126514,6.396574849618588,2
-1.689875705405619,6.390658624044125,2
-1.6880328559472932,6.384989553088342,2
-1.6883922120792025,6.380413358861926,2
-1.687343148832122,6.374344592869178,2
-1.6862939689133807,6.368274968048201,2
-1.6855518625125612,6.363149687403396,2
-1.6845024589731405,6.3570784164949785,2
-1.683939398666789,6.349660386750706,2
-1.6833760661265718,6.3422403530738904,2
-1.683119719600528,6.335764019452071,2
-1.6828631397311682,6.329285968173789,2
-1.6833997529921234,6.3224038561483695,2
-1.6844220386241062,6.314170047024767,2
-1.685443779788356,6.305932230036088,2
-1.684392703955167,6.2998486492563615,2
-1.6844420989456133,6.294306854855066,2
-1.6816261546703437,6.291328295672187,2
-1.6803965772104217,6.287541471856997,2
-1.6785522110205413,6.281861236134215,2
-1.6767078448306592,6.276181000411434,2
-1.674863478640777,6.270500764688649,2
-1.6746048570173961,6.264007683916322,2
-1.6727603741558568,6.258326589365311,2
-1.6709158912943174,6.2526454948142955,2
-1.668586115244631,6.248318888553214,2
-1.6684565808122631,6.245070702079609,2
-1.6685047701955718,6.2395200331199305,2
-1.667841337473405,6.2346765654858025,2
-1.6676238272910329,6.228523024928901,2
-1.6673861927895341,6.225065211999976,2
-1.6666333821404304,6.220082796101099,2
-1.6653653313136658,6.213575858301283,2
-1.6640971097400765,6.20706913668549,2
-1.6622941426269318,6.20173283712964,2
-1.6612832530069177,6.1959887412748635,2
-1.6589457751310874,6.191822566525911,2
-1.656608425315376,6.187656229638932,2
-1.6542712035597802,6.1834897306139425,2
-1.6516765751488816,6.17856070040844,2
-1.6509231135275222,6.173579108711166,2
-1.6496544117285001,6.167072995112953,2
-1.6475939632583145,6.160974258957108,2
-1.6449995696242947,6.15604493149857,2
-1.6445032905530361,6.151826154723338,2
-1.6442831444666108,6.145675951507354,2
-1.6437865772600908,6.1414575395426745,2
-1.6443571960506027,6.134901201942487,2
-1.6430873950689175,6.12839648002895,2
-1.6444483198542894,6.121434589039126,2
-1.6452753421625292,6.115642052700611,2
-1.6439868148513206,6.111831288408329,2
-1.641649678469138,6.107664681291315,2
-1.6411520547666605,6.103447606965304,2
-1.6372334633323273,6.100093174036196,2
-1.6346390376832804,6.0951638871121645,2
-1.633626035071348,6.089422466534732,2
-1.6291929931634002,6.084542511853559,2
-1.6281799798797962,6.0788011047876225,2
-1.62479561107288,6.074276911862167,2
-1.6224594884999508,6.070109021152497,2
-1.6206561478781314,6.0647731944992,2
-1.6209484673335162,6.060151026174612,2
-1.6228208865381575,6.0547183996228355,2
-1.6215494848050227,6.048215704434558,2
-1.622373337625394,6.042427181012052,2
-1.62293904744479,6.03587705870266,2
-1.6229722314333035,6.030494548060844,2
-1.623537151548657,6.023945425602573,2
-1.6238437792595644,6.016634893418441,2
-1.624407770939074,6.010086946460824,2
-1.6233921964531426,6.004348782155308,2
-1.6242133600110762,5.998563663631231,2
-1.6252920902994603,5.993540873615132,2
-1.626112517511725,5.987756687384675,2
-1.6277218740726038,5.981568690748311,2
-1.628799526521675,5.9765472653938865,2
-1.628571494066433,5.97040704717768,2
-1.6299213843384734,5.96345912708064,2
-1.6302088908678307,5.958843052443324,2
-1.6294490262406711,5.953869567647086,2
-1.6289471978977144,5.949657816852749,2
-1.627656376176093,5.945849957533337,2
-1.6258348748235978,5.943207372391704,2
-1.6245441064603554,5.9393994455147805,2
-1.6240420753555505,5.9351879514389765,2
-1.6232817625179852,5.930215034125808,2
-1.623568127177979,5.925600405219178,2
-1.6209722074942423,5.920673009905386,2
-1.6204697708657392,5.916462029266647,2
-1.6191926064273794,5.909966630289301,2
-1.616596825475435,5.905039059325983,2
-1.6153195009619328,5.89854386302116,2
-1.6143002234043156,5.892810387206737,2
-1.6143271324471442,5.887435821327937,2
-1.613307492052531,5.881702804904574,2
-1.6120162434638559,5.877895486045226,2
-1.6112546606968081,5.872924176600762,2
-1.6104929498696396,5.86795302929432,2
-1.6110354832704807,5.8641024989023975,2
-1.6105317767124916,5.859893126132363,2
-1.61028627718553,5.856445271180206,2
-1.6097823678656926,5.852236155128704,2
-1.6087616816468024,5.846504462832506,2
-1.6085283560400985,5.840370946321151,2
-1.60750729631253,5.83463972692752,2
-1.6080486131422678,5.830790736846794,2
-1.6088602682365867,5.825017657070752,2
-1.609929991630139,5.820006270762104,2
-1.6115281215875097,5.813832488225547,2
-1.6128556464883914,5.809583133171845,2
-1.6139243560726992,5.80457303045586,2
-1.614992745506708,5.799563333084933,2
-1.6152738063435592,5.7949554193946575,2
-1.6171285639238633,5.7895451543782315,2
-1.6166221894467903,5.785339159483623,2
-1.615857031668165,5.78037237639224,2
-1.61535043308589,5.77616666523917,2
-1.614574371316495,5.773883935838278,2
-1.6148437277868481,5.77196108920112,2
-1.615382312667446,5.768115558064832,2
-1.6167073724110974,5.763869324168027,2
-1.6188187789576851,5.759222549648726,2
-1.619625631797648,5.753455550048457,2
-1.6204321004572666,5.747689036862251,2
-1.6230699179641945,5.741882392765856,2
-1.6238755222180288,5.7361169740112885,2
-1.6257260217994727,5.730712100084048,2
-1.6275760945138646,5.725307766616872,2
-1.6278533455622615,5.720704676532712,2
-1.6291756093267118,5.716461982649356,2
-1.6299793887238891,5.710698874361583,2
-1.631827967403595,5.70529643250465,2
-1.631844973130784,5.6999344052994445,2
-1.6326476320019463,5.694172715719354,2
-1.63240482994666,5.688051197421522,2
-1.6337332488059069,5.681130462465941,2
-1.6337567724648938,5.673089934797446,2
-1.6324679011975949,5.666609357937489,2
-1.633268543121929,5.660850222031222,2
-1.6338020909712938,5.657011068323744,2
-1.6330312772042141,5.652051446328269,2
-1.6322603353770138,5.647091986470812,2
-1.63097046097214,5.6406126796920155,2
-1.6320290644789495,5.635615372368164,2
-1.633087347835474,5.630618470389365,2
-1.6328345915686047,5.627179803258375,2
-1.6331073178262354,5.622582442050945,2
-1.633379830650341,5.61798535107355,2
-1.6344370788542602,5.612989759710413,2
-1.6336646536640487,5.608032177951699,2
-1.6341960885214988,5.604195699521561,2
-1.6355121520419988,5.599960855820704,2
-1.637353057786413,5.594568128733513,2
-1.6368394585844595,5.59037128112557,2
-1.6365854323881113,5.586934221863288,2
-1.6355467134986537,5.583895608940733,2
-1.6342483148868325,5.580097342787539,2
-1.6324250847227653,5.577456946509191,2
-1.6313864085200134,5.574418279540627,2
-1.628259585100201,5.570656442146152,2
-1.6248733914366333,5.566134559687491,2
-1.6230560068887563,5.560816514170458,2
-1.5995283522574901,5.572753285215221,2
-1.6013686283730006,5.567361355306627,2
-1.602683710099278,5.5631277546639275,2
-1.6050536602456447,5.553901575722982,2
-1.604280989606881,5.548944304728806,2
-1.601680875954342,5.544022219435188,2
-1.5993403459790798,5.539859908975728,2
-1.5964755607221015,5.53685473877001,2
-1.5936109888986465,5.533849298334257,2
-1.5910115689050741,5.528926334793031,2
-1.5871044388511226,5.525557390511075,2
-1.5834570098628955,5.522948072436758,2
-1.5811176110853289,5.5187843297581125,2
-1.5769521992986153,5.514653962238796,2
-1.5738298366395078,5.510886477036603,2
-1.5704484985886769,5.506358446844654,2
-1.566284250014684,5.50222660657165,2
-1.5623796171330024,5.498854500598295,2
-1.5582162329647922,5.494721565893649,2
-1.5540532970069911,5.490588063705939,2
-1.5498908092595975,5.486453994035148,2
-1.5483363806387196,5.481891453717726,2
-1.5449573156549476,5.4773605455759125,2
-1.5410548597952367,5.47398568325621,2
-1.5384590895149692,5.469058098781389,2
-1.5350808996086531,5.4645260826964375,2
-1.5319619732293255,5.460754246790689,2
-1.5280608620008351,5.4573776820217645,2
-1.5238955380499792,5.455917451346167,2
-1.5205186607598566,5.4513837733465,2
-1.516618670057376,5.4480057898698995,2
-1.512977868180153,5.445388081153013,2
-1.5098607559858053,5.44161394829197,2
-1.5049210030320328,5.437868920955715,2
-1.5007638404511336,5.433728109045568,2
-1.4976477313943573,5.429952706103364,2
-1.4947905443709288,5.426937915708422,2
-1.4924567375517608,5.422767093002875,2
-1.4896057696531884,5.417074180466699,2
-1.4877952576648728,5.411747433542558,2
-1.4846802157757306,5.407970679450187,2
-1.4833870996436964,5.404165725103642,2
-1.480536665328943,5.398472136992378,2
-1.4779450036440647,5.3935393505894,2
-1.4748363089398993,5.38708431221777,2
-1.4704240020990795,5.382178104688748,2
-1.4675689280675606,5.379160639016472,2
-1.4639329818030706,5.376536782566301,2
-1.4626404526132344,5.372731085087164,2
-1.4603084493073695,5.368557978937826,2
-1.4571956698136113,5.364778360407083,2
-1.454863986658033,5.360604848912697,2
-1.450712448050563,5.356456916441143,2
-1.4465613576534935,5.352308416486519,2
-1.4439719476923223,5.347372779156675,2
-1.4406021457236111,5.342830143031371,2
-1.4387935759803856,5.3375009370139175,2
-1.4359462577951234,5.33180340354415,2
-1.4338794063191358,5.325712774289336,2
-1.4297302474954847,5.321561828752902,2
-1.4294822696771732,5.31544686353341,2
-1.4281955647601698,5.308963543838601,2
-1.4266454261531791,5.304395571897487,2
-1.4250952875461884,5.299827599956373,2
-1.4235451489391977,5.295259628015266,2
-1.4217366538977068,5.289930327417302,2
-1.4204448717252145,5.286123684133042,2
-1.4183734018758223,5.282709150294206,2
-1.415785368560897,5.277771769980642,2
-1.4131974846494408,5.272834200506058,2
-1.4116475381326232,5.2682659853579175,2
-1.4095764951502812,5.264850911059007,2
-1.4077682989157285,5.259521232138997,2
-1.4056974373518845,5.256105928144564,2
-1.4049268476900032,5.2511460224075535,2
-1.4025978004384836,5.246969173572239,2
-1.4015687689686942,5.241248047270389,2
-1.4007979125149053,5.236288479320923,2
-1.3989896415786198,5.230958894981423,2
-1.398476917454131,5.226760939430342,2
-1.3971852419984003,5.222954161031062,2
-1.3969307035615852,5.219517750320868,2
-1.3951222832218306,5.21418835514239,2
-1.3940889001705408,5.211142986468975,2
-1.3922768752666315,5.208488403113815,2
-1.3896863365702092,5.20622444293889,2
-1.3876162220237092,5.202808193139333,2
-1.3837309582345778,5.199411563790356,2
-1.3829561450513168,5.197127253543762,2
-1.3808863933418127,5.193710544353145,2
-1.3780384053033803,5.190684107043726,2
-1.3757106920114026,5.186505569270693,2
-1.3736413244822465,5.1830883736660205,2
-1.3700193022929295,5.1777766397703715,2
-1.3674303216612547,5.175510706916192,2
-1.365103237998179,5.171331371964566,2
-1.3635542519322321,5.166761940781271,2
-1.3627831713732395,5.161802656573336,2
-1.362270148441814,5.157605079344304,2
-1.3625348175838106,5.153017919320668,2
-1.3604595962292336,5.154948631401908,2
-1.3602046629403954,5.151512720617266,2
-1.3602078406375,5.148838449254026,2
-1.3568419789797979,5.146961072320316,2
-1.3534763734423336,5.145083371110566,2
-1.3503691243393607,5.143966998557666,2
-1.3475201356258069,5.143612076265136,2
-1.3444132386881584,5.142495257832685,2
-1.3410485295715038,5.140616421656787,2
-1.3369065979351795,5.139126573769424,2
-1.3322454800633956,5.1387874481724864,2
-1.329659039290691,5.136518299580892,2
-1.3260375531476356,5.133876135045895,2
-1.324748278819083,5.130066316558736,2
-1.3219045167644872,5.127034528694626,2
-1.3180259761314463,5.123629387099566,2
-1.3151827156456335,5.120596964194881,2
-1.3115625954771506,5.11795307018766,2
-1.3089775420223724,5.11568216510085,2
-1.3051002819904909,5.112275402125579,2
-1.3020003085083385,5.108479569792774,2
-1.298896677103647,5.1073586168407985,2
-1.2968355456461769,5.101260745421062,2
-1.2940014898921515,5.092876172218922,2
-1.292713282731233,5.0890650025815845,2
-1.2919439843421952,5.084103461952864,2
-1.2919510440670372,5.078754027467262,2
-1.2906626768309728,5.074943060502449,2
-1.2906660572899238,5.072268532420676,2
-1.290153984137687,5.068069752667988,2
-1.2888655101848592,5.064258920818197,2
-1.2875770362320313,5.060448088968403,2
-1.2862885622792053,5.056637257118613,2
-1.2855185168728163,5.051676662295012,2
-1.2850060595402315,5.047478368956391,2
-1.2847512222964816,5.044042336568239,2
-1.284238562202047,5.039844299948147,2
-1.284759474786627,5.036021143858708,2
-1.2852802166243862,5.032198203953296,2
-1.2847671510062497,5.028000680770269,2
-1.2852875726937256,5.024178146209909,2
-1.2852921565896551,5.0188318463927,2
-1.2855543392310658,5.014247834548971,2
-1.2850406866707313,5.010051054498543,2
-1.2842690511845731,5.005092472888695,2
-1.2824620312968626,5.00243155263923,2
-1.2803972419168534,4.999008560600316,2
-1.2796236773197212,4.996722669508021,2
-1.277816870865541,4.994061479028517,2
-1.2749769826294521,4.991024786489287,2
-1.2729125881014713,4.987601294524811,2
-1.268007080557064,4.983812908779534,2
-1.265685322060481,4.979626831588547,2
-1.26362143977296,4.976202691071986,2
-1.261557664202206,4.972778415440413,2
-1.259236268542617,4.968591878858362,2
-1.256657284809224,4.9636430407913394,2
-1.2530441759320965,4.960990269727489,2
-1.250465619065757,4.956040891200399,2
-1.2491772518296926,4.952229924235585,2
-1.2468565605007438,4.948042495894427,2
-1.2445391297798611,4.938510443162272,2
-1.244799700998147,4.933928471555301,2
-1.2432535322547515,4.929355473335548,2
-1.2419650583019237,4.925544641485757,2
-1.240676584349096,4.921733809635963,2
-1.2386138652742957,4.9183081963657145,2
-1.235777061152671,4.91526759900249,2
-1.2342310844994522,4.910694357575707,2
-1.233716844996918,4.906498320657871,2
-1.2329448146587332,4.901540238973592,2
-1.2316563940642862,4.897729339566297,2
-1.230367973469841,4.893918440158991,2
-1.2303687927264733,4.891247154837629,2
-1.2283065005187268,4.887821001107312,2
-1.2275334481620597,4.885534461462932,2
-1.2270180799242816,4.88401010170001,2
-1.2252136212388933,4.881345938690128,2
-1.2231515851513812,4.877919460683774,2
-1.2200583988553753,4.874115035035878,2
-1.2190278331266402,4.871066099326011,2
-1.2159349883242818,4.867261241310057,2
-1.2138734431338793,4.863834141774621,2
-1.2112962013461797,4.8615533462685505,2
-1.2082039968443965,4.857747677562497,2
-1.2048545030757545,4.853179329049414,2
-1.2022778802452834,4.850897749876243,2
-1.198413266149858,4.847474975771437,2
-1.1948064962484732,4.84481417887557,2
-1.1930035956278306,4.842148043186434,2
-1.1883669134324109,4.839107731314826,2
-1.1860495409948015,4.834916100896628,2
-1.1868231540254222,4.831861434559954,2
-1.1868237705202063,4.829190405957117,2
-1.1857940585255786,4.8261403893271115,2
-1.1832187803263192,4.823857107704725,2
-1.1811590173058661,4.8204277517485,2
-1.1790993610021765,4.816998260677259,2
-1.177297186055526,4.814331206206013,2
-1.1734352292075094,4.810905067737277,2
-1.172663201331769,4.808617230988734,2
-1.1706040039101637,4.805187158922916,2
-1.1690600121887424,4.800611404356815,2
-1.1672583067958477,4.797943755379492,2
-1.1657139973865842,4.796038651094175,2
-1.1636551521302962,4.7926081331488035,2
-1.1608241747439525,4.789560158505637,2
-1.1582506680429638,4.787274633973965,2
-1.1559349924018925,4.7830808552269986,2
-1.153361827194555,4.780794898327269,2
-1.15284773709549,4.7765986722484115,2
-1.150017592099898,4.773549643708108,2
-1.1487315192742464,4.769735771770431,2
-1.1474451821191316,4.7685924825560235,2
-1.1469310173183338,4.76439635105768,2
-1.144615939291139,4.760201815666612,2
-1.1423009893240526,4.7560071181375285,2
-1.1389573329623666,4.751431378833008,2
-1.1368997280829802,4.750669538489166,2
-1.1350995380681255,4.747999970878599,2
-1.1314992352025985,4.745330986012689,2
-1.128156328320701,4.743424545838778,2
-1.1237851952696296,4.74113645587186,2
-1.1201858741983273,4.738466227947782,2
-1.1171012252433954,4.734650993098509,2
-1.1142737908535896,4.731598532636774,2
-1.1124747320364303,4.728927532807024,2
-1.110161884389587,4.7247301735121,2
-1.1091341359834068,4.721677670765775,2
-1.107592513374133,4.717098916646293,2
-1.1055368269340384,4.7136643992964125,2
-1.1052800794602202,4.710230785467068,2
-1.102967562635346,4.70603300731559,2
-1.1016829304859996,4.702217311325178,2
-1.1011690858354903,4.69802077448178,2
-1.0985998133275672,4.693059640948192,2
-1.0962876059813063,4.688861470963161,2
-1.09397562520269,4.687333262172331,2
-1.0924343572211814,4.685424307109027,2
-1.0896088757481497,4.6823693740424694,2
-1.0857562993036378,4.678931358963723,2
-1.0831881284408205,4.676639078681191,2
-1.0795929693232917,4.673963581271451,2
-1.076768448301129,4.6709074321697415,2
-1.075227895321932,4.668997571835817,2
-1.0724037051217366,4.66594100387756,2
-1.0693230260304034,4.6621207427496465,2
-1.0664992840406136,4.659063607308315,2
-1.0641891469995581,4.654862816091949,2
-1.061365799861795,4.651805180725056,2
-1.0585426661575568,4.64874727512812,2
-1.0554631396072658,4.6449255547580215,2
-1.052127284240978,4.640339938545747,2
-1.0503311814781622,4.637665196030017,2
-1.0462260966777848,4.6334584479914795,2
-1.041864845599001,4.631157846373966,2
-1.0387867063666345,4.627334369508642,2
-1.0357088232545006,4.62351056836728,2
-1.0326311962625958,4.619686442949874,2
-1.0305796290895692,4.6162467101603255,2
-1.0264767106394856,4.61203721928694,2
-1.0249382493088568,4.610124710698678,2
-1.0241691027857271,4.607833225844665,2
-1.0216051579067376,4.605535595007453,2
-1.0177595607385506,4.602088743406583,2
-1.0154525078119612,4.597884047366222,2
-1.0123765669449192,4.594057787131547,2
-1.0095571576557205,4.590995166020512,2
-1.0062252959588314,4.589074741442328,2
-1.0031501234524889,4.585247508379524,2
-0.9998187953394133,4.583326408226249,2
-0.9980252644505949,4.580648409438609,2
-0.9944382158070812,4.577962643287556,2
-0.989826718767814,4.57489044427189,2
-0.9877775954086694,4.571447617348447,2
-0.985472495398847,4.567240448703274,2
-0.9844481619290928,4.564183622276399,2
-0.9800939861717204,4.561874062533253,2
-0.9785577420873199,4.557288498616902,2
-0.9754848746630636,4.553458347069725,2
-0.9726684936675003,4.547721643756471,2
-0.9685719782232187,4.543504045982047,2
-0.9649878002606389,4.540814645237035,2
-0.9626838339109565,4.539276289308411,2
-0.9603802919658762,4.5350671479839875,2
-0.9583327800298562,4.53162228082379,2
-0.9544937139275866,4.528167160183866,2
-0.9521906735512999,4.523957383818857,2
-0.9488641665734825,4.519359931531078,2
-0.9457937749781369,4.515526645315504,2
-0.9429794347352001,4.512457606241153,2
-0.9409328832500528,4.509011523045803,2
-0.9370956420044347,4.505554091939082,2
-0.9345376946075508,4.503248867637904,2
-0.9312124920366962,4.50132001188264,2
-0.9281435731326813,4.49748486107983,2
-0.9248189041456438,4.495555329749482,2
-0.9220061433108047,4.492484290972882,2
-0.9199608083967572,4.489036667466333,2
-0.919193966955719,4.486742264127951,2
-0.915103681307972,4.479846530700794,2
-0.9128031167605943,4.475633619667384,2
-0.9097357345779766,4.471796523208326,2
-0.9066686085155844,4.467959102473234,2
-0.9056464520678045,4.464899519700005,2
-0.9038574993281312,4.462215724478128,2
-0.9018131141932813,4.4587668984479265,2
-0.8990021462000666,4.455693589739035,2
-0.8946581192068912,4.453371180557745,2
-0.8926142676558566,4.449921678952457,2
-0.8923590355600766,4.4464861464898675,2
-0.8910816092547051,4.445331575171529,2
-0.8908263131288692,4.441896123777951,2
-0.8887824960553079,4.441116826573889,2
-0.88852717858612,4.437681402203317,2
-0.8890381451683549,4.433870838833478,2
-0.8887826142656419,4.4304356846929345,2
-0.8877607139380927,4.427375777643668,2
-0.8852063308811005,4.425066040500919,2
-0.8818859198929232,4.423131118081379,2
-0.8795873213964391,4.4215859658673935,2
-0.8762673479469854,4.419650489476293,2
-0.8737137201165712,4.414669548081182,2
-0.8729475592003713,4.409704035070952,2
-0.8726920282976565,4.406268880930416,2
-0.8696279970214071,4.402427541859815,2
-0.8675853833848262,4.398976472920328,2
-0.8650324303324695,4.39666492523634,2
-0.8622243436918637,4.39358796842199,2
-0.8583955223988777,4.39011987674041,2
-0.8573744331187285,4.3870589428170135,2
-0.8560984392804301,4.388572805893176,2
-0.8530357953221035,4.384729710327356,2
-0.8512493504263716,4.382042739902573,2
-0.849718036656439,4.377450933672428,2
-0.8458905279796429,4.3739811800761395,2
-0.8425735721521459,4.369371634994316,2
-0.838746799821017,4.3659009491044145,2
-0.8367059256676814,4.3624476777901435,2
-0.8341551069505915,4.360133427805813,2
-0.8333898022309452,4.357837078811183,2
-0.8305841380608658,4.3547570548859404,2
-0.8285437121179342,4.351303216088596,2
-0.8275234338851867,4.348241255291072,2
-0.8257382162322369,4.34555273104359,2
-0.8259930165360672,4.343648314094782,2
-0.8265024890836141,4.3398396423351855,2
-0.8265020597541195,4.337169937859517,2
-0.8270112548380837,4.3333616173989675,2
-0.8270106547617608,4.330692129107334,2
-0.8254805173386721,4.32876908154773,2
-0.8247151485889663,4.326472813622111,2
-0.8242041852910678,4.322272628673243,2
-0.8236939181145786,4.320741810412503,2
-0.8244577132029711,4.317699574657411,2
-0.8249662039562988,4.313892145955972,2
-0.8262390365159522,4.309712037348582,2
-0.8262378921841389,4.307043238143535,2
-0.8290405526882729,4.304786568929295,2
-0.8298022003072756,4.299076804050319,2
-0.8287810256537149,4.296015978218932,2
-0.8262312100742015,4.293700458153445,2
-0.8241905813694181,4.290246876074633,2
-0.820876861522299,4.288303481943526,2
-0.8198559429889727,4.285242331836102,2
-0.8175619546566644,4.283691342653366,2
-0.8145039766833442,4.282512587497031,2
-0.8109359022803542,4.279802797895922,2
-0.8091526506782944,4.279782032467857,2
-0.8088961699963839,4.276348080850969,2
-0.8071116673457457,4.27365865133287,2
-0.8045633244575665,4.2713412666801425,2
-0.8020151523162049,4.269023665843392,2
-0.800487386467708,4.269767863666143,2
-0.7969218223711021,4.2697251437978565,2
-0.7946291146399531,4.268172533234917,2
-0.7918277002595087,4.267757376667724,2
-0.7892803178221968,4.265438775979835,2
-0.7857144737995618,4.26272616247487,2
-0.7844399263843531,4.25889769811533,2
-0.7834202884521879,4.255834926627703,2
-0.7816370770743859,4.253143862217897,2
-0.7795990629303056,4.24968696982117,2
-0.77857951037155,4.246624090241525,2
-0.7765416456309406,4.24316700868377,2
-0.7742502291726261,4.241612763229128,2
-0.7724662363000068,4.236252440223215,2
-0.769665427742666,4.233166268564684,2
-0.7683912538361302,4.229337331302588,2
-0.763554866739355,4.225461431560671,2
-0.7622821679865996,4.224300874647071,2
-0.7607547411693005,4.222374395166028,2
-0.7582095784406704,4.22005298408579,2
-0.7556645864588578,4.217731356821517,2
-0.7541374371051397,4.215804526041438,2
-0.7518474186364283,4.21424851058007,2
-0.75006574398002,4.211555500514017,2
-0.7467584591537371,4.2096039589473655,2
-0.742942187752119,4.206119977739764,2
-0.7386181594804029,4.2037722480042525,2
-0.7350562401722094,4.198384417330921,2
-0.7314956786293667,4.195665115632593,2
-0.7286979755298368,4.192575012127065,2
-0.7266629707984844,4.18911430948685,2
-0.7256460032478458,4.188718405059525,2
-0.7228496792570152,4.1882968035060095,2
-0.7195446461544357,4.18634241101249,2
-0.7177646042645041,4.183647333686682,2
-0.7139512462305309,4.18015966383911,2
-0.7103926162611014,4.177437916558979,2
-0.7075965032413443,4.1743457998396885,2
-0.7050549048526076,4.172019875917879,2
-0.7040368758811208,4.166284819257751,2
-0.7009869739043424,4.1624255909588825,2
-0.7004774832977816,4.158223541422782,2
-0.6994592622361182,4.152488727969686,2
-0.6989495368526768,4.14828697568662,2
-0.698439704752472,4.1440853585185735,2
-0.6989458477370043,4.1402809023475164,2
-0.6984371386252608,4.138748111407523,2
-0.6943717311175011,4.134491127605585,2
-0.6931001184132857,4.1306589475830755,2
-0.6918285057090685,4.126826767560566,2
-0.6890339294107086,4.123732705185034,2
-0.689286787469447,4.121830747329533,2
-0.6870009949845652,4.120269381313484,2
-0.6839525230124188,4.116408342473381,2
-0.6824269079176482,4.111809321101315,2
-0.6814082493172577,4.106075061619794,2
-0.6796282903382913,4.100709631266231,2
-0.6781043318158027,4.098778760547134,2
-0.6755651025392115,4.096449837071937,2
-0.6727718175136879,4.093354139804692,2
-0.6709939313023767,4.090656333155533,2
-0.6709922320433943,4.0879882365485685,2
-0.6702277572520536,4.083020588721073,2
-0.6692089065614901,4.077286572446585,2
-0.6684441649782453,4.07231926240663,2
-0.6674250261524222,4.066585610942688,2
-0.6648845458272525,4.06158802337746,2
-0.662598462744663,4.057356777236219,2
-0.6598062662301274,4.054259701795797,2
-0.6565080523287286,4.052296675452688,2
-0.6542225135016295,4.048064740224863,2
-0.6521912758720241,4.044599268024541,2
-0.6506662370477763,4.039999517031383,2
-0.6491411982235302,4.035399766038228,2
-0.6483762858934607,4.030432672182304,2
-0.646851183039157,4.025833002258153,2
-0.6440602457824287,4.022734332460537,2
-0.644309344948649,4.0181668857179105,2
-0.6443040255289443,4.0128331245743,2
-0.6432872049193321,4.009766786050218,2
-0.6417619740049094,4.005167278264089,2
-0.642010411527199,4.000600669234576,2
-0.6417531944996213,3.9971676499113045,2
-0.6412447201647566,3.9956345617182762,2
-0.6404789007422007,3.990668616339992,2
-0.6409810311764321,3.986869240493583,2
-0.6399639544465856,3.9838032262455414,2
-0.6389435136762458,3.9780712231848057,2
-0.6394451959000698,3.974272414821467,2
-0.6389330373744215,3.970073743160796,2
-0.6389257330229157,3.9647424951565036,2
-0.6386638179953064,3.9586451759582566,2
-0.6368833361041997,3.9532804076682844,2
-0.6363706439947361,3.9490824115826975,2
-0.6355993261964201,3.9414531796920684,2
-0.6338186202001115,3.936088695143628,2
-0.6335599411528783,3.9326575268960937,2
-0.6317791604548333,3.9272931369281636,2
-0.6305071742419468,3.9234614298082136,2
-0.628980790786482,3.9188633812642735,2
-0.6277042026186468,3.912367252665831,2
-0.6274403773609727,3.906272352026395,2
-0.6281891549383136,3.900578882018486,2
-0.6286830550476417,3.8941196786041665,2
-0.6299400828546453,3.889959580530828,2
-0.6299348085840855,3.8872960102769447,2
-0.6289166646866065,3.884231347179071,2
-0.6273948298277094,3.882297787671135,2
-0.6278985207891274,3.8811666840812045,2
-0.6261222033142424,3.8784668912412883,2
-0.6240914565817448,3.8750007975118876,2
-0.6218063126066742,3.870768362358497,2
-0.6192668034040558,3.8657695452466108,2
-0.6177398436780681,3.861172226323763,2
-0.6144427051535288,3.856537590383244,2
-0.6116547666378516,3.8534351238536395,2
-0.609375900070912,3.8518649888729684,2
-0.6073460497592311,3.848397760177427,2
-0.6065827940014419,3.8460988169744645,2
-0.6058138904644217,3.841136776420182,2
-0.6063113040177086,3.837343372657532,2
-0.6062996029355503,3.832017691391954,2
-0.6050272432139909,3.82818645717456,2
-0.6045182993253686,3.8266539634876082,2
-0.6047667606534564,3.824757572370821,2
-0.6022341051294902,3.822420325810562,2
-0.6014707213115837,3.8201215447456214,2
-0.5999500389937289,3.818186525995497,2
-0.5991805698578627,3.8132252015508072,2
-0.5976538022220499,3.8086276394209264,2
-0.5968841409960124,3.80366655818327,2
-0.5961143517098577,3.7987056390836287,2
-0.5943394215528954,3.796004089748486,2
-0.5918011929514329,3.7910036512563963,2
-0.5890151433224666,3.787898793190987,2
-0.5877429436760515,3.7840673563010725,2
-0.5872340638174869,3.7825347815451025,2
-0.584950691340687,3.7783001034824295,2
-0.5824195938814647,3.77596088424292,2
-0.5803909174541815,3.772492169282188,2
-0.5776122764310365,3.7720481791703158,2
-0.5763404502932943,3.7682162693778416,2
-0.5745598937004548,3.762851595668373,2
-0.5725316334685484,3.759382353759076,2
-0.5700014324301357,3.7570419995534188,2
-0.5677257140077181,3.7554678786797453,2
-0.5662064510228166,3.753531062899892,2
-0.563168117143185,3.7496571881331526,2
-0.5596280879056064,3.746911890305519,2
-0.5573464549120501,3.7426750098680657,2
-0.5535527861209211,3.739162411299823,2
-0.5505155194089202,3.7352871853829086,2
-0.5474785088171572,3.731411635189957,2
-0.5472177701363883,3.727983074662255,2
-0.5441810370082081,3.7241071731702604,2
-0.5429102780381001,3.7202739122276114,2
-0.5423884805262738,3.7134171965172627,2
-0.5413649022830906,3.7076891658380333,2
-0.5395856156197372,3.702322884259864,2
-0.5380605127654317,3.6977232143357135,2
-0.5365354099111279,3.69312354441157,2
-0.5350103070568242,3.688523874487423,2
-0.5334924207181686,3.686585315723846,2
-0.5317204359438765,3.6838800372142337,2
-0.5296943847489679,3.680407998424073,2
-0.5289246488211958,3.675447011766927,2
-0.5256353112920635,3.670802498918647,2
-0.5228471675520883,3.665030044171843,2
-0.5220773355792261,3.66006917911821,2
-0.5202983477228091,3.654702519217995,2
-0.5205372874531609,3.6501479354250073,2
-0.5190123126589725,3.645548103362838,2
-0.5172331753990846,3.6401816326236442,2
-0.5157082006048945,3.6355818005614786,2
-0.5162007051870674,3.631794612089621,2
-0.5184563345897324,3.628053671738062,2
-0.5186941858090943,3.623500466118255,2
-0.5181773851042397,3.619307671960833,2
-0.5146346107833999,3.613895601653411,2
-0.515626324222934,3.6089829844223402,2
-0.5153548900600313,3.602897717483632,2
-0.5128207060239021,3.597892158132389,2
-0.5128031995498183,3.5925738271237435,2
-0.5102690795437468,3.5875681867034857,2
-0.5089976269146774,3.5837358040084517,2
-0.5074718837597931,3.5791369447744046,2
-0.5054465902539071,3.5756639466676283,2
-0.502667615946347,3.5725501304765785,2
-0.5013963233924219,3.568717545109017,2
-0.4998707723277125,3.5641184426679438,2
-0.49759161516306527,3.5598784275620865,2
-0.4970739287090762,3.5556867548593054,2
-0.49655613553832545,3.551495217271544,2
-0.4955296759425334,3.545770834697784,2
-0.4947573574690871,3.5408131178240474,2
-0.4932316143142028,3.536214258590004,2
-0.49397527194934554,3.533197519038655,2
-0.49345692385142215,3.52900668404898,2
-0.4929384690367371,3.5248159841743245,2
-0.49367175134003816,3.519142132866918,2
-0.49289858980415957,3.514185483401821,2
-0.4921253002081656,3.5092289960747465,2
-0.4931121046765874,3.5043225941344645,2
-0.4928368500535516,3.498242164313371,2
-0.4945757879305699,3.4929785396251134,2
-0.4955615679180596,3.488073434788994,2
-0.4945326218216817,3.4823522003951375,2
-0.49500868955984956,3.475915574700192,2
-0.49397929525306594,3.4701949077893985,2
-0.49321559128486925,3.4678965320695134,2
-0.4929497515428132,3.4644744300396297,2
-0.4924292370945942,3.4602863378848063,2
-0.49190861592961177,3.456098380844999,2
-0.49263780030919513,3.450429717954254,2
-0.48960561331513475,3.4465480605625203,2
-0.48958221607571417,3.441237187902825,2
-0.4888449522800844,3.4361266053534685,2
-0.4888637909775575,3.4333458019559835,2
-0.4886381125916799,3.4297573169818882,2
-0.4884123040955721,3.4261690946492287,2
-0.4881863654892289,3.422581134957994,2
-0.4874530094045326,3.4201576962660454,2
-0.48448298108022314,3.4160233815014465,2
-0.48326088357685393,3.4119839887130823,2
-0.4815499470721356,3.4063288388093653,2
-0.4803278495687646,3.402289446021001,2
-0.4786169130640463,3.3966342961172877,2
-0.4786348735174446,3.393855265549437,2
-0.47917713849316,3.3871348502062126,2
-0.47821673786513585,3.381125684275162,2
-0.4775006266275579,3.375924659543209,2
-0.47578900704411353,3.3702708885069868,2
-0.4750725867947203,3.3650704875484294,2
-0.4753511219226976,3.3603239491201933,2
-0.47512339430064365,3.356739600748586,2
-0.47491216339185627,3.350379176525177,2
-0.4741947998432785,3.3451806797169574,2
-0.47422746799423265,3.339629184616932,2
-0.47474913778432715,3.3356931183304717,2
-0.4737863138532017,3.3296888440959975,2
-0.47156808998036404,3.3251979525501483,2
-0.47084976686880786,3.3200013927224568,2
-0.47088100380719666,3.314452786678128,2
-0.4716615080474984,3.308552725360375,2
-0.4704375402095202,3.3045171080425284,2
-0.4692135723715438,3.3004814907246818,2
-0.4684942083781216,3.295287032028405,2
-0.4670253493898713,3.290444488228058,2
-0.46531168057024885,3.284794853794317,2
-0.46509615602375654,3.2784430967380125,2
-0.46437607642405254,3.2732500825695894,2
-0.46440467863020807,3.2677067950141634,2
-0.46368411111712504,3.2625147657510993,2
-0.4632082721165176,3.258129991272309,2
-0.46273227047811893,3.253745545095306,2
-0.4632496141029545,3.2498182116363026,2
-0.4615348068187881,3.2441708753150458,2
-0.4598199995346217,3.238523538993796,2
-0.45884010965795596,3.235296489667366,2
-0.45836342494083127,3.230913422357858,2
-0.4596278077298255,3.2266391313598675,2
-0.46089180018812215,3.222365628286159,2
-0.45966636861001753,3.2183329656843647,2
-0.45720291204754204,3.2130358370897625,2
-0.45646770189201824,3.2106161410381517,2
-0.4567377961185972,3.205886641472514,2
-0.4557573858009949,3.202660642711791,2
-0.45527944877287396,3.1982801033260237,2
-0.45255886545701074,3.19494352259397,2
-0.4515906419511939,3.18895014797873,2
-0.45062219075246723,3.1829572329859914,2
-0.4498986469677906,3.177771211645574,2
-0.4479258834774953,3.174086097525972,2
-0.4479491511640745,3.1685535782690657,2
-0.44699129292676965,3.1597965047792904,2
-0.44751514730444697,3.153113253198029,2
-0.44753698377846085,3.1475836229968195,2
-0.4470571926795106,3.14320682625139,2
-0.446331941198018,3.138024252079699,2
-0.446352834372842,3.1324965260288415,2
-0.4448808527389865,3.127660285622749,2
-0.4444003622975323,3.1232849005749834,2
-0.44367434641841896,3.1181038694216845,2
-0.44343889350124854,3.114535115384818,2
-0.44469517692820837,3.110277173815671,2
-0.44595107002446177,3.10602002017081,2
-0.44522398073592306,3.1008411558092845,2
-0.44573342016406237,3.0969297778169818,2
-0.44599704140652285,3.092213344662351,2
-0.4440237086839538,3.0885293795989988,2
-0.44329590378912975,3.08335195976532,2
-0.44232232949995876,3.077369386278775,2
-0.4420852989962043,3.073803816769214,2
-0.4416025316256622,3.0694330279464346,2
-0.44211034467588384,3.0655249329719716,2
-0.4426178975056434,3.0616173632803623,2
-0.44238807709723993,3.0552944639508794,2
-0.4419044152188416,3.0509254807879067,2
-0.44265687546264765,3.047824804748622,2
-0.44514448319694644,3.044844855205792,2
-0.44565063734169286,3.040940108909531,2
-0.4449201489233001,3.03576810605529,2
-0.44492711506196336,3.0330112686880426,2
-0.44344494706116677,3.0309383660245217,2
-0.4424614791530761,3.027718539337343,2
-0.441478011244989,3.024498712650164,2
-0.44099298320914215,3.0201324872221775,2
-0.4424945208306781,3.013937963820716,2
-0.4405269344633318,3.0074996236534943,2
-0.4385593480959873,3.0010612834862727,2
-0.436591761728641,2.994622943319051,2
-0.43437235059992396,2.990134448376221,2
-0.4323990504049142,2.9864504176525095,2
-0.4314153873314748,2.9832309849274736,2
-0.432416289470579,2.9781872923409054,2
-0.43317069034527833,2.9723399234594936,2
-0.4329351613503789,2.966028547522626,2
-0.4334423453543792,2.9593789468742315,2
-0.43345191893888213,2.9538740706275455,2
-0.43345655935712024,2.9511219279758123,2
-0.4327181289733151,2.9487087322995293,2
-0.4324808434902625,2.9424009020219266,2
-0.4334782977081826,2.937364169433181,2
-0.43472538107728553,2.930382023694122,2
-0.4359715536747544,2.9234017164450563,2
-0.4377096553916129,2.9180309285774406,2
-0.44043599554503565,2.913127562103842,2
-0.4416869816808706,2.897909211799469,2
-0.4399584425258958,2.8950323701996865,2
-0.439960675904814,2.892285086414354,2
-0.4394695489517666,2.887931172303272,2
-0.43922679883890403,2.8816343729656175,2
-0.4389819129298047,2.8780846604322257,2
-0.44071526562313856,2.872723458976708,2
-0.44170636070339775,2.867699562987717,2
-0.44319163454574095,2.861537869764664,2
-0.4459114203961487,2.856647733852963,2
-0.44813618176794634,2.852897102344599,2
-0.44788949057935135,2.849351033961007,2
-0.44813674521877545,2.8474104140167498,2
-0.44838393480307914,2.8454699253932,2
-0.4498664222980153,2.8420566321815457,2
-0.45110172020864425,2.840583827593445,2
-0.45134861704492657,2.838643929913111,2
-0.44961890689784845,2.835769452086172,2
-0.4481364461490269,2.83369714036586,2
-0.44714796899694775,2.830487425373633,2
-0.4459123725568457,2.8264752816333427,2
-0.44566473806905904,2.822931117400106,2
-0.444429060310064,2.8189191378107097,2
-0.44590979131684705,2.815509390258324,2
-0.4459089020501601,2.8127684098672425,2
-0.44516626458871045,2.8076209311562756,2
-0.4439289656929617,2.800869448533831,2
-0.44367897819836344,2.7945872586255653,2
-0.4436758335075339,2.789108055578396,2
-0.44465977252494326,2.7840986048679035,2
-0.443175690639368,2.779286790114547,2
-0.4439114532231123,2.7734770446175965,2
-0.4441542080368617,2.768802732581861,2
-0.44636848451224864,2.762330490487681,2
-0.4483341942232659,2.7550587415313217,2
-0.4510417822392814,2.7501932282534263,2
-0.45177422701206993,2.744390180112866,2
-0.4544764532221137,2.736792714742954,2
-0.4557031203071613,2.732594556928696,2
-0.45619014824757187,2.7287284189222376,2
-0.4581552834851532,2.724200605073012,2
-0.45913276578222195,2.719204187943351,2
-0.4608539479275571,2.716610329512168,2
-0.4625695893653532,2.711284880120939,2
-0.4637938494110809,2.7070915811730814,2
-0.46501771912610756,2.702899070149506,2
-0.4657506628348784,2.6998377903243096,2
-0.4667317016584267,2.6975769694364615,2
-0.46745799872267746,2.6917863311033514,2
-0.46991590879617107,2.688866329466297,2
-0.47212508946749665,2.6851471492688503,2
-0.47433387980813,2.681428756995686,2
-0.47679087910998597,2.678510593848621,2
-0.48071693202516563,2.6722062552172687,2
-0.483911521235477,2.6689602088648776,2
-0.48661627411274466,2.6668431940889157,2
-0.49005076673427794,2.661671367032902,2
-0.493004053848356,2.660353924779475,2
-0.4974248983080667,2.6556533274181717,2
-0.501356069072525,2.652081433331521,2
-0.5050375183442934,2.647712363325347,2
-0.5099554150138417,2.6446109438392966,2
-0.5134071367589907,2.6448898888959604,2
-0.5178363843513765,2.6429151043833095,2
-0.5207892160796366,2.641598581374879,2
-0.5244802557399577,2.639952927614342,2
-0.527682906543582,2.6394333835443504,2
-0.5308856874574381,2.638913576832934,2
-0.534088598481528,2.638393507480089,2
-0.5380299126030366,2.6375439134129977,2
-0.542959806700468,2.637161051306169,2
-0.5464134150439985,2.6374361880621358,2
-0.5493667672131934,2.6361186144879944,2
-0.5520823953175693,2.636722422373566,2
-0.5560246364744881,2.6358709569863095,2
-0.560955929256929,2.6354852714841392,2
-0.5656370288970827,2.634303362137633,2
-0.569329207021946,2.632655410264608,2
-0.5725198929252535,2.6294172431550322,2
-0.5747210718172227,2.6257142154053597,2
-0.5779110583780191,2.6224774599934584,2
-0.5801260237135786,2.621489378303391,2
-0.5852793837826376,2.6164711407524237,2
-0.5882324757313597,2.6151540924611396,2
-0.5924108796302932,2.6123843973112884,2
-0.5973273288234964,2.6092858997111144,2
-0.6027302965387911,2.6050650678909086,2
-0.6076461602359444,2.60196775217716,2
-0.6108337722849821,2.5987357899713075,2
-0.6145074149427376,2.594382478450772,2
-0.6186842087275295,2.591616033488588,2
-0.6216188302642589,2.587593494229079,2
-0.6257950548167752,2.5848281983231374,2
-0.6309612580302293,2.5825268109821238,2
-0.6363797361497046,2.5810174452226065,2
-0.6393128939463093,2.576997860679157,2
-0.6439739293241047,2.573113677721917,2
-0.6478965778682646,2.569558986648744,2
-0.6503430382412034,2.5666620974572893,2
-0.6527892383936766,2.563765733548692,2
-0.6411229960033076,2.521971529413623,2
-0.6445552877734873,2.5195469204825898,2
-0.6467229522577078,2.513168769679723,2
-0.649417621591871,2.511072109614375,2
-0.65061626618537,2.5069305181975103,2
-0.6518368779033885,2.5054873592605063,2
-0.656280286006286,2.5062267657133575,2
-0.6631422998695307,2.501382735019476,2
-0.669797144067898,2.5011411839309723,2
-0.6710174467741155,2.4996986487673567,2
-0.6764527689276676,2.500898056993904,2
-0.6850905304557191,2.5015783479427824,2
-0.6865645392805266,2.5009249453049662,2
-0.6894881014474024,2.496924730566775,2
-0.6933771217373597,2.4906951462516638,2
-0.6958166212128027,2.487812308376572,2
-0.697265003562773,2.4844678600490404,2
-0.6974936687025757,2.482564764998699,2
-0.6974681886017482,2.4798734238373754,2
-0.6974426109182428,2.4771822796571143,2
-0.7001092142106913,2.472399498428807,2
-0.7005655686635457,2.4685952781388316,2
-0.7039410290077779,2.4607998385795504,2
-0.705869147883913,2.456346746216383,2
-0.7077967463191133,2.451894704418926,2
-0.708987600562379,2.447768838657513,2
-0.7126411411890512,2.4434561052374946,2
-0.71629409631967,2.439144553703894,2
-0.7206825433312289,2.4345093540579867,2
-0.7243342786784055,2.430200264787768,2
-0.7287214083238496,2.4255677243863047,2
-0.7328527175594068,2.4201503193822376,2
-0.7382295005901991,2.4159823441492705,2
-0.7428699134959782,2.4121397898582515,2
-0.747254375881635,2.407512633606043,2
-0.7533653008996968,2.4030237351655686,2
-0.756021251416767,2.3982624577041207,2
-0.7594121896376276,2.393178549865887,2
-0.7623226757260344,2.3892047305911355,2
-0.7647207078057061,2.3836628236200923,2
-0.7666385479733897,2.379230479929678,2
-0.7690680940159709,2.376367734123768,2
-0.7714641744421371,2.3708297667741363,2
-0.7741157174750448,2.366077386291032,2
-0.7765102528421899,2.3605425378083424,2
-0.778903975020377,2.355009330834573,2
-0.7808183672668694,2.3505839471419847,2
-0.7837237953199487,2.3466203380527197,2
-0.786150446409831,2.3437634360185697,2
-0.7887982975648651,2.339018507985962,2
-0.7919591231695726,2.335840617083946,2
-0.7958544485646879,2.332341080710499,2
-0.7989783606317946,2.32649492826258,2
-0.8030930808125731,2.3211110100404895,2
-0.8077213609390732,2.3172929470625583,2
-0.8135610312207895,2.3120503398587857,2
-0.8184457172532298,2.309015959597044,2
-0.8218610459017128,2.3066255925420904,2
-0.8272221506493604,2.3024892656011104,2
-0.8320670607190621,2.2967924019048596,2
-0.8347470275968369,2.294725420320791,2
-0.8393721525501725,2.290913726397477,2
-0.8427861475687592,2.2885260514171506,2
-0.8469343658935102,2.2858172890784267,2
-0.8510823890529089,2.2831089207018422,2
-0.854278225333049,2.282603132476609,2
-0.8569573464943083,2.280537858061816,2
-0.8581265699112421,2.276455656437694,2
-0.8598124433919505,2.2739330723238353,2
-0.861498121707303,2.2714108821721197,2
-0.8611563902342745,2.2653138873002554,2
-0.8598633826536233,2.261417634089753,2
-0.8583117735568386,2.256742130237143,2
-0.8584864969822252,2.252205146837696,2
-0.8576684606404363,2.2472098688338207,2
-0.8573675622757921,2.2437732234348715,2
-0.8563328959907999,2.2406567461493196,2
-0.8555568962770579,2.238319388185154,2
-0.8574563258466998,2.233924208256699,2
-0.8566801309676055,2.2315872442546762,2
-0.8575866543960551,2.226734065193412,2
-0.8580181903218609,2.2229799437556856,2
-0.8589238680337932,2.2181284718636967,2
-0.8590958916718332,2.2135969382738594,2
-0.8590086632425784,2.208287467249061,2
-0.8599129910608383,2.2034387202618753,2
-0.8610316556294269,2.196715801611532,2
-0.8614166498603524,2.19031285409352,2
-0.8613274372500346,2.1850073883504812,2
-0.8614520572128939,2.1778287686798095,2
-0.8611026980274215,2.171747171161627,2
-0.8622174918165637,2.1650320660937403,2
-0.8618669941665509,2.158952766688042,2
-0.8625074672679975,2.153335373206385,2
-0.8636661517560196,2.1492744455378663,2
-0.8662883711950435,2.144581257866438,2
-0.8691695011620091,2.1406666970637147,2
-0.871271216021599,2.1344216726342964,2
-0.8748828936806277,2.1301934440934964,2
-0.8770305484752683,2.1265984604609685,2
-0.9155773766457642,2.136588407244382,2
-0.9140144479586638,2.131935753195947,2
-0.9129230263254566,2.1261910671821482,2
-0.913295139643262,2.1198141211654296,2
-0.9146589555825884,2.1138976037147366,2
-0.911110702526484,2.108327966495324,2
-0.9107496822113301,2.1022699082150567,2
-0.9111196324465016,2.095897328612068,2
-0.9085129622856218,2.088146516517636,2
-0.9110751898843716,2.0808316533234574,2
-0.908676968985759,2.071218554090443,2
-0.9110274295112859,2.0657726753912407,2
-0.9111847019016004,2.0612709187732214,2
-0.9125421099119286,2.0553673364128144,2
-0.9134291493329059,2.0505534879052796,2
-0.9150462322687911,2.045426989395203,2
-0.9159322145441191,2.0406152748492588,2
-0.9163484950450425,2.0368919481188783,2
-0.9172336316038514,2.03208194074222,2
-0.9173880578328077,2.0275859294054186,2
-0.918533584923459,2.0235515613512405,2
-0.9191560540213395,2.017970510877081,2
-0.9188407134207726,2.014563018676551,2
-0.9184710245113088,2.0085224588813766,2
-0.9176325120715152,2.003568514072125,2
-0.9180463530055594,1.9998501118685024,2
-0.9187213976604074,1.9969057074784402,2
-0.9196577436187283,1.994735103920867,2
-0.9208004733393587,1.99070638265737,2
-0.9224660008322942,1.9882248690966975,2
-0.9253286714098685,1.9843475705464702,2
-0.9286025807168219,1.976757122621171,2
-0.932922508426639,1.9722602365168935,2
-0.9367177192382101,1.9662200166708352,2
-0.9378001318429803,1.959570276488158,2
-0.9391437806961118,1.9536944684586892,2
-0.9414778148046548,1.9482817482396815,2
-0.944539908247048,1.94256038329989,2
-0.9452105779452893,1.9396248102278175,2
-0.9478049375305595,1.934987860651999,2
-0.950864802835202,1.92927099344665,2
-0.9561094804287773,1.9226269117020003,2
-0.9594299314306127,1.9176852898569887,2
-0.962486722880989,1.9119746275553595,2
-0.9667968923232912,1.9074974395581261,2
-0.9693866004677112,1.9028698794133287,2
-0.9719756580609626,1.8982436324756726,2
-0.9740375917166446,1.8920789106626383,2
-0.975370473947951,1.8862248362112695,2
-0.9784219308787492,1.8805249422081616,2
-0.9795521212256233,1.8765215330122125,2
-0.9821376495787941,1.871902410223269,2
-0.9851866994702689,1.8662073750865638,2
-0.9873067546316232,1.8626681042667919,2
-0.9891626623281411,1.8583607778957543,2
-0.9902904456356918,1.8543622275662148,2
-0.9926090291540053,1.848980696016696,2
-0.9947272627720842,1.8454451021769032,2
-0.9955896788313652,1.8406809585594779,2
-0.9983694419037814,1.83422824220788,2
-0.9980402770909009,1.8308486556590076,2
-1.000355445215579,1.8254740184469505,2
-0.9992986601908864,1.8224021902040342,2
-0.999167454502695,1.8171814919816462,2
-1.0024059575623419,1.8096625153547432,2
-1.0037269997623923,1.8038323412732602,2
-1.0050472613010442,1.7980037430403293,2
-1.0063667421782903,1.7921767206559736,2
-1.0082146480954464,1.7878855467327135,2
-1.0114472311394689,1.7803785202907516,2
-1.0130289240918309,1.775323460248881,2
-1.015601067354721,1.7707313566967713,2
-1.0193599611473516,1.7647644466391004,2
-1.0221265505586246,1.758338322732012,2
-1.0227833797807726,1.7554306881417698,2
-1.0240964527290224,1.7496166008477054,2
-1.0259392192919528,1.7453358012608184,2
-1.0265250948866473,1.7398286186880796,2
-1.027110384985292,1.7343226180017624,2
-1.0276950895878887,1.7288177992018632,2
-1.0268282619085216,1.7239210117332249,2
-1.0276774392515318,1.7191835918810217,2
-1.0287916260396806,1.7152124875806294,2
-1.0291801605332989,1.7115451691346149,2
-1.0297624743603517,1.7060451763709423,2
-1.0308036257573114,1.6994787263508933,2
-1.0314566980464654,1.6965786755318621,2
-1.0332214037104368,1.6897126747504458,2
-1.0343328419198983,1.685747118750207,2
-1.036168647585333,1.681480370479683,2
-1.0395264837743685,1.6792060581054002,2
-1.0426181232623826,1.6761678267823328,2
-1.0441864636520286,1.671139720316944,2
-1.0467448802852815,1.6665753254354048,2
-1.0470549635492397,1.660323593719136,2
-1.0486212872302634,1.6552995581958712,2
-1.0506448708946063,1.649212249943524,2
-1.05240102181072,1.6423635178359532,2
-1.052325758281782,1.6397726698507373,2
-1.0554131854509894,1.6367429415438792,2
-1.0545007499988355,1.6222683818310681,2
-1.0558720908267638,1.6190794500586563,2
-1.0574333402086822,1.614065657551052,2
-1.0597943832132959,1.6113411924565995,2
-1.0628787690557964,1.608317603393104,2
-1.064705336894649,1.6040695026639131,2
-1.0672548572406804,1.5995230658899668,2
-1.0690803191425484,1.595277197612912,2
-1.0709052606034817,1.5910323799015664,2
-1.0741762371890093,1.5861906274592688,2
-1.0784370297976817,1.5818131118836813,2
-1.0812507789274477,1.5780345665101052,2
-1.0842520458356564,1.5724359864375632,2
-1.0855386738789345,1.5666752810135876,2
-1.0890735051812754,1.5626021750657664,2
-1.0935178472062645,1.556412635354743,2
-1.0967832615793114,1.5515821108334649,2
-1.1005025693333863,1.5456951094300369,2
-1.104488919504993,1.5405703198061182,2
-1.107751764200927,1.5357449824530285,2
-1.1107454521880324,1.5301617012436228,2
-1.1142751116085883,1.5260990352925354,2
-1.1185266013355601,1.521740298579001,2
-1.1222400053377886,1.5158652145303328,2
-1.1252300177107966,1.5102893529412462,2
-1.1283035230850107,1.5072877272671086,2
-1.1304701849963656,1.5063971512069099,2
-1.133812277847138,1.5041546184453285,2
-1.136885116406411,1.501154338808501,2
-1.1414019083265394,1.4975613267035577,2
-1.1459182448608551,1.493969233843611,2
-1.1514256497293065,1.4908388499266394,2
-1.155402030204268,1.4857341852020909,2
-1.1593774999075954,1.4806313589675248,2
-1.1620906140128806,1.4743131806870444,2
-1.162637261372165,1.4688851845046287,2
-1.1653483262412667,1.4625711428266257,2
-1.166163479758211,1.4579024037076564,2
-1.1662566403309427,1.45353006365292,2
-1.1658094057222854,1.4476460381483953,2
-1.1673444704196996,1.4426851022280243,2
-1.167525547741585,1.440878068279705,2
-1.1668961624016152,1.4368032435152713,2
-1.1675280592502641,1.4339459375885273,2
-1.1688808593699118,1.4307944322194999,2
-1.170954416386552,1.427349022879799,2
-1.1740189441546534,1.4243655194641374,2
-1.1779841676770868,1.4192833762419728,2
-1.181768736735897,1.4160074133834843,2
-1.1851910604549456,1.4094186405589983,2
-1.1891536167175918,1.4043418814860953,2
-1.19239457036673,1.3995607335531393,2
-1.193651565804318,1.3938598447142265,2
-1.196170363871456,1.3893754241472873,2
-1.1994089755363913,1.3845990037600266,2
-1.2030959508974313,1.3787772687512767,2
-1.205790133963733,1.3724973047984648,2
-1.2071367863748446,1.3693582092368768,2
-1.2089318675371832,1.3651736677330888,2
-1.2098292129529984,1.3630817909433368,2
-1.2106318921513015,1.358438232571201,2
-1.2118824471323286,1.3527503444829385,2
-1.2151153664745458,1.3479854146581154,2
-1.2169078454322122,1.3438061259828693,2
-1.2189716441813303,1.340380414750216,2
-1.221210941776075,1.3351589303204339,2
-1.2222821596595939,1.3312745633513963,2
-1.2235284860580329,1.3255952111095173,2
-1.225765588042588,1.3203781587538188,2
-1.2267381388189058,1.3139501864262932,2
-1.226893038342972,1.305268934221509,2
-1.2284081961746516,1.3003481824395084,2
-1.2315349020161257,1.2930548804589836,2
-1.2310656625142222,1.28721527418584,2
-1.2328510504641539,1.283050299468382,2
-1.2346359179731579,1.2788863753166382,2
-1.2357015899079702,1.2750132034384354,2
-1.235775591748812,1.270679537333864,2
-1.2372862933049955,1.2657677810207506,2
-1.238077913133445,1.2611465471699361,2
-1.239587394906188,1.2562372531202044,2
-1.241096226127766,1.2513292722776068,2
-1.2435955889787635,1.246884083773871,2
-1.2458212249989877,1.241690176693952,2
-1.2483192054287588,1.2372477787553748,2
-1.2510897742247629,1.233556397505474,2
-1.2533132146347956,1.2283669224996423,2
-1.2555358418558669,1.223179089002727,2
-1.2582019211117235,1.216955855598206,2
-1.2605932326549318,1.2099860047489237,2
-1.262095460782156,1.2050913529587586,2
-1.2643145099718058,1.199910742101098,2
-1.2646543507105186,1.1963417172092345,2
-1.2661547735582523,1.191450709568878,2
-1.2664939312182426,1.1878830635445041,2
-1.2679932806565457,1.1829942226959265,2
-1.267952920843273,1.1761486323550265,2
-1.2684598520537644,1.1708008074682823,2
-1.2695143670360522,1.1669501570924687,2
-1.2689661977682078,1.1654541644679508,2
-1.2625995526736826,1.1525610984166281,2
-1.264643444557077,1.1491755713223402,2
-1.2649798699021577,1.1456134407679457,2
-1.2641574208350388,1.1433698457933144,2
-1.2637771552279347,1.1400934116649974,2
-1.2631225772939985,1.1360694408469154,2
-1.262909792489367,1.1310134187994247,2
-1.2615387187685858,1.1272747504452756,2
-1.2606094056495607,1.122504096522075,2
-1.2606700386639034,1.1181974168241595,2
-1.2601817542765659,1.1123962546899318,2
-1.259251660496135,1.107627176615292,2
-1.2590369565655593,1.1025750285288574,2
-1.2593706170681784,1.0990184791047906,2
-1.2591551975313244,1.0939677755462007,2
-1.2575087380742858,1.0894837372940707,2
-1.258282418954284,1.084898715130043,2
-1.261035016274283,1.0812436112272774,2
-1.263512504342268,1.0768425793135012,2
-1.2662640445166211,1.073189609372335,2
-1.2691805283438953,1.0677621730198368,2
-1.271106236585057,1.0618724367811474,2
-1.2721512209927361,1.058041024889885,2
-1.27418558230152,1.0546747362801447,2
-1.2752297697840191,1.0508449330676228,2
-1.2769882249156108,1.046734325125609,2
-1.2792965082205239,1.0441163611299125,2
-1.2811651614787625,1.0425260819498945,2
-1.283197733771832,1.0391634046597815,2
-1.2859444273399845,1.035520218111781,2
-1.2886906329947614,1.0318780164691361,2
-1.2902830222726624,1.029544140220768,2
-1.2918752163852165,1.0272106579345426,2
-1.2946203161030034,1.0235706887440266,2
-1.294670702936461,1.0192846920585037,2
-1.2957106618363703,1.0154634246923706,2
-1.2943321067771603,1.0117398582202917,2
-1.2933918643985116,1.0069912661769784,2
-1.2937168725706023,1.0034521824078269,2
-1.2927761748061428,0.998704509609512,2
-1.2921110742070638,0.9947017799168609,2
-1.2914458109701936,0.9906993785259957,2
-1.291931761905527,0.985393904569392,2
-1.2898389554610077,0.9819511099966256,2
-1.2894490454328373,0.9786941441641019,2
-1.2889447249592099,0.9729253525857882,2
-1.2898195613046255,0.9708789127629487,2
-1.288002628509739,0.9681805031828183,2
-1.2876121817768542,0.9649246207461744,2
-1.2869456662289895,0.9609247472790479,2
-1.2855659727052355,0.9572034789194568,2
-1.28627898804333,0.9569252021137036,2
-1.2840251900442272,0.9552488962189187,2
-1.2817715872104731,0.9535721963619963,2
-1.277977787211766,0.9499397319181178,2
-1.2734718501190425,0.9465837714503547,2
-1.2716560883162522,0.9438829980973704,2
-1.2679783739322588,0.9427589778909038,2
-1.2660485106958212,0.9375457550187463,2
-1.2625327962207145,0.9346532106632299,2
-1.2590175696589867,0.9317596814023634,2
-1.2574784946947943,0.9298016515330971,2
-1.2563761710883607,0.926821747789722,2
-1.255549428383537,0.924586819982192,2
-1.2534594355728146,0.9211383457885596,2
-1.2513696053998853,0.9176895432931431,2
-1.2480169805068755,0.9130262751666329,2
-1.2439530317088092,0.9086378695073201,2
-1.2407160207809174,0.9064839976933925,2
-1.2385126746703854,0.900521563792374,2
-1.2351618062655305,0.8958547500065919,2
-1.2320867464551917,0.8919324525341565,2
-1.230434627202996,0.8874598391841104,2
-1.2287825079507986,0.8829872258340679,2
-1.226969982640071,0.8802799192755817,2
-1.224721844436127,0.8785921884787111,2
-1.223184916290787,0.8766298250258959,2
-1.222083763676455,0.8736475575096794,2
-1.2202717262791047,0.870939266045843,2
-1.2181845633659645,0.8674850794011633,2
-1.216533029609817,0.8630112841646991,2
-1.2127496709573524,0.8593577427462815,2
-1.2094022342099038,0.8546840017928528,2
-1.2060552528482766,0.8500093415944292,2
-1.2024336176204553,0.8445878341399986,2
-1.1990875795580163,0.8399112697912283,2
-1.1947569461455636,0.8347599300884827,2
-1.1916869606343319,0.8308273896003833,2
-1.1879075540802084,0.8271658704486136,2
-1.1845635327263935,0.8224852351577212,2
-1.1820446114357033,0.8200428435223763,2
-1.1796857871917386,0.8158357688688653,2
-1.176183100003767,0.8129169275404458,2
-1.1728407050278697,0.8082330092317118,2
-1.1683550326040173,0.804836142361653,2
-1.1655631163526134,0.8016435547921006,2
-1.1634806048803217,0.7981799787164015,2
-1.1611236021796287,0.7939692270829024,2
-1.159041432246699,0.7905049615734576,2
-1.1594756789824618,0.78948814354683,2
-1.1573936066322084,0.7860236810563155,2
-1.1548775802942153,0.7835754456492161,2
-1.1520872416293901,0.7803796735523587,2
-1.149297228240151,0.7771832448519351,2
-1.1472160341339723,0.7737170095317829,2
-1.1434437023237969,0.7700412092524012,2
-1.139946382182961,0.7671115339651031,2
-1.136449549955497,0.764180873772462,2
-1.132953205641412,0.7612492286744637,2
-1.1301654203899236,0.7580483022395939,2
-1.1268294333430244,0.7533514488405721,2
-1.1226266117300856,0.7506848828166071,2
-1.1188580856442378,0.7470014002754759,2
-1.1150901450544488,0.7433167358479249,2
-1.1118708941734354,0.7411270134791756,2
-1.110341170882279,0.7391501062573234,2
-1.1093595843314095,0.7386692573203391,2
-1.1075560203630168,0.7359438613335545,2
-1.106893408122156,0.7319361086236036,2
-1.106504669086089,0.7286767790182385,2
-1.1047012514917114,0.725951087559844,2
-1.1009356040947864,0.7222617940771379,2
-1.0996805184060463,0.7210317669414756,2
-1.0966226982016494,0.7170746694799259,2
-1.0937244058117095,0.7113540380564487,2
-1.0896866579619235,0.7069127429797195,2
-1.0876106520013096,0.7034360348326612,2
-1.08651528929237,0.7004420797729249,2
-1.0827525693756979,0.6967468768581107,2
-1.0796968959901605,0.6927854458130085,2
-1.0766416129353225,0.6888232268436276,2
-1.07499925195064,0.6843309153865356,2
-1.0719445543918482,0.6803675145307331,2
-1.0703023885725163,0.6758748091115034,2
-1.0693661958748883,0.6711180423537702,2
-1.067997643039881,0.6673742853219711,2
-1.0663553796378764,0.6628817768838129,2
-1.0656925397041093,0.6588744837963567,2
-1.0647557940379908,0.6541188332646932,2
-1.0640926125648598,0.6501122296109862,2
-1.0641347211347032,0.6458429434862794,2
-1.0634711330670896,0.6418371605870377,2
-1.0604177366106384,0.637871133316958,2
-1.0594802590744532,0.6331169601433224,2
-1.057563715873174,0.6278768493550437,2
-1.0549422241682809,0.6228987316040282,2
-1.0516161254991374,0.6181819174565355,2
-1.0461763197836937,0.6142487843083408,2
-1.0431251026736525,0.6102783577943569,2
-1.039096169792188,0.6058192687609303,2
-1.0347943883240216,0.6006096883216863,2
-1.0300626049664583,0.596408357232507,2
-1.0274441871158313,0.5914240345777753,2
-1.0236913230493538,0.5877089365748382,2
-1.0199390444789227,0.583992656685485,2
-1.0188456334234868,0.580994762004341,2
-1.0166178899986544,0.5792658621637461,2
-1.0160712495260533,0.5777667835024651,2
-1.0169321640764757,0.5757484463123461,2
-1.0162690964497987,0.5717416128473918,2
-1.016582882614248,0.5682251819013402,2
-1.01803007411268,0.5634416274349157,2
-1.014982369978945,0.5594641096023985,2
-1.0151783465680815,0.5534427144178444,2
-1.0133811417373568,0.5507044818312963,2
-1.0108808587376235,0.5482244668114991,2
-1.007560631292769,0.5434958009695965,2
-1.006037380985731,0.5415058273367368,2
-1.0025615615609844,0.5385327505535891,2
-0.9988129423408783,0.5348090838740891,2
-0.9946353621132396,0.5320915654132357,2
-0.9901852748382627,0.5286228661128174,2
-0.9869847760946584,0.5263952905483684,2
-0.9849166905945115,0.5229025941044192,2
-0.9828487677321558,0.519409569358686,2
-0.9816395800738107,0.5139026066667434,2
-0.9800010248134612,0.5094026129479055,2
-0.9793377294938743,0.5053962391054512,2
-0.9782452942651894,0.5023963746136069,2
-0.9781280213945962,0.49989032697921587,2
-0.9780106509413287,0.49738447632589633,2
-0.9774643682718693,0.4958846754006867,2
-0.9769180856024118,0.49438487447548063,2
-0.9741486621576279,0.4911468827691916,2
-0.9729006186852782,0.4899026401662745,2
-0.973173711228668,0.49065263911941415,2
-0.9745773954722452,0.49014119417303803,2
-0.9755902263884604,0.486374687544485,2
-0.9760188133290644,0.4853692944199466,2
-0.9761741613522652,0.48361419781387127,2
-0.9744975309393098,0.4833753483354961,2
-0.9711444652787478,0.4828972554166171,2
-0.9705982476644053,0.48139732317069317,2
-0.9692327036285509,0.4776474925558851,2
-0.9679849529042261,0.47640265900976075,2
-0.9664641909554064,0.4744076623596065,2
-0.9647881785660584,0.47416756533445437,2
-0.962293197558342,0.47167684767649476,2
-0.9602268197550075,0.46818070406381374,2
-0.9580052890938262,0.4664392630950722,2
-0.9548098158579954,0.464201543005494,2
-0.9534452476488919,0.4604497425799803,2
-0.9520806794397902,0.4566979421544719,2
-0.949742249974932,0.45244969845723304,2
-0.948650660462766,0.4494481267961099,2
-0.9478319683286429,0.44719694805026755,2
-0.9479869748124798,0.4454425408779379,2
-0.9472861735725573,0.44569616221970776,2
-0.945493847875591,0.44294808057964197,2
-0.9437016522888548,0.440199736298144,2
-0.9435836800757542,0.4376951003614291,2
-0.943738507658022,0.43594105432105934,2
-0.9441661838269937,0.43493749968650874,2
-0.9423740207678151,0.43218908974466075,2
-0.9401544092325764,0.43044377481485796,2
-0.9396086795316112,0.42894285766358564,2
-0.9392175822475597,0.4256882884340847,2
-0.9381260577905124,0.4226865854522526,2
-0.9384349973487609,0.4191799378993668,2
-0.9385893695452108,0.41742681110399005,2
-0.9383164396396104,0.4166764838490664,2
-0.9362516882141971,0.41317705721854736,2
-0.9373789458396473,0.41192234350560497,2
-0.9366788602060119,0.4121745203195246,2
-0.9361330003948112,0.41067386580967913,2
-0.9344599968046143,0.4104276952015251,2
-0.9350412807724133,0.4076725567899864,2
-0.9344954209612144,0.40617190228013555,2
-0.9325497151583235,0.4051749447945596,2
-0.9303312746151899,0.40342726609191537,2
-0.9313040299339566,0.40392594181577834,2
-0.9304853865911706,0.40167466457940293,2
-0.929085703237277,0.40217803330188495,2
-0.9289669503627742,0.39967497321372925,2
-0.9291209810198602,0.39792253585210347,2
-0.9290020492437865,0.3954198368959112,2
-0.9304360833448531,0.39066284204381496,2
-0.9314429291903252,0.3869084169209174,2
-0.93159643940648,0.3851570301250007,2
-0.9326027322834562,0.38140372122816757,2
-0.9334554498891663,0.379401930447969,2
-0.934461124742537,0.37564986909791465,2
-0.9330953367499948,0.3719005309357861,2
-0.9322758639544713,0.3696509280385065,2
-0.9309100759619273,0.3659015898763762,2
-0.930090603166402,0.3636519869791002,2
-0.9296646346942481,0.364652094444919,2
-0.928965508623584,0.3649023342783142,2
-0.926442064356765,0.36665335822538125,2
-0.926169004340931,0.3659032936118862,2
-0.9263219778523695,0.364152990211851,2
-0.9244977247113315,0.3656536430048174,2
-0.922280520215411,0.36390346920861205,2
-0.9221605475574695,0.361402871383838,2
-0.9200965605296787,0.35790190173493386,2
-0.9198235655689615,0.35715170580072453,2
-0.91620911728603,0.3558999762002486,2
-0.91620911728603,0.3558999762002486,2
