-2.4897142331121476,7.864669601562767,2
-2.4869729195313734,7.86453507860185,2
-2.486662345863703,7.863564969578764,2
-2.4877831564464365,7.864256478345439,2
-2.4903354387833154,7.866610249023058,2
-2.4922665932301307,7.867023944792539,2
-2.4953187235445284,7.868130366002028,2
-2.4975606558344143,7.869515673743997,2
-2.4980602899138944,7.868266749757446,2
-2.4958183576240085,7.866881442015469,2
-2.494197786567499,7.8674379268381,2
-2.4964396799668354,7.868822948303993,2
-2.4964396799668354,7.868822948303993,2
-2.494508428293635,7.868408536844324,2
-2.4964396799668354,7.868822948303993,2
-2.4964396799668354,7.868822948303993,2
-2.494508428293635,7.868408536844324,2
-2.4969393140463136,7.867574024317438,2
-2.4964396799668354,7.868822948303993,2
-2.497249984940364,7.868544849030716,2
-2.4964396799668354,7.868822948303993,2
-2.497249984940364,7.868544849030716,2
-2.4977496092972054,7.867295853475145,2
-2.49999159992292,7.86868159063123,2
-2.4991812852267543,7.868959618335488,2
-2.4978713267284665,7.870486498457279,2
-2.496750341138247,7.8697937014482555,2
-2.4975606558344143,7.869515673743997,2
-2.4975606558344143,7.869515673743997,2
-2.4978713267284665,7.870486498457279,2
-2.496250677890851,7.871042410727753,2
-2.4965613293396274,7.872013092302996,2
-2.4965613293396274,7.872013092302996,2
-2.4965613293396274,7.872013092302996,2
-2.4999243736140304,7.874092127451242,2
-2.5013561176020467,7.875756393294722,2
-2.5015451002327502,7.873536787732924,2
-2.5023554635421092,7.873259117873765,2
-2.503976190160831,7.872703778155444,2
-2.5051642464977277,7.867984893240148,2
-2.5045427297021394,7.866041955571244,2
-2.5039212129065476,7.864099017902337,2
-2.5028001787031364,7.863405863048214,2
-2.503799194073501,7.8609061542806025,2
-2.5049867740011322,7.856183762483365,2
-2.5059855754734564,7.853682479197332,2
-2.5066734629857734,7.8502085819725345,2
-2.5070503782022584,7.845761641394862,2
-2.5066170467810416,7.8415932295045785,2
-2.50580695570555,7.841872903296277,2
-2.5041867735545704,7.842432250879671,2
-2.5025665914035926,7.842991598463069,2
-2.5019449579363418,7.8410478019659315,2
-2.504064326925443,7.839236238221094,2
-2.5037534810239066,7.838264125265468,2
-2.5020109203022667,7.835627961173415,2
-2.5007675755866643,7.831739795626987,2
-2.5011441213428967,7.827290135426587,2
-2.5003997398447417,7.822148107631271,2
-2.499966136189654,7.817977691808448,2
-2.5003422735950807,7.813525025709232,2
-2.499597571249863,7.808380636136288,2
-2.498043050063023,7.803517924287576,2
-2.4972982018782304,7.798372461179341,2
-2.496864180149702,7.794198967888686,2
-2.49530956173648,7.789335540349782,2
-2.4937549433232586,7.7844721128108745,2
-2.4920126645581284,7.781838024220388,2
-2.4907690087181056,7.777947568465343,2
-2.489525352878079,7.774057112710295,2
-2.489091088083594,7.769881830194162,2
-2.487536469670374,7.765018402655258,6
-2.4867911450763156,7.759869432665077,6
-2.485734780127949,7.753746918338884,6
-2.4846782985079248,7.74762354518446,6
-2.4836217002162417,7.741499313201807,6
-2.4841831062045845,7.734799702175447,6
-2.48312615789793,7.728672893708101,6
-2.4817580817332274,7.721571896783573,6
-2.4795810034285104,7.714758589380892,6
-2.4785237439974317,7.708629490704933,6
-2.4785861576004145,7.7031835272204,6
-2.479270496349791,7.699683507303579,6
-2.4804523301982506,7.694918818215967,6
-2.481136386991121,7.691416722797591,6
-2.481198071396241,7.685965391636614,6
-2.480948414045276,7.679538297500031,6
-2.4769671586722684,7.675540658149416,6
-2.4741057513408116,7.672227442232575,6
-2.471244499571565,7.6689153714200415,6
-2.468880723456124,7.664338488298682,6
-2.467636445367253,7.660443452126401,6
-2.465770028233951,7.65460089786799,6
-2.4664533266610427,7.651093220066109,6
-2.464897881823573,7.646223709160573,6
-2.4625342807156176,7.641648114281558,6
-2.4606678052464854,7.635805130609029,6
-2.458801329777353,7.629962146936492,6
-2.455504734000785,7.622466849446692,6
-2.4515256467760924,7.61848516998737,6
-2.4493483642959752,7.611670359635291,6
-2.446674335359921,7.606125729268474,6
-2.4431926946211178,7.6008790227932685,6
-2.439400295484514,7.594660847483603,6
-2.435111538797507,7.589715714919976,6
-2.4316306758697603,7.58447473396631,6
-2.4278391226026805,7.578262785161321,6
-2.4240478415694735,7.5720528402888725,6
-2.4192638843260035,7.568389267184578,6
-2.415969680318426,7.5609115756735115,6
-2.4121792646000166,7.5547080004437674,6
-2.409010754582729,7.550450225643711,6
-2.4060279409444334,7.543948654953347,6
-2.4035414848565466,7.536174041516947,6
-2.4000627220186423,7.530948519471437,6
-2.3977018724172954,7.526393178624865,6
-2.3953411200423282,7.521838553468488,6
-2.3931657431992974,7.515037770644177,6
-2.390805156109179,7.5104843621611295,6
-2.3881339175702863,7.504960272102839,6
-2.3867652969378454,7.497855267313231,6
-2.3840941847932484,7.492332107652189,6
-2.3812381443580772,7.489058397833965,6
-2.378878023954588,7.484508424663844,6
-2.376828710562089,7.480930278173265,6
-2.3747794749506994,7.477352704234846,6
-2.3714282728496148,7.475360840152028,6
-2.3688835838931634,7.473062964878434,6
-2.3671453205776043,7.47045843429289,6
-2.3654071155978755,7.467854333121458,6
-2.3617458648515868,7.464896224742592,6
-2.357589209373428,7.463218172873656,6
-2.3536179002592927,7.459293748629719,6
-2.3494617600809597,7.457619489918802,6
-2.3461119580397742,7.455637931774753,6
-2.341645827552064,7.452997858181899,6
-2.3355679541633236,7.45097925408114,6
-2.332033515510707,7.451249292850495,6
-2.3286845593390417,7.449273961211119,6
-2.3275682795057087,7.44861580360741,6
-2.324840081763858,7.448577827253445,6
-2.326141737129129,7.446989827189224,6
-2.3274433536038437,7.445401540848927,6
-2.326327112661062,7.444743669521287,6
-2.3255211731520813,7.445053903284201,6
-2.3252108911635574,7.444085941331693,6
-2.3249006091750335,7.443117979379181,6
-2.3245903271865096,7.44215001742667,6
-2.323163872313671,7.4405246851296525,2
-2.3209315848808725,7.439210373854767,2
-2.317954011744561,7.43274737886577,2
-2.316092553156736,7.426941324807167,2
-2.3131151744731895,7.4204797611985605,2
-2.310262964757465,7.417234249573923,2
-2.3077211050887314,7.414957200884928,2
-2.3048691870521463,7.411713836330861,2
-2.3017072689835523,7.407504585325849,2
-2.2993510181900696,7.402983096625377,2
-2.296684728474016,7.397495435197875,2
-2.295134047729265,7.392660993111761,2
-2.295008975987825,7.3894456568179905,2
-2.294883845910558,7.386229891110105,2
-2.2947586574974608,7.383013695988097,2
-2.2957488447123495,7.380449002551018,2
-2.296864298121438,7.381101076788095,2
-2.297174492606217,7.382068394619434,2
-2.2974846870909964,7.38303571245077,2
-2.296864298121438,7.381101076788095,2
-2.298164621485272,7.379503271768243,2
-2.2994649059585583,7.3779051804723,2
-2.301385657182509,7.3782422973912,2
-2.3041117159439573,7.378264528560933,2
-2.306217210728356,7.376350835825644,2
-2.3072070673735485,7.373783709041902,2
-2.309002066271386,7.370900479835679,2
-2.3112917504258643,7.366731898012105,2
-2.3129021321575447,7.366100408857317,2
-2.314512513889225,7.365468919702526,2
-2.3179174958905815,7.3619512670117295,2
-2.3168596919917626,7.355818160470683,2
-2.3183434560825376,7.351959955548065,2
-2.319021990416914,7.348417208926762,2
-2.3205054336606246,7.344556642226504,2
-2.32056251925788,7.339071458919424,2
-2.3206194104023723,7.333584844231964,2
-2.3201818496335385,7.329385299818313,2
-2.319433579080105,7.324214644415303,2
-2.319490003537961,7.31872459441492,2
-2.318247397742862,7.314841868113948,2
-2.319418935317472,7.310001387434966,2
-2.3200962640447145,7.306449766255277,2
-2.319347400410349,7.3012747451420985,2
-2.318909159056844,7.297070190897099,2
-2.319275398816595,7.292544667536298,2
-2.3196414830141308,7.288017999071194,2
-2.318215465660014,7.286395887380046,2
-2.3183984494229506,7.284132123733379,2
-2.3179598580544702,7.279924993003682,2
-2.317704017105614,7.273452380970866,2
-2.3148698054626955,7.284444817638196,2
-2.31585727033889,7.281860084875724,2
-2.314431359933792,7.280238760443794,2
-2.3141206307039113,7.279267506316398,2
-2.3160402249339143,7.279596106522007,2
-2.3138099014740323,7.278296252189001,2
-2.3123840494047574,7.276675357171182,2
-2.3104645621237747,7.276347544224787,2
-2.307923752499965,7.274078224989868,2
-2.3084174168795926,7.2727853576255015,2
-2.3076130718832744,7.273107328707571,2
-2.3076130718832744,7.273107328707571,2
-2.306808726886956,7.273429299789637,2
-2.3052000368943197,7.274073241953776,2
-2.3047063336241393,7.2753658230420655,2
-2.3016720443508234,7.2743907309828835,2
-2.2986378717491665,7.273416497751931,2
-2.2978335559207643,7.273738683541058,2
-2.2978335559207643,7.273738683541058,2
-2.297522982253094,7.272768574517972,2
-2.2972124085854233,7.271798465494882,2
-2.2946721531519927,7.269533225694062,2
-2.29021302296378,7.2669446817950565,2
-2.288294070427897,7.2666208051447185,2
-2.2838353680357653,7.264035410282563,2
-2.280181117588972,7.261128831597549,2
-2.2746085174098596,7.257902813541392,2
-2.2725629472330677,7.254352221123227,2
-2.2725629472330677,7.254352221123227,2
-2.272252577740801,7.25338361504954,2
-2.270334140504742,7.253063531557224,2
-2.270334140504742,7.253063531557224,2
-2.2716318387562655,7.251446402902175,2
-2.2700799912949297,7.246603372533748,2
-2.2699528291862805,7.243372648900845,2
-2.269021691541564,7.240466615972732,2
-2.268400933111751,7.238529260687326,2
-2.2703191272818586,7.238847554954155,2
-2.269570992845358,7.233677901517417,2
-2.267525539340223,7.230128167927479,2
-2.2651697746786486,7.225610257677975,2
-2.264421552738405,7.220439960120061,2
-2.2636732335717777,7.215268946871955,2
-2.2632352352842275,7.211066181852438,2
-2.262797159215573,7.206862844280767,2
-2.2631625628284358,7.202331165984315,2
-2.26352781087909,7.197798342583553,2
-2.263892903367532,7.193264374078485,2
-2.26314390361623,7.188088350999031,2
-2.2607880417282757,7.1835697250593356,2
-2.2592356109086467,7.178722400549759,2
-2.254962867406743,7.173895142160816,2
-2.2531001254306773,7.1680796409916745,2
-2.2510551191668977,7.164533199576621,2
-2.2478966234669446,7.160349140866376,2
-2.2436248425062217,7.155528967810344,2
-2.2439893127458177,7.150990418888046,2
-2.241634238391555,7.146477590038902,6
-2.2403926048602756,7.142602020639856,6
-2.238037666622949,7.138090193756987,6
-2.23648567332204,7.13324608985328,6
-2.234933680021131,7.128401985949566,6
-2.2330712880600387,7.12258906126511,6
-2.2308984974387673,7.11580731579992,2
-2.228233491110956,7.110329101482961,2
-2.2255686014547997,7.104851745994232,2
-2.2229038284703044,7.099375249333736,2
-2.219928812387842,7.092931076996802,2
-2.216953932422312,7.086487906626143,2
-2.213487225655772,7.081351130164478,2
-2.210822997139017,7.075878641369059,2
-2.207667000157075,7.071712975896762,2
-2.2050030535968297,7.066242562602902,2
-2.2024679608842757,7.064015325951292,2
-2.199622732022773,7.060821200882465,2
-2.1975796897319064,7.057289216409298,2
-2.1950449567569663,7.055064627811408,2
-2.1933123131262846,7.052501464118983,2
-2.1910879788115274,7.05124569630183,2
-2.187933197159362,7.047088976956935,2
-2.1862007965946333,7.0445276024899925,2
-2.184468454365735,7.041966657437165,2
-2.1818057328579012,7.0365052618397215,2
-2.1781599022157856,7.033660661925374,2
-2.174514304916981,7.030817779667483,2
-2.1705588825936513,7.027010299200985,2
-2.168206977819441,7.022520801852114,2
-2.163760487060877,7.020025297678124,2
-2.1612273680438783,7.017812589537421,2
-2.1594958814071425,7.015257942558286,2
-2.1572729277070053,7.014012337541871,2
-2.1563430442826146,7.01111553701724,2
-2.1551031997167627,7.007253136317736,2
-2.154974715329317,7.00401267929821,6
-2.153243432867983,7.001459535268477,6
-2.152003588302131,6.997597134568974,6
-2.1507637437362774,6.993734733869466,6
-2.148412694554228,6.989251534594292,6
-2.146862937460101,6.9844238915650045,6
-2.144512034117625,6.979941765825117,2
-2.162595687274539,7.024915375687435,2
-2.1606073874251237,7.015880959773554,2
-2.1570160367132267,7.0075319960549685,2
-2.1573789124401586,7.002981709813515,2
-2.1569402724584865,6.99877422123873,2
-2.156501554695712,6.994566160111788,2
-2.1555714962638337,6.991668071344812,2
-2.154641437831957,6.988769982577839,2
-2.1537113794000806,6.985871893810863,2
-2.1530913404454957,6.983939834632881,2
-2.1527813209682023,6.982973805043887,2
-2.151670106629366,6.982352934899193,2
-2.150868911767823,6.9826980943434975,2
-2.15006771690628,6.983043253787798,2
-2.1491377459781464,6.980145809141995,2
-2.1482077750500146,6.9772483644961945,2
-2.1461667161773423,6.973730980102953,2
-2.1438157642216673,6.96924849651797,2
-2.1433768908966844,6.965039290286718,2
-2.1426279494812146,6.959863696621383,2
-2.1415170073762475,6.959244830409233,2
-2.1437389110314573,6.960482705971575,2
-2.144849892026974,6.961101858459799,2
-2.1445398822723227,6.96013590043983,2
-2.1439198627630134,6.9582039843998835,2
-2.1437389110314573,6.960482705971575,2
-2.143247930099969,6.96179532638525,2
-2.1443589110954893,6.962414478873477,2
-2.143247930099969,6.96179532638525,2
-2.1421369685497282,6.961176317035058,2
-2.1426279494812146,6.959863696621383,2
-2.1434289109994396,6.959516819520619,2
-2.1423179591718355,6.95889788173945,2
-2.139605142643603,6.95897312757392,2
-2.1376933168015153,6.958701711014687,2
-2.13529051975058,6.9597429864381475,2
-2.1349806072223085,6.958777744108367,2
-2.1362725205041073,6.957118031886871,2
-2.1354716075990705,6.957465266832731,2
-2.1351616853481623,6.956499952933928,2
-2.1370734334091424,6.956770796941008,2
-2.1370734334091424,6.956770796941008,2
-2.1376933168015153,6.958701711014687,2
-2.138804200570654,6.959320147812722,2
-2.1413359973088575,6.961523122566803,2
-2.1421369685497282,6.961176317035058,2
-2.1437389110314573,6.960482705971575,2
-2.1458317955541233,6.958476188218331,2
-2.14663275707235,6.958129311117567,2
-2.146942795994917,6.959095483844596,2
-2.1472528349174844,6.960061656571625,2
-2.146451853953982,6.960408390534354,2
-2.145960892467773,6.961721154086067,2
-2.146761883153914,6.961374491692361,2
-2.1481829516851914,6.962960174752716,2
-2.149604059107027,6.964546144089148,2
-2.1518262544413798,6.965786166722069,2
-2.1546687026283617,6.968959823051392,2
-2.1572011993965177,6.971167950774859,2
-2.1592427832916563,6.974689199895138,2
-2.1619563970762137,6.974619822720246,2
-2.1641790590972043,6.97586328066609,2
-2.1668928089987016,6.975794905457466,2
-2.1696066172360293,6.975726959662957,2
-2.1734319606592507,6.976282245790774,2
-2.1775677610784854,6.977806782113447,2
-2.1797909092313876,6.979053818510248,2
-2.182815427253315,6.979956983705097,2
-2.186641373480107,6.9805167071121055,2
-2.1907779030972048,6.982046611111219,2
-2.19460419933897,6.982608911002924,2
-2.1992320307346134,6.982828556365998,2
-2.2049720292876387,6.983676085637647,2
-2.2100911138486445,6.98258511451958,2
-2.2132967877775354,6.981211061092139,2
-2.216011743286167,6.981151560441901,2
-2.2179253192031307,6.9814358594246,2
-2.220771150868204,6.984634421772622,2
-2.2237971175632225,6.985548250751336,2
-2.2268232009299034,6.9864629385582795,2
-2.22904786581436,6.987721139722087,2
-2.232875717678235,6.988294890656864,2
-2.2371943949113895,6.987554876073663,2
-2.239910021282059,6.9875003136857465,2
-2.242625705988557,6.987446180711952,2
-2.2445398555411717,6.987734702266785,2
-2.2464540439843432,6.98802351009769,2
-2.248368271318064,6.98831260420468,2
-2.249971497188035,6.987628440251733,2
-2.251084160199964,6.988259974180291,2
-2.2534890281728384,6.987233942957925,6
-2.255893896145711,6.986207911735558,6
-2.2582987641185817,6.9851818805131956,6
-2.261014798840055,6.985130324024084,6
-2.26341969598084,6.984104507508778,6
-2.2656453914649504,6.985370294988627,6
-2.2694745072717897,6.9859533498959046,6
-2.272011670906277,6.988195830748612,6
-2.273926364926634,6.9884883601685175,6
-2.274237658069529,6.989463765299028,6
-2.277133205572106,6.9871228950233935,6
-2.280472419660301,6.989026514505483,6
-2.2828776376481468,6.988003059767809,6
-2.2859056947103813,6.988932276085663,6
-2.2889338684442713,6.989862351231746,2
-2.2911603611847084,6.991134007371173,2
-2.2933869317062516,6.992406236062742,2
-2.2943675518451556,6.989771118710731,2
-2.295971147175379,6.989089674380516,2
-2.298999651478969,6.990022182873247,2
-2.3028301090098804,6.990615114305189,2
-2.3063490886677727,6.990231280795246,2
-2.3106700021077096,6.989507727086465,2
-2.3138774261114747,6.988146556082491,2
-2.3141891470504508,6.989125110249848,2
-2.315792878497607,6.988444667885901,2
-2.317396609944769,6.987764225521946,2
-2.319490418118061,6.985764506825532,2
-2.319490418118061,6.985764506825532,2
-2.3202922741190015,6.985424214074545,2
-2.3215841679555247,6.983764358715007,2
-2.3251034101246475,6.983382457568581,2
-2.3283108341284144,6.98202128656461,2
-2.3300925519024815,6.979040294078107,2
-2.331874153004886,6.976058442763367,2
-2.333967620885847,6.974056219151279,2
-2.3371748504368437,6.972693616766922,2
-2.3387784652123482,6.972012315574737,2
-2.339892324108771,6.972652652492663,2
-2.3410062024504725,6.973293132548626,2
-2.3435460981462928,6.9755557242957344,2
-2.34626377599362,6.975516262970881,2
-2.348491766020338,6.976798940739268,2
-2.3512095799846,6.976760481380687,2
-2.3542396399103005,6.977704440916497,2
-2.3566453829206093,6.976684850905865,2
-2.3585614478329546,6.976987471557489,2
-2.3615917508246067,6.977933220318782,2
-2.3646221704879196,6.978879827908312,2
-2.3676527068228914,6.979827294326068,2
-2.369881357989005,6.981114838787761,2
-2.3706833598295187,6.980775619572057,2
-2.3714853616700324,6.98043640035635,2
-2.3719749911548167,6.979113831848995,2
-2.3719749911548167,6.979113831848995,2
-2.3719749911548167,6.979113831848995,2
-2.3742037589925893,6.980402235138925,2
-2.3782138168083495,6.978706496905495,2
-2.3836508836873236,6.978640170403175,2
-2.3895776675548213,6.9772519195146785,2
-2.39501516222988,6.977188742049208,2
-2.3990254631115935,6.9754947930412605,2
-2.4041505562630014,6.974448051577085,2
-2.408473686464445,6.973740815604689,2
-2.412796913892274,6.973034295322485,2
-2.4171202385464827,6.972328490730476,2
-2.420504880788741,6.968661115651425,2
-2.4230872684018863,6.96533109899358,2
-2.4264715411838935,6.961661004291798,2
-2.427762589150891,6.959994922427583,2
-2.4311465799763887,6.956322752224249,2
-2.432437501549094,6.9546557399627815,2
-2.4327506031026935,6.955644456930877,2
-2.4329263921133695,6.953327732209971,2
-2.430833497868065,6.955334178394192,2
-2.4319870582846583,6.950361366598646,2
-2.4351949100845047,6.949003344631517,2
-2.433766666246237,6.947364843634961,2
-2.4334535258020864,6.946375840390793,2
-2.433140385357934,6.9453868371466285,2
-2.431085938412469,6.941770902213893,2
-2.433316009083761,6.943068895752397,2
-2.435232987924092,6.943378243891825,2
-2.435897249425601,6.939730433950281,2
-2.4397312459968177,6.940349416505214,2
-2.439906675269878,6.938030043730603,2
-2.4418237027234007,6.93833974971513,2
-2.440745996584207,6.932060141391709,2
-2.4409212800176956,6.9297396950818,2
-2.4431515062511977,6.93103883372461,2
-2.4466721873707744,6.930667524793034,2
-2.4490777262056813,6.9296464318329996,2
-2.455179054586168,6.925932295389135,2
-2.4572710932393136,6.923919551131217,2
-2.463372159108566,6.920203482323831,2
-2.465464032476861,6.918189521392591,2
-2.4715648358348847,6.914471520221685,2
-2.473168431165112,6.91379007589147,2
-2.477979217155779,6.911745742900816,2
-2.4787810148208944,6.911405020735707,2
-2.4832779992280116,6.908366817807579,2
-2.4859971938069005,6.908338521249725,2
-2.489204384467344,6.906975632589294,2
-2.491609777462683,6.905953466093965,2
-2.4930393921929337,6.9076020583222295,2
-2.495270882369402,6.908910500937541,2
-2.4975024503269765,6.9102195161050055,2
-2.5000480629340522,6.912524190435427,6
-2.501337846958089,6.910848804598714,6
-2.505173399151417,6.91147923819673,6
-2.4479742906737876,6.975009931604525,6
-2.4516722191997644,6.97233263330493,2
-2.4564855719669207,6.9703071945353585,2
-2.4612989247340753,6.96828175576578,2
-2.466914502962421,6.965918743867942,2
-2.4720413461887034,6.964884884827232,2
-2.4768547572916866,6.962859875471775,2
-2.482156786725078,6.959504854430964,2
-2.485854248564422,6.956824120818446,2
-2.4911560252092215,6.953467238983134,2
-2.495969261304717,6.951440941385329,2
-2.501270843496748,6.9480826281696295,2
-2.5060840212564166,6.946055901157713,2
-2.509432452405619,6.9480273680700435,2
-2.5119788039331983,6.950337481645928,2
-2.5145252721324365,6.952648454050042,2
-2.5176998685212357,6.956951031056146,2
-2.520386293820989,6.962586911922486,2
-2.522130760179712,6.965237103542304,2
-2.5233868609966237,6.969219167641981,2
-2.5249569870177613,6.97419674776657,2
-2.525899062630444,6.977183295841325,2
-2.5277832138558107,6.983156391990832,2
-2.529981390285405,6.990125004165257,2
-2.5299460931203352,6.995770573644453,2
-2.527677147353124,7.00009181218606,2
-2.525407968242595,7.004411333071204,2
-2.5245691525054603,7.010384956999101,2
-2.5245329122444886,7.016023584283424,2
-2.5238687576919947,7.019672181484182,2
-2.524496477530752,7.021660780187364,2
-2.5257519172082663,7.025637977593728,2
-2.527810350435388,7.029283255824353,2
-2.5279489366439147,7.032598073054867,2
-2.527773614319873,7.034918233088696,2
-2.5279120935793795,7.038232263060003,2
-2.5277366837515913,7.040551778972652,2
-2.530108976898095,7.0451913565548665,2
-2.5313643387945035,7.049167981409077,2
-2.534539994950862,7.05347835943828,2
-2.5383436042893024,7.059779053827125,2
-2.542009123273756,7.062768581005436,2
-2.5456748756015326,7.06575982584021,2
-2.550458249486713,7.069419104803348,2
-2.5547525480774915,7.07440503170794,2
-2.555380559595392,7.0763957774817,2
-2.556812089685371,7.078058468806752,2
-2.558068151611728,7.082040246630349,2
-2.5588346229438574,7.087344879237371,2
-2.559914993085922,7.093644097472069,2
-2.560681260242651,7.098947227129688,2
-2.563858715087079,7.103270845427449,2
-2.56399694155799,7.106583014604251,2
-2.5639592429012925,7.11221090653569,2
-2.5661949138121827,7.113550123829274,2
-2.5674508979574355,7.117531329100714,2
-2.569648870211628,7.1244984383257375,2
-2.572512863764848,7.1278306916016945,2
-2.5776132088136237,7.13250717200258,2
-2.579673528232556,7.136166334622935,2
-2.581105777797756,7.137834322055419,2
-2.5828521497935704,7.140498541203009,2
-2.5837944004137405,7.143486377520105,2
-2.5839324421545236,7.146797186885546,2
-2.584384489654262,7.151103369137864,2
-2.585640746033384,7.1550865783418445,2
-2.5872110665072867,7.16006558984682,2
-2.5876629487221763,7.164370555425808,2
-2.58811475315596,7.168674948452647,2
-2.5879384099549085,7.170987593739454,2
-2.5875856068811416,7.175612025484838,2
-2.5888416688075004,7.179593803308432,2
-2.58946969977068,7.18158469222023,2
-2.5900977307338593,7.183575581132029,2
-2.5907257616970387,7.1855664700438275,2
-2.5910397771786258,7.186561914499723,2
-2.5921583807224895,7.187237177099032,2
-2.593277003711627,7.18791258283639,2
-2.594081601496539,7.187592472548818,2
-2.5953767329715784,7.1859564496726875,2
-2.5966718255560703,7.184320140520477,2
-2.5984573351590328,7.1813670599514765,2
-2.601675570736468,7.180085473696899,2
-2.6068171340369695,7.179159970151311,2
-2.6093689594098564,7.181510377085029,2
-2.611116274501571,7.184181538427481,2
-2.6139825625973963,7.187530681991976,2
-2.617339423273908,7.189564199243993,2
-2.619087010599497,7.192237364518988,2
-2.620029902913789,7.195229924391356,2
-2.622091884903851,7.198901325314001,2
-2.623525310908274,7.200577972597806,2
-2.624468261558393,7.203570961884292,2
-2.624644449197234,7.201257171493179,2
-2.6227204992253217,7.200896508366952,2
-2.6238396277916447,7.2015756356933025,2
-2.624958775803247,7.202254906157695,2
-2.6254112122085154,7.206563951170779,2
-2.624292035028999,7.205884465999336,2
-2.6225060101262088,7.2088337534103175,2
-2.619462873252141,7.207793533543626,2
-2.6173625120207085,7.209745014721072,2
-2.6160669721948597,7.211378031698398,2
-2.6155762829425164,7.212692799182651,2
-2.613966504014403,7.213328725616634,2
-2.613966504014403,7.213328725616634,2
-2.6133381619268015,7.2113355464962225,2
-2.6128474532291843,7.2126501708424335,2
-2.6109235518704583,7.21228986556131,2
-2.6098045496984295,7.211611668632209,2
-2.608685566971678,7.210933614841142,2
-2.607566603690202,7.210255704188121,2
-2.6062710152511652,7.211888363320348,2
-2.6054661646776616,7.212206612813418,2
-2.6038564635306525,7.2128431117995575,2
-2.602914271246309,7.209855704896572,2
-2.6011672867242925,7.207186976900768,2
-2.5995577022489442,7.207824334715134,2
-2.596829319776967,7.207784998549805,2
-2.593963809492193,7.204441580506845,2
-2.5910984547696305,7.201099307568196,2
-2.5885472030324017,7.198753123206615,2
-2.5856821399889824,7.19541299733854,2
-2.5834450495729158,7.194063330968145,2
-2.5812080369379586,7.192714237149907,2
-2.5781665237444624,7.191685969309429,2
-2.575615845642888,7.189344007519985,2
-2.5720838473724577,7.1896320101131685,2
-2.5692196399212026,7.186298182318787,2
-2.565864879334539,7.184280123974929,2
-2.5615288180242963,7.184892173151738,2
-2.5571928539404336,7.185504938018738,2
-2.5541522449522986,7.184483326097045,2
-2.550307339581032,7.1837840431025235,2
-2.5459717352347866,7.184399456023236,2
-2.5424406217244275,7.1846939713971665,2
-2.538105202108307,7.1853107441292465,2
-2.534260841204782,7.184615468999798,2
-2.5299256549319757,7.185233959388334,2
-2.526394910881871,7.185531194385003,2
-2.5230419878738264,7.1835266625857805,2
-2.5206290403886182,7.184493219953154,2
-2.51629424302134,7.185114573102467,2
-2.5119595428804438,7.185736641941965,2
-2.5076249399659307,7.186359426471661,2
-2.5047208754322963,7.188637602286448,2
-2.5011906466820157,7.188938630441136,2
-2.496856218774994,7.18956270321317,2
-2.4889919121326614,7.190490380624585,2
-2.484344907694501,7.190129601155576,2
-2.4821107535151654,7.188801548628991,2
-2.4782682788034514,7.18812015788928,2
-2.4744259596539404,7.187439912253872,2
-2.4713879563328387,7.1864374808293405,2
-2.466429104561401,7.185097216795718,2
-2.4625872909890845,7.184420692749313,2
-2.4595497251866973,7.1834214819306474,2
-2.4590582386780255,7.184730380755322,2
-2.457628944794834,7.1830841503046905,2
-2.4568248623097464,7.183408053750281,2
-2.454100057768624,7.183395054984032,2
-2.45057124852352,7.1837065322155205,2
-2.4476674756690304,7.185986855100882,2
-2.442530618125412,7.186946998051788,2
-2.438822675282095,7.18955058026156,2
-2.4339982387073995,7.191494430349202,2
-2.4291738021327056,7.1934382804368475,2
-2.4251534383204607,7.19505815550988,2
-2.4219371472706666,7.196354055568307,2
-2.4190329855106487,7.198631515692902,2
-2.417112710695971,7.198297905655949,2
-2.414388411732034,7.1982886284787,2
-2.410860117786756,7.198603898868207,2
-2.4073319016225803,7.198919741809878,2
-2.4042958233838405,7.197931481051157,2
-2.3996518524087946,7.197593031116146,2
-2.394204090627804,7.197580631697299,2
-2.390052665928998,7.1959410839607045,2
-2.386213263570946,7.195282309031075,2
-2.381570099574869,7.194949799324661,2
-2.3789778337613185,7.198207101858962,2
-2.374646497653236,7.198853933579116,2
-2.3717424039516875,7.201131894686846,2
-2.3661148474330886,7.203406733552985,2
-2.363391520732973,7.203404613277655,2
-2.3616530726872895,7.200798722880748,2
-2.3587489498178265,7.20307646928142,2
-2.355533319907428,7.204377236033153,2
-2.353432997566543,7.20632900348668,2
-2.3497247630440814,7.208930438625881,2
-2.346016431295233,7.211531158074891,2
-2.3434232126631365,7.214781446845308,2
-2.339221887396695,7.218679971921006,2
-2.3352020097163635,7.220303425445003,2
-2.3300670578098277,7.22127759592367,2
-2.3260472287426843,7.222901407292767,2
-2.3231423766753583,7.225173786016992,2
-2.3191224989950214,7.226797239540993,2
-2.3151026213146846,7.22842069306499,2
-2.3110827436343513,7.230044146588984,2
-2.303900928440143,7.227458205969924,2
-2.2987666279503696,7.228437171572882,2
-2.293814970931198,7.227149868613498,2
-2.2894848890434414,7.227805932737141,2
-2.285958772969119,7.22813723458696,2
-2.282432734675897,7.228469108988936,2
-2.2789067741637883,7.228801555943065,2
-2.2753808914327784,7.229134575449351,2
-2.271234191936129,7.227529810256108,2
-2.266283944699495,7.226252884804513,2
-2.263251862465051,7.225294038912697,2
-2.2583020916376917,7.224020620343044,2
-2.2536628847553555,7.223717239227458,2
-2.250321016386936,7.221794081403118,2
-2.2461756683369973,7.220199264303549,2
-2.2420305536303733,7.2186061648604465,2
-2.237885672267071,7.217014783073804,2
-2.2326273792486955,7.214786356544124,2
-2.228483032630489,7.213198911053539,2
-2.2243389193556027,7.211613183219416,2
-2.220195039424027,7.210029173041754,2
-2.215247952044809,7.208775507521413,2
-2.210920884174895,7.209453758041015,2
-2.2062840982294727,7.209168197611227,2
-2.2030704517372666,7.210483564442889,2
-2.199053393622007,7.212127772982466,2
-2.196149436037391,7.214406736056464,2
-2.193245400671671,7.216685126578305,2
-2.189537846733881,7.219291571548855,2
-2.1847172019880805,7.221263333553999,2
-2.1798965572422837,7.22323509555914,2
-2.176188789406453,7.225839966011264,2
-2.172480924344237,7.228444120773197,2
-2.166856702690538,7.230743507812935,2
-2.1623452023845964,7.233674858195339,2
-2.1591313225490723,7.2349885073705344,2
-2.156535809374361,7.238221905852406,2
-2.152827497070792,7.2408227684394575,2
-2.1496135005636106,7.242135558786426,2
-2.147203003183222,7.2431201515466554,2
-2.1439890066760405,7.244432941893621,2
-2.1415785092956536,7.24541753465385,2
-2.1377465933690143,7.2448138678690235,2
-2.1329257152798995,7.246783912217708,2
-2.1297117965538206,7.24809727511683,2
-2.124890918464704,7.250067319465515,2
-2.119761294563901,7.251080709766725,2
-2.114631787334755,7.252094958896169,2
-2.1125300649339707,7.25403642041092,2
-2.1085127151395664,7.255678481879922,2
-2.104495365345162,7.257320543348921,2
-2.100169503082382,7.2580076684269095,2
-2.095535274190805,7.257740930649177,2
-2.0928165171306397,7.25777244781289,2
-2.090284409268012,7.255567182850193,2
-2.086949045344541,7.253691904699721,2
-2.084417199993144,7.251488572100541,2
-2.0810821569167377,7.249615655727698,2
-2.07694400361906,7.248073799702372,2
-2.0744125957863844,7.245873687709057,2
-2.071881304625361,7.243674434543976,2
-2.0704615778181523,7.242098628008275,2
-2.0679304713872604,7.2399007346545545,2
-2.064904533860153,7.238987120382902,2
-2.061878713004706,7.238074364939472,2
-2.0575548924959435,7.238776519511504,2
-2.052615019314265,7.237575958203433,2
-2.047675437811728,7.236377543965947,2
-2.043352103434879,7.23708327698894,2
-2.0392160405044155,7.235556808302746,2
-2.0348929880840743,7.236264616827295,2
-2.0305700328901164,7.236973141042036,2
-2.026862760908834,7.239581661514144,2
-2.0228476473212122,7.241240183857563,2
-2.0196355564511137,7.242567001732304,2
-2.0153127859872857,7.243276885758409,2
-2.0116053292758735,7.24588404641915,2
-2.0083932384057768,7.247210864293891,2
-2.0040706040588816,7.247921750286267,2
-1.9997480669383645,7.248633351968834,2
-1.9968434871049041,7.250907734625599,2
-1.9944344481202503,7.251903062738712,2
-1.9917180342158858,7.251951828036066,2
-1.9885060211268932,7.253279218462961,2
-1.9857897044489157,7.253328699450506,2
-1.9819631943091096,7.252764825040384,2
-1.9784440688116423,7.253147585015036,2
-1.9752322112848653,7.2544761205462365,2
-1.9717132024590605,7.2548597393491185,2
-1.9691858975796972,7.252689829481927,2
-1.9666587093719965,7.2505207784429615,2
-1.9633287706806382,7.248685435805221,2
-1.9608018449841662,7.24651831712978,2
-1.9596919529241266,7.245907180371699,2
-1.958275035959355,7.2443520572825655,2
-1.956362393415656,7.244074628925716,2
-1.9552525791367206,7.243464064719792,2
-1.9514274690568154,7.242910496248438,2
-1.9484052650227728,7.242024364480169,2
-1.946492836377118,7.241748510641742,2
-1.9494192906769943,7.2255296842409,2
-1.9467044907305748,7.225590329995445,2
-1.9436827922737177,7.224707919816183,2
-1.9397404274534793,7.2209965565425165,2
-1.9372146490283182,7.218837883011346,2
-1.9367894749005448,7.214729517528202,2
-1.936978078348357,7.2125071207746565,2
-1.9368597055046362,7.209341095535137,2
-1.9351365122782749,7.206847496929413,2
-1.9336018738865395,7.202131143725044,2
-1.9350880005783928,7.198290330074098,2
-1.9343554709761932,7.193235544913236,2
-1.9360294621953553,7.187166895263278,2
-1.9372079417336376,7.182377514864033,2
-1.9369699515485017,7.176036303550532,2
-1.9335235262052315,7.171048820063007,2
-1.9321762662088968,7.164101052408665,2
-1.9295320760494583,7.158776067361899,2
-1.931204404697489,7.152695179409651,2
-1.931272690773941,7.147292443612738,2
-1.9304194451722143,7.139054385078719,2
-1.9292587565923132,7.12986926274581,2
-1.9298207751068617,7.123174160567661,2
-1.9276706479552157,7.116559242486314,2
-1.9263219878989872,7.1096011688931995,2
-1.9246660112588785,7.1016969618984405,2
-1.9238111905897632,7.093447309183315,2
-1.92227519102868,7.08872093631625,2
-1.9212331961395623,7.082704201000489,2
-1.9206850017470085,7.075395600286637,2
-1.9199499442588817,7.070322207180773,2
-1.9203230870917452,7.065847497823633,2
-1.9198950642309782,7.061718162617858,2
-1.9197742412824308,7.058534101985487,2
-1.920454311793641,7.055002663269224,2
-1.9216278619543612,7.050176997377228,2
-1.9220003047572742,7.045697135050702,2
-1.922186467822904,7.043456774473324,2
-1.922866052202206,7.039921757306097,2
-1.92163655252339,7.036135506043063,2
-1.9200996779248722,7.031402691964271,2
-1.920471576260045,7.026918821772668,2
-1.9202284914124998,7.0205401082930905,2
-1.9186914223612153,7.015805862833908,2
-1.9184480069439687,7.0094247160076755,2
-1.9169108406663025,7.004689754858305,2
-1.9166670946793616,6.998306174685414,2
-1.9156227469118008,6.992272119667,2
-1.9132851149704564,6.987887685638377,2
-1.9117478514664086,6.983152008798815,2
-1.9094103653646393,6.978768648305472,2
-1.9081805934519522,6.974980393109899,2
-1.9050431083731318,6.970950995050231,2
-1.9035059907086556,6.966216391745956,2
-1.9025837201099716,6.963375629763391,2
-1.9024614776562476,6.960181120054219,2
-1.9018466111451815,6.9582871355944675,2
-1.9006168781230492,6.954499166674971,2
-1.9004945189976716,6.951303798137559,2
-1.9000646488356487,6.94716086481813,2
-1.8993272384690751,6.942070152009613,2
-1.8966826691267453,6.9367423757710895,2
-1.8943456594342436,6.932362522159696,2
-1.8931158875215601,6.9285742669641195,2
-1.891578672630704,6.923838947969653,2
-1.8901641474349233,6.922301430859246,2
-1.8884422375968075,6.919817279364064,2
-1.8875199669981217,6.916976517381496,2
-1.8859828493336472,6.912241914077221,2
-1.8833388341816963,6.9069182172728,2
-1.880694935701401,6.901595379296605,2
-1.8795881257176656,6.9010069299176315,2
-1.8797727234385473,6.898755046728159,2
-1.879157915263308,6.896861491682522,2
-1.8782357030004526,6.894021159114075,2
-1.877313490737599,6.891180826545625,2
-1.8779898374783812,6.8876219768949944,2
-1.8778668172136008,6.88442174166428,2
-1.8774362956348245,6.8802740132205535,2
-1.8773131489757482,6.87707284759259,2
-1.8752841947876266,6.873644566628297,2
-1.8743618658531105,6.870803375231617,2
-1.871533943287588,6.8677366430170395,2
-1.869505212720144,6.864310008140187,2
-1.8666775623884924,6.861245279858146,2
-1.8643416416314693,6.8568734419769015,2
-1.8626205679402386,6.854395445417371,2
-1.8613910682614225,6.8506091941543374,2
-1.8590553614024383,6.846238930791522,2
-1.8589320689037905,6.843036691628271,2
-1.85850133342697,6.8388873886661194,2
-1.857579179499945,6.836047485511788,2
-1.8568409427091215,6.830950689336632,2
-1.8564100127795395,6.826799954994101,2
-1.8551803964290663,6.823012844902834,2
-1.8536433759909734,6.818278957288751,2
-1.853395954846789,6.8118683240265945,2
-1.852166260715208,6.808080641383178,2
-1.849830728863715,6.8037116662627,2
-1.8493994489191543,6.7995583554354795,2
-1.8514871221077538,6.797513476687925,2
-1.850564764005325,6.794672070584184,2
-1.8507481755643447,6.79241145597436,2
-1.8514223638794487,6.7888367180014555,2
-1.8501924364045514,6.785047317701579,2
-1.850068210532637,6.781838207912479,2
-1.8488382441671867,6.778048521336519,2
-1.8488970506714058,6.772576005745844,2
-1.849753746340177,6.76673399724433,2
-1.8493216302487347,6.762574531481455,2
-1.8509758650670936,6.756360453584406,2
-1.851649032505188,6.75277820086448,2
-1.8526297109799206,6.750143512926584,2
-1.853302664519978,6.746559685688236,2
-1.8550810668744209,6.74355428816617,2
-1.856369168882047,6.741866520889133,2
-1.8582726624232073,6.742076602798875,2
-1.8579649472111672,6.741127535067445,2
-1.8592529908829665,6.739439338376293,2
-1.8592529908829665,6.739439338376293,2
-1.8591276371850185,6.736221926580956,2
-1.8597431259449309,6.738120491457934,2
-1.8597431259449309,6.738120491457934,2
-1.8596177333564317,6.7349027933865315,2
-1.8598000462573356,6.732634091477532,2
-1.860962337603027,6.727725548661255,2
-1.860221106239642,6.722606709228174,2
-1.8600954025267207,6.7193867209481475,2
-1.8604594838607902,6.714845309265083,2
-1.8589203244422965,6.710095676466764,2
-1.8565835967063027,6.70571789835693,2
-1.855044485900999,6.7009686234037105,2
-1.8522182356292465,6.697914201060435,2
-1.8503714193345413,6.692215929944805,2
-1.847545441296658,6.689163511534073,2
-1.8452091899699354,6.684789240306177,2
-1.8444676085915788,6.679667824388403,2
-1.8426209089685308,6.673970412100999,2
-1.8418791720279604,6.668847851078919,2
-1.8406480000553742,6.665049289944577,2
-1.8391090350896455,6.660301088526644,2
-1.8389827188505166,6.657076591398411,2
-1.8386749161347336,6.656126879545802,2
-1.8383671134189488,6.655177167693196,2
-1.836954484137621,6.653653606541543,2
-1.8344371157944916,6.6515568402120095,2
-1.8324090658117207,6.6481352151665085,2
-1.8295841767093162,6.6450908124859325,2
-1.827864055836626,6.6426198296902825,2
-1.826143993299766,6.640149276308755,2
-1.8244239890987348,6.637679152341338,2
-1.822088632254724,6.6333114654632155,2
-1.8195720125547385,6.631220209948168,2
-1.818159908295872,6.629700513523549,2
-1.8189566404664834,6.629322503899417,2
-1.8178522319743848,6.628751732068192,2
-1.8199346938289054,6.626668492326328,2
-1.8185225895700423,6.625148795901708,2
-1.8180884608924899,6.62097451535185,2
-1.8168576389348807,6.617178530702198,2
-1.8164233935856764,6.613003391324103,2
-1.8145771023134323,6.607308984935507,2
-1.8141427208472898,6.603132843591151,2
-1.8137082616000413,6.598956129694635,2
-1.8129659801917306,6.593829560807478,2
-1.8125313556596367,6.58965163023764,2
-1.8106848310440746,6.583955506192581,2
-1.8099423065698108,6.578827148079942,2
-1.8095074584170359,6.5746475714226555,2
-1.809253114754462,6.5681859810188,2
-1.8085102499878616,6.563055117990487,2
-1.8077672879948796,6.557923539271979,2
-1.8067164066144539,6.551841389872635,2
-1.806461343476652,6.545374503361355,2
-1.8051023190881104,6.538340137193735,2
-1.8032552111142586,6.532639719007527,2
-1.8026917327344627,6.525218611795427,2
-1.801948070711532,6.520081880107536,2
-1.8001007877301944,6.514380173678983,2
-1.7979456242519625,6.507728182845671,2
-1.79512304913745,6.504700813591668,2
-1.7935837438793811,6.499950107258066,2
-1.7921725632711443,6.498437209890273,2
-1.7915568606131949,6.496537070494874,2
-1.789350318726326,6.495412273982925,2
-1.7873236104676256,6.492000525462082,2
-1.7852969799900293,6.488589349493385,2
-1.7813720381374356,6.485006237902205,2
-1.7782426325709526,6.481036313697519,2
-1.775908617451016,6.476678503344051,2
-1.771984404796287,6.473100759429311,2
-1.7680604838206975,6.46952516258515,2
-1.7644445211231101,6.466900422697897,2
-1.7622391070622747,6.4657839281921845,2
-1.7599058794760278,6.461431914929275,2
-1.7570854238966405,6.458420147721469,2
-1.7558549519540048,6.45462673955651,2
-1.7527271311775507,6.45066848110196,2
-1.751496737016021,6.446875645489154,2
-1.7524711541117597,6.444194867102869,2
-1.7523430780751195,6.440957415982151,2
-1.7492154809193448,6.437000803615042,2
-1.7498820564087438,6.433370027100079,2
-1.7494462068242331,6.4291830788338125,2
-1.749497244940537,6.423653379596768,2
-1.7490611911806244,6.4194649283811,2
-1.7486250596396058,6.415275904613274,2
-1.747881164273359,6.410137455268924,2
-1.7468294759139624,6.4040493656409865,2
-1.74608537637231,6.39890941334723,2
-1.744060214013082,6.395509044300443,2
-1.7430083214782854,6.389419451723096,2
-1.7422640274838752,6.384278068048953,2
-1.741211911328401,6.378186829384173,2
-1.7406460509022494,6.370748187762356,2
-1.7394150733824283,6.3669510580084,2
-1.7383626169346158,6.3608573144279426,2
-1.7365160923190555,6.355161190382887,2
-1.7349773218060882,6.350414420345341,2
-1.7334385512931192,6.345667650307796,2
-1.7328718449974492,6.338222782181308,2
-1.7310252037102298,6.332525799308023,2
-1.7296644486920876,6.325478693854979,2
-1.7278177490690396,6.319781281567579,2
-1.7256632661754825,6.313134300565611,2
-1.725095714010287,6.30568320593445,2
-1.722941094999797,6.299035222966211,2
-1.720300939735207,6.2937399390624265,2
-1.7173531178717667,6.287495945272305,2
-1.7136122292723108,6.281656942626572,2
-1.7109725018037985,6.276364807759634,2
-1.7093035357190676,6.26836498455517,2
-1.7060484361623054,6.261175143639488,2
-1.7051722256891644,6.252768039082024,2
-1.7036333579498155,6.248020553354291,2
-1.7014789431147257,6.241374073335457,2
-1.700425037993826,6.235269665971131,2
-1.700163694031751,6.22875654587342,2
-1.69990211672636,6.222241708119249,2
-1.6990286408152446,6.216815573671944,2
-1.699066050787593,6.211427712475441,2
-1.6975183453228073,6.206856659911939,2
-1.6970209670688856,6.2026392748213866,2
-1.69626550984405,6.197660209774934,2
-1.6957679074849263,6.193443108425917,2
-1.6947359757816205,6.190395902188271,2
-1.6923959260317964,6.186232983711228,2
-1.6926902624340077,6.181608261712817,2
-1.6919343356554162,6.1766297911724415,2
-1.6917122259805453,6.17048207407278,2
-1.690164072305354,6.165911588992351,2
-1.689407750674734,6.160933618377538,2
-1.6894430689985178,6.1555484054353755,2
-1.6868449722928087,6.1506237664679375,2
-1.6855547375133835,6.146815164015926,2
-1.6855896076267598,6.141430518556838,2
-1.6856242216199053,6.136046197373794,2
-1.684591863049544,6.132999531596212,2
-1.68409283068579,6.128784240788427,2
-1.6843850540960936,6.1241621940673525,2
-1.6849352070738366,6.120302016463203,2
-1.6852270249604349,6.115680483179194,2
-1.6857768151011872,6.111820764966097,2
-1.6850188607040888,6.106844861611048,2
-1.685310091648489,6.102224071459634,2
-1.6848100561471604,6.098010050733009,2
-1.6843099139290683,6.0937961651214,2
-1.6835514152764777,6.088820950852941,2
-1.6820019169700657,6.084252168221724,2
-1.6817597470061294,6.080800097681031,2
-1.6820499961563051,6.076180550587775,2
-1.6826141265676036,6.069632427980636,2
-1.6821132053171404,6.065419528708652,2
-1.6816121773499138,6.0612067645516845,2
-1.6819015834376607,6.056588284867068,2
-1.6821907760918808,6.0519700754124806,2
-1.6824797553125723,6.047352136187932,2
-1.6814461588277574,6.044307037744549,2
-1.681734839241516,6.0396894768420495,2
-1.6809745904340048,6.03471647845987,2
-1.6796824347528414,6.03091030807817,2
-1.679697329950562,6.028221201086037,2
-1.6799853914070884,6.023604423850635,2
-1.6784346124995189,6.019037262599625,2
-1.678190788425745,6.015587286341695,2
-1.6779468789785632,6.012137418175783,2
-1.6777028841579664,6.008687658101884,2
-1.6777173098019293,6.005999145615821,2
-1.6756349228276406,6.0025984340432466,2
-1.6738254566636037,5.997270362991941,2
-1.672805698880552,5.991537495195097,2
-1.6715272751843884,5.985043690574951,2
-1.6694451229869784,5.981642681749339,2
-1.6678800678389134,5.97976384382336,2
-1.6668320457101409,5.97940725786604,2
-1.6652529917851666,5.98021639196606,2
-1.6681665605590208,5.975149052778715,2
-1.6671185704452736,5.974792426286886,2
-1.6671324945204482,5.972104548841408,2
-1.6668739780108037,5.971343422857085,2
-1.6695008192876735,5.970891171967423,2
-1.6687389056986568,5.965920281379514,2
-1.669283338657884,5.962067345940284,2
-1.669568998987236,5.957453608792768,2
-1.669854445883061,5.952840141875285,2
-1.6690918706501137,5.947870089000482,2
-1.6685878119268054,5.943661162110004,2
-1.6680836464867337,5.939452370334543,2
-1.6686400079176593,5.932914084100659,2
-1.6689244303325612,5.9283019142873385,2
-1.6689499093707596,5.922929158949767,2
-1.6700226955354207,5.917913894840126,2
-1.6713539555230241,5.9136598107608265,2
-1.6721550481202119,5.910570352307218,2
-1.6745334231441031,5.906674002662879,2
-1.6763937406677751,5.901256698154054,2
-1.679030461454488,5.898121690678071,2
-1.6803604515126018,5.893869214467472,2
-1.680383646812066,5.888499350591264,2
-1.6811950457861542,5.88272659509126,2
-1.6825241821101606,5.8784751998008,2
-1.6825465236755228,5.873106416844731,2
-1.6836160122921946,5.868095327789124,2
-1.6831086880359276,5.863890535418175,2
-1.6820829861291546,5.858165193527789,2
-1.681834573234557,5.8547210272156,2
-1.681855826288933,5.849353622432709,2
-1.6818663567710281,5.846670041644778,2
-1.6818768232230674,5.8439865419258545,2
-1.6824159843741864,5.840140281168473,2
-1.6819078383988408,5.835936529183158,2
-1.6806117341974307,5.832135358057094,2
-1.679574850836305,5.829094421156249,2
-1.6774909911706821,5.825695574170904,2
-1.6754072382218261,5.8222965920705505,2
-1.6741112407371794,5.818495285829471,2
-1.672027647863466,5.815096101056586,2
-1.669684983552937,5.8109364928974685,2
-1.6681199497482275,5.809057627948487,2
-1.6681299146314803,5.806374763270149,2
-1.6683890927850555,5.807135051541369,2
-1.6678707364779015,5.805614474998933,2
-1.6652591959224559,5.8033771054593934,2
-1.6634351973976926,5.8007376820091565,2
-1.6631760512591445,5.799977353203435,2
-1.661870419713214,5.798858492784142,2
-1.661870419713214,5.798858492784142,2
-1.6605747423788593,5.79505678119801,2
-1.658491832492432,5.79165673168902,2
-1.6585016586438908,5.7889740426602,2
-1.6566779589260676,5.786334240887925,2
-1.6564285749089223,5.782891304122387,2
-1.6553920330414371,5.7798499348534875,2
-1.6551425209641764,5.776407160225979,2
-1.653846790271439,5.772605516197352,2
-1.6533379826521646,5.768402601925143,2
-1.653088235798025,5.764960124550669,2
-1.653106863620014,5.759596043597199,2
-1.6533844454903779,5.754992534656488,2
-1.6536618139272203,5.750389295945801,2
-1.6549848887390706,5.746145575188322,2
-1.6570943316972127,5.741501286785333,2
-1.6578895975591195,5.738419205611663,2
-1.6573709424450307,5.736899007391276,2
-1.6563250546515231,5.73653971913361,2
-1.65790668865972,5.733057070314441,2
-1.6581744977370079,5.731136182845042,2
-1.6563421457521201,5.731177583836388,2
-1.6550454546085138,5.72737715584292,2
-1.6534894252361862,5.722816642250759,2
-1.6529790595521625,5.7186157006578,2
-1.6542923402275793,5.717054628394628,2
-1.652995489008827,5.713254403073687,2
-1.6519660840303718,5.707533749674397,2
-1.649623675840072,5.703373817239235,2
-1.6472813957098946,5.699213722666055,2
-1.6454579414406254,5.696573610129239,2
-1.6452065191332998,5.693133254060534,2
-1.6444284404170784,5.690853078333461,2
-1.6439175304775624,5.6866528258270925,2
-1.6441923483837595,5.682052816365321,2
-1.6431547820353458,5.679012744200584,2
-1.642376607274036,5.676732690077024,2
-1.6421247580996585,5.673292874468391,2
-1.6416134106214137,5.66909317593359,2
-1.6403163459691346,5.665293220842685,2
-1.6387598683863995,5.6607332747335946,2
-1.6382482968029475,5.656533859940328,2
-1.6366917551901565,5.651973994900249,2
-1.6359205785860773,5.647014832295831,2
-1.6346234072170347,5.643215012319946,2
-1.6346372968147378,5.637856930473241,2
-1.632554824467034,5.634456326992677,2
-1.6317832850259641,5.629497623779319,2
-1.6317966837265505,5.624140163461689,2
-1.629980345002954,5.618820793817491,2
-1.629467898342046,5.61462248696737,2
-1.6297338398759713,5.612703964010766,2
-1.6305251145309327,5.609626936138742,2
-1.6292212117965654,5.608505886856172,2
-1.6237004130026111,5.622011391111709,2
-1.6229289909499762,5.617052539271835,2
-1.6255563502140973,5.611259136447128,2
-1.625562825459184,5.60858069002985,2
-1.6239996165111297,5.606699514614075,2
-1.6224364715931259,5.604818258129299,2
-1.6200886446536966,5.6033354344727435,2
-1.6182662468803901,5.600693984297251,2
-1.6159186653895148,5.599210849876162,2
-1.612527213051962,5.597365873523582,2
-1.6114897747636636,5.59432563922082,2
-1.6096677931857304,5.5916836620967665,2
-1.6078458969812104,5.5890415768806925,2
-1.6068085440663236,5.586001234485924,2
-1.6057711911514367,5.5829608920911475,2
-1.6047338382365517,5.5799205496963715,2
-1.6042214662773784,5.575722148265736,2
-1.6021404559493373,5.572319693709439,2
-1.5992753398703918,5.569314942360272,2
-1.5982380723289147,5.566274491873486,2
-1.5961573714794888,5.562871645483636,2
-1.5948608404110285,5.559071014817643,2
-1.593039595178757,5.55642810539997,2
-1.5904344576291134,5.554182628959399,2
-1.5878294908262873,5.551936936334798,2
-1.586533226549733,5.548135967881262,2
-1.5826262565709328,5.544766820926782,2
-1.5781950953404689,5.54255473315704,2
-1.5748072180144845,5.54070523045138,2
-1.5711604826852188,5.538095034129448,2
-1.5680385895798725,5.534326954421179,2
-1.5662186569637946,5.531682383088793,2
-1.5633562301472814,5.5286742268411935,2
-1.561271135029651,5.527947192125787,2
-1.559451533235542,5.525302201936849,2
-1.5576320168148428,5.522657103655895,2
-1.556071593174309,5.520772401738178,2
-1.5537342433585941,5.516606064851203,2
-1.5519149937298042,5.5139606287827085,2
-1.549053644752604,5.510951107873435,2
-1.5464514525856288,5.508701902258387,2
-1.5435905091321267,5.505691867912052,2
-1.5417717504004482,5.503045810314479,2
-1.539694176352187,5.499639005054625,2
-1.536574865792515,5.4958676555629395,2
-1.5342387005328764,5.491699818899274,2
-1.5311198381836046,5.487927901924515,2
-1.5280012319545673,5.484155660673711,2
-1.524882881845766,5.48038309514687,2
-1.521499700057369,5.478527647380453,2
-1.5178580337743632,5.475911033095208,2
-1.5149992353278083,5.472898282937024,2
-1.5131818532423793,5.470250482355727,2
-1.5108407814740676,5.468759105918586,2
-1.509023602150485,5.466111048618757,2
-1.5059003775480413,5.465014902783938,2
-1.5027773450357724,5.463918513742083,2
-1.4993959240739745,5.4620608365778835,2
-1.4978378908889383,5.460173108083779,2
-1.4960147592324073,5.460202835137647,2
-1.4944568647791652,5.458314930994014,2
-1.4926338505110746,5.458344509421362,2
-1.4908108789296897,5.4583740338026985,2
-1.489504897680881,5.459925864198691,2
-1.4889879500350052,5.45840350413803,2
-1.4882057331708083,5.458798815809359,2
-1.4874235163066167,5.459194127480689,2
-1.4879472700195464,5.4580376222675255,2
-1.487954054743252,5.4553587840166955,2
-1.4879607754369033,5.45268002683488,2
-1.4851041753556675,5.4496644933073455,2
-1.4851041753556675,5.4496644933073455,2
-1.483029824153661,5.446253607573972,2
-1.4801735975811035,5.443237601143878,2
-1.478623010763707,5.4386701966858375,2
-1.4762905699191116,5.43449764450807,2
-1.4742166669275107,5.431086191291627,2
-1.4711027348927068,5.427308032003072,2
-1.4682474260843144,5.424290863583828,2
-1.4653923307094487,5.421273424934547,2
-1.462014185952281,5.41941159973932,2
-1.4586429646506183,5.4148707606437405,2
-1.4560534799877125,5.4099352178944144,2
-1.453199302377012,5.406916617255984,2
-1.4508684195971568,5.40274209239897,2
-1.4480146368384812,5.399722991834977,2
-1.4467234949665695,5.395915537860617,2
-1.4451676281318306,5.394025066531661,2
-1.4428372042340616,5.389849960680067,2
-1.4412879620478822,5.385280853772816,2
-1.4405197094831212,5.380317989016927,2
-1.4387058917375857,5.377665675594059,2
-1.4384539678614736,5.374225954565933,2
-1.4363820284583184,5.370812015233174,2
-1.4332712125530094,5.3670299105861154,2
-1.4324966554899774,5.364745276063477,2
-1.4327610176158085,5.362828752809129,2
-1.4338060492127642,5.360518877051199,2
-1.4348509954363085,5.358209109385282,2
-1.4356316862507867,5.357815729858697,2
-1.4361175702874025,5.372728660091038,2
-1.4350847848499892,5.369682534773528,2
-1.4335356066938676,5.365113346797262,2
-1.4337999581480219,5.363196837054417,2
-1.4338060492127642,5.360518877051199,2
-1.4348569370975817,5.355531338543095,2
-1.4335598002060124,5.354401722968433,2
-1.434088033560565,5.350569297988805,2
-1.4322744399202296,5.347916700824403,2
-1.4307249416138195,5.343347918193189,2
-1.4296919427428776,5.34030206310571,2
-1.4278841947187324,5.33497181670263,2
-1.4271150030464579,5.3300101409588905,2
-1.4234884774097214,5.324704108916968,2
-1.4221972821794289,5.32089672250012,2
-1.4219497952582287,5.314781135751545,2
-1.4206584933111728,5.310973884449709,2
-1.4188454545980065,5.308320584687213,2
-1.4170325012582534,5.305667176832699,2
-1.4159995450740173,5.3026212676992195,2
-1.4149665888897829,5.29957535856574,2
-1.4139336327055485,5.296529449432253,2
-1.4126424374752542,5.292722063015404,2
-1.4116094812910198,5.289676153881917,2
-1.4113562127836872,5.286238135303016,2
-1.4116242328320574,5.281646732667838,2
-1.4108494196487946,5.27936242242124,2
-1.4113754546380175,5.275532780810973,2
-1.4126808358105016,5.271311462123343,2
-1.4121641869715607,5.269788723740632,2
-1.4134648323821999,5.268243649095492,2
-1.414248700893781,5.26517599820566,2
-1.4139946426824004,5.261738979477883,2
-1.4134821106480793,5.257540780719772,2
-1.4129694718969983,5.253342717076677,2
-1.4132359765673286,5.248753233074748,2
-1.4129853841883122,5.242641578173178,2
-1.4135098824561396,5.238813882219159,2
-1.4132551199141208,5.2353777552504965,2
-1.4119627507994323,5.231571855098828,2
-1.4106703816847403,5.2277659549471664,2
-1.4093780125700484,5.223960054795505,2
-1.4091230045794774,5.220524238591377,2
-1.4070517481636067,5.217109434522506,2
-1.4065381596333317,5.212912573403063,2
-1.4044670099342227,5.209497634219179,2
-1.4021375038006187,5.205321366378438,2
-1.4008451880443111,5.201515398669265,2
-1.3977340651228332,5.2004039307914915,2
-1.395921805442045,5.19774964468937,2
-1.3935895378067134,5.196247121263305,2
-1.3902205600195252,5.194373689688103,2
-1.3873719103371656,5.191348090091786,2
-1.3842617478665549,5.190235406178857,2
-1.3811517774861208,5.189122479058899,2
-1.378820310226521,5.187618942270209,2
-1.3772672500426548,5.185724917416302,2
-1.3754524636370196,5.185744078475821,2
-1.3744159775903633,5.185372886585142,2
-1.3738959269491176,5.186524703307207,2
-1.3733758549645234,5.1876765470522805,2
-1.3759724929349098,5.184592288776759,2
-1.3733758549645234,5.1876765470522805,2
-1.3741541339801504,5.187286221125085,2
-1.3733758549645234,5.1876765470522805,2
-1.3726012658864626,5.185391953064148,2
-1.374157759887657,5.184611382278767,2
-1.3733831067795403,5.182326869359642,2
-1.37260845367142,5.180042356440524,2
-1.371313856638821,5.17890952512845,2
-1.3720920182660095,5.178519347827773,2
-1.370281028514702,5.175863453856948,2
-1.3676920478830326,5.173597521002765,2
-1.3643252044311094,5.171721387127221,2
-1.360700495441801,5.16908330306574,2
-1.3573341962453718,5.1672064801036015,2
-1.3552658638688193,5.163787973883256,2
-1.3542335479851637,5.160741254059673,2
-1.3521617497762488,5.159997384013121,2
-1.350351741819166,5.157340246984134,2
-1.348799855519701,5.155444735865039,2
-1.3480257466670764,5.153159533859331,2
-1.3477677103828665,5.152397799857425,2
-1.347251637814452,5.150874331853622,2
-1.347255178348549,5.148199601099318,2
-1.347000597225028,5.144763244435122,2
-1.3470039990273328,5.14208868933034,2
-1.3472687001843582,5.137501488772202,2
-1.347533187907862,5.132914558444103,2
-1.3459814189968355,5.1310188986984855,2
-1.3457264110062628,5.127583082494361,2
-1.34650680055136,5.1245198363540965,2
-1.3472870620363366,5.121456752351843,2
-1.3478090204451973,5.117632272135236,2
-1.3475535642442207,5.114197023414182,2
-1.3485942073197545,5.109222455947727,2
-1.3473031188062254,5.105414934415855,2
-1.3475661978684457,5.100829787605981,2
-1.3470520330676479,5.0966336561076275,2
-1.3447255683618025,5.0924535374889,2
-1.3421387647521037,5.09018484828837,2
-1.3416245465929233,5.085988784347535,2
-1.3408498614697741,5.083704311962915,2
-1.3392983700223358,5.081808300918254,2
-1.3372305285428947,5.0783891731688335,2
-1.3356791864989255,5.076492972963148,2
-1.3338697227973348,5.073835146847578,2
-1.3302489196415639,5.071192117576469,2
-1.3284397227318827,5.068533953673352,2
-1.3268887435249095,5.066637294076607,2
-1.3250797066903708,5.063978927500969,2
-1.3227523907128607,5.06247013473811,2
-1.3204252027954677,5.060961179837225,2
-1.3178400853106318,5.058690355819426,2
-1.314997102288407,5.055657581615691,2
-1.311378038615878,5.0530123499698085,2
-1.3080172673477932,5.051128528049777,2
-1.3059512080383016,5.04770714387957,2
-1.3025908956522976,5.045822740964965,2
-1.3005251458214158,5.04240096496121,2
-1.2976834540720308,5.039366555865769,2
-1.2961360687575336,5.034795097957211,2
-1.295364604018193,5.029836300163343,2
-1.29381715467364,5.0252649233238,2
-1.2920097079188775,5.022604543534403,2
-1.2909781177092121,5.019556904928695,2
-1.2904643477604392,5.015360273504786,2
-1.2891748066399789,5.0115507928051635,2
-1.288660876616058,5.007354364053782,2
-1.2884047694428205,5.003919939534335,2
-1.287630980740488,5.001634332183571,2
-1.2868588757005668,4.9966763450798055,2
-1.2847937554985904,4.993253771897447,2
-1.2845374135484757,4.989819644631034,2
-1.284538937135748,4.987147467550553,2
-1.2842824351104838,4.983713542956668,2
-1.2832505887805894,4.980666228627008,2
-1.282735986441061,4.976470651100229,2
-1.2822212773847692,4.9722752086884725,2
-1.2829975690061506,4.969217150964862,2
-1.283514674264726,4.968069063417268,2
-1.284032748183403,4.9642495013872825,2
-1.284032748183403,4.9642495013872825,2
-1.282482614501303,4.96502201931764,2
-1.2819655519294333,4.966170052819226,2
-1.2822245995604469,4.964260258292736,2
-1.2822245995604469,4.964260258292736,2
-1.2853256755096005,4.960043950622161,2
-1.2845506513552571,4.960430155541328,2
-1.2837756272009138,4.960816360460505,2
-1.2835175802450305,4.9600546399700995,2
-1.2827434393773771,4.957769478498893,2
-1.2840353340134136,4.95623548328517,2
-1.2830030608164638,4.953188709415578,2
-1.2811959021969646,4.950527964815631,2
-1.2801636716867222,4.947481136900034,2
-1.2791314411764763,4.94443430898443,2
-1.2780992106662339,4.941387481068833,2
-1.276550864900866,4.936817239195431,2
-1.2747439837449495,4.934156143296445,2
-1.2762932850362922,4.933384679263224,2
-1.2755194618564847,4.928428867511229,2
-1.2744871459728273,4.92538214768765,2
-1.2742293313313784,4.921949885008473,2
-1.2750040008579582,4.918893881033128,2
-1.2747459834546557,4.915461875072484,2
-1.2742297483486489,4.911268364805473,2
-1.275778374861936,4.907827507061132,2
-1.2752618409489909,4.903634375116162,2
-1.2762936692198732,4.898670968150125,2
-1.2770674529973185,4.89561608562942,2
-1.2770669382944053,4.892946489245773,2
-1.276808109843703,4.88951551015926,2
-1.2755168612550278,4.885708191299916,2
-1.2737098306956423,4.88304728456195,2
-1.2726768745114079,4.880001375428471,2
-1.2708699720121395,4.87734030655248,2
-1.269836245004761,4.871625125311393,2
-1.2682868107284087,4.867056261611165,2
-1.266221861273257,4.863633472244775,2
-1.2646734539402793,4.861733556376123,2
-1.2631251106373576,4.8598335594384565,2
-1.2608031731847227,4.858317956878729,2
-1.2605449874970454,4.857556412037848,2
-1.2608022422864344,4.855648887443646,2
-1.260544045927082,4.854887356114265,2
-1.2597704304340134,4.855271777515213,2
-1.2595122447463378,4.854510232674329,2
-1.2592540590586605,4.853748687833452,2
-1.2587376876833059,4.852225598151691,2
-1.2577059398609407,4.85184840715425,2
-1.2564160490376057,4.850709617269921,2
-1.2551262009009783,4.8495707733395825,2
-1.253836395451053,4.848431875363239,2
-1.2509987909537053,4.845392291362639,2
-1.2497091242355722,4.844253217736771,2
-1.2481613998898773,4.842352437132007,2
-1.2450670208285715,4.841219769708033,2
-1.2411995064996368,4.8404709156674315,2
-1.2381055436337043,4.839337721294893,2
-1.2360430084398502,4.83858212326485,2
-1.2347538112754748,4.837442455132901,2
-1.2324334852459664,4.835924812336419,2
-1.2308864759025884,4.834023126461037,2
-1.2285663739782855,4.832505199923013,2
-1.2259885132333554,4.830225188084043,2
-1.225215399309075,4.830608974444406,2
-1.224699078829655,4.826415572269404,2
-1.224699078829655,4.826415572269404,2
-1.2244411919489178,4.825653649106481,2
-1.223153461729094,4.829852619770271,2
-1.221607276567239,4.830620138444992,2
-1.223153901730269,4.832522310734433,2
-1.2226386106566718,4.833668101326733,2
-1.2228964441790282,4.8344300920471674,2
-1.2241852785064093,4.835570219570169,2
-1.2234121112237464,4.835954073488043,2
-1.2234121112237464,4.835954073488043,2
-1.2218654753890394,4.834051914710098,2
-1.2221229436119554,4.832144119885861,2
-1.2210920068369937,4.831765902014286,2
-1.2223803691481656,4.830236379107632,2
-1.2234108232352465,4.827944960061046,2
-1.224183305068177,4.8248917259435515,2
-1.223926018263759,4.826799291072263,2
-1.2221214955483113,4.824135209131395,2
-1.220574913071987,4.822232982795946,2
-1.218770550431687,4.81956869818255,2
-1.2177391736555503,4.816520789346814,2
-1.2167077968794136,4.813472880511071,2
-1.2164492352206153,4.8100415636370215,2
-1.2146450433271383,4.8073770628395955,2
-1.2138715107450349,4.805091131212794,2
-1.2143863962949304,4.8039458540575595,2
-1.2143863962949304,4.8039458540575595,2
-1.2141276638893164,4.800514753367533,2
-1.2133549768320897,4.8008979992678285,2
-1.2115509129987263,4.798233336332384,2
-1.2092321557056387,4.796713707345145,2
-1.207428294634127,4.7940487876911675,2
-1.2058823204433544,4.79214579120012,2
-1.2058814215600968,4.789476681230532,2
-1.20433551139938,4.787573603670474,2
-1.2027896652687193,4.785670445041404,2
-1.1991835463395901,4.783008823943927,2
-1.1986680286983447,4.78148465334203,2
-1.197380165493513,4.780343296272374,2
-1.196606921046671,4.778056999835027,2
-1.1958336765998308,4.775770703397676,2
-1.1942881826344927,4.773867098889049,2
-1.1935149702026795,4.771580761917196,2
-1.1922272990880227,4.770439161640507,2
-1.1919695722824297,4.769677035805053,2
-1.1909386650600506,4.7666285324632405,2
-1.1917097062166722,4.76357712239848,2
-1.1911942099187787,4.7620529247735774,2
-1.1911942099187787,4.7620529247735774,2
-1.1922252025145692,4.76510132002338,2
-1.1917108078617833,4.766245975649536,2
-1.191968545339055,4.767008087973483,2
-1.1914541186712384,4.768152784134145,2
-1.1940272362669813,4.765098305208415,2
-1.1940272362669813,4.765098305208415,2
-1.1958280616575259,4.762426572257414,2
-1.1953124586428672,4.760902509747531,2
-1.1935091951852268,4.758236833449459,2
-1.1922228498208831,4.7597638026822935,2
-1.1919662993621305,4.761670435517381,2
-1.1906809382544559,4.7658664066277865,2
-1.188106847073719,4.766251870164439,2
-1.186562604156956,4.767016929745843,2
-1.1857895838153176,4.76473034956696,2
-1.1865616732586695,4.76434786031076,2
-1.1855309367831133,4.761299140784924,2
-1.1847578844264444,4.75901260114054,2
-1.1852710920607095,4.755199200355346,2
-1.1842402702117418,4.752150588921516,2
-1.183467153825017,4.749864130346147,2
-1.1829504705086027,4.7456711875622055,2
-1.1816618898390132,4.7418604908274276,2
-1.1798592773536285,4.739193990327756,2
-1.1793424446337486,4.735001236704836,2
-1.1767682762888327,4.73271654988627,2
-1.1747082037897645,4.729287585763597,2
-1.1718781039433246,4.728908748113017,2
-1.169818319579516,4.725479419179802,2
-1.1693015829047226,4.721286543953365,2
-1.1667281188904433,4.719000965375688,2
-1.163383440510275,4.717096768111066,2
-1.160039018250334,4.715192246570403,2
-1.157723697237028,4.713668266879612,2
-1.155666028327584,4.712906507604782,2
-1.1533509420911567,4.711382230660952,2
-1.1515509466289195,4.711382664779087,2
-1.1492372074861592,4.712526930321776,2
-1.1469224307283472,4.711002261544394,2
-1.1451215470545293,4.708333572181438,2
-1.1458937990354716,4.710621125188446,2
-1.1492348761358269,4.707189385957683,2
-1.1525757398026535,4.703757916956953,2
-1.1430672364387924,4.7155783051022695,2
-1.1422951445329943,4.71329054942273,2
-1.1433237335391624,4.713671739824687,2
-1.1443523438886807,4.71405290320363,2
-1.1456383715651821,4.715196584251586,2
-1.1446106067405406,4.717484598399739,2
-1.1440958574599875,4.71595945496972,2
-1.1446097292006332,4.714815461407145,2
-1.1430663588988867,4.712909168109679,2
-1.1433237335391624,4.713671739824687,2
-1.1425533433547965,4.716722325687844,2
-1.1428098724701936,4.714815719875755,2
-1.142038636760951,4.715197128211816,2
-1.1422959900578729,4.7159597269498335,2
-1.1412665768701817,4.712909331997778,2
-1.1410083246899987,4.7094776232901765,2
-1.1407499871364077,4.706046022674585,2
-1.1394651037917214,4.707571140831682,2
-1.136122431686701,4.705664403404736,2
-1.1340647923298377,4.702232358659668,2
-1.1335501711094036,4.700707053091627,2
-1.132264559628279,4.699562845095109,2
-1.130721701566996,4.697655903245558,2
-1.1281507133816273,4.69536718999948,2
-1.1242945512538647,4.691933714785314,2
-1.1237800794368997,4.690408220056245,2
-1.1212095608052906,4.688118912304091,2
-1.1224938998944847,4.686594483233588,2
-1.1178676332551678,4.683540984136293,2
-1.117096053589833,4.68125257990468,2
-1.116324473924502,4.678964175673059,2
-1.115552894259169,4.676675771441442,2
-1.1140107298568473,4.674767951344279,2
-1.1129819996564407,4.6717166916561155,2
-1.111953269456036,4.668665431967948,2
-1.1129798603962868,4.66637890408499,2
-1.1137491407263127,4.663329723418009,2
-1.1152887069863926,4.659900336938627,2
-1.1160576991811624,4.656851521082196,2
-1.1173411631928971,4.65532819995483,2
-1.1181099419541365,4.652279654328428,2
-1.1188785926552605,4.649231270840051,2
-1.1204173905546462,4.645802857188791,2
-1.1229836569341778,4.642757052647163,2
-1.1245220706532173,4.639329125409962,2
-1.1255475730824749,4.6370439757001805,2
-1.1255453295679985,4.634376568179807,2
-1.1268257817045608,4.6301868123601935,2
-1.1268233354282344,4.627519661558356,2
-1.1291310105963888,4.6237128256129125,2
-1.1306683998344997,4.620286195479878,2
-1.1319479662219223,4.6160975611149055,2
-1.1319450290484827,4.613431031842143,2
-1.133478744767487,4.607338804729967,2
-1.135527401857214,4.602771477840779,2
-1.137060178468694,4.596680439740759,2
-1.1383383255231703,4.592493602405511,2
-1.1398740499797668,4.58906908006675,2
-1.1406399047016897,4.586024236591818,2
-1.1421752769929707,4.5826001601326105,2
-1.1431987518037268,4.580317577608156,2
-1.141655434860363,4.578411216753182,2
-1.1411396397555293,4.576887397450328,2
-1.1424250271314502,4.578031889188384,2
-1.1431904229712924,4.57498762670803,2
-1.144983180574524,4.572326108452327,2
-1.1480568303154914,4.568144525341175,2
-1.1493331631849877,4.5639599849612225,2
-1.1506092399342496,4.559775768857314,2
-1.1526544394008447,4.555212819694685,2
-1.1534187680730525,4.552169908364508,2
-1.1549522834926478,4.5487481829066,2
-1.1554581276702454,4.544944105057581,2
-1.1567330305351096,4.540761375218864,2
-1.1572384905323538,4.536957783783912,2
-1.156974635722099,4.53353316861471,2
-1.159017999660362,4.528972543430378,2
-1.1595229047304372,4.525169654593519,2
-1.159006255891498,4.523646916210804,2
-1.1587419528708374,4.520222868524677,2
-1.1602738355239524,4.516803210326529,2
-1.1607782070102104,4.513000997064758,2
-1.1597446532121012,4.509955844575369,2
-1.1602487685781302,4.506153955589639,2
-1.1594670803728615,4.5012081018144166,2
-1.1586852641074739,4.496262410177213,2
-1.1573931084263087,4.492456239795519,2
-1.1599507734347174,4.489421325524276,2
-1.1622497511866605,4.485625501452734,2
-1.1635213565035372,4.481446946668047,2
-1.1640241912684068,4.4776466790625165,2
-1.1637656214003815,4.476885620635702,2
-1.1668396364407894,4.475373823069219,2
-1.1660711326806865,4.475751772460843,2
-1.1663224113313273,4.473851814307601,2
-1.1663150240688562,4.4711909193310575,2
-1.1686203752740205,4.470057273828722,2
-1.1709180830964776,4.466263057625888,2
-1.1711613235123934,4.461703028697709,2
-1.1742268307643133,4.457531754862369,2
-1.1706516670839022,4.4628416852171,2
-1.1711534987111936,4.459042687692737,2
-1.1734584977510352,4.457909488069959,2
-1.1747363804760464,4.4563932334579945,2
-1.1757554158694443,4.454116271718252,2
-1.1778014822042682,4.452222473059717,2
-1.1803568848172947,4.449190423226838,2
-1.181884957681957,4.445775588634806,2
-1.183412838456448,4.442360997249807,2
-1.186226672205704,4.440090181493268,2
-1.18929944933166,4.438579951260987,2
-1.1900676436131477,4.438202393702916,2
-1.1900676436131477,4.438202393702916,2
-1.1895584780817696,4.439340428693232,2
-1.18929944933166,4.438579951260987,2
-1.1895584780817696,4.439340428693232,2
-1.1864768730170336,4.4381915880017,2
-1.1857087000789015,4.438569118536769,2
-1.1854497140154976,4.4378085870585195,2
-1.1854497140154976,4.4378085870585195,2
-1.1885223630813364,4.436298518964257,2
-1.1882633343312303,4.435538041532013,2
-1.1890314859260123,4.435160538019954,2
-1.1877542008148776,4.436676035987823,2
-1.188781391831446,4.437058996396502,2
-1.1905767878011773,4.4370643857356065,2
-1.1918540835839853,4.435548874256238,2
-1.1910768692735463,4.4332676040975265,2
-1.1908177978367345,4.432507180711291,2
-1.1913268459796793,4.431369294347494,2
-1.189781512089482,4.429465487166343,2
-1.18952244065267,4.428705063780107,2
-1.189781512089482,4.429465487166343,2
-1.188763437146953,4.43174123287093,2
-1.1885134070824446,4.433639610178471,2
-1.1890224872404147,4.432501683280165,2
-1.1892724852898944,4.430603346507134,2
-1.1882362422293475,4.427561598916181,2
-1.1879680120317904,4.4241425234626846,2
-1.186163756108252,4.421478103734277,2
-1.1848684522825685,4.417675919245582,2
-1.183822869042782,4.411975749282906,2
-1.1835543827249975,4.40855699810545,2
-1.1835449038139654,4.405898751383248,2
-1.1835257539017228,4.400582501145863,2
-1.1832569581053196,4.397164141801962,2
-1.182210670534893,4.391464863598394,2
-1.1809149932005383,4.387663152012262,2
-1.1796193158661836,4.383861440426131,2
-1.1788319183140725,4.378922815304328,2
-1.1777953337598852,4.37588150008143,2
-1.1770077654609548,4.370943091143658,2
-1.174177471061892,4.36789425176438,2
-1.1713473900963596,4.364845142155069,2
-1.1703109336022859,4.361803664794149,2
-1.167232209890166,4.360651175997155,2
-1.1644127283616807,4.360258894402371,2
-1.16133435681488,4.359105959725817,2
-1.159023219098696,4.35757668352635,2
-1.1562041644372627,4.357183861471494,2
-1.154919235943428,4.356038788738868,2
-1.1518414726821753,4.354885083906716,2
-1.1500486379147645,4.354876451807197,2
-1.148763901511101,4.3537311358675375,2
-1.1482461214744717,4.352209829704005,2
-1.147469451419525,4.349927870458703,2
-1.1449002133890787,4.347636941326343,2
-1.1433568004006247,4.345730702074885,2
-1.1425802263907663,4.34344862122607,2
-1.1412859363743344,4.339645153144719,2
-1.1399916463579025,4.335841685063361,2
-1.1389562143447574,4.332798910598278,2
-1.1376619243283255,4.32899544251692,2
-1.1376518904901243,4.326337898392808,2
-1.136098678440348,4.321773817764189,2
-1.135829637195389,4.31835576918483,2
-1.1360680006552162,4.313801915012938,2
-1.1342660604854444,4.31113456328865,2
-1.1327127203755527,4.306570644798054,2
-1.1321844903053417,4.302392321458978,2
-1.1316561535183691,4.298214133234914,2
-1.1306098659479407,4.292514855031342,2
-1.1313544175414556,4.286826735578117,2
-1.131084586592447,4.2834096868498825,2
-1.131321626764409,4.278857508104206,2
-1.1310515717101985,4.275440743117503,2
-1.130004409062316,4.269742572857073,2
-1.130488576602822,4.263295691932328,2
-1.1299590659314518,4.259118989973452,2
-1.1294409657445321,4.257598089154971,2
-1.1327627189014855,4.2568610641895575,2
-1.1325036261213217,4.256100667826324,2
-1.1325036261213217,4.256100667826324,2
-1.1296769387488599,4.2530472615594626,2
-1.129158795875231,4.251526414786991,2
-1.127616023187361,4.249619364845426,2
-1.1253077881671416,4.248086413517491,2
-1.1240125910582233,4.244284093913784,2
-1.1211865546580224,4.241229863445319,2
-1.121433916803447,4.239334864013209,2
-1.1216812362621678,4.237439918627107,2
-1.1196207155526956,4.2340115219875045,2
-1.1185846005522642,4.230969612258534,2
-1.1170422654031213,4.2290620083453945,2
-1.1147229720637704,4.22487280999751,2
-1.1134279350299963,4.221070287721272,2
-1.1121328979962222,4.21726776544504,2
-1.111084849599198,4.211570716639258,2
-1.1115665092957663,4.205127010917408,2
-1.110777073453475,4.200190966492439,2
-1.1105056524246955,4.196775930977957,2
-1.1107398325874023,4.1922273733147435,2
-1.1097034614667383,4.18918578786181,2
-1.1094317736460475,4.185771090134875,2
-1.1096782286989857,4.183877239180411,2
-1.110935630014657,4.1797166682045095,2
-1.1121927752101008,4.175556421504652,2
-1.1132035293826625,4.17328994469025,2
-1.1139549773415318,4.170263341742643,2
-1.1152115355947778,4.166103838175378,2
-1.1174915711212208,4.162331997019393,2
-1.1205357670354985,4.158187705652985,2
-1.1212864893203793,4.155162021487499,2
-1.1228014360231509,4.151763806042577,2
-1.1232924465706358,4.147978509180959,2
-1.1240427313167842,4.144953378987047,2
-1.1245334217139824,4.141168487470473,2
-1.1240002720009805,4.136996392933689,2
-1.1244906422478849,4.13321190676217,2
-1.1239572364146522,4.129040136501427,2
-1.1239282258734793,4.123736370891631,2
-1.1241585108743184,4.11919274492654,2
-1.1236246675023533,4.115021528637367,2
-1.1233502904192285,4.111610235808865,2
-1.1240992518775101,4.108586781041161,2
-1.123824672032537,4.105175744931188,6
-1.1240541353143012,4.100633159351734,6
-1.124283385162535,4.096090844002305,6
-1.1237487841015508,4.091920587029755,6
-1.125504828675739,4.086635303404236,6
-1.1267566487046885,4.082481798943736,6
-1.1277484475176323,4.077569073620655,6
-1.1305266140621217,4.072673168367132,6
-1.131517697872754,4.067761348314665,6
-1.133531693357737,4.0632379067830655,6
-1.13528541150648,4.057955568664919,6
-1.1380619346128213,4.053061744182667,6
-1.140577988292744,4.047409266320898,6
-1.1428505323024005,4.043646910239119,6
-1.1474122279125414,4.038771419114621,6
-1.1509501474425416,4.033508643900888,2
-1.1527189151173651,4.030877499501052,2
-1.1547300079063874,4.026357733097921,2
-1.1570011005680598,4.022597214580376,2
-1.159271937109505,4.0188370203388715,2
-1.1615425175307124,4.015077150373411,2
-1.1638128418316942,4.011317604683985,2
-1.1655805423388834,4.008687811434324,2
-1.1675898849729869,4.004170260917476,2
-1.1698594729283016,4.000411647521673,2
-1.1721288047633784,3.9966533584019146,2
-1.1733744779067603,3.992507636566401,2
-1.1753825826264048,3.987991653383755,2
-1.1773903458524089,3.98347610256916,2
-1.1783743863566514,3.9785732001078244,2
-1.179618917630668,3.9744289240030035,2
-1.1808631927844448,3.9702849721742197,2
-1.1821072118179892,3.966141344621473,2
-1.183350974731308,3.9619980413447706,2
-1.1835711749980096,3.9574671837488076,2
-1.1832897866235292,3.954064767976938,2
-1.1827473632237915,3.9499044149351477,2
-1.185013472212617,3.946150206288902,2
-1.1865171176101441,3.9427662995243047,2
-1.1880205709175051,3.9393826359667408,2
-1.1905470746310058,3.9363871752805224,2
-1.1928122658556681,3.9326341286234268,2
-1.1958392910427236,3.92851157726329,2
-1.1988659960794834,3.924389431248205,2
-1.2016310791487879,3.919510091095791,2
-1.2038951071607293,3.9157585171923834,2
-1.2054190738924486,3.9150191294642447,2
-1.2074213732201695,3.910510496538528,2
-1.2089228736107547,3.90712930558578,2
-1.2106630920889359,3.901864059517319,2
-1.2121413577776892,3.8958420381680767,2
-1.2141422484441318,3.891335188760589,2
-1.2151194910905492,3.8864408931258545,2
-1.215834780947544,3.880789822210346,2
-1.215026552283227,3.8758775715399025,2
-1.2144798495412754,3.871722636610297,2
-1.2134332336113314,3.868694022199019,2
-1.2121249636988978,3.8649082541849147,2
-1.211578058195098,3.860753575973849,2
-1.2112927213003744,3.857356159457609,2
-1.2117685780674616,3.8535900489284316,2
-1.2114830277392077,3.8501929026422275,2
-1.2122203143835826,3.8471842294574046,2
-1.2119345612934822,3.8437873398897366,2
-1.2124098417900449,3.840021958981655,2
-1.2021340848959987,3.8308567291640188,2
-1.2036559813225107,3.830119962667215,2
-1.2033942846533208,3.829362863110404,2
-1.2031083928314246,3.825966149192258,2
-1.2031083928314246,3.825966149192258,2
-1.202085801307362,3.8255773653263354,2
-1.201324917124163,3.825945667505728,2
-1.2023232708088205,3.823694891056327,2
-1.202061563467952,3.8229378050110085,2
-1.202061563467952,3.8229378050110085,2
-1.2017755435859456,3.819541253230881,2
-1.2022257218373191,3.813137406439111,2
-1.2042214900991226,3.808637042552448,2
-1.207239412346258,3.804526016503278,2
-1.2097332155810214,3.7989017101225997,2
-1.2104434470634313,3.7932570436589046,2
-1.2119391847487968,3.7898831489170846,2
-1.2126487439155973,3.784239333677995,2
-1.2136199463932122,3.7793526855532313,2
-1.2133063911238082,3.7733207485118143,2
-1.2142769426291622,3.7684349245886537,2
-1.214985061119659,3.7627929334022987,2
-1.2167413749481995,3.7601775569249725,2
-1.2177110300327456,3.755292867967963,2
-1.2189159989401297,3.7485284340642764,2
-1.2206448947697162,3.7432775236991347,2
-1.2226356686869888,3.738783483195281,2
-1.2246261011106228,3.7342898750594813,2
-1.2268785823687676,3.730552920600932,2
-1.229393240521535,3.7275724576816245,2
-1.2324050799131605,3.7234691331884306,2
-1.2351540594228752,3.7186101818921173,2
-1.2379026120655325,3.7137517710558683,2
-1.2419074693036478,3.7074044258641337,2
-1.244392308330287,3.701791469144897,2
-1.2456202024608896,3.69766825747125,2
-1.2483669409185723,3.6928121435902987,2
-1.2503537449722515,3.6883231293650773,2
-1.2533625749511472,3.6842236151153713,2
-1.2553486960175437,3.679735465626269,2
-1.2578604514743503,3.6767586778354264,2
-1.2608980974418014,3.67529292746681,2
-1.2649582388882354,3.674216082567625,2
-1.2682590542162142,3.6735055671685863,2
-1.2715599549176062,3.672794943677534,2
-1.2758836178898836,3.6724728878683734,2
-1.2784252671745548,3.672128499296946,2
-1.2817264666828851,3.6714174974838443,2
-1.2860505992089184,3.671094847168604,2
-1.2893520228224506,3.670383561613967,2
-1.294436047065787,3.669693865688995,2
-1.2977377054561945,3.66898228288132,2
-1.3017990101153494,3.6679039652284473,2
-1.3068836106292068,3.667213539682386,2
-1.311208863681264,3.66688947065947,2
-1.3145109916254274,3.6661772933457186,2
-1.318076961245735,3.6662194997769326,2
-1.3206196563546868,3.6658737870783398,2
-1.3231624154936998,3.6655279933107288,2
-1.3262010432553755,3.664060999883958,2
-1.3302632443353417,3.662981547264941,2
-1.333565873848297,3.662268734910608,2
-1.3383879666455627,3.6608222366818666,2
-1.3427145643288334,3.6604964652097287,2
-1.3478011070877827,3.6598035805703546,2
-1.351632583165733,3.660598062952271,2
-1.3557285412203974,3.662146118389046,2
-1.3603204105844355,3.662572920120649,2
-1.3644170516263845,3.664120110821319,2
-1.3685140341619775,3.665666869153931,2
-1.3731069066635904,3.66609240080437,2
-1.3784600870778743,3.6661503598965126,2
-1.3825581367811015,3.6676957670789534,2
-1.387681179135571,3.6696269180394268,2
-1.3925401236936725,3.670804009530979,2
-1.3976641798573919,3.672733876898789,2
-1.4002433638901852,3.675012213311547,2
-1.4048727466589916,3.678061767050334,2
-1.4089730587576046,3.67960430979441,2
-1.414560229706865,3.677784199366098,2
-1.4185924088988493,3.6740725096656917,2
-1.4221290182751058,3.6714816413024067,2
-1.425665520934599,3.668890908054138,2
-1.429201916877327,3.6663003099208886,2
-1.4330033497239416,3.6644625822444112,2
-1.4365395855915306,3.661872186783679,2
-1.4395806891821135,3.6604020586885113,2
-1.441596245194292,3.6585468894133903,2
-1.4438770408722004,3.6574443338765157,2
-1.4482090811104023,3.6571116715385052,2
-1.4525413347821328,3.656778738970459,2
-1.4568738018873866,3.6564455361723773,2
-1.4622323608265457,3.6564966854676477,2
-1.4668309106599722,3.6569150289991725,2
-1.4704037314964857,3.656948561046285,2
-1.4739767230798204,3.65698187690937,2
-1.4765237295460132,3.65663070556408,2
-1.4798312573584074,3.655911691430454,2
-1.4834046544654456,3.655944493856474,2
-1.4856860904439344,3.6548411276294956,2
-1.501048608533857,3.6403693997351176,2
-1.5028354778341981,3.640385584764097,2
-1.5053828044506794,3.640034008073755,2
-1.507664048338997,3.6389308850538065,2
-1.5109718963016832,3.6382114655751323,2
-1.5132531722050313,3.6371083020206747,2
-1.515534448108376,3.636005138466224,2
-1.5167890238922652,3.634518392974016,2
-1.518803960947217,3.6326640073659995,2
-1.5203247688627393,3.6319286190423696,2
-1.5223396205442743,3.6300743415263668,2
-1.5240880159889763,3.6274689905833135,2
-1.5261027075953653,3.6256149157398347,2
-1.5278508789348635,3.6230098485383166,2
-1.5303592407985942,3.6200373574050246,2
-1.531840603735935,3.616681662656017,2
-1.534082029137391,3.6129587061132575,2
-1.5363231984186179,3.6092360738465388,2
-1.5380705693823877,3.6066320200076554,2
-1.5393243021038518,3.6051463419240797,2
-1.540084492628086,3.604778917992295,2
-1.5408446831523221,3.604411494060521,2
-1.540577992138605,3.603660717886509,2
-1.5410714703057682,3.6025425448037254,2
-1.5395511319440018,3.603277338621279,2
-1.5395511319440018,3.603277338621279,2
-1.5377641345835453,3.603261315730318,2
-1.5362040310933036,3.6013762084675456,2
-1.5341505241376296,3.600609179707046,2
-1.5353642035953499,3.5965039653536977,2
-1.537337646710256,3.592031867528636,2
-1.5403374804660022,3.5879437434748773,2
-1.543603802473612,3.5846066523136635,2
-1.5473629836911655,3.5801521717367635,2
-1.5508957299205868,3.5775661945370985,2
-1.55442836943325,3.5749803524524566,2
-1.557200999840168,3.5727617046040585,2
-1.5602406093960681,3.5712934681191264,2
-1.5635473261610624,3.5705754808596346,2
-1.567346891464318,3.5687401176959597,2
-1.571146456767572,3.566904754532281,2
-1.5752132893550677,3.565819437921526,2
-1.5792802286593268,3.5647339861957477,2
-1.5833472746803512,3.5636483993549497,2
-1.587681854777525,3.563312521279528,2
-1.5914816868726849,3.561476820328309,2
-1.5955490530439977,3.560390828142463,2
-1.6003765136944619,3.5589375336283524,2
-1.6044441039709767,3.557851257700971,2
-1.6107918282814708,3.555663263949821,2
-1.6148596640065414,3.554576677257902,2
-1.6191954500031382,3.5542392723827874,2
-1.6242915118973809,3.5535343354838744,2
-1.6271075784894364,3.5539309407592086,2
-1.6294316289339896,3.5554438680415963,2
-1.6322479623179529,3.5558401355293903,2
-1.6358245822712476,3.55586885748189,2
-1.6381490702545243,3.557381230792707,2
-1.6419941313764514,3.5581585130329287,2
-1.6465997031728996,3.558567965996321,2
-1.6509816999904832,3.5608423012544925,2
-1.6558562358677147,3.5619996524420223,2
-1.6581817483319217,3.563510728648673,2
-1.6592104120398226,3.563891824470115,2
-1.6609995010488383,3.563905199106742,2
-1.6627886327445651,3.5639185196973564,2
-1.6645778071269905,3.5639317862419624,2
-1.6660986577292203,3.5631963438723275,2
-1.6681562839519604,3.5639581571931664,2
-1.669453527560293,3.565087637652809,2
-1.6707508138553315,3.56621706406645,2
-1.6730322818488492,3.5651136573049627,2
-1.6750901855351739,3.565875119326755,2
-1.6768796907395718,3.5658879670148096,2
-1.6786692386306683,3.565900760656863,2
-1.6789377438293638,3.5666492398755736,2
-1.6807273557505216,3.566661952448616,2
-1.6814879091117518,3.566294069125778,2
-1.6847987024571065,3.565570920472627,2
-1.6914659236982796,3.5667370929207074,2
-1.6963892742855187,3.5705028874351115,2
-1.7012677373396397,3.5716552663900067,2
-1.7056546431283373,3.573923386357386,2
-1.7072218432833441,3.5757995084715155,2
-1.7110716639729144,3.5765707645819695,2
-1.713891977892155,3.576961992279621,2
-1.7177422361204542,3.5777326944185113,2
-1.7215927504689912,3.578503072281354,2
-1.7241445591895328,3.578145820760291,2
-1.7251745141702752,3.5785252816900233,2
-1.7264735079335267,3.579652546263386,2
-1.728802584737629,3.5811591096284623,2
-1.732653878118537,3.5819285011516833,2
-1.7367745517755964,3.5834452639504804,2
-1.7401344372945484,3.58533020732515,2
-1.7450169235706454,3.5864774924439047,2
-1.7488693694925974,3.5872454247249372,2
-1.754513860477914,3.5880229889566166,2
-1.7586362842898904,3.5895375358691304,2
-1.763789794280303,3.591430111492194,2
-1.7681354409058354,3.5910802219894933,2
-1.7701971437089377,3.5918368739166695,2
-1.7732898579887326,3.5929716491349097,2
-1.7756213145766626,3.594475199435095,2
-1.7800150288948604,3.596734699064381,2
-1.7818549068740097,3.599354017400046,2
-1.7859796357680793,3.60086564582819,2
-1.7885814437547083,3.6031153378573,2
-1.7916754066206373,3.604248532229839,2
-1.7953090051163354,3.6068753612103848,2
-1.7994349292381546,3.6083854763503354,2
-1.8020375909588893,3.6106340874593066,2
-1.80252959643472,3.609517778963756,2
-1.8035611948536143,3.6098951591222317,2
-1.8051324502456296,3.611766146865701,2
-1.807195796486889,3.6125207180216137,2
-1.8079576517926341,3.61215118629557,2
-1.8110528632446936,3.6132827998224037,2
-1.8133863474511251,3.614783782937266,2
-1.814688094506872,3.6159075615431853,2
-1.8152279222268142,3.617400952944166,2
-1.8160376638067266,3.6196410400456323,2
-1.8170695823759129,3.620018014859049,2
-1.8171173192466128,3.6226278228475834,2
-1.8174348952755501,3.625984421117124,2
-1.8177047984638453,3.626731130329116,2
-1.8187368024064412,3.627107997050519,2
-1.8194989031607385,3.6267381545599306,2
-1.8202610039150393,3.626368312069342,2
-1.823087240614644,3.6267520408835416,2
-1.8264536038411325,3.6286287827766657,2
-1.830360285684673,3.6319982945416918,2
-1.8355218527907198,3.6338806689809573,2
-1.840143677550234,3.634269543927232,2
-1.8450360137835897,3.6354043579299002,2
-1.8499287768840027,3.6365386314724972,2
-1.8545516688111494,3.636926155268597,2
-1.8579202837613416,3.638800046234863,2
-1.8625438053173955,3.6391867728523586,2
-1.8668972102516221,3.638827060487909,2
-1.870537137051386,3.6414458771479303,2
-1.8736363823971,3.642572383327117,2
-1.8782611098525805,3.642957583144927,2
-1.8823940772807823,3.6444587806937356,2
-1.8867488161745491,3.6440973793915674,2
-1.89110376850185,3.6437357078593635,2
-1.8964924535833099,3.6437487141852785,2
-1.9016106912209807,3.6430157003857957,2
-1.9062372648764647,3.643398562713802,2
-1.9096093801364944,3.6452680219075013,2
-1.914778524132739,3.6471408031805446,2
-1.9199482017127991,3.649012908878504,2
-1.9251184128766763,3.650884339001376,2
-1.9276785775197958,3.6505165079744657,2
-1.928983846228732,3.651635827784819,2
-1.9338837913673164,3.6527610080867525,2
-1.9382922432705385,3.6550018483321622,2
-1.9395978428014402,3.6561207492859573,2
-1.9396483222929586,3.6587270848185582,2
-1.942259670758233,3.660964697565131,2
-1.94541370695271,3.664692080630214,2
-1.9488392791019589,3.669164105647532,2
-1.953842541664054,3.6754989709727823,2
-1.955470412761482,3.679968525135365,2
-1.9563346677265692,3.6848098404217815,2
-1.9597108488952877,3.686674151733321,2
-1.9620522301422092,3.688165136336913,2
-1.9639013818080944,3.6907727131775907,2
-1.9675495684853423,3.693381071935285,2
-1.9706552168368638,3.6944994712134402,2
-1.9732686569506974,3.6967344357056753,2
-1.9771385830784904,3.6974802361468946,2
-1.9805163649986568,3.699342520733179,2
-1.9823157841903658,3.699342816236136,2
-1.9836228457409284,3.7004598661141976,2
-1.9849299499781967,3.7015768619462577,2
-1.9877651188708967,3.7019492816335173,2
-1.9906004158237138,3.7023215391827478,2
-1.99447156919428,3.703065785801268,2
-1.9965430899396104,3.703810007146867,2
-1.9999222591777048,3.705670535237928,2
-2.0019940146999122,3.7064144593304817,2
-2.0023168198502574,3.709764436964182,2
-2.0038962604180206,3.7116250613858313,2
-2.006460715075029,3.7112517987352334,2
-2.009789479523331,3.7105058967131868,2
-2.013390196121792,3.7105041096947993,2
-2.0167191740036223,3.709757937442724,2
-2.0216284141723015,3.710871349226661,2
-2.0257220326674013,3.7097521187465823,2
-2.030087827417855,3.709376719528631,2
-2.034998081395786,3.7104888477199083,2
-2.0390922334747046,3.7093689416647457,2
-2.0424220757623175,3.708621674981025,2
-2.046516430603088,3.7075015122073296,2
-2.049846454309204,3.7067540158280785,2
-2.0531765633887247,3.706006411356814,2
-2.0560146883357735,3.7063750883580973,2
-2.058852941342936,3.7067436032213585,2
-2.0606543668097945,3.7067413585619953,2
-2.0640377727033954,3.7085965225868733,2
-2.067693941794543,3.7111947747412835,2
-2.071842532556902,3.7126761914515782,2
-2.075991464812903,3.7141571757938188,2
-2.0801407385625463,3.7156377277680015,2
-2.083525585132449,3.717491067740152,2
-2.087675499182671,3.7189708090242313,2
-2.0920985072524143,3.7211932195812913,2
-2.095757024112361,3.7237884992053196,2
-2.100180832557827,3.7260098963997486,2
-2.1050972120779754,3.7271142689890375,2
-2.108210992246864,3.7282223725028842,2
-2.114166152224076,3.7296950320099853,2
-2.1193567996481395,3.731540587607064,2
-2.123782774443903,3.7337592419666414,2
-2.127936060743851,3.7352347136161796,2
-2.1318165304878622,3.735967164693694,2
-2.1356972563521044,3.736699291495171,2
-2.1411089282243925,3.736683194046389,2
-2.1457556073180957,3.7370406007051535,2
-2.1509493495282985,3.738882237966731,2
-2.1546126579709153,3.7414714509264897,2
-2.157729415537501,3.7425757847313506,2
-2.1611198327224503,3.744422071699603,2
-2.163471416091948,3.745900139307551,2
-2.1675729102841874,3.744770937339201,2
-2.171456069290633,3.7454999835182896,2
-2.1763787877865255,3.7465963302755583,2
-2.1805362146968914,3.7480665594624263,2
-2.1849677067493207,3.750278228375617,2
-2.1886338004994634,3.7528639148334264,2
-2.1935581624335097,3.7539581808194313,2
-2.1954193090636007,3.7565505707321662,2
-2.199578400755472,3.758018692124775,2
-2.202479725832232,3.7609775989485996,2
-2.2061473242887395,3.763561380284667,2
-2.2100891906491604,3.7668863446285243,2
-2.2140314411899347,3.7702108225583117,2
-2.2172078238746558,3.7739099125388016,2
-2.2221353019381933,3.775000233166299,2
-2.226845063773169,3.7779480182741345,2
-2.229966527549019,3.7790463935067393,2
-2.233636505789347,3.7816271617779265,2
-2.237032610977785,3.7834662471157543,2
-2.2388959132864947,3.7860559077051548,2
-2.2410335155141503,3.7893867107678254,2
-2.2436636247864215,3.7916005702943743,2
-2.2467863051333747,3.7926974052157867,2
-2.2499091775704994,3.793793996930166,2
-2.253798963687954,3.794514652466681,2
-2.2579633912179933,3.795976018108423,2
-2.262402588220745,3.798177931717369,2
-2.266842212090541,3.8003793048662473,2
-2.2712822628273965,3.802580137555058,2
-2.275722740431302,3.8047804297838006,2
-2.2803814571759116,3.8051225954686316,2
-2.2835064105899257,3.8062165524401728,2
-2.286906229521726,3.808050935775409,2
-2.2903063045737593,3.8098849948346007,2
-2.2941990574172344,3.8106018941736366,2
-2.298366857197003,3.8120589901808373,2
-2.3025349984704064,3.8135156538199766,2
-2.3067034812374594,3.814971885091065,2
-2.3103798838269416,3.817544519438215,2
-2.313289212660951,3.820493292635753,2
-2.3166912406297566,3.8223248790901287,2
-2.320918505452516,3.826376933945479,2
-2.324103617568486,3.830064971517558,2
-2.3275640220693,3.8344928949932573,2
-2.3315173818251367,3.837803307449761,2
-2.3336604906377794,3.841127138577555,2
-2.336296426645335,3.8433336208241577,2
-2.3389325333997117,3.8455398868867405,2
-2.340033019951804,3.8485002952373364,2
-2.3413511800457556,3.84960329315361,2
-2.3434948117705385,3.852926462217816,2
-2.345581080772572,3.853652010668032,2
-2.347724947274237,3.8569748824791965,2
-2.3495937348245803,3.8595575981567087,2
-2.3525059450112007,3.8625027232487845,2
-2.3549253920329747,3.866565116153023,2
-2.3563014804485274,3.8702650185736935,2
-2.3592141922039396,3.873209508625184,2
-2.3613587523645663,3.8765315021887403,2
-2.364764974302169,3.878357778622945,2
-2.368171452360004,3.8801837307811056,2
-2.3718535322813015,3.8827491770093374,2
-2.3749851768363754,3.8838346622693045,2
-2.378885581271785,3.8845418738616075,2
-2.3822930944822254,3.8863665154040987,2
-2.3857008638129003,3.8881908326705528,2
-2.389051003628909,3.8874178671105604,2
-2.3919081134881583,3.8877625071502813,2
-2.394765351407523,3.88810698505198,2
-2.3989427130092853,3.8895519747536405,2
-2.4038892080000522,3.8906182178850734,2
-2.4072984606937364,3.8924406570527914,2
-2.411201084837824,3.8931450582527383,2
-2.4146108604436503,3.8949668353568647,2
-2.4185140074998763,3.895670574493227,2
-2.4208794640486158,3.8971310771489343,2
-2.4242899439850785,3.8989519624939533,2
-2.4284697387290457,3.9003938715732183,2
-2.4326498749666534,3.901835348284422,2
-2.4360612086372235,3.9036551527093053,2
-2.4391967590258368,3.9047356927596404,2
-2.442056430087412,3.905077090038951,2
-2.445961562075432,3.905778316035992,2
-2.4501431069743216,3.9072180092289734,2
-2.4546011928441835,3.9093960074798773,2
-2.4577971687266658,3.913070290343203,2
-2.4609934007293734,3.916744248930492,2
-2.4639136253449223,3.9196792268847744,2
-2.467603623650062,3.9222346475787297,2
-2.471293942105488,3.924789662927637,2
-2.475477877459875,3.9262263295442317,2
-2.480708276878291,3.928021554797404,2
-2.483846772649576,3.929098365673262,2
-2.4885250078902033,3.9294158188214396,2
-2.49194049284287,3.93123036727215,2
-2.4959093798877756,3.934521120493649,2
-2.5003719798767303,3.936693403379323,2
-2.5043416672973624,3.939983143238198,2
-2.5083117388983496,3.9432723966830032,2
-2.5133290429240542,3.9469192359362637,2
-2.517576733335323,3.9509454297773132,2
-2.5225951578870465,3.954590850322891,2
-2.5257966403545176,3.9582581612513295,2
-2.5271807325273237,3.9619479300457066,2
-2.5298288982759587,3.964138928111346,2
-2.5316466514076144,3.9641160108543474,2
-2.5339580214382327,3.9629747448650434,2
-2.5375937197917207,3.9629286671440234,2
-2.5401821216904263,3.962525084683559,2
-2.5438180975075007,3.9624786556634923,2
-2.5487789032162382,3.9635267798711205,2
-2.553740135792026,3.9645743636186808,2
-2.5589789658347506,3.9663589147854914,2
-2.5639411055030283,3.9674053500554045,2
-2.568132937897902,3.968832018160729,2
-2.572325111786421,3.970258253897999,2
-2.5765176271685846,3.9716840572672147,2
-2.580494389910628,3.9749648390004424,2
-2.583145778505516,3.977151756592562,2
-2.5873392756819005,3.9785763169036166,2
-2.589991091143842,3.9807626940356684,2
-2.5931366302215118,3.981830587320392,2
-2.5957888085204477,3.9840165050613834,2
-2.5994282846473595,3.98396564426875,2
-2.6033455396597045,3.9846515211998366,2
-2.6075407016175998,3.986073973716625,2
-2.6097001914534204,3.9893770646892754,2
-2.611088498938379,3.9930614964404754,2
-2.612476806423338,3.9967459281916717,2
-2.6133097909143146,3.998956587242393,2
-2.6146980983992734,4.002641018993597,2
-2.6184008493576325,4.005180293442994,2
-2.621054671094724,4.007364130412718,2
-2.622659371520383,4.0091927731098025,2
-2.6258073117252216,4.01025762630664,2
-2.6292332335773434,4.012058960508668,2
-2.6334310847976745,4.01347800812702,2
-2.638123107844132,4.013778004414981,2
-2.6428154510408763,4.014077595357886,2
-2.646736345094851,4.014758864866884,2
-2.6514292965771507,4.015057685654195,2
-2.6543008345428074,4.015384058143592,2
-2.658716188558172,4.014945911511649,2
-2.662081727603134,4.014153448854678,2
-2.6651691462690223,4.012624680842034,2
-2.669028419601384,4.010713720826235,2
-2.67316600540299,4.009538822959069,2
-2.6759751115996337,4.007273992797796,2
-2.6798977237935,4.00795308695502,2
-2.685300930564008,4.005277459191362,2
-2.689438889874289,4.004102088421639,2
-2.692805047876478,4.00330884209756,2
-2.696728513804448,4.003986855334656,2
-2.7017028725421355,4.0050178199350945,2
-2.705348218091034,4.004959527816517,2
-2.7108165565646694,4.004871684293597,2
-2.715019957056695,4.006283705931054,2
-2.7189448423176206,4.006959922138414,2
-2.7236421265005095,4.007253257256025,2
-2.72784650878676,4.008664035835324,2
-2.732051232566647,4.010074382046575,2
-2.7359772596969414,4.010749152523246,2
-2.7401826237774127,4.012158688044387,2
-2.74488154072678,4.0124499559022375,2
-2.7490875877945395,4.01385862668727,2
-2.7530147567941974,4.014531951433263,2
-2.755397298696751,4.015970822174715,2
-2.759110988123357,4.0184962473348556,2
-2.762545692765107,4.0202864615709615,2
-2.7652080731866224,4.022459462316309,2
-2.7694158704092953,4.023865917215062,2
-2.772358068006426,4.0267730749873,2
-2.77530047903708,4.0296799625295066,2
-2.7777497427225377,4.033704604297942,2
-2.7806925486052165,4.036610991914582,2
-2.7841289927302064,4.038399003775915,2
-2.787779588743863,4.038334063998491,2
-2.788552499906295,4.037950534356657,2
-2.790871233393583,4.0367999454311665,2
-2.7921374733197055,4.035298431867577,2
-2.793683274301216,4.034531399606919,2
-2.79550870036816,4.034498767580182,2
-2.79550870036816,4.034498767580182,2
-2.7957883254535965,4.035233167814106,2
-2.7973341691218074,4.034466081507446,2
-2.7988800127900184,4.03369899520078,2
-2.8014784780795097,4.033282671394193,2
-2.8030243430910726,4.032515558064528,2
-2.8063958369314346,4.031715555989592,2
-2.809554053960584,4.032767397610275,2
-2.810886642160943,4.033852127976228,2
-2.8122192730480062,4.034936804296169,2
-2.813831774469067,4.036755570085489,2
-2.816497271020072,4.038924625472337,2
-2.8193763111741923,4.039241499376022,2
-2.821482344120801,4.03994202452505,2
-2.8252014227439552,4.042460626376823,2
-2.8296940635017958,4.044594874385151,2
-2.833627091251765,4.045260781316699,2
-2.837560375121969,4.045926363972207,2
-2.841987137159336,4.0454737735449235,2
-2.846974451312093,4.0464883351822785,2
-2.8506283555454175,4.046419206839321,2
-2.8558966394148264,4.048166466261385,2
-2.8601116506907065,4.049563787384972,2
-2.863273133252818,4.050611494486127,2
-2.867488742142573,4.052008058965619,2
-2.8727587334802003,4.053753156547408,2
-2.875920984403006,4.054799890820437,2
-2.8790834274159884,4.05584638188644,2
-2.8828071268749973,4.058359133257962,2
-2.887024357859554,4.059753643989197,2
-2.8904681120828375,4.061532400471844,2
-2.8928576332617126,4.062962434691176,2
-2.896301825023727,4.064740637202259,2
-2.899253018844007,4.067636404778547,2
-2.90248512902256,4.071264937697052,2
-2.9051560467851445,4.073427129241026,2
-2.907053039576054,4.075974134019489,2
-2.908669372128914,4.077788049179688,2
-2.9110599284603946,4.0792167727833615,2
-2.914224804615582,4.080260183226965,2
-2.916896469395512,4.082421428965816,2
-2.9192874632657233,4.083849598597915,2
-2.9211851390439136,4.086395738640267,2
-2.9220276960285645,4.088594277873945,2
-2.922870253013212,4.090792817107623,2
-2.922938404800746,4.09337677759337,2
-2.923006492558221,4.095960819148129,2
-2.921738427775443,4.097464643178515,2
-2.9223679747407925,4.101514688320258,2
-2.922716626691221,4.104831941096791,2
-2.921729072743018,4.107069043906456,2
-2.920179942198496,4.10784029175565,2
-2.9178562463817084,4.108997163529445,2
-2.917643086958943,4.1108488585985405,2
-2.9147579852926633,4.110539659227829,2
-2.9153867212106146,4.114590731243709,2
-2.914398761738706,4.11682834749044,2
-2.91313009934205,4.1183329281649215,2
-2.9124225866746603,4.121303904259943,2
-2.912276095676413,4.125741437913533,2
-2.911568284202085,4.1287127923305995,2
-2.9108603446676398,4.1316843088856885,2
-2.9090969448460093,4.134308657000158,2
-2.908108259700114,4.136547192029006,2
-2.90768040413319,4.140252527823449,2
-2.9059165987878632,4.142877389374981,2
-2.90443305882855,4.146235840470336,2
-2.9023886039168563,4.14812759889211,2
-2.9019600653626423,4.151833799422661,2
-2.8996350889446987,4.152992292576659,2
-2.897095651159473,4.156004129202966,2
-2.8939955972288036,4.157548894833642,2
-2.892230938149366,4.160174837305313,2
-2.890811686830755,4.166122140050035,2
-2.88883171264993,4.170602506914154,2
-2.8860762127459783,4.175469713738018,2
-2.8846555314227356,4.181418827023975,2
-2.883169718396367,4.184780156069195,2
-2.881468270118317,4.189996314851914,2
-2.879486503095869,4.194478951648321,2
-2.879550770393216,4.1970678303206945,2
-2.8788395333107815,4.200043521929814,2
-2.8784080066872004,4.203753505680844,2
-2.8782561264924063,4.208197862642802,2
-2.877544441199566,4.211174121734995,2
-2.878383828696343,4.213376673884682,2
-2.879223216193118,4.215579226034372,2
-2.878231500291145,4.2178215983297065,2
-2.8775194521613106,4.22079831681296,2
-2.8765275441691553,4.223040932315328,2
-2.875815261262444,4.2260179480516165,2
-2.87348804379247,4.227179278620973,2
-2.872216222579615,4.228687858699967,2
-2.8715667236072377,4.234255631207372,2
-2.8692392820320567,4.235417245518267,2
-2.867750523623018,4.238782303737963,2
-2.866541102164156,4.242882127002126,2
-2.8655483404378934,4.245125823424637,2
-2.8643385134553316,4.249226160125861,2
-2.8639044256294266,4.252939386637308,2
-2.861918091129507,4.2574278063564535,2
-2.858875976192113,4.26156946298002,2
-2.857944397648742,4.266405942898896,2
-2.8561746161646617,4.269038370891394,2
-2.857291793218547,4.271977647253305,2
-2.8567948894432753,4.273100157528141,2
-2.857632740218662,4.275304655334075,2
-2.8587498745858415,4.278243985741987,2
-2.8598670089530227,4.281183316149907,2
-2.8615427105037927,4.2855923117617785,2
-2.862659844870972,4.288531642169687,2
-2.8627212414873853,4.291124155436023,2
-2.862224049576854,4.292247030521409,2
-2.8625645910532675,4.295574552039245,2
-2.862905047156275,4.298902181649094,2
-2.8638038783526927,4.303699719669936,2
-2.863367485444698,4.3074158646657565,2
-2.8615958684322926,4.310050616636548,2
-2.861159134030654,4.31376719400042,2
-2.86227575615737,4.316707172960413,2
-2.8628947168197936,4.320770621511873,2
-2.8648487308398103,4.325915679272381,2
-2.8662444551398245,4.3295907205298825,2
-2.8668027448598306,4.331060737032885,2
-2.8670818897198327,4.3317957452843885,2
-2.8670818897198327,4.3317957452843885,2
-2.868138022322629,4.332142062500399,2
-2.86947334247213,4.333223333921907,2
-2.869194176268774,4.33248835269341,2
-2.869412820933176,4.33062971271243,2
-2.8699106104575822,4.329506080982952,2
-2.87252072921763,4.329075002616488,2
-2.8732977062887457,4.328686325092498,2
-2.8746331651700405,4.329767420864485,2
-2.874196046588052,4.333484484642419,2
-2.8740379554776307,4.337936705298372,2
-2.8744380046837463,4.343859131618352,2
-2.875056666539237,4.3479229584918535,2
-2.8753960661462816,4.351251925740378,2
-2.876014525239917,4.355316009332412,2
-2.8750781337705167,4.360158582938567,2
-2.8756962727138653,4.364223071875653,2
-2.8752577454706056,4.367941919171816,2
-2.8732640261706575,4.372439688850143,2
-2.8712699653770724,4.376937890896535,2
-2.8684979670615025,4.381825986502058,2
-2.86728081930897,4.385935592093475,2
-2.8657845373681123,4.3893101759218816,2
-2.864786909357445,4.391560033589169,2
-2.863290307266297,4.394935022762631,2
-2.862571269188461,4.397920591279512,2
-2.860017766133824,4.400950236065082,2
-2.8587409505764487,4.402465139526875,2
-2.8564658880511793,4.406230684323059,2
-2.854968421554247,4.40960676792816,2
-2.852913497728066,4.411511781133122,2
-2.8501385006714415,4.416403673470633,2
-2.8478624883669745,4.420170420790473,2
-2.847142159016304,4.42315762419906,2
-2.845422643590222,4.428396657954188,2
-2.8442595610124553,4.4351080592136185,2
-2.843038859591706,4.439222164135103,2
-2.8412611703954607,4.441864604150375,2
-2.8400400207643024,4.4459792765549295,2
-2.839318549544261,4.448967925694202,2
-2.8378186819201563,4.452347049387189,2
-2.8360403737666875,4.4549902730695585,2
-2.834040038027414,4.45949641987896,2
-2.831483034662936,4.462530496437097,2
-2.829203980930714,4.46630109453492,2
-2.8245336665363734,4.468643860788198,2
-2.8226988600659286,4.468688369424946,2
-2.8224208250602665,4.4679519559772665,2
-2.8203080689575657,4.467259943074318,2
-2.8192517229212477,4.466913896088339,2
-2.817417076525949,4.466958202052556,2
-2.817695058173232,4.467694683057747,2
-2.817695058173232,4.467694683057747,2
-2.817194696774827,4.468821571059138,2
-2.818751382866198,4.468040757066728,2
-2.8190293751851563,4.468777224560412,2
-2.818529003115078,4.46990412607331,2
-2.8188625226284607,4.473240538159281,2
-2.818640036160579,4.475104042280883,2
-2.8160821577186432,4.4781392267821545,2
-2.8158595218472904,4.480002920064777,2
-2.816971149629479,4.4829492224075835,2
-2.81730422093246,4.486286201976622,2
-2.816858607696112,4.490014020909925,2
-2.8171914655655605,4.493351270709006,2
-2.8149103628714816,4.497124463015162,2
-2.814186415822533,4.500116246822834,2
-2.8119048649180467,4.5038900066120675,2
-2.805505740067531,4.511483575138467,2
-2.804781046001237,4.514476304751259,2
-2.802274810263542,4.52011635203144,2
-2.8021048309056784,4.524583624500313,2
-2.800878132002829,4.528705322885763,2
-2.8007076937628863,4.533173176349209,2
-2.800814522167908,4.538378416088456,2
-2.800643635717556,4.542846837034972,2
-2.8006968364865443,4.545449727134628,2
-2.7991915583225317,4.548835701158993,2
-2.7958502464453012,4.55226773764279,2
-2.793287971272715,4.555308488882773,2
-2.7915573573032404,4.560561574599692,2
-2.7900511827184165,4.563948683590194,2
-2.789878631486559,4.56841921233098,2
-2.7899308824763516,4.571023304954291,2
-2.7897580004225233,4.575494252551632,2
-2.786917252705546,4.577799144315506,2
-2.7851848458944435,4.58305449996471,2
-2.7839545292933163,4.5871807787492465,2
-2.7832265270073577,4.590177696927569,2
-2.7809391066808864,4.593958888042746,2
-2.7810417517887878,4.599169424290672,2
-2.779307648181149,4.604426928268648,2
-2.779912564917515,4.608508157956365,2
-2.777623981378328,4.61229082182523,2
-2.7753351417189016,4.616073809970139,2
-2.774052211290984,4.617596455522417,2
-2.774052211290984,4.617596455522417,2
-2.772266134157139,4.620249515578045,2
-2.7720397952140967,4.622117897351764,2
-2.7736501196131815,4.623939419487442,2
-2.7726940495726176,4.628806908302764,2
-2.773297803096261,4.632889610744172,2
-2.7731213246875104,4.637365111717589,2
-2.774781723054412,4.64179348282293,2
-2.776165388360166,4.645483792077375,2
-2.7767188544824677,4.646959915779156,2
-2.7764920353139892,4.648828905570454,2
-2.7754848668246765,4.651090842520283,2
-2.7763149699630407,4.653305149676463,2
-2.7766413928116638,4.656650546911081,2
-2.7754068822417306,4.660782135715785,2
-2.775456401282378,4.663389687283541,2
-2.773944880187715,4.666783565536402,2
-2.7739942071381893,4.669391360311188,2
-2.77381608529128,4.673868942055869,2
-2.7744183767952677,4.677953495573007,2
-2.7765819218680985,4.681251452175005,2
-2.7769075336693163,4.68459787628375,2
-2.778013825613339,4.687550934377413,2
-2.7799009257602805,4.690110464317968,2
-2.7828455671712895,4.693014527956315,2
-2.7852861227688557,4.697050195110155,2
-2.7864414321847377,4.702611439812152,2
-2.7873199978677956,4.707434636174753,2
-2.7881984354907345,4.712257994675383,2
-2.789076745053558,4.717081515314028,2
-2.7896783642419365,4.721166920055783,2
-2.7905564283562043,4.725990751458966,2
-2.789595097179207,4.73086490144464,2
-2.7883569582393175,4.735001084159936,2
-2.7866135596015926,4.740270356655913,2
-2.784593331857627,4.74480168890452,2
-2.7812385203098273,4.748250817437995,2
-2.7789413460711874,4.752044358065746,2
-2.7766439157123095,4.755838222969533,2
-2.7746224500538936,4.760371122552339,2
-2.7718189702931255,4.765299077087938,2
-2.7684628354574627,4.768749881047633,2
-2.767774246134662,4.774367146185835,2
-2.7665331724837827,4.778507044564108,2
-2.767407608228096,4.78333546987788,2
-2.766718058454426,4.788953951051237,2
-2.765752149128275,4.793833897471146,2
-2.764740093011202,4.796102022688764,2
-2.7655679550975343,4.79831916726031,2
-2.763773692787943,4.8009825906377515,2
-2.7646014588291887,4.803199856812814,2
-2.7630828624131087,4.806602693191319,2
-2.7612882159231695,4.809266602982824,2
-2.757929114361481,4.812721163139994,2
-2.755627746154037,4.8165200137879225,2
-2.7538326194386613,4.819184531597006,2
-2.753095311450938,4.822193231804828,2
-2.751575594508843,4.825597486891013,2
-2.749273372567293,4.829397418459077,2
-2.747477637566364,4.832062706423759,2
-2.746508484050608,4.836946760340194,2
-2.744205515091714,4.840747637713374,2
-2.7439741284457657,4.84262241042741,2
-2.745307623738613,4.843705992315712,2
-2.7463656238847634,4.844049945018924,2
-2.7482061290303736,4.843998221240259,2
-2.747974742384425,4.845872993954295,2
-2.7477433130517674,4.847747820714336,2
-2.7472363138706832,4.8488831128698,2
-2.7464977572968277,4.851893393923323,2
-2.747324274751943,4.85411224094409,2
-2.747368159147488,4.856726926584749,2
-2.747368159147488,4.856726926584749,2
-2.7484701397342697,4.859685443325105,2
-2.7480066834550865,4.863435853489285,2
-2.749108578668457,4.866394478321652,2
-2.7506741009078333,4.865602476805815,2
-2.7527906561273063,4.866289679614155,2
-2.755690100526584,4.866580719526549,2
-2.75725570813937,4.865788609918699,2
-2.7604309251489276,4.866818927717141,2
-2.7614893735054835,4.867162312937282,2
-2.763606334248662,4.867849002308553,2
-2.766550346030767,4.8707538631255005,2
-2.7694945712463994,4.873658453712409,2
-2.77165598198396,4.8769591126147525,2
-2.7740931973468346,4.880999008868628,2
-2.7762548321896006,4.884299384029429,2
-2.777633375090712,4.887996178804702,2
-2.7776772701579304,4.890610850933861,2
-2.7774891916370006,4.895101038909651,2
-2.7783599029662724,4.899934179737524,2
-2.7778957850431567,4.9036854276148105,2
-2.7787661975654903,4.90851894676473,2
-2.779912105234521,4.914092095099736,2
-2.7823494379858325,4.9181318427270995,2
-2.784003241256759,4.922568563940498,2
-2.7851057767707115,4.925526378082765,2
-2.787267699748737,4.9288263884330235,2
-2.7891540742216847,4.931386837155696,2
-2.7915486964618506,4.93281041287721,2
-2.7939434467621336,4.934233826460698,2
-2.7971222174399095,4.935259644929065,2
-2.800025418269257,4.935545928792859,2
-2.8031610729121894,4.9339560887924385,2
-2.801636649760832,4.9373663024508865,2
-2.8011717634770186,4.941118523156298,2
-2.8009824363699583,4.945610291977786,2
-2.8005171872491506,4.949362972074251,2
-2.8011115923843253,4.953457510591168,2
-2.800370346548032,4.956471196543124,2
-2.7996289726516235,4.959485044633109,2
-2.7988874706951012,4.962499054861109,2
-2.799205729711323,4.965854788394537,2
-2.7984639823062416,4.968869109387075,2
-2.7985064473688315,4.971485592057466,2
-2.796704544138981,4.974158689670141,2
-2.7959624338969036,4.977173470053739,2
-2.795771228574809,4.981667616899532,2
-2.79451982474124,4.985820594411464,2
-2.7948372300233544,4.989177408865029,2
-2.793585399322728,4.993330926837032,2
-2.7939025484846116,4.996688065566641,2
-2.7928841320484405,4.998964243639282,2
-2.79182409361211,4.9986228716329,2
-2.792374891815326,5.000102373210108,2
-2.7934349515950103,5.0004437181934875,2
-2.79398577114158,5.001923192747693,2
-2.795087410234718,5.004882141856104,2
-2.7964644591011414,5.0085808282416195,2
-2.7965058783394525,5.011198635039172,2
-2.795996456687835,5.012336994305535,2
-2.7970566765426685,5.012678136616387,2
-2.798860308584084,5.010002850140431,2
-2.8004299287471746,5.009205660207936,2
-2.8012562861271437,5.0114247099012275,2
-2.8015317385871352,5.01216439313232,2
-2.8039278655336677,5.013586063732085,2
-2.8015317385871352,5.01216439313232,2
-2.801807191047125,5.012904076363416,2
-2.8012562861271437,5.0114247099012275,2
-2.8028259703202956,5.010627438899718,2
-2.804946644806833,5.011309426268387,2
-2.8060486253936148,5.014267943008747,2
-2.8050297607470362,5.0165446885644585,2
-2.8066411416420802,5.018364873061461,2
-2.8061316559604066,5.019503313396825,2
-2.807467595067136,5.020583801151233,2
-2.8064485383303808,5.022860789913981,2
-2.808528081713874,5.020924605674548,2
-2.808528081713874,5.020924605674548,2
-2.8072335511737787,5.022461938229199,2
-2.805153954431905,5.02439819002614,2
-2.802523474113407,5.024855048337887,2
-2.800168435583217,5.026051603392233,2
-2.7970283842096375,5.0276470101313535,2
-2.7962842997074393,5.03066429014277,2
-2.7958153795299694,5.034421618195825,2
-2.7945611583738454,5.038578162744216,2
-2.793306681097487,5.042735031568643,2
-2.792051947700898,5.046892224669115,2
-2.791307041479623,5.049910545066162,2
-2.7900518705443016,5.054068292138204,2
-2.7895817764824375,5.057827106456454,2
-2.78832613599336,5.061985448034566,2
-2.7878556577511446,5.065744748766878,2
-2.7868745839729208,5.070643895030731,2
-2.7871892146191914,5.074004222474748,2
-2.7854220715016123,5.079303558062055,2
-2.7841651717547276,5.083463493997375,2
-2.7834578536399555,5.0891044718210985,2
-2.783260992329401,5.0936057797628,2
-2.7846354799935025,5.09730770890873,2
-2.7832999250671246,5.096226734740256,2
-2.783063917585322,5.098107357934534,2
-2.7815311064963613,5.1015281916333315,2
-2.782394294293816,5.106370858069923,2
-2.7814106699849486,5.111273233582683,2
-2.780937929347349,5.115035398753363,2
-2.7807014949984943,5.1169165624077095,2
-2.780426725525789,5.116176014440505,2
-2.778854757593905,5.116976176903378,2
-2.7764968056960804,5.118176420597688,2
-2.7744135378975443,5.120117320351223,2
-2.7728415486223117,5.120917509837103,2
-2.771780901900428,5.120576907986315,2
-2.77020893396854,5.1213770704491886,2
-2.768911575434217,5.1229179835517975,2
-2.7673395861589807,5.123718173037677,2
-2.7660421635945998,5.125259167209293,2
-2.763958682362537,5.1272003371928605,2
-2.7621496397812173,5.129882474000183,2
-2.7621496397812173,5.129882474000183,2
-2.7582567317874886,5.13450626720514,2
-2.756172930405139,5.136447842533762,2
-2.755149540967791,5.1387303169662,2
-2.7530655901819756,5.140672081455843,2
-2.7504697632589874,5.1437553128572375,2
-2.7481113631507554,5.144956124034621,2
-2.746027209603085,5.146898145242794,2
-2.743668777479824,5.148098996954683,2
-2.7413103453565615,5.149299848666573,2
-2.736319362609594,5.15096017992154,2
-2.7323886957625394,5.15296153188385,2
-2.7279100053481145,5.153479869278506,2
-2.7229193854381393,5.155139741142413,2
-2.718441089875741,5.155657578611503,2
-2.713450779444379,5.157317058641862,2
-2.7079130644028755,5.157492740437462,2
-2.702888025874266,5.156525941958691,2
-2.700494961698846,5.15510039355793,2
-2.6965301643684185,5.154474710367005,2
-2.6938987556140788,5.154932744179401,2
-2.6938987556140788,5.154932744179401,2
-2.6915061289773927,5.153506641807066,2
-2.690446656139901,5.153164553691095,2
-2.689387204645767,5.152822438552114,2
-2.6883277744949883,5.152480296390127,2
-2.6883277744949883,5.152480296390127,2
-2.6883277744949883,5.152480296390127,2
-2.688054210921708,5.15173822162323,2
-2.688054210921708,5.15173822162323,2
-2.686208978223485,5.151795930997153,2
-2.684637309098541,5.152595715137981,2
-2.6812204926487766,5.153453100560721,2
-2.6748995149187955,5.154025418154827,2
-2.6717563474157267,5.155624770252452,2
-2.6696723005848195,5.157566656345612,2
-2.6668023765047373,5.159908488555189,2
-2.6634197759117573,5.163392801039144,2
-2.660789071488052,5.163849943092426,2
-2.657645775924866,5.165449457328069,2
-2.6552883042524726,5.166649093004807,2
-2.6521784028269906,5.1708765746873055,2
-2.652451475503156,5.171619270983285,2
-2.6519386709301465,5.172761913395682,2
-2.6529976208554906,5.173104663575245,2
-2.6529976208554906,5.173104663575245,2
-2.6540565921241885,5.173447386731802,2
-2.6543296754720327,5.174190069516278,2
-2.6540899115601597,5.1760754487591605,2
-2.6546360569124907,5.17756084135112,2
-2.652311339077224,5.181389255164813,2
-2.6510453790771304,5.185560662365088,2
-2.649233231037993,5.188246731019419,2
-2.647453655417486,5.193561807506228,2
-2.6461869163850142,5.197734201046131,2
-2.643347547776731,5.202707594762018,2
-2.642080211130386,5.2068807449460195,2
-2.6415988904650156,5.210653773364079,2
-2.6403310842649113,5.214827518054154,2
-2.639576648236666,5.217857904222239,2
-2.6406675729667644,5.220830418878382,2
-2.640972065520513,5.224203582249025,2
-2.6412764727008504,5.2275768537116925,2
-2.6421261928427686,5.232436571663442,2
-2.6432169895127515,5.235409248457607,2
-2.6437938504120275,5.239525999883352,2
-2.644884604395301,5.242498730723515,2
-2.6446745849078237,5.24701669834684,2
-2.6434049325077176,5.251192780526715,2
-2.64264922654999,5.254224774563504,2
-2.641075615179947,5.255027017797644,2
-2.6411065548320938,5.257658092889894,2
-2.6398054398676987,5.259203762041103,2
-2.641137430454183,5.260289249051148,2
-2.642227714883699,5.263262574397391,2
-2.642803604660429,5.267380555369787,2
-2.6433793877203975,5.271498671457202,2
-2.643167991586669,5.2760183820642474,2
-2.6421692561841095,5.2809398898634505,2
-2.6403830214375663,5.286263397527332,2
-2.6408371588808635,5.2798545379684185,2
-2.639838113999687,5.284776437601174,2
-2.6393535278013562,5.288553600538759,2
-2.6388387489682223,5.289698742578974,2
-2.639111170672134,5.29044226307656,2
-2.6396560140799554,5.291929304071733,2
-2.638868770856204,5.292330979660374,2
-2.639141181888439,5.293074513669456,2
-2.639413592920672,5.293818047678542,2
-2.6396860039529066,5.294561581687631,2
-2.639171129074686,5.295706845331363,2
-2.6394435294352423,5.296450392851952,2
-2.63841369430539,5.2987410282314364,2
-2.638171113070962,5.300629974510777,2
-2.64004796840862,5.303202475492981,2
-2.641924909119691,5.305774868383178,2
-2.64168224251185,5.307663922754536,2
-2.642499379563466,5.309894646385306,2
-2.643073743290479,5.3140145595024535,2
-2.642617503526946,5.320426080827197,2
-2.64346385141914,5.325290068413498,2
-2.642462309365701,5.3302151297376525,2
-2.6414604471619754,5.335140596406859,2
-2.640186035194219,5.339322704716501,2
-2.6383956918522884,5.344651414308547,2
-2.6366049216432987,5.349980664360661,2
-2.635845437912149,5.353017441469056,2
-2.635630029228123,5.357542232400753,2
-2.634354272629146,5.361726043159614,2
-2.6333502974335037,5.36665418510616,2
-2.6323460020875693,5.371582732397755,2
-2.6321296009376454,5.376108779899109,2
-2.631124718649513,5.381038070323299,2
-2.6311797680809494,5.386308867868895,2
-2.631751037021825,5.390432699321536,2
-2.63153376079444,5.394959854766032,2
-2.6323766510635025,5.399828220078888,2
-2.6332194132724496,5.404696747529762,2
-2.6340620474212795,5.409565437118662,2
-2.6351764096150543,5.41517852545276,2
-2.6362638340353115,5.418155471881459,2
-2.63710615870553,5.423024553303907,2
-2.6387372313058606,5.427490054015973,2
-2.6393075291241903,5.431615115015269,2
-2.6409385376944616,5.4360806967963455,2
-2.642297711503021,5.43980201494724,2
-2.6433850505498686,5.44277906946796,2
-2.6436832574862557,5.4461601911131226,2
-2.644253192467591,5.450285711503479,2
-2.645612259559387,5.45400716476939,2
-2.646971326651183,5.457728618035304,2
-2.648330393742979,5.461450071301218,2
-2.6502330876714932,5.466660105873498,2
-2.651863968181649,5.471125849792596,2
-2.653494848691805,5.475591593711691,2
-2.6532747124551594,5.480122370238643,2
-2.653054362784987,5.484653416995634,2
-2.6522903009046868,5.4876959905382705,2
-2.6491569538062905,5.49195315699005,2
-2.648664214447237,5.495740642714949,2
-2.64792478525837,5.501422276647347,2
-2.6463701399196253,5.504870754878667,2
-2.644296980661032,5.5094691041758,2
-2.64249500519189,5.514812541304721,2
-2.642272617231537,5.519346168758538,2
-2.6428400763839637,5.523474823817299,2
-2.643407428819625,5.527603613991069,2
-2.6447648418015905,5.53132716153975,2
-2.6448132747936928,5.536606336216412,2
-2.646170581058895,5.5403300188801055,2
-2.647527887324097,5.5440537015438025,2
-2.6480948022210278,5.5481830456891466,2
-2.648933050310884,5.553057288505251,2
-2.6494997411026127,5.55718691639213,2
-2.6495471709571454,5.562467361149952,2
-2.6493229581401376,5.567003299070571,2
-2.64961783551351,5.570388636304266,2
-2.6491219159949075,5.57418014845668,2
-2.6494165799347513,5.577565755920411,2
-2.6491916841304572,5.582102558577137,2
-2.6489665748926416,5.586639631463889,2
-2.6495321665017073,5.590770651035449,2
-2.6506173285265806,5.593750461902516,2
-2.6517024905514575,5.596730272769584,2
-2.653307393738963,5.598558658748136,2
-2.6540984254078115,5.598152186576385,2
-2.6533302335887683,5.601199989070185,2
-2.6538728146012076,5.602689894503719,2
-2.654166848912144,5.6060762991460535,2
-2.652607209228874,5.609531100760176,2
-2.651567342723265,5.611834436951273,2
-2.6507985959770544,5.614882942043167,2
-2.649509649186127,5.619083453018149,2
-2.6487405929613033,5.622132349943591,2
-2.6487627284804685,5.624774572024759,2
-2.6482645679098393,5.628568921592532,2
-2.6498693216938776,5.630397496732108,2
-2.6496201667068267,5.6322947660965035,2
-2.649370969033072,5.634192089506911,2
-2.648872445625443,5.637986898465737,2
-2.6475822289050335,5.6421890173094305,2
-2.6489375075517305,5.6459152671584505,2
-2.6497506747397477,5.6481510170678675,2
-2.6497722019733665,5.650794009304629,2
-2.650585337146355,5.653029799748548,2
-2.6516695173770053,5.656010853673777,2
-2.6530247426653215,5.659737171080309,2
-2.653588146580738,5.663870960509719,2
-2.655464148184288,5.666444542412066,2
-2.6562772833572765,5.668680332855985,2
-2.6576112908905873,5.669763266192206,2
-2.6602794340173244,5.671928970726622,2
-2.6626766494748395,5.6733492631532165,2
-2.6650739929924736,5.674769393441789,2
-2.666137147558297,5.67510682008967,2
-2.6682635207199983,5.675781592316419,2
-2.670140226654185,5.6783542824596545,2
-2.672537975695519,5.6797738993111615,2
-2.6765416630769607,5.683020591525555,2
-2.679753475727125,5.6866748233203275,2
-2.683215329113473,5.688430664296064,2
-2.6853425133225777,5.689104409648685,2
-2.6885550303033767,5.69275774968435,2
-2.6898900623176143,5.693839385916402,2
-2.691767803404412,5.696410765443968,2
-2.693374286000015,5.698237151720264,2
-2.6963160780734423,5.701144822929567,2
-2.6984654938468022,5.70446066875984,2
-2.6998678268543443,5.7059479841073895,2
-2.7022609458918545,5.710740862528809,2
-2.704334050580014,5.71449413840946,2
-2.7049742737314855,5.716574774871386,2
-2.7056144968829567,5.718655411333309,2
-2.707687718242772,5.7224095460421935,2
-2.7097610173836912,5.7261642533032315,2
-2.7118343943057184,5.729919533116423,2
-2.713907849008846,5.733675385481771,2
-2.716301541682011,5.738472486475327,2
-2.7198085001706733,5.74390555867663,2
-2.720616351050948,5.749514789029536,2
-2.7218970306972103,5.753677779609841,2
-2.722704745460554,5.759286007996479,2
-2.724458389989733,5.762003760770462,2
-2.727172631757357,5.76784440060084,2
-2.730680270830687,5.773282482633494,2
-2.7364152971271665,5.779998805155341,2
-2.738962786203418,5.782317292306477,2
-2.741830668811911,5.785678173190128,2
-2.745812478375294,5.789679891974842,2
-2.7483604049702652,5.792001599731844,2
-2.7496417068653702,5.796169170729378,2
-2.75203692599273,5.80097750805896,2
-2.7552258827181397,5.805385792506481,2
-2.7576213449114526,5.810195919061538,2
-2.7600169043311507,5.815006761306787,2
-2.7620921771676272,5.818775997078731,2
-2.763694096215655,5.823987607896232,2
-2.765769495446424,5.827757774065425,2
-2.767844972458299,5.831528512786772,2
-2.769600114273757,5.834257287189715,2
-2.7713553144250476,5.836986491006776,2
-2.773751437757758,5.841801484255139,2
-2.7756740322945372,5.848057564306714,2
-2.7761616549274226,5.852625617600431,2
-2.776969612756723,5.858235635212544,2
-2.7774570701047594,5.862802471832929,2
-2.7774706000286997,5.868807460926739,2
-2.7776374791143628,5.872330544003237,2
-2.7766896437114426,5.8752069920881205,2
-2.7768563866801745,5.8787290731983575,2
-2.7747937395622895,5.880958170601431,2
-2.7738456708160513,5.883832901029852,2
-2.774012180441467,5.887353264483622,2
-2.7744989085916387,5.891914733427566,2
-2.7745113593027373,5.897911778360239,2
-2.775318130970181,5.903513064552005,2
-2.775484329471169,5.9070311377971585,2
-2.7751761144161566,5.911983785064773,2
-2.7763027837612917,5.918623814969077,2
-2.7753538788681738,5.92149239046185,2
-2.7747250661055105,5.925401141047541,2
-2.773301417086685,5.929701857216113,2
-2.7715574814846367,5.932960966911377,2
-2.771248371946905,5.937907029829226,2
-2.770619034161781,5.941811915687872,2
-2.769194743448839,5.94610790830118,2
-2.769205191296466,5.952090210015889,2
-2.768895440064618,5.957031549378463,2
-2.769700490825098,5.962620167853828,2
-2.7700303988317074,5.969637992675207,2
-2.7686051455775775,5.973926899955607,2
-2.7686146600519415,5.9799023310444746,2
-2.767189027614922,5.984188447133125,2
-2.7671981434611226,5.990160943892196,2
-2.7657721318412154,5.9944442687890955,2
-2.7649855850070004,6.00080264776442,2
-2.764674258707764,6.005732392945877,2
-2.764682557852357,6.011698877907335,2
-2.7642150142131214,6.0190894162454285,2
-2.7645425887865667,6.026090064502192,2
-2.7602601787396566,6.038907833134228,2
-2.7608994685178647,6.040981598970305,2
-2.7599475690521764,6.043828131205146,2
-2.7596348038024896,6.04874728417176,2
-2.7588457874181778,6.055087484616195,2
-2.759647940832478,6.0606547755238225,2
-2.760130439635029,6.065185111944402,2
-2.7587017153990683,6.069448469084932,2
-2.7569533171060883,6.072674728600365,2
-2.756000639829347,6.07551553531367,2
-2.7545714780746664,6.079775671848335,2
-2.7545768993183533,6.0857209723800985,2
-2.7558546232826053,6.089862205978555,2
-2.7571323472468556,6.0940034395770155,2
-2.757294617802014,6.097492598938398,2
-2.7571374184755637,6.099946163624086,2
-2.757294617802014,6.097492598938398,2
-2.757294617802014,6.097492598938398,2
-2.756655775265166,6.09542212527721,2
-2.7600021354924316,6.097378347988439,2
-2.7617565481100286,6.100101754714942,2
-2.7617565481100286,6.100101754714942,2
-2.7630291911229303,6.098300192697309,2
-2.7612799372377896,6.1015201541390525,2
-2.7620760082690072,6.101137277821614,2
-2.7623954684279823,6.102172800928287,2
-2.7638304889450698,6.103861185531251,2
-2.7638355407285022,6.10980376644028,2
-2.7649511496998027,6.110456985781667,2
-2.766543466769722,6.109692521389132,2
-2.7652706098587796,6.11149250888834,2
-2.7663862479979944,6.112145942936785,2
-2.768617582612249,6.113453240447786,2
-2.769733279087294,6.114107103910346,2
-2.771325693383595,6.113343355208002,2
-2.7721219005317472,6.112961480856832,2
-2.772441428749193,6.113997504946639,2
-2.7734000134015258,6.1171055772160585,2
-2.7761134870807282,6.122940563093923,2
-2.77898432537123,6.126323200959426,2
-2.781378504176306,6.131123880403948,2
-2.7842496341459544,6.134508665340025,2
-2.786644046294345,6.139311062441006,2
-2.7890385556691157,6.144114175232183,2
-2.7903169796633165,6.148260561800022,2
-2.7923920094338346,6.152028008346484,2
-2.794467116985457,6.155796027445103,2
-2.7941522516459187,6.160699721503558,2
-2.7936751643644104,6.162114614045727,2
-2.793198057637623,6.163529363449857,2
-2.794156817297445,6.166638723961626,2
-2.7944764038507195,6.167675177465547,2
-2.7944764038507195,6.167675177465547,2
-2.7936796619574675,6.16805311552066,2
-2.7932024871722145,6.16946736394166,2
-2.792725292941679,6.170881469224621,2
-2.792090384084874,6.174745346035248,2
-2.7914553585564086,6.1786083640176415,2
-2.793210762883101,6.181339070784105,2
-2.793691988020054,6.185860031663161,2
-2.7940152068515864,6.192828616999304,2
-2.7940187127355465,6.198759818434276,2
-2.795138537343396,6.2053494637490445,2
-2.795141683489744,6.211278017130304,2
-2.7951446351833305,6.217205139131181,2
-2.7951473924241466,6.223130829751671,2
-2.794352707741769,6.229429305457888,2
-2.794035664531277,6.234316968056035,2
-2.7956324791942553,6.239491005138433,2
-2.7969099309246364,6.243630234804357,2
-2.7965925571444394,6.248515464055849,2
-2.796114478153836,6.249923056558057,2
-2.797072479447877,6.253026834686324,2
-2.796913675886124,6.255468590483833,2
-2.7967531456831978,6.2519922419769,2
-2.797072479447877,6.253026834686324,2
-2.797711146977239,6.255096020105167,2
-2.7970741477532233,6.258944509576658,2
-2.796437031857547,6.2627921402199185,2
-2.796438350147911,6.2687072386255664,2
-2.79675872996909,6.275654925808091,2
-2.7980357539033918,6.279791006437165,2
-2.7973981129852543,6.283634772353384,2
-2.796281829163492,6.2888819797687,2
-2.7943675297828783,6.294497749697609,2
-2.793250740383929,6.299741235523925,2
-2.791016757223657,6.304319836258717,2
-2.788463479189259,6.307864130560162,2
-2.7867079347572066,6.311037786846459,2
-2.7830374726841196,6.313917267625399,2
-2.7820796035185875,6.316719856482425,2
-2.781440601431097,6.320553602735959,2
-2.7790453451589734,6.327555780737377,2
-2.777926825130425,6.3327865272782695,2
-2.7768080717585644,6.338015556162695,2
-2.7776041388013564,6.343538044864282,2
-2.7768037663756306,6.34979465269425,2
-2.7763218721224288,6.357079555159942,2
-2.7750413400615237,6.3647284397220005,2
-2.774239985649345,6.37097781908102,2
-2.76816824899109,6.380815176638471,2
-2.766890044629138,6.382575801177097,2
-2.7676845171592657,6.388086552559528,2
-2.76576485088237,6.3936628163898135,2
-2.7646434043397257,6.398872020655915,2
-2.763840202626291,6.405107801901281,2
-2.762238081148645,6.4117054897414505,2
-2.7606355707654746,6.418300314820851,2
-2.759831396788215,6.424528939164297,2
-2.759663615242985,6.43281000177608,2
-2.7566245287206144,6.437704991209436,2
-2.7555074224630314,6.437040750239092,2
-2.756462273622301,6.440121340005124,2
-2.758696563918569,6.4414503944979735,2
-2.7588525828173758,6.444893534979986,2
-2.7601257565869517,6.449001274277439,2
-2.7617172237989234,6.454135948399259,2
-2.763626984453289,6.460297557345445,2
-2.765218451665259,6.465432231467261,2
-2.7660107852149842,6.470927237665464,2
-2.7661664735440894,6.474367944800818,2
-2.7650419643704183,6.479554604825861,2
-2.763599006192141,6.483713184922223,2
-2.7621558730063747,6.487870476776244,2
-2.761348879464043,6.494078346104107,2
-2.761822161205595,6.498540835094442,2
-2.7622953651660413,6.503002751532623,2
-2.76276849134538,6.507464095418648,2
-2.7635596581785187,6.512950513334541,2
-2.7643507277852777,6.518436215560243,2
-2.7659412713466214,6.523564090625236,2
-2.767531814907965,6.528691965690225,2
-2.7688042497570393,6.532794265742218,2
-2.7700766846061136,6.536896565794212,2
-2.769749646523559,6.541710655440578,2
-2.769740522700509,6.547548888719561,2
-2.7690951036718143,6.551335399420395,2
-2.7682857669736762,6.557526020614617,2
-2.766840154515174,6.561665062368732,2
-2.7660302927945732,6.567851818835919,2
-2.765538073099611,6.575060715003183,2
-2.7658455607025427,6.5819135016662,2
-2.7658349201479364,6.587740570178177,2
-2.7642237760620496,6.594271841968492,2
-2.7622944260375117,6.59977682305562,2
-2.760364764888548,6.6052795139341285,2
-2.7584347926151676,6.610779914604024,2
-2.757304819318829,6.615926352840251,2
-2.7558569317629917,6.620048647443866,2
-2.754891576166047,6.622796128156079,2
-2.752643009048489,6.627267375362017,2
-2.7500766248978064,6.630715194625523,2
-2.750228939471455,6.6341310673112055,2
-2.7495807300456026,6.637897037703517,2
-2.747013898653563,6.641341564792139,2
-2.745081865180884,6.646826792829955,2
-2.7436326359009726,6.650939210908913,2
-2.7433012420765053,6.6557212376346655,2
-2.7434529052334007,6.659132315196061,2
-2.7440877420433143,6.661173302421325,2
-2.743438657580022,6.664932831601899,2
-2.7435901554520683,6.668342692489965,2
-2.7435756063969077,6.674140990256209,2
-2.743243512542488,6.6789178640125755,2
-2.744512913928448,6.682997834530568,2
-2.7441805867307156,6.687772990630471,2
-2.7446490071531713,6.6921996951111815,2
-2.745117349794521,6.6966258270397425,2
-2.7455856146547646,6.701051386416154,2
-2.7460538017338987,6.705476373240408,2
-2.7473229697765422,6.709554626101937,2
-2.749226721840504,6.715672005394232,2
-2.749694733912156,6.720095703976135,2
-2.7501626682027,6.724518830005891,2
-2.74999599902665,6.726902686466843,2
-2.7501465440801507,6.730305533591018,2
-2.7480600376081394,6.732359000620885,2
-2.747575998640322,6.733722721314301,2
-2.74677473572031,6.7340673797754675,2
-2.745973472800298,6.734412038236638,2
-2.747242251937413,6.73848742833739,2
-2.7473925053117707,6.741888128390993,2
-2.74705850582027,6.7466509746195875,2
-2.746724350766554,6.751412675743872,2
-2.7459057095036687,6.757534805386687,2
-2.7470068958141027,6.763987252891571,2
-2.745069106539612,6.769430112069998,2
-2.7455357866098318,6.773844005696272,2
-2.7452007565186793,6.778599265608822,2
-2.744231531311737,6.781318261851382,2
-2.7437468895403505,6.782677545265603,2
-2.7438962289867153,6.786071517831399,2
-2.7437285194883785,6.7884477164072905,2
-2.7425912347681223,6.793540334741049,2
-2.743859080531969,6.797608854215962,2
-2.7441571566211316,6.804392362068356,2
-2.744454999366983,6.811174152264286,2
-2.7441188025592513,6.815920823894533,2
-2.7429804677940677,6.8210057127742125,2
-2.7421587444548727,6.8271051550379305,2
-2.739564063438623,6.836250073474485,2
-2.739712294504237,6.839635887172083,2
-2.7382561524285673,6.843697419678364,2
-2.7367998353454155,6.847757663942296,2
-2.735343343254776,6.851816619963881,2
-2.734203336195824,6.856889198972258,2
-2.7330630957935576,6.861960060324165,2
-2.732408343032196,6.865677864766528,2
-2.729979543658306,6.872433129651572,2
-2.7293244311593323,6.876148286040227,2
-2.725945418324592,6.879857099581415,2
-2.723368650396317,6.883228483132378,2
-2.7204753099326133,6.885585599575386,2
-2.7190171261029246,6.889632102587623,2
-2.7164399109332944,6.893000193963708,2
-2.7152976968354725,6.898056526804709,2
-2.7146415245689397,6.901763882170265,2
-2.711747522965833,6.904116131919963,2
-2.711407339876443,6.908833460252321,2
-2.7102643479675663,6.913884067571782,2
-2.709437306345281,6.919944361581976,2
-2.708609973043849,6.9260025085215915,2
-2.7097040909963166,6.932402925349489,2
-2.709679099827733,6.9381243579890715,2
-2.7104568202522543,6.9435117959513555,2
-2.710918337601594,6.9478876864284125,2
-2.71089287974638,6.953605683755075,2
-2.7100641852755984,6.959653811031995,2
-2.7092351991256756,6.96569979123834,2
-2.7095250693082065,6.972422894838498,2
-2.711908310145313,6.977143059136374,2
-2.7126851555323963,6.982524055886927,2
-2.7153845119409414,6.9882551235488535,2
-2.716964603666227,6.993306061918165,2
-2.7188607137365715,6.99936718796134,2
-2.7212442656981004,7.004089642467829,2
-2.7231404341042715,7.010151197925115,2
-2.724233025602544,7.016540378416991,2
-2.725813117327828,7.021591316786303,2
-2.7277092273981722,7.027652442829474,2
-2.7286572824333426,7.030683005851056,2
-2.7296053374685147,7.0337135688726455,2
-2.7308694108487437,7.037754319568091,2
-2.7321334842289726,7.041795070263543,2
-2.7342014164736117,7.045510271425957,2
-2.735465528744392,7.049551308397483,2
-2.7378496154510223,7.054277699200036,2
-2.7405498468970038,7.060015208073693,2
-2.7435662522502557,7.066764049725528,2
-2.746754781179586,7.071169185136199,2
-2.749139334572847,7.075899011251671,2
-2.7508917929401697,7.078608032605306,2
-2.7520120979457126,7.079295819782985,2
-2.7532765213409185,7.083339146963127,2
-2.75471300025373,7.085038266918971,2
-2.756953804717586,7.086415272654715,2
-2.7591946869625517,7.087792850942609,2
-2.760631321437579,7.089493116002764,2
-2.7609474856222054,7.090504377211914,2
-2.760287249292908,7.094181816727428,2
-2.759310770997871,7.096847422481634,2
-2.75801810907293,7.098501623888652,2
-2.757357581064488,7.102176916333583,2
-2.75830584027506,7.105208982304575,2
-2.757645137259125,7.108882986507165,2
-2.7577888278527034,7.1122353774727785,2
-2.7582485076234224,7.116597741405201,2
-2.7595126976753104,7.120639350928876,2
-2.759972260774372,7.125000856033068,2
-2.760431746092328,7.129361788585101,2
-2.7600864488952475,7.13404147161334,2
-2.761839208664348,7.136752711606569,2
-2.764712827629376,7.1401558182115785,2
-2.7656609410003767,7.143186810647276,2
-2.766120251310845,7.147546454956963,2
-2.7657746040987874,7.152223561500509,2
-2.765112812147377,7.155889549972947,2
-2.7644509035243097,7.159554679617145,2
-2.764593845474746,7.1629015597682795,2
-2.7655417255024304,7.16593083454752,2
-2.765684579949122,7.169277070577479,2
-2.7643904596284496,7.170920536631613,2
-2.7634122118132645,7.173573116824322,2
-2.761628812022792,7.176541727870497,2
-2.7600186636344226,7.177174934681744,2
-2.7588977363800335,7.176482567086836,2
-2.760191992817642,7.174840102998971,2
-2.75875521250304,7.173138764403529,2
-2.7581234869373468,7.171120679264419,2
-2.7566867649585785,7.169419770083092,2
-2.755739205777953,7.166392857081487,2
-2.7563709118983706,7.168410799082558,2
-2.754760938517494,7.169045294136154,2
-2.7552192473962283,7.1733975668368615,2
-2.7566559402070823,7.175098261311131,2
-2.7576034410518755,7.178124744898621,2
-2.758377486319162,7.183485129771636,2
-2.758030458492483,7.188152073514448,2
-2.7584884756920705,7.1925021991445774,2
-2.7599252851745852,7.194203752447077,2
-2.7637149385387882,7.206307110312345,2
-2.7624200501296983,7.207944922413958,2
-2.7644885754552675,7.211664489286548,2
-2.7654359596284035,7.214690114045805,2
-2.7671887874559733,7.217401855022171,2
-2.7676465226990548,7.2217499051507446,2
-2.770204930297993,7.224148764310485,2
-2.7719579136877748,7.226861650391157,2
-2.7730792881835225,7.227557310160947,2
-2.7738848387869766,7.227244213637267,2
-2.7750062424506385,7.227940088114121,2
-2.77756498061928,7.230341380620512,2
-2.779318216797652,7.233056127495686,2
-2.780123835459573,7.232743531955137,2
-2.781561257468292,7.234449594105847,2
-2.7844362181573867,7.237862577235511,2
-2.785699902632089,7.24190046517019,2
-2.7888910372284563,7.246324781078016,2
-2.788859113818839,7.251995185006887,2
-2.790438719412217,7.257042544925238,2
-2.793946086251683,7.262478623025348,2
-2.7935979305989704,7.2671372647619314,2
-2.7951775361923463,7.272184624680278,2
-2.7959510856050844,7.277541359533309,2
-2.7967245377914374,7.282897378696145,2
-2.7983040461584316,7.2879440229243,2
-2.798445568603693,7.291280453998628,2
-2.8000250283574957,7.296326740381687,2
-2.800831259545623,7.296018653689348,2
-2.8017789645658198,7.299046640226244,2
-2.8022362720128218,7.303391541317968,2
-2.8025189085525373,7.310061397567811,2
-2.8037823985744765,7.314097854122107,2
-2.803923590450033,7.317431851849779,2
-2.8018201471422906,7.319360645648128,2
-2.801329535671055,7.320675985684538,2
-2.800838904754544,7.321991182582909,2
-2.8003482543927536,7.323306236343239,2
-2.7982446360775217,7.325233741899247,2
-2.796140959426463,7.327160818041136,2
-2.7943529413828436,7.330095433803173,2
-2.7930556320368485,7.3317154252189916,2
-2.792249118892215,7.3320214364097716,2
-2.7917582838003003,7.333335130358741,2
-2.7904608966731974,7.334954549222406,2
-2.78804129890346,7.335872153380624,2
-2.7872347663135493,7.336178021433366,2
-2.7867438437178915,7.337491071261159,2
-2.7883569283429903,7.336879478293717,2
-2.7883569283429903,7.336879478293717,2
-2.7878660057473326,7.33819252812151,2
-2.7870594537121445,7.338498253036214,2
-2.784148816675092,7.340728048193988,2
-2.7833422549172635,7.341033701539676,2
-2.7801160078859617,7.342256314922402,2
-2.7781873813250737,7.341861227097922,2
-2.7746457090296435,7.342078018516965,2
-2.7719106471052264,7.341989514435415,2
-2.7683691206493677,7.342207379389745,2
-2.763390463863935,7.3407213292639355,2
-2.7587273976274744,7.340242317775143,2
-2.7540645258437877,7.33976473766673,2
-2.7495778611442105,7.336973510305242,2
-2.744600293294253,7.335495475909589,2
-2.7396230171234475,7.3340195885845105,2
-2.734330967105267,7.331542674420032,2
-2.7299843567325848,7.332077071210971,2
-2.7245165857621956,7.331917382750529,2
-2.718242778056444,7.332067212362812,2
-2.713090325401163,7.3329125586068535,2
-2.7082527632649107,7.334759790518518,2
-2.7043982519271097,7.33398979733299,2
-2.7000523610296536,7.3345294902313505,2
-2.693464887857287,7.333686451872424,2
-2.6879985558373534,7.333537355626834,2
-2.6837904636147325,7.337386068665147,2
-2.681194580979769,7.34061674752429,2
-2.6766716565739497,7.343464004309091,2
-2.674075462814569,7.346692392959618,2
-2.6711647868869637,7.348921901841322,2
-2.6669557612910726,7.352763744253785,2
-2.661626002893559,7.35591465045173,2
-2.6587150061188947,7.358141797555799,2
-2.6545054166099895,7.361979488965151,2
-2.650787877522774,7.364512432552942,2
-2.649175220693756,7.365127174557227,2
-2.648682917483475,7.3664300615842855,2
-2.645771551248556,7.36865448906563,2
-2.6439804219607197,7.3715662027415085,2
-2.6431740546556597,7.371873287467579,2
-2.6413827892508834,7.37478399917719,2
-2.6403978133700683,7.3773870536085795,2
-2.6394127597081507,7.3799895354878196,2
-2.637621183178954,7.382897956988817,2
-2.635336836752847,7.387105830203957,2
-2.634351471966502,7.389706021874574,2
-2.6331870416404097,7.394598819506619,2
-2.632515206203749,7.398190877182181,2
-2.6313503772494897,7.403080740484434,2
-2.630678259856321,7.406670722658433,2
-2.63408380325178,7.423168060027141,2
-2.6305430254390583,7.423391435795949,2
-2.6283906732727775,7.430865602446552,2
-2.624983581458938,7.434367724660181,2
-2.6231900409568283,7.437261689219294,2
-2.621082903046574,7.439163286790333,2
-2.617048490022139,7.440679744630568,2
-2.612880779904355,7.438920318786753,2
-2.610953699242943,7.4385366104363335,2
-2.606919480671273,7.440054499656952,2
-2.6030655332464896,7.439288657474538,2
-2.6011386178699247,7.438906165797441,2
-2.59889849399074,7.437534169893052,2
-2.597284903788456,7.43814204127149,2
-2.5935641076174445,7.440651009237833,2
-2.5916373380804565,7.44026959109603,2
-2.5880970366770057,7.440496473746784,2
-2.5877839156781306,7.43950761364065,2
-2.585050496879571,7.4394312047233555,2
-2.5823171364168402,7.439355225220176,2
-2.5792708007948058,7.438291459146157,2
-2.5749241320862932,7.438825426522978,2
-2.569770843284129,7.439664617831358,2
-2.564123822043868,7.441796175520977,2
-2.5581640103744316,7.442941306451122,2
-2.5528297795633446,7.446059290900212,2
-2.5473641475733597,7.445915347624009,2
-2.543018042777863,7.446453466003941,2
-2.537734334783252,7.444037958057976,2
-2.5335701539831366,7.442304511768143,2
-2.5289120949053476,7.441862358324251,2
-2.5239417995887585,7.44043785755499,2
-2.5208972821000692,7.4393874748875675,2
-2.517852881283037,7.438337951048375,2
-2.514808597137659,7.437289286037412,2
-2.5109579359645835,7.436547634183501,2
-2.5071074303537166,7.435807127433897,2
-2.502762842289778,7.4363564105808315,2
-2.4995369841640027,7.4375818867243275,2
-2.495998987025807,7.437825731232639,2
-2.4927731677905847,7.439051493652215,2
-2.4895473485553588,7.440277256071788,2
-2.487127984128941,7.441196577886469,2
-2.482783726634702,7.441748294380055,2
-2.478622112611065,7.440033742311304,2
-2.4750845432689506,7.4402807358564615,2
-2.47204157167973,7.439241732663099,2
-2.4696224114287144,7.440162557427183,2
-2.4676978100400415,7.439797099176669,2
-2.4646550815167743,7.438759885208789,2
-2.4613007001130036,7.436744618056679,2
-2.4579464937167153,7.43473063914692,2
-2.455893271823662,7.4311237219106125,2
-2.453033906246226,7.427825535487813,2
-2.4520987725972123,7.424890087692791,2
-2.448121785462371,7.420923867141624,2
-2.446380624800632,7.418298008988344,2
-2.4440161972684287,7.413716330742698,2
-2.4403514658176633,7.410732600654946,2
-2.437804569822344,7.408418479213985,2
-2.434763406643828,7.407392787858196,2
-2.431099248828719,7.404413280342581,2
-2.4277468508431337,7.4024126132704,2
-2.4235887466918875,7.400723897617592,2
-2.4208596447446844,7.400679265344838,2
-2.4187534596529705,7.40258787667976,2
-2.4147240537872054,7.404141192564907,2
-2.4137350138436275,7.406714331146254,2
-2.4102000890590993,7.4069807914646475,2
-2.4069765254759368,7.4082231578966855,2
-2.4048701070409066,7.410130051575145,2
-2.4016465045671893,7.411372131731106,2
-2.3981117256222344,7.4116396655847865,2
-2.394704526859371,7.415141000539204,2
-2.3906749751540364,7.41669324288906,2
-2.3874513337897643,7.417935036768945,2
-2.384043765566652,7.421433652100628,2
-2.380325059762855,7.423958007406107,2
-2.377228045762134,7.428426588622845,2
-2.375616108408341,7.429046626734554,2
-2.3751210050782596,7.430328901884074,2
-2.374625882302901,7.431611033895557,2
-2.3757427357718885,7.432273414071407,2
-2.375558449175431,7.434527587469496,2
-2.3752475935512525,7.433555402944851,2
-2.3743150266787225,7.4306388493709115,2
-2.3731982023776492,7.429976683902119,2
-2.3712754385675954,7.4296247521962435,2
-2.3683623903162676,7.431836798237253,2
-2.365322967489993,7.430823917735914,2
-2.360671801762683,7.430432506726667,2
-2.358623071728477,7.426858654377245,2
-2.3578171808326847,7.4271692459852545,2
-2.3552733863589506,7.4248779550614294,2
-2.3531664429014576,7.426780984012854,2
-2.3507488285499143,7.427713188251001,2
-2.3472147690801837,7.427986018212103,2
-2.342253885277369,7.426630796253459,2
-2.338720068873595,7.4269054154400465,2
-2.3340700795855067,7.426522664282125,2
-2.3279937423736,7.424515368086407,2
-2.3241500037189198,7.423824673374192,2
-2.3203064206264443,7.423135123766279,2
-2.3180744054275166,7.4218228164239335,2
-2.314231094568912,7.421135270748561,2
-2.3108833926175762,7.419169171512678,2
-2.3064200622496642,7.4165497097973585,2
-2.3011514632348096,7.414245420107285,2
-2.298299875767924,7.411004488899877,2
-2.295448443863256,7.407764702796776,2
-2.2914816460532403,7.403873486577769,2
-2.2897460467405484,7.401288565903492,2
-2.286089696203904,7.398366528310326,2
-2.2840442718666836,7.394817009427445,2
-2.2831142426027196,7.391919135367527,2
-2.2802636468449347,7.388685504200083,2
-2.2780331483775598,7.387384361624736,2
-2.2740676631237022,7.383502807223323,2
-2.2723326568919404,7.380922252259225,2
-2.2704123820772644,7.380588642222271,2
-2.2681822530701403,7.379290219269652,2
-2.264837205399033,7.37734365837602,2
-2.2614923327354077,7.375398385724729,2
-2.257342570607733,7.373771076290424,2
-2.2525735278912453,7.3702172900616425,2
-2.248609841325454,7.366348975928791,2
-2.2460707817765204,7.364092539117333,2
-2.243531838899239,7.361836961134117,2
-2.2390736031937415,7.359255001584881,2
-2.2385783734693625,7.3605363463371525,2
-2.238083124299706,7.361817547951386,2
-2.2367829564980823,7.363416498075551,2
-2.233749095020851,7.362444555053212,2
-2.230529576055172,7.3637166941972545,2
-2.2263815445570962,7.362102124048381,2
-2.223657517827027,7.362094850803668,2
-2.2206241035911507,7.361126199956217,2
-2.2164765971155322,7.359515494534378,2
-2.212824709269821,7.35662630712104,2
-2.209977769223997,7.353419585904824,2
-2.207440323632998,7.351175029550568,2
-2.20459367526632,7.34797045540493,2
-2.2025517899694,7.344446987645053,2
-2.200509982453587,7.34092409243733,2
-2.197354442435641,7.336761790708934,2
-2.1937038768687263,7.333882336682212,2
-2.190857986867826,7.330683344920075,2
-2.1880122524291323,7.327485498262245,2
-2.18597103799425,7.323966968764697,2
-2.1834347591198373,7.321731000692747,2
-2.1808985969170855,7.3194958914490265,2
-2.1780534069461304,7.316302052656276,2
-2.1752083725373925,7.313109358967832,2
-2.172363493690863,7.309917810383698,2
-2.1703229209501007,7.306404004441415,2
-2.1682824259904425,7.302890771051288,2
-2.1646338632869924,7.30002606024253,2
-2.1620986052895894,7.297797606917602,2
-2.1606765061586604,7.296204337541209,2
-2.1567194407094767,7.292384761910455,2
-2.1533806058041733,7.290483933620116,2
-2.149238028706117,7.288909513691031,2
-2.1447867933001206,7.286379083835648,2
-2.1406447217792515,7.28480838549557,2
-2.1360078677753602,7.284522324082641,2
-2.132175018475454,7.283911786671972,2
-2.1299499063496423,7.282650293333283,2
-2.1266123840004933,7.280759126860538,2
-2.1232750366588338,7.278869248630137,2
-2.1220402867553947,7.27504435009671,2
-2.119815563535104,7.273785719518795,2
-2.115983608717915,7.273181766457892,2
-2.11647862454425,7.271898847187199,2
-2.1147490921577905,7.269358585580928,2
-2.111907421781865,7.266190654773144,2
-2.1090659069681497,7.26302386906967,2
-2.106533118520847,7.260813594275621,2
-2.1028884254274,7.257977367936519,2
-2.100047396745593,7.254814160684003,2
-2.096898020880266,7.250697233713801,2
-2.0927590994941703,7.249149723735954,2
-2.089918615280107,7.245990524348514,2
-2.085966595880146,7.242208093038752,2
-2.0836213024999033,7.237767262622963,2
-2.081276106346042,7.23332714789737,2
-2.080164551714871,7.232703772837009,2
-2.078931007418566,7.228887748861972,2
-2.0772027584203485,7.226356934366244,2
-2.0759692530145983,7.2225411966672795,2
-2.07393273461396,7.219057235006019,2
-2.0718962939944277,7.21557384589692,2
-2.0677594435302673,7.214041580120167,2
-2.0646120608057696,7.209939324798913,2
-2.061773151659093,7.206791719592591,2
-2.05782332957536,7.203025462881175,2
-2.0541820199600043,7.2002141425607675,2
-2.0508491353092726,7.198357114510198,2
-2.046405561342169,7.195883081041977,2
-2.0422704123396933,7.194363339843594,2
-2.0373328531459034,7.1931798119621035,2
-2.0340008143646955,7.191329010416204,2
-2.0327686701282897,7.187523292379943,2
-2.0300529368086018,7.187577067508638,2
-2.030425962969808,7.183101499323271,2
-2.028699386265359,7.180582994698852,2
-2.0261703993695903,7.178400703391329,2
-2.0255544050324943,7.176498416925348,2
-2.0238279936128922,7.173981128974258,2
-2.0221016405291206,7.17146427043728,2
-2.0203753457811793,7.16894784131442,2
-2.019451441779278,7.166095055736619,2
-2.0193298410196725,7.162905269582716,2
-2.017603633775476,7.1603894845810245,2
-2.0169876977742085,7.1584876275291585,2
-2.016371761772941,7.1565857704772995,2
-2.016558041510226,7.154346268728151,2
-2.015634108340411,7.151493268443296,2
-2.014896357681499,7.146400050719102,2
-2.015576612922839,7.1428699718142,2
-2.0154546718709003,7.139677680744622,2
-2.0153326724831295,7.13648496026093,2
-2.015826686877734,7.135194669381253,2
-2.016506601826732,7.131662085560684,2
-2.015396544481842,7.131049732129284,2
-2.015396544481842,7.131049732129284,2
-2.0131764881278915,7.129825454680596,2
-2.012252409118503,7.12697138086045,2
-2.0103404957726685,7.126699320180045,2
-2.008614560762341,7.124185539110897,2
-2.00577882119571,7.1210612654048475,2
-2.0032511954692893,7.118888993760017,2
-2.0023273206353025,7.116036422889273,2
-2.0023273206353025,7.116036422889273,2
-2.0018972657431586,7.111892129758473,2
-1.999555696133342,7.107478710277057,2
-1.9973999881873752,7.100822711578665,2
-1.9956744809731255,7.098312079546364,2
-1.9941347381963404,7.093558152606896,2
-1.9921013990983933,7.0900975940149245,2
-1.990376066891633,7.087588250224968,2
-1.9889587124081434,7.086029906529966,2
-1.9875413968152031,7.084471849111036,2
-1.9850147725205147,7.082306949075189,2
-1.9816868464152666,7.080486421224428,2
-1.9786669272011999,7.0796171081756825,2
-1.9740443654754554,7.079436253221036,2
-1.971640226700444,7.080467652119843,2
-1.9694219982024723,7.0792568296467735,2
-1.9670179177632896,7.080288657959699,2
-1.9647998253822543,7.079078837452897,2
-1.9609791682706401,7.078558047592352,2
-1.957652350546141,7.0767456786097895,2
-1.9549408854646195,7.076830872537936,2
-1.9516143594192688,7.075020650625948,2
-1.9474867843519448,7.0735566616935515,2
-1.9444681290808443,7.072696652617303,2
-1.9406484053425004,7.072182733382611,2
-1.937136250976618,7.072616808344055,2
-1.933624174391845,7.073051455857652,2
-1.930419511617325,7.074432952463091,2
-1.9264136831491783,7.076159823219889,2
-1.9232090203746637,7.077541319825322,2
-1.9201910845787857,7.076686606856505,2
-1.9177876458337302,7.077723158724698,2
-1.9153842070886693,7.078759710592891,2
-1.9129807683436102,7.0797962624610875,2
-1.9105773295985529,7.080832814329277,2
-1.908480964371412,7.082813710373632,2
-1.9068786524294303,7.083504601814386,2
-1.9035541098022701,7.081708979982331,2
-1.9024459678171013,7.081110725647715,2
-1.8991216585332609,7.079316821472116,2
-1.8980135943291963,7.078719139689657,2
-1.8945023441686697,7.079159870569896,2
-1.8900704762579519,7.076772006200837,2
-1.8864399101577938,7.074039769646692,2
-1.8828095774009554,7.071309250749007,2
-1.8791794779874316,7.068580449507781,2
-1.8752428300784523,7.064911168817435,2
-1.8708124011181848,7.062533896663226,2
-1.8668763560127744,7.058869053252071,2
-1.8632472871988952,7.056147838326886,2
-1.858817752721345,7.053777150522443,2
-1.8551891894846548,7.051059657186261,2
-1.8510668160287693,7.049633957679152,2
-1.846944675916193,7.048209975828513,2
-1.8420221965342378,7.047137451495864,2
-1.8372876497380606,7.043837592147341,2
-1.8328599042259341,7.04148007304244,2
-1.8295392992672426,7.039713436663167,2
-1.8259125152733446,7.037009040457502,2
-1.822285964622763,7.0343063619083,2
-1.8189659430223628,7.032544019670183,2
-1.8153398298904957,7.029844561726851,2
-1.811713950101952,7.0271468214399775,2
-1.8069818728558733,7.023865140622338,2
-1.8025563441052572,7.021523939253822,2
-1.7997314161122997,7.018479250297165,2
-1.7964126487322236,7.016726140462531,2
-1.7927879745508157,7.014037274734044,2
-1.7894695863536274,7.01228695609116,2
-1.7845513363192893,7.011245564281872,2
-1.781539331332711,7.010434508414789,2
-1.7793274225495637,7.009270205804224,2
-1.775821587898509,7.009750800628179,2
-1.773421678471113,7.010813332050354,2
-1.7707159108555697,7.010940465423772,2
-1.7669044319144138,7.010487236717392,2
-1.7630931085354629,7.0100351531153215,2
-1.758670457685751,7.007715136176497,2
-1.7542481179604579,7.005397409446296,2
-1.750931567341894,7.0036606173480465,2
-1.7481093227970739,7.000635681440702,2
-1.7447931221934851,6.998901465827146,2
-1.7414770965973823,6.997168538455934,2
-1.7367504445834179,6.993926793151033,2
-1.7331293288875855,6.991264121683585,2
-1.7295084465350694,6.988603167872597,2
-1.7241000225482086,6.988880336705595,2
-1.7191859921388453,6.987870005850663,2
-1.714388740060535,6.990013962916095,2
-1.711990114021381,6.991085941448812,2
-1.7092862131523727,6.991226816073926,2
-1.704867140233512,6.98893313653419,2
-1.7002592985819938,6.988860637074673,2
-1.6945470678836454,6.9882175089219665,2
-1.6905498439502988,6.990007718260788,2
-1.686058197271544,6.993085212580482,2
-1.6828603792343166,6.994517093775457,2
-1.6791680412252958,6.99723554426112,2
-1.6751707200655659,6.999025037909753,2
-1.671478236216977,7.001742414860118,2
-1.6677856551420014,7.004459076120295,2
-1.6632934834407838,7.0075327057129435,2
-1.6597908183697783,7.008036632037172,2
-1.6552985494421826,7.011109545939629,2
-1.6513010824428793,7.012897966052968,2
-1.6489026022432967,7.0139710181209765,2
-1.6442961217611245,7.013908538324152,2
-1.640679789603281,7.0112810788141715,2
-1.6365687332982493,7.009938685645459,2
-1.632762310128948,7.009522672829082,2
-1.6286516816199974,7.008183428697215,2
-1.626444284140966,7.007052334111581,2
-1.6245412864543596,7.006845902221812,2
-1.6215347164225324,7.0060748534364805,2
-1.6172339288436532,7.006946555015087,2
-1.6151402470646516,7.00894720410875,2
-1.6146451437345721,7.010229479258271,2
-1.6129332384911557,7.007818972283886,2
-1.6113346600422407,7.008537346228032,2
-1.6081375031444072,7.00997409411632,2
-1.6057396354710338,7.011051655032539,2
-1.601439129848659,7.011925432112697,2
-1.5969474540019917,7.015002711725334,2
-1.5937502971041617,7.016439459613622,2
-1.5926470553286425,7.015877276064703,2
-1.5907445632192143,7.015674565763945,2
-1.5885381963398384,7.014551057494344,2
-1.5858365608455305,7.014708607700939,2
-1.5825272730376927,7.013025277660063,2
-1.5795219863941092,7.012263675985267,2
-1.5768206134110283,7.012423158555382,2
-1.573016368112686,7.012023177199318,2
-1.5692122783765523,7.011624340947556,2
-1.5654083442026305,7.011226649800104,2
-1.562899113707667,7.009189786739672,2
-1.559894565984587,7.008433624310342,2
-1.5590954906581675,7.00879438580084,2
-1.5563946718654655,7.008957947805044,2
-1.554492967289736,7.008761034594844,2
-1.551488711245801,7.008007019236086,2
-1.54719003347941,7.008894251291867,2
-1.5447929533397264,7.0099776092986446,2
-1.5420924359488115,7.010143389942453,2
-1.5388963679864531,7.0115881535608935,2
-1.5350935810838404,7.011198907557713,2
-1.531594270323012,7.011727525193578,2
-1.5283983190323163,7.013173147640252,2
-1.5233011687430746,7.014425578465719,2
-1.5225021906430385,7.0147870556464085,2
-1.5207936008192462,7.01240095370758,2
-1.5169914750560238,7.012016574397705,2
-1.5158893902744541,7.0114629075620805,2
-1.5147873249381565,7.010909383864497,2
-1.5125832526013951,7.009802765883435,2
-1.510682364727268,7.009611864470845,2
-1.5065776378596993,7.0083160627336625,2
-1.503271966873271,7.006659356367937,2
-1.4991676775244187,7.005366775236617,2
-1.4961653562854806,7.0046270021126915,2
-1.4926673289128978,7.005165066859096,2
-1.489362328788502,7.003513298755699,2
-1.4871590925986222,7.002412835710295,2
-1.4841572380463202,7.001676497899297,2
-1.4821471652215656,6.998387203970367,2
-1.4799442012655533,6.997288744857503,2
-1.4766399011711133,6.9956421297234925,2
-1.4752357208623739,6.9941807620495595,2
-1.472427476916554,6.991258885529913,2
-1.4688208771195441,6.988703066608188,2
-1.4672238542927403,6.989432891595413,2
-1.4631217719827578,6.988156556631459,2
-1.459818376093665,6.986516597416241,2
-1.4565151552120597,6.984877926443367,2
-1.4540105040796885,6.982874772391,2
-1.4526069265745178,6.981417841996258,2
-1.4507076040451423,6.981238463195762,2
-1.4504050321087067,6.980327255475505,2
-1.4490015518299195,6.978871040770954,2
-1.4482032154240052,6.979237241506915,2
-1.4472116087039417,6.981791485867184,2
-1.4461107295295044,6.981246693589945,2
-1.4469090756580574,6.980880564423003,2
-1.4467997934810448,6.977781456216473,2
-1.44809386518852,6.976137632317247,2
-1.4477913029747231,6.975226496166012,2
-1.448287028553647,6.973948801433721,2
-1.4471861785471276,6.97340422386354,2
-1.4452870796384332,6.973226491150488,2
-1.4438837451992175,6.971771349981225,2
-1.4416822201936608,6.9706834830832065,2
-1.4405814868587914,6.970139764341258,2
-1.4386825629575881,6.969963319870558,2
-1.437581878235914,6.9694199589737025,2
-1.4350781118636178,6.967423317702085,2
-1.4331793338019807,6.9672479467666655,2
-1.4307848496066988,6.968350413701579,2
-1.4272898362519513,6.968910664843946,2
-1.4250888362688556,6.967826662672966,2
-1.4228879140668678,6.966743233054146,2
-1.4198889763060194,6.966028365948912,2
-1.4165878846821816,6.964405368591251,2
-1.412488933061697,6.963152078851493,2
-1.408994600291626,6.963717339825205,2
-1.4064920298038288,6.961729501542951,2
-1.405391870104614,6.96119000537314,2
-1.4023936420963583,6.960480362806312,2
-1.4015956751506948,6.960849283165,2
-1.399201774313699,6.961956044241067,2
-1.3957078498944355,6.962524311113587,2
-1.392214003256269,6.96309315053826,2
-1.3900141116539277,6.962017307235477,2
-1.3886122064425273,6.960572686712037,2
-1.3848166726280002,6.960236831197214,2
-1.3818191640949742,6.959532484737807,2
-1.3788217722335965,6.958828997106636,2
-1.3742288353864271,6.958866212953609,2
-1.3720295271423755,6.957794663791983,2
-1.3693342988666348,6.957999377982258,2
-1.366940893884193,6.959109789078301,2
-1.3653452905625603,6.9598500631423335,2
-1.3626501692358417,6.960055564591819,2
-1.358359541813872,6.961002055795529,2
-1.3553629180409175,6.9603042221168785,2
-1.3523664109396218,6.9596072472664545,2
-1.3512670679420182,6.959073762894256,2
-1.3500606692515476,6.955457559620928,2
-1.3464613030973531,6.95295498804952,2
-1.3439613382765927,6.950986330264424,2
-1.3400608488590482,6.9475832147566265,2
-1.3369581805475992,6.943810105354849,2
-1.333661172431798,6.942217166985273,2
-1.3302574489154715,6.937544014630241,2
-1.3279527864402354,6.933402271145852,2
-1.3243549467402378,6.930910935910461,2
-1.322351971441364,6.927673887365579,2
-1.3209518649180279,6.9262425071107,2
-1.3190558966988313,6.9260878196218485,2
-1.3168586107635267,6.9250311568162175,2
-1.3143600654479375,6.923072948107933,2
-1.3116670442110667,6.923293908465574,2
-1.3080702448333579,6.92081023111524,2
-1.3028793783108483,6.9190781357339795,2
-1.2990883946909975,6.918775774520157,2
-1.2935970271539912,6.916147715619736,2
-1.2895053869574262,6.914948245782448,2
-1.2854139801041775,6.9137504936016185,2
-1.2818187655164923,6.911278482001421,2
-1.279622762969428,6.910231266306333,2
-1.2763289049884037,6.908661516298988,2
-1.2730352220148653,6.907093054533984,2
-1.2689448360386297,6.905902817100181,2
-1.2646595755129475,6.906888814402507,2
-1.261667288036623,6.906222900506439,2
-1.2576830438252617,6.908108654485943,2
-1.2547964022592701,6.910515081983203,2
-1.2527065511997186,6.9125439292704485,2
-1.2519096829121708,6.912920936928312,2
-1.250616641804342,6.914572347143583,2
-1.2487222097619828,6.914428967559761,2
-1.2471284731868817,6.915182982875493,2
-1.2441366135066438,6.914520218016268,2
-1.2441366135066438,6.914520218016268,2
-1.2441366135066438,6.914520218016268,2
-1.2436403823505309,6.915794191159556,2
-1.242437911605892,6.912206901770002,2
-1.2418366762335715,6.910413257075227,2
-1.2417315942362563,6.907345066685011,2
-1.2415360585474104,6.909516434727841,2
-1.237447160134817,6.908337147353976,2
-1.2344557768638484,6.907677889376689,2
-1.231163989804756,6.906123383570442,2
-1.2278723777531564,6.90457016600654,2
-1.2253775950985517,6.9026396545087,2
-1.2220863038940077,6.901088798722434,2
-1.2190956012077123,6.900434550576495,2
-1.2176981878551558,6.899022994939948,2
-1.2163008133931523,6.897611725579477,2
-1.2135061811408008,6.894790045686772,2
-1.2118085584528888,6.892484673601643,2
-1.2090141789891327,6.889664854503433,2
-1.2070163761337795,6.886465880676784,2
-1.2042222689038908,6.883648065511117,2
-1.202224660501301,6.880450523064852,2
-1.1997311126217447,6.878529100832456,2
-1.1974334115554583,6.874438600765835,2
-1.1957363430579235,6.872137308114809,2
-1.1942350047019996,6.8676660788013315,2
-1.1916372693078436,6.862683050528489,2
-1.1894445335672081,6.8616598820238615,2
-1.1877477373035426,6.859360593305368,2
-1.1860509993757056,6.857061734000997,2
-1.1843543197836972,6.854763304110733,2
-1.1826576985275192,6.852465303634585,2
-1.18066094571709,6.849274059262015,2
-1.178664270687765,6.8460833874416025,2
-1.1761719575832608,6.844171054474646,2
-1.1733796198735256,6.8413662648704765,2
-1.1695960254586986,6.841118296111272,2
-1.1655125231103085,6.839978729543084,2
-1.162525058062526,6.839348313880553,2
-1.1581419589049808,6.837319439711997,2
-1.1543590839653852,6.837076767060218,2
-1.1510721387801155,6.835557902625549,2
-1.1480852668132666,6.8349318526731935,2
-1.1444987734320389,6.832524038483253,2
-1.1412123532692355,6.831009038775626,2
-1.1379261081139127,6.829495327310347,2
-1.1360351664986617,6.829377641004438,2
-1.1327491838545711,6.827865861902673,2
-1.1289675923032174,6.827632636361436,2
-1.1262813477451648,6.827903480325482,2
-1.123791309737996,6.826007894509029,2
-1.120805585042456,6.825390289700941,2
-1.1175203607641464,6.823884092982681,2
-1.1142353114933243,6.822379184506765,2
-1.1117458082312588,6.82048753498637,2
-1.108461079807494,6.81898498828809,2
-1.1051765263912223,6.8174837298321584,2
-1.1021916281199235,6.816872208390706,2
-1.0995062974898673,6.817149779842566,2
-1.0959227597906462,6.814763722634478,2
-1.0929382407022423,6.814154992384779,2
-1.0902532017513291,6.814434710907214,2
-1.086908642608039,6.812739517435183,2
-1.0844499918757826,6.8136669756078945,2
-1.081991341143521,6.814594433780613,2
-1.080052978545794,6.814325017269663,2
-1.076176363630287,6.813785992476319,2
-1.076475588979859,6.8146737783595555,2
-1.0759552732753406,6.815870700986082,2
-1.077373265028573,6.817337136009279,2
-1.0790123838967425,6.816718798598892,2
-1.0781928244626577,6.817027967304082,2
-1.0779717157277169,6.819112707775755,2
-1.0763325600995675,6.819731109109959,2
-1.0754349391908296,6.817067655574512,2
-1.076176363630287,6.813785992476319,2
-1.07699588630439,6.813476887694943,2
-1.0758771382807168,6.812898206593079,2
-1.0758771382807168,6.812898206593079,2
-1.075577912931145,6.812010420709839,2
-1.0763974172252535,6.81170134789037,2
-1.0763974172252535,6.81170134789037,2
-1.0752786875815712,6.811122634826599,2
-1.0733404904037727,6.8108529306584735,2
-1.069763376537722,6.811201212319723,2
-1.0667066610861493,6.81035242752586,2
-1.0653668686575148,6.811858375028979,2
-1.063129721830025,6.810700405548975,2
-1.0600732177483607,6.809851253193152,2
-1.057016823946654,6.809001909065877,2
-1.0544809020793906,6.806955370635848,2
-1.0538828373600815,6.805179127669277,2
-1.0516460765124247,6.804020486989167,2
-1.0485900595005546,6.8031704876427455,2
-1.0457555280134567,6.800235092605515,2
-1.0445596558947248,6.796682159205634,2
-1.0434414408908257,6.796102551208396,2
-1.040906125563307,6.79405495803536,2
-1.0383709205157388,6.792007173090866,2
-1.0355369220484096,6.789070851158261,2
-1.0338210834450106,6.786714233108626,2
-1.0332232944255786,6.784937510713412,2
-1.0318064146618653,6.783469141994697,2
-1.0308321383478631,6.777830621132544,2
-1.0301566554536183,6.773080637258502,2
-1.0295588480541955,6.771303946825196,2
-1.0283632332553534,6.767750565958579,2
-1.0271676184565113,6.764197185091966,2
-1.0249320523083352,6.763036466887755,2
-1.0232165445447912,6.760679273523749,2
-1.0223199161556238,6.758014094045194,2
-1.0203056241623152,6.754768347712126,2
-1.0191101564034106,6.7512147111502365,2
-1.017394832439786,6.748857198167137,2
-1.01486086804168,6.746807255793758,2
-1.0139643499324649,6.744141884543751,2
-1.012768992453509,6.7405880562104095,2
-1.0107550404900554,6.737341718582009,2
-1.00710404659754,6.7347101066682455,2
-1.0059088361585236,6.731156022639627,2
-1.005012428329259,6.728490459618165,2
-1.0041160204999962,6.7258248965966985,2
-1.0018035875766476,6.721689478627734,2
-0.9992704227081965,6.719638145911301,2
-0.9975557328542983,6.71727953024233,2
-0.9958410981403762,6.714920818687627,2
-0.9940485581817295,6.709589213216059,2
-0.9906195644537696,6.7048713106780085,2
-0.9897233496144224,6.702205412056497,2
-0.9896453065197566,6.699232757853952,2
-0.987632181655945,6.695984981939635,2
-0.9864372285368166,6.692430450444284,2
-0.9844242139529573,6.689182482758511,2
-0.9809958267647296,6.684463525477462,2
-0.9786843128409846,6.680326509413028,2
-0.9755549763924094,6.676495641653357,2
-0.9743602438331838,6.672940726615096,2
-0.9728668281341513,6.668497082817261,2
-0.9703351704250505,6.6664431292242625,2
-0.9672063302362552,6.662611398493038,2
-0.9639994745227867,6.655806965616396,2
-0.960572392313999,6.651085739039782,2
-0.9585603242997305,6.647836125315674,2
-0.9565483298054307,6.644586383743931,2
-0.9550553276562219,6.64014202080314,2
-0.9522259793268866,6.637197612507467,2
-0.9499156417226278,6.63305855088084,2
-0.9490199231430658,6.630391789287774,2
-0.946489460133451,6.628335758170657,2
-0.9444779067589604,6.625085249513091,2
-0.9427649630043078,6.6227235974627305,2
-0.9418693547046981,6.620056644098206,2
-0.9414924538603042,6.616195564774234,2
-0.9397796020056113,6.613833752914321,2
-0.9382869215062613,6.609388830640118,2
-0.9370927771067841,6.605832892820757,2
-0.9364957049070437,6.604054923911072,2
-0.9346153097000016,6.601097604693873,2
-0.933620557988263,6.59798924448171,2
-0.9296060601858169,6.596876091678059,2
-0.9288599886150877,6.5945443646355315,2
-0.9262310004267107,6.592043920892582,2
-0.9241704250281302,6.588461400874316,2
-0.9212927236042976,6.58518238220725,2
-0.9192321319829517,6.581598910348557,2
-0.9181663141363057,6.5811250932050065,2
-0.9160346745495467,6.58017723047621,2
-0.9147201557967524,6.578925561807278,2
-0.9107055528707786,6.57780624107761,2
-0.9080054673997786,6.577938512869643,2
-0.9075080642896616,6.576382733671636,2
-0.9064422321669792,6.575908078908505,2
-0.9034934321627013,6.575261699629188,2
-0.9013617575347688,6.574311780925058,2
-0.899478784461893,6.574139751819921,2
-0.896281256946132,6.5727139599969036,2
-0.8930837177499846,6.571287482848781,2
-0.8898861668734384,6.569860320375536,2
-0.887754459799968,6.568908497990535,2
-0.8858714627173985,6.568735060161565,2
-0.8845568894561069,6.567480193308775,2
-0.8813593074318469,6.566051203301896,2
-0.8784104334517586,6.565400483630199,2
-0.8760299781016574,6.563668030345745,2
-0.8723349189914682,6.5606789207484795,2
-0.8705228731866157,6.557864200820621,2
-0.8687108221904776,6.555049176303825,2
-0.8666500410872118,6.551454586948857,2
-0.8659038663396821,6.5491168062011695,2
-0.8643405279300804,6.547080318534878,2
-0.8633456256710641,6.5439631252434864,2
-0.8604676588427651,6.540668534466924,2
-0.8594727513924667,6.537551036586599,2
-0.8576606692486148,6.53473418453617,2
-0.8561683041797004,6.530057709273976,2
-0.8554221216452422,6.527719471642879,2
-0.8554931215912625,6.525081045065292,2
-0.8550666730034138,6.520884174136484,2
-0.8535033066906585,6.5188460493046385,2
-0.8522596723777838,6.514949176954232,2
-0.8507673112023326,6.510272930133745,2
-0.8497724037520307,6.507155432253416,2
-0.8487774963017287,6.504037934373091,2
-0.8469653862547197,6.5012194451571155,2
-0.8451532710164233,6.498400651352199,2
-0.8433411505868413,6.495581552958349,2
-0.8399656242609499,6.490722007241992,2
-0.8375850053853604,6.488979959405963,2
-0.8368388111705105,6.4866410364497575,2
-0.8347779346773727,6.4830408502730315,2
-0.8332145171006733,6.480999717625423,2
-0.8308338722686557,6.479256146844698,2
-0.827707013754468,6.475172510899245,2
-0.8262146019639829,6.470493294336606,2
-0.8257171313671545,6.468933555482391,2
-0.823904955131253,6.466111182757441,2
-0.8226612753946299,6.46221164525382,2
-0.8208490907228914,6.459388777571846,2
-0.8196054077417152,6.455489049700141,2
-0.8167272300174453,6.452182084997936,2
-0.8154835405471594,6.448281976390053,2
-0.8129251201302878,6.443117749040361,2
-0.8116814274154489,6.43921745006439,2
-0.8088032114054453,6.435908239018765,2
-0.8053564593126197,6.433673870261153,2
-0.803046740450803,6.429287532510468,2
-0.8007370138020615,6.424900737876371,2
-0.7992445552900076,6.4202187800132755,2
-0.7983206341586033,6.414462056009409,2
-0.796010895180558,6.410074537976577,2
-0.7939498921498345,6.40646692744448,2
-0.7924574297443154,6.401784741139686,2
-0.7909649673387982,6.397102554834884,2
-0.7897212486675329,6.393200732914224,2
-0.7874114837330595,6.388811691936706,2
-0.7853504560437337,6.385202634607147,2
-0.7835381675462845,6.382373675146393,2
-0.7814771275276549,6.378763894418103,2
-0.7799846495482825,6.37408079434649,2
-0.7779235991470834,6.370470404440326,2
-0.7777459325792186,6.367056144239072,2
-0.7765022009297393,6.363153560846058,2
-0.7739436474861794,6.357981528404814,2
-0.7708164995578244,6.3538809116260175,2
-0.7701413468192797,6.348905998803737,2
-0.7688976086806942,6.345003034674548,2
-0.7668365271317761,6.34139081723475,2
-0.7655927857486375,6.33748766273748,2
-0.7618969946671985,6.334455606099837,2
-0.7590896377895984,6.328499706501663,2
-0.7567797735717914,6.324104840260691,2
-0.7536525386894066,6.319999121617169,2
-0.7515914084721906,6.316384048656072,2
-0.749850134196798,6.310917500237316,2
-0.7475402388312791,6.306520806462711,2
-0.7452303356788299,6.302123655804696,2
-0.7456213252422721,6.2976415969346355,2
-0.7454436956623205,6.294229506929575,2
-0.7450173191035656,6.29003686217229,2
-0.7456570906869899,6.286337414029788,2
-0.7460481230785359,6.281857868018474,2
-0.7456217718272935,6.277666708132262,2
-0.7440581264829422,6.275612211644958,2
-0.7438805293485231,6.272202025320762,2
-0.7412507261283281,6.269653761114416,2
-0.7405044754582466,6.267311525753499,2
-0.7381234094831974,6.265543245195111,2
-0.7354935829022153,6.262993610338544,2
-0.7326149918218405,6.2596623927420865,2
-0.7305538045004862,6.2560439693026595,2
-0.7268577707264487,6.252997673132121,2
-0.7244766567320049,6.251226575126058,2
-0.7220955349506379,6.249455020236574,2
-0.7213492570263096,6.2471111857837265,2
-0.723232866680565,6.247320565107483,2
-0.7224865926496999,6.244976959096341,2
-0.7214915606085484,6.241852151081481,2
-0.7204965285673968,6.238727343066621,2
-0.7200701740715996,6.234535992812329,2
-0.7198925827773817,6.23112614915069,2
-0.7188975559275121,6.228001645724767,2
-0.7176537723651784,6.22409601644237,2
-0.7174761921024384,6.220686820032224,2
-0.7162324117846595,6.216781381117912,2
-0.7152373875304363,6.213657029986464,2
-0.7153085737138216,6.211029530537061,2
-0.7137448511490998,6.20897050328929,2
-0.7125010708313191,6.205065064374978,2
-0.7090536600941455,6.202792050895752,2
-0.7069924046371661,6.1991696297265015,2
-0.7038649140839759,6.195048910077741,2
-0.7014836917214531,6.193271453777577,2
-0.6982849883795339,6.191776672559914,2
-0.6967212236356151,6.189715170527016,2
-0.6932737350291625,6.187437588213708,2
-0.690643711179332,6.184876378977464,2
-0.6871961940208084,6.18259712142499,2
-0.6843173764706059,6.1792526161360755,2
-0.6798035671117244,6.176471709625776,2
-0.675787282858165,6.1752537401535434,2
-0.6730860312946678,6.175317593655194,2
-0.6704559321712029,6.172751967879336,2
-0.6692120382940523,6.168839866081985,2
-0.6687144807431924,6.16727502536304,2
-0.6657644218521916,6.166554783266058,2
-0.6631342928788335,6.163987406103804,2
-0.6604329997850513,6.164048822893939,2
-0.6583004218734416,6.163045905714448,2
-0.656238987317117,6.159412976226804,2
-0.6565589250216846,6.157566298044944,2
-0.6544263328340421,6.156562543245869,2
-0.6547462718364319,6.15471594121124,2
-0.6529336134598953,6.151865279788598,2
-0.6519384672104618,6.148733770817088,2
-0.6506945343986725,6.144819384602695,2
-0.6488818649906545,6.14196807592856,2
-0.6478867161455781,6.138836414662578,2
-0.6463939928779645,6.134138922763608,2
-0.6437637795462159,6.131566596031092,2
-0.6422710484916774,6.126868647248713,2
-0.6413470696072192,6.12110853469289,2
-0.6376504985351321,6.118030713567194,2
-0.6350202462687449,6.115456102417639,2
-0.6334563244884421,6.113385386569341,2
-0.6324611574738679,6.110252659242072,2
-0.6320347530119506,6.106058377319243,2
-0.6307907974882863,6.102142658528244,2
-0.6287292811692122,6.098504931764818,2
-0.6266677583610374,6.0948668242652175,2
-0.625423796348267,6.090950724738043,2
-0.6231134707549622,6.086528788155132,2
-0.6210519310751081,6.0828896907414745,2
-0.6192391792554304,6.080033546717942,2
-0.6177464131597112,6.075333541960223,2
-0.6156848572570865,6.071693492706139,2
-0.614440882266102,6.067776631706618,2
-0.6134457022733137,6.064643142907002,2
-0.6135169092218433,6.062016861813351,2
-0.613588120063838,6.059390809161407,2
-0.6142281382333223,6.055705828993503,2
-0.6132329686231053,6.052572949371765,2
-0.6124865914154416,6.0502232896554595,2
-0.6133754201569808,6.047322595454272,2
-0.612877837947515,6.0457563079378716,2
-0.6121314646333165,6.043406876663273,2
-0.6108875091096522,6.039491157872273,2
-0.609892344690719,6.036358582839473,2
-0.6078307738631477,6.032717657892192,2
-0.6071556425386557,6.027744001499279,2
-0.6048452728194267,6.023319475910384,2
-0.6036013140512093,6.019403566751301,2
-0.6031749848629282,6.015213701368086,2
-0.6019310293392639,6.011297982577087,2
-0.5993718542392656,6.006089475610413,2
-0.5986254789783345,6.003739930114964,2
-0.5962438211967438,6.0019369264175495,2
-0.5944310051349113,5.999077013105886,2
-0.5918005374301707,5.996489761515374,2
-0.5883524102956041,5.99417471476259,2
-0.5840866159442797,5.992131415964131,2
-0.5814561093049022,5.9895418799565725,2
-0.5774390820486133,5.988280316192473,2
-0.5747373081120166,5.9883135204321505,2
-0.5709690648224424,5.987834681616462,2
-0.5672008111503022,5.987355233622889,2
-0.5631837339278896,5.986090738190249,2
-0.5594154568949623,5.985609919546455,2
-0.5575313144850327,5.985369281782855,2
-0.5553983511204805,5.984343748874657,2
-0.5526965369514212,5.984374592550058,2
-0.5489282300686007,5.983892022519868,2
-0.547044072733728,5.983650509063061,2
-0.5481817613645319,5.981536994423514,2
-0.5481817613645319,5.981536994423514,2
-0.5489994298791121,5.9812653226164265,2
-0.5473640928499517,5.981808666230602,2
-0.5462976001361941,5.981295252525008,2
-0.5465464243353733,5.98208033803769,2
-0.5467952485345506,5.9828654235503755,2
-0.5478617399504859,5.983378761108739,2
-0.5476129164002188,5.982593713669669,2
-0.5479329384631733,5.980751985058067,2
-0.5482529631217741,5.978910408740926,2
-0.547506496364436,5.97655549486543,2
-0.547257674111993,5.975770523573598,2
-0.5470800607548032,5.972359385408964,2
-0.5455159183448721,5.970275724530769,2
-0.5448406663229886,5.965294986445031,2
-0.5443430231159176,5.9637251200086006,2
-0.5446630639972874,5.961884495531894,2
-0.5439166011334144,5.9595298100981005,2
-0.5448055142333406,5.956634065467167,2
-0.5435614159493269,5.952709970480349,2
-0.5430637766357211,5.951140332485625,2
-0.5428861931284281,5.947730945707395,2
-0.5424597964534357,5.943537120667973,2
-0.5420334062675529,5.939343676364722,2
-0.5413582055096153,5.934365946094758,2
-0.5409318289508604,5.930173301337476,2
-0.5421408828643965,5.925442795566909,2
-0.5408968105368075,5.921520223524787,2
-0.5399015526747366,5.918382165891092,2
-0.5391551092781857,5.9160286226658165,2
-0.537839759270808,5.914728181693057,2
-0.5373421290419511,5.913159076728967,2
-0.5389775737902838,5.912622053335269,2
-0.5357066842936185,5.913696100122667,2
-0.5347826963244113,5.907935454536208,2
-0.5351027930120971,5.906098104390594,2
-0.534427634433353,5.901122848905754,2
-0.5334323765712821,5.897984791272055,2
-0.533752483641539,5.896148050304326,2
-0.5343927055689779,5.8924750252522635,2
-0.5358506790715687,5.888535201816133,2
-0.5364909243597911,5.884863547414305,2
-0.537451311759451,5.879357208020068,2
-0.5375939709447444,5.8741190376601295,2
-0.537167695616052,5.869932332387155,2
-0.5373103807577735,5.864695684971913,2
-0.5385196462161979,5.859977591200607,2
-0.5383422022247011,5.856576390250105,2
-0.5400490972630685,5.8534273633692635,2
-0.5390538991007787,5.850292808508364,2
-0.5380587009384925,5.847158253647461,2
-0.5376324781715631,5.842974632337491,2
-0.5377038583792491,5.840358516899677,2
-0.5380954274199308,5.835910457769916,2
-0.5360336593235147,5.832257958442952,2
-0.535607457970638,5.828075593562353,2
-0.5332968857912768,5.823639189004847,2
-0.5323730976865608,5.817890270092526,2
-0.5314493186665938,5.812141884210856,2
-0.5302053371865032,5.808224642475164,2
-0.5278947526778364,5.803787514518923,2
-0.5272197816342832,5.798823262309501,2
-0.5254782075621556,5.79333912387953,2
-0.5237366334900244,5.787854985449563,2
-0.5230616793181468,5.78289172315419,2
-0.521568905435501,5.778191261513065,2
-0.5181916718256012,5.77323154410945,2
-0.516698890156027,5.768530625584912,2
-0.5146370662532949,5.764874851926859,2
-0.5125752358614513,5.761218697532634,2
-0.5105133989804997,5.757562162402234,2
-0.5091979542321621,5.756256162681332,2
-0.507882506888178,5.754950010665965,2
-0.5052516044132869,5.752337249751825,2
-0.5026206915558209,5.7497238796598005,2
-0.4999897683157801,5.747109900389905,2
-0.49760764007394265,5.745279293319911,2
-0.4952255040451785,5.7434482293665035,2
-0.49341241479194586,5.740572287061937,2
-0.4920969363002481,5.7392643075129435,2
-0.4921683781544459,5.736651809068771,2
-0.49191957082694593,5.735867713470139,2
-0.4906755341894442,5.731947235476973,2
-0.4891112405833198,5.729854703445934,2
-0.48729813445840975,5.726977771227318,2
-0.48548502314221587,5.724100534419762,2
-0.4850588568305181,5.719920225514503,2
-0.4829969303998958,5.7162584362249085,2
-0.48175288402873306,5.71233738712748,2
-0.4794421379413105,5.707890778840522,2
-0.4781980883255965,5.703969539375002,2
-0.47531824484760143,5.700564839697051,2
-0.4735765663008529,5.69507457141469,2
-0.47151460547796376,5.69141076422337,2
-0.4708396428702475,5.686447006970976,2
-0.46984439798639066,5.683309710809624,2
-0.4686003418815705,5.679388090607937,2
-0.46874331124617186,5.674168119437091,2
-0.46831718322020066,5.669990056875264,2
-0.4675707553975048,5.667637427416803,2
-0.46714463580737764,5.663459859811994,2
-0.46590059268077155,5.659539001082653,2
-0.4654744828243036,5.655362004582102,2
-0.46504837945694355,5.651185388817723,2
-0.46600935671641075,5.645713658341666,2
-0.46583207819713834,5.642322166163588,2
-0.46672155390262837,5.639459431358908,2
-0.46736223525883425,5.635813362427935,2
-0.466367026713975,5.632678198389154,2
-0.4680744765709779,5.62956172445115,2
-0.4673280760025289,5.627210694084624,2
-0.4658352748656327,5.622508633351568,2
-0.4640221135833187,5.6196284648754755,2
-0.46252930855295915,5.614926175700717,2
-0.4604673366985885,5.6112617212579075,2
-0.4595436984922401,5.605521597351199,2
-0.4586200693706406,5.599782006475131,2
-0.45687846804426435,5.5942962689532365,2
-0.45563446709685174,5.590377885009019,2
-0.4541416659599573,5.585675824275967,2
-0.4520796733404442,5.582010151477405,2
-0.45058686831008465,5.577307862302639,2
-0.44966326254927225,5.571569642076799,2
-0.44792166122289423,5.566083904554901,2
-0.4480648771735538,5.560878401358654,2
-0.44657208382358604,5.556176797509007,2
-0.44614610504708097,5.552007491879159,2
-0.4452225375719987,5.546271517996743,2
-0.44372975200895937,5.541570371030502,2
-0.44305499445701635,5.536618645041187,2
-0.4423802446920053,5.531667375935285,2
-0.4419542983610292,5.527499973986309,2
-0.4393946891397835,5.522265995769622,2
-0.4368350708337889,5.517031484522295,2
-0.4347730386307269,5.513363489233068,2
-0.435734407183336,5.507914717148282,2
-0.43505968856603694,5.502965275576006,2
-0.43488256643423817,5.499582959139715,2
-0.43420786209297724,5.494634355187021,2
-0.43509760839422285,5.491787497080772,2
-0.4362361535871262,5.489724239616127,2
-0.43524098916819476,5.486591664583333,2
-0.43556147585120186,5.484777196681748,2
-0.4359536678461442,5.480365688224648,2
-0.43545608953014003,5.47879962914995,2
-0.4349585112141394,5.477233570075256,2
-0.43396335458213464,5.474101451925865,2
-0.4323989078330861,5.471999934521126,2
-0.43115495879852794,5.468084596466305,2
-0.4299110097639698,5.464169258411477,2
-0.4286670607294134,5.460253920356653,2
-0.4266050194416007,5.456585392036786,2
-0.42536106716248767,5.452669863613874,2
-0.42436590533919905,5.449537440875549,2
-0.4231219530600878,5.445621912452637,2
-0.42024179161585806,5.442198556702181,2
-0.4189978328476407,5.438282647543094,2
-0.418323194046355,5.433337889025758,2
-0.41683044741795783,5.42863902647656,2
-0.4166534012087091,5.425261164653495,2
-0.4167969026800744,5.420072413848885,2
-0.4158735052195883,5.414346415254212,2
-0.41519890470403453,5.409403903080296,2
-0.413136831619596,5.405733509153183,2
-0.4116441005650575,5.401035560370797,2
-0.41121829894116324,5.396876648838489,2
-0.4091562154741535,5.393205645733495,2
-0.40791227292870325,5.389290688414846,2
-0.40560139057003397,5.384836084668244,2
-0.40304171061752214,5.3795979564272685,2
-0.40097960249190834,5.375925506524812,2
-0.4008026023553164,5.3725503479285805,2
-0.39955865332075824,5.368635009873756,2
-0.3985634940931124,5.365502739429896,2
-0.39568320351565767,5.36207180702959,2
-0.39394166578252765,5.35658980072219,2
-0.39220012804939586,5.351107794414794,2
-0.38988919767133545,5.346650373220509,2
-0.3867600718632236,5.342433708056021,2
-0.3857648996573637,5.339300676139814,2
-0.38313334178267766,5.336649460872138,2
-0.3810711739572774,5.332973508196886,2
-0.3792577952898828,5.330080585058983,2
-0.3771956151351823,5.326403908985004,2
-0.3738176281399852,5.321399988111644,2
-0.37150663222194424,5.316938721482,2
-0.37026264100819084,5.313020908642045,2
-0.3687698515516882,5.308319533234105,2
-0.3672770620951873,5.303618157826161,2
-0.3662818691241849,5.300483907554199,2
-0.3661049027309513,5.297110728786073,2
-0.36567914458406925,5.29295436818613,2
-0.3663204216402818,5.289343250835891,2
-0.3655740346989571,5.286993020015327,2
-0.36376061515018954,5.284097698239528,2
-0.36308607822788197,5.279158917280114,2
-0.3623396912865573,5.276808686459553,2
-0.35938736769727697,5.275955567437997,2
-0.3602056117956316,5.275717666929502,2
-0.35970801790577234,5.274150694087986,2
-0.35732513238516717,5.27227565510654,2
-0.35387518959850617,5.269854078372401,2
-0.3499276269655631,5.265864005852052,2
-0.3470471021313486,5.262419328875879,2
-0.3430994986170326,5.258426857717641,2
-0.3402189432840199,5.25498039128145,2
-0.339223716569661,5.251844161181388,2
-0.3371614131219314,5.248160251120108,2
-0.33346255658641866,5.244948334714092,2
-0.3316490435945134,5.242047530337391,2
-0.329835525411319,5.239146421371757,2
-0.3299073741325138,5.23655779508567,2
-0.328093851406944,5.2336564196047135,2
-0.3274192749010858,5.228715316154641,2
-0.3264240352085146,5.22557832458223,2
-0.32443355582337396,5.219304341437404,2
-0.32703218931878375,5.213425342455597,2
-0.3266064577772454,5.209270542873963,2
-0.3272478425526284,5.205665745744202,2
-0.32682212658494336,5.201511859929386,2
-0.32557810617021055,5.197592333776651,2
-0.32351577157477074,5.1939065961817406,2
-0.322841261257798,5.188969376240639,2
-0.32077891952434,5.185283219835938,2
-0.31928609113319517,5.180579560010951,2
-0.3174725443979334,5.177676775806155,2
-0.3176163755159198,5.172507366399159,2
-0.31662115918413214,5.169371745476969,2
-0.3170138138523928,5.164987383509043,2
-0.3160186027118925,5.1618520671757935,2
-0.3155929321679558,5.157700846514192,2
-0.31598561473937004,5.153318121711806,2
-0.31719666015979264,5.148704463872903,2
-0.31997246705094895,5.146210789143154,2
-0.3189772818668768,5.143076995754601,2
-0.3172357077947492,5.137592857324631,2
-0.3154221617083959,5.13469011119345,2
-0.31606370092452174,5.13109437558462,2
-0.3159588674753593,5.125149246774811,2
-0.31741880198603667,5.121324481810326,2
-0.31855796104844636,5.119297241987702,2
-0.3205154985337302,5.1170399828953705,2
-0.3214058814163554,5.114230475007751,2
-0.32304263177298154,5.113770055732168,2
-0.3239330263360003,5.110961233169654,2
-0.325890591075531,5.108705573169253,2
-0.32784816360198654,5.106450370052261,2
-0.3295569644910348,5.103413165385589,2
-0.33044739344631857,5.100606360724797,2
-0.33272582577942167,5.096558582036202,2
-0.336071439969432,5.093064651234833,2
-0.3363922848511365,5.091271199970034,2
-0.33728275274106245,5.088466679726277,2
-0.3386707665014548,5.087226314876357,2
-0.33874285337286913,5.08465166160784,2
-0.33856617639380104,5.081295463673051,2
-0.3386382717010541,5.078721305361562,2
-0.3390312397931723,5.074355332950812,2
-0.3396729853628955,5.070771704752303,2
-0.34088438573746416,5.066178873182089,2
-0.34291421644775966,5.061359068231564,2
-0.3441256590015236,5.056768711446484,2
-0.3447674603775681,5.05318835757906,2
-0.34672520097189086,5.050943015528965,2
-0.3481854437151384,5.0471363355327235,2
-0.3488272788345377,5.043557961493406,2
-0.35028755012985613,5.039752956736329,2
-0.35068066033340983,5.035395322447783,2
-0.35082503653637787,5.030257894879366,2
-0.35146691967516475,5.026682338287731,2
-0.35210881319652465,5.023107390873982,2
-0.35250197401511585,5.018752726327584,2
-0.35396233356228635,5.014952899582472,2
-0.354106782443246,5.009819736259196,2
-0.3547487239839988,5.006247606293126,2
-0.3557116557624447,5.000890553552537,2
-0.35660235855803535,4.99809981595827,2
-0.35699560113937423,4.993749948687661,2
-0.35731659397271187,4.991965178207614,2
-0.35795858742631737,4.988396094130934,2
-0.3580308566416335,4.985832139548894,2
-0.35924260548124387,4.981259753511203,2
-0.35963590192216444,4.9769130463508375,2
-0.3592107362307395,4.972791446963537,2
-0.3609922871779183,4.967218500265286,2
-0.36163435071387795,4.963653528139279,2
-0.3628461871564266,4.95908628203993,2
-0.36348827535099737,4.955522756711378,2
-0.36576735399914106,4.951512899345673,2
-0.36754902304806514,4.945946882045778,2
-0.3685122254222648,4.940605706003627,2
-0.37079137415276975,4.936599960588591,2
-0.37200333194161495,4.93203983425569,2
-0.3721480948953442,4.926925098563217,2
-0.37467601072088463,4.923701088182536,2
-0.37581562272295166,4.921700423744827,2
-0.3777737520147788,4.919477887791523,2
-0.380550402489817,4.917033708764336,2
-0.3835757597112064,4.91536772392509,2
-0.38610373458761416,4.912147178243593,2
-0.3880618989206184,4.909926698265629,2
-0.39108727885387395,4.908262046002992,2
-0.3922269388753392,4.906264199012963,2
-0.3936152907181967,4.905043670517681,2
-0.3947549598244038,4.903046356558296,2
-0.39564595008743275,4.900272485576515,2
-0.39810151947727945,4.899607899017411,2
-0.39874384257751316,4.8960581563383485,2
-0.40152058909133714,4.893619612206525,2
-0.4040486703891002,4.890405310598275,2
-0.4065767672607201,4.887191922756838,2
-0.4099234125698068,4.883758490933442,2
-0.41408861215655257,4.880105357790651,2
-0.4176839609674303,4.877449929787112,2
-0.4210306633806571,4.874019848442046,2
-0.42462604139251603,4.8713661337512875,2
-0.4282214323825837,4.8687131805328825,2
-0.43288402729251985,4.866615369704686,2
-0.4377952750892167,4.865292592954191,2
-0.44082079778283045,4.863636316887373,2
-0.4422092404731828,4.862421118698521,2
-0.44466486826499363,4.861759958764985,2
-0.44580467753591435,4.859770868706949,2
-0.44826030922118854,4.859109937215106,2
-0.4521043959261224,4.857234530933148,2
-0.4551299439272469,4.855579739737408,2
-0.4588001282540759,4.85315136037255,2
-0.4621242611948517,4.852411322342249,2
-0.4644308609861447,4.851276095994216,2
-0.4677551113153626,4.850535909337399,2
-0.4703105590775376,4.850174050394248,2
-0.4685239885841366,4.850157487043219,2
-0.4677551113153626,4.850535909337399,2
-0.4682751939716354,4.849384052080826,2
-0.46517708474850217,4.8535966035539175,2
-0.46750632737453834,4.849762460863502,2
-0.46673746077743594,4.850140869646182,2
-0.4685239885841366,4.850157487043219,2
-0.46877278319663773,4.85093092200561,2
-0.46877278319663773,4.85093092200561,2
-0.46954167113708856,4.8505524861999305,2
-0.46954167113708856,4.8505524861999305,2
-0.4703105590775376,4.850174050394248,2
-0.4703105590775376,4.850174050394248,2
-0.4705817937629284,4.848248825732792,2
-0.4701064738639946,4.844003512368175,2
-0.4711685670089718,4.8390017867832675,2
-0.47094180694566035,4.835530205634086,2
-0.4722523105227818,4.831302401425628,2
-0.47279392615946136,4.827453033022852,2
-0.47537050137833603,4.824394176370561,2
-0.47692930867085437,4.8209404286535715,2
-0.4767018122618758,4.817469779798014,2
-0.47749176362896684,4.814394427352202,2
-0.4785306483403531,4.812092334219265,2
-0.4785519145288468,4.809395160860603,2
-0.4795906284934155,4.807093283911687,2
-0.48038014232177595,4.804018485437446,2
-0.4811695280900228,4.80094384910123,2
-0.48042211977159255,4.798624841318215,2
-0.4801938656735949,4.7951551517792765,2
-0.48021468365168474,4.792458545903692,2
-0.4792180538537014,4.789366643618351,2
-0.478989596993852,4.785897210797948,2
-0.47774375638798894,4.782032400498782,2
-0.4780340482248704,4.777412799359521,2
-0.47678810090224566,4.773548124175374,2
-0.4773272833967148,4.76970183639499,2
-0.4783849798110378,4.764705677548779,2
-0.4794423560750687,4.75970992404763,2
-0.48049941218881465,4.754714575891523,2
-0.481556148152265,4.749719633080474,2
-0.48159550036970167,4.744329312790665,2
-0.48240222514955455,4.738562475328411,2
-0.48422556531471805,4.733191988173054,2
-0.48681600057871144,4.727445335144296,2
-0.48837000561687205,4.723997667603079,2
-0.48917516166030417,4.718232816331586,2
-0.4889443356883074,4.714766383064568,2
-0.48974891546121313,4.709002261414163,2
-0.4908027380570257,4.7040110072430785,2
-0.49007217785308477,4.699000419863118,2
-0.4903582863928442,4.694386115232529,2
-0.4906260954701285,4.6924652277631225,2
-0.48987708640024863,4.690148246705366,2
-0.4901448207758001,4.688227453816477,2
-0.49194661728889244,4.685554491318815,2
-0.49374828574186225,4.682881690959178,2
-0.49530004972799624,4.679436860833327,2
-0.4971014300457064,4.676764425284233,2
-0.4971189504758069,4.674071994462675,2
-0.4986702342365046,4.670627772354404,2
-0.4994544442417297,4.667559689096521,2
-0.4989719102895904,4.663323509507073,2
-0.4992560445692291,4.658711704504306,2
-0.49952298924073624,4.656791911466534,2
-0.5005566234873626,4.654496465992445,2
-0.5031235941975343,4.651449769691702,2
-0.5051903504503308,4.646859527295597,2
-0.506490139664411,4.6426452886348635,2
-0.5088063521736412,4.638827643488042,2
-0.508322409560229,4.634593247416827,2
-0.5106381205006691,4.630776237310592,2
-0.5121870991792754,4.627334933686683,2
-0.5142521052771514,4.6227469071768645,2
-0.5163011490096707,4.62084933880935,2
-0.5173334386250801,4.618555595784475,2
-0.5178495514177595,4.617408764806534,2
-0.5198984030601022,4.615511439646053,2
-0.5227135600972286,4.613238948463302,2
-0.5250278196896847,4.6094237759213,2
-0.5275922718842434,4.606380268334963,2
-0.531438630025793,4.601815412300514,2
-0.5340026553532944,4.598772445174248,2
-0.5352990936610098,4.594562449125053,2
-0.5378627134648113,4.591519995435853,2
-0.5401754896942599,4.587706700992587,2
-0.5440202790993869,4.583143831148888,2
-0.5468340381469066,4.580873109972867,2
-0.5501629922229423,4.577456719808051,2
-0.5519595702863018,4.574790364434733,2
-0.5542711726313527,4.570978556256666,2
-0.5563183808355401,4.569083311867445,2
-0.5581276237162687,4.56373067340585,2
-0.5609405397013578,4.561461019638465,2
-0.5619703961745657,4.559170357235978,2
-0.5655490626272641,4.556526240044413,2
-0.5675957585909934,4.5546316442072765,2
-0.5693912268000112,4.551966694030135,2
-0.570157137342763,4.551592027933431,2
-0.5704206777495173,4.549676545064717,2
-0.571450043325612,4.547386504191312,2
-0.5750281228361125,4.544743130132339,2
-0.5781034693736178,4.540559398692416,2
-0.582458694239607,4.534856885989697,2
-0.5842532019977611,4.532193151847714,2
-0.5860475816957926,4.529529579843754,2
-0.5893732702388697,4.5261173241984665,2
-0.5937160117059914,4.5231008648884945,2
-0.5970413053970418,4.51968910916878,2
-0.5993490552669343,4.515882178642823,2
-0.6019082569967331,4.5128453187153355,2
-0.6034499362487278,4.509413256958606,2
-0.605243195420746,4.5067511036623245,2
-0.607801884910085,4.503714892286919,2
-0.6103604036525958,4.50067889709554,2
-0.6136842673390213,4.49726895191705,2
-0.6154769288971664,4.494607555264864,2
-0.6180349353992156,4.49157220862557,2
-0.6193138746201825,4.490054616374934,2
-0.6210968274153075,4.490075760125041,2
-0.6218623004193304,4.489701647999912,2
-0.623141186281913,4.488184123306784,2
-0.6264551384434665,4.487456975249124,2
-0.6295170304595548,4.485960526748599,2
-0.6325789224756484,4.48446407824807,2
-0.6366585290597193,4.483362588369754,2
-0.6402336525158745,4.480722956996765,2
-0.641503736707925,4.481886824228287,2
-0.643287052340046,4.481907508587337,2
-0.6445572325771884,4.483071254215343,2
-0.6435478821410108,4.479995457640058,2
-0.6417645985239222,4.4799747327464985,2
-0.6432955445319664,4.479226508496236,2
-0.6417645985239222,4.4799747327464985,2
-0.6412514311139095,4.481117834549959,2
-0.6412514311139095,4.481117834549959,2
-0.6397204637625133,4.481866085823221,2
-0.6374240127354174,4.482988462733122,2
-0.6361540459318054,4.4818244468750805,2
-0.6356495628038914,4.480286305380407,2
-0.636415003792882,4.479912233789779,2
-0.6359018043678475,4.481055376127745,2
-0.6356408144917367,4.482967629747549,2
-0.6386940222257351,4.4841524245451545,2
-0.6437917062147847,4.483445433897987,2
-0.6417560423019406,4.482655813906611,2
-0.6412514311139095,4.481117834549959,2
-0.6425300715279434,4.479600620621365,2
-0.6435393792774153,4.482676471242659,2
-0.6440525573590978,4.481533355927702,2
-0.6445657140974284,4.4803902676357446,2
-0.6450788494924069,4.479247206366793,2
-0.6453395939199584,4.477335263511524,2
-0.647131177638796,4.474675231521012,2
-0.6476442063170094,4.47353230536708,2
-0.6494356086173436,4.470872503072091,2
-0.6502090295577947,4.467818079942447,2
-0.650982322438125,4.464763818950821,2
-0.6509901743294613,4.462083629549824,2
-0.649980183592703,4.459008643664639,2
-0.6507531669944218,4.455954774506562,2
-0.6515260223360251,4.452901067486508,2
-0.6517861264629978,4.450989935321346,2
-0.6517936261890149,4.448310191799905,2
-0.6518010618849743,4.4456305293474685,2
-0.6523209286452758,4.4418086973851985,2
-0.652588009586129,4.437218483762177,2
-0.6518372799139112,4.432233433120466,2
-0.6513390585975589,4.428017115438546,2
-0.650840730564445,4.42380093287165,2
-0.6505949535739006,4.420353429218533,2
-0.6511138598833313,4.416532813291418,2
-0.6516325954459425,4.412712413548327,2
-0.6526631111006331,4.407750668497005,2
-0.6521640680652041,4.40353539120072,2
-0.6521704259218541,4.400857093409961,2
-0.6514184263201575,4.3958736506369505,2
-0.6511718489538882,4.392427160346468,2
-0.650413523510565,4.390121974829707,2
-0.6486380170830799,4.387421155115664,2
-0.6468625960289991,4.384720227309607,2
-0.6450872603483369,4.38201919141153,2
-0.6417834544885377,4.380063245095322,2
-0.6389914500641733,4.376965926447873,2
-0.636957664366367,4.376173928432198,2
-0.6354416537803012,4.371562746708584,2
-0.6331554344283692,4.3700019211526,2
-0.6306167173922432,4.367672349125318,2
-0.6273141494468959,4.365714835474908,2
-0.6257923786180566,4.36378119489796,2
-0.6227490290505457,4.359913670537029,2
-0.6225026651178034,4.356466910016511,2
-0.6222562158116514,4.353020257588003,2
-0.6212458835812509,4.349945704070876,2
-0.6192192241007941,4.346474435436313,2
-0.6189726360628498,4.343027958657331,2
-0.6182207751929383,4.338044340234802,2
-0.617721390663867,4.333829495306571,2
-0.6172218994180341,4.329614785493362,2
-0.6167223014554359,4.325400210795163,2
-0.6159699603600899,4.320417200390214,2
-0.6164861560637327,4.31660001638453,2
-0.616233498304398,4.315831472585764,2
-0.617002181020549,4.312783048562881,2
-0.6159914646098006,4.30970898145981,2
-0.6157439908227218,4.306263626135472,2
-0.6137173526856152,4.30279233047791,2
-0.6132170930790863,4.29857859349282,2
-0.6127167267557923,4.294364991622746,2
-0.612216253715733,4.290151524867696,2
-0.6101848157867238,4.289356554321639,2
-0.6117108314803019,4.288614572385171,2
-0.6101897222953934,4.286680094095111,2
-0.6089213669149078,4.285514038000311,2
-0.6086686771405425,4.284745534736047,2
-0.610447275891719,4.28477219117886,2
-0.6074003751184343,4.283579411083739,2
-0.6079106078174519,4.282440024943249,2
-0.6096891425385706,4.282466762455076,2
-0.6091837203031378,4.280929809972548,2
-0.6089310091854223,4.280161333731286,2
-0.608678298067705,4.279392857490027,2
-0.6094411778543769,4.2790220286598135,2
-0.6102040576410506,4.2786511998296,2
-0.6089357342755921,4.277485103200295,2
-0.60563639984818,4.275523495564865,2
-0.6043682258861871,4.274357209774536,2
-0.6056411142666747,4.272847278545367,2
-0.6051403424196771,4.268634190112362,2
-0.6041294979488132,4.265560285147316,2
-0.6028659423602303,4.261717903941008,2
-0.6023649677513845,4.257505072226532,2
-0.6018638864257753,4.253292375627076,2
-0.6003474916593632,4.248681680317528,2
-0.6013710600527613,4.243728731253821,2
-0.6003600021483706,4.2406550965188075,2
-0.5998584939557077,4.236442940379423,2
-0.5996096648657296,4.2329993010157985,2
-0.597330742477963,4.228758988656903,2
-0.5955574771025081,4.226055331527498,2
-0.593788125769823,4.220676470741225,2
-0.5925243033893324,4.2168344273224605,2
-0.591766009961038,4.214529201271201,2
-0.5915169140791541,4.211085899695124,2
-0.5907621611849585,4.2061059428895575,2
-0.5907691141930371,4.200756643518968,2
-0.5902668589830284,4.196545433184706,2
-0.5897644970562599,4.1923343579654535,2
-0.5907853761872204,4.187384813800183,2
-0.5910443146390261,4.1828049094529725,2
-0.5915559428651935,4.178993508370031,2
-0.5920674003445434,4.1751823234711125,2
-0.5928342664132735,4.169465951467792,2
-0.5941067254642576,4.1652863157629625,2
-0.5936031576380643,4.16107676734341,2
-0.593860804817032,4.15649849788791,2
-0.593610001466935,4.153057358152104,2
-0.5931060708037421,4.148848269123604,2
-0.592348980812428,4.14387127133692,2
-0.5908306651442743,4.139263008097679,2
-0.59032644634582,4.135054283879729,2
-0.5908361963569568,4.1312452608210855,2
-0.5903317214382717,4.127036860879176,2
-0.5905880346576957,4.122460280361391,2
-0.5910972724283656,4.118651905854833,2
-0.5923671489336773,4.114475539933423,2
-0.5913544689344832,4.111403958946667,2
-0.592623961259445,4.107228079439324,2
-0.5926260693264727,4.101884914290515,2
-0.5938950280676174,4.097709710358252,2
-0.5951637306885296,4.093534830702026,2
-0.5951644112133714,4.090863721030189,2
-0.5966860490572046,4.087457033873694,2
-0.5964331967452505,4.084018488346221,2
-0.5961802590598833,4.080580050910761,2
-0.5977013846632566,4.077174012306344,2
-0.5969412343632783,4.074871137256384,2
-0.5954207548072752,4.07293586178773,2
-0.5933936151013803,4.069465201170747,2
-0.5926335288314615,4.0671622450517795,2
-0.5928870994300723,4.062589136989931,2
-0.5926337135342994,4.059151267037546,2
-0.5923802422651185,4.055713505177177,2
-0.5921266856225227,4.052275851408815,2
-0.5921261898005188,4.046935983066426,2
-0.5916189509176668,4.0427310826034635,2
-0.5911116053180461,4.0385263172555135,2
-0.5908576218084001,4.035089203947226,2
-0.5903506841949255,4.033554170097947,2
-0.5885770239674475,4.0308510128941,2
-0.5870568965767635,4.028915291545886,2
-0.5855368332161319,4.02697948912866,2
-0.5824974559746678,4.025777183424822,2
-0.5792048980617288,4.023806995985801,2
-0.5754063227619248,4.022970857644083,2
-0.5743933891049426,4.022569845869107,2
-0.5748996626120366,4.02143547249576,2
-0.5743930024621484,4.0199000873474375,2
-0.572367241864951,4.019097928682466,2
-0.5703415666411598,4.018295661925478,2
-0.5657842201500767,4.0178251504858125,2
-0.5619866586595244,4.016987728551435,2
-0.5584425019456525,4.0169179046107,2
-0.5675561786561261,4.015189966146963,2
-0.566543114476584,4.012118871574273,2
-0.5624924897029988,4.01051341927819,2
-0.5609734614949726,4.008576306245299,2
-0.5584419798554041,4.006237573419849,2
-0.5556574989628587,4.003130729163686,2
-0.5541387588900992,4.001193251320252,2
-0.5513548140438118,4.000755976424738,2
-0.5508483328499736,3.9965501166451496,2
-0.5483175555410451,3.9942104920605885,2
-0.5470519723339606,3.9903706780396107,2
-0.5452804891284533,3.9876647644894128,2
-0.5460391404688512,3.984629041278147,2
-0.5457855731545802,3.981191401021295,2
-0.5465439790464242,3.9781559885745637,2
-0.54603766039018,3.9766201710581868,2
-0.5445193258411187,3.9746821797776803,2
-0.5452775289711091,3.9716470240494886,2
-0.5452768115063478,3.9689776843843703,2
-0.5452760300115305,3.9663084257882666,2
-0.5445164559820768,3.9640048211172108,2
-0.5447687804569963,3.9621035388368,2
-0.5447678495587098,3.959434469401721,2
-0.5452733013467288,3.9583011364140077,2
-0.5460308961911657,3.9552667508414068,2
-0.5478002401365138,3.9526348768204826,2
-0.5490628385585676,3.9484677257432423,2
-0.5503251808603835,3.9443008989420463,2
-0.5531042331540146,3.9394038722338856,2
-0.5553778550029786,3.935640151490432,2
-0.5573977412533004,3.9311092516098824,2
-0.5589124318358394,3.9277113604410054,2
-0.561438828832582,3.9247160348698067,2
-0.5621948122538925,3.9216836895339675,2
-0.5652255405126354,3.917556449682735,2
-0.5672440181016842,3.913027333320411,2
-0.5690113557718792,3.910397999461807,2
-0.5710292784337554,3.9058695856975767,2
-0.5735544375160408,3.9028758274605764,2
-0.575321284289128,3.9002471151310445,2
-0.57683415001501,3.896851534428965,2
-0.578600708652834,3.89422318690999,2
-0.5796090723698981,3.891959736671968,2
-0.581625543683792,3.8874331604719714,2
-0.5838956652229204,3.883673871501081,2
-0.5861655306418161,3.879914906806235,2
-0.5891930680693331,3.875791706894013,2
-0.5922202853465599,3.871668912326843,2
-0.5957508414198891,3.8664154600492964,2
-0.597765263771926,3.861891478057629,2
-0.5990215765766127,3.8577322852549045,2
-0.6000233213919,3.852806967212217,2
-0.6005160582885107,3.846349236551589,2
-0.6017659122665648,3.8395279732716716,2
-0.6040270991501551,3.8331097484919887,2
-0.6035123474071575,3.8289143601262374,2
-0.6027430276747623,3.8239528465205197,2
-0.6027308997255503,3.8186277057150093,2
-0.6022157531305332,3.8144328172748168,2
-0.6032149260718231,3.8095107555040464,2
-0.6027058754664356,3.807978396932107,2
-0.6024513501637401,3.807212217646139,2
-0.6019358514034003,3.8030177750855074,2
-0.6014267794546608,3.8014854435365706,2
-0.6009177075059213,3.7999531119876337,2
-0.6011656992802497,3.798057315376923,2
-0.6011590910501514,3.795395434060758,2
-0.6008978508005978,3.791967508573631,2
-0.6003887148218006,3.7904352580937086,2
-0.6001273678554817,3.7870074677216046,2
-0.5998727891944071,3.7862413559931447,2
-0.5988613068854072,3.785838506653935,2
-0.5980976029172087,3.783540130934046,2
-0.5970793309596161,3.780475629974198,2
-0.5960610590020181,3.777411129014343,2
-0.5945336510656265,3.772814377574573,2
-0.5920020200225871,3.770475833910151,2
-0.5899656468542158,3.7643466158064243,2
-0.590205995245844,3.7597902484952073,2
-0.5884312251640225,3.7570884964875475,2
-0.5876675532108564,3.754790080233157,2
-0.5869038812576886,3.7524916639787627,2
-0.5856310946690755,3.74866097022144,2
-0.583100189300028,3.7463215077749012,2
-0.582583794118877,3.7421282001804137,2
-0.581812734903238,3.73716888894948,2
-0.5797837810123667,3.7337005252877873,2
-0.5802778436592888,3.7299113641366723,2
-0.5800156536305394,3.7264846411732044,2
-0.5802548174660895,3.721929773638685,2
-0.581003010563677,3.7189072916991073,2
-0.5797299038247736,3.7150770032868365,2
-0.579212686924544,3.7108847360779826,2
-0.5789500059986867,3.70745863464359,2
-0.579443044164675,3.7036707705966485,2
-0.5781697239922448,3.6998407524144135,2
-0.5786624846946502,3.696053239666508,2
-0.5776353207682199,3.690329748851859,2
-0.5776182838478938,3.6850108233371373,2
-0.576590757084471,3.679287791913545,2
-0.5793401823421416,3.6717580281984254,2
-0.5798317691601511,3.667972001715711,2
-0.5790582021005726,3.6630158656876795,2
-0.5782937297716799,3.6607184627959164,2
-0.5782845069808786,3.6580598917976666,2
-0.5782752201600179,3.6554014018684313,2
-0.5787661880207988,3.6516161590528213,2
-0.5785018529851094,3.648192151901192,2
-0.5787376232275854,3.643641581024223,2
-0.5789731800365345,3.6390912803772792,2
-0.5782084195723822,3.636794242296066,2
-0.5784535513374536,3.6349020667678182,2
-0.5774338280318752,3.631839403372201,2
-0.5779238781284946,3.6280553225457375,2
-0.578168839146743,3.6261633632015133,2
-0.5776488369389874,3.6219746224946014,2
-0.5773837121992464,3.618551615194111,2
-0.5766187596449175,3.6162548203199236,2
-0.5753540753210906,3.6150841162685303,2
-0.5743341812686928,3.61202166905694,2
-0.5733142872162933,3.6089592218453532,2
-0.5707852173755796,3.606617435420521,2
-0.5682563182816782,3.604275432811658,2
-0.5662374089006903,3.6034645997625816,2
-0.5649730874138577,3.6022934363201315,2
-0.5631990323343548,3.599590779041847,2
-0.560670645480922,3.5972481278809063,2
-0.5591516599596034,3.5953109608020064,2
-0.5563687157884516,3.592202170889596,2
-0.5540956119267335,3.5906247396980007,2
-0.5530865094015578,3.590218877293907,2
-0.5523322203143337,3.590578829365235,2
-0.551832712650036,3.5917046364464937,2
-0.5513231498041851,3.590172926426632,2
-0.5545848723192996,3.5868416587226584,2
-0.5530763581749145,3.5875614817963033,2
-0.5515678440305276,3.588281304869952,2
-0.5503040241124815,3.5871095063869234,2
-0.5495396798437078,3.584811941357138,2
-0.5490301169978551,3.5832802313372802,2
-0.5475116223736514,3.5813424427293015,2
-0.5462377686174058,3.5775131001221574,2
-0.5459727399227479,3.574089971218143,2
-0.5446988328081197,3.5702606961685035,2
-0.5436797071164161,3.5671972761287947,2
-0.5436692890978669,3.5645402184187382,2
-0.5421405365302547,3.559945169428179,2
-0.5416203849190353,3.5557566178822952,2
-0.5421087062040826,3.5519747259191092,2
-0.5423528028165503,3.5500838610065273,2
-0.5435945701263893,3.545943084380646,2
-0.5440824218576807,3.5421617869235327,2
-0.544570102842151,3.53838070565045,2
-0.5465647612496127,3.533881746959967,2
-0.5470520153670257,3.530101206146952,2
-0.547284103881168,3.5255552967380694,2
-0.5487794573861873,3.5221818884103158,2
-0.5492661565764294,3.518402050195384,2
-0.549752685019854,3.5146224281644898,2
-0.5502390427164556,3.5108430223176192,2
-0.5509803419111314,3.507829268808152,2
-0.5517215130456883,3.504815677436703,2
-0.5524625561201315,3.5018022482032727,2
-0.5532034711344576,3.498788981107868,2
-0.5541869993982385,3.493886727198621,2
-0.5564337926528946,3.490156974370489,2
-0.557161408296059,3.4844902976704972,2
-0.5591522675867449,3.4799961490746227,2
-0.5606451879495555,3.476625821369261,2
-0.5643967175751747,3.4721810285390937,2
-0.5658891577125473,3.4688113088513006,2
-0.5683897719392625,3.465848627068258,2
-0.5698818278962872,3.4624793937945313,2
-0.5731349063535696,3.4591590704069475,2
-0.5756349656531121,3.456197091221995,2
-0.5793847344521321,3.4517545277896104,2
-0.5826371192504496,3.4484350826496453,2
-0.5871389360846635,3.443635404561295,2
-0.5901349280369299,3.4395521446481574,2
-0.5933865231311994,3.4362336993593168,2
-0.5956292931638743,3.4325090403673393,2
-0.5986244100386795,3.4284268883973468,2
-0.6016192067631962,3.4243451417724025,2
-0.6053662222697191,3.4199060643074617,2
-0.6096252551076606,3.416995589216981,2
-0.6121390726604456,3.416686438642042,2
-0.6156454811926668,3.414133807828623,2
-0.6183992654191783,3.411939021292266,2
-0.6214093357749757,3.410508184644094,2
-0.6236668885418268,3.4094350571579675,2
-0.626180876841433,3.4091256903990015,2
-0.6291909898839396,3.407694799704821,2
-0.6322181053692901,3.408912630124135,2
-0.635998005235507,3.4097724135938634,2
-0.6387689519800119,3.4102261454984735,2
-0.6405307855276661,3.4102740285104858,2
-0.6392649700061419,3.4091047566782784,2
-0.6385123670437842,3.409462573932334,2
-0.6370071611190635,3.410178208440449,2
-0.6365111110779011,3.411299637795146,2
-0.6393162334549274,3.4170505957427153,2
-0.6395387067886897,3.412516860196888,2
-0.6395215656140465,3.4098683147329147,2
-0.6455598719812148,3.4096538897963775,2
-0.6485704545774809,3.4082224045961205,2
-0.6528295514454765,3.405311848436636,2
-0.6578590434227305,3.404691196285455,2
-0.660869668705697,3.403259657039193,2
-0.664137220418537,3.4025912569910126,2
-0.6666521798406873,3.402280660685392,2
-0.6706725799644442,3.4012541326186145,2
-0.674693086804961,3.400227469436821,2
-0.6802191197204905,3.398484766401861,2
-0.6844970545596638,3.3982206073775707,2
-0.6880034630918868,3.3956679765641553,2
-0.6932725055474886,3.3931622154001246,2
-0.6972740570283857,3.3894893037096523,2
-0.6990173193967664,3.38689045179893,2
-0.7022657663465175,3.383575992403099,2
-0.7060091001247066,3.3791415764062513,2
-0.7072367061200477,3.3750187295431573,2
-0.709474204344616,3.3713007452330253,2
-0.7122267506566722,3.3691075260308665,2
-0.7147215168047492,3.366152248550762,2
-0.7159274248196539,3.3593866256349294,2
-0.7164221195579188,3.35826691224095,2
-0.7169167929528353,3.3571472258699764,2
-0.7186374715916433,3.351906719361157,2
-0.7198843851119232,3.350429675127181,2
-0.7216469443335658,3.3504766393570833,2
-0.7221626327216342,3.352000593774953,2
-0.7229361653037358,3.354286525401754,2
-0.7246988739288494,3.3543333004706284,2
-0.7259458514791888,3.3528561751676413,2
-0.7266769698946351,3.349855311630815,2
-0.7279238193848592,3.348378348465854,2
-0.7291491096264355,3.3442584335986254,2
-0.7303741437477793,3.340138843007445,2
-0.7303306410701378,3.3348534260169913,2
-0.7312970946517812,3.3299727905104923,2
-0.7322632280831325,3.325092560349045,2
-0.7325086365232476,3.320436173559127,2
-0.7330139774790343,3.316533068771779,2
-0.7340212387558065,3.3114765395854526,2
-0.7362794384576272,3.307658409230285,2
-0.7392890522802134,3.303484490018139,2
-0.7422981781894276,3.299311555711345,2
-0.743553388206962,3.295055780933975,2
-0.7455598334436893,3.2904445784315968,2
-0.7468141977447047,3.2861905108235057,2
-0.747817994836506,3.2811409744651776,2
-0.75057435792632,3.276177003482232,2
-0.7528290446518309,3.2723659644456013,2
-0.7540816524646949,3.268115442496775,2
-0.7560851051660524,3.263510280747223,2
-0.7590897260084297,3.259346440399849,2
-0.7618432592006634,3.254388181867945,2
-0.7658485927982426,3.250666582167753,2
-0.7678498986807458,3.2460657540017444,2
-0.7711033302441788,3.242700928063872,2
-0.7726053127691976,3.241991057519197,2
-0.7786111663467103,3.2364129915524558,2
-0.782365878702576,3.234638807643446,2
-0.7853670353599878,3.2304819601240737,2
-0.7876197163994902,3.2294177452502737,2
-0.7901206929602864,3.2264108093007913,2
-0.7938749987216696,3.224637446146243,2
-0.7968784433307761,3.223218755622611,2
-0.8011320672084778,3.2202972208976277,2
-0.8033846018739705,3.2192333014954357,2
-0.8053854959208291,3.2173760801347804,2
-0.8088879171068903,3.2148099074744465,2
-0.810385042003098,3.211367067102227,2
-0.8141388598511057,3.2095946888530342,2
-0.8156354480426025,3.206152931876698,2
-0.8188850576179263,3.2027958210307546,2
-0.8211316449813992,3.1990011314229676,2
-0.8228793533506007,3.196353726970802,2
-0.8258758260396029,3.19220633454281,2
-0.8281213074660911,3.1884138773871555,2
-0.8311168531196795,3.184268356279336,2
-0.8341119108598853,3.180123820076865,2
-0.8353533129288842,3.1758959181209647,2
-0.8375971191861176,3.1721068424736885,2
-0.8415936378153752,3.1684030367301865,2
-0.8443419938846581,3.1661980042459064,2
-0.848590673573483,3.1632864498951605,2
-0.8515915810330341,3.1618728808793506,2
-0.8560929422223644,3.159752527355643,2
-0.8603501226265422,3.159566588872476,2
-0.8643454377361373,3.1558652125621762,2
-0.867590168177701,3.1525179507697594,2
-0.8698311445373559,3.148734587573518,2
-0.8730751756364157,3.1453887374787683,2
-0.8765723110942343,3.1428332346264156,2
-0.8783156445068325,3.1401946614922487,2
-0.8810623579344146,3.1379929448559913,2
-0.8845589729513055,3.135438492569353,2
-0.8883091314489953,3.1336735011103016,2
-0.890559226547607,3.1326145062348694,2
-0.8965594801439103,3.129790519900382,2
-0.8987977567162186,3.126012606513765,2
-0.9030436065074667,3.123106764614054,2
-0.906793439729574,3.1213424297585703,2
-0.9085349841264563,3.11870746794402,2
-0.9120303956236846,3.1161554450905875,2
-0.9160343252950813,3.115179454836621,2
-0.9205472610540291,3.11577851227678,2
-0.9230516802948472,3.1155074023803664,2
-0.9248061816825803,3.115589060964524,2
-0.9258107164258931,3.11602358651977,2
-0.9260652357334465,3.116811077536653,2
-0.9263197550409981,3.117598568553536,2
-0.9268152836967616,3.1164580464146674,2
-0.9265607481254303,3.1156705882279603,2
-0.9270698192680946,3.1172455046013674,2
-0.9265742743485514,3.1183860595704154,2
-0.9280744353303021,3.1176798660057266,2
-0.9300700761764826,3.115833248792697,2
-0.9333249987664303,3.1152081885293015,2
-0.9363253207299316,3.1137958013999203,2
-0.9393256426934329,3.112383414270539,2
-0.9433309222585073,3.111404699111766,2
-0.9470814060317831,3.109639051049143,2
-0.9495717460809843,3.106653586036348,2
-0.9530669624128638,3.104101957145051,2
-0.9573120478064858,3.101197658263729,2
-0.9598016397218441,3.0982137034391357,2
-0.9640462697296499,3.0953103238028135,2
-0.9665353412040787,3.092327419543924,2
-0.9712905711497957,3.0909958702442353,2
-0.973779252293518,3.0880137539096317,2
-0.9775289228778306,3.0862497473559287,2
-0.9825226738135431,3.08299520791779,2
-0.9860163938777333,3.0804465994029044,2
-0.9895099513041323,3.0778983191898064,2
-0.9940092632572846,3.075782102268576,2
-0.997502560463218,3.0732343473383317,2
-1.0002458422333955,3.071039557869721,2
-1.004232374902223,3.0673559098557632,2
-1.0079621275981925,3.0628893342197223,2
-1.0109415721103794,3.0587763149885276,2
-1.0139205287091908,3.0546642806626743,2
-1.0168989973946232,3.0505532312421835,2
-1.0188707031989956,3.046012154000884,2
-1.0215913835572596,3.041120212429366,2
-1.0243114133643534,3.036229584064987,2
-1.0252751527680068,3.031260908436078,2
-1.026987671560196,3.0259417624391,2
-1.027201167835182,3.021326511894319,2
-1.0266871525036425,3.0197615758951493,2
-1.0266652341704585,3.017063044924754,2
-1.0256371384522627,3.0139333042471286,2
-1.0248660666636162,3.0115859987389086,2
-1.024843936901302,3.008887894560825,2
-1.0230890451828696,3.0088070239009532,2
-1.0215691452143467,3.0068102872513407,2
-1.019557473523049,3.0059464889693928,2
-1.019535392552072,3.003248286300778,2
-1.0180157202764573,3.001251090028667,2
-1.0157474475138741,2.999604002992669,2
-1.0147197421263776,2.9964734743907613,2
-1.0132003788625674,2.9944756543452584,2
-1.0121727385301913,2.9913449944226365,2
-1.013155891645031,2.9890799056116,2
-1.0116366259638951,2.9870818885850348,2
-1.0123626250389517,2.9840346272460145,2
-1.013836769215164,2.9806381759158853,2
-1.015053564186239,2.976459946019915,2
-1.0175324220073332,2.9734976591130753,2
-1.0177895435195587,2.974279897301411,2
-1.0202682061752988,2.9713180043567107,2
-1.021741179359406,2.9679239167994247,2
-1.0252009133662536,2.962701137306528,2
-1.0271637716747435,2.958177919682278,2
-1.0298740920056613,2.9533068909344067,2
-1.0313454550756287,2.949916053564788,2
-1.0328165253975712,2.946525807138375,2
-1.033074102295613,2.9473071260817143,2
-1.0343122951589407,2.9458284777218537,2
-1.0372533623933968,2.9390501516608047,2
-1.0409666724086026,2.934616767335136,2
-1.0431840174970883,2.930881106388128,2
-1.0459168416572417,2.928707426724234,2
-1.0498868177988552,2.9250571998318904,2
-1.0540877197455796,2.919499314494413,2
-1.057567371640765,2.916979104083854,2
-1.06205272927137,2.9148910554556977,2
-1.0660489336476555,2.9139306595364793,2
-1.0670272076287368,2.9116754197789625,2
-1.0702478839408744,2.908376713820406,2
-1.0752218255935269,2.9051621615395646,2
-1.0784418676182757,2.9018647359579646,2
-1.0791605479926965,2.898832248199234,2
-1.081402787685958,2.8977891102999713,2
-1.0848809758410223,2.895271854605472,2
-1.0881000420390219,2.8919763988345792,2
-1.0913187829614301,2.8886815996672475,2
-1.0945371986082648,2.8853874571034908,2
-1.0985328988073917,2.8844280789197967,2
-1.1020101924545997,2.8819126288851074,2
-1.1052279575502606,2.8786197995284866,2
-1.108704844602988,2.876105170248259,2
-1.112181569017924,2.8735908692698118,2
-1.1156581307950635,2.871076896593152,2
-1.1176401263304996,2.869257823899808,2
-1.1211483809721212,2.869422651256322,2
-1.124397107062201,2.8688100992909007,2
-1.1289129703014051,2.869403247298944,2
-1.1324220381319865,2.8695664331465345,2
-1.1346966049771225,2.8712008149034887,2
-1.1374587800175497,2.8717106628184617,2
-1.1402211502233275,2.872220116771288,2
-1.1422362373082553,2.873077020715776,2
-1.1442514545034115,2.8739336620188354,2
-1.1462668018088031,2.8747900406804696,2
-1.1485424745909185,2.876422189985295,2
-1.151565983462385,2.8777057730723925,2
-1.1535818186811522,2.878561166828675,2
-1.1576138794493893,2.8802711664169536,2
-1.1616464606585595,2.8819801154395286,2
-1.1651586186071903,2.8821370635532233,2
-1.168183688801454,2.883417494943192,2
-1.1709484823103367,2.883922057199438,2
-1.1752093708561642,2.883728633435595,2
-1.1782011705993725,2.8823334493196953,2
-1.1824625145310215,2.8821391063108592,2
-1.185715306565898,2.881518346800835,2
-1.1887073014744551,2.8801227687227957,2
-1.1909512976558698,2.8790760851642645,2
-1.193421210398407,2.876131854855551,2
-1.197161041396308,2.8743877105597875,2
-1.2009008723942074,2.8726435662640206,2
-1.2046047656812622,2.8682291906116504,2
-1.2088308712445688,2.8653632045485296,2
-1.2118224758224247,2.8639684143947726,2
-1.2160483211652586,2.8611029536145125,2
-1.218778234108937,2.858935150552554,2
-1.221246325308206,2.8559945972238125,2
-1.2254715526274325,2.8531303839903295,2
-1.2301824852797942,2.8491454780457275,2
-1.2339214217698427,2.8474031394097743,2
-1.2384081455578961,2.8453123330466354,2
-1.2406128536899494,2.8416021811482466,2
-1.245847023236653,2.839163596491666,2
-1.249323373584664,2.8366500506073216,2
-1.250779367383295,2.8332902377562945,2
-1.251225020269441,2.8295076197237137,2
-1.2536904767364803,2.8265723848838817,2
-1.2561556729830468,2.8236376753268964,2
-1.257610495789578,2.820280226248716,2
-1.2577923102226922,2.815728928891481,2
-1.258983815017121,2.811601749922932,2
-1.259164930107735,2.8070518642633644,2
-1.2593457199227611,2.802502635207368,2
-1.2595261844622012,2.7979540627549397,2
-1.2604533466264467,2.7930592221972717,2
-1.2613800208773185,2.788165366544959,2
-1.2618222583698326,2.7843896428498347,2
-1.2612544964892276,2.7801904245394162,2
-1.261959206277325,2.7771861379039358,2
-1.260423628025654,2.775221049546314,2
-1.2596347961901273,2.7729095945929103,2
-1.2588459643546024,2.7705981396395103,2
-1.257310581268289,2.768632657319749,2
-1.255512384347032,2.7658964273740843,2
-1.2547236500941814,2.763584775439611,2
-1.2536720044237146,2.760502572860318,2
-1.2533666660473504,2.757074890100075,2
-1.2520520276403708,2.753222301026849,2
-1.2535017761477931,2.749875094964331,2
-1.256223443355415,2.7477239368028243,2
-1.2576726551581245,2.744377814136193,2
-1.2596478524338544,2.7425724644574245,2
-1.2610965763231867,2.739227326696149,2
-1.2620622296116153,2.736997563157079,2
-1.2630277527898084,2.7347680622594446,2
-1.2650023970970494,2.7329638288067386,2
-1.2662309943306518,2.7315045502521365,2
-1.2682054597363202,2.7297006779313975,2
-1.2706622964003866,2.72678284308612,2
-1.2741282704572754,2.724290242855602,2
-1.2761023455322391,2.7224871584591455,2
-1.2790407077381847,2.718457068258605,2
-1.2825060637714625,2.7159657155748675,2
-1.2857074349776987,2.7127059790380805,2
-1.290663893067718,2.7095267191990224,2
-1.294392664695767,2.707804899424577,2
-1.2963658615266578,2.7060035878577544,2
-1.2996129449750384,2.7053943517403525,2
-1.3025959622774774,2.7040168959207946,2
-1.3053147182686295,2.7018716143612274,2
-1.3087790659476006,2.699382297148542,2
-1.3129889565230517,2.6965490427732988,2
-1.3171986519331487,2.693716182360191,2
-1.3193876004631626,2.690037842904683,2
-1.3233320424714439,2.6864391593924424,2
-1.326530518724983,2.683185266627415,2
-1.3299935327740577,2.6806986414893714,2
-1.3309548598972203,2.678477610777758,2
-1.330591416278967,2.6724244441940677,2
-1.3337884613199371,2.6691734404847374,2
-1.3361899087932354,2.663624639176227,2
-1.3373652473911513,2.659530093405021,2
-1.339550569098403,2.6558590750792987,2
-1.3404598573693178,2.6510003148876997,2
-1.34189926211317,2.6476739888186493,2
-1.343338374108999,2.6443482536928116,2
-1.3447771933568013,2.6410231095101864,2
-1.344725902638391,2.638383869841995,2
-1.3454193741550604,2.635402268859796,2
-1.345367839479966,2.6327635216442786,2
-1.3438266827520362,2.630809694037847,2
-1.3427648884833534,2.627747977489882,2
-1.3422339913490102,2.626217119215898,2
-1.3429268773696368,2.6232367001201204,2
-1.3418649529907185,2.6201752462135808,2
-1.3410685097065311,2.617879155783676,2
-1.339262148368114,2.61515940658758,2
-1.3382002890443143,2.6120978213603294,2
-1.3376172554750507,2.607929430587429,2
-1.3365030645509712,2.6022307068234056,2
-1.3369292984847618,2.59848728802384,2
-1.335867178940493,2.5954262280794396,2
-1.3333170962488712,2.5930467390659295,2
-1.3325206041733466,2.590750747126563,2
-1.330980228106819,2.58879534367156,2
-1.3301837848226317,2.586499253241655,2
-1.3296001332297536,2.5823321100155425,2
-1.3282726464372097,2.5785054567832617,2
-1.3267325305911513,2.5765495280454047,2
-1.3271577236430687,2.5728082103772607,2
-1.3267860180249844,2.566771721524212,2
-1.3264672132394484,2.5633712221516802,2
-1.3261482783436787,2.559970985420584,2
-1.3263068518363283,2.5554666023882895,2
-1.3267307437859142,2.5517279111344173,2
-1.327631786320774,2.5468857958432736,2
-1.3273120382360464,2.543487200621094,2
-1.3277351169966725,2.539750150876138,2
-1.3264064104206916,2.535925959907239,2
-1.3266721517358881,2.53669079810102,2
-1.3268835284784064,2.534822601530326,2
-1.3264064104206916,2.535925959907239,2
-1.3259292598354158,2.5370293839445104,2
-1.3276808012153332,2.5371170176211315,2
-1.3279465587943093,2.5378818229847333,2
-1.330175332078399,2.536865868473196,2
-1.3291121065971474,2.5338070409809283,2
-1.327040296691564,2.5303218626478383,2
-1.3261882365237039,2.525395265377199,2
-1.326078564079161,2.5201310999986006,2
-1.3257026298784869,2.514103146991932,2
-1.3253815481638629,2.510707243844383,2
-1.3245838850962368,2.50841361567786,2
-1.3233097870496167,2.507221967020758,2
-1.3222463013478976,2.504163664811344,2
-1.3211828156461785,2.5011053626019333,2
-1.3208614574473092,2.4977100175674174,2
-1.3215479518027031,2.494742500731757,2
-1.3209603481114875,2.4905833352389912,2
-1.3206385345268004,2.487188909449472,2
-1.319574723549497,2.4841312638436293,2
-1.3192527147994575,2.4807372320162493,2
-1.3186645906673018,2.476579117089191,2
-1.3180763038973549,2.47242133046392,2
-1.3172218366901731,2.4674995920596885,2
-1.3178500631658903,2.4619069197023684,2
-1.3172610933172155,2.457750511944589,2
-1.3164058617124113,2.4528303165587424,2
-1.3160826657064941,2.449438681334385,2
-1.3162343270929853,2.4449482511279186,2
-1.3178677388631819,2.439788791118712,2
-1.317011401321393,2.434870828184998,2
-1.3154140259499592,2.4302877084544257,2
-1.3163051638432943,2.425465586741936,2
-1.3157144537702479,2.4213126918132453,2
-1.3143829823518018,2.4174940819746737,2
-1.3140583388695362,2.4141053686361964,2
-1.3127267861321954,2.410286922948515,2
-1.3124019312207977,2.40689863640236,2
-1.3113366239758104,2.4038440111729322,2
-1.3114854717284992,2.3993592605873246,2
-1.3108938346200372,2.395208236978803,2
-1.3110421131404593,2.3907246354494447,2
-1.3107164938314426,2.387337891921675,2
-1.310390744412187,2.3839514110353264,2
-1.3088515230739848,2.3819936766376664,2
-1.3065725487446915,2.3803681918590556,2
-1.3048264882583567,2.3802694944123104,2
-1.3032876247232945,2.3783110377507235,2
-1.3047671957605829,2.377646407191893,2
-1.304293769580747,2.378742313118309,2
-1.3052999469657536,2.379173522825539,2
-1.3067795830581677,2.3785087609460014,2
-1.3077858254982946,2.378939839332517,2
-1.3067795830581677,2.3785087609460014,2
-1.307519401104372,2.3781763800062308,2
-1.308999037196779,2.3775116181266895,2
-1.3096792049420678,2.374556872230432,2
-1.3126981274278027,2.37584971342784,2
-1.3118386184490713,2.370938152378912,2
-1.3139976416253702,2.3673202204516706,2
-1.3146770287092604,2.3643670504039775,2
-1.3140833098370628,2.3602202290582923,2
-1.314556166784632,2.359125472188122,2
-1.3144955894483044,2.3565049785518006,2
-1.3147622903264722,2.3572678797650575,2
-1.3137561129414639,2.356836670057824,2
-1.3150289912046418,2.3580307809783143,2
-1.3171867295423851,2.3544154426351653,2
-1.3190772465610259,2.3500382536444775,2
-1.3204947927856434,2.3467560513352126,2
-1.3208443319779217,2.340424673606126,2
-1.322117454197791,2.341618292073939,2
-1.323801262178538,2.3390998773927336,2
-1.324006474948746,2.3372441234596586,2
-1.323000281299958,2.3368129465826044,2
-1.322938435388851,2.334195013700203,2
-1.3256899576539087,2.3347263653820285,2
-1.3275781326883465,2.3303539039370342,2
-1.3272486751274375,2.326974908331362,2
-1.3274533999842681,2.3251201393036354,2
-1.3283970321156726,2.322934827826135,2
-1.3300794739389676,2.320419170879923,2
-1.3298749767750433,2.3222734802851477,2
-1.3300794739389676,2.320419170879923,2
-1.332029006971128,2.3186656272226855,2
-1.3302839060477716,2.3185649927954124,2
-1.3277999791687378,2.3187947366670265,2
-1.3267311589474442,2.315747202756132,2
-1.3271398605272626,2.3120391748888878,2
-1.3280197113578343,2.307239837320214,2
-1.3299684149372624,2.3054879680020726,2
-1.3301723753964723,2.3036347419927345,2
-1.3296376725377979,2.3021115659805,2
-1.3276258382087125,2.301248096000325,2
-1.3280970687783622,2.300156622148002,2
-1.3278297336128038,2.299395001311705,2
-1.3252834566455114,2.2970078300364456,2
-1.3242142460935185,2.2939610840498332,2
-1.3214010893464838,2.290811372693284,2
-1.3193264983346573,2.287331808320701,2
-1.3177865451263902,2.28537555128106,2
-1.3161831196290965,2.280804644376861,2
-1.314108918947971,2.277324292079996,2
-1.3145159290947532,2.273619678551313,2
-1.3149226790210697,2.26991559030548,2
-1.3141208198984096,2.2676304323249816,2
-1.314527212021586,2.2639270663430757,2
-1.3149333439242916,2.260224225644027,2
-1.315339215606528,2.256521910227825,2
-1.3150072534236248,2.2531479704696338,2
-1.3148778042235865,2.247923726587981,2
-1.3135406404824241,2.2441166073118524,2
-1.3124709094894946,2.241070911890951,2
-1.3114011784965651,2.2380252164700494,2
-1.3108011980693757,2.233891034743049,2
-1.3094639530093168,2.2300840796178107,2
-1.308661605973283,2.2277999065426712,2
-1.3069200830813479,2.227692049476147,2
-1.3071222545248453,2.2258424347864363,2
-1.3103377699778083,2.2252969220453274,2
-1.3110092203374535,2.2223597731246905,2
-1.3116804755317482,2.2194230181662,2
-1.3132900283378657,2.2143117200287215,2
-1.3129562934030314,2.2109413587599676,2
-1.312153360870946,2.2086583675712497,2
-1.3108813771156207,2.2074624509909597,2
-1.3113504283388622,2.206375376382532,2
-1.3112841261522572,2.2037664389690157,2
-1.3114189219997243,2.1993100536575554,2
-1.3118877617938303,2.1982234058414534,2
-1.311084634096396,2.195940808614875,2
-1.3102815063989581,2.1936582113882963,2
-1.3102147650903184,2.19105016038959,2
-1.3098801844389634,2.1876815062901223,2
-1.3122898561433693,2.184858878962231,2
-1.313829614186286,2.186815529964001,2
-1.3110850528187257,2.186270126965816,2
-1.3110179862345,2.1836627325706814,2
-1.311218628882754,2.1818162039177373,2
-1.3118875583566219,2.1788841436747575,2
-1.3125562926651426,2.175952477393917,2
-1.3155007973384496,2.1746527634368285,2
-1.315968970317611,2.1735674616580454,2
-1.3154330639392793,2.172046715079013,2
-1.3151651107501117,2.171286341789493,2
-1.315901171863322,2.1709615446209334,2
-1.3131571472004726,2.170415058226858,2
-1.3114172018951216,2.1703040166330325,2
-1.3096773216448785,2.1701928437184925,2
-1.3101454458327062,2.169107640430237,2
-1.3094094660383888,2.1694322734479066,2
-1.3096773216448785,2.1701928437184925,2
-1.3091416104318956,2.1686717031773206,2
-1.3101454458327062,2.169107640430237,2
-1.3116174054213374,2.168458374394909,2
-1.3124855788584462,2.16368260889433,2
-1.3146932742847035,2.1627092022940033,2
-1.312953507880918,2.162597799568214,2
-1.3128854329423838,2.1599924406441424,2
-1.3150929332032923,2.159019428005962,2
-1.317032350164796,2.1572863047196904,2
-1.3175000677581394,2.156201922185897,3
-1.3152926650799088,2.1571747378430075,3
-1.3135530450501403,2.1570630396456103,3
-1.313017008561573,2.155542555708003,3
-1.315492331901412,2.1553301790007673,3
-1.3149561978301705,2.153809892044233,3
-1.3136843604488586,2.1526136799923314,3
-1.313615862652064,2.1500091746528938,3
-1.3132791839731937,2.1466447556464416,3
-1.3135472672725932,2.1474048662945293,3
-1.3130111006737941,2.1458846449983504,3
-1.3139460154195497,2.143716930496474,3
-1.3143445033460353,2.1400295199812724,3
-1.316481765585774,2.1364555148327433,3
-1.3174161273630336,2.134288916556933,3
-1.3198210825714725,2.1314758099807776,3
-1.322961106802591,2.1283399088769457,3
-1.324630212326948,2.125851172677031,3
-1.3260306327920741,2.122603540545626,3
-1.3279678378796103,2.120874882163619,3
-1.3308381361696302,2.116982186259719,3
-1.3297636561531778,2.1139460772509118,3
-1.3287599345988266,2.113509910186739,3
-1.3304279341861953,2.111023406438953,3
-1.3320957386082188,2.1085372966533065,3
-1.3349645731581106,2.1046475554654656,3
-1.3383706477162285,2.102275868782023,3
-1.340503746428496,2.09871026815917,3
-1.343640339002203,2.0955812942229812,3
-1.3463108240967099,2.0935334526329257,3
-1.3475114638938788,2.0921306091550065,3
-1.349643375350265,2.088567405135173,3
-1.3513093582290168,2.0860849723295125,3
-1.3522404021953243,2.0839250714100963,3
-1.35637951280372,2.081234693971286,3
-1.3590490058076963,2.0791888550221103,3
-1.358044893922644,2.0787534758822233,3
-1.3583142945881583,2.0795109272858596,3
-1.361718368701439,2.077143278714363,3
-1.3633833920172176,2.0746627828892272,3
-1.3653177997347292,2.0729397712979036,3
-1.366787092063575,2.07229588941183,3
-1.365513254237424,2.0711037154718746,3
-1.363578960366361,2.072826497251949,3
-1.365048220167644,2.072182681026227,3
-1.368526029014621,2.072408966476722,3
-1.3711949690501033,2.070364243753609,3
-1.3745984088759915,2.067997875559076,3
-1.3780016860640885,2.0656318356663235,3
-1.3794709133378156,2.0649880851009605,3
-1.3824093678852662,2.063700583970242,3
-1.384883227484977,2.063491161979062,3
-1.386817049706444,2.0617693322741637,3
-1.3884806580734335,2.059291692674549,3
-1.3901440712750741,2.056814447037077,3
-1.392541805365548,2.054015917060134,3
-1.3947453535281138,2.053050882155304,3
-1.3959440741993383,2.0516519126384374,3
-1.3956737627621898,2.0508962997247906,3
-1.395133139887891,2.049385073897497,3
-1.3950566077841735,2.0467967866661922,3
-1.3949799780977816,2.0442086964159607,3
-1.3959079319460397,2.0420550332304437,3
-1.3949032508287136,2.041620803146799,3
-1.394826425976973,2.03903310685871,3
-1.39509680246924,2.0397885884516427,3
-1.3958310745667433,2.0394674026027104,3
-1.396371860078835,2.0409783001282165,3
-1.3987286188228403,2.045189544214388,3
-1.3979942166151087,2.045510992704749,3
-1.396178308438305,2.042810514823376,3
-1.3939752969804573,2.043774466332316,3
-1.3942456246813872,2.0445300464157867,3
-1.3920425644322023,2.0454940964152613,3
-1.3935112712649929,2.044851396415609,3
-1.394709634133072,2.043453149162673,3
-1.3949032508287136,2.041620803146799,3
-1.3943625303717404,2.0401097743005785,3
-1.3959079319460397,2.0420550332304437,3
-1.398110894612552,2.041091180212039,3
-1.4013186685066206,2.0405612946358502,3
-1.4040627582245904,2.041107649709211,3
-1.4047971279047644,2.0407862668792056,3
-1.4070002369452865,2.0398221183891962,3
-1.409396377185404,2.037026805769738,3
-1.4107872345483639,2.033798477783236,3
-1.4104385857280075,2.0304582217880913,3
-1.411094731871433,2.0275519660653387,3
-1.4110165571260183,2.024966994682053,3
-1.4106674854474033,2.0216275922715496,3
-1.4103182836585528,2.0182884525024676,3
-1.4119785416870325,2.015817575919602,3
-1.4120919831924166,2.011404296632392,3
-1.412554951762237,2.010329500510693,3
-1.412554951762237,2.010329500510693,3
-1.4124760288829794,2.0077460393156166,3
-1.4122050994222182,2.006991673948747,3
-1.41313077634139,2.0048426069882055,3
-1.412859814353073,2.004088307281698,3
-1.414790058543117,2.0023737002160473,3
-1.4157154427142622,2.000225224198722,3
-1.4146312694854082,1.997208681976245,3
-1.4150938477245276,1.9961346737788297,3
-1.4138181395637677,1.99494627530939,3
-1.4142806690115481,1.993872365602508,3
-1.414743165931771,1.992798521555983,3
-1.4164813872765336,1.9929130431487216,3
-1.418953262695183,1.9927076264393069,3
-1.4174860846576376,1.9933472404021906,3
-1.4174860846576376,1.9933472404021906,3
-1.4142806690115481,1.993872365602508,3
-1.416752495638864,1.9936670473836262,3
-1.4160189066200903,1.9939868543650672,3
-1.4157478145215396,1.993232817299985,3
-1.4160189066200903,1.9939868543650672,3
-1.4155563934360877,1.995060731241768,3
-1.417565820725855,1.9959290600883417,3
-1.4184908145663009,1.993781371995297,3
-1.4185705831620758,1.9963631260210963,3
-1.4178369290881854,1.9966830643232463,3
-1.4184908145663009,1.993781371995297,3
-1.4182994585359658,1.9956091546163677,3
-1.4172947123635264,1.9951750558534371,3
-1.417103275014295,1.9970030026253998,3
-1.4159070264375035,1.9983969819551497,3
-1.4161780860084967,1.9991510846805909,3
-1.4157154427142622,2.000225224198722,3
-1.4185705831620758,1.9963631260210963,3
-1.417565820725855,1.9959290600883417,3
-1.4178369290881854,1.9966830643232463,3
-1.4176454592113963,1.9985110767555696,3
-1.417565820725855,1.9959290600883417,3
-1.4187619554561888,1.9945353105698462,3
-1.4195753781258524,1.9967971262934903,3
-1.418379145812846,1.9981910727930572,3
-1.419383957040404,1.9986250402352805,3
-1.4231323375449918,1.999606413316565,3
-1.4209310825752954,2.0005668191662345,3
-1.4191128324142923,1.99787106883055,3
-1.418841707788184,1.9971170974258214,3
-1.4168321829157442,1.9962489655603193,3
-1.4160985451056298,1.9965688710322915,3
-1.417103275014295,1.9970030026253998,3
-1.4156359668665104,1.9976428792297103,3
-1.417103275014295,1.9970030026253998,3
-1.4169117726099447,1.9988310807180802,3
-1.4125096530012549,2.0007511044931405,3
-1.412701350570952,1.9989226324383242,3
-1.4163696209404026,1.9973229409275568,3
-1.4158274692708588,1.9958148011370298,3
-1.4161780860084967,1.9991510846805909,3
-1.4159070264375035,1.9983969819551497,3
-1.4161780860084967,1.9991510846805909,3
-1.4134350046448425,1.9986026941361708,3
-1.4114257399928682,1.997734036987815,3
-1.4089539458931135,1.9979392895463324,3
-1.408603768277512,1.9946021195879613,3
-1.4077909311038983,1.992339121977892,3
-1.4052402954437824,1.989960749190443,3
-1.4063567266334545,1.9859851143254321,3
-1.407823449285189,1.985346419607545,3
-1.408477090806615,1.9824452197322735,3
-1.4075524547693128,1.984592185561393,3
-1.4067394712216856,1.982329483422932,3
-1.4076640096763118,1.9801827145748785,3
-1.406388724373814,1.9789934625207959,3
-1.407313100190649,1.9768470219745282,3
-1.406037847415707,1.9756577042600956,3
-1.4021010708885964,1.9764981387074112,3
-1.402021334820379,1.9739163190212565,3
-1.4006665248787922,1.9701448204886987,3
-1.4008575881611023,1.968317628810837,3
-1.4017815411196786,1.9661720418492052,3
-1.4019724417641957,1.964345178473133,3
-1.4029764072752346,1.9647808530846245,3
-1.4017014147207618,1.9635910100873382,3
-1.401430387677328,1.962836841701538,3
-1.4001554764417499,1.9616468345533526,3
-1.4018922340463824,1.9617643108621508,3
-1.4039001325409028,1.9626357257454927,3
-1.4033579808713608,1.9611275859549693,3
-1.4028158292018151,1.9596194461644458,3
-1.4041712083756739,1.9633897956407544,3
-1.4049041305795047,1.9630713346966289,3
-1.4024343206608094,1.9632725819733885,3
-1.4043619463824033,1.9615632605664608,3
-1.4013501474319554,1.9602560397509148,3
-1.4004566308909308,1.955413126605034,3
-1.3998339950193284,1.9513246773165598,3
-1.3994822886084854,1.9479905933949517,3
-1.3996726688120678,1.9461647805845832,3
-1.399943777174398,1.9469187848194913,3
-1.4009474824649697,1.94735498471384,3
-1.4019512202831006,1.9477911189478334,3
-1.4021415191677882,1.9459654702883569,3
-1.4052619455449804,1.9428691295495053,3
-1.405180729472855,1.9402902974095877,3
-1.4041769916547242,1.9398541631755926,3
-1.402712025491148,1.9404893122342095,3
-1.4019795424093573,1.9408068867635198,3
-1.4023596197377977,1.9371566400102758,3
-1.4022783223467794,1.9345779720212484,3
-1.4044754300527789,1.9336259378670722,3
-1.4059401685234487,1.9329912484309517,3
-1.4051262091490688,1.9307305161031891,3
-1.4073231704810603,1.9297787774206192,3
-1.4060481453990263,1.9285890000836865,3
-1.4055054407609902,1.9270819765192257,3
-1.4068880035965599,1.9238703919237157,3
-1.4060738002654958,1.9216101520486362,3
-1.4059917059492957,1.919033092738342,3
-1.407102168332008,1.9150695065488055,3
-1.407291247433255,1.9132463201527106,3
-1.4062877698355898,1.9128096606358653,3
-1.4074802614793853,1.9114232650773335,3
-1.4086726880680622,1.910037000839509,3
-1.4086726880680622,1.910037000839509,3
-1.4096761981932868,1.910473594695997,3
-1.4111401560025527,1.9098404811084446,3
-1.4097822559429218,1.9060752203097877,3
-1.4104312134959383,1.9031834755258892,3
-1.4106198046838099,1.9013612740351498,3
-1.4089900318642243,1.8968435520199733,3
-1.4084467742576958,1.8953376446815824,3
-1.4099101465709154,1.8947057129804463,3
-1.411456865511326,1.8966483126658638,3
-1.411456865511326,1.8966483126658638,3
-1.413192045529378,1.8967689735019615,3
-1.4136520703551625,1.8957001196425587,3
-1.4139237967411002,1.8964528763306863,3
-1.4139237967411002,1.8964528763306863,3
-1.4143838053031086,1.8953840553014576,3
-1.4153872991645482,1.8958206819881234,3
-1.4158472751990008,1.8947519266192536,3
-1.4163072187058887,1.8936832369107393,3
-1.4158472751990008,1.8947519266192536,3
-1.4161190503762775,1.8955045848168446,3
-1.4171225930290579,1.8959411130129755,3
-1.4166626007308327,1.8970099012120247,3
-1.4166626007308327,1.8970099012120247,11
-1.4160354272648323,1.8929306115433278,11
-1.4161397122625328,1.8885358156465593,11
-1.4167873849769972,1.8856466644467584,11
-1.4171629735023803,1.8820054788227623,11
-1.4171629735023803,1.8820054788227623,11
-1.4171629735023803,1.8820054788227623,11
-1.4168910844786478,1.8812530504364169,11
-1.417434862526111,1.8827579072091023,11
-1.4168910844786478,1.8812530504364169,11
-1.4171629735023803,1.8820054788227623,11
-1.417434862526111,1.8827579072091023,11
-1.4171629735023803,1.8820054788227623,11
-1.4168910844786478,1.8812530504364169,11
-1.4164314662473405,1.8823210835413633,11
-1.4215520170325995,1.8801118505111365,11
-1.4232024680022235,1.8776607705258552,11
-1.4263156082063357,1.874579137706931,11
-1.4309764757051706,1.8734380691023667,11
-1.4316226521519493,1.8705519382789753,11
-1.4323540618243094,1.870236530541444,11
-1.4325409127878075,1.8684178418797899,11
-1.434462716076446,1.866720273676739,11
-1.4356530771651688,1.865338178871573,11
-1.4400411448686405,1.8634465203706547,11
-1.440227540446319,1.8616287509539973,11
-1.4415038341031288,1.8628159675370135,11
-1.441231343319565,1.8620647538672728,11
-1.4426940000264956,1.861434266693994,3
-1.4433389892173931,1.8585505324736307,3
-1.444070268779523,1.8582353873775208,3
-1.4459914865721117,1.8565390010608898,3
-1.4486438538165984,1.8545277322895828,3
-1.451296090950846,1.8525167261597009,3
-1.453675381915719,1.8497554256050748,3
-1.455781531545858,1.8462442245878403,3
-1.457887290845301,1.8427338114948881,3
-1.4597196485895463,1.8384740232221883,3
-1.462370714731696,1.8364653808651514,3
-1.4633748266167483,1.8369007600050367,3
-1.4633748266167483,1.8369007600050367,3
-1.4651100228985783,1.837021388010962,3
-1.4655679334330713,1.835956802074751,3
-1.466756830781664,1.8345776619856409,3
-1.4679456630751364,1.8331986532172486,3
-1.469318906765233,1.830005880313962,3
-1.4712384656523447,1.8283128426755262,3
-1.4721536686977146,1.8261849183498828,3
-1.4707869861973162,1.822437385847568,3
-1.471701896494661,1.820310052465132,3
-1.4720698735713835,1.8166842313646203,3
-1.4754500236654664,1.814364875985568,3
-1.4761807339953261,1.8140508799457002,3
-1.4759969894136518,1.8158632980432863,3
-1.4761807339953261,1.8140508799457002,3
-1.4769114443251823,1.8137368839058396,3
-1.4764542331331967,1.81480005814438,3
-1.4802012543670173,1.8088571141169503,3
-1.481388899404612,1.8074805019515772,3
-1.4776456419904633,1.8064887873640991,3
-1.4773720615336963,1.8057397733163114,3
-1.4788331894453872,1.8051123721797993,3
-1.4810248813129174,1.804171270475031,3
-1.480020671845189,1.803736088316212,3
-1.4809344111504323,1.8016111187066208,3
-1.4813912320117169,1.8005487323923646,3
-1.4815743097784395,1.798737660332101,3
-1.4812098688284916,1.7954292824401854,3
-1.4807531780774372,1.796491406113022,3
-1.4822140132411015,1.7958645959197206,3
-1.481666527051983,1.7943672244277131,3
-1.4799320463764332,1.794245151893941,3
-1.48257974591629,1.7922433053838347,3
-1.4837666428200418,1.7908682034066725,3
-1.4824887227853125,1.7896842698414908,3
-1.4826714102213376,1.787873985705513,3
-1.4816673471276225,1.7874385080750876,3
-1.4835842712825063,1.7857507889255544,3
-1.4823063837753345,1.7845667897000208,3
-1.4837667960807401,1.783940833091357,3
-1.484862223844793,1.786934656830379,3
-1.4834016814291555,1.7875608760804695,3
-1.4834016814291555,1.7875608760804695,3
-1.4838581119597407,1.7864992776904884,3
-1.4838581119597407,1.7864992776904884,3
-1.4843145099627648,1.785437744960868,3
-1.4833104306052718,1.785002300160624,3
-1.4854096030741388,1.78150518328993,3
-1.486778260378502,1.7783216684969538,3
-1.4857741972847869,1.7778861908665338,3
-1.4859563968074365,1.7760768916359009,3
-1.486960443637372,1.7765124020965057,3
-1.4862303513311268,1.7768251505895822,3
-1.4873246149897597,1.7728942632577436,3
-1.4896965872539951,1.7701477362833984,3
-1.4939840036692047,1.765716477705757,3
-1.4941655526406858,1.763908491682269,3
-1.4984520094929223,1.7594791700851538,3
-1.4991818741062612,1.7591668812145667,3
-1.5031056070824604,1.7583527765703337,3
-1.5038354879595772,1.7580404548695707,3
-1.5068485554847975,1.7593451149312074,3
-1.5107727601105925,1.7585300582118002,3
-1.5145164078554352,1.7595209848750013,3
-1.5164317218961827,1.7578365159131337,3
-1.5181663814732982,1.7579582273149423,3
-1.5208115926549386,1.7559614038221323,3
-1.5217219490941076,1.7538432628896565,3
-1.5204424352090165,1.752662546681961,3
-1.5208975483734868,1.7516036075364347,3
-1.523087239796176,1.750666543943609,3
-1.5246417328230457,1.7525934508037473,3
-1.524366867527723,1.751847030340052,3
-1.525096797196177,1.7515346101487523,3
-1.524186635922355,1.753652357119094,3
-1.5256465603143834,1.7530273854157823,3
-1.526101624687513,1.7519685447607944,3
-1.5272865862015408,1.7505973495748606,3
-1.5287464455384505,1.7499725091922684,3
-1.5292013960651314,1.7489138983485226,3
-1.5297513543486865,1.7504062796534114,3
-1.5286514377815745,1.7474215170436338,3
-1.5305660524798093,1.7457384597794388,3
-1.5324805695953714,1.7440555994963116,3
-1.5349452401598427,1.743864726555934,3
-1.5353999629936101,1.7428065753346864,3
-1.5361298113431676,1.7424943192942806,3
-1.536309311078469,1.7406904698732681,3
-1.5384987585444723,1.739753898733122,3
-1.5396831345624484,1.7383838854336062,3
-1.5409634779002754,1.7395629273022077,3
-1.5419685981396416,1.739996270971032,3
-1.5407841570665468,1.741366415591255,3
-1.541872533237111,1.7374474127839967,3
-1.5409634779002754,1.7395629273022077,3
-1.5424231420718364,1.7389384808817514,3
-1.5438828062433991,1.7383140344612933,3
-1.5453424704149565,1.7376895880408405,3
-1.5487161800524838,1.7353832334124313,3
-1.5488950617641777,1.7335806315381976,3
-1.5480686605987142,1.7313450142969184,3
-1.5456040388255818,1.7315357887467666,3
-1.5445023657703167,1.7285545717962574,3
-1.5434973105860728,1.728121096806717,3
-1.541033046616084,1.7283111489926366,3
-1.540854099849275,1.730113882187581,3
-1.5394910047573944,1.733286169059543,3
-1.5383068564323263,1.7346557227365516,3
-1.535842494879665,1.7348459719035425,3
-1.535292081210292,1.7333545098436502,3
-1.5362969737567447,1.7337883131349763,3
-1.5389404284502284,1.7317950353014346,3
-1.5421344594508817,1.7312928912259995,3
-1.5441446023469307,1.732159775544723,3
-1.5468846261201037,1.732714338162685,3
-1.5443235165861822,1.730357108010132,3
-1.5467880245128605,1.7301665633715366,3
-1.5457969167644805,1.7366319949326297,3
-1.5462513305864416,1.7355744674847706,3
-1.5455215310282213,1.7358866250346416,3
-1.5462513305864416,1.7355744674847706,3
-1.5445163619975215,1.7354533798563523,3
-1.5461548753532153,1.7330263972220212,3
-1.54578288800972,1.7297332525328883,3
-1.5463337570649092,1.7312237953477876,3
-1.5465125737214862,1.7294213247942665,3
-1.5469667923781003,1.728364191308554,3
-1.5455074534821236,1.7289879811254423,3
-1.5438692166106733,1.7314144056467384,3
-1.5436902535800847,1.7332171716718623,3
-1.5397662929109774,1.734031735938597,3
-1.5373018988307585,1.7342220507659398,3
-1.5380316008063026,1.733910090197142,3
-1.5384860308920452,1.7328525299191107,3
-1.540854099849275,1.730113882187581,3
-1.5450532022979484,1.730045180271512,3
-1.5485229117828858,1.7302878151508487,3
-1.552268429862341,1.7312749663435323,3
-1.5533706233585391,1.7342551327283378,3
-1.5531918554932975,1.7360575047913223,3
-1.5543760200821488,1.7346879182841288,3
-1.5567441540944902,1.7319491392318884,3
-1.5561928947085981,1.730459384341275,3
-1.5561928947085981,1.730459384341275,3
-1.5601175221926553,1.7296434740372248,3
-1.5621286083878942,1.730508454205605,3
-1.561577121309094,1.7290191589374846,3
-1.5607498906908948,1.7267852160353065,3
-1.5600201399240117,1.7270972750946427,3
-1.5598418111808119,1.7288987607428101,3
-1.562404351927297,1.7312531018396662,3
-1.5633124964925003,1.7291394258114483,3
-1.5643986445253173,1.7252249207386292,3
-1.565404236414274,1.7256573123322827,3
-1.5661340034449385,1.725345220442767,3
-1.5687771491266211,1.7233525663826157,3
-1.5737076937752175,1.7229683910686546,3
-1.574161440782234,1.721912209658111,3
-1.5738854044948098,1.721168152967266,3
-1.5738854044948098,1.721168152967266,3
-1.5748912078128985,1.7216001177686024,3
-1.575798571716696,1.7194880175889473,3
-1.577435507485811,1.7170642194819248,3
-1.577612909193597,1.7152646051539246,3
-1.5782437001052578,1.712409531679313,3
-1.5793276362641038,1.7084994915107554,3
-1.5799579555261687,1.7056453701113181,3
-1.5798586216040231,1.7031031107901455,3
-1.57993597378338,1.6987626816688177,3
-1.5800130006871527,1.6944229091510685,3
-1.579007376270635,1.693990583217774,3
-1.579007376270635,1.693990583217774,3
-1.5802893459863814,1.6951663420685286,3
-1.5805656912856136,1.6959097749859868,3
-1.582577102756444,1.6967740985507955,3
-1.5840358236288097,1.6961515562806841,3
-1.583483002920115,1.694664953087198,3
-1.5841123300916458,1.6918128343286405,3
-1.5854706924237831,1.6886501010385953,3
-1.585646906875688,1.6868528833136232,3
-1.5866526288748801,1.6872850122658498,3
-1.5873818429370505,1.6869740366024004,3
-1.5854706924237831,1.6886501010385953,3
-1.5882871250771107,1.684866138685587,3
-1.5877339790928335,1.6833801920956653,3
-1.5871808331085546,1.6818942455057453,3
-1.5884374707430045,1.6761940789307506,3
-1.590523437023169,1.6727236201649234,3
-1.5931625492876087,1.6707391079890161,3
-1.5945189599662406,1.6675803143203822,3
-1.5946941985913927,1.6657850664061122,3
-1.5948693721614298,1.6639899498125548,3
-1.5957732881440414,1.6618848096307293,3
-1.5973327904148995,1.6638016047959177,3
-1.5947676149361847,1.661452582187966,3
-1.5949426421322084,1.6596577610660184,3
-1.5946657601282652,1.658915411544445,3
-1.5924795328905432,1.6598454823092688,3
-1.5922026996779373,1.6591030342971624,3
-1.5926545763503483,1.6580506283571381,3
-1.5934562146667783,1.6534091711164258,11
-1.5942573650698364,1.648768698781062,11
-1.5934986228713335,1.6422122192047972,11
-1.593950044157923,1.641160732509773,11
-1.5955811574940881,1.6387486876066113,11
-1.5967608170160972,1.6373881950588416,11
-1.5975602434585596,1.632751202722396,11
-1.5984624680081367,1.6306494768791175,11
-1.599087371431727,1.62780628792909,11
-1.5999893032332757,1.6257051530290223,11
-1.600162980535627,1.6239130568118796,3
-1.6017228731371862,1.6258290640527875,3
-1.6024510463174924,1.6255201895207545,3
-1.6020001292080508,1.626570658480258,3
-1.600543750319888,1.6271884732046722,3
-1.603005590986779,1.6270033127153347,3
-1.603005590986779,1.6270033127153347,3
-1.6021737739828463,1.6247786279234653,3
-1.6026246423009436,1.6237282574545056,3
-1.6043582447324152,1.6238521028179118,3
-1.606091912219,1.6239758168606073,3
-1.6059879756473432,1.6214428484799228,3
-1.603977052089892,1.6205775400097586,3
-1.6027981732292833,1.6219364567089691,3
-1.6015154879072515,1.6207621423860665,3
-1.603526281354469,1.6216277134976522,3
-1.6048090642591752,1.6228018308394851,3
-1.6021737739828463,1.6247786279234653,3
-1.601896501648202,1.624037066326176,3
-1.6049824976048388,1.621010227075022,3
-1.603977052089892,1.6205775400097586,3
-1.6041504366442183,1.6187860347358338,3
-1.601411648918269,1.6182289770243088,3
-1.5991237783017596,1.6166214503532927,3
-1.6001984278426846,1.6127301562166103,3
-1.6012726870529121,1.608839650004212,3
-1.6017231487765358,1.6077901002897086,3
-1.60390664369935,1.6068655449948608,3
-1.604980203567072,1.602976450480135,3
-1.6080639063308464,1.5999542402841271,3
-1.6086190364961848,1.6014361815922822,3
-1.6083414714135156,1.6006952109382038,3
-1.609241776837143,1.5985973590559812,3
-1.6086865816166878,1.5971155490685405,3
-1.609069221735556,1.600387189990812,3
-1.6082364776962095,1.598164376519117,3
-1.607403733656863,1.5959415630474219,3
-1.6055658205868166,1.593285504397432,3
-1.6040055864458935,1.5913701865902734,3
-1.602550508660066,1.5919853749004176,3
-1.6035555801080932,1.5924188170597802,3
-1.6052882555041474,1.5925445337433537,3
-1.6045606840836761,1.5928521935587838,3
-1.60674339834509,1.5919292141124988,3
-1.6066381281435422,1.5893989378064433,3
-1.606188203124633,1.590447404125058,3
-1.6059106055144063,1.5897064991313368,3
-1.6085430333655992,1.5877354801587522,3
-1.6070880206348885,1.5883505371481803,3
-1.606360514269534,1.588658065642898,3
-1.6042831352647848,1.5921111900745295,3
-1.6035555801080932,1.5924188170597802,11
-1.6052882555041474,1.5925445337433537,11
-1.60674339834509,1.5919292141124988,11
-1.607470969765565,1.5916215542970669,11
-1.6071933558915568,1.5908806821335268,11
-1.6049055015388198,1.5892731226323278,11
-1.6073656507726763,1.589091376481548,11
-1.606360514269534,1.588658065642898,11
-1.606360514269534,1.588658065642898,11
-1.6070880206348885,1.5883505371481803,11
-1.6051830828852705,1.5900140604562303,11
-1.6030005149978699,1.5909367444309126,11
-1.6023779698222604,1.5937751730050689,11
-1.6016503984017856,1.5940828328205008,11
-1.6019278821655583,1.5948239676254712,11
-1.6016503984017856,1.5940828328205008,11
-1.6016503984017856,1.5940828328205008,11
-1.601822969767154,1.5922929690554888,11
-1.6003678919813247,1.592908157365633,11
-1.6001952555608412,1.5946981524513575,11
-1.599917804324626,1.5939569519860335,11
-1.601372914638013,1.5933416980155322,11
-1.6009228269813143,1.5943904926359274,11
-1.6006453594813195,1.5936493250007793,11
-1.6006453594813195,1.5936493250007793,11
-1.5987401127198986,1.5953134720822124,11
-1.5982899437443034,1.596362430853505,11
-1.5973895082104406,1.5984605453771579,11
-1.5985673461891814,1.5971037298093638,11
-1.5982899437443034,1.596362430853505,11
-1.5978397422411508,1.597411455285151,11
-1.5973895082104406,1.5984605453771579,11
-1.5973895082104406,1.5984605453771579,11
-1.5973895082104406,1.5984605453771579,11
-1.5973895082104406,1.5984605453771579,11
-1.5969392416521693,1.5995097011295165,11
-1.5976668781277592,1.599201909993372,11
-1.5962116051765811,1.5998174922656574,11
-1.59721659530571,1.600251098575912,11
-1.5974939489592508,1.600992496022311,11
-1.5953109419498102,1.6019160664118068,11
-1.5945832729466627,1.6022239232083066,11
-1.5948605615450848,1.6029654519754164,11
-1.594964693282094,1.6054980263939598,11
-1.5945142152946925,1.6065476089386426,11
-1.5952419656167383,1.6062395879912454,11
-1.5964201613986209,1.6048820501595387,11
-1.5956924273403565,1.6051900382767492,11
-1.5951378501435105,1.603706980742528,11
-1.5951378501435105,1.603706980742528,11
-1.5961428565364173,1.604140554222603,11
-1.5965932532049187,1.603091135828814,11
-1.5965932532049187,1.603091135828814,11
-1.5974252165828666,1.6053155251490736,11
-1.5966974662608227,1.6056235460964672,11
-1.5966974662608227,1.6056235460964672,11
-1.604593105438612,1.5233758936337516,11
-1.604593105438612,1.5233758936337516,11
-1.6035888146519905,1.5229408756258263,11
-1.6008541253983992,1.522375544709348,11
-1.5981196313101549,1.521809819830727,11
-1.5980119378055093,1.51928443522125,11
-1.5937179902377423,1.5168018166869093,11
-1.5931622095212337,1.5153211885858937,11
-1.5931622095212337,1.5153211885858937,11
-1.5934400998794889,1.5160615026364006,11
-1.593888219618906,1.5150166804675909,11
-1.5934400998794889,1.5160615026364006,11
-1.5941661262409372,1.5157569616879218,11
-1.5944440328629703,1.516497242908251,11
-1.5941661262409372,1.5157569616879218,11
-1.5954479983740093,1.5169329175197461,11
-1.5948921526023856,1.5154524207394395,11
-1.5948921526023856,1.5154524207394395,11
-1.5946142297165729,1.514712172349288,11
-1.5948921526023856,1.5154524207394395,11
-1.595618178963834,1.5151478797909608,11
-1.595618178963834,1.5151478797909608,11
-1.5953402398142433,1.5144076642309852,11
-1.59433630683076,1.5139719239591365,11
-1.59433630683076,1.5139719239591365,11
-1.5940583839449491,1.513231675568985,11
-1.595062300664651,1.5136674486710113,11
-1.595618178963834,1.5151478797909608,11
-1.5988002886143384,1.5146698002362982,11
-1.6001903096378776,1.5183702214325994,11
-1.6020285154559506,1.5210256891393783,11
-1.6020285154559506,1.5210256891393783,11
-1.604036999446521,1.5218959221363022,11
-1.6047009615810541,1.525900949941441,11
-1.6044229248487891,1.525160931362537,11
-1.6054272644267478,1.5255958508799257,11
-1.6057053174227942,1.5263358366286504,11
-1.6059833704188389,1.5270758223773786,11
-1.607714126688954,1.5272054130220063,11
-1.608996681900754,1.5283799899863375,11
-1.6100011841165038,1.5288145812019422,11
-1.6140813710528903,1.5262431474995033,11
-1.614142898575091,1.5219346621417689,3
-1.6147606621996182,1.519105885640064,3
-1.615656543875307,1.5170169635663662,3
-1.6142041008217092,1.5176268333876077,3
-1.6136475394437984,1.5161477811351531,3
-1.6110821687997348,1.5137991524893408,3
-1.6099691761541504,1.5108407853430066,3
-1.6098604417676334,1.508317501864953,3
-1.6115907589157086,1.5084479789243996,3
-1.6098604417676334,1.508317501864953,3
-1.6111430132432112,1.5094920459991066,3
-1.6121473528211752,1.5099269655164953,3
-1.6138778000794805,1.5100571799345115,3
-1.614047183744125,1.5082737508844737,3
-1.6119294937174367,1.5048811864846705,3
-1.611651164237145,1.5041417588489754,3
-1.6128246923143994,1.5027936432784657,3
-1.6119294937174367,1.5048811864846705,3
-1.6114818456276172,1.505925056578306,3
-1.611651164237145,1.5041417588489754,3
-1.6091950484205313,1.5043153631155146,3
-1.6089167677315768,1.5035758369892882,3
-1.6120987635356272,1.5030979872458783,3
-1.6128246923143994,1.5027936432784657,3
-1.6115420720474845,1.5016191976348505,3
-1.6134413662657199,1.4999670663987086,3
-1.611989606290848,1.500575557352457,3
-1.6122679682986991,1.5013149193277968,3
-1.611820417791554,1.5023585924403609,3
-1.6105378463159763,1.5011840483062056,3
-1.6107070348152703,1.4994010132183107,3
-1.6117112442829988,1.4998361953771226,3
-1.6108161757962698,1.501923475941899,3
-1.6100902795450533,1.5022277542489544,3
-1.6098119663285413,1.5014882937830798,3
-1.608807789388372,1.5010530459639089,3
-1.608529492435638,1.5003135526678602,3
-1.6065212686655315,1.4994427943880826,3
-1.6072470835978514,1.4991386802319209,3
-1.6049607092490241,1.4975281331844883,3
-1.606412241530986,1.4969201018532416,3
-1.6063031168137716,1.4943976062994686,3
-1.6073071473799274,1.4948331495902476,3
-1.6097627102280452,1.4946606615497782,3
-1.6096533252903598,1.4921386912788606,3
-1.6082019231186315,1.492746459968684,3
-1.6088181904754713,1.4899207038433904,3
-1.6107167202960895,1.488270115625637,3
-1.6102694950645287,1.4893131321346331,3
-1.6115520014849913,1.4904878075894992,3
-1.6106574209116324,1.4925741032489253,3
-1.6089276242044956,1.4924425756237731,3
-1.6069195630721822,1.491571489042208,3
-1.6063629041115988,1.490092633770825,3
-1.6067505209469033,1.4933542286585055,3
-1.6069195630721822,1.491571489042208,3
-1.6024564757964619,1.4908718071052327,3
-1.5992758136223095,1.4913469647740119,3
-1.6109951473590556,1.4890093462802572,3
-1.6094342626669658,1.4870953416802344,3
-1.6108854696733435,1.4864879669525486,3
-1.6117797249711128,1.484402327896694,3
-1.6116698195924926,1.481881408191489,3
-1.6125638146697945,1.4797962944184828,3
-1.6134576796368663,1.477711443286907,3
-1.611896599779426,1.4757978326490235,3
-1.6108926667959391,1.4753620923771784,3
-1.6093317495762918,1.473448153437511,3
-1.6087747328125666,1.471970020430053,3
-1.6082177160488413,1.4704918874225896,3
-1.6113974023962463,1.4700186995645108,3
-1.6140199418696852,1.4680676413404061,3
-1.6131840263933963,1.465851229753497,3
-1.6136306010737904,1.4648095264516314,3
-1.6114549615563245,1.4657182247703133,3
-1.6116229302721763,1.4639376519457947,3
-1.6103405376981712,1.4627627466796742,3
-1.6100619317336324,1.4620238771570158,3
-1.6112335569487186,1.460679602717379,3
-1.6108440535150343,1.4574218161303918,3
-1.6093939524456378,1.458026958405945,3
-1.6078330840173258,1.4561129209757446,3
-1.6051009644408492,1.4555424028910764,3
-1.6030939767179575,1.4546691495177377,3
-1.6028154520723152,1.4539301158441873,3
-1.6023690400297177,1.4549714908442652,3
-1.5995267873817092,1.4518805126768868,3
-1.598355519969763,1.4532240648526003,3
-1.6002516427510542,1.451578335501253,3
-1.597966553240786,1.4499651948697299,3
-1.5946784903100095,1.447914376985823,3
-1.5919475417256272,1.4473414951283097,3
-1.5904981237349602,1.4479452585363664,3
-1.5900517279561388,1.448986600706272,3
-1.5912228327302937,1.4476433768323425,3
-1.5919475417256272,1.4473414951283097,3
-1.59010944975401,1.444685797610287,3
-1.5886601618735767,1.4452892983769168,3
-1.586990282574499,1.4408525355816941,11
-1.5841497864146419,1.4377580117550472,11
-1.5805852318106197,1.4349640564252901,11
-1.5798608480908705,1.435265281525755,11
-1.5778557144388117,1.4343882855120764,11
-1.5764070120544265,1.4349906043922882,11
-1.5766851626331455,1.4357303931599397,11
-1.5776876969316156,1.4361689568271334,11
-1.5766851626331455,1.4357303931599397,11
-1.574958309670043,1.4355929232724929,11
-1.574512060265235,1.4366339699707886,11
-1.5743438638564733,1.4384150024178055,11
-1.5769633132118663,1.4364701819275947,11
-1.5782440306166183,1.4376484687020863,11
-1.5770733324369441,1.4389908718215558,11
-1.5777977649480306,1.438689548230558,11
-1.5770733324369441,1.4389908718215558,11
-1.5773514667518853,1.4397306934193903,11
-1.578522197459117,1.4383882246395636,11
-1.5791364643711212,1.4355665066262127,11
-1.5811992059745954,1.4321429293551553,11
-1.5832615572473703,1.4287201400083696,11
-1.584988491529371,1.428857445744928,11
-1.5830399574744192,1.4236819119175816,3
-1.5829290112139294,1.4211630933437878,3
-1.5823722546706716,1.419684435053476,3
-1.5816481474351676,1.4199851020409024,3
-1.5813697854273183,1.419245740065568,3
-1.5810914234194655,1.4185063780902318,3
-1.5808130614116163,1.4177670161148992,3
-1.579810657223378,1.4173281898062768,3
-1.5773602337294843,1.4174903035103696,3
-1.5759121818962676,1.4180913091834402,3
-1.575523085057057,1.4148327018419948,3
-1.5733512024725833,1.4157338163894604,3
-1.5753556530459178,1.416612191270632,3
-1.5763579271239205,1.417051280220683,3
-1.5772493199965556,1.4149714192762204,3
-1.57697100678004,1.4142319588103511,3
-1.5774166381612407,1.4131921596588377,3
-1.57585775391399,1.411274116946867,3
-1.5748555611548838,1.4108348638459294,3
-1.573018558856468,1.4081769667059518,3
-1.5737423733439506,1.4078768906617363,3
-1.57474450104794,1.4083162750833864,3
-1.5750228142644538,1.4090557355492574,3
-1.5755794406974797,1.4105346564809995,3
-1.5751338581076162,1.411574357141978,3
-1.5735186670112817,1.4139542613004714,3
-1.5732404188498883,1.413214669513886,3
-1.5744099623012406,1.4118745973370874,3
-1.5734078020696902,1.4114352785757909,3
-1.5745208597703915,1.4143935144014144,3
-1.5752448043681007,1.4140931757157684,3
-1.5732404188498883,1.413214669513886,3
-1.5751338581076162,1.411574357141978,3
-1.5745772642021478,1.4100953705498824,11
-1.571960042984502,1.4120356933056506,11
-1.5722382748821175,1.4127753179224118,11
-1.571960042984502,1.4120356933056506,11
-1.5742425953452148,1.4136539554450067,11
-1.5746882429901934,1.4126141234633156,11
-1.5732404188498883,1.413214669513886,11
-1.5734078020696902,1.4114352785757909,11
-1.5738534009233316,1.4103955450846328,11
-1.573575120234377,1.4096560189584046,11
-1.5738534009233316,1.4103955450846328,11
-1.5728512732193387,1.4099561606629791,11
-1.5741316816122861,1.411135071210861,11
-1.573686066494865,1.4121748375321985,11
-1.5727947386773522,1.414254567155938,11
-1.573072970574966,1.4149941917726991,11
-1.573183672878768,1.4175135027991672,11
-1.5733512024725833,1.4157338163894604,11
-1.5733512024725833,1.4157338163894604,11
-1.5733512024725833,1.4157338163894604,11
-1.5723490259772568,1.4152945304583433,11
-1.571960042984502,1.4120356933056506,11
-1.572294744368989,1.4084770427501692,11
-1.573018558856468,1.4081769667059518,11
-1.5715709298815117,1.408777118794383,11
-1.5702906515987998,1.4075979456050707,11
-1.5697341878035669,1.4061186963715482,11
-1.568732222737367,1.4056789836481105,11
-1.5674520908286702,1.404499514987192,11
-1.5675083326226318,1.4002016994374458,11
-1.5673972074605729,1.3976832419956153,11
-1.5658389412369313,1.3957639517368694,11
-1.5648372038636431,1.3953237793909352,11
-1.5632791002777964,1.3934041608304018,11
-1.5630009009077366,1.3926644705532834,11
-1.5632791002777964,1.3934041608304018,11
-1.5615540200666178,1.3932631124535106,11
-1.5615540200666178,1.3932631124535106,11
-1.5612758532241173,1.392523356516035,11
-1.5609976863816186,1.3917836005785578,11
-1.5612758532241173,1.392523356516035,11
-1.5612758532241173,1.392523356516035,11
-1.5605524290673412,1.3928226446359684,11
-1.5615540200666178,1.3932631124535106,11
-1.5612758532241173,1.392523356516035,11
-1.5609976863816186,1.3917836005785578,11
-1.559829004910565,1.3931219327559052,11
-1.5593836988049485,1.394161075303849,11
-1.559829004910565,1.3931219327559052,11
-1.5588274627026237,1.3926813664478264,11
-1.5585493446514622,1.391941512019816,11
-1.5576039303910338,1.3872033599732383,11
-1.5579378511141186,1.3836462852663178,11
-1.559106109726919,1.3823088066736098,11
-1.5599960713869798,1.3802318347848548,11
-1.559439607591747,1.3787525855513323,11
-1.557158714136511,1.3771309747337757,11
-1.5576035973838653,1.3760926857704678,11
-1.5557677172862192,1.3734325233481766,3
-1.5533756010862447,1.3692926520698645,3
-1.5529857235856355,1.3660356205769801,3
-1.553430362876302,1.36499782406635,3
-1.5550423500081312,1.3626243874530033,3
-1.5567662592272047,1.362767799602743,3
-1.558656380673975,1.3611341845872271,3
-1.5588224627914435,1.3593574200634038,3
-1.560433962009899,1.3569849683554036,3
-1.5622110229048847,1.3528368026892927,3
-1.5633778665688922,1.3515021803221074,3
-1.5661029601927616,1.3520868810438493,3
-1.5677138251238265,1.3497157097128092,3
-1.5697164216263282,1.3505978272343189,3
-1.5718844984864724,1.3497043949485956,3
-1.5743313114213873,1.3495495695441129,3
-1.5741660424928785,1.3513246925590128,3
-1.572885894320402,1.3501452567282772,3
-1.5726071907731871,1.3494065841866902,3
-1.5714404772194168,1.3507409439124487,3
-1.5708309755947152,1.3535530426835258,3
-1.5705523371026189,1.3528142388212245,3
-1.5721631857699077,1.350443100320362,3
-1.572885894320402,1.3501452567282772,3
-1.5746100474961597,1.3502881764253427,3
-1.5750540199718799,1.3492517259520262,3
-1.5737220049620415,1.3523612743530453,3
-1.576169029326083,1.3522060221562384,3
-1.5758902769875327,1.3514674481051845,3
-1.576613034329366,1.3511695060225648,3
-1.576613034329366,1.3511695060225648,3
-1.5773357916711959,1.3508715639399433,3
-1.5773357916711959,1.3508715639399433,3
-1.576613034329366,1.3511695060225648,3
-1.576613034329366,1.3511695060225648,3
-1.576613034329366,1.3511695060225648,3
-1.5747234821148641,1.3528019719818332,3
-1.5744447623038713,1.3520633322704239,3
-1.5740007085092529,1.353099946894634,3
-1.5744447623038713,1.3520633322704239,3
-1.5741660424928785,1.3513246925590128,3
-1.5747752676333278,1.3485131519009723,3
-1.5766645433635826,1.3468812440547318,3
-1.5779448541738539,1.3480603515836869,3
-1.5778310617520077,1.3455472782911126,3
-1.5762719498118472,1.3436296952016438,3
-1.5774383218262589,1.342296024909631,3
-1.5774383218262589,1.342296024909631,3
-1.5780468638879839,1.3394858631190782,3
-1.5786552107843583,1.336676095290672,3
-1.5815451992698115,1.3354864280916097,3
-1.5819887000959394,1.3344509296934675,3
-1.5819887000959394,1.3344509296934675,3
-1.580822702148449,1.3357838448913757,3
-1.5796566391458438,1.3371168914099982,3
-1.5796566391458438,1.3371168914099982,3
-1.5786552107843583,1.336676095290672,3
-1.5796566391458438,1.3371168914099982,3
-1.5806581000348885,1.3375576218689655,3
-1.5828256889816554,1.3366651744885978,3
-1.5841062437486144,1.3378437895648734,3
-1.58583041318815,1.3379866764317594,3
-1.5878337252969388,1.3388673494254117,3
-1.5889998370908849,1.3375342044162544,3
-1.5857158075773405,1.3354752446481086,3
-1.5857158075773405,1.3354752446481086,3
-1.5849932779284206,1.3357727271082318,3
-1.5857158075773405,1.3354752446481086,3
-1.5849932779284206,1.3357727271082318,3
-1.583548218630579,1.3363676920284764,3
-1.5842707482795007,1.336070209568355,3
-1.5877190546310125,1.3363560489624788,3
-1.5900015582003952,1.3379744095923716,3
-1.5915615971759678,1.3398901213616696,3
-1.5911180638222824,1.3409256854201725,3
-1.5881128029110734,1.3396052668729013,3
-1.5888354301426695,1.3393075874317066,3
-1.588720726949191,1.3367963526291273,3
-1.5901658838297088,1.336201190727813,3
-1.592054427689897,1.334570760239604,3
-1.5913809512445347,1.330584938088835,3
-1.5892625130840052,1.3271938838772392,3
-1.5884249387022393,1.3249808209685288,3
-1.5913143416916444,1.323792335655888,3
-1.5933176212728757,1.3246730743099029,3
-1.5932020886266525,1.3221635138464212,3
-1.5901973156288207,1.320842110393798,3
-1.5906403285415696,1.3198075969010077,3
-1.5926434780125653,1.3206885981964476,3
-1.5936451015394013,1.3211290003536291,3
-1.5920848673984782,1.3192136825464704,3
-1.5894750299365867,1.3211391004012434,3
-1.5911988741005398,1.3212826438716974,3
-1.5929227833196098,1.3214260560214335,3
-1.591478146880025,1.3220201673570422,3
-1.5893111922206486,1.3229113343604482,3
-1.5875873643204717,1.3227677580598183,3
-1.586865062364458,1.3230647808974414,3
-1.5850261246763218,1.3204107905486921,3
-1.5867497899387022,1.3205546951511113,3
-1.5867497899387022,1.3205546951511113,3
-1.5889165494327333,1.319663922109843,3
-1.5913625979700239,1.31951063972374,3
-1.5889165494327333,1.319663922109843,3
-1.5899180591131135,1.3201045540782737,3
-1.5909196013210547,1.3205451203863525,3
-1.5909196013210547,1.3205451203863525,3
-1.5887527442443528,1.3214360904086906,3
-1.5863067119708365,1.3215893399646141,3
-1.5845830304446782,1.321445468192378,3
-1.5854691863804078,1.3193761785653706,3
-1.5849108359867898,1.3179007376325362,3
-1.583909488944201,1.3174597773623216,3
-1.5843524855931683,1.3164252966997054,3
-1.584631660789979,1.3171630171661253,3
-1.5856330240963477,1.3176039446061676,3
-1.5843524855931683,1.3164252966997054,3
-1.584237066793401,1.31391550642498,3
-1.5842851604339927,1.3096341387946158,3
-1.5838902248980524,1.306387317487216,3
-1.5829366462204675,1.3016656461902016,3
-1.5815403636419383,1.2979778646125872,3
-1.5803072357006194,1.2925192279432611,3
-1.580354044502652,1.2882404538969876,3
-1.581960095355079,1.285879000298758,3
-1.582006269869721,1.2816015066294426,3
-1.5798879455556456,1.2782102226065994,3
-1.5777697838793614,1.2748186102819705,3
-1.5760936592890769,1.2703944542752534,3
-1.5732546268693444,1.2672969757325525,3
-1.569694870080184,1.2644933355001697,3
-1.567694290286303,1.2636071470365362,3
-1.5656938406026466,1.262720695931483,3
-1.5631351706356114,1.2603585412521703,3
-1.5628559954388024,1.259620820785754,3
-1.5618559332347672,1.2591772669314452,3
-1.5612976153687068,1.2577017603382572,3
-1.5612976153687068,1.2577017603382572,3
-1.5605767608890435,1.257995861290004,3
-1.5617392946515611,1.256669938920096,3
-1.5609017690611324,1.2544567775208524,3
-1.559622661770522,1.2532752405586969,3
-1.5590643439044616,1.251799733965509,3
-1.5579477081723372,1.2488487207791383,3
-1.556947906188773,1.2484046416419723,3
-1.553507178758359,1.2481035033847085,3
-1.5609017690611324,1.2544567775208524,3
-1.559901820703553,1.254012993855289,3
-1.5591810475427845,1.2543069306561438,3
-1.5606225938643217,1.2537190570544325,3
-1.5571812809378613,1.253419100683594,3
-1.555623258670904,1.2514993179721703,11
-1.5533446909360915,1.2498730124391066,11
-1.551507867539252,1.2472147541671657,11
-1.547672155781564,1.2436668930930388,11
-1.5442784485823111,1.239086553997188,11
-1.5392822035069411,1.2368605771810195,11
-1.5365636804498664,1.2362626130672059,11
-1.5338917059743569,1.231386400189976,11
-1.5343330111902898,1.2303553338659157,11
-1.5349366578544767,1.22755505395906,11
-1.5326600092456086,1.225924874464944,11
-1.5301047546722035,1.223555825448166,11
-1.5299882624630072,1.221048201965214,11
-1.5328679071848974,1.2198794147596193,11
-1.5331467896336815,1.2206177261692428,11
-1.5304293399860338,1.2200175952636503,11
-1.5285941754946712,1.217355988313514,3
-1.5260393763070823,1.2149860200517377,3
-1.523322609738159,1.2143845102786557,2
-1.5230438736633882,1.213645903397424,2
-1.520048663767719,1.2123051957998943,2
-1.5208847256180213,1.2145213119151954,2
-1.5170075395778753,1.215241456588826,2
-1.517727239329215,1.2149496865797467,2
-1.5170075395778753,1.215241456588826,2
-1.5197699764842856,1.2115664904281243,2
-1.5210470345387161,1.212752163992759,2
-1.5216501932895294,1.2099528689912624,2
-1.5219743882726622,1.2064154267310307,2
-1.5227390102276477,1.2018486909763766,2
-1.5216237406529771,1.198894920055018,2
-1.5202296536846394,1.1952027064033146,2
-1.5199952380536832,1.1901903484931076,2
-1.5191586882900054,1.1879752172831584,2
-1.5197604320920277,1.1851787785071792,2
-1.5203619807286994,1.1823827336933466,2
-1.5212422817039197,1.1803252629305625,2
-1.5215644925059895,1.1767918259520993,2
-1.522165455646613,1.1739969630246865,2
-1.5227662236218826,1.1712024940594112,2
-1.5236458740459362,1.1691463365037684,2
-1.524685979319857,1.1653247736660273,2
-1.5252861130077395,1.162531585077712,2
-1.5256068600696793,1.1590011028153029,2
-1.5260874927492178,1.1537063643270393,2
-1.5256890605007545,1.1504666015080005,2
-1.5257296728029122,1.1462003357597013,2
-1.5246125166298548,1.1432503731390362,2
-1.524373351975374,1.138247601640927,2
-1.523694947604918,1.1342717270342124,2
-1.524452624926191,1.1297190097657381,2
-1.5237737326423595,1.1257441200643772,2
-1.5223767181937653,1.1220578158447871,2
-1.5202618255370979,1.118659604654301,2
-1.5187058362425443,1.1167357181705793,2
-1.5171499445306686,1.1148116347057808,2
-1.516750243707424,1.1115744326406585,2
-1.5156327622587824,1.1086251266235632,2
-1.514794651172302,1.106413147110743,2
-1.512959633054951,1.1037512446889899,2
-1.5115628625630446,1.100064448016731,2
-1.5090106655801243,1.0976892269264145,2
-1.507734664671343,1.0965014194001839,2
-1.506458728817675,1.0953134805532407,2
-1.5051828580191238,1.094125410385585,2
-1.501755271722299,1.0937977453441654,2
-1.5013556359541749,1.0905604119583288,2
-1.502631311587372,1.0917488760881255,2
-1.5023520713354461,1.0910112869424253,2
-1.5022315131814565,1.0885118710040746,2
-1.5026694030037593,1.0874876990174833,2
-1.50226939316871,1.084251120725746,2
-1.500872947952388,1.0805636674499155,2
-1.4994765027360657,1.0768762141740886,2
-1.5004727266882103,1.0773275159505022,2
-1.498796894845949,1.0729027690005761,2
-1.4976796736177747,1.0699529377006254,2
-1.4975584811763962,1.0674548021392312,2
-1.4964411948931033,1.0645051021599947,2
-1.4963198398139337,1.0620072949003827,2
-1.4964777412504677,1.060247043956295,2
-1.4977892638985217,1.05717886158007,2
-1.4983840142754907,1.0543965397808108,2
-1.4992580374319466,1.0523517414668966,2
-1.499852430005772,1.0495701419315573,2
-1.5005688282099374,1.049285036448694,2
-1.50200162461827,1.0487148254829695,2
-1.5008834275633447,1.0457669639937226,2
-1.5015997607123968,1.0454819898315737,2
-1.499171244529073,1.045599881285355,2
-1.500324329035882,1.044293033249101,2
-1.5006038782996143,1.0450299986214127,2
-1.4998875614143419,1.045314939953382,2
-1.4990489624144843,1.043103945345912,2
-1.4970574252818345,1.0421995033030882,2
-1.4974591265499182,1.045432667256268,2
-1.4990489624144843,1.043103945345912,2
-1.4977736608482086,1.0419147261220125,2
-1.4955027370896161,1.0402729904050911,2
-1.4942276144249078,1.0390834100492299,2
-1.492673105134262,1.0371565360192712,2
-1.4906820559149807,1.0362511090710953,2
-1.487416355680594,1.0341551496918822,2
-1.484430367347727,1.0327958273831968,2
-1.4814446717628886,1.0314359141313005,2
-1.478180044937929,1.0293377879603085,2
-1.475631588624223,1.0269550159289587,2
-1.4728042335979552,1.0238339653181558,2
-1.4702563302527434,1.0214500770607362,2
-1.4674295932500847,1.0183277789031564,2
-1.4641667554408357,1.016226041412546,2
-1.4613407177806828,1.0131023315572882,2
-1.4577996806013722,1.0102609037895611,2
-1.454538046311784,1.0081567368657414,2
-1.4519919970373998,1.0057691059679836,2
-1.4487310783540934,1.003663494516319,2
-1.4455917912342073,1.0040551322112314,2
-1.4445979255300418,1.0035990700589483,2
-1.4427678841291272,1.0009271216026114,2
-1.442925411498738,0.9991676257526247,2
-1.440101813405466,0.9960389913706109,2
-1.4389869341614947,0.9930844325249684,2
-1.437557227871208,0.9936484057567974,2
-1.4350129025574194,0.9912572948601301,2
-1.4319115930074595,0.9873879852956406,2
-1.428810673788206,0.983517887806876,2
-1.4269817871156114,0.9808436084078735,2
-1.4255889199307141,0.9771489324927884,2
-1.4234816875140481,0.9737352582882721,2
-1.421810344474844,0.9693014502091053,2
-1.4199819131880673,0.9666262515651045,2
-1.4171609660907976,0.9634922658640157,2
-1.4150543842253,0.9600772784523581,2
-1.4166394222750096,0.957758241444628,2
-1.4155252586373237,0.9548022380711387,2
-1.413975742326885,0.9528652851764097,2
-1.4131401683899583,0.950648184155753,2
-1.4108770024540433,0.9489907884437336,2
-1.4090493030373281,0.9463141124417049,2
-1.4066648145497975,0.9421588438097181,2
-1.403410271267937,0.9400403629281158,2
-1.4013047302843038,0.9366232743850436,2
-1.4009045740752484,0.9333869915649124,2
-1.3995125200793073,0.9296906741409146,2
-1.3978420552841797,0.9252550932321153,2
-1.3967284120874268,0.9222980392929117,2
-1.3946232614344964,0.9188801628255572,2
-1.3918052580812663,0.9157402348621737,2
-1.389978859766888,0.9130609324458732,2
-1.3884309210430352,0.9111207950238356,2
-1.385891930248821,0.9087189158286488,2
-1.3831969246164597,0.908073479276851,2
-1.3806584542631803,0.9056705495159587,2
-1.3781202441303684,0.9032670944722057,2
-1.376294902961634,0.9005856580943092,2
-1.3737571482146436,0.898181283805565,2
-1.3724883684238183,0.8969788996801178,2
-1.3726446109548753,0.8952219974142341,2
-1.3723664766399342,0.8944821758163997,2
-1.3703853483259643,0.8935567224593903,2
-1.3691167474367134,0.8923539772019868,2
-1.3671358468156498,0.8914280642224846,2
-1.3665797408235605,0.8899480927250352,2
-1.3651550763048235,0.8905018886015572,2
-1.3627401078495716,0.8905924325167192,2
-1.361315475858392,0.8911461627328858,2
-1.359213545433743,0.8877217858902071,2
-1.3566775146473429,0.885313931602548,2
-1.3548538486478687,0.8826291137162734,2
-1.3544543917813137,0.8793914191984733,2
-1.3536207207065534,0.8771704770469491,2
-1.3513631657744583,0.8755017549233735,2
-1.3515193595141763,0.8737449511480229,2
-1.3491058060077084,0.8738326388376656,2
-1.3475604857523074,0.8718872157569066,2
-1.3450256910131255,0.8694768663756882,2
-1.3424911564944129,0.8670659917116197,2
-1.3392452330155216,0.8649301108354592,2
-1.336988946658206,0.8632588279579778,2
-1.333743689994261,0.8611216010445002,2
-1.331053953826359,0.8604655275149007,2
-1.327809380241142,0.8583269217339407,2
-1.3252765696830195,0.8559125670709555,2
-1.322310146676525,0.8545137500576487,2
-1.32048914793684,0.851823548022109,2
-1.3191020543935554,0.8481172173936962,2
-1.3172812670829988,0.8454265885658447,2
-1.3147495624618593,0.8430100014507325,2
-1.3132064540804294,0.8410601134657067,2
-1.3125306031233048,0.837079084520985,2
-1.3114211234540267,0.8341136260561139,2
-1.309600856584403,0.8314219466625499,2
-1.3075033824352538,0.8279885743509858,2
-1.30654996639546,0.823266574752191,2
-1.3031875019160388,0.8186231688836099,2
-1.2993923845512185,0.8149933636841773,2
-1.29883783988193,0.8135102404895971,2
-1.2965853917764978,0.8118312096900109,2
-1.2927912990297674,0.8081993361893378,2
-1.2887206495546693,0.8038244565635289,2
-1.2840964962921557,0.7979643526117215,2
-1.2810142153638555,0.7940566317385027,2
-1.2776552963882963,0.7894060688910347,2
-1.2752834773847574,0.7852252255500662,2
-1.2729118535465673,0.781043988246962,2
-1.2708174044603506,0.7776045095222148,2
-1.2684461546890802,0.7734225171250024,2
-1.2663520471422238,0.7699823489665079,2
-1.2639811714378784,0.7657996014751944,2
-1.2609013951315706,0.7618868247544981,2
-1.2578220091559675,0.7579732601095159,2
-1.2557287635894063,0.7545313519515666,2
-1.2543445162074818,0.7508192760419323,2
-1.2519746813850041,0.7466344274191989,2
-1.2497268034015256,0.7449461713394783,2
-1.2466488161109304,0.7410297832991564,2
-1.2440029612648065,0.736100845155395,2
-1.2388005490974248,0.7329897732019468,2
-1.2354473224445854,0.7283277197920341,2
-1.230954819233471,0.7249446415969079,2
-1.2280341966747006,0.7192690860083815,2
-1.2246824500257691,0.7146040450522388,2
-1.2220389696914076,0.7096703137024303,2
-1.2191192253767102,0.7039929852842732,2
-1.217305642920337,0.7012878126873865,2
-1.2147846398659095,0.6988496233148815,2
-1.2111253035524037,0.6976885050068127,2
-1.208328573222353,0.6945056351700707,2
-1.2038412093654678,0.6911121826385642,2
-1.2010453247519397,0.6879276056325416,2
-1.1982497654139905,0.6847423720229528,2
-1.1975757685276953,0.6807576004378912,2
-1.1961946112638167,0.6770392867943578,2
-1.1943827527680355,0.6743306341985598,2
-1.1922948254572727,0.6708779905722722,2
-1.1906376319059664,0.6664156202378901,2
-1.1888261474771102,0.6637062125479876,2
-1.1868928688470426,0.6584998840132954,2
-1.1839769627842323,0.6528148076730318,2
-1.180907270021029,0.6488816762417251,2
-1.1785442171944727,0.6446831374345976,2
-1.1775936635798203,0.6399553597243965,2
-1.174954688312292,0.6350125344151714,2
-1.1727457474617182,0.6290613940955261,2
-1.1715187184376035,0.6235904461092971,2
-1.1671926551470975,0.6184298811264135,2
-1.1632659186129182,0.6165072733027657,2
-1.1607507705189999,0.6140572650660285,2
-1.1558435696347154,0.6116515430230827,2
-1.1519183944233333,0.6097257835023058,2
-1.1470126572791735,0.6073171067433023,2
-1.1415563763554104,0.6034172305658352,2
-1.1369280253923488,0.6017498855928736,2
-1.1324543231099824,0.5983288557115038,2
-1.1285323355993242,0.5963966614757563,2
-1.1244895134504294,0.591965609414693,2
-1.12072274385274,0.5882785812142917,2
-1.1169565597511042,0.584590371127474,2
-1.1148753819087016,0.5811241029771441,2
-1.1129156892557077,0.5801553794449976,2
-1.1111101248424777,0.5774340215701557,2
-1.1105596135904303,0.5759427564913331,2
-1.1104382422474757,0.5734449820619005,2
-1.1089080798342827,0.5714689612548618,2
-1.1078070573301844,0.5684864310972184,2
-1.1060018181925386,0.5657644166188085,2
-1.104196709165123,0.56304213949897,2
-1.1016876437246221,0.5605798527755148,2
-1.098903680461241,0.5573712112487197,2
-1.0965488245794024,0.5531561260316717,2
-1.0948979739019826,0.5486809519277127,2
-1.092818536283957,0.5452111709482956,2
-1.0905857998789124,0.5434923499724711,2
-1.0883532586392128,0.5417731350345125,2
-1.0858458846317518,0.5393074339724979,2
-1.0823602906757124,0.536354088126572,2
-1.0811068801562271,0.5351206794825352,2
-1.0793036414634187,0.5323946268921809,2
-1.0770721248418127,0.5306733436529782,2
-1.0752691951608107,0.5279466672892354,2
-1.0743229839751987,0.5232101239213982,2
-1.0727951147548715,0.5212294740592078,2
-1.0709924615581166,0.5185022395824266,2
-1.068915073176269,0.5150283220005303,2
-1.0685185275261873,0.5117847508807962,2
-1.0674190012897782,0.5087992003467381,2
-1.0660445934942615,0.5050672621791623,2
-1.065219948816953,0.5028280992786183,2
-1.062868036679145,0.498607071799281,2
-1.0620434407931754,0.4963678104082021,2
-1.0619213701077168,0.4938714476764403,2
-1.0613716069895123,0.49237867240941213,2
-1.060546962312202,0.4901395095088681,2
-1.0609745083709399,0.4891362175157443,2
-1.0598445184305856,0.49039644669865723,2
-1.0645481800684067,0.49883882995911577,2
-1.0620434407931754,0.4963678104082021,2
-1.0588364528016712,0.49415333408493467,2
-1.057584343384523,0.4929172990266242,2
-1.0570347429041096,0.491424195457812,2
-1.0555079470932078,0.48944137880384275,2
-1.0537064811523358,0.48671174772404413,2
-1.0523018210820023,0.48722516248112413,2
-1.050897161011676,0.4877385772382006,2
-1.0489431606814001,0.48675836314360943,2
-1.0469892904613598,0.48577788640759323,2
-1.0467146528589453,0.48503100632140494,2
-1.0474169015752128,0.48477446309375694,2
-1.0485467126139945,0.4835145950428057,2
-1.0488213990077462,0.48426137663845914,2
-1.0493707717952532,0.48575493982977136,2
-1.0497983503815487,0.48475158217628866,2
-1.0527293996682978,0.4862218048276379,2
-1.0523326425890929,0.4829786605002262,2
-1.0501039396012803,0.4812516976401593,2
-1.0489742424089545,0.48251133587985784,2
-1.0501039396012803,0.4812516976401593,2
-1.0483028639911076,0.47852127863607663,2
-1.0480586250375197,0.4735287501536245,2
-1.0455556747779955,0.4710541192830888,2
-1.045860613446564,0.4675555479540918,2
-1.045311110548825,0.4660622474042082,2
-1.0457382174855248,0.465059841825898,2
-1.0458905079182355,0.4633109172933647,2
-1.0464697101222935,0.46055998114466234,2
-1.0465923337762426,0.4630552276503561,2
-1.047019343130268,0.46205301905311735,2
-1.047446319956732,0.46105087611623574,2
-1.0475984152240922,0.45930234554584004,2
-1.0480253107316635,0.4583003667598522,2
-1.0488790041641263,0.4562966061689462,2
-1.048054310695477,0.45405754175893875,2
-1.0489077764350316,0.4520542407905275,2
-1.0473814034823885,0.45007057055192234,2
-1.047533124682829,0.44832279507562944,2
-1.0479597274423718,0.44732140723285596,2
-1.0464334032810676,0.4453376385037142,2
-1.0458835425801851,0.4438450602177557,2
-1.0468599409854935,0.44433638198165326,2
-1.0464334032810676,0.4453376385037142,2
-1.0467365204063626,0.4418427441547017,2
-1.0433810477064824,0.4413695101022199,2
-1.0429545425296158,0.4423707009639255,2
-1.0438075203557915,0.4403683849008715,2
-1.043229424088718,0.4431170885974396,2
-1.0429545425296158,0.4423707009639255,2
-1.0419782742345411,0.4418791165586029,2
-1.0386231268102435,0.4414052259025567,2
-1.0363961152554744,0.4396748487039339,2
-1.0334680422403117,0.43819861812994,2
-1.0319426776419807,0.4362129124202738,2
-1.0290150925401989,0.4347356969409226,2
-1.029868037838817,0.432733446538224,2
-1.029470353724193,0.42949217353097424,2
-1.0305977414598768,0.4282371971766121,2
-1.0296219773419573,0.4277445950357581,2
-1.0285231016567131,0.4247577312945623,2
-1.0267233271488756,0.42202468587620423,2
-1.0242228489837917,0.4195450648185499,2
-1.0233988385938702,0.41730462154104586,2
-1.0208987182319298,0.4148242782194611,2
-1.0186734631653103,0.41309035536157346,2
-1.0164484032640448,0.41135603854154645,2
-1.0128223914341028,0.41012765119791794,2
-1.0091967699348636,0.40889847593000894,2
-1.005571538766322,0.4076685127378141,2
-1.003073207420094,0.4051845580966109,2
-1.0015498107390428,0.4031948799353522,2
-1.000726824967213,0.4009523683566094,2
-0.9992035746601751,0.39896239472374795,2
-1.0003297588761981,0.3977098478025898,2
-0.9996295106047697,0.39796235291828985,2
-0.9981063253528504,0.3959722479647141,2
-0.9970090760455257,0.3929821012056802,2
-0.9961861390650331,0.39073949113640083,2
-0.9971889514932624,0.3869932078977527,2
-0.9977658117131192,0.38424699929473505,2
-0.997793624421055,0.3800065708968443,2
-0.9982190724522759,0.3790075139967364,2
-0.9986444879559375,0.3780085227569856,2
-0.9989462389237804,0.37451638614295746,2
-1.0000713009390427,0.37326610450410236,2
-0.9969977357508739,0.3735250754480628,2
-0.9961743596483394,0.37128335179360406,2
-0.9957761713565638,0.3680430965218875,2
-0.99327910858511,0.3655565811267678,2
-0.9920035451528477,0.36855217597852885,2
-0.9917291515071209,0.3678048034396646,2
-0.9888072749918368,0.3663160645676964,2
-0.9876824569332641,0.36756585375387374,2
-0.9882585852830577,0.36482112250889287,2
-0.9892324790663682,0.3653175001202591,2
-0.9907551601411342,0.3673086228093645,2
-0.9896303095550056,0.36855847765590255,2
-0.9883543557920476,0.3715548604319494,2
-0.983910318642927,0.36807394830516493,2
-0.9836360876349932,0.36732624746451314,2
-0.9822369897771495,0.36782843430057355,2
-0.9815374408482285,0.3680795277186064,2
-0.9811120578721209,0.36907845329800715,2
-0.9811120578721209,0.36907845329800715,2
-0.9804124926794184,0.3693295795462177,2
-0.9807148941984352,0.3658361297250483,2
-0.9818116230648251,0.3688273270497948,2
-0.982785386737902,0.369323967302595,2
-0.9824828876362144,0.3728176141048305,2
-0.9817832411246155,0.3730689045039295,2
-0.9810835946130201,0.37332019490303203,2
-0.9785878979990201,0.37083092177292265,2
-0.9764891536295757,0.3715843990080909,2
-0.9736908278036545,0.3725890353216439,2
-0.9739939124013901,0.3690942066329814,2
-0.9753929452041188,0.36859215111763177,2
-0.9737198928225865,0.3683460790000126,2
-0.972746389369977,0.3678489134643588,2
-0.9713474216223652,0.3683508376589977,2
-0.9716213924098334,0.3690990637825031,2
-0.9728688666499128,0.3703444554416606,2
-0.974267931980199,0.3698423342659556,2
-0.972594879598665,0.36959626214833285,2
-0.972594879598665,0.36959626214833285,2
-0.9721693339847715,0.37059551602951757,2
-0.9714698013196283,0.37084657661736564,2
-0.9704963303945711,0.37034934542136,2
-0.9690972975918459,0.3708514009367079,2
-0.9676982647891172,0.3713534564520522,2
-0.9643525828843096,0.370860458632178,2
-0.9612809042945312,0.37111562127544495,2
-0.9589088071612295,0.3711196248403237,2
-0.9565368076106058,0.3711234314241345,2
-0.9548643244613455,0.3708762102502696,2
-0.9551379374456701,0.3716251586377002,2
-0.9530396321982657,0.3723777494580496,2
-0.9534654868239656,0.3713778718034817,2
-0.9524925038122891,0.37087965570212234,2
-0.9545907114770174,0.37012726186284084,2
-0.9529183259104297,0.3698798437079063,2
-0.9505466353716105,0.36988302651832505,2
-0.9491478953169086,0.3703844910904621,2
-0.9495424567859256,0.37363206749196465,2
-0.948874396179038,0.3696353128917842,2
-0.946655288820951,0.36788898022645355,2
-0.9460769811247474,0.37063811071534936,2
-0.948175042415464,0.36988601234767593,2
-0.9491478953169086,0.3703844910904621,2
-0.9478701362744566,0.373384518016314,2
-0.945225076707997,0.37263825998662625,2
-0.9418808585433176,0.37214230745069266,2
-0.9392362218351202,0.37139519583636726,2
-0.9376847359618861,0.37364650418603595,2
-0.9368324412144347,0.37564744138160044,2
-0.9348873209076007,0.37464930200959934,2
-0.9348873209076007,0.37464930200959934,2
-0.9314236342621331,0.3716517339133567,2
-0.9334011536626381,0.36840018677715314,2
-0.9341003773159748,0.3681497499626918,2
-0.9344939141669037,0.37139939466543126,2
-0.9325490215529779,0.3704007956709301,2
-0.9322758639544713,0.3696509280385065,2
-0.9317295487574544,0.3681511927736558,2
-0.9321229067068106,0.3714011986083552,2
-0.9321555822847252,0.36715095398712094,2
-0.9286596266558238,0.3684028097576544,2
-0.9278403490256473,0.3661528128982354,2
-0.927141206691207,0.3664030855618101,2
-0.9260159657743774,0.3676537283326269,2
-0.9278073644359317,0.37040368129285994,2
-0.9301781442031167,0.3704023369724343,2
-0.9293588177816012,0.36815243860355196,2
-0.9276873592504309,0.367903149128443,2
-0.9272612444042636,0.3689035520658681,2
-0.9255898346644305,0.36865416410022966,2
-0.9248906598024274,0.36890450242415795,2
-0.9226733739876138,0.36715449277884993,2
-0.9214283230506357,0.36590420942310864,2
-0.921155360617476,0.3651539478285386,2
-0.9199103909993944,0.3639035003219053,2
-0.9182393878540402,0.3636532916018087,2
-0.9186654864364279,0.3626529214945613,2
-0.9154769253067521,0.36040124857916034,2
-0.9138061823818635,0.3601505145762047,2
-0.9145051132871771,0.3599006687049524,2
-0.9154769253067521,0.36040124857916034,2
-0.9154769253067521,0.36040124857916034,2
-0.9163289923612954,0.35840077100609236,2
-0.9150842829636758,0.3571497982166054,2
-0.9153571803417186,0.357900191131888,2
-0.9132604852084576,0.3586495317645735,2
-0.9132604852084576,0.3586495317645735,2
-0.9148975767286807,0.3631524801994672,2
-0.914624728141975,0.3624019887936498,2
-0.9133800837994759,0.3611508846834486,2
-0.9117093896659263,0.3609000521899599,2
-0.9114365898705614,0.36014946229360945,2
-0.9094932260518735,0.35914777726233993,2
-0.9092204587840662,0.3583971217056323,2
-0.9050614843198321,0.35564204552068013,2
-0.9043626997885319,0.35589159592032615,2
-0.9053341865325226,0.35639283239810027,2
-0.9064590533824308,0.3551429447213863,2
-0.9082488419298436,0.35789614786928503,2
-0.9064249953832864,0.35939597990778793,2
-0.9057261295330896,0.35964569445832595,2
-0.904481924312627,0.3583937039333094,2
-0.9039365849423628,0.35689199885775125,2
-0.9037830909899895,0.358643352823492,2
-0.9030842576673521,0.35889300171367466,2
-0.9012949407695334,0.3561388464905981,2
-0.9000509632419824,0.3548863963430833,2
-0.8988070507695465,0.3536338148748541,2
-0.8974096443447372,0.35413258737236397,2
-0.8957397146088084,0.35388021186048846,2
-0.8957397146088084,0.35388021186048846,2
-0.8937973591444361,0.35287649135815613,2
-0.8924349052266294,0.349120423009456,2
-0.8911913830848945,0.3478670536169428,2
-0.890492842510282,0.3481161115639111,2
-0.8907653007662848,0.34886739089401075,2
-0.890492842510282,0.3481161115639111,2
-0.8906116279123388,0.3506191059917114,2
-0.8929798867937517,0.3506228503489357,2
-0.8924349052266294,0.349120423009456,2
-0.8929798867937517,0.3506228503489357,2
-0.8924349052266294,0.349120423009456,2
-0.8949566417966306,0.34737284623111897,2
-0.8963537554734149,0.34687466467681993,2
-0.8946840859579517,0.34662176388209254,2
-0.8946840859579517,0.34662176388209254,2
