-0.8942074159033844,0.38668405262811767,0
-0.8945970331835298,0.3899416094038557,0
-0.8945970331835298,0.3899416094038557,0
-0.8938976631561761,0.3901923416899269,0
-0.8941698774554894,0.390944113472699,0
-0.8941698774554894,0.390944113472699,0
-0.8940148872354339,0.39269848781485095,0
-0.8899352080718579,0.39671040652368283,0
-0.8885362728518054,0.3972122650579646,0
-0.8875647698440368,0.3967110614103664,0
-0.8864378700217284,0.3979650528593819,0
-0.8860103890181055,0.39896821353179135,0
-0.8862823756245124,0.3997204449370635,0
-0.8843001397280457,0.4029815128250007,0
-0.8817738005085278,0.4047383805438294,0
-0.8795191226198362,0.4072481362714946,0
-0.877535910896615,0.41051117397014103,0
-0.8748526135397583,0.41402638848270357,0
-0.8746961758433507,0.41578368471073546,0
-0.8766389541659869,0.4167865516284248,0
-0.876210838874977,0.41779099267779607,0
-0.8759391938079322,0.4170380718387747,0
-0.877453938158455,0.4190452156549451,0
-0.8779972608201003,0.42055099167262355,0
-0.8777255994892759,0.419798103663787,0
-0.8784254249024439,0.419546452132721,0
-0.8778407092772369,0.4223085177119028,0
-0.879083906143391,0.4235625437079822,0
-0.8801705514666818,0.42657409574333904,0
-0.8798988901358591,0.42582120773449894,0
-0.8775274110261648,0.4258239637525989,0
-0.8786138611841068,0.4288359097500969,0
-0.8772138525546289,0.429339935076154,0
-0.8787286456964871,0.43134698040178776,0
-0.8781432307287744,0.4341104576786403,0
-0.8775576205957094,0.4368743289176358,0
-0.8760001333879579,0.43913775160313406,0
-0.8742850700192513,0.44316076862916276,0
-0.8734273431695492,0.44517267110431114,0
-0.871597836827835,0.4466839280448962,0
-0.870468546229981,0.44794274553014013,0
-0.8685253775766508,0.44694066653673126,0
-0.8729984309533627,0.4461787208324228,0
-0.8743990250788922,0.4456735136199459,0
-0.8745128825558552,0.4481864555918005,0
-0.8742414977092796,0.44743300946992903,0
-0.8746704261892475,0.44642692691164143,0
-0.8711688595565281,0.4476901090937204,0
-0.8708975397650676,0.44693653165113645,0
-0.8713265007725948,0.4459303834324917,0
-0.871597836827835,0.4466839280448962,0
-0.871597836827835,0.4466839280448962,0
-0.8722981338905971,0.44643132443866307,0
-0.871597836827835,0.4466839280448962,0
-0.871597836827835,0.4466839280448962,0
-0.871597836827835,0.4466839280448962,0
-0.8708975397650676,0.44693653165113645,0
-0.8701972427023019,0.4471891352573749,0
-0.868954371111732,0.44593445265772935,0
-0.8693833321192592,0.44492830443908105,0
-0.8671690225760393,0.44317228687112653,0
-0.8659263136232642,0.44191727596969343,0
-0.8675979347922276,0.44216623714301306,0
-0.8674402935761627,0.44392596280424534,0
-0.8659263136232642,0.44191727596969343,0
-0.8654973851432981,0.4429233585279775,0
-0.8668977515759195,0.4424186109380024,0
-0.8656550588869223,0.44116356720639516,0
-0.8658126675754296,0.43940390720552003,0
-0.8658126675754296,0.43940390720552003,0
-0.8660839385755512,0.4401575831386406,0
-0.862425478860608,0.44317898079374984,0
-0.8623120767694594,0.4406651195768987,0
-0.8635546068206654,0.4419204916102917,0
-0.8667840730005238,0.43990530783418436,0
-0.8670553602644233,0.4406589509371255,0
-0.8686830838478325,0.4451808095547847,0
-0.8658820907621241,0.4461908300175974,0
-0.8671248159786789,0.44744580808885104,0
-0.8672825873049774,0.4456858197861937,0
-0.8685253775766508,0.44694066653673126,0
-0.8694969456395363,0.44744173886361516,0
-0.8722981338905971,0.44643132443866307,0
-0.875370739515791,0.4461742904752235,0
-0.875370739515791,0.4461742904752235,0
-0.875370739515791,0.4461742904752235,0
-0.8743990250788922,0.4456735136199459,0
-0.873970112862704,0.44667956334805403,0
-0.8703549001821482,0.44542937676596317,0
-0.870468546229981,0.44794274553014013,0
-0.8710111532853411,0.449449966075667,0
-0.8717114991394475,0.4491972639788937,0
-0.8722981338905971,0.44643132443866307,0
-0.872727062370565,0.4454252418803719,0
-0.8746704261892475,0.44642692691164143,0
-0.8743990250788922,0.4456735136199459,0
-0.8731559583229735,0.44441922498243613,0
-0.8714840769335428,0.4441707890919755,0
-0.870241156551641,0.4429162049828559,0
-0.8703549001821482,0.44542937676596317,0
-0.8696546356469383,0.44568191471184626,0
-0.8724556937877672,0.44467176292831745,0
-0.875370739515791,0.4461742904752235,0
-0.8761849916381941,0.44843443185976817,0
-0.8778571657756551,0.44868227680702333,0
-0.8775857158739608,0.4479289620058644,0
-0.8775857158739608,0.4479289620058644,0
-0.8771567873939929,0.4489350445641538,0
-0.8759135742640591,0.44768105139825387,0
-0.8719828189309062,0.44995084142147945,0
-0.8729545171040307,0.45045165110693297,0
-0.8736548954856875,0.45019888334980607,0
-0.8743552738673479,0.4499461155926774,0
-0.8746266424501439,0.45069959454472475,0
-0.8765702339617363,0.45170081995349776,0
-0.8789429653824268,0.45169553601166257,0
-0.880615334685233,0.4519429869967695,0
-0.8818587917718528,0.45319648770999876,0
-0.8825157116899938,0.45721573098238544,0
-0.8840307813160972,0.4592222181949861,0
-0.8859750884339732,0.4602219990759071,0
-0.8865181508751512,0.4617283003764392,0
-0.8858174634816844,0.4619816919069599,0
-0.8879195256620847,0.46122151731539596,0
-0.8888917930674758,0.4617211779446144,0
-0.8884626531583795,0.4627276872952155,0
-0.8877619332373552,0.4629811444860952,0
-0.8876042757575071,0.4647409029775087,0
-0.8888481231748298,0.4659936157664504,0
-0.8870612133163291,0.46323460167697306,0
-0.890293200381965,0.4612143292232158,0
-0.890293200381965,0.4612143292232158,0
-0.890293200381965,0.4612143292232158,0
-0.890293200381965,0.4612143292232158,0
-0.8926236768587952,0.4654786268776956,0
-0.8905212731390364,0.4662394909029999,0
-0.890363599395414,0.46799928222458753,0
-0.8895049943016318,0.47001295752937367,0
-0.8897765255222208,0.4707661081796424,0
-0.8896186728770239,0.47252626063319525,0
-0.8872444614524309,0.4725345321212657,0
-0.8876738778457725,0.47152746465762263,0
-0.8874023954165224,0.47077421551682264,0
-0.8853441982941241,0.4672615583244024,0
-0.8853441982941241,0.4672615583244024,0
-0.888690400639863,0.46775350557857287,0
-0.8916075931867447,0.46925169954192825,0
-0.8918791731986708,0.47000475170166034,0
-0.8928516520331904,0.4705039855385511,0
-0.893824163395271,0.4710031537150847,0
-0.8940957759347565,0.47175614021445966,0
-0.894796707284911,0.47150225623126474,0
-0.894796707284911,0.47150225623126474,0
-0.8917214181361501,0.47176470717414,0
-0.8904774080810398,0.4705123226869805,0
-0.8920368632060747,0.46824492754988967,0
-0.8924661006978472,0.4672382212182118,0
-0.8917652669303688,0.4674919082203388,0
-0.8917652669303688,0.4674919082203388,0
-0.8927377132373326,0.46799120771758673,0
-0.8931669344653255,0.4669845342160883,0
-0.8921944881583634,0.4664852347188386,0
-0.8924661006978472,0.4672382212182118,0
-0.890363599395414,0.46799928222458753,0
-0.8906351631435605,0.4687523672144991,0
-0.8919929818842984,0.472517792164048,0
-0.8928076731287398,0.4747770471337809,0
-0.8934644304090913,0.4787966187079533,0
-0.8968119013296079,0.4792860052082073,0
-0.8983718606318014,0.4770175923355886,0
-0.9005890651277184,0.4787677661317886,0
-0.9018335956237618,0.4800191000532372,0
-0.9033499175608632,0.48202305934210443,0
-0.9048663370806409,0.48402682164989486,0
-0.9054098223800793,0.4855322693657893,0
-0.9069263720100853,0.4875357690321511,0
-0.90774164875058,0.48979384211545707,0
-0.9092583447546048,0.4917970463102197,0
-0.9119062504824207,0.492537559058686,0
-0.9124498984196503,0.4940426784727947,0
-0.9133792603300179,0.4988132339054605,0
-0.9131074526251837,0.4980606413682267,0
-0.9153261045974457,0.49980789327855035,0
-0.9153261045974457,0.49980789327855035,0
-0.915755862530153,0.49880013638115805,0
-0.914624490168567,0.5000631561292401,0
-0.914510583900265,0.4975503126479168,0
-0.9131074526251837,0.4980606413682267,0
-0.9135371942941077,0.4970529173010174,0
-0.9128356449203459,0.4973080488309911,0
-0.9118623041055258,0.4968105549935551,0
-0.9113187212234148,0.4953053042587303,0
-0.9118623041055258,0.4968105549935551,0
-0.9133792603300179,0.4988132339054605,0
-0.91392287573969,0.5003184189799299,0
-0.9151681381057966,0.5015682755433488,0
-0.9152819142638666,0.5040813816660972,0
-0.9145802185160896,0.5043368086676789,0
-0.9166853057594153,0.5035705276629336,0
-0.9142387436678714,0.49679778577104017,0
-0.914510583900265,0.4975503126479168,0
-0.9142387436678714,0.49679778577104017,0
-0.9135371942941077,0.4970529173010174,0
-0.9138090182627217,0.49780547700807176,0
-0.9154840060339815,0.49804764233446086,0
-0.915597944829841,0.5005604201554235,0
-0.9173870015071923,0.5033151006613537,0
-0.9186324427748698,0.5045645960928127,0
-0.9203078046130511,0.504806006325099,0
-0.9215533922547419,0.5060552062849482,0
-0.9232289004669365,0.5062963210456335,0
-0.9246324871278357,0.505785073080327,0
-0.9254920355208096,0.5037694936251924,0
-0.9274396604496413,0.5047625771497213,0
-0.9284135217053944,0.5052590204214482,0
-0.9314928930627335,0.5049883291037958,0
-0.9340997636301331,0.5099959611851954,0
-0.9353460343505517,0.5112437822775551,0
-0.9375665729212024,0.5129872258871835,0
-0.9399448828181569,0.5129706811941528,0
-0.9418935161012971,0.5139617292476171,0
-0.9430253438486975,0.5126977902545402,0
-0.9438422794946675,0.5149525146596474,0
-0.9427103541645927,0.516216650633794,0
-0.9420082355585571,0.5164729312200134,0
-0.9420082355585571,0.5164729312200134,0
-0.9406039983464911,0.5169854923924575,0
-0.9436847683888363,0.5167119776794564,0
-0.9420082355585571,0.5164729312200134,0
-0.9425527617398632,0.5179762778044914,0
-0.9423951042600187,0.5197360362958996,0
-0.942280498649211,0.5172246045122506,0
-0.9442720536911562,0.5139447249320881,0
-0.9466506888636932,0.5139275236354806,0
-0.9476251844068351,0.5144226865302528,0
-0.9471954427379075,0.5154304105974639,0
-0.9487147572103787,0.517428329133498,0
-0.9520684083669959,0.5179052401659572,0
-0.953315573595269,0.5191512555985067,0
-0.9555375921698257,0.5208917116618963,0
-0.9530008441316244,0.5226695906949015,0
-0.9554953697535264,0.5251612275978594,0
-0.9525282620227884,0.5279480782448527,0
-0.9509657167797094,0.5302217111158392,0
-0.9470233003168715,0.5325150403769854,0
-0.9487004999620972,0.5327527407991148,0
-0.9499909447523187,0.5297271063341071,0
-0.9525282620227884,0.5279480782448527,0
-0.9556103656950352,0.5276718714572244,0
-0.9575602024978362,0.5286604900774847,0
-0.9581051840649586,0.5301629174169662,0
-0.9600552160331102,0.531151142075089,0
-0.9603277393442315,0.5319022900844743,0
-0.9608727859664707,0.5334045861032415,0
-0.9605576011170136,0.5369238404446346,0
-0.9632105974077163,0.5376540773472573,0
-0.9648885126592308,0.537890333241533,0
-0.964615940556774,0.537139283722686,0
-0.9632105974077163,0.5376540773472573,0
-0.9626655182579178,0.5361518469888473,0
-0.9618052542586639,0.5381688709718322,0
-0.9641858248209232,0.5381477628840017,0
-0.9658637888637731,0.5383839202877407,0
-0.967111702225889,0.5396284255320829,0
-0.9687898126427541,0.5398642874642174,0
-0.9718313365403954,0.543854280764533,0
-0.9740551441306664,0.5455911255082988,0
-0.9750307618745726,0.5460840231207555,0
-0.9763943542569233,0.5498377933569731,0
-0.9770973511070338,0.5495797399411195,0
-0.9773700858472836,0.5503304611581843,0
-0.9780730989611737,0.5500723749121512,0
-0.9780730989611737,0.5500723749121512,0
-0.9803395192984468,0.5475389157956734,0
-0.9824484610574391,0.5467648540386456,0
-0.9827213259079226,0.5475153126142871,0
-0.9792063416573651,0.5488055796935587,0
-0.978776112075062,0.5498142886661164,0
-0.9794791251889521,0.5495562024200886,0
-0.978776112075062,0.5498142886661164,0
-0.9790488793428693,0.5505649442228275,0
-0.9776428205875316,0.5510811823752508,0
-0.9786186009692308,0.5515737516859254,0
-0.9788913519732603,0.5523244400728107,8
-0.9823645366657736,0.5553028353448592,8
-0.9805278579974299,0.5568285703941278,8
-0.9823220865565627,0.5595728109033189,8
-0.9856806493744941,0.5600398072219033,8
-0.9877904205862276,0.5592640711257779,8
-0.9913067059391185,0.5579711776322327,8
-0.9932592100017086,0.5589544121032333,8
-0.9945085220488359,0.5601960939522304,8
-0.9947815332733327,0.5609462570562638,8
-0.9960309266393583,0.5621877747543671,8
-0.9975534288125534,0.5641792585754359,8
-0.9988029685525888,0.5654204808019401,8
-0.9997794970681291,0.5659115399244037,8
-0.9997794970681291,0.5659115399244037,8
-1.0004829655678371,0.5656525344333723,8
-0.9997377788289867,0.5701800381248372,8
-1.0007560581112287,0.5664025333865119,8
-1.0011864340675452,0.5653935289423533,8
-1.0014595428747146,0.5661434950653099,8
-1.0024361527091532,0.5666343900368886,8
-1.0061856989646802,0.5703561853962178,8
-1.010093049074058,0.5723179267925325,8
-1.0132971909042041,0.5745381483970213,8
-1.014977968580851,0.5747686261798961,8
-1.0172055168403347,0.5764979199826321,8
-1.0179093106156252,0.5762382578880345,8
-1.0188864896823375,0.5767280038033675,8
-1.0190434966110153,0.5749695585190917,8
-1.020020691941502,0.575459271604247,8
-1.0209979197995498,0.5759489190290434,8
-1.0212713538823035,0.5766982285484357,8
-1.0222486305316867,0.577187777482699,8
-1.0222486305316867,0.577187777482699,8
-1.0225220808782218,0.5779370541719118,0
-1.0227955312247552,0.5786863308611299,0
-1.0227955312247552,0.5786863308611299,0
-1.0218182220478127,0.5781968475872219,0
-1.0202941097604796,0.5762086139538205,0
-1.02170172983862,0.5756892241042664,0
-1.0226790064880031,0.5761787730385297,0
-1.0226790064880031,0.5761787730385297,0
-1.0239297985390365,0.5774174673412951,0
-1.0263149066956938,0.5773871996336872,0
-1.0320629688906617,0.5778150640964892,0
-1.0349958234568994,0.5792816425980352,0
-1.0369512224721884,0.5802590332972795,0
-1.0390632380854488,0.5794787666365355,0
-1.0410188647936423,0.5804556977132833,0
-1.0427007809348385,0.5806838773836702,0
-1.0434048349305964,0.5804236900062207,0
-1.0439912745163973,0.5776581444281277,0
-1.044695279720818,0.577398055541213,0
-1.044969185453171,0.5781464129854328,0
-1.044812942922114,0.57990331525132,0
-1.0431309779895823,0.5796752340714661,0
-1.0431309779895823,0.5796752340714661,0
-1.0434048349305964,0.5804236900062207,0
-1.0445390534535424,0.5791549249769208,0
-1.0458293518697488,0.5761295859835194,0
-1.0473933445891834,0.5738530312266512,0
-1.0485272378365433,0.5725849228009192,0
-1.0496610660287864,0.5713169456959069,0
-1.0506390582844585,0.5718050501023164,0
-1.0509131266546028,0.5725530792447504,0
-1.0495052138284322,0.5730730600375153,0
-1.0497792496710172,0.5738211548403065,0
-1.0504832223478786,0.5735611316137472,0
-1.052165252335529,0.573789081472885,0
-1.0559593629915547,0.5732366333505645,0
-1.0586198080931322,0.5739518340314778,0
-1.0617102388203215,0.5736588181925022,0
-1.0652305087991145,0.5723578813052494,0
-1.0683211509554376,0.5720644386739533,0
-1.0702782088762,0.5730384806950024,0
-1.0712567866279183,0.5735254032149903,0
-1.072235396907196,0.5740122600746247,0
-1.072235396907196,0.5740122600746247,0
-1.073918191292469,0.5742386669153792,0
-1.073488547206214,0.5752461940015205,0
-1.0732140397140313,0.5744990512739001,0
-1.072235396907196,0.5740122600746247,0
-1.0711015849787309,0.5752802043494647,0
-1.0713760436795763,0.5760274455676182,0
-1.0720802115217882,0.5757670283789196,0
-1.0727843793640002,0.575506611190221,0
-1.0727843793640002,0.575506611190221,0
-1.0725098881355972,0.5747594356324228,0
-1.0727843793640002,0.575506611190221,0
-1.0725098881355972,0.5747594356324228,0
-1.0741927150484294,0.5749857768128237,0
-1.074467238804388,0.5757328867102594,0
-1.075016286316309,0.5772271065051413,0
-1.0755653338282336,0.5787213263000179,0
-1.0751355921593024,0.5797290503672308,0
-1.0761143813401546,0.5802155460948981,0
-1.0759591146358467,0.5819704785500814,0
-1.0769379526080343,0.5824568757872157,0
-1.0772124763639983,0.5832039856846585,0
-1.0772124763639983,0.5832039856846585,0
-1.0755292916480226,0.5829783667681845,0
-1.0760782741048285,0.5844727178837772,0
-1.0763527653332314,0.5852198934415789,0
-1.0766272565616326,0.5859670689993699,0
-1.0769017477900338,0.586714244557168,0
-1.0763527653332314,0.5852198934415789,0
-1.0763527653332314,0.5852198934415789,0
-1.0766272565616326,0.5859670689993699,0
-1.0756483860618893,0.5854807374225892,0
-1.0749440067905471,0.5857415814036102,0
-1.073965185082141,0.5852551513362982,0
-1.0746695480897017,0.5849943401854585,0
-1.0750994361326427,0.5839863206466394,0
-1.0745504862033943,0.582491903870693,0
-1.0752548004196214,0.5822311912103899,0
-1.0747058179628173,0.5807368400947954,0
-1.0727483371837963,0.579763651658384,0
-1.0749803091912185,0.5814840156525936,0
-1.0755292916480226,0.5829783667681845,0
-1.0758037828764273,0.5837255423259826,0
-1.0756846071436659,0.5812233358224645,0
-1.0748610846671216,0.5789819076396121,0
-1.0740015362741495,0.5809974870947432,0
-1.0759591146358467,0.5819704785500814,0
-1.0772124763639983,0.5832039856846585,0
-1.0767826371123927,0.5842119067329357,0
-1.0772124763639983,0.5832039856846585,0
-1.0772124763639983,0.5832039856846585,0
-1.077487000119957,0.5839510955820959,0
-1.0765081296202101,0.5834647640053188,0
-1.0767826371123927,0.5842119067329357,0
-1.077487000119957,0.5839510955820959,0
-1.077487000119957,0.5839510955820959,0
-1.0765081296202101,0.5834647640053188,0
-1.0772124763639983,0.5832039856846585,0
-1.0765081296202101,0.5834647640053188,0
-1.0738461719871708,0.5827526165309962,0
-1.0738461719871708,0.5827526165309962,0
-1.0738461719871708,0.5827526165309962,0
-1.0742760112387728,0.581744695482719,0
-1.0749803091912185,0.5814840156525936,0
-1.0756846071436659,0.5812233358224645,0
-1.0756846071436659,0.5812233358224645,0
-1.0756846071436659,0.5812233358224645,0
-1.0763889050961133,0.5809626559923391,0
-1.0759591146358467,0.5819704785500814,0
-1.0750994361326427,0.5839863206466394,0
-1.075373911097266,0.5847335290346152,0
-1.0758037828764273,0.5837255423259826,0
-1.0765081296202101,0.5834647640053188,0
-1.0765081296202101,0.5834647640053188,0
-1.0752548004196214,0.5822311912103899,0
-1.0755292916480226,0.5829783667681845,0
-1.0748249611680194,0.5832391122586671,0
-1.0748249611680194,0.5832391122586671,0
-1.0748249611680194,0.5832391122586671,0
-1.0745504862033943,0.582491903870693,0
-1.0752548004196214,0.5822311912103899,0
-1.0752548004196214,0.5822311912103899,0
-1.0759591146358467,0.5819704785500814,0
-1.0759591146358467,0.5819704785500814,0
-1.0766634288520756,0.5817097658897783,0
-1.0759591146358467,0.5819704785500814,0
-1.0756846071436659,0.5812233358224645,0
-1.0747058179628173,0.5807368400947954,0
-1.0754100996514833,0.5804761930948494,0
-1.0749803091912185,0.5814840156525936,0
-1.0752548004196214,0.5822311912103899,0
-1.0748249611680194,0.5832391122586671,0
-1.0755292916480226,0.5829783667681845,0
-1.0755292916480226,0.5829783667681845,0
-1.0752548004196214,0.5822311912103899,0
-1.0755292916480226,0.5829783667681845,0
-1.0748249611680194,0.5832391122586671,0
-1.0748249611680194,0.5832391122586671,0
-1.0748249611680194,0.5832391122586671,0
-1.0748249611680194,0.5832391122586671,0
-1.0748249611680194,0.5832391122586671,0
-1.075373911097266,0.5847335290346152,0
-1.075373911097266,0.5847335290346152,0
-1.075373911097266,0.5847335290346152,0
-1.075373911097266,0.5847335290346152,0
-1.0759228610265126,0.586227945810565,0
-1.0763527653332314,0.5852198934415789,0
-1.0759228610265126,0.586227945810565,0
-1.075767382893078,0.5879833050580707,0
-1.0787041895576621,0.5894419058262645,0
-1.0771396763972962,0.59171951114884,0
-1.0802322376795637,0.591422194556495,0
-1.0828949597102273,0.592132799012429,0
-1.0830503402609821,0.5903776367459947,0
-1.0835995178831386,0.5918715938994481,0
-1.081055808947447,0.5936635242488126,0
-1.0835995178831386,0.5918715938994481,0
-1.0830503402609821,0.5903776367459947,0
-1.0823458146156284,0.590638776198622,0
-1.0823458146156284,0.590638776198622,0
-1.0823458146156284,0.590638776198622,0
-1.0833249290720612,0.5911246153227232,0
-1.0823458146156284,0.590638776198622,0
-1.082620387162926,0.5913857876055264,0
-1.082620387162926,0.5913857876055264,0
-1.082620387162926,0.5913857876055264,0
-1.0819158452537927,0.5916469598883243,0
-1.082620387162926,0.5913857876055264,0
-1.0828949597102273,0.592132799012429,0
-1.0828949597102273,0.592132799012429,0
-1.082620387162926,0.5913857876055264,0
-1.0833249290720612,0.5911246153227232,0
-1.0833249290720612,0.5911246153227232,0
-1.0833249290720612,0.5911246153227232,0
-1.0825011626388292,0.588883679592545,0
-1.0837548659063394,0.590116497293371,0
-1.0840294709811946,0.5908634430399182,0
-1.0840294709811946,0.5908634430399182,0
-1.0834802608314806,0.589369551546822,0
-1.0837548659063394,0.590116497293371,0
-1.0837548659063394,0.590116497293371,0
-1.0840294709811946,0.5908634430399182,0
-1.0840294709811946,0.5908634430399182,0
-1.0833249290720612,0.5911246153227232,0
-1.0833249290720612,0.5911246153227232,0
-1.0837548659063394,0.590116497293371,0
-1.0837548659063394,0.590116497293371,0
-1.0837548659063394,0.590116497293371,0
-1.0830503402609821,0.5903776367459947,0
-1.0833249290720612,0.5911246153227232,0
-1.0830503402609821,0.5903776367459947,0
-1.0835995178831386,0.5918715938994481,0
-1.082620387162926,0.5913857876055264,0
-1.082620387162926,0.5913857876055264,0
-1.0781186607434954,0.5922056129143662,0
-1.0812113033446593,0.5919081321711293,0
-1.0824649578208323,0.5931410483624902,0
-1.0844232843163706,0.5941125296296264,0
-1.0821904015373125,0.5923940041254099,0
-1.0817603833841396,0.5934022863056523,0
-1.082620387162926,0.5913857876055264,0
-1.0825011626388292,0.588883679592545,0
-1.0832056557566254,0.5886226058002784,0
-1.082226573827752,0.58813670101582,0
-1.082226573827752,0.58813670101582,0
-1.082226573827752,0.58813670101582,0
-1.082226573827752,0.58813670101582,0
-1.0819519850166746,0.5873897224390916,0
-1.0815220969737354,0.5883977419779072,0
-1.0817966695210313,0.5891447533848115,0
-1.0816412889702747,0.5908999156512422,0
-1.080817620119717,0.5886587829399943,0
-1.0825011626388292,0.588883679592545,0
-1.080817620119717,0.5886587829399943,0
-1.0825011626388292,0.588883679592545,0
-1.0825011626388292,0.588883679592545,0
-1.0832056557566254,0.5886226058002784,0
-1.0832056557566254,0.5886226058002784,0
-1.0832056557566254,0.5886226058002784,0
-1.0825011626388292,0.588883679592545,0
-1.0820712420683307,0.5898917647917177,0
-1.0830503402609821,0.5903776367459947,0
-1.0827757514499066,0.5896306581692699,0
-1.0830503402609821,0.5903776367459947,0
-1.0830503402609821,0.5903776367459947,0
-1.0841847702130565,0.5891084449243742,0
-1.0830503402609821,0.5903776367459947,0
-1.0830503402609821,0.5903776367459947,0
-1.0829310506817702,0.5878756600537294,0
-1.0827757514499066,0.5896306581692699,0
-1.0843040760560516,0.5916103887864672,0
-1.0850086342289647,0.5913491836734828,0
-1.0848532862057656,0.5931042802795634,0
-1.0846978731274497,0.594859508206353,0
-1.0867755217297628,0.5983329005053974,0
-1.0865009166549058,0.5975859547588485,0
-1.0877910199057652,0.5945610097275846,0
-1.0900243580706412,0.5962786159868063,0
-1.0880656737719612,0.5953078569835952,0
-1.0868117428115411,0.5940754989052675,0
-1.0873610180163737,0.5955692590776493,0
-1.0897496716768895,0.5955318343911493,0
-1.0904543436962584,0.5952703994669175,0
-1.0865371052091266,0.5933286188190721,0
-1.0837548659063394,0.590116497293371,0
-1.0821904015373125,0.5923940041254099,0
-1.0852832555675995,0.5920960965898541,0
-1.0854385547994667,0.59034109847431,0
-1.085832498244871,0.5935899224225913,0
-1.0884956593975748,0.59429964046371,0
-1.0917084535582458,0.596502396413289,0
-1.0897496716768895,0.5955318343911493,0
-1.0852470507496044,0.5963534653598064,0
-1.083956703542059,0.5993789028437444,0
-1.08536611263591,0.5988559016745718,0
-1.0846978731274497,0.594859508206353,0
-1.083874106694216,0.592618572476173,0
-1.0824649578208323,0.5931410483624902,0
-1.083874106694216,0.592618572476173,0
-1.0819158452537927,0.5916469598883243,0
-1.0847340128903262,0.590602270757115,0
-1.0845786811309104,0.5923573345330126,0
-1.0830140703878701,0.5946351368366578,0
-1.0837186773521204,0.5943738332331421,0
-1.083993249899418,0.59512084464005,0
-1.0838377392384277,0.5968762695479093,0
-1.0856771014303348,0.5953451175192068,0
-1.0854024963554778,0.5945981717726596,0
-1.0866563622607792,0.5958306611717017,0
-1.0852470507496044,0.5963534653598064,0
-1.0887703295275486,0.5950464548895482,0
-1.0929982640610838,0.5934780423252359,0
-1.0922936083054946,0.5937394444192865,0
-1.0904543436962584,0.5952703994669175,0
-1.0912784516688525,0.5975106457633483,0
-1.0914337346369365,0.5957556804779891,0
-1.0905737308581465,0.5977721791781168,0
-1.0921025596414502,0.5997508920597792,0
-1.092687893290261,0.5969875789338204,0
-1.0924131581051721,0.5962408958287018,0
-1.0935120988455331,0.5992276282491815,0
-1.0936673655498392,0.5974726957939964,0
-1.092687893290261,0.5969875789338204,0
-1.0921025596414502,0.5997508920597792,0
-1.0919831724795568,0.597249112348587,0
-1.092257891400866,0.5979958282838851,0
-1.093082048164801,0.6002359760897829,0
-1.092687893290261,0.5969875789338204,0
-1.092687893290261,0.5969875789338204,0
-1.0923772622989816,0.6004976408252567,0
-1.0929626284753517,0.5977342620389408,0
-1.0932373636604424,0.5984809451440629,0
-1.093082048164801,0.6002359760897829,0
-1.0933926141009689,0.5967260455190555,0
-1.0929626284753517,0.5977342620389408,0
-1.0924131581051721,0.5962408958287018,0
-1.0924131581051721,0.5962408958287018,0
-1.0940973349116767,0.5964645121042871,0
-1.0936673655498392,0.5974726957939964,0
-1.0938225671990285,0.5957178946595256,0
-1.0952319762928795,0.5951948934903548,0
-1.0936673655498392,0.5974726957939964,0
-1.0949571760526737,0.594448341705947,0
-1.0925683597543632,0.5944860946942292,0
-1.0929626284753517,0.5977342620389408,0
-1.0935477994863803,0.5949712772147624,0
-1.092687893290261,0.5969875789338204,0
-1.0928431112032317,0.5952327449691737,0
-1.0942524877695252,0.5947098094603547,0
-1.092687893290261,0.5969875789338204,0
-1.0914337346369365,0.5957556804779891,0
-1.0914337346369365,0.5957556804779891,0
-1.0919831724795568,0.597249112348587,0
-1.0921384229200815,0.5954942127235796,0
-1.092687893290261,0.5969875789338204,0
-1.092687893290261,0.5969875789338204,0
-1.0938225671990285,0.5957178946595256,0
-1.0931178626521003,0.5959793952441146,0
-1.0935477994863803,0.5949712772147624,0
-1.0938225671990285,0.5957178946595256,0
-1.0940973349116767,0.5964645121042871,0
-1.0938225671990285,0.5957178946595256,0
-1.0952319762928795,0.5951948934903548,0
-1.094802055722381,0.596202978689524,0
-1.0938225671990285,0.5957178946595256,0
-1.0959366808398059,0.5949333929057659,0
-1.0964863138477767,0.5964264308142226,0
-1.0963665526189654,0.593925406197128,0
-1.0955067765330853,0.5959414452747591,0
-1.0931178626521003,0.5959793952441146,0
-1.0935477994863803,0.5949712772147624,0
-1.096761130351764,0.597172949768451,0
-1.0949571760526737,0.594448341705947,0
-1.0962114973437913,0.5956799118599942,0
-1.0956618643358187,0.5941868739515392,0
-1.094802055722381,0.596202978689524,0
-1.0964863138477767,0.5964264308142226,0
-1.094527271745953,0.5954563940749384,0
-1.094132775332051,0.5922086863527234,0
-1.0929982640610838,0.5934780423252359,0
-1.0934281358402416,0.592470055616598,0
-1.096951333299291,0.5911632092972283,0
-1.096951333299291,0.5911632092972283,0
-1.096951333299291,0.5911632092972283,0
-1.095971844775935,0.5906781252672317,0
-1.0966764680039667,0.5904167888335383,0
-1.0980857144600265,0.5898941159661497,0
-1.0978108166371445,0.5891477611628115,0
-1.0975359188142626,0.5884014063594769,0
-1.0985154236013948,0.588886457559294,0
-1.0976559727910988,0.5909018400333554,0
-1.0952672215479033,0.5909394617009305,0
-1.0945625983198735,0.5912007981346239,0
-1.0956618643358187,0.5941868739515392,0
-1.0952319762928795,0.5951948934903548,0
-1.0956618643358187,0.5941868739515392,0
-1.0967963918705692,0.5929174851488455,0
-1.0965215428390245,0.5921710318549742,0
-1.0976559727910988,0.5909018400333554,0
-1.0975359188142626,0.5884014063594769,0
-1.0979655954280734,0.5873938136129784,0
-1.0993747443014588,0.5868713377266594,0
-1.100629244494149,0.5881025467487451,0
-1.100629244494149,0.5881025467487451,0
-1.099494960916088,0.5893714430987576,0
-1.1018492638294362,0.59358764454187,0
-1.1029490502863162,0.5965726697930744,0
-1.102794125121374,0.5983269128145103,0
-1.102794125121374,0.5983269128145103,0
-1.1034989435147544,0.5980651824186758,0
-1.1034989435147544,0.5980651824186758,0
-1.1042037619081349,0.5978034520228395,0
-1.1034989435147544,0.5980651824186758,0
-1.1030690554718134,0.5990732019574914,0
-1.1030690554718134,0.5990732019574914,0
-1.1037738901289735,0.5988114387314809,0
-1.1037738901289735,0.5988114387314809,0
-1.1044787247861336,0.5985496755054669,0
-1.1044787247861336,0.5985496755054669,0
-1.1019693340700538,0.5960880453855708,0
-1.1042037619081349,0.5978034520228395,0
-1.1056133986948975,0.5972799912311668,0
-1.1056133986948975,0.5972799912311668,0
-1.1063182170882797,0.5970182608353287,0
-1.1065932287576157,0.5977643858274195,0
-1.1068682404269516,0.5985105108195086,0
-1.1065932287576157,0.5977643858274195,0
-1.1046336011597404,0.5967955309745605,0
-1.1033788732741385,0.5955647815749714,0
-1.1058883941004556,0.5980261490534353,0
-1.1029490502863162,0.5965726697930744,0
-1.101659386157495,0.5995967284095212,0
-1.102639134901315,0.6000812871566623,0
-1.1023642208146551,0.5993349651835072,0
-1.101384488334613,0.598850373606183,0
-1.1044787247861336,0.5985496755054669,0
-1.1047884124782268,0.5950415177643702,0
-1.1056133986948975,0.5972799912311668,0
-1.1065932287576157,0.5977643858274195,0
-1.10549318208027,0.5947798858590687,0
-1.106472979615429,0.5952643461156768,0
-1.1074528096781453,0.5957487407119295,0
-1.107882551347073,0.5947410166447202,0
-1.1087419371022538,0.5927257654913696,0
-1.1091374906617997,0.5959713392519888,0
-1.1060432054189437,0.596272135843245,0
-1.1042037619081349,0.5978034520228395,0
-1.1077278538750406,0.5964948000436596,0
-1.107882551347073,0.5947410166447202,0
-1.107882551347073,0.5947410166447202,0
-1.105768193749606,0.595526010851156,0
-1.1040836428761835,0.5953031496696717,0
-1.105063407883783,0.5957876755866351,0
-1.1067480075485445,0.5960104382775846,0
-1.1040836428761835,0.5953031496696717,0
-1.1045134170726687,0.5942953599421053,0
-1.1074528096781453,0.5957487407119295,0
-1.1052181704109323,0.5940337608669815,0
-1.1052181704109323,0.5940337608669815,0
-1.108432672268421,0.5962330696478233,0
-1.1061979516823133,0.594518253953769,0
-1.1061979516823133,0.594518253953769,0
-1.108587337212894,0.5944793519092393,0
-1.1061979516823133,0.594518253953769,0
-1.1077278538750406,0.5964948000436596,0
-1.1109768203261527,0.5944402528836434,0
-1.1108561971170445,0.5919409682660035,0
-1.1104265692945745,0.5929484625219654,0
-1.112386424585356,0.5939168577523244,0
-1.1108561971170445,0.5919409682660035,0
-1.110151443778781,0.5922025673411273,0
-1.1130912267149586,0.5936551601866675,0
-1.1108561971170445,0.5919409682660035,0
-1.110151443778781,0.5922025673411273,0
-1.1132456477027421,0.5919019349007648,0
-1.1155142148588677,0.5893641422007345,0
-1.1149304100052966,0.5921243692899303,0
-1.1145008309741637,0.5931317650553538,0
-1.1135208382736508,0.5926476987608886,0
-1.1132456477027421,0.5919019349007648,0
-1.113950417304789,0.5916403029954633,0
-1.1166484008542525,0.5880954428317953,0
-1.1150847171466296,0.5903713738152696,0
-1.113950417304789,0.5916403029954633,0
-1.1150847171466296,0.5903713738152696,0
-1.1166484008542525,0.5880954428317953,0
-1.1167694957129601,0.5905937753742592,0
-1.1204473743802605,0.5875331784861313,0
-1.1204473743802605,0.5875331784861313,0
-1.1197426373057766,0.5877947447310756,0
-1.1181790349170448,0.5900705115636562,0
-1.1173200394925669,0.5920849747927264,0
-1.120811049287079,0.5950273881892407,0
-1.1194012823900827,0.595551111622342,0
-1.1160313023991613,0.5951071620890005,0
-1.1198308614212173,0.5945437158569149,0
-1.1206567746733036,0.5967803180035425,8
-1.1172866320445927,0.5963366967719903,8
-1.1160313023991613,0.5951071620890005,8
-1.1145008309741637,0.5931317650553538,8
-1.1142256241394755,0.5923860340254095,8
-1.1145342384221397,0.5888800430760917,8
-1.1132456477027421,0.5919019349007648,8
-1.111956764235325,0.5949244176686435,8
-1.1090170300904862,0.5934717263325631,8
-1.110547127448564,0.5954478784603161,8
-1.1120773223893181,0.5974238336069995,8
-1.1120773223893181,0.5974238336069995,8
-1.1120773223893181,0.5974238336069995,8
-1.1116475644566108,0.5984315905043864,8
-1.1089827931897673,0.5977251226509281,8
-1.1127821895740357,0.5971620047206265,8
-1.11462160055728,0.5956307542013874,8
-1.11462160055728,0.5956307542013874,8
-1.1150512446435368,0.5946232271152496,8
-1.1153264514782233,0.595368958145194,8
-1.1156016583129116,0.5961146891751454,8
-1.1160313023991613,0.5951071620890005,8
-1.1160313023991613,0.5951071620890005,8
-1.1220666066254168,0.5962564632497305,8
-1.1179915154930882,0.5960748350554397,8
-1.1170113926823468,0.5955910314023996,8
-1.1170113926823468,0.5955910314023996,8
-1.1170113926823468,0.5955910314023996,8
-1.1170113926823468,0.5955910314023996,8
-1.1170113926823468,0.5955910314023996,8
-1.1170113926823468,0.5955910314023996,8
-1.1170113926823468,0.5955910314023996,8
-1.1170113926823468,0.5955910314023996,8
-1.1170113926823468,0.5955910314023996,8
-1.1177162598670627,0.5953292025160284,8
-1.1177162598670627,0.5953292025160284,8
-1.1177162598670627,0.5953292025160284,8
-1.1177162598670627,0.5953292025160284,8
-1.118421127051782,0.5950673736296608,8
-1.120811049287079,0.5950273881892407,8
-1.125040349978061,0.5934562178899476,8
-1.1266040662132468,0.5911802212461126,8
-1.1260531321029408,0.5896898097519276,8
-1.1278920714365892,0.5881595113078646,8
-1.1278920714365892,0.5881595113078646,8
-1.1278920714365892,0.5881595113078646,8
-1.1285968735661918,0.587897813742206,8
-1.1278920714365892,0.5881595113078646,8
-1.1288724056764625,0.5886428881685823,8
-1.1278920714365892,0.5881595113078646,8
-1.1276165555900999,0.587414404051307,8
-1.1285968735661918,0.587897813742206,8
-1.1278920714365892,0.5881595113078646,8
-1.1293016756957943,0.5876361161765473,8
-1.128321341455921,0.587152739315826,8
-1.1278920714365892,0.5881595113078646,8
-1.1285968735661918,0.587897813742206,8
-1.1285968735661918,0.587897813742206,8
-1.1285968735661918,0.587897813742206,8
-1.1285968735661918,0.587897813742206,8
-1.1285968735661918,0.587897813742206,8
-1.1273410397436088,0.5866692967947493,8
-1.1278920714365892,0.5881595113078646,8
-1.1295772240698447,0.588381157772746,8
-1.1294234698970023,0.5901330370213387,8
-1.1278920714365892,0.5881595113078646,8
-1.1278920714365892,0.5881595113078646,8
-1.1274627688897016,0.589166348960255,8
-1.1285968735661918,0.587897813742206,8
-1.1288724056764625,0.5886428881685823,8
-1.128167587283082,0.5889046185644204,8
-1.1285968735661918,0.587897813742206,8
-1.1295772240698447,0.588381157772746,8
-1.1293016756957943,0.5876361161765473,8
-1.1288724056764625,0.5886428881685823,8
-1.1278920714365892,0.5881595113078646,8
-1.1278920714365892,0.5881595113078646,8
-1.126328599158093,0.5904350154990219,8
-1.1261746660836849,0.5921872558795762,8
-1.1264501168750591,0.5929324944568481,8
-1.1267255676664334,0.5936777330341183,8
-1.1264501168750591,0.5929324944568481,8
-1.1267255676664334,0.5936777330341183,8
-1.1264501168750591,0.5929324944568481,8
-1.1267255676664334,0.5936777330341183,8
-1.1267255676664334,0.5936777330341183,8
-1.1264501168750591,0.5929324944568481,8
-1.1257452334265619,0.5931943561733952,8
-1.1264501168750591,0.5929324944568481,8
-1.1257452334265619,0.5931943561733952,8
-1.1261746660836849,0.5921872558795762,8
-1.1257776650477869,0.5889446040048334,8
-1.1224076525293043,0.5885007201318544,8
-1.1190379002312927,0.5880563109760164,8
-1.1200179905144765,0.5885401802894155,8
-1.1194672840970767,0.587049309172734,8
-1.1201720049077828,0.5867877757579691,8
-1.1201720049077828,0.5867877757579691,8
-1.119896635435305,0.5860423730298052,8
-1.1180578424756664,0.5875723760022638,8
-1.1180578424756664,0.5875723760022638,8
-1.1180578424756664,0.5875723760022638,8
-1.1197426373057766,0.5877947447310756,8
-1.1194344458813728,0.5912998820957505,8
-1.119709766562515,0.5920453833144474,8
-1.1194344458813728,0.5912998820957505,8
-1.1191591252002322,0.5905543808770535,8
-1.1191591252002322,0.5905543808770535,8
-1.1188838045190899,0.5898088796583565,8
-1.1188838045190899,0.5898088796583565,8
-1.1174742653150034,0.5903321434689577,8
-1.1181790349170448,0.5900705115636562,8
-1.1181790349170448,0.5900705115636562,8
-1.1179037304996822,0.5893249775147815,8
-1.1179037304996822,0.5893249775147815,8
-1.116494223823155,0.5898481756650273,8
-1.116494223823155,0.5898481756650273,8
-1.1159436800435483,0.5883569762465619,8
-1.1166484008542525,0.5880954428317953,8
-1.1149637036068185,0.5878728771219137,8
-1.115668408153745,0.5876113765373283,8
-1.1159436800435483,0.5883569762465619,8
-1.1166484008542525,0.5880954428317953,8
-1.1142256241394755,0.5923860340254095,8
-1.113950417304789,0.5916403029954633,8
-1.1167694957129601,0.5905937753742592,8
-1.1132456477027421,0.5919019349007648,8
-1.1128160524078297,0.592909363496366,8
-1.1128160524078297,0.592909363496366,8
-1.1125408781007007,0.592163566806061,8
-1.1132456477027421,0.5919019349007648,8
-1.1136752104701007,0.5908945719655154,8
-1.1146551869068304,0.5913786710901618,8
-1.1149304100052966,0.5921243692899303,8
-1.1170447676027635,0.5913393750834928,8
-1.1184543393344075,0.5908160456125344,8
-1.1181790349170448,0.5900705115636562,8
-1.1181790349170448,0.5900705115636562,8
-1.1181790349170448,0.5900705115636562,8
-1.1171989771614186,0.5895865765899035,8
-1.1179037304996822,0.5893249775147815,8
-1.1212734827976973,0.589769386670616,8
-1.1252267309374808,0.5874541925106485,8
-1.1271872693069884,0.5884212088735215,8
-1.1276165555900999,0.587414404051307,8
-1.1276165555900999,0.587414404051307,8
-1.1278920714365892,0.5881595113078646,8
-1.126911769724277,0.5876760687867879,8
-1.1278920714365892,0.5881595113078646,8
-1.1278920714365892,0.5881595113078646,8
-1.1278920714365892,0.5881595113078646,8
-1.1260531321029408,0.5896898097519276,8
-1.1258992152923089,0.5914420173023061,8
-1.1264501168750591,0.5929324944568481,8
-1.1254697988989673,0.5924490847659492,8
-1.1264501168750591,0.5929324944568481,8
-1.1264501168750591,0.5929324944568481,8
-1.1264501168750591,0.5929324944568481,8
-1.1264501168750591,0.5929324944568481,8
-1.1261746660836849,0.5921872558795762,8
-1.1264501168750591,0.5929324944568481,8
-1.1257452334265619,0.5931943561733952,8
-1.1258992152923089,0.5914420173023061,8
-1.1256237645009346,0.5906967787250359,8
-1.1264501168750591,0.5929324944568481,8
-1.1257452334265619,0.5931943561733952,8
-1.1270010184578094,0.5944229716113867,8
-1.1270010184578094,0.5944229716113867,8
-1.1265715370093474,0.5954301703957441,8
-1.1261746660836849,0.5921872558795762,8
-1.1258992152923089,0.5914420173023061,8
-1.1278920714365892,0.5881595113078646,8
-1.128167587283082,0.5889046185644204,8
-1.1274627688897016,0.589166348960255,8
-1.128167587283082,0.5889046185644204,8
-1.127738268472413,0.5899114890469956,8
-1.1274627688897016,0.589166348960255,8
-1.128167587283082,0.5889046185644204,8
-1.1274627688897016,0.589166348960255,8
-1.1274627688897016,0.589166348960255,8
-1.1278920714365892,0.5881595113078646,8
-1.1258992152923089,0.5914420173023061,8
-1.1267255676664334,0.5936777330341183,8
-1.1265715370093474,0.5954301703957441,8
-1.1265715370093474,0.5954301703957441,8
-1.1270010184578094,0.5944229716113867,8
-1.127276469249182,0.5951682101886568,8
-1.1265715370093474,0.5954301703957441,8
-1.1264501168750591,0.5929324944568481,8
-1.1262961024817528,0.5946848989882945,8
-1.1257452334265619,0.5931943561733952,8
-1.1280137680551245,0.5906566291337256,8
-1.1271872693069884,0.5884212088735215,8
-1.128167587283082,0.5889046185644204,8
-1.128167587283082,0.5889046185644204,8
-1.1274627688897016,0.589166348960255,8
-1.1284431031295732,0.5896497258209781,8
-1.1284431031295732,0.5896497258209781,8
-1.1284431031295732,0.5896497258209781,8
-1.1284431031295732,0.5896497258209781,8
-1.128167587283082,0.5889046185644204,8
-1.128167587283082,0.5889046185644204,8
-1.128167587283082,0.5889046185644204,8
-1.1291479377867333,0.5893879625949641,8
-1.128167587283082,0.5889046185644204,8
-1.128167587283082,0.5889046185644204,8
-1.128167587283082,0.5889046185644204,8
-1.127738268472413,0.5899114890469956,8
-1.1274627688897016,0.589166348960255,8
-1.1274627688897016,0.589166348960255,8
-1.1274627688897016,0.589166348960255,8
-1.1274627688897016,0.589166348960255,8
-1.1274627688897016,0.589166348960255,8
-1.1291479377867333,0.5893879625949641,8
-1.1274627688897016,0.589166348960255,8
-1.1274627688897016,0.589166348960255,8
-1.128167587283082,0.5889046185644204,8
-1.1274627688897016,0.589166348960255,8
-1.127738268472413,0.5899114890469956,8
-1.1274627688897016,0.589166348960255,8
-1.128167587283082,0.5889046185644204,8
-1.128167587283082,0.5889046185644204,8
-1.127738268472413,0.5899114890469956,8
-1.0790667320860035,0.6122340332410179,8
-1.0790667320860035,0.6122340332410179,8
-1.0761290959686836,0.6107771068119234,8
-1.0756985085832333,0.6117865380484133,8
-1.0756985085832333,0.6117865380484133,8
-1.0756985085832333,0.6117865380484133,8
-1.0764033920317342,0.6115246763318609,8
-1.0764033920317342,0.6115246763318609,8
-1.0764033920317342,0.6115246763318609,8
-1.0764033920317342,0.6115246763318609,8
-1.0771082754802297,0.6112628146153103,8
-1.0766776880947866,0.6122722458517966,8
-1.0764033920317342,0.6115246763318609,8
-1.0764033920317342,0.6115246763318609,8
-1.0764033920317342,0.6115246763318609,8
-1.075972788382506,0.6125341403985249,8
-1.0790667320860035,0.6122340332410179,8
-1.0790667320860035,0.6122340332410179,8
-1.081025318802011,0.6132049892252951,8
-1.0804765640381149,0.6117101784872023,8
-1.07977164806206,0.6119721058641101,8
-1.0804765640381149,0.6117101784872023,8
-1.080750941420062,0.6124575838562478,8
-1.0814558736598965,0.6121956236491641,8
-1.0804765640381149,0.6117101784872023,8
-1.080750941420062,0.6124575838562478,8
-1.079341076940393,0.6129815042704205,8
-1.0787923872316139,0.611486562211617,8
-1.0804765640381149,0.6117101784872023,8
-1.0785180423772243,0.6107390911822144,8
-1.0800460091802275,0.6127195440633351,8
-1.079341076940393,0.6129815042704205,8
-1.0804765640381149,0.6117101784872023,8
-1.0802021866561677,0.6109627731181568,8
-1.0804765640381149,0.6117101784872023,8
-1.0790667320860035,0.6122340332410179,8
-1.0800460091802275,0.6127195440633351,8
-1.0800460091802275,0.6127195440633351,8
-1.0800460091802275,0.6127195440633351,8
-1.0800460091802275,0.6127195440633351,8
-1.0803203702983968,0.6134669822625582,8
-1.081025318802011,0.6132049892252951,8
-1.0800460091802275,0.6127195440633351,8
-1.0814558736598965,0.6121956236491641,8
-1.080750941420062,0.6124575838562478,8
-1.0818863959902298,0.6111863237333903,8
-1.0800460091802275,0.6127195440633351,8
-1.07977164806206,0.6119721058641101,8
-1.081025318802011,0.6132049892252951,8
-1.0804765640381149,0.6117101784872023,8
-1.0811814800141715,0.6114482511102981,8
-1.0814558736598965,0.6121956236491641,8
-1.0804765640381149,0.6117101784872023,8
-1.0800460091802275,0.6127195440633351,8
-1.0804765640381149,0.6117101784872023,8
-1.07977164806206,0.6119721058641101,8
-1.081730267305625,0.6129429961880319,8
-1.0794972869438908,0.6112246676648887,8
-1.0800460091802275,0.6127195440633351,8
-1.081025318802011,0.6132049892252951,8
-1.080750941420062,0.6124575838562478,8
-1.0803203702983968,0.6134669822625582,8
-1.0800460091802275,0.6127195440633351,8
-1.0803203702983968,0.6134669822625582,8
-1.07977164806206,0.6119721058641101,8
-1.0766776880947866,0.6122722458517966,8
-1.0764033920317342,0.6115246763318609,8
-1.0790667320860035,0.6122340332410179,8
-1.0811814800141715,0.6114482511102981,8
-1.07977164806206,0.6119721058641101,8
-1.07977164806206,0.6119721058641101,8
-1.0790667320860035,0.6122340332410179,8
-1.0764033920317342,0.6115246763318609,8
-1.0764033920317342,0.6115246763318609,8
-1.0764033920317342,0.6115246763318609,8
-1.0764033920317342,0.6115246763318609,8
-1.0756985085832333,0.6117865380484133,8
-1.0764033920317342,0.6115246763318609,8
-1.0764033920317342,0.6115246763318609,8
-1.0764033920317342,0.6115246763318609,8
-1.073465999871095,0.610067257450094,8
-1.0710772974192402,0.6101047806271254,8
-1.0695499323760682,0.6081231130294,8
-1.0697063050173572,0.6063659481220895,8
-1.0691579080566047,0.6048704151200717,8
-1.0688837095762267,0.6041226486190627,8
-1.0691579080566047,0.6048704151200717,8
-1.0698626126035276,0.6046089145354845,8
-1.068727385726275,0.6058797150358437,8
-1.0697063050173572,0.6063659481220895,8
-1.0697063050173572,0.6063659481220895,8
-1.0683353126154742,0.6026271156170502,8
-1.0687657536269022,0.601617979852163,8
-1.0687657536269022,0.601617979852163,8
-1.0682173241385922,0.6001225125105059,8
-1.0687657536269022,0.601617979852163,8
-1.0693141831152175,0.6031134471938273,8
-1.0686095110958505,0.6033748821180573,8
-1.0686095110958505,0.6033748821180573,8
-1.0683353126154742,0.6026271156170502,8
-1.128167587283082,0.5889046185644204,8
-1.1278920714365892,0.5881595113078646,8
-1.128321341455921,0.587152739315826,8
-1.1285968735661918,0.587897813742206,8
-1.1298527724438951,0.5891261993689483,8
-1.1295772240698447,0.588381157772746,8
-1.1285968735661918,0.587897813742206,8
-1.1285968735661918,0.587897813742206,8
-1.1285968735661918,0.587897813742206,8
-1.1259315005395223,0.5871925606053487,8
-1.1235417572057962,0.5872321849138036,8
-1.1231124221313475,0.5882390882265547,8
-1.1221322505292655,0.5877553830640458,8
-1.1221322505292655,0.5877553830640458,8
-1.122837003867529,0.5874937839889292,8
-1.1229584565293802,0.5899913942674644,8
-1.123938676922796,0.5904750009394348,8
-1.123938676922796,0.5904750009394348,8
-1.123663258658981,0.5897296967018075,8
-1.123663258658981,0.5897296967018075,8
-1.126328599158093,0.5904350154990219,8
-1.1271550003235564,0.5926706327402975,8
-1.1271550003235564,0.5926706327402975,8
-1.1264501168750591,0.5929324944568481,8
-1.126328599158093,0.5904350154990219,8
-1.1257776650477869,0.5889446040048334,8
-1.122837003867529,0.5874937839889292,8
-1.122837003867529,0.5874937839889292,8
-1.122561585603714,0.5867484797513001,8
-1.1221322505292655,0.5877553830640458,8
-1.123938676922796,0.5904750009394348,8
-1.1264501168750591,0.5929324944568481,8
-1.1274304673787103,0.5934158384873882,8
-1.1264501168750591,0.5929324944568481,8
-1.1267255676664334,0.5936777330341183,8
-1.1270010184578094,0.5944229716113867,8
-1.1264501168750591,0.5929324944568481,8
-1.1270010184578094,0.5944229716113867,8
-1.1264501168750591,0.5929324944568481,8
-1.1264501168750591,0.5929324944568481,8
-1.1267255676664334,0.5936777330341183,8
-1.1249189298437745,0.5909585419510499,8
-1.1243680607885853,0.5894679991361489,8
-1.123663258658981,0.5897296967018075,8
-1.123663258658981,0.5897296967018075,8
-1.1235092605294525,0.5914820684030762,8
-1.1235092605294525,0.5914820684030762,8
-1.1237846625294896,0.5922274054708794,8
-1.1242140951866126,0.5912203051770639,8
-1.1242140951866126,0.5912203051770639,8
-1.1258992152923089,0.5914420173023061,8
-1.1258992152923089,0.5914420173023061,8
-1.1266040662132468,0.5911802212461126,8
-1.1256237645009346,0.5906967787250359,8
-1.1256237645009346,0.5906967787250359,8
-1.1253483137095586,0.5899515401477622,8
-1.125072862918186,0.589206301570492,8
-1.1257776650477869,0.5889446040048334,8
-1.128167587283082,0.5889046185644204,8
-1.1288724056764625,0.5886428881685823,8
-1.1288724056764625,0.5886428881685823,8
-1.1298527724438951,0.5891261993689483,8
-1.1288724056764625,0.5886428881685823,8
-1.1295772240698447,0.588381157772746,8
-1.1288724056764625,0.5886428881685823,8
-1.1288724056764625,0.5886428881685823,8
-1.1295772240698447,0.588381157772746,8
-1.1285968735661918,0.587897813742206,8
-1.1288724056764625,0.5886428881685823,8
-1.1288724056764625,0.5886428881685823,8
-1.1288724056764625,0.5886428881685823,8
-1.1288724056764625,0.5886428881685823,8
-1.1288724056764625,0.5886428881685823,8
-1.1285968735661918,0.587897813742206,8
-1.128167587283082,0.5889046185644204,8
-1.1285968735661918,0.587897813742206,8
-1.1295772240698447,0.588381157772746,8
-1.1295772240698447,0.588381157772746,8
-1.1295772240698447,0.588381157772746,8
-1.1288724056764625,0.5886428881685823,8
-1.1278920714365892,0.5881595113078646,8
-1.1285968735661918,0.587897813742206,8
-1.1285968735661918,0.587897813742206,8
-1.1285968735661918,0.587897813742206,8
-1.1284431031295732,0.5896497258209781,8
-1.1278920714365892,0.5881595113078646,8
-1.128321341455921,0.587152739315826,8
-1.1259315005395223,0.5871925606053487,8
-1.126911769724277,0.5876760687867879,8
-1.1263607705588505,0.5861857886133173,8
-1.1263607705588505,0.5861857886133173,8
-1.128321341455921,0.587152739315826,8
-1.1278920714365892,0.5881595113078646,8
-1.1278920714365892,0.5881595113078646,8
-1.1278920714365892,0.5881595113078646,8
-1.1257776650477869,0.5889446040048334,8
-1.1257776650477869,0.5889446040048334,8
-1.1238171917333943,0.587977456321255,8
-1.1264824671773876,0.5886829064391765,8
-1.1278920714365892,0.5881595113078646,8
-1.1206013399822297,0.585780872445218,8
-1.121030642529119,0.5847740347928259,8
-1.1196212659628255,0.5852969703016448,8
-1.1196212659628255,0.5852969703016448,8
-1.1221645845678214,0.5835058278765608,8
-1.1253805339016552,0.5857022147715227,8
-1.1258097713934276,0.5846955084398449,0
-1.1278920714365892,0.5881595113078646,0
-1.1278920714365892,0.5881595113078646,0
-1.1278920714365892,0.5881595113078646,0
-1.1256560172205887,0.5864473876884375,0
-1.1238171917333943,0.587977456321255,0
-1.1238171917333943,0.587977456321255,0
-1.122990888150607,0.5857416420989061,0
-1.119896635435305,0.5860423730298052,0
-1.1182118893965303,0.5858199058104603,0
-1.116802512830235,0.5863428413192793,0
-1.1151178643741382,0.5861201771188647,0
-1.114258999059894,0.5881343777065009,0
-1.1130038483160352,0.586904481891553,0
-1.1125743831313564,0.5879116478457327,0
-1.1118696948482043,0.5881731156001386,0
-1.1152389592328422,0.5886185096613232,0
-1.1152389592328422,0.5886185096613232,0
-1.113829517611432,0.5891415764908565,0
-1.1128495899660429,0.588657378875677,0
-1.1118696948482043,0.5881731156001386,0
-1.1100643093365452,0.5854513965933332,0
-1.1097891350294162,0.5847055999030264,0
-1.1097891350294162,0.5847055999030264,0
-1.108379921100914,0.5852282071100614,0
-1.106541193196394,0.5867580787618074,0
-1.1054070072010056,0.5880267781307502,0
-1.1025884492337674,0.5890722551862417,0
-1.1011791702501466,0.589594993713991,0
-1.1018838097419597,0.5893336244501164,0
-1.1011791702501466,0.589594993713991,0
-1.099065251774718,0.5903791015056132,0
-1.0978108166371445,0.5891477611628115,0
-1.0989451002152073,0.587878864812799,0
-1.099494960916088,0.5893714430987576,0
-1.100199584144118,0.5891101066650659,0
-1.0992200305656468,0.5886251539557765,0
-1.0985154236013948,0.588886457559294,0
-1.100199584144118,0.5891101066650659,0
-1.0999246375298988,0.5883638503522626,0
-1.100629244494149,0.5881025467487451,0
-1.100629244494149,0.5881025467487451,0
-1.0985154236013948,0.588886457559294,0
-1.100474530758337,0.5898563629778639,0
-1.0983606122829084,0.5906404707694861,0
-1.096951333299291,0.5911632092972283,0
-1.0972261985946155,0.5919096297609237,0
-1.0976559727910988,0.5909018400333554,0
-1.096951333299291,0.5911632092972283,0
-1.0997698912665275,0.5901177322417386,0
-1.0978108166371445,0.5891477611628115,0
-1.0976559727910988,0.5909018400333554,0
-1.0983606122829084,0.5906404707694861,0
-1.0992200305656468,0.5886251539557765,0
-1.0999246375298988,0.5883638503522626,0
-1.0987903376880581,0.5896327795324545,0
-1.0992200305656468,0.5886251539557765,0
-1.0992200305656468,0.5886251539557765,0
-1.100199584144118,0.5891101066650659,0
-1.099494960916088,0.5893714430987576,0
-1.0980857144600265,0.5898941159661497,0
-1.0979308543502029,0.5916482276668731,0
-1.0979308543502029,0.5916482276668731,0
-1.0986355101057939,0.5913868255728225,0
-1.0993401658613813,0.5911254234787702,0
-1.100904207372146,0.588848770231369,0
-1.1011791702501466,0.589594993713991,0
-1.100474530758337,0.5898563629778639,0
-1.100474530758337,0.5898563629778639,0
-1.0983606122829084,0.5906404707694861,0
-1.0960917198512004,0.5931789200730773,0
-1.094527271745953,0.5954563940749384,0
-1.0931178626521003,0.5959793952441146,0
-1.0924131581051721,0.5962408958287018,0
-1.0917084535582458,0.596502396413289,0
-1.0928431112032317,0.5952327449691737,0
-1.093273031773732,0.5942246597699974,0
-1.0939777037930973,0.5939632248457656,0
-1.093273031773732,0.5942246597699974,0
-1.093273031773732,0.5942246597699974,0
-1.0911590157156237,0.5950089645426893,0
-1.089869010047444,0.5980337125928834,0
-1.0905375585677088,0.6020294822877048,0
-1.088423152178903,0.6028145749846789,0
-1.0870135479196996,0.603337970115998,0
-1.0871324146406547,0.6058408003929028,0
-1.0872511837789354,0.608343827650879,0
-1.0861158918465623,0.6096147594719525,0
-1.0851364846421045,0.6091295112910657,0
-1.0848619934137034,0.6083823357332676,0
-1.083882635000581,0.6078969890618406,0
-1.084157109965206,0.6086441974498165,0
-1.0859972365547392,0.6071115024027307,0
-1.084468846893472,0.6051319031062441,0
-1.0831777678158634,0.6081588179482118,0
-1.0831777678158634,0.6081588179482118,0
-1.0848619934137034,0.6083823357332676,0
-1.0865462840666602,0.6086057221976091,0
-1.0870953315785812,0.6100999419924875,0
-1.0860784347175674,0.6138746561656401,0
-1.086352909682189,0.6146218645536159,0
-1.088193426602425,0.6130883815822461,0
-1.0891729639171146,0.6135733671217061,0
-1.0897592733926817,0.6108080841850416,0
-1.0900338459399812,0.6115550955919478,0
-1.0893288649088078,0.6118171542895645,0
-1.0888984238973762,0.6128262900544446,0
-1.0891729639171146,0.6135733671217061,0
-1.0897220439565949,0.6150675212562291,0
-1.0897220439565949,0.6150675212562291,0
-1.0914067086764714,0.6152901526264678,0
-1.0908202040355555,0.6180558295252716,0
-1.0917998714604806,0.6185405524233119,0
-1.0898405691381878,0.6175710409668831,0
-1.091369284075034,0.6195499836597982,0
-1.0928980965945563,0.6215287293716418,0
-1.091369284075034,0.6195499836597982,0
-1.093447209161594,0.6230228178458077,0
-1.093172652878076,0.6222757736087274,0
-1.094427006696753,0.6235072781024176,0
-1.0928980965945563,0.6215287293716418,0
-1.091369284075034,0.6195499836597982,0
-1.0909386641620316,0.6205594805566417,0
-1.0912131879179903,0.6213065904540827,0
-1.0919183641145143,0.6210441377943212,0
-1.0923489840275185,0.620034640897476,0
-1.0910947440552956,0.6188029065925367,0
-1.0903896166501106,0.619065260761765,0
-1.0910947440552956,0.6188029065925367,0
-1.0919183641145143,0.6210441377943212,0
-1.0930165241934748,0.6240324460633637,0
-1.0960744419805426,0.6279893465438473,0
-1.096192771996785,0.6304932602166371,0
-1.097878136059169,0.630714479889205,0
-1.0991327500983115,0.6319454591000397,0
-1.1016421733419541,0.6344070235595716,0
-1.1037209441450315,0.6378781505763058,0
-1.1049758671959822,0.6391085060137538,0
-1.1047011970660083,0.6383616915879191,0
-1.1052505373259542,0.6398553204395885,0
-1.1077606111207619,0.6423155716919808,0
-1.1083100164358264,0.6438090692229359,0
-1.1081536600583135,0.6455662013000776,0
-1.1077225684957153,0.6465766502720918,0
-1.1089777192395722,0.6478065460870432,0
-1.1096835297234833,0.6475428130503236,0
-1.1098399023647723,0.6457856481430078,0
-1.1098399023647723,0.6457856481430078,0
-1.1096835297234833,0.6475428130503236,0
-1.1106640591287054,0.6480257959489055,0
-1.111369885876396,0.6477620300820064,0
-1.1115262097263496,0.646004963665229,0
-1.110270945136035,0.6447752976615249,0
-1.1088594217508891,0.6453025667538927,0
-1.1088594217508891,0.6453025667538927,0
-1.108428346452067,0.6463129828957292,0
-1.1088594217508891,0.6453025667538927,0
-1.1083100164358264,0.6438090692229359,0
-1.1083100164358264,0.6438090692229359,0
-1.1097214747658555,0.6432819314512859,0
-1.109290464522152,0.6442922162724098,0
-1.1088594217508891,0.6453025667538927,0
-1.1085847190933578,0.6445558179884152,0
-1.1073296008770548,0.6433258565131084,0
-1.1073296008770548,0.6433258565131084,0
-1.1085847190933578,0.6445558179884152,0
-1.1107019553797421,0.6437650128403991,0
-1.1099962099509462,0.6440286145564045,0
-1.1105456803211258,0.6455219807666435,0
-1.1105456803211258,0.6455219807666435,0
-1.1108204155062147,0.6462686638717674,0
-1.1110951506913054,0.647015346976886,0
-1.1110951506913054,0.647015346976886,0
-1.1106640591287054,0.6480257959489055,0
-1.1110951506913054,0.647015346976886,0
-1.1115262097263496,0.646004963665229,0
-1.1114077008085381,0.6435014111243937,0
-1.1114077008085381,0.6435014111243937,0
-1.1107019553797421,0.6437650128403991,0
-1.1109767068286125,0.64451166311534,0
-1.1109767068286125,0.64451166311534,0
-1.1109767068286125,0.64451166311534,0
-1.1109767068286125,0.64451166311534,0
-1.1109767068286125,0.64451166311534,0
-1.1116824685211864,0.6442480285691587,0
-1.1123882302137584,0.6439843940229721,0
-1.1133687921465398,0.6444673112611987,0
-1.1143493866068788,0.6449501628390664,0
-1.1150551808270102,0.6446864626325244,0
-1.1150551808270102,0.6446864626325244,0
-1.1160358240786863,0.6451692157198536,0
-1.1157609750471416,0.6444227624259824,0
-1.1157609750471416,0.6444227624259824,0
-1.114780348059245,0.6439399765084701,0
-1.1144679931073682,0.6474535183988266,0
-1.1150551808270102,0.6446864626325244,0
-1.1154861260155968,0.6436763091321094,0
-1.1154861260155968,0.6436763091321094,0
-1.11450551529148,0.6431934903844265,0
-1.11450551529148,0.6431934903844265,0
-1.11450551529148,0.6431934903844265,0
-1.1152112769840539,0.6429298558382399,0
-1.1152112769840539,0.6429298558382399,0
-1.1152112769840539,0.6429298558382399,0
-1.1159170386766295,0.6426662212920586,0
-1.1161919039719521,0.6434126417557469,0
-1.1166228003692034,0.6424025867458738,0
-1.1168976819283074,0.6431489743793843,0
-1.1161919039719521,0.6434126417557469,0
-1.1157609750471416,0.6444227624259824,0
-1.1139183926269531,0.6459604148300144,0
-1.113056307084431,0.6479811157929767,0
-1.1146242031108642,0.6456966817932948,0
-1.1136435923867456,0.6452138630456066,0
-1.1146242031108642,0.6456966817932948,0
-1.1120757126240886,0.6474982642151126,0
-1.1126252155218275,0.6489915647649944,0
-1.1136435923867456,0.6452138630456066,0
-1.112781539371781,0.6472344983482134,0
-1.1137997535989062,0.6434571249306114,0
-1.113681016988183,0.6409540320122726,0
-1.1146615789209662,0.6414369492504957,0
-1.1143867298894197,0.6406904959566244,0
-1.1149364279525091,0.6421834025443669,0
-1.114230682523715,0.6424470042603723,0
-1.114230682523715,0.6424470042603723,0
-1.1154861260155968,0.6436763091321094,0
-1.116310673110231,0.6459156690137249,0
-1.1171352202048652,0.6481550288953386,0
-1.1164667692672783,0.644159062219444,0
-1.1172913651532497,0.6463983236105211,0
-1.1170164998579253,0.6456519031468311,0
-1.1168603711733205,0.6474085756014674,0
-1.1167041774336024,0.6491653793768233,0
-1.115604846362542,0.646179434880624,0
-1.1120757126240886,0.6474982642151126,0
-1.1097214747658555,0.6432819314512859,0
-1.1130939919063323,0.6437207594767926,0
-1.1099962099509462,0.6440286145564045,0
-1.1101524524820032,0.6422717122905155,0
-1.1128191916661265,0.6429742076923866,0
-1.1097214747658555,0.6432819314512859,0
-1.1107019553797421,0.6437650128403991,0
-1.1135249370949207,0.6427106059763794,0
-1.114780348059245,0.6439399765084701,0
-1.1107019553797421,0.6437650128403991,0
-1.1108204155062147,0.6462686638717674,0
-1.1143493866068788,0.6449501628390664,0
-1.1135249370949207,0.6427106059763794,0
-1.1132501205909353,0.6419640870221492,0
-1.114780348059245,0.6439399765084701,0
-1.1143493866068788,0.6449501628390664,0
-1.114780348059245,0.6439399765084701,0
-1.1168976819283074,0.6431489743793843,0
-1.118153255530423,0.6443780166096982,0
-1.117447445046512,0.6446417496464178,0
-1.1175662304485723,0.6471447440742164,0
-1.1201147371991276,0.6453431288222191,0
-1.1176034598846591,0.6428853070030254,0
-1.1161919039719521,0.6434126417557469,0
-1.1157609750471416,0.6444227624259824,0
-1.1171352202048652,0.6481550288953386,0
-1.1138806102223757,0.6502209681272682,0
-1.1117629348139495,0.6510126596901014,0
-1.1078022053357408,0.653342955732132,0
-1.1075275839971042,0.6525960428157642,0
-1.1070962972691536,0.6536068857499213,0
-1.1085081134023298,0.6530790257143444,0
-1.1078022053357408,0.653342955732132,0
-1.1085081134023298,0.6530790257143444,0
-1.1076455074188694,0.6551007772430175,0
-1.1078022053357408,0.653342955732132,0
-1.1087827510047443,0.6538259058005327,0
-1.1087827510047443,0.6538259058005327,0
-1.1073709023440124,0.6543538314964703,0
-1.1078022053357408,0.653342955732132,0
-1.1073709023440124,0.6543538314964703,0
-1.1078022053357408,0.653342955732132,0
-1.1090573886071606,0.6545727858867245,0
-1.1083514480130123,0.6548367815648692,0
-1.1080768266743757,0.6540898686485015,0
-1.1085081134023298,0.6530790257143444,0
-1.1080768266743757,0.6540898686485015,0
-1.1083514480130123,0.6548367815648692,0
-1.1085081134023298,0.6530790257143444,0
-1.1083514480130123,0.6548367815648692,0
-1.1080768266743757,0.6540898686485015,0
-1.1083514480130123,0.6548367815648692,0
-1.1085081134023298,0.6530790257143444,0
-1.1085081134023298,0.6530790257143444,0
-1.1090573886071606,0.6545727858867245,0
-1.1087827510047443,0.6538259058005327,0
-1.1076455074188694,0.6551007772430175,0
-1.1076455074188694,0.6551007772430175,0
-1.1345068530545497,0.640812787420117,0
-1.135212712329798,0.6405489558928679,0
-1.134231597428526,0.6400671548807075,0
-1.135212712329798,0.6405489558928679,0
-1.135212712329798,0.6405489558928679,0
-1.135212712329798,0.6405489558928679,0
-1.1354879842196013,0.6412945556020997,0
-1.13392080379945,0.6435775450739314,0
-1.13180307959969,0.6443693351272977,0
-1.1316474876198015,0.6461249241860507,0
-1.1314918305847979,0.6478806445655181,0
-1.1330232778365463,0.6498540717884591,0
-1.1301991901843849,0.6509107111046148,0
-1.1307493761608516,0.6524026327870036,0
-1.1312995621373148,0.6538945544693959,0
-1.131024469149084,0.6531485936282024,0
-1.1300433217202475,0.6526668582763993,0
-1.1312995621373148,0.6538945544693959,0
-1.1315746551255472,0.6546405153105894,0
-1.131537750965041,0.6588992957782125,0
-1.1336193191381412,0.6623647760042601,0
-1.1358571786336356,0.6640732554738804,0
-1.1379391208736571,0.6675379806058253,0
-1.1391958004127591,0.6687647903840048,0
-1.1383703750740484,0.6665272033320253,0
-1.1383703750740484,0.6665272033320253,0
-1.1383703750740484,0.6665272033320253,0
-1.1383703750740484,0.6665272033320253,0
-1.1383703750740484,0.6665272033320253,0
-1.1383703750740484,0.6665272033320253,0
-1.138645516853618,0.6672730656826822,0
-1.138645516853618,0.6672730656826822,0
-1.138645516853618,0.6672730656826822,0
-1.1384893719052371,0.669029770967505,0
-1.1406086574277996,0.6682348292170062,0
-1.1408838317349286,0.6689806259073094,0
-1.1408838317349286,0.6689806259073094,0
-1.1418654670771318,0.6694613763537625,0
-1.1450858076313555,0.6716488991005534,0
-1.1460675893475738,0.6721293540753948,0
-1.1490131296615864,0.6735703250377814,0
-1.1502703621691825,0.6747960185898947,0
-1.151683609514924,0.6742652694986173,0
-1.1557675969344725,0.6744289395853205,0
-1.1574563763904848,0.674643264920423,0
-1.160558598357591,0.6743264472020982,0
-1.163660950434931,0.6740093668423555,0
-1.1679011803855328,0.6724161346631679,0
-1.1698660449203082,0.6733744181985823,0
-1.171986257478288,0.6725776051279162,0
-1.1741064700362625,0.6717807920572483,0
-1.1756749352949711,0.6694952090013242,0
-1.1756749352949711,0.6694952090013242,0
-1.1756749352949711,0.6694952090013242,0
-1.176105750373324,0.6684853181423378,0
-1.1751231879957036,0.6680064390160645,0
-1.1758298604599116,0.6677409659798883,0
-1.1752780806330847,0.6662522616549786,0
-1.1776739391477875,0.6662002931994415,0
-1.1785353090840296,0.6641810367643295,0
-1.1802245601896395,0.6643944100242543,0
-1.1786899577647247,0.6624273518559232,0
-1.1765701843287886,0.6632232785117687,0
-1.1757423682145358,0.660990517496014,0
-1.1740533773293933,0.6607766189532338,0
-1.1732256587978185,0.6585436609564095,0
-1.1722432915855432,0.6580643878679915,0
-1.172397940266242,0.6563107029595869,0
-1.1704333359519303,0.6553518941413188,0
-1.1700027973578226,0.6563612268872667,0
-1.1692963851140803,0.6566261746405893,0
-1.1700027973578226,0.6563612268872667,0
-1.1695722262361556,0.6573706252935807,0
-1.1682803177058076,0.6603992144746424,0
-1.165730135785994,0.6622042112350179,0
-1.1658507752588836,0.6647034630224748,0
-1.1644376905509333,0.66523388381197,0
-1.1624733139295298,0.6642746153712089,0
-1.1606293816156672,0.6658149926800405,0
-1.1621976679728068,0.6635297707560781,0
-1.1624733139295298,0.6642746153712089,0
-1.161766804103113,0.664539760105594,0
-1.161766804103113,0.664539760105594,0
-1.1623528370944385,0.6617750352819609,0
-1.1619220220160784,0.6627849261409509,0
-1.1627489598862546,0.6650194599863397,0
-1.16317982375595,0.6640094706368167,0
-1.16317982375595,0.6640094706368167,0
-1.161060294276698,0.664804904839988,0
-1.161766804103113,0.664539760105594,0
-1.1626284993149412,0.6625198470669087,0
-1.1633349766137986,0.6622547679928825,0
-1.1629041615354474,0.6632646588518618,0
-1.1621976679728068,0.6635297707560781,0
-1.1621976679728068,0.6635297707560781,0
-1.1621976679728068,0.6635297707560781,0
-1.1614911744101661,0.6637948826602873,0
-1.1621976679728068,0.6635297707560781,0
-1.1621976679728068,0.6635297707560781,0
-1.1616463760593554,0.6620400815258201,0
-1.152617942055656,0.6637301592975362,0
-1.1530489035080222,0.6627199729669471,0
-1.1540307990706982,0.6632001981305375,0
-1.1516360790205393,0.6632498684735886,0
-1.1523424912642817,0.662984920720266,0
-1.1528933928470302,0.6644753978748064,0
-1.152617942055656,0.6637301592975362,0
-1.15430628238963,0.6639453710474505,0
-1.1545817657085635,0.6646905439643689,0
-1.1528933928470302,0.6644753978748064,0
-1.152617942055656,0.6637301592975362,0
-1.1538753046734858,0.6649555902082245,0
-1.152617942055656,0.6637301592975362,0
-1.1514805033044286,0.6650054247021622,0
-1.151205085040612,0.6642601204645349,0
-1.1516360790205393,0.6632498684735886,0
-1.1527734364528683,0.6619747672198528,0
-1.1516360790205393,0.6632498684735886,0
-1.1509296667767952,0.6635148162269076,0
-1.1506542485129803,0.6627695119892802,0
-1.1516360790205393,0.6632498684735886,0
-1.1519115135481357,0.6639951398810346,0
-1.1514805033044286,0.6650054247021622,0
-1.1541507717286397,0.6657007959553116,0
-1.1557191719322297,0.6634153442200983,0
-1.155839225909066,0.6659157778939857,0
-1.1534442944297787,0.6659658750293485,0
-1.1531688436384044,0.6652206364520801,0
-1.1534442944297787,0.6659658750293485,0
-1.1534442944297787,0.6659658750293485,0
-1.1528933928470302,0.6644753978748064,0
-1.1519115135481357,0.6639951398810346,0
-1.1510494605331676,0.6660157751836415,0
-1.1517559215682454,0.665750728939793,0
-1.1517559215682454,0.665750728939793,0
-1.1531688436384044,0.6652206364520801,0
-1.1517559215682454,0.665750728939793,0
-1.1514805033044286,0.6650054247021622,0
-1.1514805033044286,0.6650054247021622,0
-1.1510494605331676,0.6660157751836415,0
-1.1510494605331676,0.6660157751836415,0
-1.1500676137618289,0.6655354515295109,0
-1.1517559215682454,0.665750728939793,0
-1.1510494605331676,0.6660157751836415,0
-1.151205085040612,0.6642601204645349,0
-1.151205085040612,0.6642601204645349,0
-1.1497922280255697,0.6647900816315335,0
-1.1497922280255697,0.6647900816315335,0
-1.1528933928470302,0.6644753978748064,0
-1.1531688436384044,0.6652206364520801,0
-1.1531688436384044,0.6652206364520801,0
-1.1531688436384044,0.6652206364520801,0
-1.1531688436384044,0.6652206364520801,0
-1.1531688436384044,0.6652206364520801,0
-1.1517559215682454,0.665750728939793,0
-1.1500676137618289,0.6655354515295109,0
-1.1490857995180495,0.6650550622150302,0
-1.1500676137618289,0.6655354515295109,0
-1.1524623826033267,0.6654856826959374,0
-1.1524623826033267,0.6654856826959374,0
-1.1524623826033267,0.6654856826959374,0
-1.1521869480757303,0.6647404112884825,0
-1.1517559215682454,0.665750728939793,0
-1.1507740585331288,0.6652704381158348,0
-1.1503429994980863,0.6662808214274989,0
-1.149361168990529,0.6658004649431906,0
-1.1483793710105292,0.6653200427985286,0
-1.148654724219229,0.6660654783568667,0
-1.148654724219229,0.6660654783568667,0
-1.1483793710105292,0.6653200427985286,0
-1.149361168990529,0.6658004649431906,0
-1.1510494605331676,0.6660157751836415,0
-1.1496365384630085,0.6665458676713545,0
-1.1507740585331288,0.6652704381158348,0
-1.1514805033044286,0.6650054247021622,0
-1.1510494605331676,0.6660157751836415,0
-1.1503429994980863,0.6662808214274989,0
-1.1510494605331676,0.6660157751836415,0
-1.1500676137618289,0.6655354515295109,0
-1.1507740585331288,0.6652704381158348,0
-1.1497922280255697,0.6647900816315335,0
-1.1504986565330917,0.6645251010480351,0
-1.1507740585331288,0.6652704381158348,0
-1.151205085040612,0.6642601204645349,0
-1.1507740585331288,0.6652704381158348,0
-1.1513248625332029,0.6667611122514501,0
-1.1507740585331288,0.6652704381158348,0
-1.1514805033044286,0.6650054247021622,0
-1.1524623826033267,0.6654856826959374,0
-1.1521869480757303,0.6647404112884825,0
-1.1507740585331288,0.6652704381158348,0
-1.1507740585331288,0.6652704381158348,0
-1.1496365384630085,0.6665458676713545,0
-1.1513248625332029,0.6667611122514501,0
-1.1507740585331288,0.6652704381158348,0
-1.1507740585331288,0.6652704381158348,0
-1.1513248625332029,0.6667611122514501,0
-1.1510494605331676,0.6660157751836415,0
-1.149361168990529,0.6658004649431906,0
-1.1472779581757315,0.662338300565164,0
-1.1514805033044286,0.6650054247021622,0
-1.1517559215682454,0.665750728939793,0
-1.1514805033044286,0.6650054247021622,0
-1.152737817130923,0.66623095410338,0
-1.152737817130923,0.66623095410338,0
-1.1524623826033267,0.6654856826959374,0
-1.1520313398320603,0.6664960331774132,0
-1.1520313398320603,0.6664960331774132,0
-1.1524623826033267,0.6654856826959374,0
-1.1531688436384044,0.6652206364520801,0
-1.1524623826033267,0.6654856826959374,0
-1.152737817130923,0.66623095410338,0
-1.152737817130923,0.66623095410338,0
-1.1520313398320603,0.6664960331774132,0
-1.1507740585331288,0.6652704381158348,0
-1.1514805033044286,0.6650054247021622,0
-1.1507740585331288,0.6652704381158348,0
-1.1514805033044286,0.6650054247021622,0
-1.1519115135481357,0.6639951398810346,0
-1.1519115135481357,0.6639951398810346,0
-1.1507740585331288,0.6652704381158348,0
-1.1521869480757303,0.6647404112884825,0
-1.1514805033044286,0.6650054247021622,0
-1.1514805033044286,0.6650054247021622,0
-1.1514805033044286,0.6650054247021622,0
-1.1514805033044286,0.6650054247021622,0
-1.151205085040612,0.6642601204645349,0
-1.151205085040612,0.6642601204645349,0
-1.1504986565330917,0.6645251010480351,0
-1.1514805033044286,0.6650054247021622,0
-1.151205085040612,0.6642601204645349,0
-1.1531688436384044,0.6652206364520801,0
-1.1524623826033267,0.6654856826959374,0
-1.1524623826033267,0.6654856826959374,0
-1.1517559215682454,0.665750728939793,0
-1.1524623826033267,0.6654856826959374,0
-1.1514805033044286,0.6650054247021622,0
-1.1514805033044286,0.6650054247021622,0
-1.151205085040612,0.6642601204645349,0
-1.1524623826033267,0.6654856826959374,0
-1.1524623826033267,0.6654856826959374,0
-1.1521869480757303,0.6647404112884825,0
-1.1531688436384044,0.6652206364520801,0
-1.1514805033044286,0.6650054247021622,0
-1.1521869480757303,0.6647404112884825,0
-1.1519115135481357,0.6639951398810346,0
-1.1514805033044286,0.6650054247021622,0
-1.1507740585331288,0.6652704381158348,0
-1.151205085040612,0.6642601204645349,0
-1.1514805033044286,0.6650054247021622,0
-1.151205085040612,0.6642601204645349,0
-1.1528933928470302,0.6644753978748064,0
-1.1509296667767952,0.6635148162269076,0
-1.1521869480757303,0.6647404112884825,0
-1.1521869480757303,0.6647404112884825,0
-1.1519115135481357,0.6639951398810346,0
-1.1509296667767952,0.6635148162269076,0
-1.1506542485129803,0.6627695119892802,0
-1.1509296667767952,0.6635148162269076,0
-1.1521869480757303,0.6647404112884825,0
-1.155288226743643,0.6644254977205151,0
-1.1583896355217913,0.6641103215111155,0
-1.1593716937222567,0.6645902183729255,0
-1.159096112820647,0.6638452424370787,0
-1.1607846808475308,0.6640599945645,0
-1.1607846808475308,0.6640599945645,0
-1.1607846808475308,0.6640599945645,0
-1.1607846808475308,0.6640599945645,0
-1.1614911744101661,0.6637948826602873,0
-1.1614911744101661,0.6637948826602873,0
-1.1614911744101661,0.6637948826602873,0
-1.1614911744101661,0.6637948826602873,0
-1.1613707301026288,0.6612952369106875,0
-1.1595269929541203,0.6628352202573851,0
-1.159802590119508,0.6635801633630471,0
-1.1595269929541203,0.6628352202573851,0
-1.159802590119508,0.6635801633630471,0
-1.1592513957887292,0.6620902771517159,0
-1.159802590119508,0.6635801633630471,0
-1.159802590119508,0.6635801633630471,0
-1.1595269929541203,0.6628352202573851,0
-1.1603886556383838,0.6608153728790533,0
-1.160664285331329,0.6615602503243636,0
-1.158820531919039,0.6631002665012424,0
-1.1581140708839612,0.6633653127450909,0
-1.1581140708839612,0.6633653127450909,0
-1.1581140708839612,0.6633653127450909,0
-1.1595269929541203,0.6628352202573851,0
-1.1595269929541203,0.6628352202573851,0
-1.159096112820647,0.6638452424370787,0
-1.159096112820647,0.6638452424370787,0
-1.1581140708839612,0.6633653127450909,0
-1.1581140708839612,0.6633653127450909,0
-1.1581140708839612,0.6633653127450909,0
-1.1583896355217913,0.6641103215111155,0
-1.158544951017431,0.6623552905653938,0
-1.1581140708839612,0.6633653127450909,0
-1.1578385062461312,0.6626203039790681,0
-1.1600781872848938,0.6643251064687128,0
-1.159096112820647,0.6638452424370787,0
-1.151205085040612,0.6642601204645349,0
-1.151205085040612,0.6642601204645349,0
-1.1509296667767952,0.6635148162269076,0
-1.1509296667767952,0.6635148162269076,0
-1.1513606444929447,0.6625045970661372,0
-1.14869068508054,0.6618086020395939,0
-1.1465715947233264,0.6626031498279463,0
-1.1465715947233264,0.6626031498279463,0
-1.14869068508054,0.6618086020395939,0
-1.1470026049670317,0.6615928650068224,0
-1.146296257778408,0.6618576814394288,0
-1.1470026049670317,0.6615928650068224,0
-1.147984321628135,0.6620734513023798,0
-1.146296257778408,0.6618576814394288,0
-1.1465715947233264,0.6626031498279463,0
-1.146296257778408,0.6618576814394288,0
-1.1470026049670317,0.6615928650068224,0
-1.146296257778408,0.6618576814394288,0
-1.1470026049670317,0.6615928650068224,0
-1.1470026049670317,0.6615928650068224,0
-1.1470026049670317,0.6615928650068224,0
-1.1472779581757315,0.662338300565164,0
-1.1472779581757315,0.662338300565164,0
-1.1472779581757315,0.662338300565164,0
-1.1472779581757315,0.662338300565164,0
-1.1472779581757315,0.662338300565164,0
-1.146296257778408,0.6618576814394288,0
-1.148535060573094,0.6635642567587023,0
-1.1495168422893123,0.6640447117335455,0
-1.1495168422893123,0.6640447117335455,0
-1.1506542485129803,0.6627695119892802,0
-1.1509296667767952,0.6635148162269076,0
-1.1502232545330529,0.663779763980223,0
-1.1506542485129803,0.6627695119892802,0
-1.1506542485129803,0.6627695119892802,0
-1.1520670404729056,0.6622396821429959,0
-1.1506542485129803,0.6627695119892802,0
-1.151205085040612,0.6642601204645349,0
-1.1516360790205393,0.6632498684735886,0
-1.152617942055656,0.6637301592975362,0
-1.1513606444929447,0.6625045970661372,0
-1.1513606444929447,0.6625045970661372,0
-1.1524979693977162,0.6612295614727621,0
-1.1524979693977162,0.6612295614727621,0
-1.1510852099653501,0.6617593256586893,0
-1.1506542485129803,0.6627695119892802,0
-1.1499478525330176,0.6630344269124198,0
-1.1510852099653501,0.6617593256586893,0
-1.151516138890159,0.6607492049884574,0
-1.1522225023425605,0.6604843557256714,0
-1.1527734364528683,0.6619747672198528,0
-1.1523424912642817,0.662984920720266,0
-1.1499478525330176,0.6630344269124198,0
-1.1502232545330529,0.663779763980223,0
-1.1499478525330176,0.6630344269124198,0
-1.1502232545330529,0.663779763980223,0
-1.1513606444929447,0.6625045970661372,0
-1.1513606444929447,0.6625045970661372,0
-1.1513606444929447,0.6625045970661372,0
-1.1513606444929447,0.6625045970661372,0
-1.1506542485129803,0.6627695119892802,0
-1.1506542485129803,0.6627695119892802,0
-1.151205085040612,0.6642601204645349,0
-1.1492414565530567,0.6632993418355628,0
-1.1492414565530567,0.6632993418355628,0
-1.1495168422893123,0.6640447117335455,0
-1.1492414565530567,0.6632993418355628,0
-1.1492414565530567,0.6632993418355628,0
-1.1495168422893123,0.6640447117335455,0
-1.1492414565530567,0.6632993418355628,0
-1.1492414565530567,0.6632993418355628,0
-1.1509296667767952,0.6635148162269076,0
-1.1506542485129803,0.6627695119892802,0
-1.1503788302491635,0.6620242077516529,0
-1.1503788302491635,0.6620242077516529,0
-1.1519115135481357,0.6639951398810346,0
-1.151205085040612,0.6642601204645349,0
-1.1506542485129803,0.6627695119892802,0
-1.1519115135481357,0.6639951398810346,0
-1.151205085040612,0.6642601204645349,0
-1.1519115135481357,0.6639951398810346,0
-1.1519115135481357,0.6639951398810346,0
-1.151205085040612,0.6642601204645349,0
-1.151205085040612,0.6642601204645349,0
-1.151205085040612,0.6642601204645349,0
-1.151205085040612,0.6642601204645349,0
-1.1504986565330917,0.6645251010480351,0
-1.1506542485129803,0.6627695119892802,0
-1.151205085040612,0.6642601204645349,0
-1.1504986565330917,0.6645251010480351,0
-1.151205085040612,0.6642601204645349,0
-1.1499478525330176,0.6630344269124198,0
-1.1521869480757303,0.6647404112884825,0
-1.151205085040612,0.6642601204645349,0
-1.1499478525330176,0.6630344269124198,0
-1.1502232545330529,0.663779763980223,0
-1.1509296667767952,0.6635148162269076,0
-1.1502232545330529,0.663779763980223,0
-1.1502232545330529,0.663779763980223,0
-1.1507740585331288,0.6652704381158348,0
-1.1535280785334994,0.6727238087938918,0
-1.1528214711244082,0.6729891505093555,0
-1.1523902331877967,0.6739998949529777,0
-1.150545682850323,0.6755415198085917,0
-1.1477191231037196,0.6766031493118625,0
-1.147012483167071,0.6768685566876798,0
-1.1441859234204692,0.6779301861909506,0
-1.1455992032937719,0.6773993714393178,0
-1.147994378729745,0.6773487818512738,0
-1.1472877225293168,0.6776142220572705,0
-1.1481134406160542,0.6798512181660428,0
-1.1481134406160542,0.6798512181660428,0
-1.1474067356242852,0.6801167568625726,0
-1.1476819587227514,0.6808624550623428,0
-1.147994378729745,0.6773487818512738,0
-1.1465810663288867,0.6778796622632655,0
-1.1450487896243988,0.6759079093794238,0
-1.1453239964590853,0.6766536404093699,0
-1.1464248237978332,0.6796365645291544,0
-1.1471315125258172,0.6793710586628023,0
-1.1464248237978332,0.6796365645291544,0
-1.146856289427351,0.6786253604630375,0
-1.1472877225293168,0.6776142220572705,0
-1.1476819587227514,0.6808624550623428,0
-1.146856289427351,0.6786253604630375,0
-1.1461496169631449,0.6788908334992136,0
-1.146856289427351,0.6786253604630375,0
-1.1464248237978332,0.6796365645291544,0
-1.1469752374672062,0.681128026589052,0
-1.1444234942245899,0.6829361750465495,0
-1.1423032816666137,0.6837329881172085,0
-1.1406147461672855,0.6835181703294371,0
-1.1397513595224247,0.6855414977066712,0
-1.1379060773148897,0.6870845999203183,0
-1.136924344390005,0.6866040464549403,0
-1.1337044266940453,0.6844156701235047,0
-1.1318592258054068,0.6859586081862581,0
-1.1307206485896373,0.6872361717033719,0
-1.1302887438380758,0.6882482621843096,0
-1.1267550562414463,0.6895762839687478,0
-1.1249095300772236,0.6911198786350692,0
-1.1267150944904571,0.6938412365099111,0
-1.1272644998055217,0.6953347340408644,0
-1.1272644998055217,0.6953347340408644,0
-1.1258507970739622,0.6958664023771401,0
-1.1247117319448172,0.6971449507996024,0
-1.1241218119102676,0.6999175220358751,0
-1.1236894843004492,0.7009304661014575,0
-1.1228247314981346,0.7029565512136777,0
-1.122941386345122,0.7054638463948475,0
-1.1216438180196118,0.7085038604780021,0
-1.1190899930132598,0.7103162111983323,0
-1.1184990158330628,0.7130909163962027,0
-1.116219161614179,0.7156514932400437,0
-1.1149633765829314,0.714422877802054,0
-1.1138234006821506,0.7157032647145094,0
-1.1135491208828778,0.7149556623643942,0
-1.112293465961864,0.7137267842849759,0
-1.1111535063248663,0.7150071383672518,0
-1.1126833597262547,0.7169837829476773,0
-1.1106772648657124,0.7202930127073444,0
-1.1078484281900227,0.7213592384355945,0
-1.1048604540305824,0.7241882102014863,0
-1.1028979640075676,0.7232251334600264,0
-1.1005023819771136,0.7232765438025268,0
-1.097673610356539,0.7243426382100608,0
-1.0948448387359662,0.7254087326175931,0
-1.0907613880211358,0.7252439791350049,0
-1.0890733566989628,0.7250281436117021,0
-1.0879327465107949,0.7263098109011104,0
-1.0879327465107949,0.7263098109011104,0
-1.0871117123924652,0.7240633597009598,0
-1.086518425755628,0.7268427267841631,0
-1.0869519243575496,0.7258274189457445,0
-1.0879327465107949,0.7263098109011104,0
-1.0882064245502363,0.7270586279678319,0
-1.0859249439534366,0.729622487829511,0
-1.08451052561559,0.7301556006936352,0
-1.0833696552069547,0.7314377932659006,0
-1.0819552043415523,0.7319709717903837,0
-1.0813612020984262,0.734751783401439,0
-1.0827757505465065,0.7342184078958844,0
-1.0807670046899513,0.7375329889746318,0
-1.082728616468886,0.7384978385457259,0
-1.082294727536265,0.7395139343084285,0
-1.082021260925952,0.7387646904493934,0
-1.083709471149696,0.7389801648407346,0
-1.0832755822170714,0.7399962606034443,0
-1.0818131190299773,0.7448106426073977,0
-1.080076652527854,0.7488768641482011,0
-1.0796424545834267,0.7498935836842975,0
-1.0804624640836664,0.7521421031856868,0
-1.0801404809745065,0.7556750805416552,0
-1.0785639976726547,0.7579768488755398,0
-1.0786760173425698,0.7604935006575531,0
-1.081233696864592,0.7586733691849368,0
-1.082214746710747,0.7591553015178043,0
-1.081507000837112,0.7594229413457558,0
-1.081507000837112,0.7594229413457558,0
-1.082214746710747,0.7591553015178043,0
-1.0794957340947828,0.7627426111021549,0
-1.0806380519797685,0.761457496644006,0
-1.079768973012186,0.7634923145836865,0
-1.077645540225932,0.7642956280296787,0
-1.0774840770217544,0.7660630687828363,0
-1.0757451384251944,0.7701342805107636,0
-1.07416753292258,0.7724383141269531,0
-1.071608763727351,0.7742606452215242,0
-1.0712846988544555,0.7777978248403308,0
-1.0673094295576462,0.7801574710618571,0
-1.069544198935093,0.7818721882653836,0
-1.070798113631735,0.7831045791738873,0
-1.070089993691175,0.7833729740959399,0
-1.0705251999899144,0.782354219088786,0
-1.068836111522094,0.782140517527079,0
-1.068836111522094,0.782140517527079,0
-1.067147088109392,0.7819266846446506,0
-1.0658933523143244,0.7806939326041817,0
-1.0619178553246087,0.7830540384482116,0
-1.0597936906682897,0.7838588292522317,0
-1.0578322740547002,0.7828935857189929,0
-1.0581049274760534,0.7836444710869497,0
-1.0573968888543916,0.7839127018581102,0
-1.0573968888543916,0.7839127018581102,0
-1.0578322740547002,0.7828935857189929,0
-1.056526020871102,0.7859511311174145,0
-1.0548373064702066,0.785736674461603,0
-1.052876117549527,0.7847709713058677,0
-1.0514600728337644,0.7853073671878334,0
-1.0497715535982177,0.7850925165698772,0
-1.046394710292473,0.7846624213718307,0
-1.0432904716167517,0.784983310032267,0
-1.039641804342395,0.7838006551271661,0
-1.0364291565557338,0.7815976037059862,0
-1.0358300637497209,0.7843886911628815,8
-1.0367013871188284,0.782349342658577,8
-1.0347412716075741,0.7813814727110717,8
-1.0358846954295462,0.7800941258007938,8
-1.0361569259926409,0.7808458647533865,8
-1.0382804075702339,0.7800424528168648,8
-1.0389882347627637,0.779774648838023,8
-1.0392605303809752,0.7805262564699067,8
-1.0398051216173982,0.7820294717336687,8
-1.040512997601267,0.7817615692642939,8
-1.0395328259991867,0.7812778641017886,8
-1.040240685719274,0.7810099944625897,8
-1.0419287495690082,0.7812257643255389,8
-1.0412208735851358,0.781493666794919,8
-1.0416564051594595,0.7804742551841919,8
-1.0406762172935942,0.7799905828518696,8
-1.0396960619552935,0.7795068448591795,8
-1.0396960619552935,0.7795068448591795,8
-1.0392605303809752,0.7805262564699067,8
-1.0416564051594595,0.7804742551841919,8
-1.0416564051594595,0.7804742551841919,8
-1.0413840607499107,0.7797227460428449,8
-1.0408393719308133,0.7782197277601508,8
-1.0415471828595635,0.7779519566114903,8
-1.041274822186237,0.7772004803003227,8
-1.0405670275212646,0.7774682186188038,8
-1.041274822186237,0.7772004803003227,8
-1.041274822186237,0.7772004803003227,8
-1.0416564051594595,0.7804742551841919,8
-1.0413840607499107,0.7797227460428449,8
-1.041111716340362,0.7789712369014978,8
-1.0408393719308133,0.7782197277601508,8
-1.0415471828595635,0.7779519566114903,8
-1.0418195435328919,0.7787034329226579,8
-1.041111716340362,0.7789712369014978,8
-1.0404038891478251,0.7792390408803413,8
-1.040131561002056,0.7784874989088184,8
-1.040131561002056,0.7784874989088184,8
-1.0394237500733041,0.7787552700574789,8
-1.0394237500733041,0.7787552700574789,8
-1.0406762172935942,0.7799905828518696,8
-1.0399683738372847,0.7802584196608855,8
-1.0406762172935942,0.7799905828518696,8
-1.040948545439365,0.780742124823389,8
-1.0404038891478251,0.7792390408803413,8
-1.0386616327403129,0.7833169499646608,8
-1.0383893696496607,0.78256527667242,8
-1.0375180788081142,0.7846045595163655,8
-1.0349586102703796,0.7864283023086074,8
-1.0338148937003844,0.7877162401620996,8
-1.0333790693780394,0.7887362427160305,8
-1.0319631547725088,0.7892723759565694,8
-1.0312551974697435,0.7895404425768362,8
-1.029839282864213,0.7900765758173751,8
-1.0253196012325532,0.7909326456431813,8
-1.0220517525337964,0.7930253086403294,8
-1.016824308764722,0.7941490511242648,8
-1.0142642222033835,0.7959740414632854,8
-1.0109960319652629,0.7980673938941827,8
-1.0091436587500002,0.7996248100656089,8
-1.0072911879520596,0.8011824232181102,8
-1.0055448981273045,0.8052684741866756,8
-1.0034206846796447,0.8060733634812269,8
-1.0001516324612272,0.8081684559115825,8
-0.9964455198732498,0.8112860459894264,8
-0.9934471694226819,0.8141359634091447,8
-0.9906145595502203,0.8152098057387818,8
-0.9883239387095113,0.817792116160728,8
-0.981950273748442,0.8202088523456244,8
-0.976555511814686,0.823111854446946,8
-0.9747015772766208,0.8246724223155013,8
-0.976388714090934,0.8248900634986178,8
-0.976388714090934,0.8248900634986178,8
-0.9770339078242785,0.8289329773296394,8
-0.9763255927183714,0.8292017662138349,8
-0.9770339078242785,0.8289329773296394,8
-0.9770339078242785,0.8289329773296394,8
-0.9749089625065572,0.829739343982224,8
-0.971972253424644,0.8282805462329641,8
-0.9701817004796087,0.8255288861034469,8
-0.969911128821991,0.8247737984726555,8
-0.9706193138176644,0.8245052722298869,8
-0.9702851654016698,0.8280628065593056,8
-0.9681604152492973,0.8288687792497456,8
-0.9672848632975981,0.8309166636004317,8
-0.9646191649953444,0.8302120670671442,8
-0.9628676057061316,0.8343087550135131,8
-0.9614509754943192,0.8348463327819022,8
-0.9604723489512619,0.8343595087524474,8
-0.9611806477933893,0.8340907526984331,8
-0.9597640501091345,0.8346282648064651,8
-0.9596614146398128,0.8320926700115034,8
-0.9611806477933893,0.8340907526984331,8
-0.9616186026708071,0.8330664493911257,8
-0.9609103200924594,0.8333351726149605,8
-0.9625972454776424,0.8335532405904029,8
-0.9631379659346173,0.835064269436625,8
-0.9635759208120369,0.8340399661293176,8
-0.9636786863915905,0.8365752982828489,8
-0.9650304875340279,0.8403528703984122,8
-0.9648627302473027,0.8421330164306156,8
-0.9651330742120106,0.8428885636839034,8
-0.9684051189657996,0.8407874305007237,8
-0.969822074453198,0.8402491961287684,8
-0.9691135967094997,0.840518313314746,8
-0.9691135967094997,0.840518313314746,8
-0.9691135967094997,0.840518313314746,8
-0.9691135967094997,0.840518313314746,8
-0.9688431551621157,0.8397629630425278,8
-0.9691135967094997,0.840518313314746,8
-0.9696544798042677,0.8420290138591877,8
-0.9692163948166126,0.843053579807922,8
-0.9685078682815771,0.8433227954844327,8
-0.9695895043608758,0.8463444592147411,8
-0.9706711404401744,0.8493661229450478,8
-0.9712119584798238,0.8508769548102038,8
-0.9735431993542765,0.8551397094462985,8
-0.9735431993542765,0.8551397094462985,8
-0.973813624637879,0.8558950925486979,8
-0.9736456396582476,0.8576756982033942,8
-0.9747928692045456,0.8563806690313704,8
-0.9763130619210951,0.8583768147377739,8
-0.9777307980698957,0.8578370045172559,8
-0.9777307980698957,0.8578370045172559,8
-0.977292404070436,0.8588621942393768,8
-0.9775628781453776,0.8596174788512414,8
-0.9771244353545825,0.8606427670638972,8
-0.9778333522203191,0.8603727634631042,8
-0.9768539775434188,0.8598874496218549,8
-0.9775628781453776,0.8596174788512414,8
-0.9768539775434188,0.8598874496218549,8
-0.9771244353545825,0.8606427670638972,8
-0.9778333522203191,0.8603727634631042,8
-0.9778333522203191,0.8603727634631042,8
-0.9781038262952606,0.861128048074967,8
-0.977665350976908,0.8621534019479782,8
-0.9779358087880698,0.8629087193900205,8
-0.9772268431309961,0.8631788214813518,8
-0.9782062665992335,0.8636640368320627,8
-0.9793537401022192,0.862368515207363,8
-0.9793537401022192,0.862368515207363,8
-0.9788127594247769,0.860858011643991,8
-0.9783743003702039,0.8618833326868298,8
-0.9782062665992335,0.8636640368320627,8
-0.9783743003702039,0.8618833326868298,8
-0.9779358087880698,0.8629087193900205,8
-0.9773948931657443,0.8613980845059395,8
-0.9779358087880698,0.8629087193900205,8
-0.9788127594247769,0.860858011643991,8
-0.9786447744451436,0.8626386172986944,8
-0.9793537401022192,0.862368515207363,8
-0.9772268431309961,0.8631788214813518,8
-0.9779358087880698,0.8629087193900205,8
-0.9768539775434188,0.8598874496218549,8
-0.9741206040104284,0.8635037482537378,8
-0.9735798510258942,0.8619927850678692,8
-0.9766859600362281,0.8616681209369119,8
-0.977292404070436,0.8588621942393768,8
-0.9780012884086151,0.8585922562989374,8
-0.9787101727467977,0.8583223183584998,8
-0.9784396661442969,0.8575670994069942,8
-0.9798574022930975,0.8570272891864743,8
-0.9788780113524176,0.8565420081754063,8
-0.979419057084975,0.8580523804180622,8
-0.9786074884861389,0.8557868220540783,8
-0.9748953257722963,0.8589166249582938,8
-0.9764433055559039,0.8497453330834528,8
-0.9764433055559039,0.8497453330834528,8
-0.9774225501225722,0.8502309095661271,8
-0.9780664427535797,0.8542764498114224,8
-0.9779636283826889,0.8517412161484259,8
-0.976648836715011,0.8548159973905172,8
-0.9774603077311745,0.8570817527355707,8
-0.9793163240329807,0.8555169826041755,8
-0.9788780113524176,0.8565420081754063,8
-0.9784396661442969,0.8575670994069942,8
-0.9808368257613331,0.8575125045371834,8
-0.9793163240329807,0.8555169826041755,8
-0.9784396661442969,0.8575670994069942,8
-0.9783369656198584,0.8550316359327486,8
-0.9778986529392988,0.8560566615039829,8
-0.9784396661442969,0.8575670994069942,8
-0.9783369656198584,0.8550316359327486,8
-0.9778986529392988,0.8560566615039829,8
-0.9791485342186981,0.857297194296736,8
-0.9786074884861389,0.8557868220540783,8
-0.9773576397342971,0.854546223600968,8
-0.9781691595417978,0.8568118804554885,8
-0.9786074884861389,0.8557868220540783,8
-0.9773576397342971,0.854546223600968,8
-0.9786074884861389,0.8557868220540783,8
-0.9786074884861389,0.8557868220540783,8
-0.9802957149736571,0.8560022636152436,8
-0.9795868631630373,0.856272135895324,8
-0.9815457100995122,0.8572425665967494,8
-0.9808368257613331,0.8575125045371834,8
-0.9791485342186981,0.857297194296736,8
-0.9798574022930975,0.8570272891864743,8
-0.9815457100995122,0.8572425665967494,8
-0.9801279414231541,0.8577824424776228,8
-0.9815457100995122,0.8572425665967494,8
-0.9793163240329807,0.8555169826041755,8
-0.9782717787473345,0.8593475080806243,8
-0.9780012884086151,0.8585922562989374,8
-0.9786074884861389,0.8557868220540783,8
-0.9777307980698957,0.8578370045172559,8
-0.9773576397342971,0.854546223600968,8
-0.9786074884861389,0.8557868220540783,8
-0.9784396661442969,0.8575670994069942,8
-0.9793163240329807,0.8555169826041755,8
-0.9783369656198584,0.8550316359327486,8
-0.9787101727467977,0.8583223183584998,8
-0.9795868631630373,0.856272135895324,8
-0.979419057084975,0.8580523804180622,8
-0.9788780113524176,0.8565420081754063,8
-0.9802957149736571,0.8560022636152436,8
-0.9792511859517958,0.8598327562615147,8
-0.9802306256838129,0.8603179387820443,8
-0.9800627057592965,0.8620984131160316,8
-0.9803332123617956,0.8628536320675426,8
-0.9803332123617956,0.8628536320675426,8
-0.9803332123617956,0.8628536320675426,8
-0.9798947207796598,0.8638790187707315,8
-0.9772268431309961,0.8631788214813518,8
-0.9731412943886433,0.8630183030917777,8
-0.9731412943886433,0.8630183030917777,8
-0.9731412943886433,0.8630183030917777,8
-0.9742887678916361,0.8617227814670745,8
-0.9738502275181595,0.8627482666608017,8
-0.9740183751355893,0.8609673327043197,8
-0.9731412943886433,0.8630183030917777,8
-0.9714531004286844,0.8628027958702518,8
-0.9731412943886433,0.8630183030917777,8
-0.9779358087880698,0.8629087193900205,8
-0.9810421942826508,0.8625834971460318,8
-0.9810421942826508,0.8625834971460318,8
-0.9803332123617956,0.8628536320675426,8
-0.9810421942826508,0.8625834971460318,8
-0.9803332123617956,0.8628536320675426,8
-0.9793537401022192,0.862368515207363,8
-0.9793537401022192,0.862368515207363,8
-0.9789152485200869,0.8633939019105608,8
-0.9789152485200869,0.8633939019105608,8
-0.9791857225950267,0.86414918652242,8
-0.9774972846783783,0.8639341717535718,8
-0.9774972846783783,0.8639341717535718,8
-0.9782062665992335,0.8636640368320627,8
-0.9777677262257605,0.86468952202579,8
-0.9777677262257605,0.86468952202579,8
-0.9777677262257605,0.86468952202579,8
-0.9777677262257605,0.86468952202579,8
-0.9780381677731445,0.8654448722980153,8
-0.9780381677731445,0.8654448722980153,8
-0.9780381677731445,0.8654448722980153,8
-0.9780381677731445,0.8654448722980153,8
-0.9790176400327191,0.865929989158186,8
-0.9783086093205267,0.8662002225702317,8
-0.9783086093205267,0.8662002225702317,8
-0.9780381677731445,0.8654448722980153,8
-0.9760793208366714,0.8644744415965882,8
-0.9731412943886433,0.8630183030917777,8
-0.972432361259127,0.863288339522752,8
-0.9721620172944192,0.8625327922694606,8
-0.9731412943886433,0.8630183030917777,8
-0.9753703389158197,0.8647445765180972,8
-0.9785790508679124,0.8669555728424534,8
-0.9824314114943267,0.8732126018647808,8
-0.9808085670446776,0.8686808941936004,8
-0.9808085670446776,0.8686808941936004,8
-0.9800994712773683,0.868951258926355,8
-0.9800994712773683,0.868951258926355,8
-0.9800994712773683,0.868951258926355,8
-0.9800994712773683,0.868951258926355,8
-0.9798290134662064,0.8681959414843128,8
-0.9798290134662064,0.8681959414843128,8
-0.9798290134662064,0.8681959414843128,8
-0.9798290134662064,0.8681959414843128,8
-0.9791199339626786,0.8684662733868951,8
-0.9791199339626786,0.8684662733868951,8
-0.9791199339626786,0.8684662733868951,8
-0.9788494924152946,0.8677109231146733,8
-0.9788494924152946,0.8677109231146733,8
-0.9788494924152946,0.8677109231146733,8
-0.9785790508679124,0.8669555728424534,8
-0.9769564015836139,0.8624234712091301,8
-0.9773948931657443,0.8613980845059395,8
-0.9781038262952606,0.861128048074967,8
-0.9796242304409404,0.8631237669890517,8
-0.9796242304409404,0.8631237669890517,8
-0.9793537401022192,0.862368515207363,8
-0.9793537401022192,0.862368515207363,8
-0.9790832497634998,0.8616132634256779,8
-0.9783743003702039,0.8618833326868298,8
-0.9790832497634998,0.8616132634256779,8
-0.9788127594247769,0.860858011643991,8
-0.9783743003702039,0.8618833326868298,8
-0.9750999461597729,0.8639891277553424,8
-0.977665350976908,0.8621534019479782,8
-0.9797266707449097,0.8656597557461474,8
-0.9809766821345445,0.8669000258974737,8
-0.9807061917958233,0.8661447741157886,8
-0.9807061917958233,0.8661447741157886,8
-0.9802676188947945,0.8671703249698748,8
-0.9798290134662064,0.8681959414843128,8
-0.9795585556550446,0.8674406240422741,8
-0.9795585556550446,0.8674406240422741,8
-0.9788494924152946,0.8677109231146733,8
-0.9785790508679124,0.8669555728424534,8
-0.9778700038919421,0.867225839084675,8
-0.9778700038919421,0.867225839084675,8
-0.978410854459149,0.8687366052894738,8
-0.9796608170574448,0.8699769739313332,8
-0.9796608170574448,0.8699769739313332,8
-0.9796608170574448,0.8699769739313332,8
-0.9786812797427515,0.8694919883918732,8
-0.9786812797427515,0.8694919883918732,8
-0.9786812797427515,0.8694919883918732,8
-0.979931258604827,0.870732324203555,8
-0.979931258604827,0.870732324203555,8
-0.979931258604827,0.870732324203555,8
-0.979931258604827,0.870732324203555,8
-0.9802017001522092,0.8714876744757749,8
-0.9821609374193851,0.872457317252918,8
-0.9821609374193851,0.872457317252918,8
-0.9821609374193851,0.872457317252918,8
-0.9821609374193851,0.872457317252918,8
-0.9824314114943267,0.8732126018647808,8
-0.9818904633444454,0.8717020326410534,8
-0.9823291338281468,0.8706762848058975,8
-0.9823291338281468,0.8706762848058975,8
-0.9816199892695003,0.8709467480291906,8
-0.9816199892695003,0.8709467480291906,8
-0.9818904633444454,0.8717020326410534,8
-0.9818904633444454,0.8717020326410534,8
-0.9818904633444454,0.8717020326410534,8
-0.9818904633444454,0.8717020326410534,8
-0.9816199892695003,0.8709467480291906,8
-0.9816199892695003,0.8709467480291906,8
-0.9806403868996938,0.8704618938104396,8
-0.9810790411196173,0.869436178805465,8
-0.9810790411196173,0.869436178805465,8
-0.9810790411196173,0.869436178805465,8
-0.9813495151945606,0.8701914634173278,8
-0.9824314114943267,0.8732126018647808,8
-0.9821609374193851,0.872457317252918,8
-0.9842225661991932,0.8759630472776934,8
-0.9842225661991932,0.8759630472776934,8
-0.9834110951830315,0.8736972919326362,8
-0.9842225661991932,0.8759630472776934,8
-0.9823652325312757,0.8775304766535363,8
-0.9829723596442097,0.8747231710885046,8
-0.982804049388994,0.8765044333467742,8
-0.981722218144343,0.8734831635786051,8
-0.9842225661991932,0.8759630472776934,8
-0.9842225661991932,0.8759630472776934,8
-0.9821609374193851,0.872457317252918,8
-0.984017945811722,0.8708905444806394,8
-0.9851657120627326,0.8695944319127271,8
-0.984017945811722,0.8708905444806394,8
-0.9810790411196173,0.869436178805465,8
-0.979997144819853,0.8664150403580138,8
-0.9793903755100608,0.869221623659115,8
-0.9793903755100608,0.869221623659115,8
-0.9796608170574448,0.8699769739313332,8
-0.9803699290885302,0.8697065763683973,8
-0.9800994712773683,0.868951258926355,8
-0.9754061448709166,0.8715993593089486,8
-0.9789517050263576,0.8702473714942727,8
-0.9800994712773683,0.868951258926355,8
-0.9800994712773683,0.868951258926355,8
-0.9800994712773683,0.868951258926355,8
-0.9800994712773683,0.868951258926355,8
-0.9803699290885302,0.8697065763683973,8
-0.9800994712773683,0.868951258926355,8
-0.9800994712773683,0.868951258926355,8
-0.9800994712773683,0.868951258926355,8
-0.9791199339626786,0.8684662733868951,8
-0.9791199339626786,0.8684662733868951,8
-0.9791199339626786,0.8684662733868951,8
-0.9793903755100608,0.869221623659115,8
-0.9793903755100608,0.869221623659115,8
-0.9793903755100608,0.869221623659115,8
-0.9793903755100608,0.869221623659115,8
-0.9800994712773683,0.868951258926355,8
-0.9795585556550446,0.8674406240422741,8
-0.9789152485200869,0.8633939019105608,8
-0.97945619666997,0.8649044711342846,8
-0.9810790411196173,0.869436178805465,8
-0.9816199892695003,0.8709467480291906,8
-0.9813495151945606,0.8701914634173278,8
-0.9813495151945606,0.8701914634173278,8
-0.9820586434894274,0.8699210330242124,8
-0.9820586434894274,0.8699210330242124,8
-0.9820586434894274,0.8699210330242124,8
-0.9820586434894274,0.8699210330242124,8
-0.9816199892695003,0.8709467480291906,8
-0.9806403868996938,0.8704618938104396,8
-0.9806403868996938,0.8704618938104396,8
-0.9809108447108557,0.8712172112524819,8
-0.9809108447108557,0.8712172112524819,8
-0.9816199892695003,0.8709467480291906,8
-0.9816199892695003,0.8709467480291906,8
-0.9811813025220193,0.8719725286945206,8
-0.9811813025220193,0.8719725286945206,8
-0.9816199892695003,0.8709467480291906,8
-0.9816199892695003,0.8709467480291906,8
-0.9816199892695003,0.8709467480291906,8
-0.9816199892695003,0.8709467480291906,8
-0.9811813025220193,0.8719725286945206,8
-0.9814517603331812,0.8727278461365628,8
-0.9814517603331812,0.8727278461365628,8
-0.9807425832469754,0.872998375020213,8
-0.9807425832469754,0.872998375020213,8
-0.9807425832469754,0.872998375020213,8
-0.9807425832469754,0.872998375020213,8
-0.9807425832469754,0.872998375020213,8
-0.9807425832469754,0.872998375020213,8
-0.9800334061607732,0.873268903903865,8
-0.9810130247943594,0.8737537252924348,8
-0.982804049388994,0.8765044333467742,8
-0.9819926759555049,0.8742384810206474,8
-0.981722218144343,0.8734831635786051,8
-0.981722218144343,0.8734831635786051,8
-0.9810130247943594,0.8737537252924348,8
-0.9803038314443757,0.8740242870062644,8
-0.9803038314443757,0.8740242870062644,8
-0.9795946380943921,0.874294848720087,8
-0.9793242290745692,0.8735394327875099,8
-0.978615051988367,0.8738099616711601,8
-0.9793242290745692,0.8735394327875099,8
-0.9795946380943921,0.874294848720087,8
-0.9795946380943921,0.874294848720087,8
-0.9795946380943921,0.874294848720087,8
-0.9807425832469754,0.872998375020213,8
-0.9807425832469754,0.872998375020213,8
-0.9807425832469754,0.872998375020213,8
-0.9800334061607732,0.873268903903865,8
-0.9800334061607732,0.873268903903865,8
-0.9793242290745692,0.8735394327875099,8
-0.979426230256502,0.8760763079594263,8
-0.9790892194153642,0.8796396204002477,8
-0.9802374085246406,0.8783426542476924,8
-0.979426230256502,0.8760763079594263,8
-0.9802374085246406,0.8783426542476924,8
-0.9801354561340414,0.8758056805852412,8
-0.9809466831935172,0.8780719283829743,8
-0.9809466831935172,0.8780719283829743,8
-0.9795946380943921,0.874294848720087,8
-0.9795946380943921,0.874294848720087,8
-0.9795946380943921,0.874294848720087,8
-0.9804721416995932,0.8722430247479931,8
-0.984017945811722,0.8708905444806394,8
-0.9804721416995932,0.8722430247479931,8
-0.9797629808771688,0.8725135208014656,8
-0.977094745425358,0.8718140457760111,8
-0.9790538200547445,0.8727840168549346,8
-0.9797629808771688,0.8725135208014656,8
-0.9797629808771688,0.8725135208014656,8
-0.9797629808771688,0.8725135208014656,8
-0.9794925555935645,0.8717581376990662,8
-0.9814517603331812,0.8727278461365628,8
-0.9839520758604721,0.8752077954960047,8
-0.9849318246042973,0.8756923542431512,8
-0.9824314114943267,0.8732126018647808,8
-0.986518489031921,0.8733700342175812,8
-0.986789044425759,0.874125154678552,8
-0.9857068228504087,0.871104672834667,8
-0.9872277149094622,0.8730994068434015,8
-0.986789044425759,0.874125154678552,8
-0.9835133077940927,0.8762337403122356,8
-0.9830745072001559,0.8772597507888165,8
-0.9820947909838935,0.8767751263813182,8
-0.9820947909838935,0.8767751263813182,8
-0.981385532578793,0.8770458194158586,8
-0.9820947909838935,0.8767751263813182,8
-0.9820947909838935,0.8767751263813182,8
-0.9809466831935172,0.8780719283829743,8
-0.982804049388994,0.8765044333467742,8
-0.9832428337191512,0.875478455700371,8
-0.9823291338281468,0.8706762848058975,8
-0.979931258604827,0.870732324203555,8
-0.9787834110349181,0.8720286009223557,8
-0.9787834110349181,0.8720286009223557,8
-0.979931258604827,0.870732324203555,8
-0.9800334061607732,0.873268903903865,8
-0.9795946380943921,0.874294848720087,8
-0.9807425832469754,0.872998375020213,8
-0.9820947909838935,0.8767751263813182,8
-0.9832428337191512,0.875478455700371,8
-0.9824314114943267,0.8732126018647808,8
-0.9832428337191512,0.875478455700371,8
-0.9825335915778304,0.8757491159047301,8
-0.9824314114943267,0.8732126018647808,8
-0.9832428337191512,0.875478455700371,8
-0.9825335915778304,0.8757491159047301,8
-0.9827018855692682,0.8739678864766418,8
-0.9835133077940927,0.8762337403122356,8
-0.981385532578793,0.8770458194158586,8
-0.9812834663417416,0.874509075564653,8
-0.9812834663417416,0.874509075564653,8
-0.9812834663417416,0.874509075564653,8
-0.981385532578793,0.8770458194158586,8
-0.9816559578623973,0.877801202518258,8
-0.9808446820115844,0.8755350532110615,8
-0.9820947909838935,0.8767751263813182,8
-0.9809466831935172,0.8780719283829743,8
-0.9801354561340414,0.8758056805852412,8
-0.9812170922133419,0.8788273443155497,8
-0.9802374085246406,0.8783426542476924,8
-0.9787170043789555,0.8763469353336113,8
-0.9765893267463319,0.8771588174561646,8
-0.979155837500457,0.8753208591966697,8
-0.9820947909838935,0.8767751263813182,8
-0.9812170922133419,0.8788273443155497,8
-0.9832428337191512,0.875478455700371,8
-0.9845589915442794,0.8724009167232936,8
-0.982767771784296,0.8696506026310971,8
-0.982767771784296,0.8696506026310971,8
-0.9844565675040879,0.8698648951360184,8
-0.9846246012750584,0.8680841909907819,8
-0.9848951566688964,0.8688393114517545,8
-0.9854362674565724,0.8703495523736962,8
-0.9854362674565724,0.8703495523736962,8
-0.9855387240243214,0.8728855083006177,8
-0.9825335915778304,0.8757491159047301,8
-0.982804049388994,0.8765044333467742,8
-0.9836815855217509,0.8744525437143196,8
-0.9820947909838935,0.8767751263813182,8
-0.9842225661991932,0.8759630472776934,8
-0.9853705601431155,0.8746664750872775,8
-0.9842225661991932,0.8759630472776934,8
-0.9823652325312757,0.8775304766535363,8
-0.9839520758604721,0.8752077954960047,8
-0.9842225661991932,0.8759630472776934,8
-0.982804049388994,0.8765044333467742,8
-0.9835133077940927,0.8762337403122356,8
-0.9856410830093978,0.875421661208609,8
-0.9840542559439758,0.8777443095359612,8
-0.9859116058756765,0.8761768473299387,8
-0.9860138510142971,0.8787132300491773,8
-0.9878712660011093,0.8771456365224388,8
-0.9866208805445549,0.8759061214652171,8
-0.9876007106072713,0.8763905160614698,8
-0.9842225661991932,0.8759630472776934,8
-0.9856410830093978,0.875421661208609,8
-0.9839520758604721,0.8752077954960047,8
-0.9877688582246975,0.874609582104986,8
-0.9930043525644727,0.8734695886827382,8
-0.9946936199338587,0.8736829291124906,8
-0.9954029108665186,0.8734121704175912,8
-0.9946936199338587,0.8736829291124906,8
-0.9954029108665186,0.8734121704175912,8
-0.9963829523583669,0.8738961382215233,8
-0.9961122017991801,0.8731414117226919,8
-0.9944229019022313,0.872928136953302,8
-0.9948614422757025,0.8719026517595729,8
-0.9951321765711114,0.8726574110885821,8
-0.9955707006808048,0.8716319587250307,8
-0.9955707006808048,0.8716319587250307,8
-0.9958414512399933,0.8723866852238622,8
-0.9955707006808048,0.8716319587250307,8
-0.9935077707986579,0.8681288551145272,8
-0.9927985937124539,0.8683993839981792,8
-0.9935077707986579,0.8681288551145272,8
-0.9935077707986579,0.8681288551145272,8
-0.9929663022078401,0.8666193364565089,8
-0.994152183870602,0.8721733447941151,8
-0.9951321765711114,0.8726574110885821,8
-0.9959443794573364,0.8749216890756077,8
-0.9961122017991801,0.8731414117226919,8
-0.9955707006808048,0.8716319587250307,8
-0.9958414512399933,0.8723866852238622,8
-0.9961122017991801,0.8731414117226919,8
-0.9951321765711114,0.8726574110885821,8
-0.9956736451619257,0.8741669297466004,8
-0.9951321765711114,0.8726574110885821,8
-0.9963829523583669,0.8738961382215233,8
-0.9986139160114806,0.8756185376867887,8
-0.9974659545951194,0.8769150442168421,8
-0.9986139160114806,0.8756185376867887,8
-0.9949643379654898,0.8744377212716756,8
-0.9930043525644727,0.8734695886827382,8
-0.9954029108665186,0.8734121704175912,8
-0.9946936199338587,0.8736829291124906,8
-0.9961122017991801,0.8731414117226919,8
-0.9970922595548064,0.8736253466964445,8
-0.9937136272333511,0.8731988628180201,8
-0.992733667060401,0.8727147308631977,8
-0.9930043525644727,0.8734695886827382,8
-0.9922950778955926,0.8737403145474616,8
-0.9915858032267142,0.8740110404121797,8
-0.9887487045511936,0.8750939438710592,8
-0.9887487045511936,0.8750939438710592,8
-0.9890192924725891,0.8758489986716747,8
-0.9897285834052472,0.8755782399767753,8
-0.9894579792200737,0.8748232180063411,8
-0.9889167708497215,0.873313174065462,8
-0.9893553925420893,0.8722875247208446,8
-0.9910444972736858,0.8725011934523756,8
-0.9910444972736858,0.8725011934523756,8
-0.9913151502502018,0.8732561169322821,8
-0.9910444972736858,0.8725011934523756,8
-0.9921922960522593,0.8712050152241062,8
-0.9912124009344261,0.8707207519485696,8
-0.9902325383441486,0.8702364230126758,8
-0.9892527082814322,0.8697520284164195,8
-0.9882729107462715,0.8692675681598168,8
-0.9882729107462715,0.8692675681598168,8
-0.9877316698483636,0.867757589879302,8
-0.9881701614304994,0.8667322031761042,8
-0.9886086204850741,0.8657068821332707,8
-0.9890470470120896,0.8646816267507891,8
-0.9890470470120896,0.8646816267507891,8
-0.9887763777717993,0.8639267361010674,8
-0.9894854410115492,0.8636564370286681,8
-0.9894854410115492,0.8636564370286681,8
-0.9901945042512992,0.8633861379562671,8
-0.9901945042512992,0.8633861379562671,8
-0.9901945042512992,0.8633861379562671,8
-0.9897561265156192,0.8644112948482103,8
-0.9897561265156192,0.8644112948482103,8
-0.9887763777717993,0.8639267361010674,8
-0.9887763777717993,0.8639267361010674,8
-0.9873582512922994,0.8644673342458677,8
-0.9863785676035928,0.8639826441780141,8
-0.9844192978088575,0.8630130670612282,8
-0.984148709887462,0.8622580122606092,8
-0.9831691400452112,0.8617730923815046,8
-0.9828985683875953,0.8610180047507132,8
-0.9821896027305215,0.8612881068420428,8
-0.9821896027305215,0.8612881068420428,8
-0.9812100979433893,0.8608030556422221,8
-0.9829634787758685,0.8567026907158724,8
-0.9834017426650945,0.8556777636351782,8
-0.9834017426650945,0.8556777636351782,8
-0.9835693373140302,0.8538979459047589,8
-0.9842781728608703,0.8536281064548561,8
-0.9842781728608703,0.8536281064548561,8
-0.9849870084077104,0.8533582670049551,8
-0.9849870084077104,0.8533582670049551,8
-0.9847163391674183,0.8526033763552299,8
-0.9847163391674183,0.8526033763552299,8
-0.9840075198843561,0.852873182974955,8
-0.9832987006012956,0.85314298959468,8
-0.9828605017671848,0.8541677853546634,8
-0.9838399740267629,0.8546529022148377,8
-0.9860696853688786,0.8563778296038436,8
-0.9859020907199447,0.8581576473342629,8
-0.9864433966729713,0.8596674942940634,8
-0.9874230315703372,0.8601522828524573,8
-0.9862757044413648,0.8614475090055507,8
-0.9858373267056812,0.8624726658974993,8
-0.9844192978088575,0.8630130670612282,8
-0.9846898857302548,0.86376812186184,8
-0.9846898857302548,0.86376812186184,8
-0.9859401248127959,0.8650079323906681,8
-0.9842514266756801,0.8647934429046806,8
-0.9849604736516504,0.8645231766624555,8
-0.9839808550180624,0.8640383552738822,8
-0.9844192978088575,0.8630130670612282,8
-0.9888409954120458,0.8596120130094391,8
-0.9913027726693322,0.8552426950480019,8
-0.9933258957066915,0.8518990920915428,8
-0.9943689121970891,0.8480716526518677,8
-0.9964953212549386,0.847262331283229,8
-0.9962243755304012,0.8465079987465387,8
-1.212014830678056,0.6329883727339869,8
-1.2137042769490165,0.6332013520317705,8
-1.2121673000123394,0.6312390870694831,8
-1.211461066670168,0.6315036736908421,8
-1.212873533354509,0.6309745004481258,8
-1.2146874898778073,0.6336789179509097,8
-1.2149644206730894,0.6344211689819463,8
-1.2142581060120197,0.6346859197541956,8
-1.2142581060120197,0.6346859197541956,8
-1.2129979948155079,0.6334660371436627,8
-1.2113085648083288,0.633253025015696,8
-1.2111841846662248,0.6307613241692724,8
-1.211461066670168,0.6315036736908421,8
-1.2110316990681635,0.6325106426639504,8
-1.2113085648083288,0.633253025015696,8
-1.212014830678056,0.6329883727339869,8
-1.212721096547785,0.6327237204522707,8
-1.214410559082527,0.6329366669198748,8
-1.213427362417514,0.6324590681705544,8
-1.214410559082527,0.6329366669198748,0
-1.2118904017446166,0.6304967703780928,0
-1.2118904017446166,0.6304967703780928,0
-1.2118904017446166,0.6304967703780928,0
-1.2118904017446166,0.6304967703780928,0
-1.2106304206583385,0.6292766251261313,0
-1.2096473703673407,0.628798730905201,0
-1.2102011018476695,0.6302834956086993,0
-1.2100485999858286,0.6320328469335532,0
-1.209771750509443,0.6312904317516299,0
-1.209771750509443,0.6312904317516299,0
-1.210477967587833,0.6310258779604521,0
-1.210477967587833,0.6310258779604521,0
-1.209771750509443,0.6312904317516299,0
-1.209771750509443,0.6312904317516299,0
-1.211461066670168,0.6315036736908421,0
-1.211461066670168,0.6315036736908421,0
-1.211461066670168,0.6315036736908421,0
-1.2106022989385998,0.6335176772974123,0
-1.2106022989385998,0.6335176772974123,0
-1.2106022989385998,0.6335176772974123,0
-1.2096191998562649,0.6330398815670222,0
-1.2096191998562649,0.6330398815670222,0
-1.2108791484149855,0.6342600924793409,0
-1.2098960330688708,0.6337823295791267,0
-1.211155997891371,0.635002507661266,0
-1.2101728662814768,0.634524777591233,0
-1.2101728662814768,0.634524777591233,0
-1.20946658414797,0.6347894627031234,0
-1.2101728662814768,0.634524777591233,0
-1.2110033659192947,0.6367521216275485,0
-1.2110033659192947,0.6367521216275485,0
-1.2110033659192947,0.6367521216275485,0
-1.2112801991319024,0.637494569639653,0
-1.211432847367755,0.6357449228431928,0
-1.2100202180456225,0.6362744243876914,0
-1.2093139033845528,0.6365391751599443,0
-1.207624505904933,0.6363260973716223,0
-1.207624505904933,0.6363260973716223,0
-1.2069182075076466,0.6365908153136921,0
-1.2081780422199095,0.6378112560372582,0
-1.2079012740624204,0.6370686767044429,0
-1.2071949594013542,0.6373334274766922,0
-1.2074717112950655,0.6380760396396887,0
-1.2081780422199095,0.6378112560372582,0
-1.2081780422199095,0.6378112560372582,0
-1.2084548103774004,0.6385538353700788,0
-1.2084548103774004,0.6385538353700788,0
-1.2087315785348896,0.6392964147028977,0
-1.2087315785348896,0.6392964147028977,0
-1.2087315785348896,0.6392964147028977,0
-1.2087315785348896,0.6392964147028977,0
-1.2090083466923787,0.6400389940357165,0
-1.2090083466923787,0.6400389940357165,0
-1.2090083466923787,0.6400389940357165,0
-1.2097147264085617,0.6397741119427529,0
-1.2090083466923787,0.6400389940357165,0
-1.2087315785348896,0.6392964147028977,0
-1.2106979068097932,0.6402517435222563,0
-1.212817094749683,0.6394569987528289,0
-1.2133707937024525,0.6409418291166844,0
-1.2133707937024525,0.6409418291166844,0
-1.2126643651949323,0.6412068097001828,0
-1.2126643651949323,0.6412068097001828,0
-1.2126643651949323,0.6412068097001828,0
-1.211957936687412,0.6414717902836831,0
-1.211957936687412,0.6414717902836831,0
-1.2114043027897594,0.6399868285991115,0
-1.2122347536362383,0.6422142711259617,0
-1.2112515081798882,0.6417367708671797,0
-1.2114043027897594,0.6399868285991115,0
-1.2111274858409313,0.6392443477568257,0
-1.2104211061247447,0.6395092298497946,0
-1.2104211061247447,0.6395092298497946,0
-1.2094379419872912,0.6390315654401135,0
-1.2094379419872912,0.6390315654401135,0
-1.2091611575660242,0.6382890189374724,0
-1.2087315785348896,0.6392964147028977,0
-1.2087315785348896,0.6392964147028977,0
-1.2087315785348896,0.6392964147028977,0
-1.2073188516300828,0.6398261132284695,0
-1.2073188516300828,0.6398261132284695,0
-1.2073188516300828,0.6398261132284695,0
-1.2070421160001512,0.6390834682352935,0
-1.2073188516300828,0.6398261132284695,0
-1.2066124881776812,0.6400909624912519,0
-1.2073188516300828,0.6398261132284695,0
-1.2070421160001512,0.6390834682352935,0
-1.2068892075438313,0.6408336403146038,0
-1.207719365642287,0.6430616737846684,0
-1.2106689556373151,0.6444944700326349,0
-1.2106689556373151,0.6444944700326349,0
-1.2105159821258766,0.6462447734326631,0
-1.2106689556373151,0.6444944700326349,0
-1.2102392302321672,0.6455021612696683,0
-1.2106689556373151,0.6444944700326349,0
-1.20953273666953,0.645767273173881,0
-1.2106689556373151,0.6444944700326349,0
-1.2099624783384577,0.6447595491066718,0
-1.2099624783384577,0.6447595491066718,0
-1.2106689556373151,0.6444944700326349,0
-1.2101154193223351,0.6430093113669937,0
-1.2092851148498696,0.6407815733685354,0
-1.209838651164846,0.6422667320341766,0
-1.2087025297797354,0.6435393381943495,0
-1.2099624783384577,0.6447595491066718,0
-1.210392187479826,0.6437518906998161,0
-1.208979265409667,0.644281983187529,0
-1.210392187479826,0.6437518906998161,0
-1.2113754329361726,0.6442293909586034,0
-1.2110986485149056,0.6434868444559605,0
-1.210821864093635,0.6427442979533176,0
-1.2102682952510992,0.6412592049480352,0
-1.209838651164846,0.6422667320341766,0
-1.2101154193223351,0.6430093113669937,0
-1.208979265409667,0.644281983187529,0
-1.2101154193223351,0.6430093113669937,0
-1.208979265409667,0.644281983187529,0
-1.2087025297797354,0.6435393381943495,0
-1.2078723228899442,0.6413114032148215,0
-1.207012937134765,0.6433266543681686,0
-1.2063065086272413,0.6435916349516688,0
-1.207012937134765,0.6433266543681686,0
-1.208979265409667,0.644281983187529,0
-1.2102392302321672,0.6455021612696683,0
-1.2112224919522934,0.6459796286982744,0
-1.212205786199977,0.6464570304665234,0
-1.2114992601097843,0.6467222080310933,0
-1.2114992601097843,0.6467222080310933,0
-1.2114992601097843,0.6467222080310933,0
-1.2114992601097843,0.6467222080310933,0
-1.2114992601097843,0.6467222080310933,0
-1.2114992601097843,0.6467222080310933,0
-1.2102392302321672,0.6455021612696683,0
-1.2102392302321672,0.6455021612696683,0
-1.2092560010395985,0.6450246281807033,0
-1.20953273666953,0.645767273173881,0
-1.20953273666953,0.645767273173881,0
-1.20953273666953,0.645767273173881,0
-1.208549523740741,0.6452897072547312,0
-1.2081490585198758,0.6420540482079975,0
-1.2071659269099833,0.641576318137961,0
-1.2084257941498073,0.642796693201177,0
-1.2078723228899442,0.6413114032148215,0
-1.2094089745510352,0.6432743247806734,0
-1.2106689556373151,0.6444944700326349,0
-1.2109457237948043,0.6452370493654556,0
-1.2114992601097843,0.6467222080310933,0
-1.21192900177871,0.645714483963884,0
-1.2112224919522934,0.6459796286982744,0
-1.21192900177871,0.645714483963884,0
-1.2112224919522934,0.6459796286982744,0
-1.2114992601097843,0.6467222080310933,0
-1.2112224919522934,0.6459796286982744,0
-1.21192900177871,0.645714483963884,0
-1.212205786199977,0.6464570304665234,0
-1.2112224919522934,0.6459796286982744,0
-1.21192900177871,0.645714483963884,0
-1.213189112975222,0.6469343665744205,0
-1.213189112975222,0.6469343665744205,0
-1.21192900177871,0.645714483963884,0
-1.2109457237948043,0.6452370493654556,0
-1.21192900177871,0.645714483963884,0
-1.2109457237948043,0.6452370493654556,0
-1.2113754329361726,0.6442293909586034,0
-1.21192900177871,0.645714483963884,0
-1.2116522173574413,0.6449719374612428,0
-1.2116522173574413,0.6449719374612428,0
-1.2106689556373151,0.6444944700326349,0
-1.210392187479826,0.6437518906998161,0
-1.2110986485149056,0.6434868444559605,0
-1.2110986485149056,0.6434868444559605,0
-1.2110986485149056,0.6434868444559605,0
-1.2110986485149056,0.6434868444559605,0
-1.2116522173574413,0.6449719374612428,0
-1.2113754329361726,0.6442293909586034,0
-1.21192900177871,0.645714483963884,0
-1.212205786199977,0.6464570304665234,0
-1.21192900177871,0.645714483963884,0
-1.2110986485149056,0.6434868444559605,0
-1.2110986485149056,0.6434868444559605,0
-1.2091322226573258,0.6425317126176768,0
-1.2091322226573258,0.6425317126176768,0
-1.208979265409667,0.644281983187529,0
-1.210392187479826,0.6437518906998161,0
-1.2092560010395985,0.6450246281807033,0
-1.2110986485149056,0.6434868444559605,0
-1.21192900177871,0.645714483963884,0
-1.21192900177871,0.645714483963884,0
-1.2136188383803734,0.6459266753373853,0
-1.2126355116051268,0.6454493392294953,0
-1.2130652044827208,0.6444417136528173,0
-1.2136188383803734,0.6459266753373853,0
-1.212205786199977,0.6464570304665234,0
-1.212205786199977,0.6464570304665234,0
-1.212205786199977,0.6464570304665234,0
-1.212205786199977,0.6464570304665234,0
-1.2117760282672716,0.6474647873639121,0
-1.2107927340195879,0.6469873855956632,0
-1.2114992601097843,0.6467222080310933,0
-1.2107927340195879,0.6469873855956632,0
-1.2105159821258766,0.6462447734326631,0
-1.2116522173574413,0.6449719374612428,0
-1.2096857264447483,0.6440169369436717,0
-1.2072896402371356,0.6440693650217018,0
-1.2072896402371356,0.6440693650217018,0
-1.2072896402371356,0.6440693650217018,0
-1.2081490585198758,0.6420540482079975,0
-1.2091322226573258,0.6425317126176768,0
-1.210821864093635,0.6427442979533176,0
-1.2110986485149056,0.6434868444559605,0
-1.2113754329361726,0.6442293909586034,0
-1.2105159821258766,0.6462447734326631,0
-1.2113754329361726,0.6442293909586034,0
-1.2112224919522934,0.6459796286982744,0
-1.2092560010395985,0.6450246281807033,0
-1.208979265409667,0.644281983187529,0
-1.2081490585198758,0.6420540482079975,0
-1.2087025297797354,0.6435393381943495,0
-1.2084257941498073,0.642796693201177,0
-1.2084257941498073,0.642796693201177,0
-1.2078723228899442,0.6413114032148215,0
-1.2071659269099833,0.641576318137961,0
-1.2078723228899442,0.6413114032148215,0
-1.2075955872600126,0.6405687582216455,0
-1.2071659269099833,0.641576318137961,0
-1.2067362340323928,0.6425839437146355,0
-1.207012937134765,0.6433266543681686,0
-1.2074426462761352,0.6423189959613129,0
-1.2084257941498073,0.642796693201177,0
-1.208979265409667,0.644281983187529,0
-1.2087025297797354,0.6435393381943495,0
-1.2091322226573258,0.6425317126176768,0
-1.2081490585198758,0.6420540482079975,0
-1.2074426462761352,0.6423189959613129,0
-1.2084257941498073,0.642796693201177,0
-1.2081490585198758,0.6420540482079975,0
-1.2094089745510352,0.6432743247806734,0
-1.2114992601097843,0.6467222080310933,0
-1.2102392302321672,0.6455021612696683,0
-1.2092560010395985,0.6450246281807033,0
-1.2092560010395985,0.6450246281807033,0
-1.20953273666953,0.645767273173881,0
-1.2114992601097843,0.6467222080310933,0
-1.2114992601097843,0.6467222080310933,0
-1.2107927340195879,0.6469873855956632,0
-1.2110694859132973,0.6477299977586597,0
-1.2105159821258766,0.6462447734326631,0
-1.20953273666953,0.645767273173881,0
-1.2087025297797354,0.6435393381943495,0
-1.2087025297797354,0.6435393381943495,0
-1.2092560010395985,0.6450246281807033,0
-1.2079960850084372,0.6438043516080221,0
-1.2079960850084372,0.6438043516080221,0
-1.2079960850084372,0.6438043516080221,0
-1.208979265409667,0.644281983187529,0
-1.208979265409667,0.644281983187529,0
-1.2079960850084372,0.6438043516080221,0
-1.2092560010395985,0.6450246281807033,0
-1.2107927340195879,0.6469873855956632,0
-1.2117760282672716,0.6474647873639121,0
-1.2134659136602703,0.6476768802468822,0
-1.2137427143453188,0.6484193939193457,0
-1.2134659136602703,0.6476768802468822,0
-1.2112224919522934,0.6459796286982744,0
-1.2112224919522934,0.6459796286982744,0
-1.2117760282672716,0.6474647873639121,0
-1.2114992601097843,0.6467222080310933,0
-1.2114992601097843,0.6467222080310933,0
-1.2114992601097843,0.6467222080310933,0
-1.2112224919522934,0.6459796286982744,0
-1.2114992601097843,0.6467222080310933,0
-1.2110694859132973,0.6477299977586597,0
-1.2110694859132973,0.6477299977586597,0
-1.2113462378070068,0.648472609921658,0
-1.2114992601097843,0.6467222080310933,0
-1.2107927340195879,0.6469873855956632,0
-1.2114992601097843,0.6467222080310933,0
-1.2114992601097843,0.6467222080310933,0
-1.2117760282672716,0.6474647873639121,0
-1.2114992601097843,0.6467222080310933,0
-1.2114992601097843,0.6467222080310933,0
-1.2114992601097843,0.6467222080310933,0
-1.2124825706212476,0.6471995769691627,0
-1.2130361394637852,0.6486846699744451,0
-1.2137427143453188,0.6484193939193457,0
-1.2134659136602703,0.6476768802468822,0
-1.213189112975222,0.6469343665744205,0
-1.2113462378070068,0.648472609921658,0
-1.2110694859132973,0.6477299977586597,0
-1.2107927340195879,0.6469873855956632,0
-1.20980947229946,0.6465099181670553,0
-1.20980947229946,0.6465099181670553,0
-1.20980947229946,0.6465099181670553,0
-1.20980947229946,0.6465099181670553,0
-1.2100862079293915,0.647252563160233,0
-1.2100862079293915,0.647252563160233,0
-1.2100862079293915,0.647252563160233,0
-1.2113462378070068,0.648472609921658,0
-1.210362943559323,0.6479952081534073,0
-1.2117760282672716,0.6474647873639121,0
-1.2134659136602703,0.6476768802468822,0
-1.2130361394637852,0.6486846699744451,0
-1.2127593550425146,0.6479421234718057,0
-1.2127593550425146,0.6479421234718057,0
-1.2127593550425146,0.6479421234718057,0
-1.2127593550425146,0.6479421234718057,0
-1.2137427143453188,0.6484193939193457,0
-1.2130361394637852,0.6486846699744451,0
-1.2117760282672716,0.6474647873639121,0
-1.2110694859132973,0.6477299977586597,0
-1.2107927340195879,0.6469873855956632,0
-1.2117760282672716,0.6474647873639121,0
-1.2117760282672716,0.6474647873639121,0
-1.2117760282672716,0.6474647873639121,0
-1.2114992601097843,0.6467222080310933,0
-1.2117760282672716,0.6474647873639121,0
-1.2117760282672716,0.6474647873639121,0
-1.2117760282672716,0.6474647873639121,0
-1.2120527964247607,0.648207366696731,0
-1.2117760282672716,0.6474647873639121,0
-1.2114992601097843,0.6467222080310933,0
-1.2114992601097843,0.6467222080310933,0
-1.2117760282672716,0.6474647873639121,0
-1.2114992601097843,0.6467222080310933,0
-1.2117760282672716,0.6474647873639121,0
-1.2114992601097843,0.6467222080310933,0
-1.2112224919522934,0.6459796286982744,0
-1.2102392302321672,0.6455021612696683,0
-1.2099624783384577,0.6447595491066718,0
-1.2092560010395985,0.6450246281807033,0
-1.2106689556373151,0.6444944700326349,0
-1.2117760282672716,0.6474647873639121,0
-1.2114992601097843,0.6467222080310933,0
-1.2114992601097843,0.6467222080310933,0
-1.2117760282672716,0.6474647873639121,0
-1.2114992601097843,0.6467222080310933,0
-1.2109457237948043,0.6452370493654556,0
-1.2092560010395985,0.6450246281807033,0
-1.2099624783384577,0.6447595491066718,0
-1.2114992601097843,0.6467222080310933,0
-1.2109457237948043,0.6452370493654556,0
-1.210392187479826,0.6437518906998161,0
-1.2109457237948043,0.6452370493654556,0
-1.2114992601097843,0.6467222080310933,0
-1.2100862079293915,0.647252563160233,0
-1.2110694859132973,0.6477299977586597,0
-1.21192900177871,0.645714483963884,0
-1.212205786199977,0.6464570304665234,0
-1.21192900177871,0.645714483963884,0
-1.2129123122901735,0.6461918529019535,0
-1.212205786199977,0.6464570304665234,0
-1.212205786199977,0.6464570304665234,0
-1.2114992601097843,0.6467222080310933,0
-1.212205786199977,0.6464570304665234,0
-1.2138956553291997,0.6466691561796676,0
-1.214172472278026,0.6474116370219534,0
-1.213189112975222,0.6469343665744205,0
-1.2138956553291997,0.6466691561796676,0
-1.214172472278026,0.6474116370219534,0
-1.21192900177871,0.645714483963884,0
-1.21192900177871,0.645714483963884,0
-1.2096857264447483,0.6440169369436717,0
-1.208979265409667,0.644281983187529,0
-1.2087025297797354,0.6435393381943495,0
-1.2096857264447483,0.6440169369436717,0
-1.210392187479826,0.6437518906998161,0
-1.210821864093635,0.6427442979533176,0
-1.210392187479826,0.6437518906998161,0
-1.2113754329361726,0.6442293909586034,0
-1.2116522173574413,0.6449719374612428,0
-1.2113754329361726,0.6442293909586034,0
-1.2113754329361726,0.6442293909586034,0
-1.2110986485149056,0.6434868444559605,0
-1.2116522173574413,0.6449719374612428,0
-1.2113754329361726,0.6442293909586034,0
-1.210392187479826,0.6437518906998161,0
-1.2113754329361726,0.6442293909586034,0
-1.2116522173574413,0.6449719374612428,0
-1.2109457237948043,0.6452370493654556,0
-1.21192900177871,0.645714483963884,0
-1.2137427143453188,0.6484193939193457,0
-1.2137427143453188,0.6484193939193457,0
-1.2129123122901735,0.6461918529019535,0
-1.21192900177871,0.645714483963884,0
-1.2129123122901735,0.6461918529019535,0
-1.21192900177871,0.645714483963884,0
-1.2126355116051268,0.6454493392294953,0
-1.2136188383803734,0.6459266753373853,0
-1.2136188383803734,0.6459266753373853,0
-1.2144492892268524,0.6481541178642356,0
-1.2176764768321107,0.6503278191059216,0
-1.2161101909198155,0.652609002917945,0
-1.2185070740526047,0.6525549661611691,0
-1.2203212907963668,0.6552588583811012,0
-1.2201682684935928,0.6570092602716642,0
-1.220445134233758,0.6577516426234133,0
-1.221705700816086,0.6589706059889515,0
-1.221428818812143,0.6582282564673818,0
-1.221705700816086,0.6589706059889515,0
-1.221705700816086,0.6589706059889515,0
-1.2207219999739216,0.658494024975159,0
-1.2207219999739216,0.658494024975159,0
-1.220998865714087,0.6592364073269081,0
-1.2207219999739216,0.658494024975159,0
-1.220998865714087,0.6592364073269081,0
-1.2212757314542522,0.6599787896786573,0
-1.222412535918087,0.6587048046509949,0
-1.221428818812143,0.6582282564673818,0
-1.2205981728003117,0.6560012079026709,0
-1.2180772348010045,0.6535628872094499,0
-1.2157095305335996,0.6493737378333471,0
-1.2144492892268524,0.6481541178642356,0
-1.214172472278026,0.6474116370219534,0
-1.2112224919522934,0.6459796286982744,0
-1.2112224919522934,0.6459796286982744,0
-1.2109457237948043,0.6452370493654556,0
-1.21192900177871,0.645714483963884,0
-1.21192900177871,0.645714483963884,0
-1.2116522173574413,0.6449719374612428,0
-1.2106689556373151,0.6444944700326349,0
-1.210392187479826,0.6437518906998161,0
-1.2113754329361726,0.6442293909586034,0
-1.210392187479826,0.6437518906998161,0
-1.210392187479826,0.6437518906998161,0
-1.210392187479826,0.6437518906998161,0
-1.2101154193223351,0.6430093113669937,0
-1.2101154193223351,0.6430093113669937,0
-1.2101154193223351,0.6430093113669937,0
-1.2110986485149056,0.6434868444559605,0
-1.2110986485149056,0.6434868444559605,0
-1.2110986485149056,0.6434868444559605,0
-1.2113754329361726,0.6442293909586034,0
-1.2126355116051268,0.6454493392294953,0
-1.2126355116051268,0.6454493392294953,0
-1.2116522173574413,0.6449719374612428,0
-1.2123587109200802,0.6447068255570318,0
-1.2123587109200802,0.6447068255570318,0
-1.2123587109200802,0.6447068255570318,0
-1.2112224919522934,0.6459796286982744,0
-1.2123587109200802,0.6447068255570318,0
-1.2123587109200802,0.6447068255570318,0
-1.21208191023503,0.6439643118845666,0
-1.2130652044827208,0.6444417136528173,0
-1.2113754329361726,0.6442293909586034,0
-1.209838651164846,0.6422667320341766,0
-1.2105450796723662,0.6420017514506782,0
-1.209838651164846,0.6422667320341766,0
-1.2105450796723662,0.6420017514506782,0
-1.210392187479826,0.6437518906998161,0
-1.209838651164846,0.6422667320341766,0
-1.209838651164846,0.6422667320341766,0
-1.2112515081798882,0.6417367708671797,0
-1.21208191023503,0.6439643118845666,0
-1.21208191023503,0.6439643118845666,0
-1.2136188383803734,0.6459266753373853,0
-1.21487903089578,0.6471463937970299,0
-1.2130652044827208,0.6444417136528173,0
-1.2130652044827208,0.6444417136528173,0
-1.2127883875338927,0.6436992328105333,0
-1.2127883875338927,0.6436992328105333,0
-1.2127883875338927,0.6436992328105333,0
-1.2127883875338927,0.6436992328105333,0
-1.2130652044827208,0.6444417136528173,0
-1.2127883875338927,0.6436992328105333,0
-1.2116522173574413,0.6449719374612428,0
-1.2113754329361726,0.6442293909586034,0
-1.2113754329361726,0.6442293909586034,0
-1.2116522173574413,0.6449719374612428,0
-1.2123587109200802,0.6447068255570318,0
-1.2123587109200802,0.6447068255570318,0
-1.2116522173574413,0.6449719374612428,0
-1.2113754329361726,0.6442293909586034,0
-1.2113754329361726,0.6442293909586034,0
-1.2116522173574413,0.6449719374612428,0
-1.2116522173574413,0.6449719374612428,0
-1.2116522173574413,0.6449719374612428,0
-1.2127883875338927,0.6436992328105333,0
-1.2125115705850664,0.6429567519682475,0
-1.2123587109200802,0.6447068255570318,0
-1.2116522173574413,0.6449719374612428,0
-1.2112515081798882,0.6417367708671797,0
-1.2109747074948416,0.6409942571947198,0
-1.2109747074948416,0.6409942571947198,0
-1.2112515081798882,0.6417367708671797,0
-1.2116522173574413,0.6449719374612428,0
-1.21208191023503,0.6439643118845666,0
-1.2118051095499833,0.6432217982121067,0
-1.2127883875338927,0.6436992328105333,0
-1.2123587109200802,0.6447068255570318,0
-1.21192900177871,0.645714483963884,0
-1.2116522173574413,0.6449719374612428,0
-1.2116522173574413,0.6449719374612428,0
-1.2130652044827208,0.6444417136528173,0
-1.21208191023503,0.6439643118845666,0
-1.2118051095499833,0.6432217982121067,0
-1.2113754329361726,0.6442293909586034,0
-1.2116522173574413,0.6449719374612428,0
-1.21208191023503,0.6439643118845666,0
-1.21208191023503,0.6439643118845666,0
-1.2116522173574413,0.6449719374612428,0
-1.2123587109200802,0.6447068255570318,0
-1.21208191023503,0.6439643118845666,0
-1.210821864093635,0.6427442979533176,0
-1.21208191023503,0.6439643118845666,0
-1.21208191023503,0.6439643118845666,0
-1.21208191023503,0.6439643118845666,0
-1.2130652044827208,0.6444417136528173,0
-1.2127883875338927,0.6436992328105333,0
-1.2130652044827208,0.6444417136528173,0
-1.2134948648327502,0.6434341537364983,0
-1.21208191023503,0.6439643118845666,0
-1.210392187479826,0.6437518906998161,0
-1.2110986485149056,0.6434868444559605,0
-1.21208191023503,0.6439643118845666,0
-1.2118051095499833,0.6432217982121067,0
-1.2113754329361726,0.6442293909586034,0
-1.2133420214315453,0.6451841944951013,0
-1.21208191023503,0.6439643118845666,0
-1.2127883875338927,0.6436992328105333,0
-1.2118051095499833,0.6432217982121067,0
-1.211957936687412,0.6414717902836831,0
-1.2110986485149056,0.6434868444559605,0
-1.210821864093635,0.6427442979533176,0
-1.211957936687412,0.6414717902836831,0
-1.211957936687412,0.6414717902836831,0
-1.2112515081798882,0.6417367708671797,0
-1.2101154193223351,0.6430093113669937,0
-1.2101154193223351,0.6430093113669937,0
-1.208979265409667,0.644281983187529,0
-1.2087025297797354,0.6435393381943495,0
-1.2088554707636163,0.6417891004546767,0
-1.210821864093635,0.6427442979533176,0
-1.2113754329361726,0.6442293909586034,0
-1.2136188383803734,0.6459266753373853,0
-1.2136188383803734,0.6459266753373853,0
-1.2160152823911243,0.6458735249954284,0
-1.2160152823911243,0.6458735249954284,0
-1.2150318905607644,0.6453963202082456,0
-1.2136188383803734,0.6459266753373853,0
-1.2129123122901735,0.6461918529019535,0
-1.2116522173574413,0.6449719374612428,0
-1.2126355116051268,0.6454493392294953,0
-1.21192900177871,0.645714483963884,0
-1.2127883875338927,0.6436992328105333,0
-1.2116522173574413,0.6449719374612428,0
-1.2112224919522934,0.6459796286982744,0
-1.2126355116051268,0.6454493392294953,0
-1.2133420214315453,0.6451841944951013,0
-1.212205786199977,0.6464570304665234,0
-1.2129123122901735,0.6461918529019535,0
-1.2124825706212476,0.6471995769691627,0
-1.213189112975222,0.6469343665744205,0
-1.21192900177871,0.645714483963884,0
-1.2109457237948043,0.6452370493654556,0
-1.212205786199977,0.6464570304665234,0
-1.2138956553291997,0.6466691561796676,0
-1.2146021976831758,0.6464039457849253,0
-1.214048531257962,0.6449190497607127,0
-1.214048531257962,0.6449190497607127,0
-1.2133420214315453,0.6451841944951013,0
-1.212205786199977,0.6464570304665234,0
-1.213189112975222,0.6469343665744205,0
-1.2124825706212476,0.6471995769691627,0
-1.212205786199977,0.6464570304665234,0
-1.2129123122901735,0.6461918529019535,0
-1.2114992601097843,0.6467222080310933,0
-1.2105159821258766,0.6462447734326631,0
-1.2124825706212476,0.6471995769691627,0
-1.2114992601097843,0.6467222080310933,0
-1.212205786199977,0.6464570304665234,0
-1.2124825706212476,0.6471995769691627,0
-1.2138956553291997,0.6466691561796676,0
-1.213189112975222,0.6469343665744205,0
-1.2127593550425146,0.6479421234718057,0
-1.213189112975222,0.6469343665744205,0
-1.2124825706212476,0.6471995769691627,0
-1.2120527964247607,0.648207366696731,0
-1.21192900177871,0.645714483963884,0
-1.212205786199977,0.6464570304665234,0
-1.2138956553291997,0.6466691561796676,0
-1.2116522173574413,0.6449719374612428,0
-1.2116522173574413,0.6449719374612428,0
-1.213189112975222,0.6469343665744205,0
-1.213189112975222,0.6469343665744205,0
-1.213189112975222,0.6469343665744205,0
-1.213189112975222,0.6469343665744205,0
-1.2124825706212476,0.6471995769691627,0
-1.2124825706212476,0.6471995769691627,0
-1.2129123122901735,0.6461918529019535,0
-1.21192900177871,0.645714483963884,0
-1.212205786199977,0.6464570304665234,0
-1.21192900177871,0.645714483963884,0
-1.2126355116051268,0.6454493392294953,0
-1.2116522173574413,0.6449719374612428,0
-1.2126355116051268,0.6454493392294953,0
-1.2126355116051268,0.6454493392294953,0
-1.2129123122901735,0.6461918529019535,0
-1.2129123122901735,0.6461918529019535,0
-1.2129123122901735,0.6461918529019535,0
-1.2136188383803734,0.6459266753373853,0
-1.2136188383803734,0.6459266753373853,0
-1.2112224919522934,0.6459796286982744,0
-1.210392187479826,0.6437518906998161,0
-1.2113754329361726,0.6442293909586034,0
-1.210392187479826,0.6437518906998161,0
-1.210392187479826,0.6437518906998161,0
-1.2133420214315453,0.6451841944951013,0
-1.210392187479826,0.6437518906998161,0
-1.210821864093635,0.6427442979533176,0
-1.209838651164846,0.6422667320341766,0
-1.209838651164846,0.6422667320341766,0
-1.2091322226573258,0.6425317126176768,0
-1.209838651164846,0.6422667320341766,0
-1.209838651164846,0.6422667320341766,0
-1.2101154193223351,0.6430093113669937,0
-1.2105450796723662,0.6420017514506782,0
-1.2132180316201442,0.642691705724399,0
-1.21208191023503,0.6439643118845666,0
-1.2127883875338927,0.6436992328105333,0
-1.2113754329361726,0.6442293909586034,0
-1.21208191023503,0.6439643118845666,0
-1.211957936687412,0.6414717902836831,0
-1.2112515081798882,0.6417367708671797,0
-1.211681119738584,0.6407293094413937,0
-1.2095618830073587,0.6415241527013542,0
-1.2095618830073587,0.6415241527013542,0
-1.2105450796723662,0.6420017514506782,0
-1.2105450796723662,0.6420017514506782,0
-1.2105450796723662,0.6420017514506782,0
-1.2101154193223351,0.6430093113669937,0
-1.2105450796723662,0.6420017514506782,0
-1.210821864093635,0.6427442979533176,0
-1.2113754329361726,0.6442293909586034,0
-1.2113754329361726,0.6442293909586034,0
-1.2113754329361726,0.6442293909586034,0
-1.2110986485149056,0.6434868444559605,0
-1.2106689556373151,0.6444944700326349,0
-1.2106689556373151,0.6444944700326349,0
-1.2106689556373151,0.6444944700326349,0
-1.2116522173574413,0.6449719374612428,0
-1.2113754329361726,0.6442293909586034,0
-1.2116522173574413,0.6449719374612428,0
-1.210392187479826,0.6437518906998161,0
-1.2099624783384577,0.6447595491066718,0
-1.2099624783384577,0.6447595491066718,0
-1.2101154193223351,0.6430093113669937,0
-1.2099624783384577,0.6447595491066718,0
-1.2106689556373151,0.6444944700326349,0
-1.2094089745510352,0.6432743247806734,0
-1.2109457237948043,0.6452370493654556,0
-1.2129123122901735,0.6461918529019535,0
-1.2129123122901735,0.6461918529019535,0
-1.2116522173574413,0.6449719374612428,0
-1.2112224919522934,0.6459796286982744,0
-1.2116522173574413,0.6449719374612428,0
-1.2109457237948043,0.6452370493654556,0
-1.2112224919522934,0.6459796286982744,0
-1.2106689556373151,0.6444944700326349,0
-1.2101154193223351,0.6430093113669937,0
-1.2095618830073587,0.6415241527013542,0
-1.2088554707636163,0.6417891004546767,0
-1.209838651164846,0.6422667320341766,0
-1.2094089745510352,0.6432743247806734,0
-1.2101154193223351,0.6430093113669937,0
-1.209838651164846,0.6422667320341766,0
-1.209838651164846,0.6422667320341766,0
-1.211528308864935,0.6424792845396414,0
-1.2106689556373151,0.6444944700326349,0
-1.2109457237948043,0.6452370493654556,0
-1.2109457237948043,0.6452370493654556,0
-1.212205786199977,0.6464570304665234,0
-1.2112224919522934,0.6459796286982744,0
-1.2102392302321672,0.6455021612696683,0
-1.2102392302321672,0.6455021612696683,0
-1.2109457237948043,0.6452370493654556,0
-1.2105159821258766,0.6462447734326631,0
-1.2102392302321672,0.6455021612696683,0
-1.2102392302321672,0.6455021612696683,0
-1.21192900177871,0.645714483963884,0
-1.2117760282672716,0.6474647873639121,0
-1.2114992601097843,0.6467222080310933,0
-1.2112224919522934,0.6459796286982744,0
-1.2105159821258766,0.6462447734326631,0
-1.2117760282672716,0.6474647873639121,0
-1.2117760282672716,0.6474647873639121,0
-1.2124825706212476,0.6471995769691627,0
-1.2117760282672716,0.6474647873639121,0
-1.212205786199977,0.6464570304665234,0
-1.2117760282672716,0.6474647873639121,0
-1.2117760282672716,0.6474647873639121,0
-1.2124825706212476,0.6471995769691627,0
-1.212205786199977,0.6464570304665234,0
-1.2109457237948043,0.6452370493654556,0
-1.2116522173574413,0.6449719374612428,0
-1.2116522173574413,0.6449719374612428,0
-1.21192900177871,0.645714483963884,0
-1.21192900177871,0.645714483963884,0
-1.212205786199977,0.6464570304665234,0
-1.212205786199977,0.6464570304665234,0
-1.21192900177871,0.645714483963884,0
-1.2144492892268524,0.6481541178642356,0
-1.2147261061756822,0.6488965987065214,0
-1.2166929874190764,0.6498508112998103,0
-1.2166929874190764,0.6498508112998103,0
-1.2164161379426908,0.6491083961178852,0
-1.2144492892268524,0.6481541178642356,0
-1.2151558641083877,0.6478888418091362,0
-1.2147261061756822,0.6488965987065214,0
-1.2164161379426908,0.6491083961178852,0
-1.2164161379426908,0.6491083961178852,0
-1.2144492892268524,0.6481541178642356,0
-1.2117760282672716,0.6474647873639121,0
-1.2107927340195879,0.6469873855956632,0
-1.212205786199977,0.6464570304665234,0
-1.2120527964247607,0.648207366696731,0
-1.212205786199977,0.6464570304665234,0
-1.2124825706212476,0.6471995769691627,0
-1.2124825706212476,0.6471995769691627,0
-1.2123295645822516,0.6489499460295516,0
-1.2110694859132973,0.6477299977586597,0
-1.2124825706212476,0.6471995769691627,0
-1.2124825706212476,0.6471995769691627,0
-1.2114992601097843,0.6467222080310933,0
-1.2112224919522934,0.6459796286982744,0
-1.21192900177871,0.645714483963884,0
-1.2116522173574413,0.6449719374612428,0
-1.2124825706212476,0.6471995769691627,0
-1.2130361394637852,0.6486846699744451,0
-1.2124825706212476,0.6471995769691627,0
-1.2123295645822516,0.6489499460295516,0
-1.2124825706212476,0.6471995769691627,0
-1.2127593550425146,0.6479421234718057,0
-1.2124825706212476,0.6471995769691627,0
-1.2127593550425146,0.6479421234718057,0
-1.2105159821258766,0.6462447734326631,0
-1.2102392302321672,0.6455021612696683,0
-1.20980947229946,0.6465099181670553,0
-1.2107927340195879,0.6469873855956632,0
-1.20980947229946,0.6465099181670553,0
-1.20953273666953,0.645767273173881,0
-1.2112224919522934,0.6459796286982744,0
-1.2124825706212476,0.6471995769691627,0
-1.2102392302321672,0.6455021612696683,0
-1.2107927340195879,0.6469873855956632,0
-1.2107927340195879,0.6469873855956632,0
-1.20953273666953,0.645767273173881,0
-1.20953273666953,0.645767273173881,0
-1.20953273666953,0.645767273173881,0
-1.20953273666953,0.645767273173881,0
-1.20953273666953,0.645767273173881,0
-1.2116522173574413,0.6449719374612428,0
-1.2102392302321672,0.6455021612696683,0
-1.2109457237948043,0.6452370493654556,0
-1.2109457237948043,0.6452370493654556,0
-1.2116522173574413,0.6449719374612428,0
-1.2124825706212476,0.6471995769691627,0
-1.2124825706212476,0.6471995769691627,0
-1.2124825706212476,0.6471995769691627,0
-1.2124825706212476,0.6471995769691627,0
-1.2124825706212476,0.6471995769691627,0
-1.2127593550425146,0.6479421234718057,0
-1.2117760282672716,0.6474647873639121,0
-1.2124825706212476,0.6471995769691627,0
-1.2114992601097843,0.6467222080310933,0
-1.2114992601097843,0.6467222080310933,0
-1.2114992601097843,0.6467222080310933,0
-1.212205786199977,0.6464570304665234,0
-1.2112224919522934,0.6459796286982744,0
-1.2112224919522934,0.6459796286982744,0
-1.212205786199977,0.6464570304665234,0
-1.2112224919522934,0.6459796286982744,0
-1.2109457237948043,0.6452370493654556,0
-1.2092560010395985,0.6450246281807033,0
-1.208979265409667,0.644281983187529,0
-1.2087025297797354,0.6435393381943495,0
-1.2113754329361726,0.6442293909586034,0
-1.2113754329361726,0.6442293909586034,0
-1.2110986485149056,0.6434868444559605,0
-1.2126355116051268,0.6454493392294953,0
-1.21192900177871,0.645714483963884,0
-1.210821864093635,0.6427442979533176,0
-1.2110986485149056,0.6434868444559605,0
-1.21192900177871,0.645714483963884,0
-1.2129123122901735,0.6461918529019535,0
-1.2136188383803734,0.6459266753373853,0
-1.2116522173574413,0.6449719374612428,0
-1.2102392302321672,0.6455021612696683,0
-1.2114992601097843,0.6467222080310933,0
-1.2116522173574413,0.6449719374612428,0
-1.2116522173574413,0.6449719374612428,0
-1.2116522173574413,0.6449719374612428,0
-1.2116522173574413,0.6449719374612428,0
-1.2126355116051268,0.6454493392294953,0
-1.2116522173574413,0.6449719374612428,0
-1.2099624783384577,0.6447595491066718,0
-1.2099624783384577,0.6447595491066718,0
-1.2084257941498073,0.642796693201177,0
-1.2101154193223351,0.6430093113669937,0
-1.2105450796723662,0.6420017514506782,0
-1.2087025297797354,0.6435393381943495,0
-1.2091322226573258,0.6425317126176768,0
-1.2106689556373151,0.6444944700326349,0
-1.2106689556373151,0.6444944700326349,0
-1.2106689556373151,0.6444944700326349,0
-1.2109457237948043,0.6452370493654556,0
-1.2112224919522934,0.6459796286982744,0
-1.2116522173574413,0.6449719374612428,0
-1.2105450796723662,0.6420017514506782,0
-1.2101154193223351,0.6430093113669937,0
-1.2099624783384577,0.6447595491066718,0
-1.209838651164846,0.6422667320341766,0
-1.2102682952510992,0.6412592049480352,0
-1.2105450796723662,0.6420017514506782,0
-1.2110986485149056,0.6434868444559605,0
-1.2110986485149056,0.6434868444559605,0
-1.2113754329361726,0.6442293909586034,0
-1.2109457237948043,0.6452370493654556,0
-1.209838651164846,0.6422667320341766,0
-1.2099915108298305,0.6405166584453923,0
-1.2105450796723662,0.6420017514506782,0
-1.2102682952510992,0.6412592049480352,0
-1.210821864093635,0.6427442979533176,0
-1.2109457237948043,0.6452370493654556,0
-1.2096857264447483,0.6440169369436717,0
-1.2110986485149056,0.6434868444559605,0
-1.2094089745510352,0.6432743247806734,0
-1.210392187479826,0.6437518906998161,0
-1.2094089745510352,0.6432743247806734,0
-1.208979265409667,0.644281983187529,0
-1.2087025297797354,0.6435393381943495,0
-1.2109457237948043,0.6452370493654556,0
-1.2102392302321672,0.6455021612696683,0
-1.2112224919522934,0.6459796286982744,0
-1.2109457237948043,0.6452370493654556,0
-1.2109457237948043,0.6452370493654556,0
-1.2109457237948043,0.6452370493654556,0
-1.2112224919522934,0.6459796286982744,0
-1.2109457237948043,0.6452370493654556,0
-1.2092560010395985,0.6450246281807033,0
-1.208979265409667,0.644281983187529,0
-1.2112224919522934,0.6459796286982744,0
-1.21192900177871,0.645714483963884,0
-1.2112224919522934,0.6459796286982744,0
-1.2114992601097843,0.6467222080310933,0
-1.2105159821258766,0.6462447734326631,0
-1.2099624783384577,0.6447595491066718,0
-1.2105159821258766,0.6462447734326631,0
-1.2102392302321672,0.6455021612696683,0
-1.2112224919522934,0.6459796286982744,0
-1.2105159821258766,0.6462447734326631,0
-1.2109457237948043,0.6452370493654556,0
-1.2082728043745892,0.6445470294313811,0
-1.210392187479826,0.6437518906998161,0
-1.2096857264447483,0.6440169369436717,0
-1.2106689556373151,0.6444944700326349,0
-1.2109457237948043,0.6452370493654556,0
-1.2112224919522934,0.6459796286982744,0
-1.2105159821258766,0.6462447734326631,0
-1.2112224919522934,0.6459796286982744,0
-1.2105159821258766,0.6462447734326631,0
-1.2109457237948043,0.6452370493654556,0
-1.2109457237948043,0.6452370493654556,0
-1.2109457237948043,0.6452370493654556,0
-1.21192900177871,0.645714483963884,0
-1.21192900177871,0.645714483963884,0
-1.2129123122901735,0.6461918529019535,0
-1.21192900177871,0.645714483963884,0
-1.2109457237948043,0.6452370493654556,0
-1.2106689556373151,0.6444944700326349,0
-1.2096857264447483,0.6440169369436717,0
-1.2109457237948043,0.6452370493654556,0
-1.2106689556373151,0.6444944700326349,0
-1.2116522173574413,0.6449719374612428,0
-1.2116522173574413,0.6449719374612428,0
-1.2109457237948043,0.6452370493654556,0
-1.2106689556373151,0.6444944700326349,0
-1.21192900177871,0.645714483963884,0
-1.21192900177871,0.645714483963884,0
-1.2116522173574413,0.6449719374612428,0
-1.2116522173574413,0.6449719374612428,0
-1.2126355116051268,0.6454493392294953,0
-1.212205786199977,0.6464570304665234,0
-1.2116522173574413,0.6449719374612428,0
-1.2126355116051268,0.6454493392294953,0
-1.21192900177871,0.645714483963884,0
-1.2112224919522934,0.6459796286982744,0
-1.21192900177871,0.645714483963884,0
-1.2126355116051268,0.6454493392294953,0
-1.2126355116051268,0.6454493392294953,0
-1.212205786199977,0.6464570304665234,0
-1.2105159821258766,0.6462447734326631,0
-1.2123587109200802,0.6447068255570318,0
-1.2126355116051268,0.6454493392294953,0
-1.2123587109200802,0.6447068255570318,0
-1.2109457237948043,0.6452370493654556,0
-1.2126355116051268,0.6454493392294953,0
-1.2112224919522934,0.6459796286982744,0
-1.2123587109200802,0.6447068255570318,0
-1.2123587109200802,0.6447068255570318,0
-1.2133420214315453,0.6451841944951013,0
-1.2133420214315453,0.6451841944951013,0
-1.2130652044827208,0.6444417136528173,0
-1.21208191023503,0.6439643118845666,0
-1.2116522173574413,0.6449719374612428,0
-1.21208191023503,0.6439643118845666,0
-1.21208191023503,0.6439643118845666,0
-1.2122347536362383,0.6422142711259617,0
-1.2122347536362383,0.6422142711259617,0
-1.2105450796723662,0.6420017514506782,0
-1.209838651164846,0.6422667320341766,0
-1.2078723228899442,0.6413114032148215,0
-1.2078723228899442,0.6413114032148215,0
-1.2083019669761956,0.6403038761286819,0
-1.2085787188699069,0.6410464882916784,0
-1.2095618830073587,0.6415241527013542,0
-1.2095618830073587,0.6415241527013542,0
-1.2105450796723662,0.6420017514506782,0
-1.2109747074948416,0.6409942571947198,0
-1.2095618830073587,0.6415241527013542,0
-1.2102682952510992,0.6412592049480352,0
-1.2095618830073587,0.6415241527013542,0
-1.209838651164846,0.6422667320341766,0
-1.209838651164846,0.6422667320341766,0
-1.2101154193223351,0.6430093113669937,0
-1.2105450796723662,0.6420017514506782,0
-1.211528308864935,0.6424792845396414,0
-1.2110986485149056,0.6434868444559605,0
-1.209838651164846,0.6422667320341766,0
-1.2101154193223351,0.6430093113669937,0
-1.2091322226573258,0.6425317126176768,0
-1.2102682952510992,0.6412592049480352,0
-1.209838651164846,0.6422667320341766,0
-1.210821864093635,0.6427442979533176,0
-1.210821864093635,0.6427442979533176,0
-1.210821864093635,0.6427442979533176,0
-1.210821864093635,0.6427442979533176,0
-1.210392187479826,0.6437518906998161,0
-1.2094089745510352,0.6432743247806734,0
-1.2091322226573258,0.6425317126176768,0
-1.2091322226573258,0.6425317126176768,0
-1.2091322226573258,0.6425317126176768,0
-1.2091322226573258,0.6425317126176768,0
-1.209838651164846,0.6422667320341766,0
-1.2109747074948416,0.6409942571947198,0
-1.2106979068097932,0.6402517435222563,0
-1.2109747074948416,0.6409942571947198,0
-1.2109747074948416,0.6409942571947198,0
-1.2109747074948416,0.6409942571947198,0
-1.2109747074948416,0.6409942571947198,0
-1.2101154193223351,0.6430093113669937,0
-1.2094089745510352,0.6432743247806734,0
-1.2094089745510352,0.6432743247806734,0
-1.209838651164846,0.6422667320341766,0
-1.2105450796723662,0.6420017514506782,0
-1.2105450796723662,0.6420017514506782,0
-1.2110986485149056,0.6434868444559605,0
-1.2113754329361726,0.6442293909586034,0
-1.2101154193223351,0.6430093113669937,0
-1.210392187479826,0.6437518906998161,0
-1.2126355116051268,0.6454493392294953,0
-1.2150318905607644,0.6453963202082456,0
-1.215585589513534,0.6468811505721046,0
-1.2153087400371483,0.6461387353901742,0
-1.215585589513534,0.6468811505721046,0
-1.2150318905607644,0.6453963202082456,0
-1.2150318905607644,0.6453963202082456,0
-1.214325364470568,0.6456614977728155,0
-1.213771698045358,0.6441766017486064,0
-1.214048531257962,0.6449190497607127,0
-1.214048531257962,0.6449190497607127,0
-1.2150318905607644,0.6453963202082456,0
-1.215585589513534,0.6468811505721046,0
-1.2146021976831758,0.6464039457849253,0
-1.2146021976831758,0.6464039457849253,0
-1.214048531257962,0.6449190497607127,0
-1.2150318905607644,0.6453963202082456,0
-1.214325364470568,0.6456614977728155,0
-1.2123587109200802,0.6447068255570318,0
-1.2106689556373151,0.6444944700326349,0
-1.2106689556373151,0.6444944700326349,0
-1.2118051095499833,0.6432217982121067,0
-1.2118051095499833,0.6432217982121067,0
-1.209838651164846,0.6422667320341766,0
-1.2091322226573258,0.6425317126176768,0
-1.2092851148498696,0.6407815733685354,0
-1.2085787188699069,0.6410464882916784,0
-1.2081490585198758,0.6420540482079975,0
-1.2080252150824862,0.6395612639656836,0
-1.2087315785348896,0.6392964147028977,0
-1.2080252150824862,0.6395612639656836,0
-1.2085787188699069,0.6410464882916784,0
-1.2085787188699069,0.6410464882916784,0
-1.2085787188699069,0.6410464882916784,0
-1.2081490585198758,0.6420540482079975,0
-1.2091322226573258,0.6425317126176768,0
-1.2078723228899442,0.6413114032148215,0
-1.2085787188699069,0.6410464882916784,0
-1.2091322226573258,0.6425317126176768,0
-1.2091322226573258,0.6425317126176768,0
-1.2099624783384577,0.6447595491066718,0
-1.2109457237948043,0.6452370493654556,0
-1.2110986485149056,0.6434868444559605,0
-1.2091322226573258,0.6425317126176768,0
-1.2088554707636163,0.6417891004546767,0
-1.2091322226573258,0.6425317126176768,0
-1.2091322226573258,0.6425317126176768,0
-1.208979265409667,0.644281983187529,0
-1.2084257941498073,0.642796693201177,0
-1.2106689556373151,0.6444944700326349,0
-1.2106689556373151,0.6444944700326349,0
-1.2106689556373151,0.6444944700326349,0
-1.2106689556373151,0.6444944700326349,0
-1.2096857264447483,0.6440169369436717,0
-1.2096857264447483,0.6440169369436717,0
-1.2096857264447483,0.6440169369436717,0
-1.210392187479826,0.6437518906998161,0
-1.2095618830073587,0.6415241527013542,0
-1.2081490585198758,0.6420540482079975,0
-1.2078723228899442,0.6413114032148215,0
-1.2078723228899442,0.6413114032148215,0
-1.2088554707636163,0.6417891004546767,0
-1.2074426462761352,0.6423189959613129,0
-1.2084257941498073,0.642796693201177,0
-1.209838651164846,0.6422667320341766,0
-1.209838651164846,0.6422667320341766,0
-1.209838651164846,0.6422667320341766,0
-1.2105450796723662,0.6420017514506782,0
-1.2102682952510992,0.6412592049480352,0
-1.2095618830073587,0.6415241527013542,0
-1.2092851148498696,0.6407815733685354,0
-1.2092851148498696,0.6407815733685354,0
-1.2088554707636163,0.6417891004546767,0
-1.2092851148498696,0.6407815733685354,0
-1.2090083466923787,0.6400389940357165,0
-1.2106979068097932,0.6402517435222563,0
-1.2105450796723662,0.6420017514506782,0
-1.2105450796723662,0.6420017514506782,0
-1.210821864093635,0.6427442979533176,0
-1.2112515081798882,0.6417367708671797,0
-1.2112515081798882,0.6417367708671797,0
-1.2125115705850664,0.6429567519682475,0
-1.2112515081798882,0.6417367708671797,0
-1.2109747074948416,0.6409942571947198,0
-1.211681119738584,0.6407293094413937,0
-1.2114043027897594,0.6399868285991115,0
-1.2111274858409313,0.6392443477568257,0
-1.2108506688921032,0.6385018669145417,0
-1.2098675047546497,0.6380242025048695,0
-1.2086075887234866,0.63680392593219,0
-1.2086075887234866,0.63680392593219,0
-1.2081780422199095,0.6378112560372582,0
-1.2081780422199095,0.6378112560372582,0
-1.2095907040696012,0.637281688832406,0
-1.2084548103774004,0.6385538353700788,0
-1.2097147264085617,0.6397741119427529,0
-1.2094379419872912,0.6390315654401135,0
-1.2094379419872912,0.6390315654401135,0
-1.2094379419872912,0.6390315654401135,0
-1.2087315785348896,0.6392964147028977,0
-1.2084548103774004,0.6385538353700788,0
-1.2090083466923787,0.6400389940357165,0
-1.2083019669761956,0.6403038761286819,0
-1.2090083466923787,0.6400389940357165,0
-1.2112515081798882,0.6417367708671797,0
-1.211528308864935,0.6424792845396414,0
-1.2102682952510992,0.6412592049480352,0
-1.2095618830073587,0.6415241527013542,0
-1.2095618830073587,0.6415241527013542,0
-1.209838651164846,0.6422667320341766,0
-1.21208191023503,0.6439643118845666,0
-1.21208191023503,0.6439643118845666,0
-1.2110986485149056,0.6434868444559605,0
-1.2123587109200802,0.6447068255570318,0
-1.2123587109200802,0.6447068255570318,0
-1.2122347536362383,0.6422142711259617,0
-1.2112515081798882,0.6417367708671797,0
-1.2106689556373151,0.6444944700326349,0
-1.2106689556373151,0.6444944700326349,0
-1.2116522173574413,0.6449719374612428,0
-1.2123587109200802,0.6447068255570318,0
-1.2109457237948043,0.6452370493654556,0
-1.2116522173574413,0.6449719374612428,0
-1.2116522173574413,0.6449719374612428,0
-1.210392187479826,0.6437518906998161,0
-1.2113754329361726,0.6442293909586034,0
-1.2116522173574413,0.6449719374612428,0
-1.212205786199977,0.6464570304665234,0
-1.2109457237948043,0.6452370493654556,0
-1.2106689556373151,0.6444944700326349,0
-1.2099624783384577,0.6447595491066718,0
-1.210392187479826,0.6437518906998161,0
-1.2099624783384577,0.6447595491066718,0
-1.2099624783384577,0.6447595491066718,0
-1.2105159821258766,0.6462447734326631,0
-1.2102392302321672,0.6455021612696683,0
-1.2094089745510352,0.6432743247806734,0
-1.207719365642287,0.6430616737846684,0
-1.208979265409667,0.644281983187529,0
-1.2102392302321672,0.6455021612696683,0
-1.208979265409667,0.644281983187529,0
-1.210392187479826,0.6437518906998161,0
-1.2109457237948043,0.6452370493654556,0
-1.208979265409667,0.644281983187529,0
-1.210392187479826,0.6437518906998161,0
-1.2112224919522934,0.6459796286982744,0
-1.2106689556373151,0.6444944700326349,0
-1.2096857264447483,0.6440169369436717,0
-1.2094089745510352,0.6432743247806734,0
-1.2094089745510352,0.6432743247806734,0
-1.2092560010395985,0.6450246281807033,0
-1.2109457237948043,0.6452370493654556,0
-1.2102392302321672,0.6455021612696683,0
-1.2099624783384577,0.6447595491066718,0
-1.2102392302321672,0.6455021612696683,0
-1.2102392302321672,0.6455021612696683,0
-1.20953273666953,0.645767273173881,0
-1.2107927340195879,0.6469873855956632,0
-1.212205786199977,0.6464570304665234,0
-1.2102392302321672,0.6455021612696683,0
-1.20953273666953,0.645767273173881,0
-1.20953273666953,0.645767273173881,0
-1.20980947229946,0.6465099181670553,0
-1.2106689556373151,0.6444944700326349,0
-1.2092560010395985,0.6450246281807033,0
-1.20953273666953,0.645767273173881,0
-1.2092560010395985,0.6450246281807033,0
-1.20980947229946,0.6465099181670553,0
-1.2112224919522934,0.6459796286982744,0
-1.21192900177871,0.645714483963884,0
-1.2120527964247607,0.648207366696731,0
-1.2127593550425146,0.6479421234718057,0
-1.2134659136602703,0.6476768802468822,0
-1.2127593550425146,0.6479421234718057,0
-1.2134659136602703,0.6476768802468822,0
-1.2137427143453188,0.6484193939193457,0
-1.2134659136602703,0.6476768802468822,0
-1.2129123122901735,0.6461918529019535,0
-1.2096857264447483,0.6440169369436717,0
-1.208979265409667,0.644281983187529,0
-1.2096857264447483,0.6440169369436717,0
-1.2096857264447483,0.6440169369436717,0
-1.2087025297797354,0.6435393381943495,0
-1.2094089745510352,0.6432743247806734,0
-1.208979265409667,0.644281983187529,0
-1.2094089745510352,0.6432743247806734,0
-1.2079960850084372,0.6438043516080221,0
-1.2082728043745892,0.6445470294313811,0
-1.2079960850084372,0.6438043516080221,0
-1.2079960850084372,0.6438043516080221,0
-1.2079960850084372,0.6438043516080221,0
-1.2082728043745892,0.6445470294313811,0
-1.2072896402371356,0.6440693650217018,0
-1.2072896402371356,0.6440693650217018,0
-1.2082728043745892,0.6445470294313811,0
-1.2072896402371356,0.6440693650217018,0
-1.2079960850084372,0.6438043516080221,0
-1.2096857264447483,0.6440169369436717,0
-1.20980947229946,0.6465099181670553,0
-1.20980947229946,0.6465099181670553,0
-1.2102392302321672,0.6455021612696683,0
-1.2107927340195879,0.6469873855956632,0
-1.2099624783384577,0.6447595491066718,0
-1.2094089745510352,0.6432743247806734,0
-1.2088262431068948,0.6460323850780902,0
-1.2105159821258766,0.6462447734326631,0
-1.2105159821258766,0.6462447734326631,0
-1.20953273666953,0.645767273173881,0
-1.2107927340195879,0.6469873855956632,0
-1.2120527964247607,0.648207366696731,0
-1.2117760282672716,0.6474647873639121,0
-1.2114992601097843,0.6467222080310933,0
-1.2105159821258766,0.6462447734326631,0
-1.2082728043745892,0.6445470294313811,0
-1.208549523740741,0.6452897072547312,0
-1.2082728043745892,0.6445470294313811,0
-1.2082728043745892,0.6445470294313811,0
-1.2102392302321672,0.6455021612696683,0
-1.209102962473045,0.6467750629014422,0
-1.2083964526466282,0.6470402076358361,0
-1.2086731557490005,0.6477829182893657,0
-1.2075663433395096,0.6448120756752367,0
-1.2075663433395096,0.6448120756752367,0
-1.208549523740741,0.6452897072547312,0
-1.2092560010395985,0.6450246281807033,0
-1.2102392302321672,0.6455021612696683,0
-1.2112224919522934,0.6459796286982744,0
-1.20953273666953,0.645767273173881,0
-1.208549523740741,0.6452897072547312,0
-1.20953273666953,0.645767273173881,0
-1.2092560010395985,0.6450246281807033,0
-1.20953273666953,0.645767273173881,0
-1.20980947229946,0.6465099181670553,0
-1.20980947229946,0.6465099181670553,0
-1.20953273666953,0.645767273173881,0
-1.2099624783384577,0.6447595491066718,0
-1.20980947229946,0.6465099181670553,0
-1.21192900177871,0.645714483963884,0
-1.213189112975222,0.6469343665744205,0
-1.212205786199977,0.6464570304665234,0
-1.2127593550425146,0.6479421234718057,0
-1.2114992601097843,0.6467222080310933,0
-1.209102962473045,0.6467750629014422,0
-1.2086731557490005,0.6477829182893657,0
-1.210362943559323,0.6479952081534073,0
-1.2083964526466282,0.6470402076358361,0
-1.2107927340195879,0.6469873855956632,0
-1.2117760282672716,0.6474647873639121,0
-1.2107927340195879,0.6469873855956632,0
-1.20953273666953,0.645767273173881,0
-1.2105159821258766,0.6462447734326631,0
-1.2092560010395985,0.6450246281807033,0
-1.20953273666953,0.645767273173881,0
-1.2112224919522934,0.6459796286982744,0
-1.2105159821258766,0.6462447734326631,0
-1.2112224919522934,0.6459796286982744,0
-1.2109457237948043,0.6452370493654556,0
-1.2112224919522934,0.6459796286982744,0
-1.213189112975222,0.6469343665744205,0
-1.213189112975222,0.6469343665744205,0
-1.212205786199977,0.6464570304665234,0
-1.2113754329361726,0.6442293909586034,0
-1.2116522173574413,0.6449719374612428,0
-1.210392187479826,0.6437518906998161,0
-1.208549523740741,0.6452897072547312,0
-1.2106689556373151,0.6444944700326349,0
-1.2094089745510352,0.6432743247806734,0
-1.2091322226573258,0.6425317126176768,0
-1.2081490585198758,0.6420540482079975,0
-1.2081490585198758,0.6420540482079975,0
-1.2088554707636163,0.6417891004546767,0
-1.2087025297797354,0.6435393381943495,0
-1.207012937134765,0.6433266543681686,0
-1.2082728043745892,0.6445470294313811,0
-1.208549523740741,0.6452897072547312,0
-1.2087025297797354,0.6435393381943495,0
-1.2106689556373151,0.6444944700326349,0
-1.21192900177871,0.645714483963884,0
-1.2126355116051268,0.6454493392294953,0
-1.2129123122901735,0.6461918529019535,0
-1.2129123122901735,0.6461918529019535,0
-1.21192900177871,0.645714483963884,0
-1.2124825706212476,0.6471995769691627,0
-1.2126355116051268,0.6454493392294953,0
-1.2116522173574413,0.6449719374612428,0
-1.2091322226573258,0.6425317126176768,0
-1.2088554707636163,0.6417891004546767,0
-1.2079960850084372,0.6438043516080221,0
-1.2082728043745892,0.6445470294313811,0
-1.2082728043745892,0.6445470294313811,0
-1.208549523740741,0.6452897072547312,0
-1.2088262431068948,0.6460323850780902,0
-1.20953273666953,0.645767273173881,0
-1.2099624783384577,0.6447595491066718,0
-1.208549523740741,0.6452897072547312,0
-1.2075663433395096,0.6448120756752367,0
-1.2088262431068948,0.6460323850780902,0
-1.2075663433395096,0.6448120756752367,0
-1.2088262431068948,0.6460323850780902,0
-1.20953273666953,0.645767273173881,0
-1.20980947229946,0.6465099181670553,0
-1.207843046441882,0.6455547863287663,0
-1.208549523740741,0.6452897072547312,0
-1.2072896402371356,0.6440693650217018,0
-1.2087025297797354,0.6435393381943495,0
-1.207843046441882,0.6455547863287663,0
-1.207843046441882,0.6455547863287663,0
-1.207843046441882,0.6455547863287663,0
-1.207843046441882,0.6455547863287663,0
-1.208549523740741,0.6452897072547312,0
-1.207843046441882,0.6455547863287663,0
-1.207843046441882,0.6455547863287663,0
-1.207843046441882,0.6455547863287663,0
-1.208119749544256,0.646297496982303,0
-1.207843046441882,0.6455547863287663,0
-1.2075663433395096,0.6448120756752367,0
-1.207012937134765,0.6433266543681686,0
-1.2072896402371356,0.6440693650217018,0
-1.2072896402371356,0.6440693650217018,0
-1.2063065086272413,0.6435916349516688,0
-1.205600080119721,0.6438566155351637,0
-1.206029821788647,0.6428488914679562,0
-1.2067362340323928,0.6425839437146355,0
-1.2065831954658357,0.6443343784353779,0
-1.2072896402371356,0.6440693650217018,0
-1.207012937134765,0.6433266543681686,0
-1.2072896402371356,0.6440693650217018,0
-1.2063065086272413,0.6435916349516688,0
-1.207012937134765,0.6433266543681686,0
-1.2058767506945358,0.6445993918490558,0
-1.2072896402371356,0.6440693650217018,0
-1.207719365642287,0.6430616737846684,0
-1.2072896402371356,0.6440693650217018,0
-1.2061534212693488,0.6453421681629496,0
-1.2072896402371356,0.6440693650217018,0
-1.2063065086272413,0.6435916349516688,0
-1.2065831954658357,0.6443343784353779,0
-1.207843046441882,0.6455547863287663,0
-1.207843046441882,0.6455547863287663,0
-1.20953273666953,0.645767273173881,0
-1.208549523740741,0.6452897072547312,0
-1.2102392302321672,0.6455021612696683,0
-1.2099624783384577,0.6447595491066718,0
-1.2102392302321672,0.6455021612696683,0
-1.2092560010395985,0.6450246281807033,0
-1.20953273666953,0.645767273173881,0
-1.207843046441882,0.6455547863287663,0
-1.2075663433395096,0.6448120756752367,0
-1.2092560010395985,0.6450246281807033,0
-1.2099624783384577,0.6447595491066718,0
-1.208979265409667,0.644281983187529,0
-1.2099624783384577,0.6447595491066718,0
-1.2099624783384577,0.6447595491066718,0
-1.208979265409667,0.644281983187529,0
-1.2091322226573258,0.6425317126176768,0
-1.2067362340323928,0.6425839437146355,0
-1.2082728043745892,0.6445470294313811,0
-1.2084257941498073,0.642796693201177,0
-1.207012937134765,0.6433266543681686,0
-1.2081490585198758,0.6420540482079975,0
-1.206029821788647,0.6428488914679562,0
-1.2050467389700916,0.6423710629073849,0
-1.2047700683952787,0.6416282865934964,0
-1.204923074434273,0.6398779175331111,0
-1.2040636886790974,0.6418931686864617,0
-1.2033573089629126,0.6421580507794218,0
-1.2054764481114617,0.6413634045005328,0
-1.2046463875956803,0.6391351740493985,0
-1.2047700683952787,0.6416282865934964,0
-1.2047700683952787,0.6416282865934964,0
-1.2063065086272413,0.6435916349516688,0
-1.2078723228899442,0.6413114032148215,0
-1.2074426462761352,0.6423189959613129,0
-1.2075955872600126,0.6405687582216455,0
-1.2071659269099833,0.641576318137961,0
-1.2071659269099833,0.641576318137961,0
-1.207719365642287,0.6430616737846684,0
-1.208549523740741,0.6452897072547312,0
-1.208979265409667,0.644281983187529,0
-1.2091322226573258,0.6425317126176768,0
-1.2071659269099833,0.641576318137961,0
-1.2071659269099833,0.641576318137961,0
-1.2071659269099833,0.641576318137961,0
-1.2074426462761352,0.6423189959613129,0
-1.2071659269099833,0.641576318137961,0
-1.2064595309300188,0.6418412330611041,0
-1.2071659269099833,0.641576318137961,0
-1.2071659269099833,0.641576318137961,0
-1.2078723228899442,0.6413114032148215,0
-1.2071659269099833,0.641576318137961,0
-1.2074426462761352,0.6423189959613129,0
-1.2074426462761352,0.6423189959613129,0
-1.2074426462761352,0.6423189959613129,0
-1.2074426462761352,0.6423189959613129,0
-1.2081490585198758,0.6420540482079975,0
-1.2081490585198758,0.6420540482079975,0
-1.2071659269099833,0.641576318137961,0
-1.2074426462761352,0.6423189959613129,0
-1.2078723228899442,0.6413114032148215,0
-1.2074426462761352,0.6423189959613129,0
-1.2074426462761352,0.6423189959613129,0
-1.2084257941498073,0.642796693201177,0
-1.2084257941498073,0.642796693201177,0
-1.2074426462761352,0.6423189959613129,0
-1.2079960850084372,0.6438043516080221,0
-1.207012937134765,0.6433266543681686,0
-1.2075663433395096,0.6448120756752367,0
-1.2053234095449064,0.6431138392212752,0
-1.2063065086272413,0.6435916349516688,0
-1.2058767506945358,0.6445993918490558,0
-1.20685988230443,0.645077121919094,0
-1.2092560010395985,0.6450246281807033,0
-1.208549523740741,0.6452897072547312,0
-1.20685988230443,0.645077121919094,0
-1.208119749544256,0.646297496982303,0
-1.208119749544256,0.646297496982303,0
-1.2088262431068948,0.6460323850780902,0
-1.2105159821258766,0.6462447734326631,0
-1.209102962473045,0.6467750629014422,0
-1.209102962473045,0.6467750629014422,0
-1.209102962473045,0.6467750629014422,0
-1.207719365642287,0.6430616737846684,0
-1.2082728043745892,0.6445470294313811,0
-1.20953273666953,0.645767273173881,0
-1.2088262431068948,0.6460323850780902,0
-1.2083964526466282,0.6470402076358361,0
-1.2105159821258766,0.6462447734326631,0
-1.20980947229946,0.6465099181670553,0
-1.2105159821258766,0.6462447734326631,0
-1.2105159821258766,0.6462447734326631,0
-1.20953273666953,0.645767273173881,0
-1.2107927340195879,0.6469873855956632,0
-1.2114992601097843,0.6467222080310933,0
-1.2102392302321672,0.6455021612696683,0
-1.208549523740741,0.6452897072547312,0
-1.2092560010395985,0.6450246281807033,0
-1.20953273666953,0.645767273173881,0
-1.208549523740741,0.6452897072547312,0
-1.2092560010395985,0.6450246281807033,0
-1.20953273666953,0.645767273173881,0
-1.20953273666953,0.645767273173881,0
-1.20953273666953,0.645767273173881,0
-1.2092560010395985,0.6450246281807033,0
-1.2092560010395985,0.6450246281807033,0
-1.2092560010395985,0.6450246281807033,0
-1.20953273666953,0.645767273173881,0
-1.208549523740741,0.6452897072547312,0
-1.208549523740741,0.6452897072547312,0
-1.208979265409667,0.644281983187529,0
-1.2082728043745892,0.6445470294313811,0
-1.2082728043745892,0.6445470294313811,0
-1.207012937134765,0.6433266543681686,0
-1.207719365642287,0.6430616737846684,0
-1.207719365642287,0.6430616737846684,0
-1.207719365642287,0.6430616737846684,0
-1.207719365642287,0.6430616737846684,0
-1.2079960850084372,0.6438043516080221,0
-1.207719365642287,0.6430616737846684,0
-1.207719365642287,0.6430616737846684,0
-1.2063065086272413,0.6435916349516688,0
-1.207719365642287,0.6430616737846684,0
-1.207719365642287,0.6430616737846684,0
-1.207719365642287,0.6430616737846684,0
-1.207719365642287,0.6430616737846684,0
-1.2082728043745892,0.6445470294313811,0
-1.208549523740741,0.6452897072547312,0
-1.207719365642287,0.6430616737846684,0
-1.2092560010395985,0.6450246281807033,0
-1.2082728043745892,0.6445470294313811,0
-1.2074426462761352,0.6423189959613129,0
-1.207719365642287,0.6430616737846684,0
-1.207719365642287,0.6430616737846684,0
-1.2084257941498073,0.642796693201177,0
-1.207719365642287,0.6430616737846684,0
-1.2082728043745892,0.6445470294313811,0
-1.208549523740741,0.6452897072547312,0
-1.2082728043745892,0.6445470294313811,0
-1.208549523740741,0.6452897072547312,0
-1.2082728043745892,0.6445470294313811,0
-1.2082728043745892,0.6445470294313811,0
-1.208979265409667,0.644281983187529,0
-1.208979265409667,0.644281983187529,0
-1.208979265409667,0.644281983187529,0
-1.2087025297797354,0.6435393381943495,0
-1.2087025297797354,0.6435393381943495,0
-1.2074426462761352,0.6423189959613129,0
-1.2081490585198758,0.6420540482079975,0
-1.2078723228899442,0.6413114032148215,0
-1.2081490585198758,0.6420540482079975,0
-1.2081490585198758,0.6420540482079975,0
-1.2084257941498073,0.642796693201177,0
-1.20685988230443,0.645077121919094,0
-1.208979265409667,0.644281983187529,0
-1.20953273666953,0.645767273173881,0
-1.20953273666953,0.645767273173881,0
-1.2088262431068948,0.6460323850780902,0
-1.2088262431068948,0.6460323850780902,0
-1.209102962473045,0.6467750629014422,0
-1.2088262431068948,0.6460323850780902,0
-1.2113462378070068,0.648472609921658,0
-1.2150029231245085,0.6496390795488054,0
-1.2168168633840235,0.6523435298817724,0
-1.2180772348010045,0.6535628872094499,0
-1.2182010294470533,0.6560557699423004,0
-1.2197383316593147,0.6580173783010128,0
-1.2197383316593147,0.6580173783010128,0
-1.2188783604080857,0.6600338113407833,0
-1.219308362297479,0.6590255619907204,0
-1.219308362297479,0.6590255619907204,0
-1.220445134233758,0.6577516426234133,0
-1.219031529084873,0.6582831139786158,0
-1.219031529084873,0.6582831139786158,0
-1.220015181135702,0.6587597934829414,0
-1.218477862659661,0.6567982179544032,0
-1.218477862659661,0.6567982179544032,0
-1.218477862659661,0.6567982179544032,0
-1.219461482182929,0.657274963119086,0
-1.2191846327065452,0.6565325479371609,0
-1.219461482182929,0.657274963119086,0
-1.2197383316593147,0.6580173783010128,0
-1.2207219999739216,0.658494024975159,0
-1.207012937134765,0.6433266543681686,0
-1.207012937134765,0.6433266543681686,0
-1.207012937134765,0.6433266543681686,0
-1.207012937134765,0.6433266543681686,0
-1.2064595309300188,0.6418412330611041,0
-1.2064595309300188,0.6418412330611041,0
-1.2064595309300188,0.6418412330611041,0
-1.207012937134765,0.6433266543681686,0
-1.207012937134765,0.6433266543681686,0
-1.206029821788647,0.6428488914679562,0
-1.207719365642287,0.6430616737846684,0
-1.2067362340323928,0.6425839437146355,0
-1.207012937134765,0.6433266543681686,0
-1.2072896402371356,0.6440693650217018,0
-1.2075663433395096,0.6448120756752367,0
-1.2063065086272413,0.6435916349516688,0
-1.2063065086272413,0.6435916349516688,0
-1.2065831954658357,0.6443343784353779,0
-1.2072896402371356,0.6440693650217018,0
-1.2075663433395096,0.6448120756752367,0
-1.2081490585198758,0.6420540482079975,0
-1.2084257941498073,0.642796693201177,0
-1.20953273666953,0.645767273173881,0
-1.2092560010395985,0.6450246281807033,0
-1.2092560010395985,0.6450246281807033,0
-1.2092560010395985,0.6450246281807033,0
-1.2109457237948043,0.6452370493654556,0
-1.2107927340195879,0.6469873855956632,0
-1.2114992601097843,0.6467222080310933,0
-1.2112224919522934,0.6459796286982744,0
-1.2114992601097843,0.6467222080310933,0
-1.2109457237948043,0.6452370493654556,0
-1.2092560010395985,0.6450246281807033,0
-1.2092560010395985,0.6450246281807033,0
-1.2092560010395985,0.6450246281807033,0
-1.208549523740741,0.6452897072547312,0
-1.208549523740741,0.6452897072547312,0
-1.2099624783384577,0.6447595491066718,0
-1.208979265409667,0.644281983187529,0
-1.208549523740741,0.6452897072547312,0
-1.207012937134765,0.6433266543681686,0
-1.207012937134765,0.6433266543681686,0
-1.207719365642287,0.6430616737846684,0
-1.2091322226573258,0.6425317126176768,0
-1.207719365642287,0.6430616737846684,0
-1.207719365642287,0.6430616737846684,0
-1.2071659269099833,0.641576318137961,0
-1.205906124725276,0.6403558117540378,0
-1.207012937134765,0.6433266543681686,0
-1.2067362340323928,0.6425839437146355,0
-1.2067362340323928,0.6425839437146355,0
-1.2065831954658357,0.6443343784353779,0
-1.206029821788647,0.6428488914679562,0
-1.2067362340323928,0.6425839437146355,0
-1.2067362340323928,0.6425839437146355,0
-1.2057531349500543,0.6421061479842436,0
-1.2051997612728673,0.6406206610168201,0
-1.2068892075438313,0.6408336403146038,0
-1.2057531349500543,0.6421061479842436,0
-1.206029821788647,0.6428488914679562,0
-1.2063065086272413,0.6435916349516688,0
-1.2053234095449064,0.6431138392212752,0
-1.2064595309300188,0.6418412330611041,0
-1.2063065086272413,0.6435916349516688,0
-1.2072896402371356,0.6440693650217018,0
-1.2063065086272413,0.6435916349516688,0
-1.2063065086272413,0.6435916349516688,0
-1.208979265409667,0.644281983187529,0
-1.208549523740741,0.6452897072547312,0
-1.208979265409667,0.644281983187529,0
-1.207843046441882,0.6455547863287663,0
-1.2082728043745892,0.6445470294313811,0
-1.2079960850084372,0.6438043516080221,0
-1.2079960850084372,0.6438043516080221,0
-1.2067362340323928,0.6425839437146355,0
-1.207719365642287,0.6430616737846684,0
-1.2092560010395985,0.6450246281807033,0
-1.2088262431068948,0.6460323850780902,0
-1.2072896402371356,0.6440693650217018,0
-1.2079960850084372,0.6438043516080221,0
-1.208979265409667,0.644281983187529,0
-1.208549523740741,0.6452897072547312,0
-1.2082728043745892,0.6445470294313811,0
-1.208549523740741,0.6452897072547312,0
-1.208549523740741,0.6452897072547312,0
-1.208979265409667,0.644281983187529,0
-1.2075663433395096,0.6448120756752367,0
-1.207719365642287,0.6430616737846684,0
-1.2063065086272413,0.6435916349516688,0
-1.2063065086272413,0.6435916349516688,0
-1.2063065086272413,0.6435916349516688,0
-1.2063065086272413,0.6435916349516688,0
-1.2065831954658357,0.6443343784353779,0
-1.2057531349500543,0.6421061479842436,0
-1.2063065086272413,0.6435916349516688,0
-1.2065831954658357,0.6443343784353779,0
-1.2063065086272413,0.6435916349516688,0
-1.2065831954658357,0.6443343784353779,0
-1.2065831954658357,0.6443343784353779,0
-1.2065831954658357,0.6443343784353779,0
-1.2072896402371356,0.6440693650217018,0
-1.2072896402371356,0.6440693650217018,0
-1.2072896402371356,0.6440693650217018,0
-1.2075663433395096,0.6448120756752367,0
-1.2065831954658357,0.6443343784353779,0
-1.2079960850084372,0.6438043516080221,0
-1.2079960850084372,0.6438043516080221,0
-1.2079960850084372,0.6438043516080221,0
-1.2075663433395096,0.6448120756752367,0
-1.207843046441882,0.6455547863287663,0
-1.2072896402371356,0.6440693650217018,0
-1.20685988230443,0.645077121919094,0
-1.207843046441882,0.6455547863287663,0
-1.2082728043745892,0.6445470294313811,0
-1.20685988230443,0.645077121919094,0
-1.208549523740741,0.6452897072547312,0
-1.2092560010395985,0.6450246281807033,0
-1.208119749544256,0.646297496982303,0
-1.208549523740741,0.6452897072547312,0
-1.208549523740741,0.6452897072547312,0
-1.208119749544256,0.646297496982303,0
-1.2083964526466282,0.6470402076358361,0
-1.208549523740741,0.6452897072547312,0
-1.208119749544256,0.646297496982303,0
-1.2083964526466282,0.6470402076358361,0
-1.2100862079293915,0.647252563160233,0
-1.2110694859132973,0.6477299977586597,0
-1.2107927340195879,0.6469873855956632,0
-1.209102962473045,0.6467750629014422,0
-1.2088262431068948,0.6460323850780902,0
-1.208549523740741,0.6452897072547312,0
-1.2072896402371356,0.6440693650217018,0
-1.2072896402371356,0.6440693650217018,0
-1.2075663433395096,0.6448120756752367,0
-1.2067362340323928,0.6425839437146355,0
-1.208549523740741,0.6452897072547312,0
-1.209102962473045,0.6467750629014422,0
-1.2100862079293915,0.647252563160233,0
-1.2107927340195879,0.6469873855956632,0
-1.2076899428202097,0.6473053523702248,0
-1.208549523740741,0.6452897072547312,0
-1.207012937134765,0.6433266543681686,0
-1.2079960850084372,0.6438043516080221,0
-1.207719365642287,0.6430616737846684,0
-1.207012937134765,0.6433266543681686,0
-1.207719365642287,0.6430616737846684,0
-1.2067362340323928,0.6425839437146355,0
-1.2075663433395096,0.6448120756752367,0
-1.2064300918441617,0.6460849444768364,0
-1.2061534212693488,0.6453421681629496,0
-1.2064300918441617,0.6460849444768364,0
-1.207843046441882,0.6455547863287663,0
-1.2075663433395096,0.6448120756752367,0
-1.205600080119721,0.6438566155351637,0
-1.205446960234271,0.6456072144068017,0
-1.205446960234271,0.6456072144068017,0
-1.2061534212693488,0.6453421681629496,0
-1.207012937134765,0.6433266543681686,0
-1.207012937134765,0.6433266543681686,0
-1.2079960850084372,0.6438043516080221,0
-1.207719365642287,0.6430616737846684,0
-1.207719365642287,0.6430616737846684,0
-1.208119749544256,0.646297496982303,0
-1.2088262431068948,0.6460323850780902,0
-1.2083964526466282,0.6470402076358361,0
-1.2088262431068948,0.6460323850780902,0
-1.2083964526466282,0.6470402076358361,0
-1.208549523740741,0.6452897072547312,0
-1.2086731557490005,0.6477829182893657,0
-1.2083964526466282,0.6470402076358361,0
-1.2086731557490005,0.6477829182893657,0
-1.2086731557490005,0.6477829182893657,0
-1.2083964526466282,0.6470402076358361,0
-1.2089498588513727,0.6485256289429007,0
-1.2086731557490005,0.6477829182893657,0
-1.2086731557490005,0.6477829182893657,0
-1.2088262431068948,0.6460323850780902,0
-1.208549523740741,0.6452897072547312,0
-1.2088262431068948,0.6460323850780902,0
-1.2088262431068948,0.6460323850780902,0
-1.2088262431068948,0.6460323850780902,0
-1.209102962473045,0.6467750629014422,0
-1.2076899428202097,0.6473053523702248,0
-1.2086731557490005,0.6477829182893657,0
-1.209102962473045,0.6467750629014422,0
-1.2088262431068948,0.6460323850780902,0
-1.2076899428202097,0.6473053523702248,0
-1.20685988230443,0.645077121919094,0
-1.2065831954658357,0.6443343784353779,0
-1.2061534212693488,0.6453421681629496,0
-1.2072896402371356,0.6440693650217018,0
-1.207843046441882,0.6455547863287663,0
-1.2075663433395096,0.6448120756752367,0
-1.2065831954658357,0.6443343784353779,0
-1.208979265409667,0.644281983187529,0
-1.207843046441882,0.6455547863287663,0
-1.2072896402371356,0.6440693650217018,0
-1.2072896402371356,0.6440693650217018,0
-1.2079960850084372,0.6438043516080221,0
-1.207136569143021,0.6458198654027996,0
-1.2088262431068948,0.6460323850780902,0
-1.2088262431068948,0.6460323850780902,0
-1.207843046441882,0.6455547863287663,0
-1.208549523740741,0.6452897072547312,0
-1.2093796818391969,0.6475177407247958,0
-1.2100862079293915,0.647252563160233,0
-1.210362943559323,0.6479952081534073,0
-1.2106396791892529,0.648737853146585,0
-1.210362943559323,0.6479952081534073,0
-1.2100862079293915,0.647252563160233,0
-1.2107927340195879,0.6469873855956632,0
-1.209102962473045,0.6467750629014422,0
-1.209102962473045,0.6467750629014422,0
-1.2088262431068948,0.6460323850780902,0
-1.20980947229946,0.6465099181670553,0
-1.2100862079293915,0.647252563160233,0
-1.2107927340195879,0.6469873855956632,0
-1.2113462378070068,0.648472609921658,0
-1.2110694859132973,0.6477299977586597,0
-1.209102962473045,0.6467750629014422,0
-1.2093796818391969,0.6475177407247958,0
-1.20953273666953,0.645767273173881,0
-1.2088262431068948,0.6460323850780902,0
-1.20953273666953,0.645767273173881,0
-1.2088262431068948,0.6460323850780902,0
-1.208119749544256,0.646297496982303,0
-1.207136569143021,0.6458198654027996,0
-1.2065831954658357,0.6443343784353779,0
-1.207136569143021,0.6458198654027996,0
-1.2065831954658357,0.6443343784353779,0
-1.2065831954658357,0.6443343784353779,0
-1.2065831954658357,0.6443343784353779,0
-1.2058767506945358,0.6445993918490558,0
-1.20685988230443,0.645077121919094,0
-1.2088262431068948,0.6460323850780902,0
-1.2088262431068948,0.6460323850780902,0
-1.208119749544256,0.646297496982303,0
-1.209102962473045,0.6467750629014422,0
-1.209102962473045,0.6467750629014422,0
-1.208119749544256,0.646297496982303,0
-1.2072896402371356,0.6440693650217018,0
-1.2057531349500543,0.6421061479842436,0
-1.2063065086272413,0.6435916349516688,0
-1.2061534212693488,0.6453421681629496,0
-1.2072896402371356,0.6440693650217018,0
-1.20685988230443,0.645077121919094,0
-1.2065831954658357,0.6443343784353779,0
-1.2074132559816153,0.6465626088865157,0
-1.208119749544256,0.646297496982303,0
-1.2072896402371356,0.6440693650217018,0
-1.2072896402371356,0.6440693650217018,0
-1.207012937134765,0.6433266543681686,0
-1.2072896402371356,0.6440693650217018,0
-1.2063065086272413,0.6435916349516688,0
-1.2063065086272413,0.6435916349516688,0
-1.206029821788647,0.6428488914679562,0
-1.2065831954658357,0.6443343784353779,0
-1.20685988230443,0.645077121919094,0
-1.2072896402371356,0.6440693650217018,0
-1.207136569143021,0.6458198654027996,0
-1.207136569143021,0.6458198654027996,0
-1.2072896402371356,0.6440693650217018,0
-1.2053234095449064,0.6431138392212752,0
-1.2057531349500543,0.6421061479842436,0
-1.2053234095449064,0.6431138392212752,0
-1.206029821788647,0.6428488914679562,0
-1.2063065086272413,0.6435916349516688,0
-1.2057531349500543,0.6421061479842436,0
-1.2057531349500543,0.6421061479842436,0
-1.2057531349500543,0.6421061479842436,0
-1.2072896402371356,0.6440693650217018,0
-1.2075663433395096,0.6448120756752367,0
-1.2075663433395096,0.6448120756752367,0
-1.2075663433395096,0.6448120756752367,0
-1.207843046441882,0.6455547863287663,0
-1.2075663433395096,0.6448120756752367,0
-1.2075663433395096,0.6448120756752367,0
-1.207843046441882,0.6455547863287663,0
-1.2088262431068948,0.6460323850780902,0
-1.2099624783384577,0.6447595491066718,0
-1.2088262431068948,0.6460323850780902,0
-1.209102962473045,0.6467750629014422,0
-1.208119749544256,0.646297496982303,0
-1.20685988230443,0.645077121919094,0
-1.206029821788647,0.6428488914679562,0
-1.206029821788647,0.6428488914679562,0
-1.206029821788647,0.6428488914679562,0
-1.2075663433395096,0.6448120756752367,0
-1.2075663433395096,0.6448120756752367,0
-1.205600080119721,0.6438566155351637,0
-1.2043403429901325,0.642635977830528,0
-1.2053234095449064,0.6431138392212752,0
-1.2057531349500543,0.6421061479842436,0
-1.2057531349500543,0.6421061479842436,0
-1.2057531349500543,0.6421061479842436,0
-1.2082728043745892,0.6445470294313811,0
-1.2082728043745892,0.6445470294313811,0
-1.207843046441882,0.6455547863287663,0
-1.2082728043745892,0.6445470294313811,0
-1.208119749544256,0.646297496982303,0
-1.2058767506945358,0.6445993918490558,0
-1.2058767506945358,0.6445993918490558,0
-1.207136569143021,0.6458198654027996,0
-1.2082728043745892,0.6445470294313811,0
-1.2084257941498073,0.642796693201177,0
-1.2079960850084372,0.6438043516080221,0
-1.207719365642287,0.6430616737846684,0
-1.2079960850084372,0.6438043516080221,0
-1.2079960850084372,0.6438043516080221,0
-1.2079960850084372,0.6438043516080221,0
-1.2079960850084372,0.6438043516080221,0
-1.207719365642287,0.6430616737846684,0
-1.2087025297797354,0.6435393381943495,0
-1.2084257941498073,0.642796693201177,0
-1.2084257941498073,0.642796693201177,0
-1.207719365642287,0.6430616737846684,0
-1.20953273666953,0.645767273173881,0
-1.2092560010395985,0.6450246281807033,0
-1.208549523740741,0.6452897072547312,0
-1.20953273666953,0.645767273173881,0
-1.208979265409667,0.644281983187529,0
-1.2088262431068948,0.6460323850780902,0
-1.20953273666953,0.645767273173881,0
-1.2088262431068948,0.6460323850780902,0
-1.20953273666953,0.645767273173881,0
-1.2093796818391969,0.6475177407247958,0
-1.208119749544256,0.646297496982303,0
-1.2088262431068948,0.6460323850780902,0
-1.208119749544256,0.646297496982303,0
-1.208979265409667,0.644281983187529,0
-1.2087025297797354,0.6435393381943495,0
-1.208979265409667,0.644281983187529,0
-1.2088262431068948,0.6460323850780902,0
-1.208119749544256,0.646297496982303,0
-1.208979265409667,0.644281983187529,0
-1.2099624783384577,0.6447595491066718,0
-1.208979265409667,0.644281983187529,0
-1.2105159821258766,0.6462447734326631,0
-1.210362943559323,0.6479952081534073,0
-1.2117760282672716,0.6474647873639121,0
-1.2100862079293915,0.647252563160233,0
-1.2114992601097843,0.6467222080310933,0
-1.2093796818391969,0.6475177407247958,0
-1.2099624783384577,0.6447595491066718,0
-1.2102392302321672,0.6455021612696683,0
-1.2099624783384577,0.6447595491066718,0
-1.208549523740741,0.6452897072547312,0
-1.2102392302321672,0.6455021612696683,0
-1.2105159821258766,0.6462447734326631,0
-1.2107927340195879,0.6469873855956632,0
-1.2107927340195879,0.6469873855956632,0
-1.2107927340195879,0.6469873855956632,0
-1.2105159821258766,0.6462447734326631,0
-1.210362943559323,0.6479952081534073,0
-1.210362943559323,0.6479952081534073,0
-1.2106396791892529,0.648737853146585,0
-1.2110694859132973,0.6477299977586597,0
-1.2110694859132973,0.6477299977586597,0
-1.2113462378070068,0.648472609921658,0
-1.2106396791892529,0.648737853146585,0
-1.2093796818391969,0.6475177407247958,0
-1.2100862079293915,0.647252563160233,0
-1.2102392302321672,0.6455021612696683,0
-1.2093796818391969,0.6475177407247958,0
-1.2100862079293915,0.647252563160233,0
-1.2105159821258766,0.6462447734326631,0
-1.2093796818391969,0.6475177407247958,0
-1.209102962473045,0.6467750629014422,0
-1.2093796818391969,0.6475177407247958,0
-1.2093796818391969,0.6475177407247958,0
-1.2086731557490005,0.6477829182893657,0
-1.2086731557490005,0.6477829182893657,0
-1.207136569143021,0.6458198654027996,0
-1.2075663433395096,0.6448120756752367,0
-1.208119749544256,0.646297496982303,0
-1.207843046441882,0.6455547863287663,0
-1.208119749544256,0.646297496982303,0
-1.208549523740741,0.6452897072547312,0
-1.208119749544256,0.646297496982303,0
-1.207843046441882,0.6455547863287663,0
-1.20685988230443,0.645077121919094,0
-1.2088262431068948,0.6460323850780902,0
-1.2105159821258766,0.6462447734326631,0
-1.2096564012053488,0.6482604185481513,0
-1.2110694859132973,0.6477299977586597,0
-1.2107927340195879,0.6469873855956632,0
-1.2106396791892529,0.648737853146585,0
-1.2110694859132973,0.6477299977586597,0
-1.2117760282672716,0.6474647873639121,0
-1.2100862079293915,0.647252563160233,0
-1.210362943559323,0.6479952081534073,0
-1.2100862079293915,0.647252563160233,0
-1.2110694859132973,0.6477299977586597,0
-1.2117760282672716,0.6474647873639121,0
-1.2107927340195879,0.6469873855956632,0
-1.2105159821258766,0.6462447734326631,0
-1.2102392302321672,0.6455021612696683,0
-1.2099624783384577,0.6447595491066718,0
-1.2110694859132973,0.6477299977586597,0
-1.2105159821258766,0.6462447734326631,0
-1.2096857264447483,0.6440169369436717,0
-1.2092560010395985,0.6450246281807033,0
-1.2105159821258766,0.6462447734326631,0
-1.2117760282672716,0.6474647873639121,0
-1.2107927340195879,0.6469873855956632,0
-1.2114992601097843,0.6467222080310933,0
-1.2107927340195879,0.6469873855956632,0
-1.2117760282672716,0.6474647873639121,0
-1.2114992601097843,0.6467222080310933,0
-1.2114992601097843,0.6467222080310933,0
-1.2114992601097843,0.6467222080310933,0
-1.2114992601097843,0.6467222080310933,0
-1.2117760282672716,0.6474647873639121,0
-1.2114992601097843,0.6467222080310933,0
-1.2114992601097843,0.6467222080310933,0
-1.2107927340195879,0.6469873855956632,0
-1.2113462378070068,0.648472609921658,0
-1.2114992601097843,0.6467222080310933,0
-1.2107927340195879,0.6469873855956632,0
-1.2114992601097843,0.6467222080310933,0
-1.2105159821258766,0.6462447734326631,0
-1.2105159821258766,0.6462447734326631,0
-1.2112224919522934,0.6459796286982744,0
-1.2112224919522934,0.6459796286982744,0
-1.2112224919522934,0.6459796286982744,0
-1.2112224919522934,0.6459796286982744,0
-1.2112224919522934,0.6459796286982744,0
-1.2114992601097843,0.6467222080310933,0
-1.2112224919522934,0.6459796286982744,0
-1.2112224919522934,0.6459796286982744,0
-1.2110694859132973,0.6477299977586597,0
-1.2112224919522934,0.6459796286982744,0
-1.2106689556373151,0.6444944700326349,0
-1.2106689556373151,0.6444944700326349,0
-1.2109457237948043,0.6452370493654556,0
-1.2114992601097843,0.6467222080310933,0
-1.2116522173574413,0.6449719374612428,0
-1.2109457237948043,0.6452370493654556,0
-1.2106689556373151,0.6444944700326349,0
-1.210392187479826,0.6437518906998161,0
-1.2109457237948043,0.6452370493654556,0
-1.2096857264447483,0.6440169369436717,0
-1.2106689556373151,0.6444944700326349,0
-1.2106689556373151,0.6444944700326349,0
-1.2117760282672716,0.6474647873639121,0
-1.212205786199977,0.6464570304665234,0
-1.212205786199977,0.6464570304665234,0
-1.21192900177871,0.645714483963884,0
-1.2112224919522934,0.6459796286982744,0
-1.2114992601097843,0.6467222080310933,0
-1.212205786199977,0.6464570304665234,0
-1.21192900177871,0.645714483963884,0
-1.2109457237948043,0.6452370493654556,0
-1.2109457237948043,0.6452370493654556,0
-1.2116522173574413,0.6449719374612428,0
-1.2109457237948043,0.6452370493654556,0
-1.2116522173574413,0.6449719374612428,0
-1.2109457237948043,0.6452370493654556,0
-1.2112224919522934,0.6459796286982744,0
-1.212205786199977,0.6464570304665234,0
-1.212205786199977,0.6464570304665234,0
-1.2105159821258766,0.6462447734326631,0
-1.2124825706212476,0.6471995769691627,0
-1.212205786199977,0.6464570304665234,0
-1.2124825706212476,0.6471995769691627,0
-1.2127593550425146,0.6479421234718057,0
-1.2138956553291997,0.6466691561796676,0
-1.2151558641083877,0.6478888418091362,0
-1.2164161379426908,0.6491083961178852,0
-1.2157095305335996,0.6493737378333471,0
-1.2151558641083877,0.6478888418091362,0
-1.2151558641083877,0.6478888418091362,0
-1.2126355116051268,0.6454493392294953,0
-1.2118051095499833,0.6432217982121067,0
-1.210392187479826,0.6437518906998161,0
-1.211528308864935,0.6424792845396414,0
-1.2112224919522934,0.6459796286982744,0
-1.2129123122901735,0.6461918529019535,0
-1.212205786199977,0.6464570304665234,0
-1.212205786199977,0.6464570304665234,0
-1.2112224919522934,0.6459796286982744,0
-1.2112224919522934,0.6459796286982744,0
-1.2112224919522934,0.6459796286982744,0
-1.2102392302321672,0.6455021612696683,0
-1.2106689556373151,0.6444944700326349,0
-1.2118051095499833,0.6432217982121067,0
-1.21208191023503,0.6439643118845666,0
-1.2113754329361726,0.6442293909586034,0
-1.21208191023503,0.6439643118845666,0
-1.2113754329361726,0.6442293909586034,0
-1.2126355116051268,0.6454493392294953,0
-1.2112224919522934,0.6459796286982744,0
-1.21208191023503,0.6439643118845666,0
-1.2129123122901735,0.6461918529019535,0
-1.2114992601097843,0.6467222080310933,0
-1.2112224919522934,0.6459796286982744,0
-1.2114992601097843,0.6467222080310933,0
-1.2127593550425146,0.6479421234718057,0
-1.2146021976831758,0.6464039457849253,0
-1.21487903089578,0.6471463937970299,0
-1.2129123122901735,0.6461918529019535,0
-1.21192900177871,0.645714483963884,0
-1.2102392302321672,0.6455021612696683,0
-1.2099624783384577,0.6447595491066718,0
-1.2118051095499833,0.6432217982121067,0
-1.21208191023503,0.6439643118845666,0
-1.21208191023503,0.6439643118845666,0
-1.21192900177871,0.645714483963884,0
-1.2112224919522934,0.6459796286982744,0
-1.2123587109200802,0.6447068255570318,0
-1.2112224919522934,0.6459796286982744,0
-1.2112224919522934,0.6459796286982744,0
-1.2112224919522934,0.6459796286982744,0
-1.2114992601097843,0.6467222080310933,0
-1.2124825706212476,0.6471995769691627,0
-1.2107927340195879,0.6469873855956632,0
-1.212205786199977,0.6464570304665234,0
-1.2105159821258766,0.6462447734326631,0
-1.2114992601097843,0.6467222080310933,0
-1.2124825706212476,0.6471995769691627,0
-1.2117760282672716,0.6474647873639121,0
-1.2126355116051268,0.6454493392294953,0
-1.2113754329361726,0.6442293909586034,0
-1.21208191023503,0.6439643118845666,0
-1.2123587109200802,0.6447068255570318,0
-1.2116522173574413,0.6449719374612428,0
-1.2123587109200802,0.6447068255570318,0
-1.210392187479826,0.6437518906998161,0
-1.2091322226573258,0.6425317126176768,0
-1.210392187479826,0.6437518906998161,0
-1.2109457237948043,0.6452370493654556,0
-1.2126355116051268,0.6454493392294953,0
-1.2112224919522934,0.6459796286982744,0
-1.2110694859132973,0.6477299977586597,0
-1.2120527964247607,0.648207366696731,0
-1.2120527964247607,0.648207366696731,0
-1.2126355116051268,0.6454493392294953,0
-1.210362943559323,0.6479952081534073,0
-1.2120527964247607,0.648207366696731,0
-1.2110694859132973,0.6477299977586597,0
-1.2113462378070068,0.648472609921658,0
-1.2110694859132973,0.6477299977586597,0
-1.2117760282672716,0.6474647873639121,0
-1.2114992601097843,0.6467222080310933,0
-1.2117760282672716,0.6474647873639121,0
-1.2107927340195879,0.6469873855956632,0
-1.2110694859132973,0.6477299977586597,0
-1.2127593550425146,0.6479421234718057,0
-1.2107927340195879,0.6469873855956632,0
-1.209102962473045,0.6467750629014422,0
-1.2110694859132973,0.6477299977586597,0
-1.2127593550425146,0.6479421234718057,0
-1.2126063327397425,0.6496925253623704,0
-1.2130361394637852,0.6486846699744451,0
-1.2133129238850522,0.649427216477088,0
-1.2126063327397425,0.6496925253623704,0
-1.211622989700718,0.6492152220846545,0
-1.2123295645822516,0.6489499460295516,0
-1.2109164148191844,0.6494804981397593,0
-1.2102098399376526,0.6497457741948605,0
-1.2102098399376526,0.6497457741948605,0
-1.2104865593038046,0.6504884520182159,0
-1.2097799681584913,0.6507537609034983,0
-1.209503265056119,0.6500110502499652,0
-1.209226561953745,0.6492683395964338,0
-1.209226561953745,0.6492683395964338,0
-1.2089498588513727,0.6485256289429007,0
-1.2085200033359875,0.6495335828213591,0
-1.2079666296588023,0.6480480958539339,0
-1.207260103568606,0.6483132734185038,0
-1.2076899428202097,0.6473053523702248,0
-1.2060002688563412,0.6470928326949412,0
-1.2067067624189782,0.6468277207907285,0
-1.2093796818391969,0.6475177407247958,0
-1.2100862079293915,0.647252563160233,0
-1.2093796818391969,0.6475177407247958,0
-1.2088262431068948,0.6460323850780902,0
-1.2088262431068948,0.6460323850780902,0
-1.20953273666953,0.645767273173881,0
-1.20953273666953,0.645767273173881,0
-1.2105159821258766,0.6462447734326631,0
-1.208549523740741,0.6452897072547312,0
-1.208979265409667,0.644281983187529,0
-1.2088262431068948,0.6460323850780902,0
-1.2088262431068948,0.6460323850780902,0
-1.208549523740741,0.6452897072547312,0
-1.208549523740741,0.6452897072547312,0
-1.2082728043745892,0.6445470294313811,0
-1.208979265409667,0.644281983187529,0
-1.2084257941498073,0.642796693201177,0
-1.2084257941498073,0.642796693201177,0
-1.2084257941498073,0.642796693201177,0
-1.2081490585198758,0.6420540482079975,0
-1.2068892075438313,0.6408336403146038,0
-1.2070421160001512,0.6390834682352935,0
-1.2073188516300828,0.6398261132284695,0
-1.2068892075438313,0.6408336403146038,0
-1.2068892075438313,0.6408336403146038,8
-1.2078723228899442,0.6413114032148215,8
-1.2101154193223351,0.6430093113669937,8
-1.1121593060330888,0.9168848558962264,8
-1.1119938419392312,0.9186603728732727,8
-1.1112828433097572,0.9189345787369039,8
-1.1131430556665904,0.9173613384194823,8
-1.1128702721350034,0.9166107156929559,8
-1.112432073300896,0.9176355114529322,8
-1.1128702721350034,0.9166107156929559,8
-1.1145650203979844,0.9168129923525772,8
-1.1143996376230199,0.918588345178728,8
-1.1146724374183865,0.9193389350750785,8
-1.1145650203979844,0.9168129923525772,8
-1.1121593060330888,0.9168848558962264,8
-1.1129776078365108,0.9191368225663492,8
-1.1121593060330888,0.9168848558962264,8
-1.1118865387652797,0.9161342003395205,8
-1.1130356386461884,0.9148353956969757,8
-1.1127628388508235,0.9140848058006252,8
-1.1120519215402407,0.9143588475133662,8
-1.1123247050718277,0.9151094702398961,8
-1.1123247050718277,0.9151094702398961,8
-1.1130356386461884,0.9148353956969757,8
-1.1144575057949027,0.9142872466111402,8
-1.1140193882796936,0.9153118782202316,8
-1.1145650203979844,0.9168129923525772,8
-1.1134158391981774,0.9181119611460122,8
-1.1129776078365108,0.9191368225663492,8
-1.1117210909352018,0.9179096844863874,8
-1.1104646390890078,0.9166824150857114,8
-1.110191904348758,0.9159316938686466,8
-1.1096464348682602,0.9144302514345171,8
-1.1105227024262412,0.9123809225559771,8
-1.1105227024262412,0.9123809225559771,8
-1.1112335709454815,0.9121069793337782,8
-1.1126553079839656,0.9115590928893713,8
-1.1115063544770685,0.9128576020603099,8
-1.1107954696940485,0.9131315781126901,8
-1.1098118339070027,0.9126548657781797,8
-1.1105227024262412,0.9123809225559771,8
-1.1112335709454815,0.9121069793337782,8
-1.1115063544770685,0.9128576020603099,8
-1.1117791380086555,0.913608224786838,8
-1.1122172392600902,0.9125836260079225,8
-1.1122172392600902,0.9125836260079225,8
-1.1124900390554568,0.9133342159042712,8
-1.1132009401022582,0.9130602070217151,8
-1.112928124043112,0.9123096499555441,8
-1.1124900390554568,0.9133342159042712,8
-1.1123247050718277,0.9151094702398961,8
-1.1123247050718277,0.9151094702398961,8
-1.1116137714974705,0.9153835447828094,8
-1.1111755889271446,0.9164083077126133,8
-1.110902837923117,0.9156576193257298,8
-1.110902837923117,0.9156576193257298,8
-1.1116137714974705,0.9153835447828094,8
-1.1120519215402407,0.9143588475133662,8
-1.1130356386461884,0.9148353956969757,8
-1.1140193882796936,0.9153118782202316,8
-1.1140193882796936,0.9153118782202316,8
-1.1137465722205473,0.9145613211540606,8
-1.1137465722205473,0.9145613211540606,8
-1.1127628388508235,0.9140848058006252,8
-1.1117791380086555,0.913608224786838,8
-1.1117791380086555,0.913608224786838,8
-1.1124900390554568,0.9133342159042712,8
-1.112928124043112,0.9123096499555441,8
-1.1146227421958539,0.9125121892565939,8
-1.116317425403711,0.9127145972369313,8
-1.1174663463830505,0.9114161537263517,8
-1.1176313876186494,0.9096414903339411,8
-1.1175234176297533,0.9071166638375008,8
-1.1207478566563278,0.9092959133793386,8
-1.1200369718733079,0.9095698894317223,8
-1.1183422561378915,0.9093675471117368,8
-1.11905312465713,0.9090936038895361,8
-1.118615202307268,0.9101178415364828,8
-1.1176313876186494,0.9096414903339411,8
-1.116209650580167,0.910189376778348,8
-1.1164825479582081,0.9109397696936323,8
-1.1164825479582081,0.9109397696936323,8
-1.1181772474298484,0.9111421448437902,8
-1.1181772474298484,0.9111421448437902,8
-1.1205829292671812,0.9110703469604982,8
-1.1201449743897616,0.9120946502678056,8
-1.1215668415384776,0.9115465011819683,8
-1.1246836358517402,0.9112002676237942,8
-1.1275274352042857,0.9101038381314126,8
-1.128949334880561,0.9095556233852218,8
-1.129824854304701,0.9075078046948946,8
-1.1309734662722306,0.9062099849576999,8
-1.1322863550777402,0.9031390448464869,8
-1.1348564275995034,0.901293896777922,8
-1.1363327637902536,0.896451510631783,8
-1.1362232650061124,0.893929770172118,8
-1.1362232650061124,0.893929770172118,8
-1.1367701006440658,0.8954284548712597,8
-1.1367701006440658,0.8954284548712597,8
-1.138738478155144,0.8963796470881356,8
-1.1381915774620772,0.8948810937097065,8
-1.137754273135826,0.8959040838098762,8
-1.1380277072185798,0.8966533933292684,8
-1.146393413489454,0.8951400814516646,8
-1.1437138747111053,0.8944634234002038,8
-1.1441510651909024,0.8934406631112815,0
-1.1469940838820492,0.8923458094674608,0
-1.1501108131401914,0.8919997072300045,0
-1.152953896886455,0.8909047222654696,0
-1.156070821309953,0.8905582260658704,0
-1.15891397011133,0.8894631097806247,0
-1.1617571189127105,0.888367993495379,0
-1.1636154609349383,0.8867985286484696,0
-1.1647629507017054,0.8855029741935923,0
-1.1637781601863324,0.8850285928017545,0
-1.1643262318715024,0.8865247824073386,0
-1.1617571189127105,0.888367993495379,0
-1.1621939190618082,0.8873460211307371,0
-1.1604984226649897,0.8871452546593197,0
-1.1597876679922,0.8874189680702784,0
-1.1597876679922,0.8874189680702784,0
-1.1604984226649897,0.8871452546593197,0
-1.164163500092549,0.8882947839144109,0
-1.167118115595354,0.8897174356372517,0
-1.1686512217525813,0.8916875141819922,0
-1.169473475654348,0.8939315031187629,0
-1.1717177268150643,0.8956270803282713,0
-1.1727028588697976,0.8961007722863616,0
-1.1734138737630495,0.895826533592551,0
-1.172976992295057,0.8968486701080831,0
-1.1739621731411276,0.8973222635756386,0
-1.1737993925708388,0.8990923635732457,0
-1.1750587718972838,0.9003137235418119,0
-1.175221552467578,0.8985436235442013,0
-1.1731397240740105,0.895078668601009,0
-1.1727028588697976,0.8961007722863616,0
-1.1724287254445382,0.8953528744646402,0
-1.1731397240740105,0.895078668601009,0
-1.1732511257203182,0.8975965679298064,0
-1.1732511257203182,0.8975965679298064,0
-1.1737993925708388,0.8990923635732457,0
-1.1753329215863246,0.9010615885333539,0
-1.1764295203424808,0.9040530484995255,0
-1.1762665933981769,0.9058234439687407,0
-1.1763777185602393,0.9083419014105694,0
-1.1772000700446803,0.9105856933662686,0
-1.178185527374998,0.9110587287207927,0
-1.1779113939497385,0.9103108308990677,0
-1.178185527374998,0.9110587287207927,0
-1.178185527374998,0.9110587287207927,0
-1.1779113939497385,0.9103108308990677,0
-1.178185527374998,0.9110587287207927,0
-1.1784596608002573,0.911806626542516,0
-1.178185527374998,0.9110587287207927,0
-1.1774741872061618,0.9113336240181713,0
-1.1774741872061618,0.9113336240181713,0
-1.1774741872061618,0.9113336240181713,0
-1.176762847037324,0.9116085193155463,0
-1.176762847037324,0.9116085193155463,0
-1.1772000700446803,0.9105856933662686,0
-1.176762847037324,0.9116085193155463,0
-1.1773110488327276,0.9131044462797036,0
-1.178407452423535,0.9160963002080145,0
-1.1796671244980086,0.9173170692333699,0
-1.1802153588209698,0.9188129305371682,0
-1.1803785947770784,0.9170419112945627,0
-1.1810900650561464,0.9167667533557591,0
-1.1844843756607464,0.9171615889421965,0
-1.181364214745189,0.9175146183473011,0
-1.1840470713344935,0.9181845790423679,0
-1.182624033193676,0.9187350919010484,0
-1.1821866638123062,0.9197582133219289,0
-1.1836097344806848,0.9192076348028912,0
-1.184158098913878,0.9207032334652681,0
-1.1847064633470747,0.9221988321276378,0
-1.1850328051490564,0.9186570562838572,0
-1.1830613700474881,0.9177120361405198,0
-1.1850328051490564,0.9186570562838572,0
-1.185855449381524,0.9209002572963438,0
-1.186841264514987,0.9213725703869429,0
-1.1906735787883385,0.9207430041755416,0
-1.1925340676294205,0.9191692057450869,0
-1.1946688687973346,0.9183429440043902,0
-1.1923711569488962,0.9209395683841244,0
-1.1907848503244125,0.9232611661457657,0
-1.1910591463874631,0.9240087356657014,0
-1.1913334424505173,0.9247563051856389,0
-1.1908960242778068,0.9257795250970595,0
-1.1913334424505173,0.9247563051856389,0
-1.1903474646792613,0.9242843203968256,0
-1.1910591463874631,0.9240087356657014,0
-1.1910591463874631,0.9240087356657014,0
-1.1903474646792613,0.9242843203968256,0
-1.190621744478534,0.9250319227469408,0
-1.1913334424505173,0.9247563051856389,0
-1.190621744478534,0.9250319227469408,0
-1.190621744478534,0.9250319227469408,0
-1.1908960242778068,0.9257795250970595,0
-1.1899100465065544,0.9253075403082462,0
-1.1899100465065544,0.9253075403082462,0
-1.1887608815705342,0.9266064762715001,0
-1.1859140246274968,0.9277090778374255,0
-1.1862406591775088,0.9241667110504324,0
-1.1879902017580992,0.9200740940461856,0
-1.1879381885467275,0.9243633737495482,0
-1.1884866505625986,0.9258587754308483,0
-1.1887608815705342,0.9266064762715001,0
-1.1890351125784697,0.9273541771121518,0
-1.1887608815705342,0.9266064762715001,0
-1.1897468430780034,0.9270784938904946,0
-1.1900210903497186,0.9278261619009633,0
-1.1874482855130495,0.9296768254395005,0
-1.1874482855130495,0.9296768254395005,0
-1.188160048540146,0.929401076557486,0
-1.188160048540146,0.929401076557486,0
-1.1891460263113967,0.9298730613463029,0
-1.1891460263113967,0.9298730613463029,0
-1.1891460263113967,0.9298730613463029,0
-1.188434247020524,0.9301488430584968,0
-1.188434247020524,0.9301488430584968,0
-1.188434247020524,0.9301488430584968,0
-1.1891460263113967,0.9298730613463029,0
-1.1891460263113967,0.9298730613463029,0
-1.1891460263113967,0.9298730613463029,0
-1.188160048540146,0.929401076557486,0
-1.1874482855130495,0.9296768254395005,0
-1.188160048540146,0.929401076557486,0
-1.188160048540146,0.929401076557486,0
-1.1868999210798563,0.9281812267771272,0
-1.186625738863258,0.9274334274459406,0
-1.1863515566466596,0.9266856281147557,0
-1.18563985867468,0.9269612456760612,0
-1.1849281607026985,0.9272368632373613,0
-1.1849281607026985,0.9272368632373613,0
-1.18563985867468,0.9269612456760612,0
-1.1859140246274968,0.9277090778374255,0
-1.1849281607026985,0.9272368632373613,0
-1.1852023103917375,0.9279847282289033,0
-1.1852023103917375,0.9279847282289033,0
-1.1849281607026985,0.9272368632373613,0
-1.1849281607026985,0.9272368632373613,0
-1.1849281607026985,0.9272368632373613,0
-1.18449059615598,0.9282603786203847,0
-1.18449059615598,0.9282603786203847,0
-1.1847647295812394,0.9290082764421079,0
-1.1847647295812394,0.9290082764421079,0
-1.1850388630065005,0.9297561742638294,0
-1.1850388630065005,0.9297561742638294,0
-1.1847647295812394,0.9290082764421079,0
-1.1847647295812394,0.9290082764421079,0
-1.1847647295812394,0.9290082764421079,0
-1.1847647295812394,0.9290082764421079,0
-1.1847647295812394,0.9290082764421079,0
-1.1847647295812394,0.9290082764421079,0
-1.1847647295812394,0.9290082764421079,0
-1.1847647295812394,0.9290082764421079,0
-1.18449059615598,0.9282603786203847,0
-1.1847647295812394,0.9290082764421079,0
-1.1847647295812394,0.9290082764421079,0
-1.1854764600807766,0.9287325932204453,0
-1.1854764600807766,0.9287325932204453,0
-1.1854764600807766,0.9287325932204453,0
-1.1847647295812394,0.9290082764421079,0
-1.1818072841808593,0.9275913371703162,0
-1.1797826160844753,0.9309380589937213,0
-1.176387785038946,0.9305442739729912,0
-1.177647424585862,0.931765108658702,0
-1.1749643890949866,0.9310955090955986,0
-1.177647424585862,0.931765108658702,0
-1.1789605573480557,0.9286936760948112,0
-1.1786865377692521,0.9279455484618389,0
-1.1815331995469371,0.9268433408580563,0
-1.183504764758741,0.9277880983599687,0
-1.1847647295812394,0.9290082764421079,0
-1.1847647295812394,0.9290082764421079,0
-1.1850388630065005,0.9297561742638294,0
-1.1850388630065005,0.9297561742638294,0
-1.1860247594588529,0.9302283232035329,0
-1.1864623565331343,0.9292047421601559,0
-1.1864623565331343,0.9292047421601559,0
-1.1859140246274968,0.9277090778374255,0
-1.1859140246274968,0.9277090778374255,0
-1.1842164627307206,0.9275124807986632,0
-1.18563985867468,0.9269612456760612,0
-1.1863515566466596,0.9266856281147557,0
-1.1863515566466596,0.9266856281147557,0
-1.1863515566466596,0.9266856281147557,0
-1.1870632546186393,0.9264100105534538,0
-1.1863515566466596,0.9266856281147557,0
-1.18563985867468,0.9269612456760612,0
-1.1849281607026985,0.9272368632373613,0
-1.1846540110136576,0.9264889982458193,0
-1.1846540110136576,0.9264889982458193,0
-1.1825189658890594,0.9273157524391902,0
-1.1810956024726593,0.9278669219014404,0
-1.1810956024726593,0.9278669219014404,0
-1.1810956024726593,0.9278669219014404,0
-1.1810956024726593,0.9278669219014404,0
-1.1810956024726593,0.9278669219014404,0
-1.1803839207644558,0.9281425066325646,0
-1.1806579728708222,0.9288905686051763,0
-1.1806579728708222,0.9288905686051763,0
-1.1787968822699106,0.9304655817522338,0
-1.1780851680341513,0.9307412321437134,0
-1.1783591550853991,0.9314894254370394,0
-1.1773734537983938,0.9310168825351965,0
-1.1770994830109256,0.9302686564116911,0
-1.1770994830109256,0.9302686564116911,0
-1.1772632068804096,0.9284966522637355,0
-1.1768255122234574,0.9295204302881857,0
-1.1778111809829053,0.9299930388503856,0
-1.175786155083376,0.9333404829377177,0
-1.1778111809829053,0.9299930388503856,0
-1.178633142136647,0.9322376187303689,0
-1.1797826160844753,0.9309380589937213,0
-1.17950859650567,0.9301899313607507,0
-1.17950859650567,0.9301899313607507,0
-1.17950859650567,0.9301899313607507,0
-1.17950859650567,0.9301899313607507,0
-1.17950859650567,0.9301899313607507,0
-1.1787968822699106,0.9304655817522338,0
-1.1787968822699106,0.9304655817522338,0
-1.1778111809829053,0.9299930388503856,0
-1.175839875991569,0.929047756065625,0
-1.1789605573480557,0.9286936760948112,0
-1.1796722390562557,0.9284180913636888,0
-1.1815331995469371,0.9268433408580563,0
-1.1809850302790927,0.9253473482335455,0
-1.1801098686580929,0.9273944446599494,0
-1.1781384986116397,0.9264492931959012,0
-1.1762775706485211,0.9280239780411748,0
-1.1802203107414275,0.9299142809692729,0
-1.1782488756398557,0.9289692608259355,0
-1.1782488756398557,0.9289692608259355,0
-1.1775371939316575,0.9292448455570597,0
-1.1772632068804096,0.9284966522637355,0
-1.1752919669441901,0.9275512381582569,0
-1.1768255122234574,0.9295204302881857,0
-1.1748542722872344,0.9285750161827089,0
-1.1765515414359893,0.9287722041646802,0
-1.1748542722872344,0.9285750161827089,0
-1.1761138305152574,0.9297960150193063,0
-1.1755659214678786,0.9282994971119383,0
-1.175839875991569,0.929047756065625,0
-1.1782488756398557,0.9289692608259355,0
-1.1819178075830887,0.9301110093287459,0
-1.1786865377692521,0.9279455484618389,0
-1.175839875991569,0.929047756065625,0
-1.1754021488070538,0.9300715997504341,0
-1.1772632068804096,0.9284966522637355,0
-1.1797826160844753,0.9309380589937213,0
-1.1798928955300152,0.933458223604827,0
-1.1801668988450427,0.9342063840679771,0
-1.1773734537983938,0.9310168825351965,0
-1.1770994830109256,0.9302686564116911,0
-1.1761138305152574,0.9297960150193063,0
-1.1766617395626362,0.9312925329266744,0
-1.1761138305152574,0.9297960150193063,0
-1.1766617395626362,0.9312925329266744,0
-1.1756760870669662,0.9308198915342967,0
-1.1748005025877095,0.93286784154534,0
-1.1732130249711243,0.9351918030798227,0
-1.1732130249711243,0.9351918030798227,0
-1.1732130249711243,0.9351918030798227,0
-1.1729391680301102,0.9344433471450699,0
-1.1754021488070538,0.9300715997504341,0
-1.1768255122234574,0.9295204302881857,0
-1.1782488756398557,0.9289692608259355,0
-1.1785228789548832,0.9297174212890837,0
-1.1782488756398557,0.9289692608259355,0
-1.1779748723248318,0.9282211003627872,0
-1.1775371939316575,0.9292448455570597,0
-1.1769356940863247,0.9320407918803628,0
-1.1765515414359893,0.9287722041646802,0
-1.1779748723248318,0.9282211003627872,0
-1.1775371939316575,0.9292448455570597,0
-1.1782488756398557,0.9289692608259355,0
-1.1796722390562557,0.9284180913636888,0
-1.1806579728708222,0.9288905686051763,0
-1.1813696708428036,0.9286149510438761,0
-1.1775371939316575,0.9292448455570597,0
-1.1782488756398557,0.9289692608259355,0
-1.1779748723248318,0.9282211003627872,0
-1.1777008690098043,0.9274729398996371,0
-1.1802203107414275,0.9299142809692729,0
-1.1797826160844753,0.9309380589937213,0
-1.1804943465840125,0.9306623757720693,0
-1.1813696708428036,0.9286149510438761,0
-1.181643739212948,0.9293629801863101,0
-1.182793066786763,0.9280637159212688,0
-1.18563985867468,0.9269612456760612,0
-1.18947259580629,0.9263308258800187,0
-1.1925937650761576,0.9259757610038548,0
-1.1957150644562553,0.9256204334862606,0
-1.199548256973685,0.924989094445225,0
-1.2026698328380334,0.9246332088146048,0
-1.2033816121289078,0.9243574271024091,0
-1.2036561521486462,0.925104504169667,0
-1.2036561521486462,0.925104504169667,0
-1.2036561521486462,0.925104504169667,0
-1.2029443565939921,0.9253803187120404,0
-1.2032188803499544,0.9261274286094832,0
-1.2032188803499544,0.9261274286094832,0
-1.2132464316129798,0.9290670976352331,0
-1.211547877625673,0.9288725032373577,0
-1.2118225477556468,0.9296193176631924,0
-1.2147825303055786,0.9310311354271548,0
-1.2160439913957646,0.9322482931328828,0
-1.2191166441667871,0.9361754494717189,0
-1.2213652865478828,0.9378621625330563,0
-1.223451538689389,0.9413181876677221,0
-1.224275988201347,0.9435577445304091,0
-1.2277872138733965,0.9464593500151608,0
-1.2280620791687191,0.9472057704788526,0
-1.2246628894303662,0.9468207839459382,0
-1.2224138567185676,0.9451348588088813,0
-1.2246628894303662,0.9468207839459382,0
-1.2282247133649982,0.9454359659528517,0
-1.2307490992854948,0.9478673266482485,0
-1.233161351689624,0.9477822653728794,0
-1.2348612393068272,0.947974167696124,0
-1.2363987366844391,0.9499353820927006,0
-1.2393614515492768,0.9513416843866906,0
-1.2434745348698026,0.9514466212842194,0
-1.2458875028802119,0.9513601154809983,0
-1.2487379378546706,0.9502502912758235,0
-1.2507137316490642,0.951186512931347,0
-1.252689655553695,0.9521224719454402,0
-1.2543903563598562,0.952312732759772,0
-1.2562530245473482,0.950734535085406,0
-1.2572411166098956,0.951202251951031,0
-1.2569656983460789,0.9504569477134002,0
-1.2602535677570241,0.9483238707666306,0
-1.2606428434978039,0.9515821169761125,0
-1.2619065652532964,0.9527947112870407,0
-1.2628948362174164,0.9532620670206988,0
-1.2628948362174164,0.9532620670206988,0
-1.2631703520639075,0.9540071742772565,0
-1.2638831397090922,0.9537293570939998,0
-1.2645959273542804,0.9534515399107448,0
-1.2660215026446497,0.9528959055442332,0
-1.267009887455222,0.9533630314666404,0
-1.2657459217430436,0.9521509296083916,0
-1.2664586931244468,0.9518731452553126,0
-1.265470340841432,0.9514059536725483,0
-1.2657459217430436,0.9521509296083916,0
-1.2647575857238067,0.9516837051954408,0
-1.2657459217430436,0.9521509296083916,0
-1.265033150361635,0.9524287139614653,0
-1.265470340841432,0.9514059536725483,0
-1.2646435981366082,0.9491710258650201,0
-1.262667088735931,0.948236248737345,0
-1.2611278186063863,0.9462786128302145,0
-1.260966225291975,0.9480463162248007,0
-1.2595409102220714,0.9486014253084569,0
-1.2595409102220714,0.9486014253084569,0
-1.2588282526871204,0.948878979850285,0
-1.2583910459435437,0.949901772969385,0
-1.2619544149371968,0.948513836109349,0
-1.2650807072975105,0.9481484297269915,0
-1.2673329765013666,0.9498278216585412,0
-1.267770069398491,0.9488052583506938,0
-1.2665060874225293,0.9475931893226193,0
-1.2667817171154745,0.948338066767926,0
-1.268758454209065,0.9492723842730992,0
-1.268758454209065,0.9492723842730992,0
-1.2697468715471967,0.949739444535151,0
-1.2684827919885624,0.9485275724881497,0
-1.2696325424206343,0.9472274546384671,0
-1.2696325424206343,0.9472274546384671,0
-1.2691955145786302,0.948249886625609,0
-1.2684827919885624,0.9485275724881497,0
-1.2672187774850396,0.947315569120434,0
-1.2659548280366355,0.9461034344319987,0
-1.2663918396148652,0.9450810352750416,0
-1.26710448088604,0.9448035135633894,0
-1.2669431315283166,0.9465707245053032,0
-1.2665060874225293,0.9475931893226193,0
-1.2662304577295842,0.9468483118773054,0
-1.2663918396148652,0.9450810352750416,0
-1.2669431315283166,0.9465707245053032,0
-1.2666674855715883,0.9458258798901724,0
-1.2659548280366355,0.9461034344319987,0
-1.2662304577295842,0.9468483118773054,0
-1.2667817171154745,0.948338066767926,0
-1.2672187774850396,0.947315569120434,0
-1.267655805327049,0.9462931371332921,0
-1.267655805327049,0.9462931371332921,0
-1.26710448088604,0.9448035135633894,0
-1.2659548280366355,0.9461034344319987,0
-1.2632656936285667,0.9454461461858017,0
-1.263427124305185,0.9436787710930012,0
-1.2627145318253508,0.9439561943141168,0
-1.2627145318253508,0.9439561943141168,0
-1.2641397167850208,0.9434013478718857,0
-1.2637027214705725,0.9444237141986651,0
-1.2637027214705725,0.9444237141986651,0
-1.2646909436433535,0.9448911684228563,0
-1.26397831863596,0.945168657304329,0
-1.264576679571908,0.9423790472054598,0
-1.2647379638745146,0.9406119675842675,0
-1.2640254201860177,0.9408892923148464,0
-1.2640254201860177,0.9408892923148464,0
-1.2639110260043402,0.9383774337388786,0
-1.2640254201860177,0.9408892923148464,0
-1.2647379638745146,0.9406119675842675,0
-1.2650136098312412,0.9413568121993965,0
-1.2650136098312412,0.9413568121993965,0
-1.266001832004024,0.9418242664235859,0
-1.2652892557879643,0.9421016568145273,0
-1.264576679571908,0.9423790472054598,0
-1.2628759299744097,0.94218888488167,0
-1.2624389509237428,0.9432112183782735,0
-1.2629901127269605,0.9447011702499566,0
-1.2642539158013477,0.9459136004099928,0
-1.2646909436433535,0.9448911684228563,0
-1.264966557072519,0.9456360786983442,0
-1.2646909436433535,0.9448911684228563,0
-1.2646909436433535,0.9448911684228563,0
-1.2659548280366355,0.9461034344319987,0
-1.2652421705016863,0.9463809889738286,0
-1.2628286332590033,0.9464686438332919,0
-1.264966557072519,0.9456360786983442,0
-1.2662774942245285,0.942569078208539,0
-1.2657261697835178,0.9410794546386345,0
-1.2670367166048226,0.9380132420731133,0
-1.2662095835692977,0.9357791021898656,0
-1.2659338725574543,0.9350343888954527,0
-1.2666463186632768,0.9347572611459434,0
-1.2672439314653818,0.9319691612352816,0
-1.2699783946715826,0.928350662981444,0
-1.270575470768975,0.9255636464666761,0
-1.2715636604141949,0.9260311663512244,0
-1.2715636604141949,0.9260311663512244,0
-1.271839550327611,0.9267755185136775,0
-1.2711272180682407,0.9270524164519358,0
-1.2714030917178754,0.9277968014445701,0
-1.2721154402410217,0.9275198706761305,0
-1.2721154402410217,0.9275198706761305,0
-1.2725518825869795,0.9264986205754155,0
-1.274688879365085,0.9256679267606334,0
-1.2776984680870722,0.9227953236876356,0
-1.2805476670143072,0.9216879945760255,0
-1.2824084160758602,0.9201136708627118,0
-1.2835568003504818,0.9188163107480207,0
-1.2881066838201018,0.917899275280913,0
-1.2909558176922236,0.9167920774900118,0
-1.2957824042642176,0.9166177526764336,0
-1.2989081761835966,0.9162533968597799,0
-1.3006093811669146,0.9164426399385732,0
-1.3018748431467806,0.9176517214204107,0
-1.3018748431467806,0.9176517214204107,0
-1.3028637971896213,0.9181176982865775,0
-1.3028637971896213,0.9181176982865775,0
-1.3027045133318573,0.9198807397958255,0
-1.3027045133318573,0.9198807397958255,0
-1.3034169431739002,0.9196036448764993,0
-1.3027045133318573,0.9198807397958255,0
-1.3022686239543972,0.920900873670476,0
-1.3022686239543972,0.920900873670476,0
-1.3007266052461706,0.9189487860635008,0
-1.3007266052461706,0.9189487860635008,0
-1.3012796536477733,0.9204349296344887,0
-1.3012796536477733,0.9204349296344887,0
-1.3036935161660388,0.9203466181714628,0
-1.3039700891581791,0.9210895914664192,0
-1.3045232351424563,0.922575538056341,0
-1.3045232351424563,0.922575538056341,0
-1.3049591407837031,0.9215553713515128,0
-1.3070965766838434,0.9207237911219153,0
-1.3063840980504633,0.9210009845317817,0
-1.305948224936781,0.9220210855762527,0
-1.3056716194170832,0.9212781779416481,0
-1.3053950138973853,0.9205352703070417,0
-1.3053950138973853,0.9205352703070417,0
-1.3063840980504633,0.9210009845317817,0
-1.3061074762669875,0.920258109727353,0
-1.3063840980504633,0.9210009845317817,0
-1.3062248304564772,0.9227639932108556,0
-1.3069373416174166,0.9224867341406302,0
-1.3062248304564772,0.9227639932108556,0
-1.3049591407837031,0.9215553713515128,0
-1.3042466621503177,0.921832564761381,0
-1.3045232351424563,0.922575538056341,0
-1.3045232351424563,0.922575538056341,0
-1.304087296973659,0.9235957704215227,0
-1.3038107402452983,0.9228527642963797,0
-1.3028217048835593,0.9223869515811121,0
-1.3021092262501774,0.9226641449909785,0
-1.3025451644189783,0.9216439126257931,0
-1.301832702049376,0.9219210732054819,0
-1.3012796536477733,0.9204349296344887,0
-1.3000142079316852,0.9192258153224753,0
-1.3004500810453692,0.9182057142780042,0
-1.3004500810453692,0.9182057142780042,0
-1.3001735568445678,0.9174626424925076,0
-1.3020340782132074,0.9158887784016994,0
-1.3018748431467806,0.9176517214204107,0
-1.3004500810453692,0.9182057142780042,0
-1.3031403701817617,0.9188606715815375,0
-1.3034169431739002,0.9196036448764993,0
-1.3027045133318573,0.9198807397958255,0
-1.2995783022904437,0.9202459820272981,0
-1.3012372523299032,0.9247048067024153,0
-1.3015561778485747,0.9211780014199853,0
-1.301673255553819,0.9236844430165156,0
-1.3042466621503177,0.921832564761381,0
-1.3079264908256079,0.9229523170446541,0
-1.3091923268723988,0.9241606434323906,0
-1.3103407599383559,0.9228631848271647,0
-1.3113300067292304,0.9233285707501153,0
-1.3117658473153568,0.9223085353660032,0
-1.3134676865860584,0.9224964980678401,0
-1.314021190373479,0.9239817223938367,0
-1.317860985985261,0.9233370543003669,0
-1.320711420959718,0.9222272300951957,0
-1.3231261942496229,0.9221370801421678,0
-1.32668931928659,0.9207496357348113,0
-1.3292627258830905,0.9188977574796713,0
-1.3318360023693607,0.9170461418659634,0
-1.3348444851543615,0.9141757712450964,0
-1.3374174201012679,0.9123248450651325,0
-1.3404253661815577,0.909455557840154,0
-1.344265389486246,0.9088104301241842,0
-1.3477078587865474,0.9049237667595467,0
-1.3504373127487543,0.901315380200657,0
-1.3542771896794346,0.9006705479562989,0
-1.3572838021298281,0.8978039528059512,0
-1.3604113305373584,0.8974360513300237,0
-1.3642514351609485,0.8967907594631654,0
-1.3671012195842351,0.8956822484651319,0
-1.3699510040075271,0.8945737374670912,0
-1.3736352401669745,0.8956845927720227,0
-1.376641250857542,0.8928192123382708,0
-1.3785003572773906,0.8912482044729853,0
-1.3817842257986541,0.8891232037501009,0
-1.3843555181038614,0.8872755934181509,0
-1.3856573312757394,0.8842270106584351,0
-1.3882282495140252,0.8823801554205968,0
-1.391789992129759,0.8809955015784006,0
-1.3925023406529053,0.8807185708099645,0
-1.3929360344201793,0.8797028690093978,0
-1.3956614874927027,0.8761025586744022,0
-1.3979530191050475,0.8735184097624611,0
-1.399810922005237,0.8719498313303777,0
-1.4005231566819294,0.8716731303731855,0
-1.4015142738074111,0.8721347408256186,0
-1.4013597552369461,0.8738881630925999,0
-1.4013597552369461,0.8738881630925999,0
-1.4013597552369461,0.8738881630925999,0
-1.4013597552369461,0.8738881630925999,0
-1.4020720387049792,0.8736113636448746,0
-1.4020720387049792,0.8736113636448746,0
-1.4027843221730087,0.8733345641971493,0
-1.4033720953887023,0.8705663265444237,0
-1.40265986071201,0.8708430275016141,0
-1.4033720953887023,0.8705663265444237,0
-1.4025353016683368,0.8683516877871504,0
-1.4033720953887023,0.8705663265444237,0
-1.40265986071201,0.8708430275016141,0
-1.4015142738074111,0.8721347408256186,0
-1.4006474717689148,0.8741649625403252,0
-1.3973954168452707,0.8720414586414265,0
-1.3954134428147835,0.8711177124536995,0
-1.3928741267449833,0.8687164898620825,0
-1.390737764254272,0.8695459032999047,0
-1.391852513388006,0.872500724786974,0
-1.3945465431936146,0.873148131149474,0
-1.3956922114171135,0.8718562536745722,0
-1.3956922114171135,0.8718562536745722,0
-1.3961256287001387,0.8708411099870439,0
-1.3945771370077953,0.8689020887910743,0
-1.3938649999137738,0.8691785927671951,0
-1.3928741267449833,0.8687164898620825,0
-1.3924407257257396,0.8697316007194331,0
-1.3934315988945283,0.8701937036245475,0
-1.3947012569294266,0.8713943149203534,0
-1.3947012569294266,0.8713943149203534,0
-1.3951346742124535,0.870379171232825,0
-1.3948559056101235,0.8696406300119506,0
-1.3957226100659401,0.8676106052783155,0
-1.3954438089360508,0.8668721297177981,0
-1.3941741346373746,0.86567155125217,0
-1.3936165649051553,0.8641945344707747,0
-1.3938953497712632,0.8649330428614714,0
-1.3938953497712632,0.8649330428614714,0
-1.3929045253938135,0.864470841465824,0
-1.3923469881891517,0.8629937590240715,0
-1.3925014254407166,0.8612405009079858,0
-1.392376996507279,0.8587488985520952,0
-1.3925312873848306,0.8569959359076158,0
-1.3922524699911634,0.856257493177278,0
-1.3929643468647122,0.8559815144840108,0
-1.393272635871794,0.8524761801382628,0
-1.3935515020567983,0.8532145243780658,0
-1.3911372004164928,0.8533037222559194,0
-1.3925608240533602,0.8527520275108138,0
-1.3937055652414436,0.8514620213560811,0
-1.3939844476902294,0.8522003327657117,0
-1.3954080713270969,0.8516486380206114,0
-1.3969855792470351,0.8493448013854881,0
-1.3967066154793546,0.8486066541267512,0
-1.3993999296786797,0.8492555050170978,0
-1.3967066154793546,0.8486066541267512,0
-1.397139398474991,0.8475927908161793,0
-1.3969855792470351,0.8493448013854881,0
-1.3986881341240256,0.8495313195594729,0
-1.4002654306148372,0.847227909716672,0
-1.4028333725815294,0.8453870624014748,0
-1.4039777234389117,0.8440978441710314,0
-1.4071038531614306,0.8437327660904508,0
-1.409950840214698,0.8426299018831003,0
-1.4137889281296676,0.8419886809583605,0
-1.417627178682423,0.8413471317318475,0
-1.4221773874276273,0.8404294396611647,0
-1.4241601095919627,0.8413516756606825,0
-1.4258633638114553,0.8415367821370054,0
-1.4285581905422422,0.8421825798207632,0
-1.4306938211628974,0.8413546437409654,0
-1.4316854099379697,0.841815302118226,0
-1.4335162157365104,0.8444857075561796,0
-1.4356520903138499,0.8436572790237093,0
-1.433388940641711,0.8419998504815123,0
-1.4345079183580385,0.8449461361221946,0
-1.4337959439018135,0.8452223117965261,0
-1.4336433932486337,0.8469717616119183,0
-1.436771198140411,0.8466033020229666,0
-1.436923634947135,0.8448540820188235,0
-1.435499653507124,0.8454064990278489,0
-1.435499653507124,0.8454064990278489,0
-1.437483221387975,0.846327027858095,0
-1.4387548636039362,0.8475236338721395,0
-1.441018501189447,0.8491800775089846,0
-1.4434347056919208,0.8490870385002616,0
-1.4451388706830528,0.8492703064865879,0
-1.444858947352401,0.8485340962083789,0
-1.4444267335890366,0.8495468104627051,0
-1.4456987173443583,0.8507427270430021,0
-1.4459786406750101,0.8514789373212093,0
-1.446563144871087,0.8487172985343463,0
-1.446563144871087,0.8487172985343463,0
-1.4468431007293,0.8494534431521963,0
-1.4468431007293,0.8494534431521963,0
-1.4475552540870957,0.8491769063459014,0
-1.4464108869659338,0.8504661574065242,0
-1.4471230565875093,0.8501895877700498,0
-1.4479874190591229,0.8481642905821101,0
-1.4479874190591229,0.8481642905821101,0
-1.447275281965105,0.8484407945582291,0
-1.446995309843114,0.847704682770555,0
-1.446563144871087,0.8487172985343463,0
-1.446563144871087,0.8487172985343463,0
-1.446563144871087,0.8487172985343463,0
-1.4454187940137064,0.8500065167647932,0
-1.445546361856529,0.8524917828962533,0
-1.447810584938095,0.8541470446466715,0
-1.4505073145310483,0.8547890011995616,0
-1.4537643136435712,0.8569025247242195,0
-1.4566137077361585,0.8557948016504646,0
-1.458750753305603,0.8549640093451494,0
-1.4612961845563728,0.8573528877896841,0
-1.4674042691945193,0.8583552739020384,0
-1.4710952710861172,0.8594524718527445,0
-1.475931355705157,0.8592589742149812,0
-1.4796231707857146,0.8603545306567693,0
-1.4820415708983763,0.8602570595739607,0
-1.4857339877387634,0.8613514012991459,0
-1.4905715035703757,0.8611550146056821,0
-1.494264733599719,0.862247714821951,0
-1.4952583065558578,0.8627043679174449,0
-1.4962519120395523,0.863160955352587,0
-1.4978285091878565,0.8608589572074514,0
-1.4956902438349768,0.8616922117761519,0
-1.4956902438349768,0.8616922117761519,0
-1.4988221634628882,0.8613154461520622,0
-1.5021050398936193,0.8591924480700612,0
-1.50467501483271,0.8573474969825661,0
-1.5082387091019491,0.8559589035189639,0
-1.5113708564227704,0.8555816782723724,0
-1.5140908123379262,0.8519924645376786,0
-1.5190797566219523,0.8500488933111257,0
-1.521649129801217,0.8482051569402387,0
-1.526356394266438,0.845528921094747,0
-1.5300691099487693,0.8423980019644688,0
-1.534775821445498,0.8397228823450469,0
-1.538205946537392,0.8358611370858178,0
-1.5402104312837963,0.8325551575138164,0
-1.5424965307938923,0.8299819738814698,0
-1.5423629616165435,0.8275088220858446,0
-1.5446340154853697,0.8291502951613339,0
-1.5476178082080487,0.8305140495441048,0
-1.5477661140148555,0.8287731684052773,0
-1.5503339746626494,0.8269324852409792,0
-1.5483446819315247,0.8260235126335331,0
-1.5467858139480537,0.8241054370913901,0
-1.5465036787434308,0.8233736917174461,0
-1.5459394083341849,0.8219102009695547,0
-1.5459394083341849,0.8219102009695547,0
-1.54636962165271,0.8209015248271712,0
-1.5463833987191986,0.8166894288732482,0
-1.5472435000806648,0.8146727331920509,0
-1.548251142851317,0.8109166993904058,0
-1.54925839529127,0.80716145351305,0
-1.5499828945029872,0.8026757098085291,0
-1.5518365525568072,0.8011157000529998,0
-1.5519837036352975,0.7993771498568414,0
-1.5499949638726633,0.7984670610233344,0
-1.5502891359194049,0.7949902232724426,0
-1.5537016294291366,0.7953483547194207,0
-1.5521307896586656,0.797638730981399,0
-1.5490006427826852,0.7980119181160461,0
-1.5491477775973923,0.7962734007500636,0
-1.5478711261374407,0.7950869064309707,0
-1.547159265527668,0.7953628522940583,0
-1.5468769026301388,0.7946315665426127,0
-1.5453180183828863,0.7927135238306384,0
-1.5440415620882852,0.7915266355494026,0
-1.5453180183828863,0.7927135238306384,0
-1.5440415620882852,0.7915266355494026,0
-1.5444709784816304,0.7905195680857613,0
-1.5437592317183135,0.7907952841375998,0
-1.5447533251153818,0.7912508866673882,0
-1.545035671749135,0.7919822052490133,0
-1.5430474849549967,0.7910710001894401,0
-1.54347690134834,0.790063932725797,0
-1.5456120928469517,0.7892368830608252,0
-1.54575903249631,0.7874987596569802,0
-1.5447649553630196,0.7870431242970142,0
-1.5434885478597558,0.7858561375252471,0
-1.5413536003178319,0.7866826947375483,0
-1.5414888446644337,0.7891524650247987,0
-1.5419182285302195,0.7881454632215128,0
-1.5410594282710885,0.7901595324884401,0
-1.542765170848801,0.7903396159474578,0
-1.5440532736548196,0.7873187090281384,0
-1.5434885478597558,0.7858561375252471,0
-1.5442001970403982,0.78558061845448,0
-1.543206184962223,0.7851248517738014,0
-1.5434885478597558,0.7858561375252471,0
-1.5434885478597558,0.7858561375252471,0
-1.5434885478597558,0.7858561375252471,0
-1.5434885478597558,0.7858561375252471,0
-1.542776898679115,0.7861316565960124,0
-1.542776898679115,0.7861316565960124,0
-1.542482856742609,0.7896082317054773,0
-1.5392065183511114,0.7917180320557584,0
-1.5406299793501876,0.7911666656124385,0
-1.5413417098497249,0.7908909823907777,0
-1.5422005426364134,0.7888768474634933,0
-1.542053440349262,0.7906152991691187,0
-1.54347690134834,0.790063932725797,0
-1.5433297990611905,0.7918023844314206,0
-1.5429003338765064,0.7928095503855968,0
-1.5421885545856302,0.7930853320977942,0
-1.5409122446650425,0.7918981483449521,0
-1.5390592208986114,0.7934568777235196,0
-1.5386296581312564,0.7944642406587619,0
-1.5382000628363386,0.7954716692543702,0
-1.5366289465816223,0.7977626036293799,0
-1.5350576351615537,0.800053931966529,0
-1.5337681661980849,0.8030775966208346,0
-1.5324784044865893,0.8061018522183492,0
-1.53104019059427,0.8108672844262959,0
-1.5308919661063563,0.8126080014142332,0
-1.5298831848711618,0.8163663333283608,0
-1.528592203376224,0.8193930511892589,0
-1.5282949412114384,0.8228761266740428,0
-1.5264399170001628,0.82443889416456,0
-1.5261421669219999,0.8279229545546976,0
-1.525727649795913,0.8247156607821022,0
-1.5247336865090766,0.8242597956108852,0
-1.5243031153874114,0.8252691940171992,0
-1.5268544991813702,0.8276460566164356,0
-1.5245684647263928,0.8302191089280697,0
-1.5242868174351472,0.8294863786487738,0
-1.5244358388482375,0.8277440529820979,0
-1.5240051701438997,0.828753648369478,0
-1.5235744689120025,0.8297633094172134,0
-1.5238560999394686,0.8304960725266888,0
-1.5227129688655214,0.8317828284937558,0
-1.5227129688655214,0.8317828284937558,0
-1.5251150384983614,0.8359026077028844,0
-1.5265399957651233,0.8353482208831498,0
-1.5278158015085577,0.8365364223715197,0
-1.5280974650635848,0.8372691198206379,0
-1.5298042159956058,0.8374471678086,0
-1.5302350473377384,0.8364372441194377,0
-1.5332179130250019,0.8378028698223758,0
-1.5349248591223716,0.8379805238481932,0
-1.5373283111764415,0.8420975124921597,0
-1.536201071460285,0.839167904582105,0
-1.5350738317441284,0.8362382966720556,0
-1.534079478126591,0.8357832194251209,0
-1.5316601021871765,0.8358826603186333,0
-1.529953334991374,0.8357046451608525,0
-1.5289591277478518,0.8352492724423151,0
-1.5280974650635848,0.8372691198206379,0
-1.5293733521259139,0.8384571571581212,0
-1.5300859120781904,0.838179799597361,0
-1.5303676081607769,0.838912431386122,0
-1.5312293033725979,0.836892518347442,0
-1.5312293033725979,0.836892518347442,0
-1.532090868474194,0.8348728679501853,0
-1.528809992488302,0.8369918279202384,0
-1.5312293033725979,0.836892518347442,0
-1.5315110319827419,0.8376250844758459,0
-1.5316601021871765,0.8358826603186333,0
-1.5316601021871765,0.8358826603186333,0
-1.532223591935022,0.837347726915084,0
-1.5317927605928858,0.8383576506042516,0
-1.5313618967231957,0.8393676399537675,0
-1.5313618967231957,0.8393676399537675,0
-1.5309310003259462,0.8403776949636441,0
-1.5313618967231957,0.8393676399537675,0
-1.5306493042433615,0.8396450631748831,0
-1.5298042159956058,0.8374471678086,0
-1.5298042159956058,0.8374471678086,0
-1.5319418470611001,0.8366151936168578,0
-1.5332179130250019,0.8378028698223758,0
-1.5349248591223716,0.8379805238481932,0
-1.53663187027486,0.8381580465532998,0
-1.538338946482467,0.8383354379376886,0
-1.539333446474016,0.8387902197130153,0
-1.5392004140013835,0.8363159845215034,0
-1.5369296528805823,0.8346739205028015,0
-1.5367807941052796,0.8364159178676918,0
-1.5364989516486816,0.835683581550537,0
-1.5369296528805823,0.8346739205028015,0
-1.5393491914577897,0.8345741513075051,0
-1.5397641964972522,0.837780460174745,0
-1.5400460877451874,0.8385126980013649,0
-1.5414713702875336,0.837957654578064,0
-1.5426146965268241,0.8366705046488576,0
-1.542332740223772,0.8359383981429538,0
-1.5440399465416164,0.836115526885914,0
-1.5414868713146177,0.8337420786252316,0
-1.5404923713230705,0.8332872968499032,0
-1.539497903859079,0.8328324494142194,0
-1.5413381914408877,0.8354837148581602,0
-1.5420507839207218,0.8352062916370464,0
-1.5446039242028373,0.8375796085770162,0
-1.5490134223261123,0.8383874659518487,0
-1.550008215065688,0.8388416567839627,0
-1.5502903014789737,0.839573500648445,0
-1.551136560718831,0.8417690322418832,0
-1.5521314510410829,0.8422230260929275,0
-1.5507058432231506,0.8427787261197999,0
-1.5488494528544248,0.8443442513452943,0
-1.5505571470856392,0.8445203951829061,0
-1.5511212548570938,0.845984214232578,0
-1.5496955169289315,0.8465401769008736,0
-1.5515520536716672,0.844974356203771,0
-1.5515520536716672,0.844974356203771,0
-1.5544034644728786,0.8438625621878941,0
-1.5544034644728786,0.8438625621878941,0
-1.5542548496542654,0.8456040671001084,0
-1.5545369685951087,0.8463358453042318,0
-1.5548190875359538,0.8470676235083516,0
-1.5553833254176403,0.8485311799166002,0
-1.556660546109864,0.8497165251794545,0
-1.5569426813144869,0.8504482705533984,0
-1.5579378318572044,0.8509017391215874,0
-1.5596460465293536,0.8510768323934919,0
-1.5629289392238643,0.8489538014813114,0
-1.5637757351684325,0.8511482496788627,0
-1.5634934698535776,0.8504167669463456,0
-1.5637757351684325,0.8511482496788627,0
-1.5634934698535776,0.8504167669463456,0
-1.561220675760378,0.8487788066999471,0
-1.5609384429730788,0.8480472583070728,0
-1.556809225983594,0.8479748889465242,0
-1.556511801181017,0.851458292733092,0
-1.5569271965511824,0.8546638136760549,0
-1.5555010357647578,0.85522062992899,0
-1.555070009257273,0.8562309475802934,0
-1.5560651760637718,0.8566843833183047,0
-1.5556341170287293,0.857694766629967,0
-1.5559161709144558,0.8584266761548047,0
-1.5552030254661293,0.8587052156019865,0
-1.5550539227341371,0.8604477054195492,0
-1.5558999868086438,0.8626436309751337,0
-1.5567623325716387,0.8606224047293161,0
-1.5577575969608066,0.8610756434862576,0
-1.5561982248001822,0.8591585856796424,0
-1.5571934566617962,0.8596118900969358,0
-1.5553359440923078,0.8611796806047458,0
-1.5537603065069767,0.8634797417693498,0
-1.5513387024298098,0.8635836803973067,0
-1.5546227498526441,0.8614583185424625,0
-1.5571772888197657,0.8638288120870925,0
-1.5587367097717273,0.8657457714031711,0
-1.559300817543182,0.8672095904528447,0
-1.5598649253146366,0.8686734095025166,0
-1.5597156274172974,0.8704162932822275,0
-1.5595662644648378,0.8721593083826491,0
-1.560843777905088,0.8733440627022908,0
-1.5598482858230085,0.8728912835678422,0
-1.5612583926138512,0.8765511594938094,0
-1.5639631402499479,0.8771769307687372,0
-1.5655229677963938,0.8790930693303594,0
-1.5678131332512848,0.8765116781534061,0
-1.568244550089469,0.8755005725778222,0
-1.5672488303144814,0.8750482530658736,0
-1.5575583805885795,0.87547214946194,0
-1.5578403368916316,0.8762042559678473,0
-1.5588358127099369,0.8766570679324683,0
-1.559698841551656,0.8746344628191576,0
-1.5599808466460452,0.8753664708345283,0
-1.5612583926138512,0.8765511594938094,0
-1.5628180412587245,0.8784676591873914,0
-1.5631169298014296,0.8749813006847624,0
-1.5618393025147252,0.8737967761763752,0
-1.5628348596519217,0.874249423990106,0
-1.5628348596519217,0.874249423990106,0
-1.56240341028618,0.8752605952260488,0
-1.56240341028618,0.8752605952260488,0
-1.5626854641719081,0.8759925047508865,0
-1.5626854641719081,0.8759925047508865,0
-1.56240341028618,0.8752605952260488,0
-1.5621213564004535,0.8745286857012111,0
-1.5621213564004535,0.8745286857012111,0
-1.5631169298014296,0.8749813006847624,0
-1.5633989999509375,0.8757131773794242,0
-1.5633989999509375,0.8757131773794242,0
-1.5635483629033953,0.873970162278999,0
-1.5632662764901095,0.8732383184145185,0
-1.5639797634777999,0.872959089533591,0
-1.5642618661548653,0.8736909005678921,0
-1.5642618661548653,0.8736909005678921,0
-1.5639797634777999,0.872959089533591,0
-1.563697660800738,0.8722272784992917,0
-1.563697660800738,0.8722272784992917,0
-1.5646932504654902,0.8726798606526618,0
-1.5649753694063335,0.873411638856787,0
-1.5652574883471768,0.8741434170609104,0
-1.5645439688319307,0.8744227116021932,0
-1.5635483629033953,0.873970162278999,0
-1.5635483629033953,0.873970162278999,0
-1.5622707193529095,0.8727856706007913,0
-1.5622707193529095,0.8727856706007913,0
-1.5625527895024156,0.8735175472954477,0
-1.5635483629033953,0.873970162278999,0
-1.5638304493166792,0.8747020061434796,0
-1.5645439688319307,0.8744227116021932,0
-1.5645439688319307,0.8744227116021932,0
-1.5645439688319307,0.8744227116021932,0
-1.5642618661548653,0.8736909005678921,0
-1.5639797634777999,0.872959089533591,0
-1.5639797634777999,0.872959089533591,0
-1.5639797634777999,0.872959089533591,0
-1.5646932504654902,0.8726798606526618,0
-1.5646932504654902,0.8726798606526618,0
-1.5639797634777999,0.872959089533591,0
-1.5639797634777999,0.872959089533591,0
-1.5666845273776762,0.8735848279783429,0
-1.5673980468929258,0.8733055334370565,0
-1.5679623823572868,0.8747688928642319,0
-1.5693894864429048,0.8742101724609483,0
-1.5710988233158183,0.8743830004505426,0
-1.5698208219621925,0.8731992310362582,0
-1.570518287481864,0.877136628673874,0
-1.5676638190901642,0.8782545947632929,0
-1.5676638190901642,0.8782545947632929,0
-1.5700868543798983,0.8781477670796409,0
-1.5708004877416037,0.8778682427271036,0
-1.5712319045797862,0.8768571371515232,0
-1.5712319045797862,0.8768571371515232,0
-1.5735058859288689,0.8784927007949008,0
-1.5735058859288689,0.8784927007949008,0
-1.574219551818132,0.8782131107820081,0
-1.5760782353797236,0.8766429565013567,0
-1.5799288789322254,0.8759763906788915,0
-1.5809249565103567,0.8764279879269115,0
-1.5804936697824061,0.8774388308610721,0
-1.5806271088495194,0.8799122452981223,0
-1.5806271088495194,0.8799122452981223,0
-1.5821880423329464,0.8818261514076102,0
-1.5824704377580368,0.8825573714987005,0
-1.5824704377580368,0.8825573714987005,0
-1.5824704377580368,0.8825573714987005,0
-1.5824704377580368,0.8825573714987005,0
-1.5831842500213114,0.8822774860142033,0
-1.5831842500213114,0.8822774860142033,0
-1.5834666617101796,0.8830086732751141,0
-1.5834666617101796,0.8830086732751141,0
-1.5834666617101796,0.8830086732751141,0
-1.5841804902372374,0.882728754960441,0
-1.5841804902372374,0.882728754960441,0
-1.5844629181898853,0.8834599093911741,0
-1.5844629181898853,0.8834599093911741,0
-1.5844629181898853,0.8834599093911741,0
-1.5851767629807192,0.8831799582463233,0
-1.5851767629807192,0.8831799582463233,0
-1.5854592071971467,0.8839110798468841,0
-1.5847453461425367,0.8841910638219108,0
-1.5847453461425367,0.8841910638219108,0
-1.5840314850879196,0.8844710477969411,0
-1.5843138967767896,0.8852022350578519,0
-1.5843138967767896,0.8852022350578519,0
-1.5845963084656578,0.8859334223187645,0
-1.5843138967767896,0.8852022350578519,0
-1.5845963084656578,0.8859334223187645,0
-1.5838824148834885,0.8862134719541519,0
-1.5841488051043378,0.8911612857336113,0
-1.5844472057336692,0.8876759121363325,0
-1.5844472057336692,0.8876759121363325,0
-1.5844472057336692,0.8876759121363325,0
-1.5838664422068085,0.8904299999821639,0
-1.583434813939494,0.8914415323500648,0
-1.5827208227746485,0.8917217789665255,0
-1.583003153144622,0.8924531303783283,0
-1.583003153144622,0.8924531303783283,0
-1.5822891457159969,0.8927334098249666,0
-1.5822891457159969,0.8927334098249666,0
-1.5825714598221907,0.8934647940669471,0
-1.5818574361297841,0.8937451063437631,0
-1.5818574361297841,0.8937451063437631,0
-1.5821397339721983,0.8944765234159231,0
-1.5814256940160156,0.8947568685229168,0
-1.581143412437381,0.8940254186205792,0
-1.580711654059833,0.8950372136299087,0
-1.580711654059833,0.8950372136299087,0
-1.5808611308587448,0.8932939687182397,0
-1.5808611308587448,0.8932939687182397,0
-1.5801471234301196,0.8935742481648745,0
-1.5794331160014963,0.8938545276115111,0
-1.5797153650525733,0.8945860431742076,0
-1.5790013413601685,0.8948663554510219,0
-1.5782873176677654,0.8951466677278379,0
-1.5764274143227333,0.896719284271871,0
-1.5768592702829558,0.8957072922814682,0
-1.5775732939753624,0.8954269800046486,0
-1.576145246590551,0.8959876045582789,0
-1.5757133743665506,0.8969996293788647,0
-1.5740031755133401,0.8968285413887251,0
-1.571446782475391,0.894461790484435,0
-1.571446782475391,0.894461790484435,0
-1.5711646960621053,0.893729946619958,0
-1.56874083131963,0.8938384486427111,0
-1.5683089265680703,0.8948505391236488,0
-1.5708650268579945,0.8972178809711515,0
-1.5712969641371135,0.8962057248298549,0
-1.5723104618682768,0.8924378721639883,0
-1.571446782475391,0.894461790484435,0
-1.5711646960621053,0.893729946619958,0
-1.5715965357585482,0.8927179874597311,0
-1.5698866133895812,0.8925463413565637,0
-1.5717462239865885,0.8909743157557433,0
-1.569040402941063,0.890350711272589,0
-1.568476262642049,0.8888869578832708,0
-1.56748038022927,0.8884349666731097,0
-1.5667665679659954,0.8887148521576052,0
-1.5714641050457452,0.8902425375516163,0
-1.5721779823641366,0.8899625207464119,0
-1.5736057370009178,0.8894024871359925,0
-1.5733235692687373,0.8886708074224039,0
-1.574037430323349,0.8883908234473772,0
-1.5747512913779627,0.8881108394723398,0
-1.5724601175687596,0.8906942661203558,0
-1.5698866133895812,0.8925463413565637,0
-1.5683265418864512,0.8906306952476228,0
-1.569040402941063,0.890350711272589,0
-1.569339714342032,0.8868634991853206,0
-1.5699209007271513,0.8841085577548533,0
-1.5737718532914613,0.8834413681589943,0
-1.5743362863384984,0.8849045306051018,0
-1.5757638783374883,0.8843448252964645,0
-1.5761954090221266,0.8833334899096315,0
-1.576344625600571,0.8815907702808161,0
-1.5777721200168902,0.8810312619532503,0
-1.5789172677994507,0.8797404350440594,0
-1.5806271088495194,0.8799122452981223,0
-1.5806271088495194,0.8799122452981223,0
-1.5824859225213466,0.8783418283760422,0
-1.583199653465723,0.8780621070424424,0
-1.5826347650328678,0.8765998638413315,0
-1.5834972083785352,0.8745784406144388,0
-1.5812073681992267,0.877159175187824,0
-1.5804936697824061,0.8774388308610721,0
-1.5800623505268963,0.8784497394555864,0
-1.5804936697824061,0.8774388308610721,0
-1.5807760652074965,0.8781700509521624,0
-1.5806271088495194,0.8799122452981223,0
-1.5819056469078578,0.88109493131652,0
-1.582337014954705,0.8800839242314691,0
-1.583050778426644,0.8798041372375103,0
-1.5824859225213466,0.8783418283760422,0
-1.5829172092492954,0.8773309854418851,0
-1.5836309239298938,0.8770512969384612,0
-1.584344638610494,0.8767716084350354,0
-1.584344638610494,0.8767716084350354,0
-1.584775860283326,0.8757608968215891,0
-1.583779685122522,0.8753094965546389,0
-1.584775860283326,0.8757608968215891,0
-1.5850583532910907,0.8764919199316079,0
-1.5857720679716927,0.8762122314281839,0
-1.5850583532910907,0.8764919199316079,0
-1.5870508337229392,0.8773944578240851,0
-1.5907535943268911,0.8784679195558045,0
-1.5920326040348254,0.8796496534990279,0
-1.592315210889046,0.8803804467977976,0
-1.5923003929406896,0.8845946438831422,0
-1.5952900406238708,0.8859465794016881,0
-1.576493777123897,0.8798481819727115,0
-1.5772074918045007,0.8795684934692858,0
-1.5767760749663147,0.8805795990448733,0
-1.5787681975950214,0.8814828592012702,0
-1.5810584606325868,0.8789012710432527,0
-1.581921066616049,0.8768795195145742,0
-1.5863370865147814,0.877674211987868,0
-1.5871994973328931,0.8756528544213342,0
-1.586054577243237,0.8769432217080286,0
-1.5876306539506082,0.874642274128604,0
-1.5857720679716927,0.8762122314281839,0
-1.5863370865147814,0.877674211987868,0
-1.5877645809311005,0.877114703660304,0
-1.5890434442650196,0.8782967330751319,0
-1.590456234579431,0.8819511920216652,0
-1.592315210889046,0.8803804467977976,0
-1.5930290556798798,0.8801004956529486,0
-1.5944567452615477,0.8795405933632416,0
-1.5914673903263878,0.8781880669014885,0
-1.5910506938538873,0.874985172372801,0
-1.5883443523674305,0.8743626184553541,0
-1.5871994973328931,0.8756528544213342,0
-1.5866195957863276,0.8784052022677091,0
-1.584046986115009,0.8802554718441051,0
-1.584046986115009,0.8802554718441051,0
-1.5819056469078578,0.88109493131652,0
-1.5816232514827675,0.8803637112254297,0
-1.5804780874364255,0.8816545709648,0
-1.5804780874364255,0.8816545709648,0
-1.58090948801083,0.880643498219392,0
-1.583333206379292,0.8805352916682434,0
-1.5843294303314348,0.8809865934446606,0
-1.5878984103289095,0.8795873301730754,0
-1.589326002327903,0.8790276248644382,0
-1.5896085603907846,0.8797585166537445,0
-1.5906049469807222,0.8802094901283759,0
-1.5910361849173338,0.8791987456847554,0
-1.591318775507773,0.8799295718137046,0
-1.5910361849173338,0.8791987456847554,0
-1.5917499971806066,0.8789188602002582,0
-1.5921811863258828,0.8779082142471708,0
-1.5913333169718857,0.8757159328413948,0
-1.5913333169718857,0.8757159328413948,0
-1.5920470641800435,0.8754361786776101,0
-1.5934745585963608,0.8748766703500479,0
-1.5944709939776356,0.8753275453341445,0
-1.5951847574495712,0.8750477583401839,0
-1.5951847574495712,0.8750477583401839,0
-1.5958985209215086,0.8747679713462233,0
-1.5968950213578967,0.8752187150096074,0
-1.5961812416221814,0.8754985348337438,0
-1.596463962322856,0.8762290983212679,0
-1.595750166323361,0.8765089509755839,0
-1.5954674618864644,0.8757783546578839,0
-1.5969087333692737,0.871006750376397,0
-1.5959122817242175,0.8705559082224799,0
-1.594767638118812,0.8718457173961376,0
-1.5961950349524496,0.8712864060496432,0
-1.5959122817242175,0.8705559082224799,0
-1.5971915028612855,0.8717372153733827,0
-1.5959122817242175,0.8705559082224799,0
-1.5963431943852502,0.8695458203824202,0
-1.5974877241442034,0.8682562410200134,0
-1.5977836852066556,0.8647757919494978,0
-1.5977836852066556,0.8647757919494978,0
-1.597070100636289,0.865055217811495,0
-1.597352918919638,0.8657855843179476,0
-1.597070100636289,0.865055217811495,0
-1.5977836852066556,0.8647757919494978,0
-1.594215762354823,0.8661729212594871,0
-1.593219440820004,0.8657218164641414,0
-1.593219440820004,0.8657218164641414,0
-1.5933675026701266,0.8639814277779916,0
-1.5937982689571477,0.8629716354095418,0
-1.5932327299731224,0.8615107054155686,0
-1.5932327299731224,0.8615107054155686,0
-1.5929499604811106,0.8607802404185811,0
-1.5925192429854285,0.8617899342964979,0
-1.5942290027166024,0.8619619087014492,0
-1.597648717344299,0.862305463549216,0
-1.5956560092195424,0.8614033852792389,0
-1.5953731909361935,0.860673018772788,0
-1.593663431205023,0.8605010443678314,0
-1.5945117884723938,0.8626923408682572,0
-1.5962216457862421,0.8628641182921406,0
-1.5956560092195424,0.8614033852792389,0
-1.5960866779238838,0.8603937898918588,0
-1.5965173141006659,0.8593842601648358,0
-1.5975136518992645,0.8598353321300021,0
-1.5973658665333872,0.8615751627031187,0
-1.597648717344299,0.862305463549216,0
-1.596652347018141,0.8618544572444051,0
-1.5983622531233248,0.8620261361777519,0
-1.5969479177498922,0.85837479609817,0
-1.5966650506752043,0.857644528082254,0
-1.5975261278634214,0.855625862590351,0
-1.5969603286589322,0.8541654578792279,0
-1.5973907859341434,0.8531562892841755,0
-1.598534551295474,0.8518682529401467,0
-1.5999612325228316,0.8513103861215026,0
-1.5965420383360698,0.8509657807080284,0
-1.597538278551994,0.8514170496542661,0
-1.5976737018001685,0.8538864588095514,0
-1.5976737018001685,0.8538864588095514,0
-1.5973907859341434,0.8531562892841755,0
-1.5973907859341434,0.8531562892841755,0
-1.5973907859341434,0.8531562892841755,0
-1.59710787006812,0.8524261197587926,0
-1.59710787006812,0.8524261197587926,0
-1.5968249542020967,0.8516959502334096,0
-1.59710787006812,0.8524261197587926,0
-1.5976737018001685,0.8538864588095514,0
-1.5976737018001685,0.8538864588095514,0
-1.5973907859341434,0.8531562892841755,0
-1.59710787006812,0.8524261197587926,0
-1.597538278551994,0.8514170496542661,0
-1.5968249542020967,0.8516959502334096,0
-1.59596407217923,0.8537142217631715,0
-1.5955335823764578,0.8547234560185863,0
-1.595816449451144,0.8554537240345041,0
-1.5956687616679446,0.8571933576265494,0
-1.5956687616679446,0.8571933576265494,0
-1.595385910857038,0.8564630567804592,0
-1.595816449451144,0.8554537240345041,0
-1.596246955517696,0.854444456948908,0
-1.596246955517696,0.854444456948908,0
-1.5969603286589322,0.8541654578792279,0
-1.5966774290566867,0.8534352555236673,0
-1.5938240015468566,0.8545511204816734,0
-1.5948202092352197,0.8550024550882664,0
-1.5945373584243132,0.854272154242171,0
-1.5955335823764578,0.8547234560185863,0
-1.5955335823764578,0.8547234560185863,0
-1.596246955517696,0.854444456948908,0
-1.59596407217923,0.8537142217631715,0
-1.5966774290566867,0.8534352555236673,0
-1.5966774290566867,0.8534352555236673,0
-1.59710787006812,0.8524261197587926,0
-1.5981041428116018,0.8528773230446749,0
-1.5981041428116018,0.8528773230446749,0
-1.597243228261176,0.8548956602347886,0
-1.5968127221946293,0.8559049273203865,0
-1.5970956055330952,0.8566351625061195,0
-1.5970956055330952,0.8566351625061195,0
-1.597809027465665,0.8563560649459063,0
-1.597809027465665,0.8563560649459063,0
-1.5988053652642655,0.8568071369110797,0
-1.5995188034606187,0.8565280065206871,0
-1.5995188034606187,0.8565280065206871,0
-1.5995188034606187,0.8565280065206871,0
-1.5985224493982422,0.8560769673856932,0
-1.5985224493982422,0.8560769673856932,0
-1.5980919270679141,0.8570862673014705,0
-1.5942419178027976,0.8577515527469792,0
-1.5942419178027976,0.8577515527469792,0
-1.5956687616679446,0.8571933576265494,0
-1.5970956055330952,0.8566351625061195,0
-1.597243228261176,0.8548956602347886,0
-1.597956617666192,0.8546166283349343,0
-1.597956617666192,0.8546166283349343,0
-1.597956617666192,0.8546166283349343,0
-1.598239533532217,0.8553467978603173,0
-1.598239533532217,0.8553467978603173,0
-1.5975261278634214,0.855625862590351,0
-1.5975261278634214,0.855625862590351,0
-1.5975261278634214,0.855625862590351,0
-1.5975261278634214,0.855625862590351,0
-1.5988053652642655,0.8568071369110797,0
-1.5988053652642655,0.8568071369110797,0
-1.6002322416569719,0.8562488761302944,0
-1.6002322416569719,0.8562488761302944,0
-1.6002322416569719,0.8562488761302944,0
-1.6005151900505545,0.8569789799953167,0
-1.5998017355904217,0.8572581432158906,0
-1.5998017355904217,0.8572581432158906,0
-1.6013761371285362,0.8549605771448405,0
-1.6013761371285362,0.8549605771448405,0
-1.6016591180496782,0.855690615349511,0
-1.6009456798533233,0.8559697457399036,0
-1.600662715195961,0.8552396747050537,0
-1.600810175286254,0.853500500735505,0
-1.600810175286254,0.853500500735505,0
-1.6003797505386004,0.8545096036702109,0
-1.600662715195961,0.8552396747050537,0
-1.6013761371285362,0.8549605771448405,0
-1.600662715195961,0.8552396747050537,0
-1.6016591180496782,0.855690615349511,0
-1.6043654920636943,0.8563131036065972,0
-1.6039467788825768,0.8531142800200335,0
-1.603380686930059,0.8516544662521213,0
-1.6036637329063161,0.8523843731360756,0
-1.6035164029262603,0.8541232844641993,0
-1.6037994326387377,0.8548532241783313,0
-1.6030859944423863,0.8551323545687239,0
-1.6028029809936868,0.8544023820244124,0
-1.6028029809936868,0.8544023820244124,0
-1.6028029809936868,0.8544023820244124,0
-1.6020895590611115,0.8546814795846256,0
-1.6023725562460314,0.8554114849591183,0
-1.6023725562460314,0.8554114849591183,0
-1.6045128708350909,0.8545740937879387,0
-1.6042298248588338,0.8538441869039826,0
-1.6042298248588338,0.8538441869039826,0
-1.6042298248588338,0.8538441869039826,0
-1.6037994326387377,0.8548532241783313,0
-1.6037994326387377,0.8548532241783313,0
-1.6045128708350909,0.8545740937879387,0
-1.6045128708350909,0.8545740937879387,0
-1.6045128708350909,0.8545740937879387,0
-1.6045128708350909,0.8545740937879387,0
-1.6037994326387377,0.8548532241783313,0
-1.6035164029262603,0.8541232844641993,0
-1.6026673137888228,0.8519334653217996,0
-1.6050905117163463,0.8518263093363636,0
-1.6053735902201627,0.8525561505599626,0
-1.605226309031444,0.8542949633975496,0
-1.6043654920636943,0.8563131036065972,0
-1.6046485217761735,0.8570430433207274,0
-1.606924682471666,0.858674207720199,0
-1.6053501020319825,0.8609721349232089,0
-1.6060636703385676,0.8606927418913894,0
-1.606924682471666,0.858674207720199,0
-1.606924682471666,0.858674207720199,0
-1.6073666236205053,0.8534575722263718,0
-1.6085103564542749,0.8521696015427036,0
-1.6096540242329311,0.8508817621797515,0
-1.6125076469081119,0.8497655032596079,0
-1.6136511845765344,0.8484779265380773,0
-1.6150779633865646,0.8479198627383671,0
-1.6157913527915788,0.8476408308385075,0
-1.6175014865896777,0.8478120501493613,0
-1.617648149754789,0.8460744848585513,0
-1.6193582998166605,0.8462456713392221,0
-1.620501642319729,0.8449584885798398,0
-1.6226417617434414,0.8441214913708013,0
-1.6240685080259158,0.8435634932314446,0
-1.625925061032433,0.8419976397041662,0
-1.628065131664803,0.8411607409856643,0
-1.6299215382973067,0.8395951829299921,0
-1.6313482195246642,0.8390373161113462,0
-1.6310645229972387,0.8383087224345296,0
-1.6319156125795153,0.8404945034649813,0
-1.6310645229972387,0.8383087224345296,0
-1.63277490075202,0.8384794492927004,0
-1.633204496046936,0.8374720206971009,0
-1.6333502972317469,0.8357361954057474,0
-1.6329207507281716,0.8367435255108191,0
-1.6333502972317469,0.8357361954057474,0
-1.63534446909663,0.8366353189596687,0
-1.6377682850477662,0.8365269154274522,0
-1.6391949662751202,0.8359690486088063,0
-1.64090555545903,0.8361393486746618,0
-1.6433295828392982,0.8360305183501211,0
-1.6450403183972213,0.8362005229443739,0
-1.6470351408132693,0.8370983332911557,0
-1.6491754066109934,0.8362610406105162,0
-1.6481779303478543,0.8358122667578378,0
-1.6480391242336054,0.8333496862796608,0
-1.6484683942529355,0.832342914287624,0
-1.6484683942529355,0.832342914287624,0
-1.6486072654222976,0.8348053634450885,0
-1.6506022504761404,0.8357028454900863,0
-1.6493206548273136,0.8345263315452289,0
-1.6506022504761404,0.8357028454900863,0
-1.6523068692075729,0.8400694830242319,0
-1.652590972329481,0.8407972559465904,0
-1.6547315796665671,0.8399592738322035,0
-1.6571563877082305,0.8398488676591018,0
-1.6584383736877584,0.841024593679677,0
-1.6615769939926999,0.8406343020220781,0
-1.6642864581247618,0.8412505525452687,0
-1.666282451532913,0.8421459991192144,0
-1.6675648766344828,0.8433208387249707,0
-1.6714178296436284,0.8426496110171691,0
-1.6747018608026814,0.8405242819925043,0
-1.6761292576363225,0.8399649706460082,0
-1.6779857293239449,0.8383992812696217,0
-1.6787034140121815,0.8339272934098485,0
-1.679132326228368,0.8329212436817386,0
-1.6768511888164443,0.8313001253168597,0
-1.677135844906843,0.8320267820131519,0
-1.677135844906843,0.8320267820131519,0
-1.677135844906843,0.8320267820131519,0
-1.677135844906843,0.8320267820131519,0
-1.6798459107987345,0.8326418178197414,0
-1.680274774223589,0.8316358665821628,0
-1.6801306156804703,0.8333683760254953,0
-1.680700025443942,0.8348214924370083,0
-1.6789880863663562,0.8346539172759666,0
-1.680274774223589,0.8316358665821628,0
-1.6822746888480395,0.8283391122902959,0
-1.6801341303022923,0.8291769959141462,0
-1.680847649817542,0.8288977013728669,0
-1.6805628961444672,0.8281712416576443,0
-1.6801341303022923,0.8291769959141462,0
-1.6808442165146182,0.8330889173333187,0
-1.6812694352074136,0.8362746088485231,0
-1.6805557693181505,0.836554198861414,0
-1.6819831010966766,0.835995018835634,0
-1.6794130936300267,0.8378400355834827,0
-1.6861242573456021,0.8318590020524201,0
-1.6871227256992736,0.8323057732642116,0
-1.687836359060979,0.8320262489116779,0
-1.688549992422681,0.8317467245591423,0
-1.6896923428352206,0.8304615444406416,0
-1.6911195770310723,0.8299025613959312,0
-1.6921181592312013,0.8303491027964789,0
-1.694259059316309,0.8295105297388794,0
-1.6948290871033898,0.8309623986036137,0
-1.6961148967165425,0.8279461207394512,0
-1.695257722835331,0.8299569069885351,0
-1.6948290871033898,0.8309623986036137,0
-1.6953991148904688,0.8324142674683479,0
-1.6942566994228123,0.8336995789075665,0
-1.6951141009969302,0.8316883330359808,0
-1.6961128133072876,0.8321346117950981,0
-1.6972551474560547,0.830849464506775,0
-1.6992527021870085,0.8317417593835863,0
-1.699966416867607,0.8314620708801623,0
-1.7006801315482054,0.8311823823767384,0
-1.701678990232578,0.8316283656642529,0
-1.7023927211769596,0.8313486443306459,0
-1.7041053758608307,0.8315147749638445,0
-1.702964604680382,0.828612481762228,0
-1.7025360990586744,0.8296177107358815,0
-1.699824748328222,0.8290052685133862,0
-1.700538414217485,0.828725678500497,0
-1.7008235582212574,0.8294513502914338,0
-1.7008235582212574,0.8294513502914338,0
-1.700395003808211,0.8304566777556222,0
-1.7006801315482054,0.8311823823767384,0
-1.7038201830657176,0.8307892016634391,0
-1.7049624196318032,0.8295042513561892,0
-1.705390892725955,0.8284990880428946,0
-1.7049624196318032,0.8295042513561892,0
-1.7065330154455864,0.8272143675468904,0
-1.7059624672175726,0.8257635492478652,0
-1.7049635597418593,0.825317664450882,0
-1.703964684793707,0.8248717139935486,0
-1.7049635597418593,0.825317664450882,0
-1.7052488175920892,0.8260431064305749,0
-1.7042499263801592,0.8255971888034157,0
-1.7042499263801592,0.8255971888034157,0
-1.703964684793707,0.8248717139935486,0
-1.7038225283409485,0.8224158965321227,0
-1.704678301891633,0.8245922224711908,0
-1.7041077861911766,0.8231413385118138,0
-1.7049635597418593,0.825317664450882,0
-1.7042499263801592,0.8255971888034157,0
-1.7048204095530561,0.8270481384231534,0
-1.7049635597418593,0.825317664450882,0
-1.7059624672175726,0.8257635492478652,0
-1.7051056511395064,0.827773613233024,0
-1.7051056511395064,0.827773613233024,0
-1.7049635597418593,0.825317664450882,0
-1.7056771931035648,0.8250381400983517,0
-1.7038225283409485,0.8224158965321227,0
-1.7016818234211897,0.8232540756275792,0
-1.7009682551146028,0.8235334686593987,0
-1.7016818234211897,0.8232540756275792,0
-1.7042499263801592,0.8255971888034157,0
-1.7026806170504454,0.8237001902358099,0
-1.7016818234211897,0.8232540756275792,0
-1.7023953917277765,0.8229746825957616,0
-1.7016818234211897,0.8232540756275792,0
-1.7019670324800806,0.8239796160978052,0
-1.7042499263801592,0.8255971888034157,0
-1.7056771931035648,0.8250381400983517,0
-1.7042499263801592,0.8255971888034157,0
-1.703964684793707,0.8248717139935486,0
-1.7056771931035648,0.8250381400983517,0
-1.7056771931035648,0.8250381400983517,0
-1.7049635597418593,0.825317664450882,0
-1.7032510676957848,0.8251512055159047,0
-1.7042499263801592,0.8255971888034157,0
-1.7049635597418593,0.825317664450882,0
-1.7042499263801592,0.8255971888034157,0
-1.7032510676957848,0.8251512055159047,0
-1.7035362930184537,0.8258767131559495,0
-1.7035362930184537,0.8258767131559495,0
-1.7042499263801592,0.8255971888034157,0
-1.7035362930184537,0.8258767131559495,0
-1.7045351679666076,0.8263226636132899,0
-1.7045351679666076,0.8263226636132899,0
-1.7052488175920892,0.8260431064305749,0
-1.7059624672175726,0.8257635492478652,0
-1.7035362930184537,0.8258767131559495,0
-1.7042499263801592,0.8255971888034157,0
-1.7042499263801592,0.8255971888034157,0
-1.7019670324800806,0.8239796160978052,0
-1.7029658423731142,0.8244256978758564,0
-1.7029658423731142,0.8244256978758564,0
-1.7048213707615432,0.8228619126498167,0
-1.703394201620812,0.8234207643738092,0
-1.703964684793707,0.8248717139935486,0
-1.7029658423731142,0.8244256978758564,0
-1.7019670324800806,0.8239796160978052,0
-1.7026806170504454,0.8237001902358099,0
-1.703394201620812,0.8234207643738092,0
-1.7012534479097141,0.8242590419598024,0
-1.7019670324800806,0.8239796160978052,0
-1.7019670324800806,0.8239796160978052,0
-1.703394201620812,0.8234207643738092,0
-1.7041077861911766,0.8231413385118138,0
-1.7026806170504454,0.8237001902358099,0
-1.7048213707615432,0.8228619126498167,0
-1.7055349553319097,0.822582486787816,0
-1.7055349553319097,0.822582486787816,0
-1.7045360966475336,0.822136503500305,0
-1.703394201620812,0.8234207643738092,0
-1.7041077861911766,0.8231413385118138,0
-1.7048213707615432,0.8228619126498167,0
-1.705249664954124,0.821857110468482,0
-1.704678301891633,0.8245922224711908,0
-1.704678301891633,0.8245922224711908,0
-1.704678301891633,0.8245922224711908,0
-1.704678301891633,0.8245922224711908,0
-1.704678301891633,0.8245922224711908,0
-1.7051066448755492,0.8235873217993266,0
-1.7051066448755492,0.8235873217993266,0
-1.7025374505978608,0.8254306970382572,0
-1.7032510676957848,0.8251512055159047,0
-1.7036794432072604,0.8241462391836798,0
-1.7053919189895552,0.8243127309488436,0
-1.7061055360874846,0.8240332394264804,0
-1.7058202457096954,0.8233078631071464,0
-1.706962124472641,0.8220236350638199,0
-1.705249664954124,0.821857110468482,0
-1.705249664954124,0.821857110468482,0
-1.7062485399022762,0.8223030609258188,0
-1.7061055360874846,0.8240332394264804,0
-1.707247447377986,0.8227489457227968,0
-1.7062485399022762,0.8223030609258188,0
-1.7062485399022762,0.8223030609258188,0
-1.7051066448755492,0.8235873217993266,0
-1.7051066448755492,0.8235873217993266,0
-1.7058202457096954,0.8233078631071464,0
-1.7065338465438415,0.8230284044149734,0
-1.7051066448755492,0.8235873217993266,0
-1.7061055360874846,0.8240332394264804,0
-1.704678301891633,0.8245922224711908,0
-1.7051066448755492,0.8235873217993266,0
-1.705249664954124,0.821857110468482,0
-1.7065338465438415,0.8230284044149734,0
-1.7065338465438415,0.8230284044149734,0
-1.707818093188676,0.8241995670407523,0
-1.7073897664685411,0.8252044348824423,0
-1.7076750731101047,0.8259297783715969,0
-1.7086740619047127,0.8263754990176828,0
-1.7093877440577518,0.8260958761746142,0
-1.7101014262107945,0.8258162533315438,0
-1.7105297366671515,0.8248114183200368,0
-1.7081034160940227,0.8249248776997291,0
-1.7061045911427737,0.8282194323696448,0
-1.7063898489930018,0.828944874349336,0
-1.7049635597418593,0.825317664450882,0
-1.7041077861911766,0.8231413385118138,0
-1.7048213707615432,0.8228619126498167,0
-1.7052488175920892,0.8260431064305749,0
-1.7055340754423192,0.8267685484102643,0
-1.7051066448755492,0.8235873217993266,0
-1.7048213707615432,0.8228619126498167,0
-1.7036794432072604,0.8241462391836798,0
-1.7041077861911766,0.8231413385118138,0
-1.7041077861911766,0.8231413385118138,0
-1.707532770283331,0.8234742563817772,0
-1.7048213707615432,0.8228619126498167,0
-1.7055349553319097,0.822582486787816,0
-1.7048213707615432,0.8228619126498167,0
-1.7055349553319097,0.822582486787816,0
-1.7058202457096954,0.8233078631071464,0
-1.7058202457096954,0.8233078631071464,0
-1.7055349553319097,0.822582486787816,0
-1.7055349553319097,0.822582486787816,0
-1.704393044041403,0.8238667804915032,0
-1.7041077861911766,0.8231413385118138,0
-1.7026806170504454,0.8237001902358099,0
-1.7051066448755492,0.8235873217993266,0
-1.706962124472641,0.8220236350638199,0
-1.7099592388759906,0.8191762127376627,0
-1.7130989163265777,0.8187837871184698,0
-1.713812484633161,0.8185043940866503,0
-1.714240551132832,0.8175000515278192,0
-1.715525139317032,0.8186705247198436,0
-1.7160956566630041,0.8159371198864154,0
-1.7149534542699865,0.8130377157405011,0
-1.7143823530734803,0.8115880136675422,0
-1.7163803957178114,0.8124793236390033,0
-1.7179506646104965,0.8143743852260847,0
-1.7189497997791143,0.8148198104005626,0
-1.716523625579999,0.8149329743086522,0
-1.716523625579999,0.8149329743086522,0
-1.7183785684723727,0.8133703709690359,0
-1.7199477493373703,0.8110833433852562,0
-1.7213746907851917,0.8105249512837585,0
-1.7198055749753145,0.812811847546822,0
-1.7179506646104965,0.8143743852260847,0
-1.7172371450952468,0.8146536797673694,0
-1.7182362640000886,0.8150991377720302,0
-1.7175227282210592,0.8153784651434925,0
-1.7180938944726822,0.8168280358957372,0
-1.7180929528190028,0.812645651253268,0
-1.7173794658313124,0.8129248801341973,0
-1.7180929528190028,0.812645651253268,0
-1.719519926794387,0.8120871934914113,0
-1.7240865944841346,0.8111362772801876,0
-1.7255136009870746,0.8105777538579773,0
-1.7255136009870746,0.8105777538579773,0
-1.7246580860113436,0.8125851914288607,0
-1.7239445502323143,0.8128645188003265,0
-1.7243723402477382,0.8118607343545232,0
-1.7243723402477382,0.8118607343545232,0
-1.7229453012172389,0.8124193234370942,0
-1.723231014453285,0.813143846171787,0
-1.7236588207324886,0.8121400288958096,0
-1.7243723402477382,0.8118607343545232,0
-1.725371621790373,0.8123058640574001,0
-1.7260851575694023,0.8120265366859378,0
-1.726798693348428,0.8117472093144737,0
-1.7275122291274574,0.8114678819430114,0
-1.730082674070628,0.8138062675731579,0
-1.7322234765730649,0.8129678914966263,0
-1.732937077407211,0.8126884328044515,0
-1.7336506782413537,0.8124089741122749,0
-1.7343642790754998,0.8121295154200983,0
-1.734650220004454,0.8128535785322981,0
-1.7353638371023763,0.812574087009942,0
-1.7353638371023763,0.812574087009942,0
-1.7360774542003057,0.8122945954875895,0
-1.737077061018521,0.8127390685868932,0
-1.7363634276568192,0.8130185929394251,0
-1.7356497942951101,0.8132981172919589,0
-1.7356497942951101,0.8132981172919589,0
-1.73493616093341,0.8135776416444926,0
-1.7365050815779366,0.8112911393435684,0
-1.737218682412081,0.8110116806513954,0
-1.7379322832462254,0.8107322219592188,0
-1.7389319225919984,0.8111766293981653,0
-1.7396455396899224,0.8108971378758181,0
-1.7396455396899224,0.8108971378758181,0
-1.7403591567878465,0.810617646353462,0
-1.741072773885774,0.8103381548311077,0
-1.741072773885774,0.8103381548311077,0
-1.741072773885774,0.8103381548311077,0
-1.7417863909836981,0.8100586633087516,0
-1.7420724945504436,0.8107823981191622,0
-1.742786127912149,0.8105028737666284,0
-1.7432136251795463,0.8094996802640431,0
-1.7446370878241382,0.8047640250279073,0
-1.743923552045107,0.8050433523993696,0
-1.742496480487052,0.805602007142296,0
-1.7427826328451363,0.806325643462177,0
-1.7432100162660795,0.8053226797708337,0
-1.743923552045107,0.8050433523993696,0
-1.7449232889735597,0.80548756285725,0
-1.744209736930749,0.8057669230588935,0
-1.7449232889735597,0.80548756285725,0
-1.745636841016367,0.80520820265561,0
-1.7463503930591742,0.80492884245397,0
-1.7473501950427384,0.805372921591136,0
-1.7463503930591742,0.80492884245397,0
-1.743923552045107,0.8050433523993696,0
-1.742496480487052,0.805602007142296,0
-1.742496480487052,0.805602007142296,0
-1.7429238476442173,0.8045990762811339,0
-1.7436373671594652,0.8043197817398493,0
-1.7430649973881795,0.8028726404208069,0
-1.7447739455759095,0.7988619675418658,0
-1.7426336797781872,0.7996992602225088,0
-1.7404893334174005,0.7963605044851185,0
-1.7390626521900447,0.7969183713037609,0
-1.7404893334174005,0.7963605044851185,0
-1.7410617031886844,0.7978076458041592,0
-1.7434880562893742,0.7976941207641097,0
-1.743201822612395,0.796970648595126,0
-1.7417750763299225,0.7975286467344791,0
-1.7444876956351507,0.7981385282030615,0
-1.7433471017107625,0.7994201626622921,0
-1.7429198809276105,0.800422798051855,0
-1.7419202578456119,0.799978357782722,0
-1.7419202578456119,0.799978357782722,0
-1.74163407295997,0.7992547871232052,0
-1.74163407295997,0.7992547871232052,0
-1.7409206672911743,0.7995338518532407,0
-1.7409206672911743,0.7995338518532407,0
-1.740634498669312,0.7988102483635373,0
-1.740634498669312,0.7988102483635373,0
-1.740348330047448,0.7980866448738375,0
-1.740634498669312,0.7988102483635373,0
-1.7426336797781872,0.7996992602225088,0
-1.7426336797781872,0.7996992602225088,0
-1.7426336797781872,0.7996992602225088,0
-1.7423474786287656,0.7989757223931679,0
-1.7423474786287656,0.7989757223931679,0
-1.742061277479344,0.7982521845638217,0
-1.7423474786287656,0.7989757223931679,0
-1.7433471017107625,0.7994201626622921,0
-1.7450601955166682,0.7995854068806789,0
-1.7423474786287656,0.7989757223931679,0
-1.7409206672911743,0.7995338518532407,0
-1.738490347473876,0.7954710986640094,0
-1.740634498669312,0.7988102483635373,0
-1.7409206672911743,0.7995338518532407,0
-1.7409206672911743,0.7995338518532407,0
-1.7409206672911743,0.7995338518532407,0
-1.7409206672911743,0.7995338518532407,0
-1.741202674031081,0.7960815710757956,0
-1.741916014644758,0.7958026376664726,0
-1.7416297972315569,0.7950791326673095,0
-1.7424839460498376,0.7930744528314104,0
-1.7443375227847593,0.7915146072267785,0
-1.7419114461683183,0.7916275741537948,0
-1.7416297972315569,0.7950791326673095,0
-1.7427701959905946,0.7937978921702182,0
-1.742910971667639,0.792072211403994,0
-1.7427653998212485,0.7896232882800369,0
-1.7451914113825762,0.7895104526737313,0
-1.7479039005775672,0.790120596783737,0
-1.7479090870776162,0.7942944127496379,0
-1.7490494207815388,0.7930133035732592,0
-1.7503355540247583,0.7941806578983392,0
-1.7493358008325295,0.7937364802706384,0
-1.7479090870776162,0.7942944127496379,0
-1.7476227395541812,0.7935711703918997,0
-1.74676369698388,0.7914014433186907,0
-1.7481902806285596,0.790843773481118,0
-1.7491899687656698,0.7912880824295332,0
-1.7499032768517893,0.7910092146805674,0
-1.7519027832362521,0.7918975699359674,0
-1.7537563111798367,0.790337822821872,0
-1.7558962842295323,0.7895011210844434,0
-1.7561766320639585,0.7860521889851988,0
-1.752890748479592,0.7839969718573929,0
-1.75331740003047,0.7829954855240775,0
-1.752890748479592,0.7839969718573929,0
-1.755456933958131,0.7821596702014624,0
-1.755456933958131,0.7821596702014624,0
-1.7564567196779173,0.7826037821688132,0
-1.7551703424780083,0.7814369202964073,0
-1.7555968964462139,0.7804356309441669,0
-1.755456933958131,0.7821596702014624,0
-1.7568832899099007,0.7816024599863898,0
-1.757743161932943,0.7837705127205048,0
-1.7581697484287062,0.7827691577079037,0
-1.7595961694355982,0.7822118161721132,0
-1.7613092957690633,0.7823769947301393,0
-1.762735749303511,0.7818195875339953,0
-1.7641622028379569,0.7812621803378477,0
-1.766301883139631,0.7804260695436298,0
-1.769302167334402,0.7817565341254955,0
-1.7700154428929658,0.7814777320368886,0
-1.7700154428929658,0.7814777320368886,0
-1.7721552695686498,0.7806413257710627,0
-1.7717207479941557,0.7774744131179077,0
-1.7714337987108912,0.7767523854767759,0
-1.7710075374907106,0.7777530838858038,0
-1.7694416744366706,0.7800334141131913,0
-1.769015299370034,0.7810343423334665,0
-1.769015299370034,0.7810343423334665,0
-1.7668755214856908,0.781870650108754,0
-1.7664490651001596,0.7828717424799265,0
-1.7668755214856908,0.781870650108754,0
-1.7678756162172835,0.782314138302711,0
-1.7713025194353804,0.7826431822116184,0
-1.774303291543534,0.7839726618881357,0
-1.7738768676855603,0.7849736885989476,0
-1.7747376667440165,0.7871398700128882,0
-1.7758775450621194,0.7858596800815061,0
-1.7740242448114447,0.7874189675731049,0
-1.774163800705045,0.7856957490702605,0
-1.7763039689200912,0.7848586533706907,0
-1.7755905795150753,0.785137685270545,0
-1.7755905795150753,0.785137685270545,0
-1.7751641393933273,0.7861387448115416,0
-1.7764514761562076,0.7873036697034212,0
-1.77673844170325,0.7880256645143771,0
-1.7747376667440165,0.7871398700128882,0
-1.7717367482618513,0.7858106858079843,0
-1.771015618943455,0.7819210560799483,0
-1.7744427173269024,0.7822497060267146,0
-1.7761563641013005,0.7824138340190316,0
-1.7764433621759022,0.7831357631696321,0
-1.7767303602505038,0.7838576923202325,0
-1.7770173583251054,0.7845796214708347,0
-1.774877190110061,0.7854167171704027,0
-1.774163800705045,0.7856957490702605,0
-1.774877190110061,0.7854167171704027,0
-1.7755905795150753,0.785137685270545,0
-1.7758775450621194,0.7858596800815061,0
-1.7765909507309132,0.7855806153514724,0
-1.77673844170325,0.7880256645143771,0
-1.7760249872431189,0.7883048277349491,0
-1.7757380379598544,0.7875828000938139,0
-1.7764514761562076,0.7873036697034212,0
-1.7757380379598544,0.7875828000938139,0
-1.7750245997635012,0.7878619304842065,0
-1.7750245997635012,0.7878619304842065,0
-1.7757380379598544,0.7875828000938139,0
-1.77545108867659,0.786860772452675,0
-1.77545108867659,0.786860772452675,0
-1.7783128415958505,0.7899123872361429,0
-1.7783128415958505,0.7899123872361429,0
-1.780174337145727,0.7925208421274395,0
-1.7798873390711254,0.7917989129768408,0
-1.7783128415958505,0.7899123872361429,0
-1.7798873390711254,0.7917989129768408,0
-1.7803138767755549,0.7907976564547745,0
-1.7803138767755549,0.7907976564547745,0
-1.7821755349632227,0.7934057830442889,0
-1.7841768628909502,0.7942904613197097,0
-1.783610687974024,0.7970151004955088,0
-1.7830366267697038,0.7955713735150205,0
-1.7843243701270666,0.7967354776524402,0
-1.7854646550396502,0.7954544669665928,0
-1.7860388138266448,0.796897996966015,0
-1.7870396079007413,0.7973400734622977,0
-1.788754165446779,0.7975023629646181,0
-1.7894594733990488,0.7930553588706175,0
-1.7938894964116692,0.7938217845602971,0
-1.7948904693873367,0.7942634999246199,0
-1.7948904693873367,0.7942634999246199,0
-1.794315920269641,0.7928207578494817,0
-1.792888555963561,0.7933800035356224,0
-1.7938894964116692,0.7938217845602971,0
-1.7924620995780263,0.7943810959067932,0
-1.7921748738105165,0.7936596263786893,0
-1.7896073059107476,0.7954997185997819,0
-1.7877533225813398,0.7970603849588738,0
-1.7899026781861203,0.8003890290013107,0
-1.7910431094727173,0.7991077228438623,0
-1.7924706689441479,0.7985480831955822,0
-1.792610029672403,0.7968252586548843,0
-1.7944640130018072,0.7952645922957906,0
-1.7944640130018072,0.7952645922957906,0
-1.7944640130018072,0.7952645922957906,0
-1.7944640130018072,0.7952645922957906,0
-1.7938894964116692,0.7938217845602971,0
-1.795465018505034,0.7957062419997527,0
-1.7941767547067382,0.7945431884280438,0
-1.794315920269641,0.7928207578494817,0
-1.7941767547067382,0.7945431884280438,0
-1.7941854541830917,0.7987099130754096,0
-1.7967620793623595,0.8010358232377612,0
-1.798764383116838,0.8019185317024782,0
-1.800906063863346,0.8010783827963142,0
-1.8036225214204684,0.80168051634279,0
-1.8059033189385403,0.7991180353486023,0
-1.8096214488138322,0.8001604725617231,0
-1.8124772183078672,0.7990398800580323,0
-1.8154819425143636,0.8003613820011921,0
-1.8180605844022484,0.8026832212214217,0
-1.8219186117105082,0.8020017504979577,0
-1.8254889741292182,0.8005996966612052,0
-1.8292089418115562,0.8016384240641727,0
-1.832353384549446,0.8012363792027024,0
-1.8359240722437402,0.7998336687623819,0
-1.839782880213395,0.7991506221903535,0
-1.8430654476323252,0.7970282478817445,0
-1.8472127011529338,0.7970642085744402,0
-1.849643543056679,0.79694162240515,0
-1.854217090325026,0.7959768190284535,0
-1.8580766139009715,0.7952923279285748,0
-1.8622248920396665,0.7953262203200335,0
-1.863942019262815,0.7954833226541673,0
-1.8659478685211592,0.7963588741399903,0
-1.8672395151855259,0.7975150990345945,0
-1.868668180593943,0.7969532269341819,0
-1.8676651583820973,0.7965156481723454,0
-1.8648078926203802,0.7976392610524492,0
-1.864230643715338,0.7962019687869297,0
-1.86552220906081,0.7973583578324206,0
-1.8663734954539493,0.7953594561079189,0
-1.863942019262815,0.7954833226541673,0
-1.8663734954539493,0.7953594561079189,0
-1.8680907690511095,0.7955162629704482,0
-1.868668180593943,0.7969532269341819,0
-1.871388687832079,0.7975471857662342,0
-1.871388687832079,0.7975471857662342,0
-1.873957329141275,0.7957049267533716,0
-1.8718142822373132,0.79654783339452,0
-1.8729541768191957,0.7952676106329548,0
-1.8742461487591449,0.7964231789239911,0
-1.8735317835273797,0.7967041806345492,0
-1.875827021635871,0.7982968352347459,0
-1.8769669812728704,0.7970164811524736,0
-1.8768302878044025,0.7987339215439153,0
-1.878122454909704,0.7998890958728051,0
-1.880706984285661,0.8021990505684524,0
-1.8850099257233186,0.804663514014134,0
-1.8865914816787637,0.8065357914573994,0
-1.885025374668034,0.8088166141374611,0
-1.8840368418379363,0.812534072479469,0
-1.8810260675055837,0.8112247833626753,0
-1.8838848945901034,0.8100980187854425,0
-1.8864547556827382,0.8082532975091983,0
-1.8856032415966872,0.8102526588561982,0
-1.8866069143597013,0.8106889244109077,0
-1.8877474107014187,0.8094074869327379,0
-1.8883098124215696,0.8066904643583346,0
-1.8898757080031654,0.8044100684705953,0
-1.8887354556181393,0.8056910134960837,0
-1.8883098124215696,0.8066904643583346,0
-1.887595138177998,0.8069720898422865,0
-1.8883098124215696,0.8066904643583346,0
-1.88859882720479,0.8074083225668112,0
-1.889602548759143,0.8078444896309804,0
-1.8906063028410536,0.8082805910347979,0
-1.8897391609087126,0.8061272133904325,0
-1.8891610662871514,0.8046916282941918,0
-1.8898757080031654,0.8044100684705953,0
-1.8891610662871514,0.8046916282941918,0
-1.8898757080031654,0.8044100684705953,0
-1.8898757080031654,0.8044100684705953,0
-1.8905903497191812,0.8041285086470005,0
-1.890301269880844,0.8034107817592364,0
-1.8907267992309595,0.8024115607082365,0
-1.8910158953330765,0.8031292547658193,0
-1.8917305207853108,0.8028477277724058,0
-1.8917305207853108,0.8028477277724058,0
-1.889586644428606,0.8036923087526553,0
-1.8928706267963236,0.8015670782185218,0
-1.8950144543616911,0.8007225957288071,0
-1.8972943736356882,0.7981618875642553,0
-1.8987235269574807,0.7975990305584943,0
-1.8988594885558872,0.795883067525077,0
-1.9008495473301465,0.7926062083213239,0
-1.9038431162296288,0.7897659429740589,0
-1.9052720418585132,0.7892035455907944,0
-1.9067009674873958,0.7886411482075317,0
-1.9067009674873958,0.7886411482075317,0
-1.9067009674873958,0.7886411482075317,0
-1.9067009674873958,0.7886411482075317,0
-1.9052720418585132,0.7892035455907944,0
-1.9059865046729563,0.7889223468991595,0
-1.9064114485270203,0.787924307734583,0
-1.909269234729674,0.7867996442887666,0
-1.9128414674829912,0.7853938149814983,0
-1.9156992536856414,0.7842691515356854,0
-1.9202757609618004,0.7832983730665237,0
-1.9224191494051333,0.7824547769916279,0
-1.924272612293601,0.7808951611982451,0
-1.926705926291783,0.7807675848418398,0
-1.927844845046918,0.7794893318909786,0
-1.9285592915975798,0.7792081660295231,0
-1.927710379716201,0.7812022745479741,0
-1.9268613377245885,0.7831966457078572,0
-1.9272858749841735,0.7821994272977406,0
-1.928424858794422,0.7809210430261668,0
-1.9295637775495535,0.7796427900753056,0
-1.9312827751073076,0.7797961169389271,0
-1.932733134751654,0.783374738173336,0
-1.9330232066805237,0.7840904624202185,0
-1.9330232066805237,0.7840904624202185,0
-1.9337377833414209,0.783809033917338,0
-1.9343179597267177,0.7852404167507423,0
-1.9356127778280303,0.7863902397605536,0
-1.9354783124973114,0.7881031824175526,0
-1.9351882243046639,0.7873874910008496,0
-1.9366175402642511,0.7868243056933046,0
-1.9366175402642511,0.7868243056933046,0
-1.937332198244043,0.7865427130395304,0
-1.938337009471601,0.7869766804817484,0
-1.938337009471601,0.7869766804817484,0
-1.9386271627193654,0.7876922405777371,0
-1.9374879024248735,0.7889711829623423,0
-1.9374879024248735,0.7889711829623423,0
-1.9389173159671333,0.7884078006737276,0
-1.9382026091960025,0.7886894918180314,0
-1.9392074692148977,0.7891233607697163,0
-1.9392074692148977,0.7891233607697163,0
-1.9382026091960025,0.7886894918180314,0
-1.9382026091960025,0.7886894918180314,0
-1.9361929867408865,0.7878215569336025,0
-1.9366175402642511,0.7868243056933046,0
-1.937912472212016,0.7879738988918668,0
-1.9389173159671333,0.7884078006737276,0
-1.9399221922498064,0.7888416367952296,0
-1.9409271010600406,0.7892754072563761,0
-1.9415074726106862,0.790706396127641,0
-1.939497622462662,0.7898389208657086,0
-1.9377780231450785,0.7896868087186881,0
-1.9374879024248735,0.7889711829623423,0
-1.9371977817046648,0.7882555572059964,0
-1.937912472212016,0.7879738988918668,0
-1.936907660984458,0.7875399314496505,0
-1.936907660984458,0.7875399314496505,0
-1.9371977817046648,0.7882555572059964,0
-1.936907660984458,0.7875399314496505,0
-1.9359028822844593,0.7871058983470753,0
-1.9363274195440443,0.7861086799369588,0
-1.9363274195440443,0.7861086799369588,0
-1.9356127778280303,0.7863902397605536,0
-1.9348981361120163,0.7866717995841483,0
-1.9341834943960023,0.7869533594077431,0
-1.9341834943960023,0.7869533594077431,0
-1.9341834943960023,0.7869533594077431,0
-1.9326196155230253,0.7892296843533568,0
-1.9329096386605578,0.7899455070907742,0
-1.933624329167909,0.7896638487766445,0
-1.9329096386605578,0.7899455070907742,0
-1.9319049412794538,0.7895113098373088,0
-1.933199661798092,0.7906613298281933,0
-1.933489684935621,0.7913771525656088,0
-1.933489684935621,0.7913771525656088,0
-1.9337797080731534,0.7920929753030279,0
-1.9337797080731534,0.7920929753030279,0
-1.933064968774465,0.7923747321076924,0
-1.9333549756482178,0.7930905876752838,0
-1.9333549756482178,0.7930905876752838,0
-1.9333549756482178,0.7930905876752838,0
-1.9333549756482178,0.7930905876752838,0
-1.9333549756482178,0.7930905876752838,0
-1.9333549756482178,0.7930905876752838,0
-1.933064968774465,0.7923747321076924,0
-1.933064968774465,0.7923747321076924,0
-1.9323502294757766,0.7926564889123533,0
-1.9323502294757766,0.7926564889123533,0
-1.9313455158308912,0.7922223244890674,0
-1.930920750878398,0.7932200025216822,0
-1.9302060115797097,0.7935017593263467,0
-1.9289314727655373,0.7964952858768779,0
-1.9285065614390344,0.7974932593810955,0
-1.9277917570852239,0.797775147506476,0
-1.9277917570852239,0.797775147506476,0
-1.928081617584965,0.7984912985456791,0
-1.9277917570852239,0.797775147506476,0
-1.9277917570852239,0.797775147506476,0
-1.9267871084954606,0.7973408517624776,0
-1.926497264259499,0.796624667893095,0
-1.9257824924332514,0.7969064903581202,0
-1.9254926644610695,0.79619027365856,0
-1.9244880971902028,0.795755813763666,0
-1.9237733578915126,0.796037570568334,0
-1.922768839411983,0.7956030121829052,0
-1.9224790602311383,0.7948866969928119,0
-1.921049646688875,0.7954500792814301,0
-1.9206246703072516,0.796448184106362,0
-1.9203349399177458,0.7957317704257356,0
-1.9229039715576413,0.793888723488589,0
-1.9226141761130187,0.7931724411286751,0
-1.9229039715576413,0.793888723488589,0
-1.9229039715576413,0.793888723488589,0
-1.9243333525723436,0.7933254068603333,0
-1.9250480430796966,0.7930437485462019,0
-1.9246231805445255,0.7940416235598882,0
-1.9246231805445255,0.7940416235598882,0
-1.9263424545865249,0.7941943923104731,0
-1.9263424545865249,0.7941943923104731,0
-1.9253378873156564,0.7937599324155808,0
-1.9253378873156564,0.7937599324155808,0
-1.9243333525723436,0.7933254068603333,0
-1.9239084737733982,0.7943233147041937,0
-1.925627731551618,0.7944761162849598,0
-1.9249130085167074,0.7947578402594448,0
-1.9249130085167074,0.7947578402594448,0
-1.9239084737733982,0.7943233147041937,0
-1.9231937670022656,0.7946050058485046,0
-1.9234835624468882,0.7953212882084166,0
-1.9234835624468882,0.7953212882084166,0
-1.9240631533361352,0.7967538529282461,0
-1.925627731551618,0.7944761162849598,0
-1.927347054384958,0.7946287865450117,0
-1.926632315086266,0.7949105433496761,0
-1.925627731551618,0.7944761162849598,0
-1.925627731551618,0.7944761162849598,0
-1.925627731551618,0.7944761162849598,0
-1.9249130085167074,0.7947578402594448,0
-1.9249130085167074,0.7947578402594448,0
-1.9249130085167074,0.7947578402594448,0
-1.9241982854818005,0.7950395642339299,0
-1.9241982854818005,0.7950395642339299,0
-1.9237733578915126,0.796037570568334,0
-1.9237733578915126,0.796037570568334,0
-1.9237733578915126,0.796037570568334,0
-1.9244880971902028,0.795755813763666,0
-1.9237733578915126,0.796037570568334,0
-1.9237733578915126,0.796037570568334,0
-1.923058618592826,0.7963193273729985,0
-1.9229039715576413,0.793888723488589,0
-1.9226141761130187,0.7931724411286751,0
-1.9226141761130187,0.7931724411286751,0
-1.9229039715576413,0.793888723488589,0
-1.9229039715576413,0.793888723488589,0
-1.9229039715576413,0.793888723488589,0
-1.9221892810502936,0.7941703818027186,0
-1.9221892810502936,0.7941703818027186,0
-1.9221892810502936,0.7941703818027186,0
-1.9221892810502936,0.7941703818027186,0
-1.9214745905429425,0.7944520401168464,0
-1.9214745905429425,0.7944520401168464,0
-1.9217643534600075,0.7951683881371174,0
-1.921049646688875,0.7954500792814301,0
-1.9181908196043551,0.7965768438586593,0
-1.9153319925198335,0.7977036084358922,0
-1.912473165435312,0.7988303730131232,0
-1.9119123087741805,0.8015442767205823,0
-1.9147895773387944,0.8045645715138505,0
-1.9145000258508595,0.8038477967012589,0
-1.9159296670860275,0.803283954790146,0
-1.9166444877036124,0.8030020338345913,0
-1.9111793882158707,0.797678448871892,0
-1.9111793882158707,0.797678448871892,0
-1.9111793882158707,0.797678448871892,0
-1.9095961570911673,0.7958095529370066,0
-1.9080130235491382,0.7939404600210409,0
-1.9070089604554248,0.7935049823906191,0
-1.9051365193821503,0.7909186222093911,0
-1.90355366232437,0.7890489711803994,0
-1.9019709028492642,0.7871791231703309,0
-1.9000988195791315,0.7845920407251779,0
-1.8975125987701382,0.78228550036809,0
-1.8956408407755916,0.7796977613193707,0
-1.8943479255364455,0.7785440971786812,0
-1.893769212891275,0.7771097596292194,0
-1.8959116255078499,0.7762681333650292,0
-1.8962010306217731,0.7769852036492271,0
-1.8966257630467105,0.7759875912769658,0
-1.8954868768191364,0.7772657785674681,0
-1.8943479255364455,0.7785440971786812,0
-1.893769212891275,0.7771097596292194,0
-1.893615232671042,0.774677809707498,0
-1.893461154868131,0.7722460567668445,0
-1.8931717660179892,0.7715289536524672,0
-1.8941560865292821,0.7678199983266669,0
-1.8932877736048361,0.7656689844551483,0
-1.8932682424515388,0.7615241247066038,0
-1.893113611680139,0.7590934879920148,0
-1.8929588833260613,0.7566630482584991,0
-1.8930935763496848,0.7549496459790053,0
-1.8943659683450047,0.7519604530120265,0
-1.8960620356196092,0.7479757816343842,0
-1.8970440629380327,0.7442714553637373,0
-1.8970225313398945,0.7401306337271389,0
-1.897714031343634,0.7357115024546044,0
-1.897691767875429,0.7315721581760322,0
-1.8990955676109742,0.7268761946255982,0
-1.8997856038745837,0.7224600180691194,0
-1.8997621206229418,0.7183231360539271,0
-1.9004512623786969,0.7139087651572602,0
-1.9001370241194593,0.7090575377626855,0
-1.9011152945048888,0.7053607952632497,0
-1.9012228123989985,0.6995179634190549,0
-1.9009072405098664,0.6946694280991093,0
-1.9008814640653586,0.6905371751390721,0
-1.9008553623452684,0.6864055787825993,0
-1.9001166030902255,0.6825515369679653,0
-1.8993776811973913,0.6786978234551047,0
-1.8987701995723434,0.6731372736984351,0
-1.8988742858090415,0.6673013690218887,0
-1.8985561442427965,0.6624580208701225,0
-1.8978161652043148,0.6586064413188666,0
-1.8960738795602694,0.6543158384779169,0
-1.8956240375057725,0.6511798518528256,0
-1.8945932384045765,0.6466140582428892,0
-1.8955952522621153,0.647053672475792,0
-1.8937508320348773,0.6485950346899845,0
-1.8951740653410436,0.6480441278691629,0
-1.8960164066556295,0.6460632827427801,0
-1.893170070153527,0.6471648337429983,0
-1.8933008598701466,0.6454593107063182,0
-1.8920085463908318,0.6443044318490312,0
-1.891137403568809,0.6421591304285581,0
-1.8919795171904852,0.6401787449246754,0
-1.8926909549419975,0.6399036526462272,0
-1.8926909549419975,0.6399036526462272,0
-1.892821500701933,0.6381986220622249,0
-1.8903968878256148,0.6383086342731854,0
-1.8893951179247637,0.6378685275876084,0
-1.889816093416707,0.6368784989865581,0
-1.8876820241188597,0.6377032833692269,0
-1.8858382544427847,0.6392433323762763,0
-1.8844155090499957,0.6397932542917459,0
-1.88199117265793,0.6399027083896733,0
-1.8808586455680167,0.6411680590804139,0
-1.8815700182644122,0.6408930981226852,0
-1.8805684597926948,0.6404525646447858,0
-1.8811488313433422,0.641883553516049,0
-1.8832829982238692,0.6410585721523141,0
-1.883544707767335,0.6376472634375254,0
-1.8871013272926298,0.6362729511015264,0
-1.8871013272926298,0.6362729511015264,0
-1.8876820241188597,0.6377032833692269,0
-1.8871013272926298,0.6362729511015264,0
-1.8905274498493227,0.6366035708590037,0
-1.8905274498493227,0.6366035708590037,0
-1.8906579468179157,0.6348986387655344,0
-1.8883933805514754,0.6374283552416706,0
-1.8876528322807218,0.6335779247466569,0
-1.887783312985535,0.6318730254833653,0
-1.8879137286352314,0.6301682575407881,0
-1.8881743647692772,0.626759115617773,0
-1.8874331984749144,0.6229099326695415,0
-1.8856904249174935,0.618620314733942,0
-1.8846585198793129,0.6140567535761381,0
-1.8840466795614415,0.6085050023072789,0
-1.8837249274362176,0.6036689424551227,0
-1.8829827853151038,0.5998217293175916,0
-1.8823697902689087,0.5942723089913997,0
-1.882337589631618,0.5901530239518369,0
-1.8824340156283181,0.5843325822893206,0
-1.8846936051783256,0.5818129118477771,0
-1.8848223293949857,0.5801115582437557,0
-1.886919156283998,0.5751776661768275,0
-1.8873384240791253,0.5741910847445126,0
-1.8883393970547928,0.5746328001088319,0
-1.8890495174401902,0.574360367074835,0
-1.8886302659088425,0.5753469156769704,0
-1.8883393970547928,0.5746328001088319,0
-1.8890495174401902,0.574360367074835,0
-1.888176862086702,0.572218118860949,0
-1.8894342751413866,0.5692591624882919,0
-1.8919833673879918,0.5674563653498712,0
-1.893659137466166,0.5635126660348835,0
-1.895206736296167,0.5612692040978509,0
-1.8966265542087068,0.5607251916144964,0
-1.8983375499870974,0.5608946709258937,0
-1.8987199657040854,0.5557981938850407,0
-1.8960081270602611,0.5551867365678973,0
-1.895716949194405,0.5544732447731491,0
-1.8974277172798857,0.5546431837070411,0
-1.8981375123897024,0.5543714072766122,0
-1.899011192361277,0.5565115871892523,0
-1.9017232749617925,0.5571225520537197,0
-1.9034343357952999,0.5572919000444045,0
-1.90314302781921,0.5565786708910778,0
-1.9015592762535771,0.5547108255218962,0
-1.8992658434245797,0.5531145267718944,0
-1.901395179962682,0.5522992959711459,0
-1.9002668977191437,0.5535560779853235,0
-1.901431999513262,0.5564092572400376,0
-1.9013046577178354,0.5581078202788969,0
-1.9028883767559108,0.5599757313084357,0
-1.9040169517474759,0.5587183583510473,0
-1.9037256437713879,0.5580051291977242,0
-1.9041442284877892,0.5570199266329023,0
-1.9051454616839223,0.5574611167143679,0
-1.9037256437713879,0.5580051291977242,0
-1.9059825335340506,0.5554909085657922,0
-1.9059825335340506,0.5554909085657922,0
-1.906109631372793,0.5537928379796142,0
-1.9069837992577447,0.5559320329869042,0
-1.9059825335340506,0.5554909085657922,0
-1.9062739065652572,0.5562040063984028,0
-1.9071108808327075,0.5542339952309021,0
-1.9068194752739451,0.5535209630586486,0
-1.90740228639147,0.5549470274031538,0
-1.908949006977398,0.552705338295759,0
-1.9107870355394159,0.5511768783416819,0
-1.911623619476165,0.5492076550984653,0
-1.9124600733026824,0.5472386944966701,0
-1.9150074903800345,0.5454392788666258,0
-1.9162616832064323,0.542486822869293,0
-1.917097649119576,0.5405188471728479,0
-1.918934880756412,0.5389919958975184,0
-1.9190609702408405,0.5372959607823979,0
-1.920732056350607,0.5333617165587938,0
-1.9241135364789343,0.5295981663631828,0
-1.9239471632589549,0.5271912330374047,0
-1.9263262717265999,0.5229887908728177,0
-1.9279954061828626,0.5190584862706231,0
-1.9303732786032928,0.5148585391995955,0
-1.9320413071225673,0.510930467049528,0
-1.9334164988705123,0.5062922517829112,0
-1.9337896442333609,0.5012144879437539,0
-1.9358724842722665,0.4963088298302534,0
-1.9355354767221602,0.49150356468544487,0
-1.9361993445650487,0.4871402118860253,0
-1.9372788045889635,0.4817976972746152,0
-1.9376489248888848,0.47672603984863926,0
-1.936185716858974,0.47317335445517017,0
-1.9361393016786685,0.46908276299153506,0
-1.9342602737748216,0.4665096990325601,0
-1.9327969844260178,0.4629571777899901,0
-1.9335809241550308,0.45690993704146265,0
-1.9342414741869636,0.45255328159844055,0
-1.9339007584951986,0.4477555017343082,0
-1.933559652472736,0.44295850979445817,0
-1.9342188038196575,0.43860467774678114,0
-1.934926582220852,0.43833697225847246,0
-1.93204667892401,0.4353219959541086,0
-1.9323395482229024,0.43603207341030625,0
-1.9317538096251212,0.43461191849791625,0
-1.9316318348768249,0.43629964757789885,0
-1.9300456112167481,0.4344367923958341,0
-1.9314609403262306,0.43390184104172036,0
-1.9321686048809692,0.4336343653646626,0
-1.9327051797197612,0.4309694771135657,0
-1.932533992421142,0.4285722615205998,0
-1.9323627075398448,0.4261752429087018,0
-1.9314838556864853,0.42404550299279364,0
-1.9303120532153386,0.42120584977157804,0
-1.9301405569049184,0.4188092579520024,0
-1.930554929302506,0.4178325584033864,0
-1.9293829967211273,0.4149931678236012,0
-1.9299184981504958,0.41233044636428495,0
-1.9277462756721722,0.4090479615526874,0
-1.9268672774447975,0.40691851710837845,0
-1.9277462756721722,0.4090479615526874,0
-1.9280392750812965,0.40975777636744937,0
-1.9266249543261278,0.41029069225050385,0
-1.9300902709451648,0.41472648007082924,0
-1.928797030430438,0.4135734725337077,0
-1.9280897887339563,0.4138400946261278,0
-1.9277968218523895,0.41313021415100515,0
-1.9282110641397452,0.41215377724381597,0
-1.9279180809944023,0.4114439295988692,0
-1.9283322744904208,0.410467591182222,0
-1.927625097849056,0.410734081953926,0
-1.9257965022789705,0.41224350040451974,0
-1.9250893093738277,0.41251002400640324,0
-1.9255035679249648,0.4115335542690399,0
-1.9256248433307537,0.4098472368867263,0
-1.924917699216948,0.410113661998075,0
-1.924382116468685,0.41277654760828675,0
-1.924382116468685,0.41277654760828675,0
-1.9265036951841132,0.41197697680263623,0
-1.9269179212076928,0.41100057272563006,0
-1.9273321147037112,0.4100242343089775,0
-1.9268672774447975,0.40691851710837845,0
-1.9262812786265506,0.40549888747884566,0
-1.9266953257485557,0.4045228445337994,0
-1.9268163084063197,0.4028371180946966,0
-1.927644207484981,0.40088542616674694,0
-1.9284719764534124,0.39893399688022235,0
-1.9295927448309662,0.3976923824084686,0
-1.9298339620126495,0.3943224397184757,0
-1.929368116399429,0.3912187579889377,0
-1.9309020699186892,0.38900284057158885,0
-1.930849311864499,0.38492505287753254,0
-1.9323827612066111,0.3827101531957151,0
-1.9325027680376223,0.3810263965673233,0
-1.9326227098135185,0.37934277125963867,0
-1.9353292627291054,0.379964898384765,0
-1.9347424832494564,0.3785468446037932,0
-1.9384492122155326,0.3796122957719792,0
-1.9374491337477195,0.37916877474784627,0
-1.9394493232109031,0.3800557511357585,0
-1.938155757420592,0.3789034002022067,0
-1.938155757420592,0.3789034002022067,0
-1.9353292627291054,0.379964898384765,0
-1.9370359323422335,0.3801431105236155,0
-1.938329449341209,0.38129555994770037,0
-1.939742794269625,0.3807646138753551,0
-1.9400362653283452,0.38147347661494635,0
-1.940329736387067,0.38218233935454293,0
-1.9422759480126235,0.37899399031176983,0
-1.9409822521120752,0.37784190201965195,0
-1.9409822521120752,0.37784190201965195,0
-1.9412757719621325,0.3785506662687119,0
-1.941862811662249,0.37996819476683186,0
-1.939742794269625,0.3807646138753551,0
-1.9411561391980428,0.3802336678030045,0
-1.9412757719621325,0.3785506662687119,0
-1.9394493232109031,0.3800557511357585,0
-1.9393295766003558,0.3817389824812967,0
-1.940329736387067,0.38218233935454293,0
-1.940623207445789,0.38289120209413596,0
-1.9422103906688335,0.38475212029567274,0
-1.944037164695649,0.3832463788250582,0
-1.944037164695649,0.3832463788250582,0
-1.9453310232339884,0.38439813881539564,0
-1.9456785697130083,0.3891821300046008,0
-1.9467987851220716,0.38794163175890617,0
-1.9456785697130083,0.3891821300046008,0
-1.9456785697130083,0.3891821300046008,0
-1.9475056527516301,0.38767576476058885,0
-1.946678989720187,0.38962496159497917,0
-1.9432644469742737,0.3892709667504839,0
-1.9418507117151567,0.38980270074711143,0
-1.9412638346528315,0.3883848439472093,0
-1.9397966419970185,0.3848402019474566,0
-1.9386228878723717,0.38200448834765055,0
-1.9400362653283452,0.38147347661494635,0
-1.940449466733833,0.3804991408391789,0
-1.9431565563541362,0.3811201845684149,0
-1.9428630202402992,0.3804114531495326,0
-1.9396230313952998,0.3824478780510727,0
-1.9382096214117652,0.38297895544413585,0
-1.9402099409851825,0.38386566919061416,0
-1.940329736387067,0.38218233935454293,0
-1.9411561391980428,0.3802336678030045,0
-1.9415692918121916,0.3792594305177701,0
-1.9423954994578185,0.3773111529283728,0
-1.9415148423249704,0.3751850571622697,0
-1.9400470804368855,0.3716415642187574,0
-1.9379275997489707,0.37243689993139206,0
-1.9373405925764136,0.37101930577291675,0
-1.9397535280592688,0.3709328656300581,0
-1.9422858198219668,0.3691639820659347,0
-1.9424050134640183,0.36748186694645746,0
-1.9439369340108854,0.36527005330141193,0
-1.9457623906715824,0.3637669710752469,0
-1.9457063310702196,0.35969584790740683,0
-1.9453561498589647,0.35491717520710964,0
-1.9451809128793247,0.3525281343285638,0
-1.9444179205932848,0.3487230094797553,0
-1.9433609205438103,0.34421010528723883,0
-1.9428914481078259,0.34111374468748323,0
-1.9418340902552096,0.3366015627588901,0
-1.942893675940951,0.3312991666254934,0
-1.9393663634411435,0.32280423865245034,0
-1.939483963232835,0.3211253408904575,0
-1.9380141683723533,0.3175859517192485,0
-1.9366617456106532,0.3123681244085432,0
-1.9354858446671503,0.30953674439228784,0
-1.9341331291574289,0.3043195080247969,0
-1.9323691801594975,0.30007263498148795,0
-1.9326031111681061,0.29671740021142057,0
-1.930605231161568,0.29582576193817545,0
-1.9302509189503994,0.29105542810319207,0
-1.9306616970527877,0.2900859840240084,0
-1.9300736164708034,0.28867055665730845,0
-1.9321879252769314,0.2878856609414058,0
-1.931189082856335,0.28743964482371354,0
-1.931599747112271,0.28647043055577726,0
-1.926900030686113,0.28494714440567215,0
-1.9287199901894443,0.2834551587798071,0
-1.926312015159242,0.2835315857182543,0
-1.9256073756674326,0.2837929549821254,0
-1.9250193926681245,0.2823773306343593,0
-1.9247254011684696,0.2816695184604736,0
-1.9240208104679954,0.28193078923381165,0
-1.9244314096688147,0.2809617062865861,0
-1.9255465345149858,0.2797314838867422,0
-1.9249584864605591,0.27831599085968506,0
-1.9252525104877716,0.27902373737321184,0
-1.9248419763420728,0.27999268899972307,0
-1.9237268352321184,0.2812229442297465,0
-1.92272830182333,0.28077630433866574,0
-1.92272830182333,0.28077630433866574,0
-1.92272830182333,0.28077630433866574,0
-1.9221403838791353,0.27936054867018,0
-1.9224343428512327,0.2800684265044229,0
-1.9259570523969067,0.27876256509040864,0
-1.9255465345149858,0.2797314838867422,0
-1.9237268352321184,0.2812229442297465,0
-1.92272830182333,0.28077630433866574,0
-1.923138884760366,0.2798072542216197,0
-1.9221403838791353,0.27936054867018,0
-1.9220237436504153,0.2810375094516466,0
-1.9221403838791353,0.27936054867018,0
-1.9220237436504153,0.2810375094516466,0
-1.9217298009420976,0.2803295987872261,0
-1.923959953051769,0.27786935096860255,0
-1.9251913115321813,0.2749629885417484,0
-1.9251913115321813,0.2749629885417484,0
-1.9263061436303293,0.27373335708511526,0
-1.9258341665723524,0.27064205233283367,0
-1.9260663736203654,0.2672902975616793,0
-1.925121638843006,0.261109263905686,0
-1.9246490762889774,0.25801914103983137,0
-1.924291999235347,0.253254388335181,0
-1.9235248434218324,0.24945766801204172,0
-1.9231671158170336,0.2446942285145255,0
-1.9231032983929932,0.2406387653417834,0
-1.9237428356222068,0.23632452648926616,0
-1.9230895226673912,0.23085649217534865,0
-1.9237280678060724,0.2265442559637112,0
-1.9233682584375416,0.22178501872902956,0
-1.9235970500919244,0.21844015829534058,0
-1.923825581525838,0.21509582314450526,0
-1.9240538527392879,0.2117520132765236,0
-1.9242818637322703,0.20840872869139737,0
-1.9249849906926162,0.20815041263411516,0
-1.9219919276158013,0.20680537145303823,0
-1.9222197109158756,0.20346254649040674,0
-1.9219251176563912,0.20275594903312566,0
-1.9222197109158756,0.20346254649040674,0
-1.9247371050568347,0.20172373536970944,0
-1.9268460956071678,0.20094957512214862,0
-1.928365574362946,0.1987628765635847,0
-1.929295248576146,0.1951642306372321,0
-1.9309273666709625,0.1913086475210939,0
-1.9305636214678614,0.18655735518959027,0
-1.9301994859340645,0.18180685078236536,0
-1.930945043144181,0.1758370892548804,0
-1.9342749020373518,0.17217774204553749,0
-1.936606569061091,0.1680710655113682,0
-1.9351306752834105,0.16454398765706202,0
-1.9367590201814533,0.16069602114231074,0
-1.9398633889674137,0.16037486984044413,0
-1.9409726100617384,0.15915656479535656,0
-1.9402703450816912,0.15941314085318226,0
-1.9423771400218364,0.1586434126797016,0
-1.9423771400218364,0.1586434126797016,0
-1.9416748750417856,0.15889998873753086,0
-1.9423771400218364,0.1586434126797016,0
-1.9416748750417856,0.15889998873753086,0
-1.9423771400218364,0.1586434126797016,0
-1.9430794050018818,0.1583868366218777,0
-1.9430794050018818,0.1583868366218777,0
-1.942784014817219,0.15768184784333705,0
-1.943781669981929,0.15813026056405555,0
-1.9441885122497542,0.1571687613880428,0
-1.9451133723843093,0.1535798331945024,0
-1.9459267316443754,0.15165749144604845,0
-1.9471465265777805,0.14877447127604526,0
-1.9476639752122438,0.1461481913147562,0
-1.9453732096430354,0.14454650841549466,0
-1.9475899929262095,0.14211324700351824,0
-1.9523569096424822,0.14768516764925899,0
-1.9499915762911861,0.14204972232518465,0
-1.9479963310168777,0.14115276556304046,0
-1.946888020694189,0.14236923211813313,0
-1.9462968174665995,0.1409601081456895,0
-1.9479963310168777,0.14115276556304046,0
-1.949400242953363,0.14064086099416784,0
-1.9503978818542933,0.1410893065450658,0
-1.9526889726990895,0.14269033284075583,0
-1.9540930147458084,0.14217816563045638,0
-1.9503978818542933,0.1410893065450658,0
-1.9510998540863174,0.1408333214304509,0
-1.9510998540863174,0.1408333214304509,0
-1.9519123351023069,0.13891275251162938,0
-1.9510998540863174,0.1408333214304509,0
-1.951506110858091,0.13987300414086157,0
-1.9524289217564696,0.1362882125498004,0
-1.9517270308433439,0.13654403351351796,0
-1.9521331575048837,0.135583978865359,0
-1.9517270308433439,0.13654403351351796,0
-1.9514312828555376,0.13583976699890243,0
-1.952649516466142,0.13295989852602652,0
-1.953055529281226,0.13200007368911137,0
-1.9538674573287196,0.13008062099635964,0
-1.9542733725611292,0.12912099314051773,0
-1.9556768941669134,0.1286098764959256,0
-1.953977510726867,0.12841695643714957,0
-1.9531656802620478,0.13033621214882984,0
-1.952869850955345,0.1296321097851063,0
-1.953977510726867,0.12841695643714957,0
-1.9544933167196312,0.12579399232388155,0
-1.9543072805906068,0.12342675068380338,0
-1.9562259413742122,0.12029401596325862,0
-1.9570371212878612,0.11837607345871248,0
-1.9566640081479463,0.11364369130996721,0
-1.9572879646766932,0.1093609037683656,0
-1.957210127874987,0.10533374020941011,0
-1.9592356380922364,0.1005438084748036,0
-1.958268199079125,0.0944086057478728,0
-1.957784284407218,0.09134139834654675,0
-1.9578132645116035,0.08565710343388666,0
-1.9581379112848971,0.08067723918673764,0
-1.9580576349163135,0.07665500015454896,0
-1.9583812570715224,0.0716772042086351,0
-1.9574108255230378,0.06554804223453203,0
-1.9566289347255736,0.06178106605303135,0
-1.955550385168669,0.057311661846901174,0
-1.9541751280609851,0.052139928106681666,0
-1.9530961719095998,0.04767134465501499,0
-1.9513170000143436,0.04345520065869657,0
-1.9495378281190892,0.03923905666237282,0
-1.9487550265499891,0.03547391897086705,0
-1.9455762688835172,0.03176094671595919,0
-1.9443902193417966,0.028950052731032017,0
-1.9426111450292165,0.024733711753638588,0
-1.9409155022583828,0.02453324075383101,0
-1.9392199245426678,0.0243326384333038,0
-1.937820826684824,0.024834825269367755,0
-1.9399194734715888,0.024081545015274486,0
-1.9396230098774971,0.023378723028503856,0
-1.9383305825517265,0.022224073982464176,0
-1.9368248792169265,0.024382965379917465,0
-1.938923477212354,0.02362978361635726,0
-1.9402159370656804,0.024784367002039787,0
-1.9395163718729798,0.025035493250248564,0
-1.9403225425426385,0.02312766244065223,0
-1.9376310824141427,0.02247506890996398,0
-1.937144793230475,0.01941265471468334,0
-1.9370612641060525,0.015396981718177827,0
-1.9357689831542952,0.014242037200535407,0
-1.938375954595399,0.010880894715239009,0
-1.9381855435097712,0.008522484393148844,0
-1.9374863198564345,0.008772921207613749,0
-1.9381855435097712,0.008522484393148844,0
-1.93998660450168,0.007068647434598674,0
-1.9363001402044802,0.0059622898641134014,0
-1.938694209703467,0.005913932728201843,0
-1.938990803407794,0.006616492073542091,0
-1.9375924211562356,0.0071172343817558215,0
-1.937401879960376,0.004759086701096038,0
-1.9365121476387355,0.002651310174538679,0
-1.9366180537731879,0.000996017310821884,0
-1.9343302482117934,-0.0006116406809084651,0
-1.933038146161607,-0.0017669463305125532,0
-1.9308565232189139,-0.00503045529899282,0
-1.9299669372712849,-0.007138527297154695,0
-1.9286750629140101,-0.008294292569257067,0
-1.9257950295069328,-0.011309006232194108,0
-1.9243126302175746,-0.014822952015135726,0
-1.9239308647471294,-0.019537868508969325,0
-1.9232521640329932,-0.02495465491438864,0
-1.9211763496420744,-0.02987325976551425,0
-1.9200953117269517,-0.03433764095434633,0
-1.9179143555992049,-0.0376024959601402,0
-1.915437033460039,-0.04157036993377439,0
-1.9133613329155743,-0.04648920459614736,0
-1.9105878074027842,-0.05116042583940228,0
-1.9078145095828951,-0.055832106705153706,0
-1.9046403057745973,-0.05955427141001124,0
-1.9010653911432307,-0.06232731391612134,0
-1.9014664922969988,-0.06327722403915459,0
-1.9008736301639289,-0.06468299933340305,0
-1.9006817716019544,-0.0670384877696133,0
-1.8977002720721465,-0.06840687120753941,0
-1.8968110764552204,-0.07051573112998,0
-1.8959218808382925,-0.07262459105242414,0
-1.8933418402653945,-0.07494360687730861,0
-1.891058393396822,-0.07656006335685284,0
-1.8901693929452463,-0.07866931724143456,0
-1.8888796328792665,-0.07982935043673045,0
-1.8881825397810026,-0.07958321437564209,0
-1.8875899378684,-0.0809895149527442,0
-1.8868928772976954,-0.08074344455200766,0
-1.8857950083212458,-0.07954805497145045,0
-1.8863875126511722,-0.07814155741327866,0
-1.8852895135644907,-0.0769459051912964,0
-1.8863875126511722,-0.07814155741327866,0
-1.8863875126511722,-0.07814155741327866,0
-1.8866837648161336,-0.07743830863419099,0
-1.8863875126511722,-0.07814155741327866,0
-1.886091260486209,-0.07884480619236456,0
-1.885394167387945,-0.07859867013127086,0
-1.8849932939270868,-0.07764921963073945,0
-1.8849932939270868,-0.07764921963073945,0
-1.8845923879386692,-0.07669970346984556,0
-1.8852895135644907,-0.0769459051912964,0
-1.8856904032891286,-0.0778953885220055,0
-1.8849932939270868,-0.07764921963073945,0
-1.8851847946859195,-0.07529300893060231,0
-1.8841914494226923,-0.07575012164859629,0
-1.884487636532537,-0.07504674154879609,0
-1.8848885913122952,-0.07599635620022482,0
-1.8861781724767024,-0.07483596187296726,0
-1.8846789909173616,-0.07269023537705444,0
-1.8839817839726383,-0.07244386950471338,0
-1.8836856293903512,-0.07314731526487073,0
-1.8833894748080624,-0.07385076102502808,0
-1.8836856293903512,-0.07314731526487073,0
-1.8835807153464295,-0.07149402504203728,0
-1.883284577027922,-0.0721975036323741,0
-1.8836856293903512,-0.07314731526487073,0
-1.8843828200712949,-0.07339364830703232,0
-1.8833894748080624,-0.07385076102502808,0
-1.8830933202257754,-0.07455420678518365,0
-1.8865791109926793,-0.07578554369421298,0
-1.885394167387945,-0.07859867013127086,0
-1.8818038854353798,-0.07571489658405106,0
-1.8805145157000958,-0.07687571770362922,0
-1.8802183936453662,-0.07757922912414195,0
-1.877935971394887,-0.07919775390492667,0
-1.8745558102781903,-0.07962115174658102,0
-1.8712809210085553,-0.0816985620749957,0
-1.8669085856207346,-0.08258143640748905,0
-1.8636345583314,-0.0846605867353567,0
-1.8597693278144725,-0.08814886103567154,0
-1.8557995247929888,-0.08998453454689681,0
-1.852927720858185,-0.09301586028010966,0
-1.8492545278048063,-0.09414900727617415,0
-1.846784296673368,-0.09813119520759628,0
-1.8435127414784702,-0.10021533572258079,0
-1.8414437578748135,-0.10514772924863713,0
-1.8399659124436276,-0.10867086748153376,0
-1.8372008766235748,-0.11335922607791815,0
-1.836714652495024,-0.11642177159390776,0
-1.8349412379776027,-0.12064953747338691,0
-1.83386361545611,-0.12512081299968614,0
-1.8317945180059976,-0.13005297671449156,0
-1.8309077619559506,-0.1321667611636954,0
-1.829134249855855,-0.1363943300621031,0
-1.8263697344767387,-0.14108373922419304,0
-1.8244921052579013,-0.1436596265785095,0
-1.8230143411456137,-0.14718292896229812,0
-1.8206499185659517,-0.15282021277636204,0
-1.81877263088648,-0.15539678956442593,0
-1.8163044327274402,-0.15938308126814427,0
-1.8148268312529439,-0.16290671195372042,0
-1.8131574362715916,-0.16878596239621402,0
-1.8105858853914327,-0.17112211557423151,0
-1.80950746594476,-0.17559178242178497,0
-1.807630845080233,-0.17816970524716247,0
-1.8047644081925611,-0.18121186493924668,0
-1.802001763148052,-0.18590504957185594,0
-1.7994313832599946,-0.18824356652271845,0
-1.7966692586564168,-0.19293780172103325,0
-1.7938040578159686,-0.19598245650668034,0
-1.7909391822511012,-0.19902776789589183,0
-1.7879712955044784,-0.2004236301931499,0
-1.7870854176985063,-0.20253918747198618,0
-1.7848118266801265,-0.20417553903964247,0
-1.7828336583739688,-0.20510696748911883,0
-1.781446010216678,-0.2046278930986567,0
-1.781047364893567,-0.20368294033256085,0
-1.7821398342953234,-0.20486743029388954,0
-1.783128885920842,-0.20440165040879066,0
-1.783822726263267,-0.20464122043420296,0
-1.7832322386419612,-0.20605178893449683,0
-1.7834241134677153,-0.20369633332846426,0
-1.7865980876329708,-0.2055995005358433,0
-1.7865980876329708,-0.2055995005358433,0
-1.7876904269244918,-0.2067837278557434,0
-1.7876904269244918,-0.2067837278557434,0
-1.7881779033640406,-0.20372371026348723,0
-1.7874840142302801,-0.2034840417475401,0
-1.786199539892534,-0.20465474475082246,0
-1.7868933964987388,-0.2048943476064089,0
-1.7871887053645086,-0.2041891946769745,0
-1.7868933964987388,-0.2048943476064089,0
-1.7868933964987388,-0.2048943476064089,0
-1.785904247290544,-0.20535993051043455,0
-1.785904247290544,-0.20535993051043455,0
-1.7869966028458446,-0.20654419066051233,0
-1.786302778767201,-0.2063046534652777,0
-1.7860074699014312,-0.20700980639471034,0
-1.7858153023276486,-0.2093646710575321,0
-1.7850323543845406,-0.21312951327743868,0
-1.7851353167749568,-0.21477886387886258,0
-1.784146330204555,-0.21524477508467044,0
-1.7845446014607447,-0.2161889727566617,0
-1.783953886146529,-0.2175990816344573,0
-1.783658528489422,-0.21830413607335686,0
-1.7832603060245713,-0.21736003689190042,0
-1.7832603060245713,-0.21736003689190042,0
-1.783953886146529,-0.2175990816344573,0
-1.782964964631244,-0.21806512416097945,0
-1.7802936878527262,-0.2187584599430732,0
-1.7763386523427478,-0.22062394325629242,0
-1.771793812290193,-0.22390137393730214,0
-1.7660550855044832,-0.22434808292251418,0
-1.7617035840178072,-0.2252730127135507,0
-1.7570576844369956,-0.22690493392400946,0
-1.7534003973596697,-0.22807018883455932,0
-1.7497435006130377,-0.22923623166939144,0
-1.7452901914642673,-0.22851414180166785,0
-1.7415301534256518,-0.22803047290311262,0
-1.7374757823480156,-0.2282539267446957,0
-1.7331273221880465,-0.2291849957790948,0
-1.7290736829804736,-0.22940992697870577,0
-1.7247261173283661,-0.230342801672915,0
-1.7206732099908528,-0.23056921023055388,0
-1.716620627928929,-0.2307962753917625,0
-1.7123791147852856,-0.23338473842129304,0
-1.7077395092870233,-0.2350293649107975,0
-1.7036882771187685,-0.23525915497681282,0
-1.698944733403339,-0.2352524610541913,0
-1.6931100051247032,-0.2340638707543352,0
-1.6875690406528179,-0.2321670086580987,0
-1.6821339172602663,-0.23192530810486112,0
-1.6811479557527917,-0.23239732572385208,0
-1.6828265052916933,-0.23216235020653286,0
-1.6839182428233883,-0.23334536280983187,0
-1.6843173597960934,-0.2342912676511002,0
-1.684023905001153,-0.23500016322087447,0
-1.683143540616328,-0.23712684993019195,0
-1.6819462872808817,-0.23428933238745842,0
-1.6808545822767478,-0.23310638544451656,0
-1.6800561531659852,-0.23121418179984232,0
-1.6774977434194174,-0.2335768617620122,0
-1.6762186361288034,-0.23475839872416238,0
-1.6758194215734221,-0.23381229690182792,0
-1.6761126974667917,-0.23310304020009198,0
-1.6757134341200715,-0.23215683988721914,0
-1.6761126974667917,-0.23310304020009198,0
-1.676405973360163,-0.23239378349835782,0
-1.676405973360163,-0.23239378349835782,0
-1.6768052204431019,-0.23333995098104943,0
-1.6777910518403445,-0.2328676707206334,0
-1.6784835910804343,-0.23310461433176854,0
-1.679868669560614,-0.23357850155404591,0
-1.6799744618486105,-0.23523356460651001,0
-1.6806669685611428,-0.23547044255729332,0
-1.680772663266465,-0.23712530862868952,0
-1.6814651374514398,-0.2373621209191139,0
-1.6821576116364128,-0.2375989332095383,0
-1.6828500858213857,-0.23783574549996267,0
-1.683143540616328,-0.23712684993019195,0
-1.6838360310650806,-0.23736369505079047,0
-1.6838360310650806,-0.23736369505079047,0
-1.6834369954112702,-0.23641795436041946,0
-1.6804792572628617,-0.23783430268899686,0
-1.6797867993416666,-0.23759752322875016,0
-1.6778969417110172,-0.23452293075416897,0
-1.6776036170263104,-0.2352320889653683,0
-1.6778969417110172,-0.23452293075416897,0
-1.678002766526573,-0.23617805946699377,0
-1.676617818156629,-0.235704434886145,0
-1.6776036170263104,-0.2352320889653683,0
-1.6782961074750613,-0.23546893408597214,0
-1.6756320518145031,-0.23617684646727533,0
-1.6722757659256633,-0.23664843901083543,0
-1.6682273473912126,-0.23688390869771503,0
-1.6625015015186246,-0.23735661918422402,0
-1.6577615683621723,-0.23735721356120543,0
-1.6523297465167968,-0.23712217753419118,0
-1.6470051806995478,-0.2385451592756933,0
-1.641174876168856,-0.2373654987843672,0
-1.636037013295578,-0.23642258492310475,0
-1.6308993781152097,-0.23548013068433882,0
-1.6263464731783106,-0.2331154860621254,0
-1.6217933405485052,-0.23075038181741192,0
-1.616655933061045,-0.22980838720114782,0
-1.6082411986872103,-0.22531308685179852,0
-1.606856770758199,-0.22484051283665707,0
-1.6075489847227065,-0.22507679984422957,0
-1.6037962003296098,-0.2246077732052445,0
-1.5993513971373563,-0.22390285352082806,0
-1.5958904899526178,-0.22272174678476553,0
-1.5937047054325877,-0.22035105969283642,0
-1.592392877368379,-0.2158407508012985,0
-1.5900246347507494,-0.21584452798870402,8
-1.591700582084977,-0.21560429964283756,8
-1.5885304136440528,-0.21370881469720615,8
-1.5863436532972752,-0.21133615779457315,8
-1.5844478105958792,-0.20824948381433828,8
-1.5802934533994168,-0.2068295949771457,8
-1.5796010605333386,-0.20659294683761686,8
-1.577925243309343,-0.20683343782490482,8
-1.577232866707046,-0.20659682251555012,8
-1.57665083625092,-0.20802446270861807,8
-1.57665083625092,-0.20802446270861807,8
-1.573881459951961,-0.2070782641126332,8
-1.5715135263461342,-0.2070826650734272,8
-1.571222624964527,-0.20779671498120678,8
-1.5698380018701616,-0.20732374700392597,8
-1.5687442151022921,-0.2061365977981513,8
-1.5670687556814382,-0.20637781104936792,8
-1.564701066032299,-0.20638270446283613,8
-1.561059815041256,-0.20758032992929465,8
-1.560658242237892,-0.2066294677310907,8
-1.5555218431047404,-0.20568950858588408,8
-1.5542485094557428,-0.20688270026137268,8
-1.55366742229881,-0.20831224460478914,8
-1.5540690438935165,-0.20926320529352793,8
-1.5540690438935165,-0.20926320529352793,8
-1.5546501635780068,-0.20783372661047217,0
-1.5545390530342083,-0.20616792808966444,0
-1.5529320462144653,-0.20236303476898954,0
-1.552530213190634,-0.20141164728792482,0
-1.552820675450203,-0.20069671096532815,0
-1.5521283476392451,-0.20046019414651184,0
-1.5517264495602934,-0.1995086753447346,0
-1.552016879292303,-0.19879367336177722,0
-1.552016879292303,-0.19879367336177722,0
-1.5513245189537859,-0.19855709088260198,0
-1.551905345890253,-0.19712702125633363,0
-1.5512129530241747,-0.19689037311679947,0
-1.5498281672920218,-0.19641707683773824,0
-1.5504532785490888,-0.2007021953220054,0
-1.5498724516126252,-0.2021322649482773,0
-1.5518379016434523,-0.20117516329928797,0
-1.5520606106444177,-0.20450774524625182,0
-1.5523510891677663,-0.20379284175383106,0
-1.554205331072124,-0.20116974460296433,0
-1.5547863206463806,-0.19974000327847818,0
-1.553982524488486,-0.19783696567492726,0
-1.5548539112671946,-0.19569215670713014,0
-1.5554348357863343,-0.19426228406192791,0
-1.5550328075971542,-0.19331050261872917,0
-1.5543403171483998,-0.1930736574981271,0
-1.5532457334553467,-0.19188489961360844,0
-1.5535361306598006,-0.1911698319702939,0
-1.5557924658084552,-0.189498647583342,0
-1.5550998940408078,-0.18926163831184795,0
-1.5550998940408078,-0.18926163831184795,0
-1.5544073222731605,-0.1890246290403539,0
-1.554809480572576,-0.189976673124983,0
-1.5541169250687084,-0.18973969668366664,0
-1.5541169250687084,-0.18973969668366664,0
-1.5541169250687084,-0.18973969668366664,0
-1.5545190671043443,-0.19069170793811807,0
-1.5552116063444323,-0.19092865154925676,0
-1.5559041455845257,-0.19116559516039544,0
-1.5565966848246156,-0.19140253877153057,0
-1.5572892240647036,-0.19163948238266926,0
-1.5569987455413568,-0.19235438587509002,0
-1.5576912685176652,-0.19259129665605101,0
-1.5583837914939753,-0.19282820743701024,0
-1.5583837914939753,-0.19282820743701024,0
-1.5569987455413568,-0.19235438587509002,0
-1.5565966848246156,-0.19140253877153057,0
-1.5571776093437535,-0.18997266612633013,0
-1.557468071603326,-0.18925772980373168,0
-1.55706592956769,-0.18830571854928202,0
-1.5563733252724816,-0.1880686436174308,0
-1.5559711344455067,-0.18711653387244453,0
-1.554585893327534,-0.18664231834838318,0
-1.5532006522095667,-0.1861681028243254,0
-1.551413090154382,-0.18474151491384916,0
-1.5480620737300033,-0.18522374443521272,0
-1.5455818260607188,-0.18355991744199684,0
-1.5432138436635565,-0.18356421991225425,0
-1.5390582178923164,-0.18214177032114698,0
-1.5359978426290724,-0.181909424651872,0
-1.5342099878258697,-0.18048224579818495,0
-1.5315524539407654,-0.18120332308103393,0
-1.5287821668701742,-0.1802552859950559,0
-1.5261249582606595,-0.18097701988147108,0
-1.5237576426784418,-0.1809826683890421,0
-1.521390424678902,-0.18098851387768633,0
-1.520521477467069,-0.18313824737224493,0
-1.5184441037034873,-0.1824279089915084,0
-1.51042401376308,-0.1788694851843644,0
-1.5103103172783943,-0.17719846666519068,0
-1.5091008173172202,-0.17433622799811843,0
-1.5064445682706733,-0.1750598988650598,0
-1.5060413202980527,-0.17410565515847587,0
-1.5036744763654326,-0.1741122557412229,0
-1.5018860848575137,-0.17268399349165264,0
-1.4996941526289476,-0.17030089659228587,0
-1.496809355884709,-0.16768019947821422,0
-1.495827736806282,-0.1681609827548396,0
-1.4935756139764358,-0.16984067015800086,0
-1.491034736583833,-0.1722387410524906,0
-1.4900533289345343,-0.1727199511214348,0
-1.49034226239886,-0.17200192876206444,0
-1.4912090627918388,-0.16984786168395516,0
-1.4923647966491416,-0.16697577224647553,0
-1.4902870325548605,-0.16626464594145673,0
-1.4875166804291506,-0.16531647753476264,0
-1.4847463283034443,-0.16436830912807565,0
-1.4829572699805755,-0.16293870084118645,0
-1.4828420447006465,-0.1612645962852408,0
-1.478570738263656,-0.15816712289319668,0
-1.4747032002402243,-0.15602494377343845,0
-1.4722208708072078,-0.15435691451738798,0
-1.4698544009415055,-0.15436427019423604,8
-1.4677763440991978,-0.15365255294600466,8
-1.4671396205037883,-0.1493439937143517,8
-1.4639639711692762,-0.147437444998598,8
-1.4629830189057955,-0.14791957431253877,8
-1.4639639711692762,-0.147437444998598,8
-1.4629830189057955,-0.14791957431253877,8
-1.460733075422361,-0.14960366095960254,8
-1.4597522370053344,-0.150086020084796,8
-1.4600403572807004,-0.14936635621650574,8
-1.4600403572807004,-0.14936635621650574,8
-1.4601568023440699,-0.15104292303582767,8
-1.4597522370053344,-0.150086020084796,8
-1.4605613351552496,-0.15199976032650753,8
-1.4570979884036301,-0.15081372906367996,8
-1.4553080030453494,-0.14938224945662526,8
-1.4539226318171448,-0.14890777129113708,8
-1.4564600938161156,-0.14650280605918375,8
-1.4557673431468956,-0.14626543565572447,8
-1.4557673431468956,-0.14626543565572447,8
-1.4557673431468956,-0.14626543565572447,8
-1.4546698157098117,-0.1450707355089147,8
-1.4554793367179837,-0.14698532933526387,8
-1.4527083990962257,-0.14603597904214993,8
-1.4518987479778147,-0.14412112257437037,8
-1.4505132141118189,-0.14364631610710177,8
-1.450801090430497,-0.14292615978613554,8
-1.449010568367509,-0.1414935967831923,8
-1.447624969446391,-0.1410186589952076,8
-1.444971078647832,-0.14174709023801668,8
-1.4427753732224922,-0.13935637673725942,8
-1.4399515311725306,-0.14248451866660083,8
-1.4395464453928621,-0.1415265651498565,8
-1.4393762339209903,-0.1439257505535263,8
-1.4393762339209903,-0.1439257505535263,8
-1.4403565844246433,-0.14344240652298268,8
-1.4389711806688812,-0.1429678626971409,8
-1.4398340777548508,-0.14080591637621254,8
-1.43885371098742,-0.1412892275765767,8
-1.4371806586058877,-0.14153529969419942,8
-1.434409786039243,-0.140586080721798,8
-1.4318085069208575,-0.1372364287989427,8
-1.4301869277549581,-0.13340211963841853,8
-1.4266044849439616,-0.13053417023718694,8
-1.4234273556055452,-0.1286246339751962,8
-1.4210615688185726,-0.12863336851953733,8
-1.4194384283298689,-0.12479590766187876,8
-1.4156867824013126,-0.12432917913538155,8
-1.4136080424802824,-0.12361608301965887,8
-1.412509132621965,-0.12241859230768348,8
-1.4090444847680104,-0.12122993463058584,8
-1.4062727664848484,-0.12027900848890738,8
-1.40154184346207,-0.1202977907847309,8
-1.3970978859863337,-0.1195945782695933,8
-1.3942064698839634,-0.11696051927290796,8
-1.3916011410845588,-0.11360269263563438,8
-1.3894019877380313,-0.1112050191370546,8
-1.387202574171038,-0.10880682035561762,8
-1.3841891507928104,-0.10448496661859608,8
-1.379909647411111,-0.10137094681662973,8
-1.3740787085930304,-0.10019000594834537,8
-1.3692269492864977,-0.09852335727667061,8
-1.3666186442155048,-0.09515952271674877,8
-1.362623439121057,-0.09131812395456507,8
-1.3598918744632087,-0.08626396673056291,8
-1.3569963436247008,-0.08362160169874144,8
-1.35479383993966,-0.0812171651834106,8
-1.351489596498725,-0.07760952550506417,8
-1.3459423867356257,-0.07570005662031498,8
-1.3409652372871665,-0.07233878453119225,8
-1.336681033673278,-0.06921527680766815,8
-1.3351703698858248,-0.06704637220580345,8
-1.3312941470043036,-0.06488666177077462,8
-1.3290894965004085,-0.062477891671893104,8
-1.3278628219884023,-0.059580984336424336,8
-1.3270448763426081,-0.057649384477658216,8
-1.3261910056540884,-0.05982955154760283,8
-1.3276141234682868,-0.056195939764361214,8
-1.3276141234682868,-0.056195939764361214,8
-1.328307784909141,-0.05643514865781185,8
-1.328307784909141,-0.05643514865781185,8
-1.3299797801450275,-0.05618694257859147,8
-1.3287167902595947,-0.057401014247551174,8
-1.3312428350855718,-0.0549730022303514,8
-1.3344629154193264,-0.05278495420070328,8
-1.3351566907066328,-0.05302439290539773,8
-1.3325059550812348,-0.053759193202822075,8
-1.3338934406007361,-0.054237939291502,8
-1.333484418986501,-0.053272040871583215,8
-1.3338934406007361,-0.054237939291502,8
-1.3337329223412677,-0.05665669148150165,8
-1.334711386246532,-0.05616953915026457,8
-1.3343024296874137,-0.055203772051060085,8
-1.3331996978409872,-0.05399856624716115,8
-1.3283434985227345,-0.05232295493678052,8
-1.3258530697276782,-0.05063857625188106,8
-1.3253190808297752,-0.04797890799915372,8
-1.3228282942315737,-0.046293807050327374,8
-1.31910884894031,-0.04170779348426734,8
-1.3169018239246544,-0.03929423017934042,8
-1.3151042759090465,-0.03784748453932174,8
-1.3126126761218906,-0.03616074208157727,8
-1.311508887129813,-0.03495340231607713,8
-1.3124869932319356,-0.03446552772091671,8
-1.311918721933008,-0.0359209422449176,8
-1.307061042610849,-0.03424234338830523,8
-1.3041272610091958,-0.035707050569676824,8
-1.3021715692458855,-0.03668385032571386,8
-1.3024555097299988,-0.035955749101573176,8
-1.3003738423287103,-0.03523674355373352,8
-1.3013832057689267,-0.030627679768661764,8
-1.29876465451704,-0.027243162196340265,8
-1.29848086040694,-0.027971558892087245,8
-1.295263821399896,-0.030165746165096152,8
-1.2948535962660017,-0.029197418311976975,8
-1.2944433386045482,-0.02822902479849887,8
-1.293339045435319,-0.02702066729747088,8
-1.2894586102349894,-0.024852453846239797,8
-1.2872495685107097,-0.022434819599185474,8
-1.283652097967737,-0.01953653511310982,8
-1.280875760771286,-0.01857628520076382,8
-1.2760171706774948,-0.016895847854156543,8
-1.2721358084417478,-0.014725763082752863,8
-1.2675601342139782,-0.012315156210767952,8
-1.263395433253951,-0.01087438738010782,8
-1.2611585007938704,-0.012584738169902465,8
-1.2565568874838036,-0.014306055956161856,8
-1.2555800824840162,-0.014796556965603003,8
-1.2559912509171056,-0.015766788969067136,8
-1.255425614350406,-0.017227521981968863,8
-1.2536265700671176,-0.01577775596554254,8
-1.2528041356182626,-0.013837094977535713,8
-1.2461468427805453,-0.010707581048249537,8
-1.246300513988972,-0.008275007353134356,8
-1.2456064622174203,-0.008035010535405007,8
-1.2411597073716614,-0.007326151229582578,8
-1.2397716363561084,-0.006846223254482808,8
-1.2395130819858018,-0.0034412835943022912,8
-1.2371484499271528,-0.00345234908131431,8
-1.235066197029811,-0.0027321616470512566,8
-1.2336780284315836,-0.0022520366908800327,8
-1.2340898474158415,-0.0032235819014871936,8
-1.2324194785578761,-0.0034750709985420514,8
-1.2294907712553282,-0.004950021195579524,8
-1.2257386536771797,-0.004482340593911616,8
-1.221292728284162,-0.0037751556271850006,8
-1.218646904320078,-0.004519870638485912,8
-1.2176710263557062,-0.005012242968094327,8
-1.2146134647262663,-0.004785576919683621,8
-1.2122499223408205,-0.004798842028645112,8
-1.208498731798084,-0.004333032747144472,8
-1.2057232403181466,-0.003374490004073749,8
-1.2054415604993416,-0.004107154623014253,8
-1.2044660403381116,-0.004600249216546004,8
-1.2016906789684079,-0.0036419691149021105,8
-1.1982214772562862,-0.0024441189878530167,8
-1.1944708396820403,-0.0019794259324150687,8
-1.190307895210161,-0.0005422027610268998,8
-1.1851699022266509,0.00040097374166592203,8
-1.1789076945899115,-0.0015915640788843888,8
-1.1718036351974792,-0.0057885304712179675,8
-1.167361157725649,-0.005088305502315649,8
-1.160689440561299,-0.006113959997593454,8
-1.16097020960847,-0.00537945688866337,8
-1.159038196262152,-0.0022197685916456322,8
-1.1579317074827298,-0.001006979016532128,8
-1.1552896729792028,-0.0017593434594047608,8
-1.154596109121023,-0.0015203315470255774,8
-1.153621955117245,-0.0020161838755434758,8
-1.1523829363968296,0.0009056415653425631,8
-1.1519698651015755,0.0018797146996814007,8
-1.1515567612787638,0.0028538534943827187,8
-1.1510109323496085,0.005537422116988822,8
-1.1493431331687542,0.005280745851743873,8
-1.1479558102870477,0.005759163638636267,8
-1.1453141010591015,0.005006142592197449,8
-1.1428198828034901,0.006698170708670403,8
-1.1387912247607588,0.006422812355021179,8
-1.1360167741626945,0.007379253966673716,8
-1.133935936214142,0.008096585175410453,8
-1.1338024955015165,0.009807459531170792,8
-1.1318550982655946,0.008813916384148968,8
-1.1289469792619915,0.011481691974060126,8
-1.1281070628960208,0.009273356611043226,8
-1.126293643077437,0.006567855712368953,8
-1.1279606941244484,0.006826042165821278,8
-1.1267072022860667,0.005592797672676397,8
-1.124760292963522,0.004598269620299078,8
-1.126013687219226,0.005831711094515413,8
-1.12657359893565,0.007304000330220717,8
-1.12657359893565,0.007304000330220717,8
-1.1275471186520392,0.007801133035693297,8
-1.1271335106520723,0.008776289565922468,8
-1.1239454845815935,0.010707822047447024,8
-1.1265861204001144,0.011463009885657627,8
-1.1260385349828042,0.014150124167535694,8
-1.1245052336602246,0.012180439584934533,8
-1.124918971770425,0.01120502041327498,8
-1.1265861204001144,0.011463009885657627,8
-1.125746350408157,0.00925437905103621,8
-1.1261599909356832,0.008279156860446335,8
-1.1251865037468516,0.007781958494620156,8
-1.1237994085580496,0.008259916659016042,8
-1.1219986077866064,0.009713228334712554,8
-1.1206114800702487,0.010191252159465591,8
-1.1193583297712326,0.00895731823257151,8
-1.1182391568895547,0.006011426554030308,8
-1.1154652917875367,0.006966686279259449,8
-1.1133848929610295,0.007683131073182636,8
-1.109928456670053,0.013039498302994446,8
-1.1078581397411256,0.017919877179117805,8
-1.106056688418514,0.01937450206195379,8
-1.1028678166315213,0.021307741712750072,8
-1.0992643610178074,0.024218107704481184,8
-1.0963542415693652,0.02688992140633495,8
-1.0942730620814523,0.027607942048820888,8
-1.0913546497511355,0.026112210348850695,8
-1.090246339428445,0.027328676903946914,8
-1.0877505435862531,0.02902388954771773,8
-1.0859483441298003,0.030480024618761092,8
-1.0851186885629858,0.03243526220597914,8
-1.0833162614136231,0.03389185689951546,8
-1.0835951113348496,0.03463023396949971,8
-1.084982694437027,0.03415129089975011,8
-1.0848466352559463,0.035867450914231824,8
-1.0827651630200084,0.03658606249993035,8
-1.0806836907840704,0.03730467408562532,8
-1.0779083944694854,0.03826282286655136,8
-1.0749965185328882,0.04093818222767709,8
-1.0733302156197198,0.04067848558601561,8
-1.071106863415272,0.03894072159725326,8
-1.0697192803130928,0.03941966466700286,8
-1.0688886814470866,0.041376806404567645,8
-1.0659763826522326,0.04405301935032746,8
-1.0619504406606257,0.043772178356885405,8
-1.0605627925033332,0.044251252747352865,8
-1.0577874961887481,0.0452094015282789,8
-1.0572344461416332,0.04790754675009978,8
-1.0554309781103992,0.04936624257505784,8
-1.0548746769529576,0.04788666503974781,8
-1.0541808203467546,0.048126267895337804,8
-1.0540431998428748,0.049845579606948576,8
-1.0541836160712617,0.05230490989746528,8
-1.0529359612840956,0.05524416816308353,8
-1.0540481732682778,0.05820411115798407,8
-1.0565486189058078,0.06068379787599554,8
-1.059049324763798,0.0631629593111569,8
-1.0605779095904122,0.0651421646455006,8
-1.0604376885273759,0.06268244039284276,8
-1.0607133198658367,0.05924302904533718,8
-1.0632115390111245,0.057542924704979015,8
-1.063627375148842,0.05656327044031073,8
-1.0652938406998054,0.05682263878018645,8
-1.066544567695722,0.058061464403662555,8
-1.0652938406998054,0.05682263878018645,8
-1.067238700786172,0.05782130343503944,8
-1.0655721376525378,0.05756213207623517,8
-1.0652938406998054,0.05682263878018645,8
-1.064878020825864,0.057802260214678824,8
-1.065850434605272,0.058301625372283894,8
-1.0632115390111245,0.057542924704979015,0
-1.061545122251502,0.05728345787457201,0
-1.0564084303703272,0.05822400796298233,0
-1.0571024984056585,0.05798397831507529,0
-1.0571024984056585,0.05798397831507529,0
-1.05543627681139,0.057724117522525376,0
-1.055020294299661,0.05870406725879995,0
-1.0550223418903215,0.06288421944913658,0
-1.0558564520871236,0.06510427518584727,0
-1.0551622539415533,0.06534456747518114,0
-1.0551622539415533,0.06534456747518114,0
-1.055024064205405,0.06706502824303762,0
-1.053358898111263,0.07098732228170235,0
-1.0525268338596163,0.0771317075281388,0
-1.0522493809778872,0.08057479585562533,0
-1.0515549063480698,0.08081564625799231,0
-1.0489157684427521,0.07587314925055288,0
-1.050304813639542,0.07957554025755975,0
-1.0494714824586282,0.0815381974650986,0
-1.0483602771832423,0.0827605077919511,0
-1.0478044297661029,0.08546429980446035,0
-1.0501658090689165,0.0854819313271502,0
-1.050026741088688,0.08720416492464089,0
-1.049193509135966,0.084982336358296,0
-1.049193509135966,0.084982336358296,0
-1.049193509135966,0.084982336358296,0
-1.0469712953960553,0.08324227425704578,0
-1.0472490068527378,0.0839829494395179,0
-1.0483602771832423,0.0827605077919511,0
-1.0479435140101128,0.0837420333767902,0
-1.0466930293253665,0.08668700409345043,0
-1.0472483871836147,0.08816848577910719,0
-1.0478037450418647,0.08964996746476395,0
-1.048081423970988,0.09039070830759321,0
-1.0489144607583594,0.09261293083607747,0
-1.0471080327193185,0.0940776017535061,0
-1.0482185532704644,0.09704095908695898,0
-1.0487738135460383,0.09852263775368542,0
-1.046966995176291,0.09998809659539809,0
-1.0458549116568285,0.10121217975188124,0
-1.0437704143579634,0.10193689775075754,0
-1.042935684492038,0.10390237835364502,0
-1.0402962521931798,0.10314476108222692,0
-1.040018833484524,0.10240349495654222,0
-1.0411285083191526,0.10536855945927215,0
-1.0397387458705651,0.10585190177293136,0
-1.0386292011461702,0.10288657462877282,0
-1.0370994274181609,0.10509405469026767,0
-1.033902440005349,0.10704367660009773,0
-1.0318178451238058,0.10776859158004548,0
-1.0352887203596755,0.11075164873743226,0
-1.0362609389737312,0.11125140785717669,0
-1.0357063943044427,0.10976828466260002,0
-1.0359836666390851,0.11050984625988747,0
-1.0364013243200727,0.10952651501523825,0
-1.0382087769772053,0.10805977579656911,0
-1.0382087769772053,0.10805977579656911,0
-1.0377911843513346,0.10904297572050936,0
-1.0380685054773178,0.10978443882726197,0
-1.0387634517567257,0.10954263634971717,0
-1.0380685054773178,0.10978443882726197,0
-1.0384861143669646,0.10880120607314403,0
-1.039458398036139,0.10930083387217948,0
-1.039735751689678,0.11004223131857671,0
-1.040708084150186,0.11054176062707555,0
-1.0439026954057216,0.11278122071610497,0
-1.0448751742402447,0.11328045455299929,0
-1.0439026954057216,0.11278122071610497,0
-1.0432076515436375,0.11302322017472122,0
-1.0448751742402447,0.11328045455299929,0
-1.0434850539885154,0.11376451913058006,0
-1.0416804491382567,0.1110412242752119,0
-1.039735751689678,0.11004223131857671,0
-1.0387634517567257,0.10954263634971717,0
-1.0391810443825964,0.10855943642578225,0
-1.0355694585248028,0.10730192871390543,0
-1.0343200326312214,0.1060604766761557,0
-1.0343200326312214,0.1060604766761557,0
-1.0336251839344825,0.10630208217262904,0
-1.0330706717927516,0.10481889331769523,0
-1.032235486541012,0.10678529316557217,0
-1.032930335237749,0.10654368766909705,0
-1.0340427602965772,0.10531891507886648,0
-1.032930335237749,0.10654368766909705,0
-1.0347342082179427,0.10926845988249845,0
-1.0357063943044427,0.10976828466260002,0
-1.0345937740802622,0.11099345121496995,0
-1.034035503360025,0.11370213492406478,0
-1.0333443807142402,0.10975193351686663,0
-1.032789933627626,0.10826861334122029,0
-1.0315406378442784,0.10702689866204196,0
-1.0330671571709331,0.10901027342904257,0
-1.032789933627626,0.10826861334122029,0
-1.0315406378442784,0.10702689866204196,0
-1.0341796960762117,0.10778527102756286,0
-1.03487457730051,0.10754359987073059,0
-1.0334848148519207,0.10802694218438802,0
-1.0337620546590056,0.10876856944203794,0
-1.0332038815214428,0.11147705617005599,0
-1.0329226879705011,0.11492769543857762,0
-1.0323683384665614,0.11344417828185982,0
-1.0312555230770322,0.11466973879637443,0
-1.0290296971326303,0.11712125378754301,0
-1.030973971722947,0.1181211003288194,0
-1.030837653966918,0.1156534968333478,0
-1.0304197523292409,0.11663732053067477,0
-1.0320869497502656,0.1168952115125208,0
-1.030837653966918,0.1156534968333478,0
-1.0315326653014427,0.1154115630350887,0
-1.0311147799275489,0.11639535390223976,0
-1.030696862026094,0.1173792104297462,0
-1.0299970349674137,0.12181515075362626,0
-1.0288838129834037,0.12304153202260082,0
-1.0277705259442804,0.12426804461228613,0
-1.0256850528186625,0.12499473242186987,0
-1.0262389469367843,0.12647916882358246,0
-1.0256793100590915,0.12919061026766165,0
-1.027063882716602,0.13290202957373154,0
-1.0278946263111077,0.13512888115737098,0
-1.0287253699056151,0.1373557327410122,0
-1.0263622503784315,0.1373416140474113,0
-1.0259436981895877,0.13832675095187952,0
