2.4010437211451823,1.369291201921211,2
2.4025326486067335,1.3697068201753169,2
2.4029004392528392,1.368118667877285,2
2.4034521252219854,1.3657364394302434,2
2.403828730398825,1.367532443679412,2
2.4030843345758868,1.3673245917282717,2
2.4025238567119445,1.366322649353421,2
2.405317522044694,1.3679481475816964,2
2.405501349459904,1.3671541142567705,2
2.404756976272914,1.366946248030935,2
2.4049408263240686,1.366152200431312,2
2.4027077746709438,1.3655285589297073,2
2.4023399387529523,1.3671167397771278,2
2.401035110337972,1.3659069169017481,2
2.3989860219157393,1.3644891564270392,2
2.3967529702626216,1.3638655149254362,2
2.394335751655081,1.3640361208692102,2
2.3965688712160436,1.3646597195467223,2
2.3989860219157393,1.3644891564270392,2
2.39768951004066,1.3666638041421741,2
2.3969450915817774,1.366455966465729,2
2.396761015171144,1.3672501568123163,2
2.3969450915817774,1.366455966465729,2
2.39731324440303,1.364867585772556,2
2.3974973208136596,1.3640733954259705,2
2.3969450915817774,1.366455966465729,2
2.396761015171144,1.3672501568123163,2
2.3960165740763166,1.3670423334105681,2
2.3963847721694727,1.3654539241680048,2
2.394711836205129,1.3658324534363988,2
2.391918397231855,1.3642068124611573,2
2.388756488534071,1.3641697520248464,2
2.385963230648372,1.3625439968520308,2
2.382616634369377,1.3633015121791114,2
2.3794542729526427,1.363264737236733,2
2.374618024861782,1.3636070911000004,2
2.3725692986147067,1.3621891022301504,2
2.3705207081833137,1.3607710277121186,2
2.3688421267208604,1.3577634019757898,2
2.366234597669944,1.355342414403534,2
2.3643717360733376,1.353129107486069,2
2.3608354178855997,1.3512946581550143,2
2.3574846474450624,1.3486650906220952,2
2.3530192232172418,1.3474173793779922,2
2.3491105780467016,1.3437842278801106,2
2.3463195837557365,1.342157045237638,2
2.3442728947439235,1.3407377716450934,2
2.345388476605045,1.339355330093717,2
2.345946849325891,1.3403586000153513,2
2.343156239846028,1.3387311747030317,2
2.3425979803049266,1.3377278334079143,2
2.3425979803049266,1.3377278334079143,2
2.343156239846028,1.3387311747030317,2
2.343156239846028,1.3387311747030317,2
2.343342036588652,1.337935899479504,2
2.343342036588652,1.337935899479504,2
2.342783799683499,1.3369325439096915,2
2.3435278333312723,1.3371406242559765,2
2.3429696190620675,1.3361372544114651,2
2.3416674616888677,1.3349257471218827,2
2.3396214291195214,1.3335060595631383,2
2.337017612363965,1.3310827309406381,2
2.3344141577835664,1.3286591739230023,2
2.331625915930932,1.3236405403633658,2
2.3271651229250665,1.3190001934022835,2
2.3260506410781154,1.3169922260893507,2
2.325679921247577,1.3151925104190685,2
2.324565756303887,1.3131843432603798,2
2.324565756303887,1.3131843432603798,2
2.3243792578469,1.313980060999505,2
2.324752254760874,1.3123886255212582,2
2.3243792578469,1.313980060999505,2
2.3253092919608207,1.3133927376499948,2
2.324565756303887,1.3131843432603798,2
2.3253092919608207,1.3133927376499948,2
2.3260528276177617,1.3136011320396044,2
2.325866374432671,1.3143968212293338,2
2.3253092919608207,1.3133927376499948,2
2.324938753217861,1.3115929077821367,2
2.3258712455028068,1.3076143190865182,2
2.326246994855115,1.3026314326911113,2
2.3266200370409855,1.3010399686634688,2
2.328106429276442,1.3014571856835957,2
2.32884962539417,1.3016657941936547,2
2.3294063909627596,1.302670077618746,2
2.32921996041361,1.303465752533782,2
2.3275470018133184,1.303844296076873,2
2.326060473762176,1.3034271647049298,2
2.326060473762176,1.3034271647049298,2
2.326246994855115,1.3026314326911113,2
2.326060473762176,1.3034271647049298,2
2.3255037534654903,1.3024228527304444,2
2.326246994855115,1.3026314326911113,2
2.326246994855115,1.3026314326911113,2
2.326246994855115,1.3026314326911113,2
2.326246994855115,1.3026314326911113,2
2.326803737787749,1.3036357303909014,2
2.325873952669241,1.3042228967187501,2
2.3273632331587137,1.3012485771735314,2
2.330347208470535,1.2885170933475614,2
2.330347208470535,1.2885170933475614,2
2.3286784057373104,1.285503300942299,2
2.3275660969413003,1.2834939632584934,2
2.326453969232869,1.2814845113771138,2
2.3245993923929724,1.2792659799206891,2
2.32255829446013,1.2778431804780812,2
2.3195878641277368,1.2770072618693948,2
2.3184714447365593,1.2783902315845452,2
2.318653447787277,1.2809870639142176,2
2.3160565123596903,1.2785593957839545,2
2.317546992554373,1.275584319679819,2
2.3162488191079014,1.2743703000436284,2
2.31569327588047,1.2733652457849196,2
2.3136527438463155,1.2719420894748978,2
2.3129162388217495,1.2683395462504663,2
2.311425192728386,1.2713149792220229,2
2.311425192728386,1.2713149792220229,2
2.3119805775041833,1.272320133403607,2
2.3106826756890797,1.2711059424710651,2
2.3106826756890797,1.2711059424710651,2
2.3112380378289252,1.2721111109273444,2
2.3104954981536707,1.2719020884510854,2
2.3104954981536707,1.2719020884510854,2
2.30994015864977,1.2708969057201038,2
2.3084551245711467,1.2704788322181813,2
2.306970090492527,1.2700607587162658,2
2.306227573453217,1.2698517219653098,2
2.306227573453217,1.2698517219653098,2
2.306970090492527,1.2700607587162658,2
2.306970090492527,1.2700607587162658,2
2.307712607531837,1.2702697954672253,2
2.306227573453217,1.2698517219653098,2
2.306970090492527,1.2700607587162658,2
2.3045551807516134,1.2702299086409852,2
2.3039931048826574,1.2726186891737683,2
2.303618387636682,1.274211209528957,2
2.3015708702420525,1.2761821735043561,2
2.302126209745957,1.2771873562353413,2
2.3017514472280887,1.2787799051399222,2
2.3015640659691563,1.2795761795922136,2
2.3004464468727726,1.2809599058662826,2
2.300071639083008,1.2825524833202593,2
2.3004397784155586,1.2843538263059617,2
2.298585835382177,1.282134895158027,2
2.2967250428040167,1.2833099986473435,2
2.2931904993674017,1.2848641452941276,2
2.2902108427157515,1.2874237601658258,2
2.2877861407568965,1.2909888004383454,2
2.2838743222122666,1.2941370804810397,2
2.2821919335692016,1.297911285976788,2
2.28052523597907,1.2948961660247456,2
2.2779192100479193,1.2958639457266923,2
2.275133557840519,1.2942333942558228,2
2.275133557840519,1.2942333942558228,2
2.274945520139113,1.2950300826743124,2
2.275876957681774,1.2944418742936161,2
2.2756889426163163,1.2952385484374105,2
2.275876957681774,1.2944418742936161,2
2.2771757875707195,1.295655479963596,2
2.275500927550862,1.2960352225812066,2
2.2756889426163163,1.2952385484374105,2
2.276432365093516,1.295447014200505,2
2.276432365093516,1.295447014200505,2
2.2768083499525353,1.2938536944623067,2
2.277363757364281,1.2948588343691938,2
2.277363757364281,1.2948588343691938,2
2.2771757875707195,1.295655479963596,2
2.276432365093516,1.295447014200505,2
2.2756889426163163,1.2952385484374105,2
2.275133557840519,1.2942333942558228,2
2.2768083499525353,1.2938536944623067,2
2.2775517271578423,1.2940621887747916,2
2.278295104363149,1.29427068308728,2
2.274945520139113,1.2950300826743124,2
2.275876957681774,1.2944418742936161,2
2.275133557840519,1.2942333942558228,2
2.2740140373245588,1.295618319604408,2
2.2745694447363007,1.2966234595113004,2
2.27363791664985,1.2972117249907882,2
2.2730825092381117,1.296206585083894,2
2.271595573739919,1.2957897106564946,2
2.270296811758815,1.2945760621624132,2
2.2684429592692297,1.2923570739156975,2
2.2665893784110125,1.2901379143726235,2
2.2654793784816185,1.2881271206697615,2
2.2654793784816185,1.2881271206697615,2
2.2654793784816185,1.2881271206697615,2
2.2645476919435445,1.2887154860721246,2
2.2638043600101305,1.2885069632102475,2
2.2639927598866905,1.2877100463966045,2
2.2634378731017364,1.286704578171694,2
2.2639927598866905,1.2877100463966045,2
2.26306102807672,1.2882984403483668,2
2.263249450589228,1.2875015092600286,2
2.26306102807672,1.2882984403483668,2
2.26306102807672,1.2882984403483668,2
2.262317696143306,1.2880899174864808,2
2.2625061412917624,1.2872929721234492,2
2.260464726455659,1.2858703725265954,2
2.260464726455659,1.2858703725265954,2
2.260464726455659,1.2858703725265954,2
2.2612080131171837,1.2860789239378718,2
2.2612080131171837,1.2860789239378718,2
2.2612080131171837,1.2860789239378718,2
2.261396503537533,1.2852819500254462,2
2.2612080131171837,1.2860789239378718,2
2.2612080131171837,1.2860789239378718,2
2.260464726455659,1.2858703725265954,2
2.259721439794145,1.2856618211153226,2
2.2593552697890082,1.2838592362310202,2
2.2595438281172058,1.2830622194945036,2
2.25917777129181,1.2812595632367199,2
2.25992094477359,1.2814681860214758,2
2.25992094477359,1.2814681860214758,2
2.25992094477359,1.2814681860214758,2
2.2606641182553737,1.2816768088062318,2
2.2597323864453998,1.2822652027579906,2
2.25917777129181,1.2812595632367199,2
2.2589891903276715,1.2820565942479263,2
2.2588006093635293,1.2828536252591363,2
2.2576914243282467,1.2808423176672044,2
2.256959763396395,1.277236719657699,2
2.2543649557478673,1.2748077097059571,2
2.2525012657684442,1.2759846403564374,2
2.2537986695927117,1.2771991453323093,2
2.2536219180817696,1.2745990012730157,2
2.2536219180817696,1.2745990012730157,2
2.2536219180817696,1.2745990012730157,2
2.2538107027694316,1.2738018417895365,2
2.2536219180817696,1.2745990012730157,2
2.2539994874571008,1.273004682306059,2
2.252702332628253,1.2717900203085257,2
2.2504734233534833,1.2711637665374411,2
2.248622445629202,1.268942965404257,2
2.246217916640859,1.26571585383906,2
2.2434356371895987,1.2640831754383903,2
2.239342947391627,1.2646339094165775,2
2.2367356538474255,1.2656024885015338,2
2.233953374396169,1.2639698101008676,2
2.2319141552469546,1.2625458258584423,2
2.22968551760356,1.261919400791001,2
2.2272672577424437,1.2620906633708167,2
2.225038552191201,1.2614642811274663,2
2.2252282423167564,1.260666550656122,2
2.225417932442319,1.259868820184776,2
2.2278361243955906,1.2596976004290532,2
2.227646502177876,1.2604952880763065,2
2.2267140007456874,1.2610841673677502,2
2.2267140007456874,1.2610841673677502,2
2.2252282423167564,1.260666550656122,2
2.223189362706762,1.259242352293251,2
2.2217036495497204,1.2588247070322307,2
2.218179283142156,1.2569827206613695,2
2.216520734493052,1.2539624618185456,2
2.215795321082659,1.2503529239927804,2
2.2143099701007785,1.2499350503366138,2
2.2128246191188907,1.2495171766804454,2
2.2115294336174607,1.2483012727843104,2
2.2111671569952662,1.2464962326521913,2
2.2098721752173596,1.245280200283787,2
2.2095101023186885,1.2434750316793952,2
2.2080437790212386,1.2396554435992115,2
2.2052643969712378,1.2380209380373781,2
2.206026054874723,1.2348281889908375,2
2.2053032219623177,1.2312170238496574,2
2.2043902462054135,1.228403874673754,2
2.20366809237143,1.2247922812916752,2
2.203688297125126,1.2213898245834365,2
2.2035180874029514,1.2187855551368258,2
2.204852256347092,1.2131974449223648,2
2.201546024303596,1.207150075382355,2
2.2008475158872898,1.2001338555381516,2
2.201060172352115,1.1959319268455815,2
2.201823460043805,1.1927381500208813,2
2.202036433411891,1.1885360214825553,2
2.2022272779707563,1.1877375630016864,2
2.2029683915813365,1.1879474847838338,2
2.200003937139023,1.1871077976552389,2
2.1994537586311083,1.1860993602934329,2
2.2011268304111304,1.1857207453768588,2
2.2016770315550005,1.1867291684639696,2
2.2029683915813365,1.1879474847838338,2
2.2026089670884943,1.1861406460399433,2
2.2040911037658617,1.1865605467030242,2
2.2035408573501023,1.1855521521653056,2
2.2040911037658617,1.1865605467030242,2
2.2042819030528342,1.185762116771544,2
2.2044727023398067,1.1849636868400673,2
2.205617498061656,1.180173107251198,2
2.207480780594029,1.1789964335452598,2
2.207693821869956,1.1747942621828464,2
2.2069756519626935,1.1711801564541648,2
2.2096015883802274,1.166810105615033,2
2.213326342569186,1.1644579001788777,2
2.2142797731053747,1.1604661073889009,2
2.214470459212613,1.1596677488309073,2
2.2183845413519663,1.1565180413185523,2
2.222847285390774,1.1543777275726832,2
2.225279615663869,1.1508078767274057,2
2.2138670763715,1.228520665938463,2
2.2151987100895454,1.222934154490023,2
2.2167015042395484,1.2199513129509292,2
2.222103042503889,1.2172181515479608,2
2.2224831923772115,1.2156222052655874,2
2.2245552606274117,1.2102460438401899,2
2.226075679033123,1.2038623729082722,2
2.2273871306334243,1.2016783038933756,2
2.2288884534468565,1.198696390209566,2
2.22928742728109,1.1936988579754448,2
2.2330114571197335,1.1913471093295804,2
2.23656348899636,1.1863922189381455,2
2.2389942573890877,1.1828233530469277,2
2.2389942573890877,1.1828233530469277,2
2.2360504830553687,1.1785809094414663,2
2.237531714294846,1.1790013810924158,2
2.236962032747595,1.181394957923258,2
2.236202457351265,1.184586393697714,2
2.2389757503314414,1.1862247391529284,2
2.2426797338680196,1.187275347292431,2
2.2426797338680196,1.187275347292431,2
2.2410084050559362,1.1876528630573695,2
2.241180086114685,1.190256204648696,2
2.241180086114685,1.190256204648696,2
2.2417312832402345,1.1912639996491574,2
2.2409903733531813,1.1910539493947407,2
2.239869992671231,1.192439417181797,2
2.239852096784155,1.195840417870981,2
2.242437035159668,1.1982756515904445,2
2.2452118673842634,1.1999130263662963,2
2.248728016942959,1.201760194452019,2
2.2518657822322297,1.20520219539379,2
2.2550042265999117,1.2086437680946567,2
2.258884690016064,1.2122946915898112,2
2.2605417446926452,1.2153158925626002,2
2.2629406826020073,1.218546529977866,2
2.264976279999651,1.2199727981717459,2
2.265528971097723,1.220979651042228,2
2.268508491933691,1.218420121818708,2
2.2709214549831387,1.2182521995178988,2
2.2716628628610316,1.2184619357289925,2
2.273522885816991,1.2172873175793644,2
2.2753827276853684,1.2161128136273085,2
2.2772423884661706,1.2149384238728196,2
2.2796546498012553,1.214770944087606,2
2.2813255485303365,1.2143936995419082,2
2.2820667753206507,1.2146035499505743,2
2.2837375608700015,1.214226376778356,2
2.282619647506298,1.2156102886234823,2
2.2816900208394237,1.2161973550284557,2
2.2820545836923003,1.2180009534162224,2
2.2818662290876333,1.2187978416804661,2
2.2816778744829627,1.2195947299447099,2
2.284090248997785,1.2194271787860096,2
2.2848315889678403,1.2196369578211925,2
2.288173295882217,1.2188825258285778,2
2.2896558852785276,1.2193021409977298,2
2.2920678297103443,1.2191348610582668,2
2.2918797693729935,1.2199315637514552,2
2.295586242863777,1.2209806016743325,2
2.2992927163545573,1.22202963959721,2
2.302257895147182,1.2228688699355121,2
2.30651805571771,1.2249241326422258,2
2.3085633774254504,1.2229545533123911,2
2.312636020921367,1.2258061761195727,2
2.3139312290587455,1.2270220657410178,2
2.3130025078297614,1.2276085611581244,2
2.3146645197787983,1.2306266359723637,2
2.31688874341247,1.2312558446056396,2
2.3202287299948594,1.2305024974899723,2
2.3226399274404166,1.2303356886154937,2
2.321898587470365,1.2301259095803125,2
2.321891488930156,1.23352010123922,2
2.321704379302588,1.234316204395153,2
2.3226329194439934,1.233729823175615,2
2.323374349957838,1.2339395451120119,2
2.3237416970322258,1.2357413877120962,2
2.323374349957838,1.2339395451120119,2
2.3241157804716757,1.2341492670484087,2
2.3241157804716757,1.2341492670484087,2
2.3285643635547153,1.2354075986667858,2
2.3305960088088185,1.2402260743367464,2
2.3307771743294836,1.242823434830198,2
2.330958475665831,1.245420709675468,2
2.330211395312407,1.2486042658173986,2
2.3309480361526624,1.2522067233936518,2
2.332613647217322,1.2552225285311316,2
2.3327956729039805,1.2578193465861105,2
2.3335376693165024,1.2580287116550934,2
2.3365056549665937,1.2588661719310164,2
2.3372476513791156,1.259075536999994,2
2.3361326127807196,1.2604576359586552,2
2.337989647791634,1.2592849020689787,2
2.3385451910190653,1.2602899563276875,2
2.3402156370292033,1.2599129972759204,2
2.3415132672129424,1.261127359504826,2
2.3441087992117886,1.2635559126662805,2
2.348188912570304,1.2664028248235795,2
2.350787378095063,1.265439812870298,2
2.3517154881534736,1.264853702869999,2
2.3602484401531214,1.2689562630027176,2
2.3613611563961854,1.270965343741981,2
2.362288994823224,1.2703794050380406,2
2.364329685309009,1.2718024614251853,2
2.3667416523767777,1.2716351672110289,2
2.3711943099303276,1.2728909293840154,2
2.375461668732097,1.2749416527372066,2
2.378430197644917,1.2757787704204109,2
2.3810268749298373,1.2748168861681588,2
2.3845503720241723,1.2732697055733162,2
2.3877013384121817,1.2699239512839124,2
2.3893700867262666,1.2695480628343923,2
2.3912236358013033,1.2683775272479885,2
2.3941909876448655,1.2692153872154162,2
2.3973430497055794,1.2692586571447535,2
2.4004949306787253,1.2693020412716631,2
2.4006795503520877,1.268507508332359,2
2.398638927774144,1.2670844091211233,2
2.3973401657930395,1.265870760627049,2
2.397897180357038,1.2668748870304825,2
2.398638927774144,1.2670844091211233,2
2.399380675191246,1.2672939312117677,2
2.400122422608348,1.2675034533024103,2
2.400122422608348,1.2675034533024103,2
2.400307064917655,1.266708906088411,2
2.4017905144799627,1.2671279788190901,2
2.4032739640422776,1.2675470515497693,2
2.4066097856103603,1.2667963309782735,2
2.4086504308242453,1.268219415914814,2
2.41310064369549,1.269476719755037,2
2.4168091544215287,1.270524472955218,2
2.4210753587899845,1.2725759243179358,2
2.4255257074769148,1.2738331425099751,2
2.428125042314907,1.2762592975223939,2
2.429608582421004,1.2766783131542905,2
2.431275814126625,1.2763033811094395,2
2.4310921225271045,1.2770973287861853,2
2.431833892580155,1.2773068366021327,2
2.4325756626332016,1.2775163444180748,2
2.433883080693409,1.2821142493822268,2
2.438701265298331,1.2817832867268457,2
2.440001543887906,1.282995978816249,2
2.441677137405321,1.2860054888125259,2
2.4446539149501945,1.2902271199103446,2
2.4465232369390257,1.2958260679434552,2
2.4483936454533186,1.3014243307911304,2
2.450071615745202,1.3044323419442687,2
2.452126666568809,1.3092360575779445,2
2.453805655478316,1.3122434263697276,2
2.4551195700553983,1.316837234495953,2
2.458102323490362,1.3210550970738648,2
2.4588574805354995,1.3246458779482992,2
2.4609163568342005,1.3294471811582458,2
2.4635233426223806,1.3318685113232132,2
2.4646446152535155,1.3338721962271638,2
2.469663681289198,1.3361261608044916,2
2.4715286027570116,1.3383381687245723,2
2.4737728683512827,1.3423444536555351,2
2.473970014850739,1.34493173621318,2
2.476199806927454,1.3455574332710931,2
2.480097962507152,1.3458074845493222,2
2.4838141694552647,1.3468503843526634,2
2.4858622392598697,1.348268787188717,2
2.4888352953621506,1.3491030499325998,2
2.4927330661307465,1.3493533438806757,2
2.4947814075667196,1.3507715754203709,2
2.4977544636690006,1.3516058381642537,2
2.502595044373038,1.354650467238109,2
2.506873902236034,1.3566939390454262,2
2.5083801779804524,1.3604883322861028,2
2.51229833024885,1.3641154884114126,2
2.514910884480063,1.3665333070010153,2
2.518267381815267,1.3691592630356944,2
2.52106120559964,1.3707846613410908,2
2.5234943916972625,1.3739937011403889,2
2.526671860438082,1.3774106642643158,2
2.5296698252296252,1.3816189342461058,2
2.532104867474928,1.3848268035202853,2
2.534540452982963,1.3880343302017444,2
2.536796670357404,1.3920330780928953,2
2.5390536120821636,1.3960313691937554,2
2.5411315478484866,1.400820653109168,2
2.543954762239686,1.405817232262546,2
2.5474971242253552,1.4076478702496065,2
2.551039712570496,1.4094783654897043,2
2.552734999362052,1.4124754564999353,2
2.5535068617362917,1.4160557026482685,2
2.5544583186036007,1.4188445848399471,2
2.5561547598284697,1.4218409478406535,2
2.558417315268155,1.4258356988167513,2
2.5595776893275115,1.4312044407238442,2
2.5603517247526923,1.4347833165013064,2
2.5613050377676814,1.4375710281678664,2
2.5629741029850344,1.437194939872585,2
2.5633614828727787,1.4389841493661706,2
2.5658056926767365,1.4421862373882242,2
2.56825044574342,1.4453879828175609,2
2.571619619209109,1.448005945022139,2
2.5748108053339926,1.4514142576799216,2
2.5787481076138015,1.4550293374118972,2
2.5828643932160986,1.4578534386040278,2
2.585134011071343,1.4618437358747922,2
2.5877603279585024,1.4642528754488655,2
2.58946342415188,1.4672450416887681,2
2.590989076267185,1.4710272157891549,2
2.5917348528829045,1.471234196983799,2
2.593048622497072,1.4724383813540296,2
2.594540221000404,1.4728523151939292,2
2.5982692172587427,1.4738871497936863,2
2.6007198103998306,1.4770852123512963,2
2.6029574118783607,1.4777059846388845,2
2.6035258349598003,1.4787029165952283,2
2.605940880516396,1.4785336810223342,2
2.6070779530387505,1.4805274021880521,2
2.6115534276271717,1.4817687754668611,2
2.615282989784191,1.4828032531992061,2
2.616774814647002,1.4832170442921395,2
2.6171288879090397,1.4816375424602555,2
2.6173437130833364,1.4842136764798575,2
2.615851842948633,1.4837999139363127,2
2.6180896481506863,1.4844205577516263,2
2.6180896481506863,1.4844205577516263,2
2.6180896481506863,1.4844205577516263,2
2.6171666990882656,1.4850034131211025,2
2.616597778015983,1.4840067952080815,2
2.616597778015983,1.4840067952080815,2
2.6180896481506863,1.4844205577516263,2
2.619189520664392,1.483048022839693,2
2.622703714384386,1.481506709145151,2
2.6239801029023226,1.479344751635299,2
2.6249026897895895,1.4787621246609675,2
2.625648421133416,1.478969134405009,2
2.6250795226970887,1.4779725022172947,2
2.6250795226970887,1.4779725022172947,2
2.6243338139892067,1.477765478198556,2
2.6243338139892067,1.477765478198556,2
2.6252563556045807,1.477182879773622,2
2.6252563556045807,1.477182879773622,2
2.6260020416765073,1.4773899180670558,2
2.626355662219602,1.4758107017291024,2
2.626355662219602,1.4758107017291024,2
2.62692451538404,1.476807362466209,2
2.6246875250760873,1.4761862047618166,2
2.6252563556045807,1.477182879773622,2
2.6252563556045807,1.477182879773622,2
2.6252563556045807,1.477182879773622,2
2.624510669532647,1.4769758414801863,2
2.6280237088193275,1.475435255795169,2
2.6321051032796063,1.4748916448905938,2
2.634910833572256,1.4765095347055777,2
2.6371080886454656,1.4737660350983397,2
2.6421502659833394,1.4760054252104329,2
2.6458779040848377,1.4770411162919856,2
2.648819192805828,1.4745056970310308,2
2.652018188332523,1.477909084918485,2
2.655569763148737,1.4797339131040257,2
2.659867114580674,1.481765722484214,2
2.6623221443674367,1.484960987201294,2
2.6658746246215372,1.4867852443989715,2
2.6692518338485165,1.4893981390862585,2
2.672629495794439,1.4920107482796077,2
2.675261833843585,1.4944160907843873,2
2.67714871218028,1.4966142522487598,2
2.6793861778431207,1.4972351101845227,2
2.6792563236735027,1.5013848220369166,2
2.6807481938082063,1.501798584580465,2
2.6800022587408563,1.501591703308689,2
2.6816691961791648,1.5012169568348952,2
2.679652033589857,1.5031687784421557,2
2.680047834049997,1.504952677748605,2
2.6826819377030375,1.5073569068270398,2
2.6818069407242184,1.5112992377932848,2
2.6825994923542886,1.5148664368689246,2
2.6826460410091677,1.5182267974968795,2
2.6849321378340356,1.522206702788516,2
2.6875684598099063,1.524609532946691,2
2.6898558242478288,1.5285886388553127,2
2.6912226390337395,1.533149087015575,2
2.6936859535772086,1.5363391271936937,2
2.695800989661148,1.5411050148813672,2
2.6982655718176645,1.5442942556764763,2
2.7003822376898086,1.5490591155859939,2
2.704516450962366,1.5518719112184165,2
2.70715689268064,1.5542721433818034,2
2.7101455223146615,1.555096585134427,2
2.710892679723166,1.5553026955725784,2
2.7124388626426743,1.5590719225231435,2
2.7150803908864205,1.5614714695010967,2
2.7169749428092445,1.5636647918433226,2
2.7210587366799324,1.5631196678209065,2
2.72427489025468,1.5665122354883305,2
2.7257696125187394,1.5669241994201055,2
2.727264334782806,1.567336163351877,2
2.7281850202504963,1.5667547354520597,2
2.7330154282669596,1.5664160644605136,2
2.734856301211508,1.565253522704209,2
2.73336180530692,1.5648414160254713,2
2.73318861678694,1.565628740242996,2
2.734856301211508,1.565253522704209,2
2.734510014715333,1.566828114040467,2
2.7312933178778565,1.5634358889657545,2
2.733935887375182,1.5658347793076643,2
2.738018345724978,1.5652904974923452,2
2.7409519608598387,1.5627599173535405,2
2.7438850327319564,1.560229679807449,2
2.7466447123605775,1.5584868949511517,2
2.747737341371149,1.5571189279421294,2
2.7486570761290565,1.5565380995795728,2
2.7499223277609275,1.554383165220445,2
2.7491754872556804,1.5541768549365358,2
2.748829879837931,1.5557510180318932,2
2.7496326176442807,1.5593117934940661,2
2.750034122363143,1.5610920955769672,2
2.7536532519933203,1.5662640374720205,2
2.7548594638459463,1.5716038731184874,2
2.7612402424321623,1.5750317882586362,2
2.767966085173388,1.5768858828961445,2
2.7726813976578697,1.58068761665481,2
2.775499057094745,1.5822979837046844,2
2.777225853124939,1.5852752043372433,2
2.780215750372008,1.5860988467068555,2
2.783266705916173,1.5902736996239035,2
2.787813877696916,1.5948595743427454,2
2.7872995410408024,1.5972182495403882,2
2.7894336592283118,1.6019721036588237,2
2.792487874348886,1.6061449010195634,2
2.7940469597583366,1.6099059913930631,2
2.798192988995382,1.612711335633854,2
2.7977870476308553,1.6109338313914883,2
2.800544078853637,1.6091927166746878,2
2.7999671446560157,1.6082011520042698,2
2.79864235133552,1.607003919411289,2
2.7963986381512242,1.606387001291786,2
2.795074003282359,1.60518966877593,2
2.792659116177397,1.6053588044259506,2
2.7913345944882657,1.6041614005366114,2
2.7913345944882657,1.6041614005366114,2
2.792425005176007,1.6027948324478558,2
2.795010907750015,1.6018397429511886,2
2.8000108372629917,1.6007160602429717,2
2.802361361222566,1.597197798151221,2
2.806719201134367,1.5917339239452346,2
2.8094102167875974,1.5866447248395605,2
2.8115880954899275,1.5839134443726088,2
2.815430534856098,1.5808089162750072,2
2.818760108902726,1.5800621355197748,2
2.8201896531272865,1.577125486898895,2
2.822195271383478,1.575180945386899,2
2.8239243083724475,1.5781567528244995,2
2.824500744579229,1.5791486315382457,2
2.825483303238123,1.581917900296789,2
2.8287074020303677,1.5853054575457044,2
2.831014776645695,1.5892719446225332,2
2.8324054270841046,1.59381736152727,2
2.8337967566009397,1.598362350191108,2
2.835188765196186,1.6029069106140472,2
2.8350861873430553,1.6070394214570314,2
2.8366492793151927,1.6107979852092384,2
2.836479327735674,1.6115832681451447,2
2.837057144735237,1.6125742761024,2
2.8367854754685915,1.617491527442823,2
2.836105850238102,1.6206325449888705,2
2.8355961313152385,1.6229883081484093,2
2.8365140778333107,1.622408607486884,2
2.8335219169915113,1.6215863925869343,2
2.8348480684688404,1.6227827686981176,2
2.8354262250076196,1.6237735625349217,2
2.8346781395252734,1.6235680373593304,2
2.8346781395252734,1.6235680373593304,2
2.834338281638132,1.6251385746817455,2
2.8364816126561934,1.6298866189986647,2
2.836959341756831,1.6350085675822825,2
2.8413498266231727,1.6403713602648224,2
2.8451627887572677,1.6447429594190481,2
2.849146200461721,1.6483289615940464,2
2.8518022609836287,1.6507193442167782,2
2.8542895017233896,1.653894296040587,2
2.8552796207886786,1.656658797050465,2
2.857018911861772,1.6596281380505005,2
2.858927611251655,1.6618125387073466,2
2.8604987163491273,1.6655660492169524,2
2.8633997983990263,1.6705135234140176,2
2.8669025836015827,1.6689794041665635,2
2.8670713128399434,1.6681948920642782,2
2.867408771316672,1.6666258678596968,2
2.867914959031758,1.6642723315528283,2
2.8675035171320324,1.6624982960617345,2
2.8669233912658427,1.6615087441235339,2
2.8681785246292755,1.659360190553791,2
2.8677672638171288,1.6575860408651213,2
2.8679360383273824,1.6568015002134384,2
2.867356093548775,1.6558118340776673,2
2.866945013824207,1.654037570191429,2
2.8671138336063606,1.6532530009903539,2
2.8659542609523996,1.6512734688730522,2
2.8662919910604963,1.649704273372116,2
2.8642152415106636,1.6483039565766617,2
2.8621386277765275,1.646903554133024,2
2.8632250998094335,1.6455394698414807,2
2.8615591357168633,1.645913602503322,2
2.8563842790454963,1.7068079042923117,2
2.858466121683467,1.7082050092810324,2
2.8587857604409663,1.7141047608595326,2
2.8567788292998415,1.7160501303039233,2
2.854771626527338,1.7179956710446742,2
2.852764152123477,1.7199413830817907,2
2.8554289953929413,1.72232622712224,2
2.8548471265588056,1.7213377743356801,2
2.8522576927770196,1.7222950906850159,2
2.8526707418290016,1.7240681126726525,2
2.852839538975207,1.7232835577462726,2
2.8526707418290016,1.7240681126726525,2
2.8515070494326302,1.722091178550139,2
2.8519200532127194,1.7238642290871695,2
2.851338207014532,1.722875762025911,2
2.8515070494326302,1.722091178550139,2
2.851338207014532,1.722875762025911,2
2.850005762743855,1.7216833542803816,2
2.849836875053864,1.7224679663055475,2
2.850418675980155,1.7234564619161965,2
2.851000522178335,1.7244449289774568,2
2.8500809458720617,1.7250256574171345,2
2.851169364596437,1.7236603455016848,2
2.8517512334305657,1.7246487982882428,2
2.8516579589517796,1.728775442230928,2
2.852147096569851,1.7338901963674545,2
2.853649017065152,1.7342976209457088,2
2.8553195988909756,1.7339205762457581,2
2.8546449535688936,1.7370584533585571,2
2.857480495404136,1.7386575433981122,2
2.859565144899559,1.7400528783244518,2
2.860898834147342,1.7412445009616704,2
2.8624010262740143,1.7416517542435628,2
2.8643176256095018,1.7438311730312943,2
2.865651609124594,1.745022610097454,2
2.8689926822324487,1.744268577796344,2
2.87274827572886,1.7452866396275901,2
2.8716609208940085,1.7466512806323067,2
2.8686562650092995,1.745836945364882,2
2.8688244736208723,1.7450527615806113,2
2.8689926822324487,1.744268577796344,2
2.8697438009317295,1.744472190162595,2
2.8712460383302947,1.7448794148950935,2
2.873499394428144,1.745490251993843,2
2.8745866134473097,1.74412569663731,2
2.8738355400199254,1.7439220557216686,2
2.8753376868746976,1.7443293375529532,2
2.879596797044414,1.7429955474915335,2
2.883104290524006,1.7414584591071876,2
2.8851893474664863,1.7428535370889886,2
2.8878578577594105,1.7452360686285893,2
2.892196361343526,1.7472419266103572,2
2.8974535584319803,1.7486676128656065,2
2.902543542890534,1.7508768548184772,2
2.9047966952648494,1.7514878203894924,2
2.905881990228501,1.750124478382169,2
2.906800095198207,1.749544677797772,2
2.909220075391314,1.7493723303410178,2
2.910388023345771,1.7513465808205666,2
2.910972065230851,1.7523336632362536,2
2.912641039904411,1.7519576320397672,2
2.9163960675021414,1.7529760507384307,2
2.919984403096759,1.754777696816685,2
2.9226553128000923,1.7571587152384485,2
2.9269952877207857,1.7591636453649322,2
2.930498797273657,1.7576290693271908,2
2.931834523756695,1.7588194072417096,2
2.9336691944516815,1.7576607767522763,2
2.9347527238114424,1.7562985481712943,2
2.9380889075546825,1.7555475992046503,2
2.940673859418901,1.7545931092452385,2
2.944428207938209,1.7556119561848007,2
2.9460958923627807,1.7552367386460155,2
2.9477634862435593,1.7548615782060217,2
2.9485143106755274,1.7550653761433281,2
2.9521026689060896,1.7568670079468873,2
2.9566077513135802,1.7580897099225403,2
2.960361986653151,1.759108628235584,2
2.962779974882899,1.7589375369521303,2
2.966203429350198,1.7615212684342545,2
2.96995777786951,1.7625401153738167,2
2.972961256684954,1.763355192925463,2
2.9763855713182465,1.7659383819691215,2
2.978143469140022,1.7688959891685432,2
2.9802315366634993,1.7702891686157027,2
2.981477117657171,1.768146638967922,2
2.979645434907223,1.7693033851974018,2
2.981403875991731,1.7722606498041102,2
2.980487966708914,1.7728390657429411,2
2.980487966708914,1.7728390657429411,2
2.980487966708914,1.7728390657429411,2
2.9787295256244057,1.7698818011362327,2
2.9812390401363054,1.7730427066585843,2
2.9814956739052505,1.7755924753135552,2
2.9847572804621656,1.778956379390202,2
2.986681643927575,1.7811309019570007,2
2.9866098509627648,1.7852439992126055,2
2.9861160224748993,1.787589741535129,2
2.9844484965019653,1.7879648591510389,2
2.9839545321984176,1.7903106871217371,2
2.989685183224779,1.8083863793930952,2
2.992105435049254,1.808213860639981,2
2.9946897983788467,1.8072597418226835,2
2.9965220243915276,1.8061026530004813,2
2.9983540693166297,1.804945678375855,2
3.003616812212165,1.8063678673304384,2
3.007048143989124,1.808946631218145,2
3.0095642229257393,1.8121033970784772,2
3.013160209470545,1.8139002183092874,2
3.0165928541324476,1.816478154264587,2
3.0168542188143768,1.8190249395079743,2
3.0204511334330206,1.8208211754762154,2
3.0223806805303575,1.822992429137491,2
3.026403818322315,1.8265533792199502,2
3.0280077908152556,1.8302861628700864,2
3.029449213683449,1.8347995616303407,2
3.0319698424454735,1.8379534582766581,2
3.0352435592341855,1.8413097253906248,2
3.03792814104969,1.843682121895636,2
3.0370127297577163,1.8442602237911405,2
3.0374397451891753,1.8460244382909732,2
3.0372157472275347,1.8509116271203467,2
3.0361373562278082,1.8522706153452084,2
3.0372157472275347,1.8509116271203467,2
3.03678855070849,1.84914752681809,2
3.0371141479488344,1.8475859825545324,2
3.035608741517649,1.8471807562795561,2
3.0360358022210043,1.8489449422299948,2
3.0366257520883195,1.8499282989498695,2
3.0361373562278082,1.8522706153452084,2
3.0359745576076342,1.8530513874769863,2
3.0344075896598213,1.856752806294752,2
3.035262435416847,1.8602807214053385,2
3.0392929072557173,1.8638370464860987,2
3.0434866983415567,1.8666122711170576,2
3.041817791575827,1.8669882594894531,2
3.0451555145634828,1.8662363398434394,2
3.043811707047265,1.8650510979956092,2
3.0451555145634828,1.8662363398434394,2
3.045480432725409,1.8646752238207807,2
3.04305857374867,1.864848756077354,2
3.0426305396995836,1.863085183938873,2
3.0399434679298807,1.8607143576504868,2
3.043118188573839,1.8607433386085184,2
3.046292728130215,1.8607724337641294,2
3.0476363092869647,1.8619578183589294,2
3.047370598503157,1.8594137738572964,2
3.0502200614459802,1.8610040849584415,2
3.053984935680777,1.862016294164082,2
3.057483261601721,1.8604849870318603,2
3.059741982419073,1.8610924410275125,2
3.062753610175548,1.8619023796883827,2
3.0612477962973124,1.861497410357952,2
3.0644213625079573,1.8615271193255118,2
3.067003756510136,1.8605742424068232,2
3.069585878880943,1.859621536784486,2
3.0724911990816786,1.8571088000164355,2
3.0745876419056515,1.8584966978258457,2
3.0742643082600374,1.8600568146197425,2
3.0765226216303425,1.860664525559935,2
3.078457872986405,1.8628321819976676,2
3.0801249915122852,1.8624573213262945,2
3.0816305790310494,1.862862433403702,2
3.086147341587342,1.864077769635907,2
3.0878141884818575,1.8637030802608976,2
3.0894809448325873,1.8633284479846743,2
3.092653062342606,1.8633590705328231,2
3.092061482687086,1.8623767415911043,2
3.0932975565828933,1.8602402073159006,2
3.0922757924632904,1.8574956623318766,2
3.0938340908432913,1.8537997107229067,2
3.095822302056007,1.851866146452604,2
3.0985625600418487,1.8501356092859922,2
3.1023765460222634,1.847049024482022,2
3.105867922707386,1.8455220996816593,2
3.1046854424747643,1.8435570135573247,2
3.10758503578084,1.8410478882875125,2
3.108819457252487,1.8389123960651634,2
3.1085500115373748,1.8363707068884665,2
3.1087108408301347,1.8355911766552921,2
3.107528903860242,1.833625747938239,2
3.104843642966319,1.8312537796741246,2
3.102910451481467,1.8290848242390023,2
3.101836632943101,1.8304409289751469,2
3.0989907691158933,1.8288483481972388,2
3.0996353538999664,1.825729427881532,2
3.0988837145738977,1.8255261438333061,2
3.0978640782333393,1.822780257027798,2
3.097757453774342,1.8194577814446298,2
3.098402400733576,1.8163386327337712,2
3.0981347885301886,1.8137957873066544,2
3.0987798260332085,1.810676581497015,2
3.0992636041604733,1.8083371771397854,2
3.1000699010392516,1.8044381698777343,2
3.102700501349158,1.7993870699372891,2
3.1059200555446935,1.7953199548033805,2
3.1067257865247875,1.7914213044087397,2
3.1078538098969197,1.7859631938562543,2
3.1081761022889545,1.7844037336984009,2
3.109409912590035,1.782268626892856,2
3.127583287778176,1.7979101745727561,2
3.127583287778176,1.7979101745727561,2
3.1290846197388476,1.7983179702931196,2
3.12817346400497,1.7988933885456628,2
3.1283339537585135,1.7981140724329414,2
3.129835285719185,1.7985218681533013,2
3.1309067953909313,1.7971672194362096,2
3.1318178153091303,1.7965918868318482,2
3.1306375081274496,1.7946254303366356,2
3.13015617468249,1.7969632930266357,2
3.1295660210916445,1.795980064779032,2
3.1280648249466587,1.7955721834104867,2
3.1295660210916445,1.795980064779032,2
3.1280648249466587,1.7955721834104867,2
3.127904312557167,1.7963515137979105,2
3.1280648249466587,1.7955721834104867,2
3.128815423019155,1.795776124094763,2
3.127904312557167,1.7963515137979105,2
3.1294055539740455,1.79675936661706,2
3.126993156823282,1.7969269320504537,2
3.127153691848722,1.7961475873883366,2
3.126993156823282,1.7969269320504537,2
3.127153691848722,1.7961475873883366,2
3.1298869553268496,1.7944214611029743,2
3.1320297483108703,1.7917123064157625,2
3.129132551383897,1.7826945590529029,2
3.129077505988775,1.7752717335181902,2
3.12923810892206,1.7744923460319786,2
3.128112776196346,1.768423398380742,2
3.1224902383728015,1.7611267811594349,2
3.1213677577764436,1.7550560348964233,2
3.1189085320794305,1.747795593080241,2
3.1123826931957126,1.741069440791751,2
3.1066086520896974,1.734546472628617,2
3.1000881100176514,1.7278169800611263,2
3.09516923157193,1.7248217271628263,2
3.090899102924574,1.7187049274046426,2
3.0865686803736416,1.7166939733561897,2
3.086893010000935,1.71513322847564,2
3.08673084518729,1.7159136009159148,2
3.0859821258984255,1.7157084754318213,2
3.08523340660955,1.7155033499477348,2
3.0858199384488287,1.7164888621467966,2
3.0865686803736416,1.7166939733561897,2
3.0883904033067786,1.7155435079932122,2
3.088552522848534,1.7147631641023295,2
3.08946329377131,1.7141879885196314,2
3.09086024223177,1.7112718954618558,2
3.0926814219021708,1.710121772691604,2
3.091508539311196,1.7081506340959045,2
3.091832687850914,1.7065900034129307,2
3.0927431645063805,1.7060150134012844,2
3.0936535958899505,1.705440051939032,2
3.0936535958899505,1.705440051939032,2
3.094563982001624,1.7048651190261719,2
3.0939776538858794,1.7038794783548425,2
3.094139682883842,1.7030991915627496,2
3.0933913710420207,1.7028938091341193,2
3.093067267774199,1.704454411267701,2
3.0954743228414046,1.704290214662704,2
3.0975183460401396,1.6982536310726033,2
3.0995004002751934,1.6963239495197726,2
3.097418127554228,1.6949271157502892,2
3.0999861477298722,1.6939833032639413,2
3.10063381100278,1.6908624415894913,2
3.10186741758033,1.6887274632562193,2
3.1014433900939125,1.686961364496435,2
3.102676883491725,1.6848264575366425,2
3.1046579191091546,1.682897418345167,2
3.107548073225203,1.6803942456238374,2
3.108942690183092,1.6774796228598152,2
3.109528452400152,1.6784656203985655,2
3.1099525477944177,1.6802316763342553,2
3.1080334132328282,1.6780538563125447,2
3.110376733732469,1.6819976751711625,2
3.1092049829388557,1.6800258228406388,2
3.109790835699716,1.6810117632805976,2
3.1123568865479463,1.680069192692855,2
3.113427671869381,1.6787150007660507,2
3.114336767732059,1.6781408815109007,2
3.1140741580730236,1.6755948813758312,2
3.113003463295385,1.676949016203844,2
3.11540739460186,1.6767867895069806,2
3.1185585964965803,1.6768306018747854,2
3.1204779800535825,1.6790082648748346,2
3.119832308744037,1.6821278703759805,2
3.119186637434492,1.685247475877123,2
3.1183795482975647,1.6891469827535577,2
3.1192295499618687,1.6926779526492162,2
3.1205638956521184,1.6938691613202312,2
3.122059613897857,1.6942804971653498,2
3.123394095403796,1.6954716201881865,2
3.1244062845176934,1.6982222033688767,2
3.125154234184354,1.6984278141926517,2
3.1269723806378202,1.697279604231742,2
3.128951424291884,1.6953518212135599,2
3.1310912293308597,1.6926445507862962,2
3.134243155575888,1.6926879063638136,2
3.135738602190269,1.6930994135052941,2
3.1324830167953337,1.6897317123593538,2
3.1355210781095444,1.6979825197714415,2
3.1352559105884694,1.6954381326770882,2
3.1350950133878754,1.6962177057343553,2
3.1337603281584094,1.6950267111837896,2
3.133012536943383,1.6948210004371393,2
3.133012536943383,1.6948210004371393,2
3.1324257334727363,1.6938356595344395,2
3.1333344671602603,1.693261768674427,2
3.1340822131033974,1.6934675079704729,2
3.1354168077890705,1.6946585596198265,2
3.1385686887622057,1.6947019437467326,2
3.1388903020758256,1.6931429118297778,2
3.138464259990098,1.6913780835179928,2
3.1387294954190175,1.6939224277882552,2
3.1400641806484764,1.695113422338821,2
3.1389948666636194,1.696466686410341,2
3.139260373723907,1.699010859384245,2
3.1396867553488406,1.7007754735755842,2
3.1410775241956905,1.6978632775099847,2
3.1421467250008064,1.6965100848119476,2
3.1451377993171405,1.6973329848973364,2
3.143802910364151,1.6961421188190364,2
3.1441242067745065,1.6945832867478323,2
3.1463673087882285,1.6952005902841467,2
3.1424681119549547,1.6949511956419574,2
3.142628805432029,1.6941717510569632,2
3.143110885863244,1.6918334173019804,2
3.1443405311500214,1.689700937040607,2
3.14631753756883,1.6877744387451248,2
3.149789130436009,1.6862599900295958,2
3.1500550223074057,1.6888039203336547,2
3.1506420295015687,1.6897891327640906,2
3.1506420295015687,1.6897891327640906,2
3.1485048502324773,1.6924947473265437,2
3.147917797766418,1.691509563445507,2
3.148665385257921,1.6917154026644248,2
3.149146990334245,1.6893773686780698,2
3.1499496654614525,1.6854806453674769,2
3.1512839885157575,1.6866718683131872,2
3.1516049680228555,1.6851132360877372,2
3.1523523517908316,1.6853192037789242,2
3.1516049680228555,1.6851132360877372,2
3.151765457776399,1.6843339199750123,2
3.153260180040462,1.6847458839067802,2
3.151765457776399,1.6843339199750123,2
3.153420624522113,1.6839665963434474,2
3.1567306863821756,1.6832321203766902,2
3.1591328520847597,1.683071007106161,2
3.160947874777502,1.681924767053376,2
3.1620155363382096,1.6805725450347104,2
3.162762716382659,1.6807786411981684,2
3.16409692625723,1.6819699355173618,2
3.1648441289376272,1.6821760174061247,2
3.1644172266859023,1.6804117315328106,2
3.1662317513878016,1.679265805523352,2
3.1656447668295797,1.6782805788182245,2
3.1650578275432544,1.6772953235637011,2
3.1643107606785392,1.67708915602676,2
3.1643107606785392,1.67708915602676,2
3.1659650219863593,1.6767224033830637,2
3.1648976773289164,1.6780744255559785,2
3.1658048944079695,1.6775014911006423,2
3.1652179777575924,1.676516221571429,2
3.1690064530254105,1.673445724350529,2
3.1679929057546765,1.6706959976516362,2
3.168793430466895,1.6668006304372192,2
3.1701805096543296,1.6638907611471687,2
3.169113640351778,1.6652424835514523,2
3.169860345041336,1.6654488794835398,2
3.1692737452942197,1.6644634101085707,2
3.1671938719836703,1.6630650632212447,2
3.169433850236665,1.6636843366656873,2
3.169433850236665,1.6636843366656873,2
3.170394479891325,1.6590098960083868,2
3.174500675089824,1.6543828221183503,2
3.1726878254480297,1.655527691800259,2
3.1712492320732437,1.6510125087029301,2
3.1741283624829606,1.6485162877588468,2
3.1739683028124155,1.649295332652338,2
3.1729019088647554,1.6506467552879975,2
3.1719955293157582,1.6512191615795544,2
3.1712492320732437,1.6510125087029301,2
3.1734342358702747,1.6557342733034002,2
3.173594272904875,1.6549552426846077,2
3.1724216619452683,1.652983932792555,2
3.170128339024508,1.6564661227259858,2
3.170714689776208,1.6574517491226217,2
3.172527765777481,1.6563067366937467,2
3.1728478851185784,1.6547486469067696,2
3.1724216619452683,1.652983932792555,2
3.170663085045078,1.6500267538340285,2
3.168689949373256,1.6519508111563894,2
3.1719414150257847,1.6553211102971161,2
3.1716212504127874,1.656879228633489,2
3.171887527095283,1.659422916267708,2
3.172367706106929,1.657085781587238,2
3.1734342358702747,1.6557342733034002,2
3.173914346974076,1.6533971814470174,2
3.1726878254480297,1.655527691800259,2
3.1731141618010703,1.657292334540987,2
3.161646593456183,1.663178524230581,2
3.1623932981457408,1.6633849201626667,2
3.1629797168052782,1.6643705037352117,2
3.1623932981457408,1.6633849201626667,2
3.1643129306981663,1.665562426141058,2
3.164579026293083,1.6681062279728476,2
3.1632456539485645,1.6669144054898801,2
3.165380116903979,1.6642105038910167,2
3.167940531401335,1.663271487702728,2
3.167460080758321,1.6656087936795547,2
3.167940531401335,1.663271487702728,2
3.166873526283098,1.6646232957551899,2
3.1639924491819116,1.6671207443231815,2
3.1639381538043665,1.6712228072383155,2
3.1603092854881467,1.6735145450596534,2
3.1583342257608074,1.6754398157312291,2
3.15694565260085,1.6783506271512554,2
3.1586002987197794,1.6779836318377175,2
3.158279636115946,1.6795420642174168,2
3.159026816160395,1.6797481603808713,2
3.1603609128552286,1.6809395260735513,2
3.1585458901624897,1.6820857661263293,2
3.1589725660547394,1.683850194746615,2
3.161534881971672,1.6829099794838083,2
3.1630831073551278,1.679220380114831,2
3.1656447668295797,1.6782805788182245,2
3.1648976773289164,1.6780744255559785,2
3.1643107606785392,1.67708915602676,2
3.164631106379108,1.6755309234928148,2
3.163777935682184,1.6720019520546803,2
3.1642044757587477,1.6737664663231406,2
3.1625502823587723,1.674133176142746,2
3.1629768450712845,1.6758976761365112,2
3.161803283401902,1.673926965781714,2
3.1605754263549564,1.6760583183420525,2
3.1576928100093546,1.678556737589414,2
3.155717297563072,1.6804822937549186,2
3.1565703324443106,1.684011350841235,2
3.1565703324443106,1.684011350841235,2
3.156409978506449,1.68479058130578,2
3.1555022634365564,1.6853638298044409,2
3.1551815102889336,1.6869223192829228,2
3.1544341038850057,1.686716365866431,2
3.1529392910771534,1.686304459033444,2
3.152191884673229,1.6860985056169557,2
3.149202259057528,1.6852746919509851,2
3.144557127156901,1.6848184160370216,2
3.1457865687201547,1.6826860642479247,2
3.1437052240730274,1.6812886452158775,2
3.1446132786821295,1.6807151825967708,2
3.1435444853240604,1.6820681183502675,2
3.1387385694025696,1.682391344120088,2
3.1387385694025696,1.682391344120088,2
3.1384168202732674,1.683950461685221,2
3.139164271949088,1.6841563865523224,2
3.1385776948379167,1.6831709029026527,2
3.1393251238777893,1.6833768420444528,2
3.1385776948379167,1.6831709029026527,2
3.139164271949088,1.6841563865523224,2
3.1384168202732674,1.683950461685221,2
3.1384168202732674,1.683950461685221,2
3.135530695355829,1.686451093510554,2
3.135369752883342,1.6872306951172114,2
3.1341965986610028,1.685259727817881,2
3.134622188027784,1.6870248416235967,2
3.1334490790773444,1.6850538457748687,2
3.1334490790773444,1.6850538457748687,2
3.1341965986610028,1.685259727817881,2
3.1334490790773444,1.6850538457748687,2
3.1332880686970057,1.6858334902056153,2
3.132218460444836,1.687186939848191,2
3.132805037556004,1.6881724234978588,2
3.130987705996642,1.689320119569695,2
3.1275136458112023,1.6908361242271521,2
3.1247868335780566,1.6925581822239835,2
3.1222208959095603,1.6935006814382447,2
3.1213117547749896,1.6940748292427905,2
3.1205638956521184,1.6938691613202312,2
3.1190681774063727,1.6934578254751127,2
3.1181589230920643,1.694032044653138,2
3.1166631595744256,1.6936207373574135,2
3.1149464992199256,1.6980946632576277,2
3.113552538704507,1.7010088720554446,2
3.1134933313263957,1.7051140325797398,2
3.1137572312344197,1.7076592190571063,2
3.1125245527307115,1.709793612127818,2
3.1120991670874574,1.7080283698498295,2
3.108723356060512,1.7128721317282096,2
3.1100587882762376,1.7140626552137856,2
3.108664171318349,1.7169772779778079,2
3.1098383667942606,1.718947588641095,2
3.10652069925591,1.7196868609059166,2
3.1071078196298103,1.7206720019628694,2
3.1069462659867426,1.721451988986333,2
3.1029815237101133,1.7253117517834866,2
3.1025560022511733,1.7235465951536817,2
3.1034664562706915,1.7229716194167306,2
3.0998842776537323,1.7211660906209918,2
3.099399005553945,1.7235064371082007,2
3.0998842776537323,1.7211660906209918,2
3.109398338724418,1.7287169416066437,2
3.1092368982610843,1.7294968572566276,2
3.107842122851565,1.7324115799435216,2
3.1083716429996144,1.7375008680213089,2
3.105478251943101,1.7400060820242498,2
3.1039214701715707,1.7437010772285468,2
3.1040248803260475,1.7470255798186347,2
3.1000576480952162,1.7508869128324172,2
3.09775038143092,1.7543778959789584,2
3.0980152773206306,1.7569224543696702,2
3.097427138329099,1.755937955674069,2
3.097427138329099,1.755937955674069,2
3.096942273676362,1.7582780452167377,2
3.0990301374763156,1.7596713531361647,2
3.098545476547102,1.7620113142065605,2
3.098222369260963,1.7635712882534946,2
3.0984877178696166,1.7661155611502721,2
3.1017535120767796,1.7694768244080468,2
3.1034150395236857,1.7691054895867424,2
3.105019985362361,1.7728376594249227,2
3.105125002669098,1.7761611485115516,2
3.105230201063417,1.7794845234006118,2
3.1079091691639924,1.78186046003038,2
3.1069976059830573,1.7824361352274636,2
3.105924783426371,1.7837916118769552,2
3.103778866681619,1.7865027364723005,2
3.1010432943368684,1.7882303187767192,2
3.0962167797033473,1.7885665345204487,2
3.0921404104233723,1.7891069764423797,2
3.090315790088976,1.790259268966519,2
3.086504294062763,1.7933442835538642,2
3.084355570460552,1.796057178211587,2
3.0840320557273557,1.797617409203058,2
3.083119292841218,1.7981938409590654,2
3.080218884641045,1.8007034801179511,2
3.080218884641045,1.8007034801179511,2
3.081455456527692,1.7985666317994227,2
3.0811318059788135,1.8001269484390772,2
3.082472172831043,1.8013143600407915,2
3.082795732836132,1.7997541004999285,2
3.0847830386109543,1.7978211072174908,2
3.084355570460552,1.796057178211587,2
3.081675515834508,1.7936819267672544,2
3.0780830152255803,1.7918829072331732,2
3.076419269455844,1.792255640974746,2
3.073415700096607,1.791440620521886,2
3.075182290122143,1.7943927462378184,2
3.0761982594392414,1.7971409455441716,2
3.0744751931116525,1.8016189111835246,2
3.0715734041186877,1.804129421098903,2
3.0710871813091174,1.806470367123369,2
3.0685089296853008,1.8074206317725832,2
3.065768196344564,1.8091514687078245,2
3.0622755520463976,1.8106791928912003,2
3.058782364485495,1.8122072596672893,2
3.056040272987925,1.8139389530843264,2
3.0534603010321035,1.8148903026104843,2
3.051469215054084,1.8168256797672537,2
3.052058417935143,1.8178095075521146,2
3.0502296778583435,1.8189643980710386,2
3.049904488065053,1.8205256853900558,2
3.0504937814898945,1.8215094560761322,2
3.050818926011292,1.8199481973065073,2
3.0503922727549906,1.81818375441153,2
3.050818926011292,1.8199481973065073,2
3.051672504155267,1.8234769118000997,2
3.0514494116315163,1.8283635296416136,2
3.0509618985729468,1.8307052893237845,2
3.0488074254401205,1.8334218097544444,2
3.047730053058025,1.8347801556179562,2
3.046652590132144,1.8361385585802505,2
3.0435823208962383,1.8394334235762635,2
3.0415893334986386,1.8413699998075455,2
3.041101209269492,1.843712144906526,2
3.038192403132875,1.8462270799778508,2
3.036524265989364,1.8466025830105668,2
3.0338393672705948,1.844230386351306,2
3.0305028213522007,1.8449815637130964,2
3.0268397274836722,1.8472948848756996,2
3.0236024493414,1.8513731770970558,2
3.0199378162284596,1.8536874689390288,2
3.018531722845296,1.8566093289742334,2
3.018368448870234,1.857390400874639,2
3.0150292771819522,1.858143234101231,2
3.0137859597830037,1.8602843362793493,2
3.010609586714896,1.8602563973741653,2
3.0086125248467894,1.8621955430508361,2
3.005698218174974,1.864713946873442,2
3.0033732275639515,1.8682161071074255,2
3.0007852651187363,1.8691724956014824,2
3.0018014155234134,1.8719205807102668,2
3.0028178375594585,1.874668494522691,2
3.002917173243425,1.877995566558166,2
3.0018361564738143,1.8793562106478348,2
3.00000116887556,1.8805150409830151,2
2.9969208945509536,1.8838162153949227,2
2.9943313249534853,1.8847736173924403,2
2.993249651741401,1.886134675448309,2
2.9923317278592805,1.886714361835132,2
2.988987440446909,1.8874704211431617,2
2.990462814204733,1.8804370483436799,2
2.9907250390526627,1.8829832911485909,2
2.9872169796743826,1.8845207364003507,2
2.985052637268538,1.8872434805987304,2
2.984560506476722,1.889588152319007,2
2.984068375684906,1.8919328240392872,2
2.9831499990838353,1.8925127959200445,2
2.9823956660800377,1.892311210560715,2
2.982559754949204,1.8915296247712305,2
2.9831499990838353,1.8925127959200445,2
2.981477221571126,1.892891225265565,2
2.982559754949204,1.8915296247712305,2
2.9818054445813544,1.8913280251372022,2
2.98072286593138,1.892689654180927,2
2.979804353514627,1.8932697117098662,2
2.980984887055783,1.895236025458109,2
2.9823296679177353,1.8964206534939887,2
2.9815752217342038,1.8962191395081387,2
2.9815752217342038,1.8962191395081387,2
2.9806566640455543,1.8967992255864754,2
2.979738061085012,1.8973793402142007,2
2.98075477738837,1.9001270684555713,2
2.983871671446998,1.9042603391814055,2
2.9844623683005693,1.905243224836294,2
2.9835437200681376,1.905823368013408,2
2.9858078056050026,1.9064274389059719,2
2.985479990041828,1.9079903820897997,2
2.98817131736962,1.9103585247352193,2
2.98984466078101,1.9099797385222903,2
2.989089897694214,1.9097784243821927,2
2.9892536922960673,1.9089970241637602,2
2.9869894709435236,1.9083930389193817,2
2.9843973887559017,1.9093520254082215,2
2.980558141058303,1.9124545407736022,2
2.977210322438154,1.913212826934302,2
2.9753721205353827,1.9143736842764039,2
2.9750438069813683,1.9159369415035528,2
2.974387179873329,1.9190634559578559,2
2.9740588663193144,1.9206267131850048,2
2.9731395163725125,1.9212072988777216,2
2.9714649053480713,1.9215868844736637,2
2.968279726896462,1.9215644984254592,2
2.967195812725599,1.9229269696762863,2
2.967524488454771,1.9213634840539875,2
2.967097971014155,1.9195989555108337,2
2.9645035346880135,1.9205594265681203,2
2.962926041024705,1.9242674831198094,2
2.962006215723008,1.9248483685811486,2
2.9595755513627786,1.9250274536947032,2
2.95714475118686,1.925206624456436,2
2.9560600673937856,1.9265695810469499,2
2.954384460387665,1.9269497947295449,2
2.95421978298387,1.92773175166114,2
2.9516237621414234,1.9286932219471922,2
2.9497830702844503,1.9298556495059227,2
2.9486015407616186,1.9278899638443274,2
2.9443289169313616,1.9292322758996239,2
2.9449196137849434,1.930215161554509,2
2.9449196137849434,1.930215161554509,2
2.9426526761187226,1.9296128892737219,2
2.938969753160361,1.9319387150705545,2
2.934199882814209,1.9356289249275545,2
2.9278221465921774,1.9355888063822348,2
2.9243020675258826,1.9371338314978939,2
2.9215374985326505,1.938879699688659,2
2.9189381275700015,1.9398432826298055,2
2.9169289781060357,1.941790050994463,2
2.9158414648195574,1.9431547919220513,2
2.9145881649678564,1.9453021892413727,2
2.913334729300473,1.9474496722088723,2
2.911158978377191,1.950179610854338,2
2.9093144836810794,1.951344436562099,2
2.908226336588072,1.9527095771811958,2
2.9063815249886886,1.9538746027347038,2
2.9052931515362133,1.9552398861007667,2
2.9055521394436745,1.957788170187289,2
2.905386262334673,1.9585708836778064,2
2.9043706099208357,1.9558224845257026,2
2.905718016552676,1.9570054566967716,2
2.9052203852256717,1.9593535971683256,2
2.9052203852256717,1.9593535971683256,2
2.9058112631668287,1.96033636862564,2
2.907563009239638,1.955840316945693,2
2.905790850771062,1.9528917028051254,2
2.9067132792066985,1.9523091757536708,2
2.9074698078973853,1.9525093764674342,2
2.9080605047509636,1.9534922621223156,2
2.9084854376752745,1.955257789894235,2
2.908910461143371,1.9570232605673716,2
2.908910461143371,1.9570232605673716,2
2.909335575155257,1.9587886741417169,2
2.9105175121251463,1.9607541028587683,2
2.9118653035680957,1.9619368323599993,2
2.912456407868717,1.962919461070344,2
2.91363875228566,1.964884632842864,2
2.9122907571191874,1.9637020318138951,2
2.9138043577632935,1.9641020906487014,2
2.912456407868717,1.962919461070344,2
2.912456407868717,1.962919461070344,2
2.9147267409270334,1.9635195921466408,2
2.9177082432689723,1.9758738899435233,2
2.9175428188789105,1.9766563179401118,2
2.9174729273336766,1.980768216121204,2
2.917568641266083,1.9840975721081353,2
2.9167417456752673,1.9880095693440936,2
2.916341684428332,1.9936858952774603,2
2.9156802584994743,1.9968154359674415,2
2.9157766062383956,2.000144392262875,2
2.915873135064899,2.0034732343607295,2
2.915542512644258,2.0050379476069295,2
2.915969844978978,2.006801962261015,2
2.9156392678302296,2.0083666469578247,2
2.9147159565926515,2.0089497307224455,2
2.9127038418195923,2.0108983690723576,2
2.910856857169275,2.012064764996744,2
2.908844244405376,2.014013717389986,2
2.908347903327364,2.0163610442038333,2
2.9078515622493484,2.0187083710176736,2
2.9058384062227134,2.020657666003636,2
2.902639193483779,2.0206441302673213,2
2.899771146428229,2.0190655386920895,2
2.9007910770360965,2.021811239926542,2
2.898611432729883,2.0245436338198246,2
2.8952456411675804,2.0253132540896246,2
2.893396800369583,2.026480820539131,2
2.89214064838853,2.028630016470224,2
2.8904573225243766,2.029015097824363,2
2.889200876276007,2.031164479326506,2
2.8858336360130785,2.0319350131768914,2
2.883557055433311,2.0313388219168615,2
2.8832249390401437,2.0329044772930374,2
2.882299952742464,2.0334886173852063,2
2.880615970435848,2.033874112705547,2
2.8798570196988003,2.033675439384318,2
2.8798570196988003,2.033675439384318,2
2.8800231684391733,2.032892554597442,2
2.881541024641365,2.0332899297892837,2
2.880948222644694,2.032308371681186,2
2.879264240338074,2.0326938670015195,2
2.8781729242124428,2.03406100607814,2
2.8772477341912364,2.0346452746425783,2
2.8748044616083632,2.034832310762141,2
2.8746381770523115,2.0356152811971953,2
2.870177379704966,2.0377543673191667,2
2.870437386230062,2.040302009044339,2
2.868586146021652,2.04147108861169,2
2.8684197256499147,2.0422541446949225,2
2.868086884906436,2.0438202568613946,2
2.866994685978863,2.0451879526511796,2
2.864810016492349,2.04792351552711,2
2.861698889371578,2.0512441463504913,2
2.863311621976127,2.054971405693042,2
2.8652577385868874,2.0571322102764036,2
2.864331597855891,2.057717078378097,2
2.8644980408635803,2.056934008020164,2
2.861719414947075,2.058688740797521,2
2.861719414947075,2.058688740797521,2
2.8623126922986444,2.059669999136993,2
2.8621462040190657,2.06045309804432,2
2.863072480565741,2.059868144294448,2
2.862479180578223,2.0588869002296697,2
2.8638322688328373,2.060066289451896,2
2.863072480565741,2.059868144294448,2
2.8636658258251515,2.060849359809829,2
2.8642592163564586,2.0618305467758162,2
2.8657788834344373,2.0622267799919314,2
2.8671322206844643,2.0634060121924946,2
2.8678920768594054,2.0636041145258552,2
2.868651933034343,2.063802216859216,2
2.8694117892092805,2.0640003191925764,2
2.870765284910938,2.0651794514702644,2
2.870171645384218,2.064198421525937,2
2.870931501559152,2.0643965238592976,2
2.870931501559152,2.0643965238592976,2
2.870931501559152,2.0643965238592976,2
2.8722850425327167,2.065575627587595,2
2.8743985754968904,2.066952748001068,2
2.876346208716118,2.0691125961797567,2
2.8782941135667137,2.071272273062082,2
2.8792200505741796,2.0706875334326575,2
2.88529980541157,2.072271781111681,2
2.8885053562157488,2.072281319932941,2
2.891282012804833,2.0705278290541926,2
2.892207474457404,2.0699433891933907,2
2.8915451430906565,2.073073500871235,2
2.893493953379142,2.0752326067656988,2
2.895112141246983,2.0789564259063695,2
2.897656401937983,2.0820954197694377,2
2.8980858846877027,2.0838580783273386,2
2.899110410392872,2.0866008817983825,2
2.8995401421380116,2.0883633833346202,2
2.9005650979261794,2.0911059155864216,2
2.9031112147648486,2.094243738924362,2
2.903541444500828,2.096005926417277,2
2.90423711338925,2.1003123297081885,2
2.905263268882628,2.103054105401071,2
2.9068854859490934,2.106775383645747,2
2.9080772016482115,2.1087346456938647,2
2.9117164454882953,2.110504187979462,2
2.914861883476469,2.114619458312884,2
2.917082629434276,2.1193186831674176,2
2.919530248119031,2.119128906306109,2
2.921813279943777,2.11972102927761,2
2.9237675454955614,2.1218766949701937,2
2.9263188912380613,2.1250112208532173,2
2.9284380379171715,2.126384801141935,2
2.9311543553307793,2.1287371845223113,2
2.933706991322275,2.1318708967476354,2
2.9364241236299833,2.1342227662389277,2
2.941319587358972,2.133843069769341,2
2.9425145626345035,2.135800276261154,2
2.9461574282261545,2.137567534595288,2
2.9492027382722057,2.1383562325076113,2
2.952682465704477,2.1409044770939794,2
2.956162645855695,2.1434524361864185,2
2.9613293888115244,2.1456132726431036,2
2.964048965801549,2.147963600467161,2
2.9672044767862644,2.1520725185605976,2
2.969436336994189,2.156764734539099,2
2.9727564574748584,2.160091738525029,2
2.973466319102233,2.1643891915811615,2
2.9754266058160006,2.1665410602044552,2
2.977224569264486,2.169473401190885,2
2.9765741896779083,2.1725959758289264,2
2.9783728322048084,2.175527888574468,2
2.982183544232882,2.1765111915194844,2
2.980659259421653,2.1761178703414785,2
2.9808217185026145,2.1753373123301465,2
2.9823459580419467,2.1757306620575463,2
2.9820211304238136,2.1772917209814224,2
2.9824585131191377,2.1790493976702088,2
2.9822961219460176,2.1798299128574463,2
2.9824585131191377,2.1790493976702088,2
2.982620904292258,2.1782688824829677,2
2.982620904292258,2.1782688824829677,2
2.9833830919697633,2.178465514522582,2
2.983982933746052,2.1794426332000363,2
2.9851827531143016,2.18139678490677,2
2.9846958512263093,2.183738159172133,2
2.984371249967648,2.185299075349043,2
2.9831219114067267,2.1874439745964516,2
2.9807851953750024,2.190953529123277,2
2.978010236481964,2.192705949399784,2
2.976922700559534,2.1940707046020655,2
2.975234870141872,2.194458626620829,2
2.97490986143616,2.1960197997422775,2
2.973221849930919,2.196407835958606,2
2.9747473570833023,2.1968003863029963,2
2.973221849930919,2.196407835958606,2
2.973984603507109,2.196604111130803,2
2.974309657484717,2.1950429094599606,2
2.973709498805171,2.1940659906282605,2
2.975234870141872,2.194458626620829,2
2.9731093853975246,2.193089043247163,2
2.9731093853975246,2.193089043247163,2
2.9731093853975246,2.193089043247163,2
2.9753973744947295,2.193678040060103,2
2.9772476187214565,2.1925095885794086,2
2.979210689656739,2.194659701415013,2
2.9817744398983557,2.1977864047643045,2
2.983299901778846,2.1981789836580816,2
2.983024004818752,2.1956413627699227,2
2.9817744398983557,2.1977864047643045,2
2.9814498386396906,2.199347320941211,2
2.9834621571362803,2.1973985541190224,2
2.981612139269025,2.1985668628527577,2
2.9843870981620633,2.196814442576251,2
2.9849875737448706,2.1977911615622006,2
2.9880384069620582,2.1985763764485533,2
2.9912512691772157,2.1985813045428166,2
2.992776640513906,2.198973940535385,2
2.9968672107928533,2.20249236629666,2
2.998554520583724,2.20210477259592,2
3.000519243943156,2.2042538433786767,2
3.0026459057567685,2.2056226844681213,2
3.0049343023010238,2.2062114243365265,2
3.0061367927110574,2.208163891629063,2
3.0064150438096746,2.210700027948782,2
3.0088209300676247,2.2146043915459828,2
3.0104644475604942,2.2183122373011557,2
3.011990633791296,2.218704359404647,2
3.015806099368298,2.219684664663376,2
3.018213977589614,2.2235877720872885,2
3.022471104055981,2.2263230561171454,2
3.027331218695302,2.230033474641637,2
3.030986986776913,2.231792596398712,2
3.034642981217999,2.2335515754088178,2
3.038902099647725,2.236285603265376,2
3.0425586826234365,2.2380442111333743,2
3.046818706491056,2.240777668002071,2
3.0518427741838607,2.243706586385251,2
3.0561039298488453,2.24643932951912,2
3.0602058407373782,2.2499506036573926,2
3.063864234588877,2.251708069549661,2
3.06659961147011,2.2540484336355,2
3.0693353505264973,2.256388569326184,2
3.072835223951863,2.258924109432577,2
3.0784678029887687,2.2628246792844138,2
3.0820004902776965,2.2612717031627554,2
3.0841327658062347,2.2626370041274413,2
3.083528034665335,2.2616629687844494,2
3.084291806859156,2.2618586015952964,2
3.084896560636004,2.2628326226635913,2
3.084737542219031,2.2636110109210357,2
3.083050843598734,2.2639982192049644,2
3.0839737247533137,2.2634154066595826,2
3.084896560636004,2.2628326226635913,2
3.084896560636004,2.2628326226635913,2
3.089955977418473,2.2616714260527004,2
3.0916422685917198,2.2612844747133103,2
3.092564787571142,2.2607018905630696,2
3.0932000463449327,2.257588851422362,2
3.091990584063133,2.2556407807363783,2
3.0898278714454968,2.258362497156604,2
3.0885874514478076,2.2605017721735585,2
3.0898278714454968,2.258362497156604,2
3.0892231629405416,2.257388447538915,2
3.087377989166008,2.2585537014875783,2
3.0884595491983546,2.2571927148051927,2
3.087854908601244,2.2562186223634164,2
3.0870913174950054,2.2560228753549936,2
3.090463492394438,2.255249229620752,2
3.092149444028472,2.254862492401813,2
3.0933894792150625,2.2527234600546997,2
3.0952035368220727,2.25564565173185,2
3.094122429508676,2.2570063529203033,2
3.0961258068060786,2.2550632246032727,2
3.094440013623675,2.2554498618993364,2
3.0923083039938177,2.25408420406724,2
3.093676490425274,2.2552540720668297,2
3.0927848838898413,2.2517493390635295,2
3.0888402710862835,2.2474607615447475,2
3.084896744808198,2.2431714988405282,2
3.0864232479422604,2.243563421098269,2
3.085247572869765,2.2375262203722777,2
3.086773759100563,2.2379183424757727,2
3.0835621871344117,2.237912600723803,2
3.0858841898003924,2.2344123247497762,2
3.0872837187588402,2.2314946043765893,2
3.0886830666297094,2.2285769982009818,2
3.0900822334130034,2.2256595062229394,2
3.0933245367355724,2.221578045018937,2
3.0913549240115223,2.21943205757065,2
3.0929127923085247,2.2157363771809173,2
3.09126200867658,2.212033113603354,2
3.091898535063418,2.208919275079637,2
3.0885649914660007,2.205600735988803,2
3.085994246716666,2.2024784435207607,2
3.081421528098666,2.201298394338558,2
3.0800568049671426,2.2001263423103907,2
3.0791708574185357,2.196618040632938,2
3.0772040968238485,2.194470254572881,2
3.076318873625553,2.190961496105132,2
3.0760360953374857,2.188428214724741,2
3.0745495137544374,2.1839432939842105,2
3.074906340342036,2.178294232721356,2
3.0743422777384097,2.173226727830592,2
3.06997246037918,2.1671727938362544,2
3.0703313015660854,2.161522462125401,2
3.067607106842818,2.1591750463394455,2
3.0673264336978434,2.156640437412264,2
3.0672060465828928,2.1533266408446288,2
3.0696488211749298,2.1531399187683924,2
3.070409695967495,2.1533373787404066,2
3.07117057076006,2.1535348387124174,2
3.0722123450570713,2.1562667648646467,2
3.071451402356665,2.1560693477167234,2
3.0720523532943638,2.157045766934047,2
3.070850496690859,2.155092899950006,2
3.0673264336978434,2.156640437412264,2
3.065964630603524,2.155466543948233,2
3.0673661967972308,2.1525475388523567,2
3.069528366152138,2.1498261650248445,2
3.0695682197953076,2.145733209366149,2
3.0715698088528782,2.1437912087501516,2
3.070569201083984,2.1369654990068234,2
3.0704901163128326,2.129557833199904,2
3.069129920370777,2.128382926232412,2
3.068529988050706,2.127405864653742,2
3.067971493890113,2.1223348481876094,2
3.0686127285539904,2.119218040526995,2
3.066374937727879,2.1145295645190068,2
3.064897772698899,2.1100387055046887,2
3.0626616795688335,2.1053491588944517,2
3.058907503877087,2.100262379839343,2
3.0543953055221422,2.094976342200443,2
3.052599922571652,2.092042373898593,2
3.050920331638803,2.0924250999277874,2
3.0514032269641262,2.090086252283726,2
3.0509659348125915,2.0883285184961515,2
3.0483661564028957,2.0892923583818366,2
3.0503677228245145,2.087350372040536,2
3.0488493233595833,2.0869533394414113,2
3.0468939712823264,2.0847983589342682,2
3.0446165079006136,2.084202724387403,2
3.0413046495407023,2.0808705101372134,2
3.038591093712668,2.0785163852438586,2
3.037395892077658,2.076559321499012,2
3.0355549285893204,2.077721920354101,2
3.0360393857950108,2.0753820877559725,2
3.0359264459067177,2.0720635948131587,2
3.0358136871060033,2.0687449876727655,2
3.0358626630359353,2.064646279311333,2
3.0334745233606633,2.0607307243519877,2
3.030763638574399,2.058374915044432,2
3.0291352192583787,2.054657548066622,2
3.0290240676099245,2.0513379274227788,2
3.0258800104145394,2.047221786332859,2
3.023495039771891,2.0433042329159896,2
3.020514845086197,2.038406648783557,2
3.0196474590143723,2.034886641854886,2
3.0169401054358893,2.032528605694658,2
3.014395482569732,2.029389840226745,2
3.013637618358157,2.0291904817200788,2
3.0107686432287686,2.0276124754074054,2
3.0075747046655543,2.02759561366679,2
3.0042179222102803,2.0283595526073412,2
3.002539395166952,2.028741607725795,2
2.999182069448942,2.0295058892590667,2
3.0010235309281192,2.0283429763606478,2
3.0023766870905675,2.029522322758787,2
2.9984240920576326,2.0293066021258888,2
3.000698024231564,2.0299044635254226,2
3.0016187323352064,2.029323021350912,2
2.9997772708560326,2.0304859342493273,2
2.9986936735884306,2.031848205654402,2
2.9984240920576326,2.0293066021258888,2
2.996638827375577,2.0263662530346522,2
2.995937680587911,2.0220633042203247,2
2.993232545332262,2.0197038691398284,2
2.9888491999365527,2.017726289332039,2
2.9869024721552186,2.0155658701654815,2
2.984956016005249,2.013405279702571,2
2.9820888517516373,2.0118261314141677,2
2.980737053746026,2.0106459285342346,2
2.9797123016813742,2.007903267810164,2
2.9786878212481014,2.0051604357897297,2
2.97825745569644,2.0033983339449932,2
2.9764760617613746,2.000455543880644,2
2.9752886921641313,1.9984935410907756,2
2.9739377995964063,1.9973127672229793,2
2.971502200599666,1.9974949642203956,2
2.9713384286337643,1.9982763501641259,2
2.970744902286775,1.9972952488463154,2
2.9683091448384005,1.9974775457666034,2
2.9669584107223095,1.9962966719759319,2
2.964686515783626,1.9956975258537,2
2.959814502896041,1.9960624337376078,2
2.957214113315761,1.9970266590401025,2
2.9530985838469626,1.997591796187157,2
2.9500688473326555,1.9967932772835706,2
2.946281676689768,1.995795128654084,2
2.9440093743040414,1.9951962394763925,2
2.9417370719183076,1.9945973502986991,2
2.940222203661154,1.9941980908469041,2
2.9389706694133437,1.9963443747398912,2
2.9363686274089176,1.997309642095237,2
2.9352814989335343,1.998674140352982,2
2.931921366358061,1.9994401919486346,2
2.929483503766587,1.9996238164157063,2
2.9254626243406676,2.0035189804604414,2
2.9219360487575017,2.005068102414022,2
2.9191668620310267,2.0068168826428945,2
2.9188364659698536,2.0083814531421353,2
2.9186712679392706,2.009163738391752,2
2.9185060699086876,2.009946023641369,2
2.920449877652821,2.012108284243787,2
2.919691809717719,2.011909054209397,2
2.918768566387982,2.0124920951499234,2
2.9150465790132927,2.007385017476242,2
2.9150465790132927,2.007385017476242,2
2.9126072677211994,2.0075695555238973,2
2.908817267584901,2.0065731912314853,2
2.904696056493332,2.007141911327391,2
2.900740111340184,2.0069283033495893,2
2.8966181079904665,2.007497523059879,2
2.8922353964012792,2.0055195435605775,2
2.8892030341170845,2.004722680521798,2
2.8855787526381604,2.002943702661746,2
2.8819546975187116,2.0011645820547272,2
2.8804386069204035,2.0007660934365497,2
2.8795880167214634,1.9972354946830038,2
2.8776470384707444,1.9950714497435111,2
2.874190603428236,1.992508516494338,2
2.8707346211046776,1.989945297751234,2
2.867279091500059,1.9873817935141957,2
2.865506321860906,1.9844335647904394,2
2.8629763218167135,1.9812855778685154,2
2.862385647599087,1.980302677938937,2
2.859522240912721,1.9787211600508918,2
2.8560686127276824,1.9761564567393446,2
2.852448156723849,1.9743750664555684,2
2.8473129230066547,1.9721943596212093,2
2.844617973927285,1.969828500927239,2
2.8425132010747163,1.9684458562061806,2
2.8408306901046636,1.9688304236712408,2
2.8420910071000236,1.966678601195973,2
2.842426247253915,1.96511097591166,2
2.8389749958433406,1.9625447737569672,2
2.835692043588125,1.9591943307192174,2
2.8304767321494104,1.9611319456794227,2
2.828036719142947,1.961316926242672,2
2.8266901274052074,1.9601334401825206,2
2.825764688388581,1.960717865768622,2
2.8253436262112572,1.9589498970235866,2
2.8264371606597223,1.9575813590266993,2
2.8249226545777226,1.957181871179758,2
2.8249226545777226,1.957181871179758,2
2.8243335875123528,1.9561979577467188,2
2.822819126702253,1.9557984413503853,2
2.8245017734879845,1.9554137882371503,2
2.8237445657188793,1.9552140157642874,2
2.8219777719698094,1.9522620185206243,2
2.8215572304192804,1.9504937214575584,2
2.8192859466511777,1.9498941899185205,2
2.8170146628830715,1.9492946583794826,2
2.8181920726635035,1.951262942035859,2
2.8191175795879673,1.9506784736256684,2
2.817771757472446,1.9494945022258303,2
2.8171830978541195,1.948510331848249,2
2.814154810040442,1.947710899364079,2
2.8091926742994353,1.944742925410992,2
2.8074278498777865,1.9417896862687218,2
2.8068396656143584,1.9408052161225129,2
2.804568857201147,1.9402053848148508,2
2.8024669591138753,1.9388209272073187,2
2.7996083059764523,1.9372364116329948,2
2.796162079746175,1.9346670404956505,2
2.79254707900564,1.9328822100099963,2
2.788932304624577,1.9310972367773687,2
2.787418703980471,1.930697177942566,2
2.784560978916886,1.92911207710568,2
2.782460189991035,1.9277269200380172,2
2.779015729364648,1.9251564354743387,2
2.776915325249899,1.9237710357368343,2
2.7740583924444664,1.92218543528557,2
2.771201640726609,1.9205997206367318,2
2.7677584703492144,1.9180284224153468,2
2.7646560180249615,1.9138860444330756,2
2.762556700435681,1.9124999595101322,2
2.760798055627646,1.909542823375693,2
2.7592852246057475,1.9091422792012054,2
2.7597961658697656,1.906785745208051,2
2.7603071071337837,1.9044292112148966,2
2.7616493980415378,1.9056154094674014,2
2.7640885056101077,1.9054309998920154,2
2.7618196665243175,1.9048299266857427,2
2.7608180483978053,1.9020726772217387,2
2.758890176360566,1.8999003672329149,2
2.7584748184419645,1.8981288012643347,2
2.756717871329972,1.8951705945276487,2
2.7560583520493793,1.890841394546264,2
2.755472952007473,1.8898551686123763,2
2.7563993870057786,1.8892701149396238,2
2.755058159987552,1.8880832457763788,2
2.754643458511417,1.8863112658415915,2
2.7543994556010603,1.8837535319059153,2
2.753570550639637,1.8802092579930179,2
2.752571309287589,1.8774505096858771,2
2.751401595729245,1.8754773726326537,2
2.750744430587172,1.8711466880828276,2
2.752182938646861,1.8682043866820877,2
2.7506002213084244,1.8644581990918407,2
2.7496023381132204,1.8616985943029007,2
2.748020548848622,1.85795182145009,2
2.7471943149289793,1.8544058631229952,2
2.746781333784842,1.8526327983112711,2
2.746710519394462,1.849287740158072,2
2.7473946718144084,1.8461438676727013,2
2.747736748024387,1.8445719314300142,2
2.7473241290554036,1.842798638223142,2
2.7459858447103223,1.8416099133493358,2
2.745573429464862,1.8398364916701944,2
2.7438231373213817,1.8368740881727117,2
2.742656502251865,1.8348990097607558,2
2.7392266418114843,1.8323193180177668,2
2.735214301366387,1.8287515589050276,2
2.732539860455276,1.8263727673359398,2
2.7300374536308247,1.8232073795588537,2
2.7273638276138144,1.8208280741006888,2
2.72637076587538,1.8180654288013667,2
2.7250342697701306,1.8168755762265292,2
2.7243854572926125,1.8125396243136507,2
2.7229831719772903,1.8080015446029662,2
2.721753599827064,1.802676440443399,2
2.721860093699071,1.798541460077896,2
2.7210411485544554,1.794990905298496,2
2.721729556532491,1.7918443491701623,2
2.7218366842110235,1.7877089691131562,2
2.7206096925587815,1.7823822376381724,2
2.719964388653093,1.7780440731473224,2
2.7187388230655287,1.77271644236645,2
2.718094583049364,1.7683776069648545,2
2.7174507957521428,1.7640384860693281,2
2.7166980246287054,1.7638359157559336,2
2.7155374107211685,1.7618570402746787,2
2.7125265073150118,1.7610466448235176,2
2.7117114555533277,1.757493634796301,2
2.7095643669680207,1.7527479600790183,2
2.706492971163456,1.7485859972130076,2
2.7064430083990736,1.7560750430652607,2
2.7052833452013267,1.7540955680467523,2
2.7042967120719226,1.751328868733598,2
2.70331035057389,1.7485619981240834,2
2.70307664701955,1.7459977692014519,2
2.702324260707222,1.7457949562182087,2
2.7008194880825585,1.7453893302517312,2
2.701398912234385,1.746379324705524,2
2.70157187439489,1.7455921432349726,2
2.7004131166350334,1.7436120972285991,2
2.7001798657996403,1.7410475828120333,2
2.6991945455551836,1.7382800555664772,2
2.6979767893694344,1.7329475000152765,2
2.696240214610011,1.7299764460516496,2
2.6943307682338684,1.7277925164597896,2
2.691843052139216,1.7246178644046068,2
2.6903392754962354,1.7242116103514782,2
2.689587387174747,1.7240084833249103,2
2.68808361053177,1.7236022292717816,2
2.6876787330567637,1.7218240541186702,2
2.6873317222102813,1.7233991022452155,2
2.688257093319063,1.7228147194832069,2
2.6875052276335225,1.7226115781819438,2
2.685192148759473,1.7186486883286598,2
2.6804509860231818,1.7148632562735209,2
2.6788911536274647,1.7111026369650073,2
2.6780833906408112,1.7075450304854805,2
2.6782013156662074,1.7034028413981979,2
2.676816867477349,1.6988535132265934,2
2.6756071244169455,1.693515904432795,2
2.674050008334902,1.6897535721606882,2
2.6726675973813023,1.6852029592663875,2
2.6738867304413,1.6796873930600675,2
2.6723312441474576,1.6759240330098066,2
2.671178371733898,1.6739402755823143,2
2.6694494026527593,1.6709644253206264,2
2.668471371183333,1.6681923016227689,2
2.667842478339434,1.6638437879768766,2
2.6670395594454988,1.6602831267122795,2
2.665085669557584,1.6547375089456793,2
2.664807590399306,1.6488115490242166,2
2.664930744328526,1.6446660624820133,2
2.6656292932109515,1.6415131112896013,2
2.6669029654152183,1.639352866743339,2
2.6668517537551963,1.6359954467028768,2
2.6653015642730224,1.6322287463736114,2
2.6634023719810074,1.6300383503441918,2
2.662427758539618,1.6272640711671382,2
2.661628280309678,1.6237012401486624,2
2.659505548003658,1.6189402058578288,2
2.65830789253911,1.6135949743760492,2
2.658035110192504,1.6076656741755784,2
2.6589104467105287,1.6037231290888876,2
2.659960850532155,1.5989920749848565,2
2.659562311122393,1.597209902916699,2
2.658240098299892,1.5960110430083052,2
2.6574435174712043,1.5924463848286567,2
2.6581442394045673,1.5892920632653702,2
2.654752475263482,1.5866883472080033,2
2.6532086464825007,1.5829176356889914,2
2.6492451317757215,1.5793190860556798,2
2.6456336983676216,1.5741422907637794,2
2.642595916944785,1.5699591299733093,2
2.639734900521603,1.5649863895632592,2
2.6398663618434774,1.5608356642074028,2
2.6396462398575196,1.558262870466809,2
2.6394262536872404,1.5556899910780295,2
2.638458770569251,1.5529112153715516,2
2.6384151193156242,1.5495490275824295,2
2.637800238123102,1.5451916778993429,2
2.636262385232204,1.5414171978604223,2
2.6354723235563355,1.5378484285681555,2
2.6346826240556283,1.5342794308807477,2
2.6340695311029343,1.529920953496628,2
2.6343800889270383,1.52497917822744,2
2.633767833504397,1.5206201726795445,2
2.6325857289356414,1.5152651344811936,2
2.6327210836404475,1.5111119538775206,2
2.6350959638793157,1.5075783322122227,2
2.63619506677081,1.5062062826399778,2
2.635055051575314,1.5042144171848104,2
2.635407811952412,1.50263574328533,2
2.635584192140957,1.5018464063355896,2
2.6347973447696056,1.4982756100364032,2
2.634580504996002,1.4957007464648022,2
2.634540271770419,1.492336403196493,2
2.634500219632418,1.488971945730606,2
2.630377867596245,1.4861516701571684,2
2.628277907053203,1.4813762755215585,2
2.6258252314049635,1.4781795262360333,2
2.6248643806195275,1.4753965680434487,2
2.6237269006501265,1.4734031038222675,2
2.6227665478555338,1.4706198315863546,2
2.621806466692309,1.4678363880540815,2
2.623828224378915,1.4658816686834175,2
2.6236137387438347,1.4633053205433662,2
2.6226541329355015,1.460521577242469,2
2.6218718580255,1.456947897454567,2
2.6205219975641185,1.452376757546551,2
2.6184278770954776,1.447597680039216,2
2.616866586851895,1.4404482649071095,2
2.615909131458551,1.437663165510033,2
2.61551919370876,1.4358755690571652,2
2.614562168398418,1.4330901984408513,2
2.612293908700014,1.4290990446882947,2
2.610770769174863,1.425315286096584,2
2.6105591809410313,1.4227371107953672,2
2.6103477285228855,1.420158849845972,2
2.6090368789459255,1.418952824039886,2
2.608081551331633,1.4161663828213271,2
2.6063823937930835,1.4131717327842175,2
2.605072019571015,1.4119654072094967,2
2.6033734732030496,1.408970371755574,2
2.600753403837331,1.4065572923652443,2
2.5996215375828626,1.4045602880193027,2
2.5986679303005644,1.4017727619238016,2
2.597536471493143,1.3997755006333232,2
2.59697080999727,1.3987768271639922,2
2.596761530630065,1.396197195843726,2
2.5963741960142137,1.3944079578007464,2
2.596730578142875,1.3928269999498095,2
2.5957780347501043,1.3900388029435682,2
2.5939039683595766,1.3878325620009182,2
2.5931303403814496,1.3842534292789193,2
2.592922034359976,1.3816731841466954,2
2.5910488507714042,1.379466386490872,2
2.5921489949164744,1.3780936802825856,2
2.594913835541078,1.3763476407954585,2
2.5969351405087338,1.37439320691872,2
2.5985696767592295,1.3706491781315915,2
2.5987181829494155,1.3664877039291916,2
2.600352492840436,1.3627438178890312,2
2.599401896139124,1.3599543932588816,2
2.60085783387823,1.357001100341762,2
2.5989866875249135,1.3547930179632495,2
2.5972942528627136,1.3517941283412416,2
2.595959241582751,1.3472136242322534,2
2.594089181754903,1.3450048566683037,2
2.592247222284879,1.3461680836100456,2
2.5902264153080594,1.3481222034434577,2
2.5905837481465106,1.34654064605526,2
2.589813741919947,1.342959229381803,2
2.5883018524605994,1.3391683762658833,2
2.5875326611281366,1.3355864457033455,2
2.5853061965356794,1.3349586502650332,2
2.5858428748717692,1.332585885941839,2
2.585637534159396,1.3300037708243622,2
2.5854323292627015,1.327421570058707,2
2.5855851815547695,1.3232573551145563,2
2.584638523508289,1.3204654466872014,2
2.583513085862851,1.3184643883274294,2
2.583129508814249,1.3166727806848115,2
2.582183507210239,1.3138804582912549,2
2.580879448417466,1.3126701500761868,2
2.5793962704865265,1.3122509060491456,2
2.5792170608045666,1.3130420273359604,2
2.579958672405983,1.3132516350747867,2
2.580700284007399,1.3134612428136094,2
2.576226294244261,1.3088292180006462,2
2.5713946094675073,1.305778978971027,2
2.570450237651709,1.3029856287993127,2
2.5689443919902857,1.2991909643394024,2
2.5685395959118296,1.2940230226833247,2
2.5668551743749752,1.2910190798187227,2
2.5651711602851677,1.2880148800095803,2
2.5638688897322304,1.2868034440934792,2
2.5633077101539286,1.2858019442342226,2
2.56328617422081,1.2824258100665205,2
2.5625240000320098,1.278839454348038,2
2.5625029168178415,1.2754630346863998,2
2.5615613971313955,1.2726678859029175,2
2.5613607420601134,1.2700828159232422,2
2.560599744940575,1.2664957179205327,2
2.559098698099973,1.2626980272249373,2
2.55963904345953,1.2603229504008961,2
2.5594391127385556,1.25773742363093,2
2.5590591574415207,1.2559435320368628,2
2.56107996441834,1.2539894122034454,2
2.5614401946580436,1.252406027654084,2
2.5619805400176006,1.2500309508300411,2
2.562701000497004,1.2468641817313202,2
2.564901198243362,1.2441188264135175,2
2.5656214776351938,1.2409521715123688,2
2.564862381935221,1.2373638744351467,2
2.564663107656724,1.2347779336989806,2
2.5637244174636926,1.2319810005784184,2
2.563705688388037,1.2286030963483334,2
2.5633266838007884,1.2268086052170055,2
2.563867368699551,1.224433314272515,2
2.5645882818979047,1.221266259679858,2
2.5669677119621745,1.21772976880054,2
2.568048810128335,1.2129793582079156,2
2.568949725266801,1.2090206827140655,2
2.5713282046212775,1.2054847913720064,2
2.5714902244720044,1.2013147951757386,2
2.5729494444234717,1.1983594324276101,2
2.573111667997722,1.1941893077590695,2
2.5749488286469138,1.1930291070530075,2
2.577145947904441,1.1902856930939478,2
2.5802609457721957,1.1869626212974502,2
2.581880963233232,1.179838033186666,2
2.5824209690535795,1.1774631704830725,2
2.582763171931994,1.1725014391880322,2
2.5820078337992776,1.1689107725111754,2
2.5806953679228215,1.16431605080437,2
2.5810387252345492,1.1593535914998014,2
2.581399046018042,1.1577701498516557,2
2.581021988122263,1.1559744310964142,2
2.581922903260729,1.1520157556025623,2
2.583200649935506,1.149852941610913,2
2.5852153904784494,1.1479026473961884,2
2.5861159660777098,1.1439441860227841,2
2.5870165416769666,1.1399857246493763,2
2.588097232396077,1.1352355710012922,2
2.590291046805298,1.132494241147933,2
2.5902747397760066,1.1291148095253138,2
2.590618844074001,1.1241518791557557,2
2.5918955721311434,1.1219897075254561,2
2.592976127034568,1.1172396395255504,2
2.593696496970189,1.114072927525612,2
2.5945969593897082,1.1101145375256891,2
2.595137236841424,1.1077395035257336,2
2.5969692817665297,1.1065825289011073,2
2.594025561851936,1.105729766150425,2
2.595481952309992,1.1027761877393676,2
2.596938161680466,1.0998227235258913,2
2.598394189963358,1.096869373509982,2
2.5992945392031466,1.092911054883544,2
2.6003749582908853,1.0881610725318147,2
2.602010603702798,1.0844163442845502,2
2.603826047331296,1.0798801236083637,2
2.60490619478767,1.075130312552993,2
2.6037816760688273,1.0697389595264806,2
2.606331736791031,1.0654167574703628,2
2.6068718784270644,1.0630418091185874,2
2.6057626933917746,1.0610305015266555,2
2.607231972851082,1.061458510217408,2
2.6079666125807286,1.061672514562785,2
2.6064973331214283,1.0612445058720308,2
2.6066774029693818,1.0604528421467432,2
2.6070375426652994,1.0588695146961644,2
2.606663155811294,1.0570721115267325,2
2.605374240467267,1.05585225353963,2
2.6027966814105667,1.053412366269077,2
2.6018685848408722,1.0506087525905077,2
2.601314490314074,1.0496027847512153,2
2.601494786521503,1.0488109782789579,2
2.6002064370761566,1.0475907634244432,2
2.6007604410591654,1.0485967883625236,2
2.600026095596828,1.0483825984460893,2
2.6007604410591654,1.0485967883625236,2
2.6007604410591654,1.0485967883625236,2
2.5991113860192208,1.048960257826005,2
2.5972691457705963,1.046733946659927,2
2.59671527760327,1.0457278360736648,2
2.5963419320028436,1.0439297762681896,2
2.5955955124333627,1.0403334853608666,2
2.593754200258573,1.03810658893223,2
2.5928278692927655,1.0353018618273264,2
2.591721128939792,1.0332890125681562,2
2.594103759819859,1.0331402183607956,2
2.5968357012657997,1.0280252106036603,2
2.5968242383292335,1.0246427241959672,2
2.5985430358671913,1.0211118412743598,2
2.5974943209184147,1.0192479695857646,2
2.5972850872731392,1.0199653369398547,2
2.5974943209184147,1.0192479695857646,2
2.5970758536278638,1.0206827042939484,2
2.598646247056344,1.0180277516435865,2
2.600531433633215,1.0170219728811247,2
2.602940647003752,1.016948000652464,2
2.605243242692868,1.0145070733882378,2
2.6068122141942425,1.0118515647027575,2
2.6078568943573757,1.0082641460350814,2
2.6091105105531334,1.003959243633867,2
2.611411452838645,1.0015176698171775,2
2.6133970728866025,0.9974267152158038,2
2.614650093857069,0.9931215800557034,2
2.6161119516559417,0.9880989223689198,2
2.6164243303542243,0.9842974395219581,2
2.6189319600434473,0.9811375026603812,2
2.618721899215533,0.9764048339699851,2
2.620915198709376,0.9715959042552029,2
2.623421472607639,0.9684354372206023,2
2.625404943230908,0.964343642101019,2
2.6264486313518773,0.9607558355018639,2
2.628014130705676,0.9580989690562056,2
2.627805657145224,0.9533669210561779,2
2.628328129258662,0.9488484070624086,2
2.6286421613605526,0.9450475707679153,2
2.6296863455026056,0.941459958134498,2
2.6307305296446586,0.9378723455010807,2
2.63083635321151,0.9347892774232065,2
2.630213049848436,0.9314933865467871,2
2.630319534776735,0.9284105770899007,2
2.629799277743299,0.9274802446957171,2
2.6305285038774358,0.9276931062874123,2
2.6300082799120688,0.9267627868242805,2
2.6304262842496087,0.9253278710814055,2
2.6305332982670606,0.9222452685213085,2
2.630019389822639,0.915867706120336,2
2.6317936268006363,0.9124932783548498,2
2.6315915023100374,0.9077637131162888,2
2.632219004837431,0.9056115334677202,2
2.6345119446494714,0.9031668303370957,2
2.635867284451976,0.9012269691761503,2
2.636494489366722,0.8990746731481352,2
2.636602958379349,0.8959926395542066,2
2.63962237967554,0.8937597247381817,2
2.6419134676755327,0.8913142974688011,2
2.6449314339765557,0.8890808136866113,2
2.648675881761715,0.8870591182190228,2
2.6500291713437463,0.8851184553330178,2
2.650655185807892,0.882965693787229,2
2.6527351552825067,0.8812368968021254,2
2.657102376860742,0.877061172545913,2
2.660324484323919,0.8741083300280437,2
2.6633373250737478,0.8718728419332074,2
2.6657248457889473,0.8717903869361994,2
2.666141196722883,0.8703548246408594,2
2.6638607230932045,0.8673546900088205,2
2.664384517929527,0.8628366932570213,2
2.6644919618319207,0.8597542588005673,2
2.66605124438815,0.8570949613176353,2
2.6699954352818764,0.854352187284805,2
2.6719701097979573,0.8502569525061094,2
2.6749786847664687,0.848019796305918,2
2.6772613073399967,0.8455710586879057,2
2.6790263513939294,0.8421930360907091,2
2.681515892847681,0.8390260259451594,2
2.6836958659084402,0.8342118850175027,2
2.6840108239163563,0.8304114107923937,2
2.685258289450694,0.8261041032160072,2
2.685674111295473,0.8246683340238796,2
2.687437667286158,0.8212897295294628,2
2.6889930478098734,0.818628906182715,2
2.6917878918753004,0.8171073587139048,2
2.694273828909189,0.8139389390839806,2
2.697583341503858,0.8133455386620199,2
2.6982059830246428,0.8111914581491977,2
2.6978977042864685,0.8095448316780178,2
2.6971743312011043,0.8093342588820516,2
2.699036171719026,0.808319350798774,2
2.7011052287298227,0.8065862865673967,2
2.7058590404578844,0.8064130748397265,2
2.7089587572500555,0.8065368219440199,2
2.7089587572500555,0.8065368219440199,2
2.7089587572500555,0.8065368219440199,2
2.7089587572500555,0.8065368219440199,2
2.7082356487092696,0.8063263525964448,2
2.7096818657908415,0.8067472912915932,2
2.7094747485021884,0.8074654862328376,2
2.7135043604430784,0.8070813784329651,2
2.7125742999539924,0.8075891686818863,2
2.7142274359157916,0.8072918348494866,2
2.714020517035568,0.8080101073770329,2
2.7132974084947783,0.8077996380294614,2
2.714020517035568,0.8080101073770329,2
2.713813598155344,0.8087283799045739,2
2.7143298539520515,0.8096571476417918,2
2.715053028628983,0.8098676428514633,2
2.713916082327742,0.811093718558979,2
2.713916082327742,0.811093718558979,2
2.717222552659777,0.8104991284804814,2
2.7170157991199133,0.8112174656632707,2
2.7189787680192765,0.8125673660613728,2
2.7185654593479853,0.8140041180132478,2
2.718668902494475,0.8163698316680765,2
2.7178424174241798,0.8192433872960265,2
2.7188763840127734,0.8211014917366324,2
2.7208407417711697,0.8224519352388029,2
2.72208162723998,0.8235917671518589,2
2.7238400581603166,0.8256608711130529,2
2.7246688584765053,0.8282379334268128,2
2.7276698613373362,0.8314475287845795,2
2.7283937965799296,0.831658321408387,2
2.730671856240331,0.8346575120738287,2
2.7324323704492137,0.8367274306911323,2
2.734604672198074,0.837360002528289,2
2.737295511440621,0.8389222343450626,2
2.739986615227739,0.8404845696102381,2
2.740818854623434,0.8430629767531226,2
2.7425811214401428,0.8451335807160376,2
2.7445489513461148,0.8464853819783862,2
2.746516979660523,0.8478372608270348,2
2.7497291671828883,0.850330251762621,2
2.7529420160666938,0.8528235013191932,2
2.753052436576418,0.855191943425428,2
2.754297058737386,0.8563332365470586,2
2.756061970999866,0.8584048749939175,2
2.7568980132238607,0.860984769207473,2
2.758979967263638,0.8647064608535828,2
2.7618798086749585,0.8655512347989252,2
2.764779650086272,0.8663960087442639,2
2.7688122712217336,0.8660130776698782,2
2.771915625501837,0.8661382471895909,2
2.7754260055195275,0.8648242078580672,2
2.7780073832264414,0.8640183725690349,2
2.778210929163304,0.8632987810744659,2
2.7831689481896795,0.8624062364732055,2
2.834549093675502,0.7854467580278133,2
2.836825863681092,0.7884454443823294,2
2.837027822350489,0.7877252321973902,2
2.836105102973427,0.7882358931392588,2
2.837027822350489,0.7877252321973902,2
2.837027822350489,0.7877252321973902,2
2.8377485499900814,0.7879347705094126,2
2.837027822350489,0.7877252321973902,2
2.8377485499900814,0.7879347705094126,2
2.8395937241996307,0.7869133451772896,2
2.8395937241996307,0.7869133451772896,2
2.8386711701629324,0.7874240707743994,2
2.837950475591409,0.7872145453934252,2
2.836623905011688,0.7891656565672687,2
2.8357011194984807,0.789676291647039,2
2.8364219463422913,0.7898858687522079,2
2.83581607033409,0.7920465053070274,2
2.8395363458393383,0.7954650700106534,2
2.843025330814342,0.7941426642902218,2
2.8457075392900464,0.7957015211031262,2
2.846142309621019,0.7997228741705094,2
2.8467791047575304,0.8030240409150498,2
2.846980468201629,0.8023035959712228,2
2.848422915522974,0.8027230605267484,2
2.8499491961431858,0.8000508578566077,2
2.8505529888628374,0.7978894066456803,2
2.851877674562445,0.7959375584020254,2
2.8510397805264063,0.7933569400497049,2
2.8504036467513423,0.790056031926154,2
2.849768042065431,0.7867553306993891,2
2.8507751899666545,0.7831532352907455,2
2.851062139317442,0.7793418084668655,2
2.850629386138877,0.775321244193492,2
2.84947742645204,0.7710917364363645,2
2.849046161336723,0.7670717540602094,2
2.848729913193157,0.7654220112061427,2
2.8480978137228945,0.7621226806706041,2
2.8463430864266357,0.7600550249869347,2
2.8473525490929106,0.756453834751742,2
2.8498002263673,0.7532704538977644,2
2.848854458063098,0.7483223891300046,2
2.8480226154842683,0.7457441371597131,2
2.8477973433431565,0.7410055201866363,2
2.8484035169640087,0.7388450000112599,2
2.8495260786538523,0.7376132992972941,2
2.8492117484584725,0.7359643064440924,2
2.8490996414770677,0.7335952048543426,2
2.847753560253935,0.7300889739408429,2
2.8471262887222046,0.7267915313385025,2
2.8457816624942467,0.7232858693911659,2
2.8471065135342144,0.7213340858027593,2
2.8477134807887943,0.7191738759725652,2
2.848522770461571,0.7162935961989803,2
2.8486146393019673,0.7132050712182938,2
2.8481919057492675,0.7091884250528633,2
2.8479723213165684,0.7044520322202654,2
2.8475509766228946,0.7004359291589033,2
2.8462109137888945,0.6969320516963808,2
2.846304898985913,0.6938443543028523,2
2.8458854061042835,0.6898289753802498,2
2.845669393023382,0.68509397910098,2
2.844535190891296,0.6808714153173323,2
2.845346861465263,0.6779920665792929,2
2.844929848689052,0.6739776574853913,2
2.8455388000279633,0.6718182235181569,2
2.8465537189261454,0.668219166906102,2
2.8478781070130985,0.6662672022829987,2
2.8479746053836053,0.6631804876492193,2
2.84878654050215,0.6603012423595782,2
2.8503135155518784,0.6576293112414717,2
2.851840226057025,0.654957276674974,2
2.8537724411684415,0.6508454384289628,2
2.8548928534335936,0.649612897196798,2
2.855298556448286,0.6481731711035774,2
2.85702722562284,0.6447809243521405,2
2.8575299230291193,0.6402546775908835,2
2.857830132676849,0.6364484361177798,2
2.8579277553618034,0.6333621611396794,2
2.8578226918797753,0.6309958138634322,2
2.858228593302904,0.629556165356508,2
2.8594462975722905,0.6252372198357445,2
2.860768602370701,0.6232844405565405,2
2.860866952553245,0.6201984500615225,2
2.8616787553995024,0.6173191530476778,2
2.8624905582457636,0.6144398560338349,2
2.861876513942903,0.6111475858512225,2
2.861466081713047,0.6071357500361341,2
2.8592246945446718,0.6041508999043774,2
2.8571874485384647,0.6004466910369359,2
2.8549477809098462,0.5974625133197442,2
2.85362481426915,0.5939653212097085,2
2.852098963053045,0.5911879792152384,2
2.8519979008077456,0.5888231965959534,2
2.8524053233621913,0.5873841429173012,2
2.8523045256614736,0.5850194637464146,2
2.8528152586092865,0.5804963592301409,2
2.8524110101089306,0.5764869415212708,2
2.8527188254132554,0.5726836741895092,2
2.8523157342954235,0.5686747090673698,2
2.855165344824279,0.5640501279805505,2
2.8525253312086534,0.5625077711865636,2
2.8540588201877597,0.55438867471692,2
2.8552830719354354,0.5500722895439196,2
2.8552910077919194,0.5446256802274991,2
2.855601534678165,0.5408234732417814,2
2.856622240488978,0.5372266795633518,2
2.8569332633963,0.5334246665433753,2
2.857448824282656,0.528903449960298,2
2.857556301253112,0.525821028434887,2
2.859082482669116,0.5231487869716052,2
2.860404225310294,0.5211957878645617,2
2.861220922231233,0.5183184046460152,2
2.862037619152172,0.515441021427474,2
2.8635630400025107,0.5127684825500491,2
2.8645837458133236,0.5091716888716213,2
2.8654003104619754,0.5062942539288784,2
2.8658085927862977,0.5048555364575087,2
2.865508581066166,0.5032121427486551,2
2.8645004737100095,0.5013641503886141,2
2.8639965192361423,0.5004401930017419,2
2.8624850526314276,0.4976684760137182,2
2.8627989855291034,0.49386760092607673,2
2.8631132491075064,0.49006685514893,2
2.8611004734746928,0.48637221525797614,2
2.859293459339586,0.48195885025275587,2
2.858697602476415,0.4786736921472592,2
2.858307110294078,0.4746696537549049,2
2.85680040549175,0.47189979883798117,2
2.855294295914721,0.4691301766799434,2
2.856319465915277,0.4655351286931726,2
2.8571396019157227,0.46265909030375774,2
2.8572531964795367,0.45957906102247215,2
2.8564555132192524,0.45701416682611296,2
2.8547466513390916,0.4549644465078355,2
2.8537444962359295,0.45311878173667,2
2.8527426056773386,0.45127322041390094,2
2.851240265860536,0.4485050723954842,2
2.8502390366633925,0.44665976969369936,2
2.848737688888754,0.4438920096067651,2
2.8491489473395752,0.442454455929834,2
2.848148511776163,0.4406094635732316,2
2.8492656833702448,0.43937565509823173,2
2.850499657131138,0.4350630716537296,2
2.8510282468379238,0.43054694990408393,2
2.8531732669464134,0.42571914085730356,2
2.855405956730962,0.42325087735484246,2
2.8549065656510635,0.4223287044527737,2
2.8563459702289293,0.4172972665835051,2
2.8581666079289363,0.4162662464127891,2
2.8583721710182033,0.41554744371222263,2
2.859076827574725,0.4157506975342802,2
2.8585777341074703,0.4148286410116597,2
2.8589888602860007,0.4133910356105268,2
2.8565820215998947,0.41114067354215145,2
2.856700444102241,0.4080625321940641,2
2.8560281607075417,0.4024222251010272,2
2.856267055932708,0.39626674412991036,2
2.85679875403828,0.39175183789890333,2
2.856421389880591,0.38775293313312,2
2.8565419948757054,0.38467564523428877,2
2.8570749826360924,0.38016124331420187,2
2.8569053971285,0.37544440222816355,2
2.8588449202838646,0.3713354217440461,2
2.8598753811759643,0.36774244272516654,2
2.861111934246491,0.36343086790251,2
2.863546880313095,0.36024250859454554,2
2.8661871249243873,0.3563352431376252,2
2.868536583807682,0.3507881917346083,2
2.8702678322918587,0.34739695360501344,2
2.8719149824517594,0.34164756648443984,2
2.8732339143068053,0.3396934682381989,2
2.8716254863785764,0.34000828484926515,2
2.870924202765419,0.3398063499942374,2
2.8702229191522584,0.3396044151392097,2
2.8693156094968266,0.3401211019500554,2
2.870634905100669,0.338167145945361,2
2.869727661581379,0.3386838586183032,2
2.8733562388416694,0.33661685275393083,2
2.87529252132596,0.33250660502698537,2
2.875910103431707,0.33035054606362557,2
2.8767335462393646,0.32747580077913696,2
2.8756612806064474,0.3232774568508461,2
2.875290364722833,0.3192810736396865,2
2.8746321683268725,0.31364627517365307,2
2.875168991983628,0.30913337325528367,2
2.8752938296919766,0.30605774053076473,2
2.875625156395614,0.30226366717506004,2
2.8757505562611883,0.29918825427838236,2
2.8741909032585617,0.2940724314189218,2
2.875016462422842,0.29119851372158934,2
2.8743643836202324,0.2855661074996796,2
2.873586177454456,0.28300882969136865,2
2.872601746837965,0.2811700959626311,2
2.872316285069587,0.2795323919154793,2
2.8722376429772183,0.27717637654762584,2
2.871460693398184,0.2746195901191868,2
2.870192586689214,0.2711438506199606,2
2.8694165960842746,0.2685874391919487,2
2.867037600714937,0.2663479650670926,2
2.8660554187273597,0.26451011064971297,2
2.8697788812010536,0.27258044739924436,2
2.868511369717389,0.26910494065890234,2
2.8694165960842746,0.2685874391919487,2
2.868718321665682,0.2683866810624096,2
2.867321772828504,0.26798516480332424,2
2.8689252736139856,0.26766842146591685,2
2.869132225562282,0.2669501618694241,2
2.869132225562282,0.2669501618694241,2
2.871640555897777,0.2661157618924683,2
2.871640555897777,0.2661157618924683,2
2.86884798731257,0.2653129362710889,2
2.867451703019963,0.2649115234603965,2
2.8655644269377873,0.263591222234167,2
2.864168208781326,0.2631898352855764,2
2.8627719906248608,0.26278844833698756,2
2.8636773492640444,0.2622709985942322,2
2.864582641767079,0.26175352298938037,2
2.865280684709166,0.26195419060157477,2
2.8638845988249955,0.26155285537718065,2
2.8638845988249955,0.26155285537718065,2
2.8638845988249955,0.26155285537718065,2
2.8638845988249955,0.26155285537718065,2
2.8631865558829013,0.26135218776498625,2
2.864375425274204,0.2624716791374784,2
2.865280684709166,0.26195419060157477,2
2.8679960661971755,0.2604015698212727,2
2.8703504191551517,0.25485643221355403,2
2.873064312579917,0.25330322953603357,2
2.876191316267544,0.2503131973203434,2
2.877792932172916,0.24999571691311928,2
2.8809957671667767,0.24936060092608514,2
2.882803574454776,0.24832456350823584,2
2.885927767356275,0.2453334321533518,2
2.887863586887555,0.2412230033917151,2
2.890495696753092,0.23731255689666675,2
2.8908311238976765,0.23352008699107607,2
2.892765984454865,0.22940928322901222,2
2.893308198207386,0.22489848907167698,2
2.892948393196015,0.22090645069308223,2
2.8939808381724497,0.21731424753716233,2
2.895013283148881,0.21372204438123887,2
2.8962522171205975,0.20941140059413144,2
2.8981863832482695,0.2053003252800334,2
2.8994251188115534,0.20098960390663123,2
2.900457398447628,0.19739733609546306,2
2.898504277617004,0.1937260238174634,2
2.8974535062309954,0.18953608507122155,2
2.8964037268871508,0.18534653425646397,2
2.895148053773312,0.18187565683177453,2
2.894794267151081,0.17788597190415878,2
2.8951350843914305,0.17409560975960403,2
2.896170009473277,0.1705043764323797,2
2.8981054983238295,0.1663938183602518,2
2.8989333061170193,0.16352077997427727,2
2.8994817697351785,0.15901242978526398,2
2.9000306301702032,0.15450423476884367,2
2.8996799519467515,0.15051576535986122,2
2.903072345082954,0.14915558804439044,2
2.903486248979547,0.14771906885140496,2
2.903900152876144,0.14628254965841947,2
2.9054204812433646,0.1436080193994016,2
2.9060412378840397,0.1414532018167698,2
2.9057627204108165,0.13981821328997057,2
2.9047920461123518,0.1379848588777488,2
2.9038216363584617,0.13615160791392533,2
2.9028514911491534,0.13431846039849127,2
2.9021593343239154,0.13412009451306872,2
2.900911994364261,0.13065247571280736,2
2.8998728298715832,0.12646707576487515,2
2.898904007385159,0.124634445491413,2
2.8975204212322687,0.12423799820366277,2
2.896621080982225,0.12475780139739356,2
2.895860268622407,0.12220732532101763,2
2.8953075325253437,0.11893902930382438,2
2.8929567772896334,0.11671059829507513,2
2.891921746305975,0.11252681472830872,2
2.8918542150858535,0.11017514419302543,2
2.890887707364481,0.1083434190930177,2
2.8887473431565738,0.10539807331690199,2
2.887232596595947,0.10029981082240802,2
2.8893811880562232,0.09547339832895574,2
2.8883508858068865,0.0912914639022393,2
2.8875950997940407,0.08874295334535809,2
2.88573239328948,0.08743225988876446,2
2.8853301226566934,0.08109835271026533,2
2.8873359535135066,0.0793405643126075,2
2.8872716629644586,0.07699016102016287,2
2.886726400251696,0.07372478742011168,2
2.887352315511631,0.0715719870811764,2
2.8881868691915393,0.06870158662925618,2
2.8881233392081427,0.06635148075094044,2
2.888958025160342,0.06348113202322381,2
2.891107807071222,0.05865518504754519,2
2.8917337223311534,0.056502384708611686,2
2.8930485206771834,0.054546670081208504,2
2.894091547436709,0.05095860486106574,2
2.893548797897431,0.04769421402076368,2
2.89486329863081,0.04573838301392108,2
2.896448843453104,0.045414618116737415,2
2.89486329863081,0.04573838301392108,2
2.903368314960847,0.06527267091804845,2
2.901027744691362,0.06304822267248866,2
2.9008987006402513,0.05834723505290462,2
2.9003539008805035,0.05508204248754289,2
2.9016035489076053,0.05077558836041263,2
2.9010596750538795,0.04751075786443337,2
2.896511679006977,0.04776445244301186,2
2.897888783817727,0.04815836524510253,2
2.8987857762346465,0.04763764394687264,2
2.900162814909251,0.04803153088685974,2
2.8998911094588955,0.04639920615621662,2
2.9000995164023635,0.045681515525894056,2
2.9015398535838557,0.04842541782685217,2
2.8987226761361917,0.045287706172199904,2
2.89961953628082,0.04476693314977176,2
2.8996827025154204,0.04711689678654096,2
2.9000995164023635,0.045681515525894056,2
2.90051633028931,0.0442461342652436,2
2.901829805912449,0.042289902395873824,2
2.903351423934488,0.03961587644777964,2
2.901703936396263,0.0375901561570231,2
2.903017213610976,0.035633846701349725,2
2.9041219185418505,0.034395163220761305,2
2.902954576465529,0.03328408996137,2
2.9022667184896704,0.03308740511235975,2
2.9026836646489045,0.031652075575907546,2
2.9028921377285215,0.030934410807681445,2
2.9028921377285215,0.030934410807681445,2
2.903788336511706,0.030413379164269116,2
2.9042676552718056,0.031327702919405453,2
2.9028921377285215,0.030934410807681445,2
2.9031006108081385,0.03021674603945712,2
2.9026213912522536,0.029302461077469033,2
2.90235077704828,0.027670563071451326,2
2.902080295116594,0.026038716789633654,2
2.9020185508090997,0.02368930918797929,2
2.9010609714672135,0.021861075471283797,2
2.9007909855566076,0.020229423155205595,2
2.9007298695424844,0.01788026124348896,2
2.900877722629062,0.014813628529291023,2
2.9006082327395397,0.013182170178950514,2
2.9000696497773575,0.009919408650860717,2
2.9004272655983634,0.0061356154793585915,2
2.899471736476947,0.004308183487720996,2
2.898516471900116,0.002480854944476363,2
2.8982480071208307,0.0008497974566683553,2
2.8975023399380646,-0.0016947561991251803,2
2.896757069572164,-0.004239154682325719,2
2.89553525816423,-0.00769679071251872,2
2.8943142403900275,-0.011154116397532832,2
2.892465521679995,-0.012459340020265941,2
2.8929420957901044,-0.011546089542221694,2
2.8910934432162207,-0.012851287302860115,2
2.8910934432162207,-0.012851287302860115,2
2.8904074039843266,-0.013047260944155425,2
2.890617001378395,-0.013764486056704328,2
2.88802602149703,-0.017612931437156476,2
2.8852825259309185,-0.018396567381357087,2
2.882063216820349,-0.020093156389467737,2
2.8797402387652653,-0.02231072531679601,2
2.8776829147033247,-0.02289833589550483,2
2.874885412758605,-0.026028353575817675,2
2.873038942677475,-0.027332697887203494,2
2.871192671004785,-0.028636964612289262,2
2.8681862660955098,-0.031049485628017237,2
2.865655046437311,-0.0325492992697729,2
2.8631240913236837,-0.034049009463135604,2
2.860593400754638,-0.035548616208105344,2
2.8593823364701585,-0.03900204964727649,2
2.858223096071523,-0.040109954799586234,2
2.8556934967488594,-0.04160913481992701,2
2.854323005552544,-0.04200046141215452,2
2.851793736910601,-0.04349951212200054,2
2.8529525143562324,-0.04239178800437848,2
2.8504732839242344,-0.041546008704033355,2
2.849264732813239,-0.044998459383451817,2
2.8467359932604523,-0.04649730319651013,2
2.845104709077596,-0.048516687273112424,2
2.843001017361715,-0.05144769251554138,2
2.841795310104928,-0.0548990311247195,2
2.8399531719412536,-0.05620168146864479,2
2.838111232186016,-0.05750425422627181,2
2.8371668139368538,-0.059327341385341015,2
2.8375919609779814,-0.0607594640215634,2
2.837332523782397,-0.062386991332910924,2
2.8377111378292277,-0.06616257328810349,2
2.8374520643824397,-0.06778995835791335,2
2.8367677116222296,-0.06798527251569553,2
2.8356117780308097,-0.06909188456307547,2
2.834881652841961,-0.07163036062569006,2
2.834151924469978,-0.0741686815157152,2
2.834745426802428,-0.07865941961556366,2
2.835810113149222,-0.08223901499840913,2
2.83550761510692,-0.08620864386854876,2
2.8366171479763267,-0.08744543941594252,2
2.836359628728932,-0.08907221672643217,2
2.837256058988622,-0.08959315785250332,2
2.83793948584281,-0.08939820576410007,2
2.837043088651189,-0.08887725170698246,2
2.8369543876481202,-0.0935624634464105,2
2.8395640902750934,-0.08738143375946272,2
2.8377265485734497,-0.0886822866875292,2
2.837256058988622,-0.08959315785250332,2
2.83793948584281,-0.08939820576410007,2
2.8377265485734497,-0.0886822866875292,2
2.83793948584281,-0.08939820576410007,2
2.838410008495714,-0.08848732166808126,2
2.839306339551186,-0.08900830158730066,2
2.839261625300857,-0.09135104969855412,2
2.839217109458964,-0.09369372022351286,2
2.84143505088333,-0.09616775097397401,2
2.8441226551907306,-0.09773123383569526,2
2.8463394723006417,-0.10020570424183006,2
2.848813279568809,-0.1010536042342629,2
2.8485557603214033,-0.10268038154475434,2
2.84766035517195,-0.10215903955615957,2
2.8474476824471715,-0.10144301703119396,2
2.8469775896792058,-0.10235373302357331,2
2.84766035517195,-0.10215903955615957,2
2.847873027896732,-0.10287506208112163,2
2.8467648838863546,-0.10163772342965771,2
2.84766035517195,-0.10215903955615957,2
2.847873027896732,-0.10287506208112163,2
2.848085700621514,-0.10359108460608546,2
2.849663705923355,-0.1039177977825112,2
2.849663705923355,-0.1039177977825112,2
2.850346372211881,-0.10372314310824571,2
2.8505589457324483,-0.10443920442635779,2
2.8511966662941433,-0.10658738838069048,2
2.851879200310382,-0.10639278543062147,2
2.854139243607378,-0.10652508962271945,2
2.8568692474000486,-0.10574672954663455,2
2.8575061743280123,-0.10789522384615324,2
2.858825403795713,-0.10984920571294765,2
2.860826638190492,-0.1116087915264572,2
2.8630396194040415,-0.11408476193431483,2
2.8650399940289475,-0.11584468395510683,2
2.8672978879012554,-0.1159778286654074,2
2.868873677642256,-0.11630540822214108,2
2.870873027156925,-0.11806573110546381,2
2.872871979854729,-0.11982620916137776,2
2.8764453995706525,-0.12191478401599554,2
2.8809577482357547,-0.12218241826573362,2
2.883166298327634,-0.12466012143419647,2
2.8849516854627026,-0.12570492610347728,2
2.888358237950559,-0.1247343035972488,2
2.8900951410750757,-0.12812333051740765,2
2.8925606151890477,-0.12897448913426857,2
2.895495818322196,-0.12891507400029312,2
2.8975389561811724,-0.1283330108417413,2
2.90089510671028,-0.12970736058724874,2
2.9015760534590562,-0.12951337832754461,2
2.904510330686179,-0.12945432526294987,2
2.9076547013284575,-0.1301123033451681,2
2.911008768569019,-0.13148746774677988,2
2.914151948760697,-0.13214591134677,2
2.9148326309648915,-0.13195203253546062,2
2.9157233404481033,-0.13247521073306068,2
2.919858496993477,-0.12896670699248602,2
2.920068292795982,-0.12968385451873843,2
2.9191777486531336,-0.12916061166589365,2
2.921168533537113,-0.13092428369098563,2
2.9236298080059235,-0.13177708455110704,2
2.9256715570058702,-0.1311955644966254,2
2.92834170137116,-0.13276587495238346,2
2.927870715765252,-0.1336769400830935,2
2.9300693454354736,-0.1361585225663493,2
2.932267446016546,-0.13864031194639637,2
2.9356158916848365,-0.14001767462639236,2
2.938963543719403,-0.14139534765157435,2
2.9421014330195305,-0.14205586021945393,2
2.9461274524932435,-0.14324055960678095,2
2.9510408085068,-0.14494975615873607,2
2.9550645793515997,-0.14613533485741037,2
2.9597668499078367,-0.14712788819403855,2
2.963996613726845,-0.14903210148963808,2
2.9646208425150924,-0.15118556131209004,2
2.9679617155948677,-0.1525658852023799,2
2.96973579344926,-0.15361511229052738,2
2.9737544056748035,-0.15480270823289466,2
2.9775082898132155,-0.1576199004545078,2
2.980582186176946,-0.16063069993538903,2
2.982298091075638,-0.16402793807186278,2
2.9844846178314484,-0.1665142533191677,2
2.985370334035757,-0.1670393841052107,2
2.987198087588041,-0.1657423587677389,2
2.988762005891136,-0.1660745805711734,2
2.9903257919219435,-0.16640685409880263,2
2.9903257919219435,-0.16640685409880263,2
2.9896474906189425,-0.16659980187456114,2
2.9910040932249444,-0.1662139063230441,2
2.991211177445532,-0.16693211419534038,2
2.9903257919219435,-0.16640685409880263,2
2.9907400264992603,-0.16784324398129868,2
2.9903257919219435,-0.16640685409880263,2
2.9896474906189425,-0.16659980187456114,2
2.9907400264992603,-0.16784324398129868,2
2.9927176502905155,-0.16961206256401695,2
2.9953729140233314,-0.17118819199196267,2
2.9989698844233956,-0.17094229460688481,2
3.0076664621721356,-0.17313194820712496,2
3.008757047036198,-0.17437615324576683,2
3.0107902644735276,-0.17379796940200798,2
3.0135012210566288,-0.17302705761032833,2
3.0177736158374167,-0.17258933745077876,2
3.020072784880547,-0.1703810788789557,2
3.022045613801339,-0.17215177246382396,2
3.0225175583813453,-0.17124033233268143,2
3.0211621462259366,-0.17162576236642302,2
3.0213679407917056,-0.17234447454964297,2
3.0238123505437144,-0.173203870244917,2
3.02713946730546,-0.1745895734517191,2
3.029788381968423,-0.1761681856411368,2
3.0308766520674304,-0.1774132958532295,2
3.03223133672525,-0.1770281503025739,2
3.032436701406084,-0.17774703058943508,2
3.033114010666921,-0.1775544707451573,2
3.0333193422796825,-0.1782733639630667,2
3.033524673892444,-0.1789922571809779,2
3.036644045072162,-0.17966001113647323,2
3.041527110731611,-0.18138105252959313,2
3.042614091175807,-0.18262666705261132,2
3.044377851791687,-0.1836799286281412,2
3.0476998099341728,-0.18506764907863804,2
3.051493084363301,-0.18554417508793364,2
3.0536647304866342,-0.18803630930742443,2
3.0567167688546633,-0.19105565621189946,2
3.056984406932145,-0.1894249220003239,2
3.057188812638884,-0.190144177287614,2
3.056512330079851,-0.19033641385565936,2
3.0573932183456236,-0.1908634325749059,2
3.059359136039337,-0.19263682874908028,2
3.060444099331125,-0.1938832320661099,2
3.0578805659496595,-0.19772094467563228,2
3.055647539267625,-0.19757807581624576,2
3.054562146090891,-0.19633184060285913,2
3.0548919583608054,-0.1923515306859862,2
3.0520441603591593,-0.190051503724046,2
3.050076953010631,-0.1882786118607953,2
3.0516348859926694,-0.18861317418415346,2
3.0514302488094245,-0.18789400941420809,2
3.0511629414126666,-0.189524614315296,2
3.0511629414126666,-0.189524614315296,2
3.052248797542404,-0.19077066849399316,2
3.0551593649617814,-0.19072088699175538,2
3.0546874203817787,-0.19163232712289435,2
3.0557728796946506,-0.19287853647418274,2
3.056653734892354,-0.19340556812447574,2
3.05706267857812,-0.19484402697486125,2
3.0576760941067747,-0.19700171525043864,2
3.060113394223265,-0.1978638911213082,2
3.066071072867924,-0.20083538324989547,2
3.068647363827651,-0.2047676573561823,2
3.0702799640357945,-0.21052273413845768,2
3.0708921891138488,-0.21268088793180873,2
3.0700911597615175,-0.21757235349673465,2
3.0704995082219853,-0.21901104510600433,2
3.0720538037160807,-0.21934702984479237,2
3.0742200928117285,-0.22184125889427442,2
3.076181876996422,-0.22361627144961105,2
3.077939354678584,-0.2246719899245111,2
3.078347174049899,-0.22611088843057203,2
3.078080362674225,-0.22774129936591692,2
3.0791628127925286,-0.2289886854426939,2
3.08071578556374,-0.22932518742345032,2
3.078958903106873,-0.22826923618966255,2
3.0796335007857927,-0.22807773669142506,2
3.0803080984647124,-0.2278862371931929,2
3.0796335007857927,-0.22807773669142506,2
3.0801042549151987,-0.2271667620780633,2
3.0814535164091836,-0.22678373721949185,2
3.083006489180395,-0.22712023920024826,2
3.0850302822171543,-0.22654574070554112,2
3.087728672932837,-0.2257797427125965,2
3.086850562385127,-0.22525163778521318,2
3.089752465969596,-0.22520524421789112,2
3.0921828217909315,-0.22607013560911682,2
3.095490395322031,-0.2274634810660654,2
3.099065540794463,-0.22722611817352956,2
3.1037202925310012,-0.22823725342801282,2
3.108171266854171,-0.22852888770526647,2
3.1110706572651523,-0.22848347689769355,2
3.1144416615754267,-0.22752675526947463,2
3.11693630794581,-0.2260412433682557,2
3.118284775806064,-0.22565852885486848,2
3.1213856288653687,-0.22633352419797426,2
3.1249582611643234,-0.22609714406518933,2
3.1282597832382137,-0.22749285590415447,2
3.1320329522794594,-0.22797724399142894,2
3.136006790335287,-0.2291823485745681,2
3.1391046672681036,-0.2298585077121107,2
3.141729376102237,-0.2314465854296177,2
3.1454997674254237,-0.23193205972503605,2
3.149470265605963,-0.23313847034415325,2
3.1539126422303667,-0.23343346669422615,2
3.157007410764397,-0.23411084135040738,2
3.158754968024912,-0.23517043914010038,2
3.1600293241186783,-0.23714196844080426,2
3.160902871272434,-0.23767185785299816,2
3.1602296624525437,-0.23786281424716194,2
3.1840648201055224,-0.25054623210396976,2
3.1852102380499936,-0.2494437321302705,2
3.187825224870913,-0.25103561157627574,2
3.191784050021983,-0.2522465868558008,2
3.192854364157803,-0.2534987186276716,2
3.1956666139818743,-0.25581264646762136,2
3.199149956269217,-0.25793644550055994,2
3.2035026460651466,-0.26059177618895113,2
3.2083267844199987,-0.26233586071194637,2
3.2142172356739422,-0.2653336416637764,2
3.2181683559641954,-0.26654762987779,2
3.2210514438156075,-0.26650859407752847,2
3.22346086754726,-0.26738167082296727,2
3.2273317915457547,-0.2709522821641457,2
3.228673778063861,-0.27057210213642335,2
3.23021332519777,-0.270913854123199,2
3.2314768680319403,-0.27288961187703187,2
3.2342791643662885,-0.27520743196281927,2
3.2375539674378686,-0.2766135920896353,2
3.239881376133795,-0.2798440031699503,2
3.2404730659390317,-0.282010187144925,2
3.241143430904714,-0.28182034282100155,2
3.2435487211273433,-0.2826950359476079,2
3.24481021374104,-0.28467159542649334,2
3.246071507946308,-0.2866482324916806,2
3.249342607393803,-0.2880558408960141,2
3.2541494180788426,-0.2898067012888461,2
3.257811736725426,-0.2926596995859967,2
3.2621422709130066,-0.29532369407742287,2
3.2662749138040645,-0.29726588586485114,2
3.2706834287225703,-0.2975741236094205,2
3.2750094987204044,-0.3002398637925072,2
3.2796115730179807,-0.3012715982085403,2
3.283543480758304,-0.30249309936220214,2
3.2868883612915667,-0.30154659326293753,2
3.2910973645780146,-0.30113366192491675,2
3.2935781223580882,-0.29965358106440654,2
3.2977867949638124,-0.29924077903687873,2
3.3002678834246097,-0.2977605688658773,2
3.3049507161711773,-0.29643546032690793,2
3.3069576444911313,-0.2958675566673463,2
3.3095473342368464,-0.2974693283660734,2
3.3110792757141567,-0.2978140544941912,2
3.315199584214291,-0.29976106956300796,2
3.315199584214291,-0.29976106956300796,2
3.3163430511425105,-0.2986593325212201,2
3.318543142024673,-0.29881508070571705,2
3.320743034498392,-0.2989709064765105,2
3.323224122959193,-0.2974906963055055,2
3.3223617528138334,-0.2969564361986503,2
3.323224122959193,-0.2974906963055055,2
3.323892834521267,-0.29730149853404875,2
3.324755105462412,-0.2978357974340575,2
3.3258989692074934,-0.29673390521967313,2
3.3282918919711335,-0.2976134345587198,2
3.3300158386281247,-0.29868226511761975,2
3.333254796390314,-0.2946527297336292,2
3.3330616668961817,-0.2939290649585242,2
3.33640539004692,-0.29298301144598504,2
3.3362124258931516,-0.29225928201563356,2
3.338592320317197,-0.2876941934198527,2
3.338013923876968,-0.285522811163057,2
3.339057552559389,-0.2813356655234678,2
3.339909572878998,-0.27642426028050693,2
3.3451650156340023,-0.2718230841637066,2
3.3472666571294027,-0.26889288064633377,2
3.3493690922585344,-0.2659623667837785,2
3.3506105461013327,-0.2624970497102961,2
3.35099091945359,-0.25849696821902945,2
3.3512772740599175,-0.2568589150335381,2
3.3499370732177063,-0.25723839678459726,2
3.3508935943812865,-0.2554105768614807,2
3.3507965338535577,-0.2523240820555426,2
3.3506997378704,-0.24923748380120614,2
3.3526148965541758,-0.24558101636781693,2
3.3538604177698517,-0.24211410877526873,2
3.353381297418192,-0.2430283549441068,2
3.354339604257664,-0.2411998367443271,2
3.3568311422292645,-0.23971554036174325,2
3.3536688755431854,-0.2413898233097953,2
3.3547238465743625,-0.23719824232029296,2
3.353956585940473,-0.23975123995128378,2
3.3547238465743625,-0.23719824232029296,2
3.355682880911427,-0.23536943963742907,2
3.3584640472284946,-0.23224580989547405,2
3.361437251793319,-0.22984627165325122,2
3.3639308399853967,-0.22836117354560947,2
3.3660431294000297,-0.22542680623036127,2
3.368056902810931,-0.22485622584359355,2
3.369399418418194,-0.22447583891908351,2
3.373046129415556,-0.22188522790325216,2
3.3750601012348795,-0.2213145699301915,2
3.377454512061771,-0.22219351737201798,2
3.3798485260717968,-0.22307261998643924,2
3.3831032568235706,-0.2244866292601806,2
3.387218009887583,-0.22643581674528512,2
3.3903831534959394,-0.22476040879594272,2
3.3895224698222606,-0.22422548920557084,2
3.389143088993009,-0.22277546999710296,2
3.386458719139924,-0.22353598522513707,2
3.366116345924379,-0.2503214753958716,2
3.3675507303720416,-0.2530296134520391,2
3.3702309997841766,-0.252270701674119,2
3.372334525678852,-0.2547894738551957,2
3.373576904946834,-0.25677350748058103,2
3.3748190858063865,-0.2587576186922682,2
3.3764425654433765,-0.2621909991115601,2
3.377396308408052,-0.2658139781648394,2
3.378159302779796,-0.2687123614074629,2
3.3795914385985526,-0.27142137877498484,2
3.381023309872731,-0.27413049959090685,2
3.3814046747863173,-0.27557974293641685,2
3.382548769527066,-0.27992747297294507,2
3.383692864267811,-0.2842752030094715,2
3.383118766196123,-0.2875518524845191,2
3.3843593267201406,-0.28953659731762116,2
3.387507968879646,-0.2933173547301404,2
3.388270434162237,-0.2962159448695516,2
3.391226971937847,-0.2992726366444387,2
3.393514864287532,-0.3025185003286843,2
3.3947537714079417,-0.30450389171424774,2
3.3977080274865727,-0.30756147573153747,2
3.401518701457576,-0.31115564744455604,2
3.405517842324535,-0.31547530721063843,2
3.409325209488326,-0.3190707720285886,2
3.4133207790034987,-0.32339182834799374,2
3.417601545742464,-0.3260752840686383,2
3.4229257092065133,-0.33002139743529035,2
3.428723801334897,-0.3330552948078438,2
3.434042376294748,-0.33700359352183007,2
3.438126210711289,-0.3389648715380389,2
3.4435395980508012,-0.3405508316010639,2
3.4480974272678147,-0.34159986776107587,2
3.45388381329866,-0.34463834272508365,2
3.4583375380077364,-0.34805335116091385,2
3.461850085619563,-0.3478404667447208,2
3.466214818410517,-0.348165825198576,2
3.4697265062524707,-0.34795327698966894,2
3.47541940310737,-0.347903860594414,2
3.480446564526691,-0.34804247817617906,2
3.4861374111611205,-0.34799386350598027,2
3.491162654632255,-0.34813323108860494,2
3.4953362089453393,-0.3477341618354455,2
3.499695452436317,-0.3480616668434884,2
3.5051968401326263,-0.34728795205170826,2
3.511068812550988,-0.3479676961275189,2
3.5146531897514777,-0.35085117290789114,2
3.5185297084709255,-0.3520943335691449,2
3.5212624957175827,-0.35443933472058653,2
3.5264646983955608,-0.3553086903614311,2
3.5303380756481566,-0.3565530794723699,2
3.5342104608585814,-0.35779785651479123,2
3.53826628661799,-0.3597700871297622,2
3.543647498723292,-0.361368629103767,2
3.546005766147303,-0.362261710182489,2
3.548436557589497,-0.3662508809057421,2
3.551824531556715,-0.36841197308489093,2
3.5548439048862015,-0.36911883053350003,2
3.558230027041379,-0.3712806468514085,2
3.5612480776479813,-0.3719880215419913,2
3.5646323479911146,-0.37415056199866115,2
3.5688611978567835,-0.37685431946671955,2
3.5713977141424493,-0.37847688429273774,2
3.5752580295065393,-0.3797263811681564,2
3.578089630369586,-0.37970747901166746,2
3.5806242617751423,-0.38133078090749883,2
3.5841171338840283,-0.3811255904656452,2
3.5851441949814564,-0.38239463605001767,2
3.587974440053543,-0.38237626406655245,2
3.591466320120265,-0.3821714615561813,2
3.594775817816309,-0.3812387916796762,2
3.59760533539081,-0.38122070417929343,2
3.6010964218238044,-0.3810162120141083,2
3.603562133631044,-0.379542014781034,2
3.608195198928996,-0.3782363674712723,2
3.6115045312846803,-0.3773037622500155,2
3.6131278791302215,-0.37528748162525183,2
3.6174613295249074,-0.3756250728517525,2
3.6202283757751665,-0.3725069646678545,2
3.623538204151931,-0.37157416548086,2
3.6258251380083664,-0.36937069139727896,2
3.6276308682245784,-0.3680822781386457,2
3.629436796849223,-0.3667937872937177,2
3.631364653672712,-0.36313235433739344,2
3.633653571613472,-0.36092810439085454,2
3.6369081375057206,-0.3568924655515904,2
3.6406472799815504,-0.35194044692034865,2
3.6455349818687033,-0.34588469986572434,2
3.646143735280017,-0.3425944986509979,2
3.6486163583143387,-0.341117598828621,2
3.648384103554914,-0.3372847840491833,2
3.6479731700488927,-0.33272265362608877,2
3.6486364915152016,-0.3325355636156697,2
3.6509842102241947,-0.33343276969912594,2
3.651774287827884,-0.33087084964410707,2
3.651543752608209,-0.3270373624501062,2
3.6514922929519926,-0.3239330357271655,2
3.652590021000478,-0.319724734890908,2
3.653331648142519,-0.31405731138746873,2
3.6559383684262308,-0.3102027108275429,2
3.6769725392967807,-0.197405075203946,2
3.678274540779718,-0.1939160813791716,2
3.6799292040895963,-0.1918875550507142,2
3.680070410974505,-0.18950707413757328,2
3.6828882497836126,-0.1863691038619315,2
3.6848622696358397,-0.18268961916076876,2
3.6844780882002013,-0.17811702751878755,2
3.688319350618798,-0.1762495252429428,2
3.689770561460108,-0.17037692119109593,2
3.6909347951376397,-0.16926706345033793,2
3.692099161087466,-0.16815715398538522,2
3.694108470308617,-0.1675883192902763,2
3.6952730677349415,-0.16647831930797707,2
3.6962629215152667,-0.16463746488715358,2
3.697427849622315,-0.16352733559436494,2
3.7004280708021007,-0.16111723268485534,2
3.701418850488441,-0.15927601619465115,2
3.703924541594926,-0.15778618532296207,2
3.7057603968248856,-0.15648599187840873,2
3.706577755588107,-0.15391340370771367,2
3.7090844056686905,-0.15242319783559388,2
3.713428200634045,-0.1496322942079953,2
3.7162584399702077,-0.14648947478886498,2
3.7180959816718513,-0.14518862186079495,2
3.720927676003189,-0.14204523347549447,2
3.7200836255698064,-0.14150380956732,2
3.7219218947690393,-0.140202672156164,2
3.721898939791032,-0.13708719886872167,2
3.7240620879006627,-0.13413294359963146,2
3.724884175398202,-0.13155850628888466,2
3.7282388110127513,-0.13060818553007358,2
3.7294077072884626,-0.12949650451136208,2
3.7283907650211177,-0.1282235020259037,2
3.729041118067215,-0.12491703355114758,2
3.7295393848326626,-0.12399530030475603,2
3.7297122766666284,-0.12472687888203815,2
3.730708942469814,-0.12288336066506211,2
3.7293664929986967,-0.12326372172747213,2
3.731552959835124,-0.12342479750428659,2
3.7310545938654585,-0.12434656954382639,2
3.7345636635937822,-0.1210105954521481,2
3.7365587147399104,-0.11732288660362222,2
3.7365402570197226,-0.11420565469347288,2
3.737021322651721,-0.1101661981570583,2
3.7383471992827637,-0.10666786811468576,2
3.7379854380000523,-0.1020865092212695,2
3.738468487716382,-0.09804627682189526,2
3.7399687442446314,-0.0952789434595882,2
3.7436586421442435,-0.09267144449335873,2
3.744816686356362,-0.08843955742315401,2
3.746820070656671,-0.08474858995021073,2
3.748151734200345,-0.0812479969742057,2
3.7501571025849856,-0.07755625363829921,2
3.750817442188879,-0.07424587998665011,2
3.7516496154484287,-0.07166749870586209,2
3.7523109470944895,-0.06835673712273405,2
3.7544907284444164,-0.06539597753584303,2
3.755837476764917,-0.06501393543701894,2
3.757184225085414,-0.06463189333819663,2
3.7578575992456678,-0.06444087228878814,2
3.7580182501570114,-0.06205278791864899,2
3.7591943552724523,-0.06093828793119016,2
3.7586818304319785,-0.05874114702416833,2
3.7581693055915046,-0.056544006117146495,2
3.758330584796216,-0.05415567605707494,2
3.759336708068041,-0.052308459559993636,2
3.7610170322019236,-0.05026989873726606,2
3.761008527971452,-0.047148774581273756,2
3.761845033148454,-0.044568699333026984,2
3.762511457277629,-0.041255946368305985,2
3.7640232214949982,-0.038484113000833986,2
3.7662100794123674,-0.03552058616939391,2
3.7689080733111844,-0.03475474334904405,2
3.7712661035227697,-0.03252346750944213,2
3.7744691100737526,-0.030833253508642855,2
3.776828132327509,-0.028601589737567323,2
3.780031932512223,-0.026911065391583833,2
3.7832360633776645,-0.02522041173510381,2
3.7859329602941756,-0.02133054820371605,2
3.7889692256726164,-0.018906350450459186,2
3.7918372948833365,-0.015748737910916688,2
3.7945376639474304,-0.011857516619352637,2
3.7975764094312865,-0.009432349037396648,2
3.799265232059714,-0.0073904649349980645,2
3.802136905690304,-0.004231442911081018,2
3.8045022108777644,-0.001997322240640642,2
3.8068680451543813,0.00023700532659809426,2
3.809742165822314,0.0033969842481624823,2
3.8117738563923957,0.0070990206993215565,2
3.8146500272808055,0.010259801345942066,2
3.816175283271612,0.013036910581529781,2
3.8185444904915897,0.015272557115793006,2
3.8202381410585495,0.01731632915138981,2
3.8232844921990115,0.01974447087468789,2
3.825830884366411,0.02437466730374105,2
3.8285361532410995,0.0251433549549418,2
3.829888787678449,0.025527698780543062,2
3.8314080310160463,0.025178007129490254,2
3.8315845876701005,0.027572311334344235,2
3.833957233969585,0.02980930269773907,2
3.8410783474029557,0.03652151816864446,2
3.8414229679524468,0.038182355863016326,2
3.843121281117579,0.04022795117656841,2
3.8444883605665368,0.04374239330638119,2
3.845856233649233,0.047257145781378185,2
3.8477364935641845,0.051699153060821956,2
3.8496180762020344,0.05614167758223587,2
3.8516663008081977,0.05985017955805105,2
3.8520297974909674,0.06464284831724676,2
3.8517161833213294,0.06924303481845051,2
3.85477559635029,0.07167628430622841,2
3.8558015604654123,0.07353125943289385,2
3.856992711553687,0.07465164304779393,2
3.8598887894215395,0.0778202081860968,2
3.8612646649776927,0.08133808997502712,2
3.8619629005922924,0.08466328260918843,2
3.8633402311436242,0.08818173336428359,2
3.8652326931772087,0.09262851220092294,2
3.8664258614178877,0.09374968460982558,2
3.866611842472505,0.09614767416373837,2
3.866798021935562,0.09854574130394056,2
3.8676634616757113,0.10113713122033197,2
3.8678501371598486,0.1035353923262825,2
3.8682240833534216,0.10833214729705354,2
3.8685753836534786,0.1099955970633868,2
3.869114417615986,0.11405772172924422,2
3.8698180102582747,0.11738500919338968,2
3.869654112939937,0.11812010501608583,2
3.8700061407375905,0.11978383926550151,2
3.871038189377991,0.1216411937052424,2
3.8715793066290445,0.12570413302720418,2
3.8707606467391678,0.12937993541691561,2
3.8714664218742136,0.13270807633031723,2
3.871139090190553,0.134178449010399,2
3.870975424348721,0.13491363535044165,2
3.870811758506889,0.13564882169048254,2
3.8718455266870464,0.1375068485447848,2
3.873887176482775,0.13808832980611996,2
3.8742141774857153,0.136617827815547,2
3.8755751450772493,0.13700543026557277,2
3.874050676984247,0.13735307881083614,2
3.8752482763465963,0.138475983980344,2
3.876963255820101,0.14052809654274334,2
3.87935931431468,0.1427742430890504,2
3.880912049873462,0.14556209802661257,2
3.883146261270177,0.14854414212067013,2
3.8862250521894204,0.15098496920333737,2
3.888786165384861,0.15249647251367193,2
3.8884608177855284,0.15396762105671158,2
3.8911850015974956,0.15474370526811754,2
3.89358436689929,0.15699114491934907,2
3.8978332502807724,0.15741967110283817,2
3.899033263612388,0.1585435202389487,2
3.900233409216291,0.1596674210992557,2
3.9029579898451274,0.16044366048325287,2
3.901595699530713,0.16005554079125872,2
3.9045158840231693,0.16323353266450802,2
3.907760424072791,0.16493998806324228,2
3.9116866053007158,0.16684069727371487,2
3.9156131833454992,0.16874156165677867,2
3.917855099603024,0.17172661868532835,2
3.9204198502864003,0.17323954441108214,2
3.922663089266816,0.17622511868160196,2
3.924225447634594,0.1790167365545159,2
3.926630831325525,0.18126652965672463,2
3.928354937586949,0.18332221118873626,2
3.9302398989040768,0.18464160724151313,2
3.9310821636615607,0.18409948505667728,2
3.930761313320044,0.18557239222242217,2
3.9290765853966434,0.18665655900580624,2
3.9290765853966434,0.18665655900580624,2
3.9297585241875836,0.1868509291969893,2
3.930440462978524,0.1870452993881706,2
3.9301196126370037,0.18851820655391727,2
3.9304808333587147,0.19018553563504348,2
3.933250281625554,0.19410376988861877,2
3.935498811497517,0.19709141312702627,2
3.937588172785464,0.2008160013281799,2
3.9383134580830905,0.20415177156067443,2
3.94004156558125,0.20620901774965184,2
3.9407679090571897,0.20954520177572178,2
3.9423373109243407,0.21233957396213832,2
3.943747775683981,0.21587098162864748,2
3.943269178685547,0.21808138979226221,2
3.942266951710316,0.2193601465946653,2
3.941104993993836,0.2213756285319768,2
3.940945395524885,0.22211240539108168,2
3.940147403180106,0.22579628968661147,2
3.939668607773239,0.2280066202639297,2
3.939713905296184,0.2311487832371526,2
3.9389160782917685,0.2348327321879271,2
3.9388022733668393,0.2387118659859926,2
3.9402166070909246,0.2422447865852675,2
3.940947447824673,0.24558272923404623,2
3.9409943987512257,0.24872553875973225,2
3.9422514818394774,0.25299615432262,2
3.9443052345496206,0.2535823683480025,2
3.944146099033677,0.2543193262417969,2
3.9454047693893983,0.2585905624950513,2
3.9468233688947905,0.2621251511996867,2
3.9512503357975675,0.2618241289806331,2
3.9528289636568488,0.26462210892980664,2
3.953405992834277,0.268699091371321,2
3.9549859103483804,0.2714975756314182,2
3.956724798038067,0.2735590373424692,2
3.958464082544623,0.27562065422611504,2
3.9607310313327737,0.2786155000589865,2
3.963156784956155,0.2808732586875706,2
3.966426489808704,0.28258955461483026,2
3.9680098794703795,0.28538939663510376,2
3.9690658032588857,0.28725608729244634,2
3.9713359927181173,0.29025220036815114,2
3.9736069758110766,0.29324862378904193,2
3.9732921438586892,0.2947238844057658,2
3.974664090050183,0.29511577996415994,2
3.976564758701585,0.2964413182653658,2
3.9770935472976454,0.29737498687026687,2
3.978622777193042,0.29702920039610703,2
3.9810527635296573,0.2992886141989981,2
3.983483278955429,0.301548234898684,2
3.985071331215284,0.3043499001969092,2
3.9858169203092224,0.3076936100936827,2
3.9865032902218367,0.30788971304547275,2
3.9865032902218367,0.30788971304547275,2
3.988032652389517,0.3075439782955094,2
3.9897786166466496,0.30960820725111304,2
3.9893090472319166,0.3118221455911865,2
3.9903691375975185,0.31369046556074665,2
3.9918034113691157,0.3172311835827575,2
3.9932384787744475,0.32077221194995076,2
3.9938311822180808,0.32485532370883696,2
3.9951117105694998,0.32913510738568164,2
3.998079744562382,0.33233181048728966,2
3.9986749611795,0.3364159050059179,2
4.000114195161924,0.3399585626853323,2
4.000710833706144,0.34404321323908604,2
4.003371806743601,0.3487182157539994,2
4.003282207647498,0.35260681508016134,2
4.004569382681417,0.3568891978979174,2
4.006323448616232,0.35895659496060084,2
4.007389557370967,0.3608272683811311,2
4.007767510537192,0.3625011405732117,2
4.007990428628425,0.3649135741091971,2
4.007369759239285,0.3678676125880518,2
4.006593922502859,0.3715601606866201,2
4.004905821636097,0.37264300850297083,2
4.005439504306835,0.37357859090317547,2
4.004440121185805,0.37485845977581533,2
4.003130072689487,0.3776152185773931,2
4.002664273034984,0.3798306310570929,2
4.0032666984918315,0.3839175445444756,2
4.0047144309688,0.3874635255035557,2
4.00462860163293,0.3913535989693404,2
4.006767565029119,0.395097583744457,2
4.009062390202114,0.3981033304518995,2
4.011358009008834,0.4011093875045244,2
4.011964997859643,0.40519808547671055,2
4.015797220741856,0.4078612396791712,2
4.0154884071786014,0.4093388537468652,2
4.016942091908572,0.41288716229482425,2
4.0192413151351545,0.41589462883182193,2
4.0213872889626465,0.4196413549893947,2
4.024378999695202,0.42284731672230436,2
4.025989968129068,0.4256579432377059,2
4.029520850832338,0.4298016339250079,2
4.0301352799993815,0.4338932413832879,2
4.031901944869688,0.4359655651757617,2
4.032824360898179,0.43857923529011344,2
4.035515095200587,0.443265875749411,2
4.038666536674377,0.44573511234741403,2
4.040588302755825,0.44706890065807414,2
4.043354681427882,0.4478614848883993,2
4.0442797098340755,0.45047617655564665,2
4.04589692813358,0.45328924703936835,2
4.049050981985076,0.4557595051902652,2
4.0515137718492795,0.4580317465940773,2
4.055748881224133,0.4623785229997921,2
4.058061232475378,0.4653911231633714,2
4.060763044581957,0.470082095524182,2
4.06376976821927,0.47329392795347935,2
4.065695502469378,0.47462926799006055,2
4.068313922633877,0.47616318080885023,2
4.070932607342957,0.4776971970760293,2
4.0734004235541335,0.47997140399933613,2
4.07478559697449,0.48036847197746013,2
4.077946727393428,0.4828414973729096,2
4.081560727850658,0.4830940542483795,2
4.083186676121215,0.4859105385291169,2
4.084963757434252,0.48798693560212136,2
4.086741235564162,0.49006348784772413,2
4.087976565596847,0.4912011473444977,2
4.089604398747522,0.49401836869503946,2
4.0926189925860115,0.4972332787140772,2
4.0949413965311905,0.5002498099166441,2
4.096421436514667,0.5038084245109005,2
4.096815063947101,0.5054884260203529,2
4.0979022701318755,0.5073673494503392,2
4.0981464840615835,0.5097881105820861,2
4.099778186176696,0.5126068448653989,2
4.100567160581313,0.5159675202988616,2
4.038207482906596,0.4479531627611699,2
4.037901447061408,0.4494318630370078,2
4.040056812221394,0.45318226161258224,2
4.0428242490717565,0.45397525963648455,2
4.041979603413079,0.45451645078577485,2
4.0421323898591695,0.45377701013050853,2
4.040748671433988,0.4533805111185565,2
4.040595818851752,0.4541199259117228,2
4.041979603413079,0.45451645078577485,2
4.040748671433988,0.4533805111185565,2
4.042285176305256,0.45303756947524576,2
4.040748671433988,0.4533805111185565,2
4.040056812221394,0.45318226161258224,2
4.040748671433988,0.4533805111185565,2
4.040595818851752,0.4541199259117228,2
4.038520142009762,0.4535251386006518,2
4.039903926571089,0.4539216634747021,2
4.041287711132416,0.4543181883487506,2
4.0421323898591695,0.45377701013050853,2
4.042977002449778,0.45323580605017355,2
4.042977002449778,0.45323580605017355,2
4.044055280255069,0.45511123809685117,2
4.044207967496941,0.4543717586484366,2
4.0447471725357325,0.45530950053387187,2
4.044055280255069,0.45511123809685117,2
4.044360654738817,0.4536322792000256,2
4.045591685922123,0.45476825766038864,2
4.044513341980689,0.4528927997516128,2
4.0452051350571345,0.453091023395487,2
4.045357789230934,0.45235153101602776,2
4.0441269895241305,0.451215643073013,2
4.043821548904244,0.4526945761077368,2
4.045978369059402,0.4564455436494832,2
4.04997753152259,0.45837479168578277,2
4.053520517140274,0.4625232151371321,2
4.054988421141264,0.46607708403628934,2
4.0581456825957645,0.46854859649897485,2
4.061303605411705,0.4710203675826392,2
4.063618139155707,0.4740338211954711,2
4.065392442750685,0.476109132060337,2
4.066474556452349,0.4779860641087339,2
4.067405537111529,0.4806030833648567,2
4.071561652597904,0.4817945200581075,2
4.071561652597904,0.4817945200581075,2
4.075717768084274,0.48298595675136013,2
4.079572278847124,0.48565782648105227,2
4.082493957138748,0.48571195281585844,2
4.0871016860766645,0.484682429609256,2
4.091407678018776,0.48513328771490194,2
4.094870611569668,0.4861259576602066,2
4.100860835414096,0.4854924550167343,2
4.105315050408336,0.48520208798231046,2
4.108234248594549,0.4852552444884175,2
4.109768471768845,0.48491141060270593,2
4.11190008440947,0.4816044347794186,2
4.114424497780725,0.47997713718935486,2
4.114573779011167,0.47923632584286224,2
4.11526583663219,0.47943465293513476,2
4.115957894253214,0.4796329800274073,2
4.1132844641960915,0.4820011924123584,2
4.1132844641960915,0.4820011924123584,2
4.113976654089406,0.4821995712288274,2
4.113827372858964,0.48294038257532,2
4.111696190103277,0.48624752650224146,2
4.112430121547209,0.4935103142084003,2
4.113911583457789,0.497069484837775,2
4.1173237398293026,0.5019659351611239,2
4.118016723356348,0.5021646243227735,2
4.1173237398293026,0.5019659351611239,2
4.117174789279584,0.5027068758181112,2
4.117025838729866,0.5034478164750951,2
4.116630756302257,0.5017672459994706,2
4.116481772684466,0.5025081737254098,2
4.118016723356348,0.5021646243227735,2
4.118858591296966,0.5016223469653482,2
4.117867805874699,0.5029055779108127,2
4.117472690379017,0.5012249945041436,2
4.117621640928736,0.5004840538471598,2
4.1167797399200445,0.5010263182735368,2
4.119007475710539,0.5008813804462662,2
4.1193052445376885,0.49939944740810205,2
4.119454128951261,0.4986584808890182,2
4.1193052445376885,0.49939944740810205,2
4.1193052445376885,0.49939944740810205,2
4.119156360124112,0.5001404139271841,2
4.118858591296966,0.5016223469653482,2
4.118858591296966,0.5016223469653482,2
4.1173237398293026,0.5019659351611239,2
4.1167797399200445,0.5010263182735368,2
4.115788756089351,0.5023094716327083,2
4.116630756302257,0.5017672459994706,2
4.116630756302257,0.5017672459994706,2
4.115393839002099,0.5006289658123322,2
4.116630756302257,0.5017672459994706,2
4.115937772775215,0.5015685568378192,2
4.1160348218310965,0.5047309569032112,2
4.115685283782405,0.5101162823879495,2
4.112710943431281,0.5139651993613832,2
4.110429156722262,0.5180126373928235,2
4.107601848972678,0.5211198637084138,2
3.955230978803815,0.5878135024302438,2
3.9543769418126367,0.5883510211615288,2
3.953833834741335,0.587411753412276,2
3.953290793806172,0.5864725115251161,2
3.9527478190071506,0.5855332955000581,2
3.9525161048087263,0.5831174223049569,2
3.9528272992731743,0.581640739272812,2
3.95244021931903,0.5799632981111227,2
3.9525958496193248,0.5792249695261003,2
3.9530627405202097,0.5770099837710312,2
3.9525202617422757,0.5760709617117108,2
3.9529872518473788,0.5738560147497918,2
3.9531429152157465,0.5731176990958176,2
3.953840892021688,0.5733183408459137,2
3.953840892021688,0.5733183408459137,2
3.953996522321983,0.5725800122608877,2
3.9555479739618704,0.5722429154518629,2
3.95624588463167,0.5724435313398644,2
3.9560903535355934,0.5731818987180333,2
3.9574862410113276,0.5735831563561327,2
3.9574862410113276,0.5735831563561327,2
3.9581841847491965,0.5737837851751806,2
3.958882128487069,0.5739844139942285,2
3.9597354379806546,0.573446610779861,2
3.9604333486504473,0.5736472266678625,2
3.9616739034385446,0.5747869292704237,2
3.9618291699900468,0.5740484584438601,2
3.9623718471764136,0.5749875580894699,2
3.9629145904989294,0.5759266835971886,2
3.963612567304871,0.5761273253472847,2
3.9641554098316014,0.5770664896481463,2
3.9631470652630156,0.5783428542064257,2
3.9640002755523867,0.57780501219891,2
3.962836730568444,0.5798198734458495,2
3.9640002755523867,0.57780501219891,2
3.9638451412731754,0.5785435347496719,2
3.9638451412731754,0.5785435347496719,2
3.962836730568444,0.5798198734458495,2
3.9629918979157317,0.5790813638261358,2
3.9626815632211603,0.5805583830655667,2
3.962371228526589,0.5820354023049941,2
3.9622160611793014,0.5827739119247042,2
3.9622160611793014,0.5827739119247042,2
3.962371228526589,0.5820354023049941,2
3.962526395873873,0.5812968926852804,2
3.9626815632211603,0.5805583830655667,2
3.963690006993957,0.5792820573004338,2
3.9640002755523867,0.57780501219891,2
3.963302232610303,0.5776043445867121,2
3.963457399957587,0.5768658349669984,2
3.963612567304871,0.5761273253472847,2
3.963922901999439,0.5746503061078574,2
3.9640780693467264,0.5739117964881437,2
3.964233236694014,0.57317328686843,2
3.9645435713885817,0.5716962676290027,2
3.9646987387358656,0.570957758009289,2
3.9640009934064295,0.5707572067765359,2
3.964466594652503,0.5685417167105449,2
3.964466594652503,0.5685417167105449,2
3.9637689485272816,0.5683412042709381,2
3.9640794154941403,0.5668642367557055,2
3.9637689485272816,0.5683412042709381,2
3.964466594652503,0.5685417167105449,2
3.963458481560423,0.569818171786169,2
3.963458481560423,0.569818171786169,2
3.963458481560423,0.569818171786169,2
3.9641561938217897,0.570018710087874,2
3.9643113942371464,0.5692802133992068,2
3.965164240777721,0.568742229150148,2
3.9660170211821537,0.5682042190389893,2
3.966869735450441,0.5676661830657324,2
3.967877451725659,0.566389572817517,2
3.968885035728583,0.5651129108451034,2
3.969737485452292,0.5645747714234552,2
3.970589869039859,0.5640366061397017,2
3.971442186491281,0.5634984149938518,2
3.972139535003855,0.5636988110540138,2
3.9729917532510584,0.5631605811150209,2
3.97384390536212,0.5626223253139244,2
3.9752384701149737,0.5630230657100483,2
3.9752384701149737,0.5630230657100483,2
3.9760904899537444,0.5624847581847554,2
3.973456362454961,0.5609447031175456,2
3.974308415361815,0.5604064085233027,2
3.9751604021325093,0.5598680880669633,2
3.976012322767069,0.5593297417485221,2
3.977406556839199,0.5597303528341513,2
3.9782583452014606,0.5591919547915172,2
3.9796525131374523,0.5595925400150517,2
3.9812012201273497,0.559254369928933,2
3.9825953219271923,0.5596549292903674,2
3.983292372827112,0.5598552089710847,2
3.984298237290286,0.5585778745841026,2
3.9862348840042117,0.5599174818669539,2
3.9869319018360585,0.5601177486166229,2
3.9877831611091707,0.5595791436771975,2
3.9886343542461375,0.5590405128756704,2
3.9893313059418425,0.5592407537632411,2
3.9896396565520824,0.5577629586608541,2
3.991187536840183,0.5574244652985048,2
4.001847943028341,0.5879018424300959,2
4.001847943028341,0.5879018424300959,2
4.002001291631657,0.5871626216026726,2
4.0021546402349735,0.5864234007752422,2
4.002852583972842,0.5866240295942919,2
4.003550527710708,0.5868246584133416,2
4.0021546402349735,0.5864234007752422,2
4.002852583972842,0.5866240295942919,2
4.003550527710708,0.5868246584133416,2
4.004248471448577,0.587025287232386,2
4.003857092645056,0.5853461650342915,2
4.004708219645877,0.5848075083706696,2
4.00501471844408,0.5833289891295212,2
4.004861469044979,0.5840682487500928,2
4.003619161649059,0.5829278608019202,2
4.002921383251554,0.582727296638117,2
4.002921383251554,0.582727296638117,2
4.001679241195994,0.581586973345182,2
4.0009814958665615,0.5813864221124323,2
3.999976788785915,0.5826642090861363,2
3.9975761942295343,0.5835407384217426,2
3.9989024226566805,0.5878383928087345,2
3.9993780201040963,0.5926748978250913,2
4.0024949538900145,0.5990542768774052,2
4.001575655903849,0.6034899121871415,2
4.001987381215297,0.6122250768860198,2
4.006203987849208,0.6204882543739139,2
4.011277541464636,0.6282150510628632,2
4.016051342168591,0.6374230049270189,2
4.020738807872043,0.6434727483857614,2
4.025826382350072,0.6512050278396178,2
4.030218063310706,0.6587374801994805,2
4.0354660298914204,0.6657332931394162,2
4.038765742864889,0.6713849599981927,2
4.041714198249906,0.6824212799271425,2
4.041559684219006,0.694131767612042,2
4.04311403780418,0.704767528179552,2
4.045225320914831,0.7163479616749289,2
4.046938942288243,0.7262468160728446,2
4.053477561786384,0.7344019221550475,2
4.0536433028716985,0.7446392699153108,2
4.057376225759985,0.7519864167495598,2
4.060557510014334,0.7583909596238296,2
4.06088198979873,0.7678911943177074,2
4.061655801337693,0.7751695768693292,2
4.0625802829661275,0.7817076911785303,2
4.06673768579817,0.7907469041912378,2
4.072164313436879,0.80093703102626,2
4.07559310073955,0.8136872576759462,2
4.081034873555307,0.823883306931549,2
4.083064466575024,0.8362309828382095,2
4.084273472113129,0.845205621228267,2
4.087049008332038,0.8538490593677821,2
4.091124771829826,0.8597318981840747,2
4.09759797072854,0.8686606087538209,2
4.102389666995457,0.8747511108799895,2
4.108873976766418,0.8836841662822987,2
4.11309070371993,0.8927465775974675,2
4.118604086600531,0.8990469930360874,2
4.12454085817852,0.9070390479285351,2
4.127641940405187,0.914211415111307,2
4.132324418565666,0.9171347585459344,2
4.136574661164886,0.9222866394753151,2
4.140394751491392,0.9296678725555481,2
4.144371283440538,0.932387457857196,2
4.148348609023419,0.93510735350403,2
4.151896046878161,0.9400567047501056,2
4.15530210677171,0.9457499578634607,2
4.160558725234651,0.9535483408413938,2
4.162261274539812,0.9603184159021207,2
4.166102032411423,0.9677077308881721,2
4.166241703903186,0.9787340710846539,2
4.1651008082395435,0.988605062108908,2
4.166384763717787,0.9936853727179606,2
4.168385031093411,1.002897131348215,2
4.171386996355118,1.0108299262792784,2
4.170822128183186,1.017729421908113,2
4.172684871182604,1.0237629528686227,2
4.1758428458728645,1.0348812039259982,2
4.174999156879139,1.0432700420842522,2
4.1753039822759845,1.0535617778379116,2
4.178475250331253,1.0646852271771063,2
4.179503349609252,1.0751874969335962,2
4.181815902695707,1.0829229992563292,2
4.182850780928497,1.0934279198779198,2
4.185324204450115,1.1043507791912184,2
4.186507404939249,1.1141145134658892,2
4.190988126265545,1.1224809712446202,2
4.193458128396269,1.1294788561900475,2
4.196509596562006,1.1374310089019293,2
4.199424878453883,1.1461290936558317,2
4.2016246574615685,1.1546196832034976,2
4.203270035496736,1.166090225052839,2
4.206475811239887,1.1733035319377265,2
4.208825235226804,1.1810534523804446,2
4.2136176139705555,1.1879434081617237,2
4.218996154415578,1.195789467918459,2
4.224517660089248,1.202892246498287,2
4.229597754966203,1.2082963382024108,2
4.231794277923356,1.2128620180374536,2
4.241233401653297,1.3735024977658608,2
4.243194290690894,1.3795744080807193,2
4.24310699440716,1.384263094683412,2
4.242427220420378,1.3879932074802248,2
4.241747446433596,1.3917233202770358,2
4.241660877647448,1.396412291362811,2
4.240981269001022,1.4001424688148685,2
4.240573503813174,1.4023805752861058,2
4.241624786118891,1.4050446376996213,2
4.242676465241477,1.4077088552857262,2
4.24153937471527,1.4097340613721219,2
4.2411319071400655,1.4119722842228022,2
4.240452794514724,1.415702655640601,2
4.239773681889382,1.4194330270584015,2
4.240419447636157,1.424336075254507,2
4.241201697269442,1.4284933077880382,2
4.243122062539175,1.430625735097701,2
4.243174854561818,1.434570015522194,2
4.243499027090017,1.4370220439311705,2
4.24455434370055,1.4396876839327,2
4.245474664487812,1.4430997214940238,2
4.247262018018606,1.4459793222264423,2
4.248779578311314,1.4503517956647407,2
4.249701750910614,1.4537645573648277,2
4.251221030743071,1.4581377032176928,2
4.253338211442411,1.4634715435685166,2
4.255129334733436,1.4663526184405598,2
4.256921053249762,1.4692339260714853,2
4.258713366991383,1.4721154664613003,2
4.260506275958306,1.4749972396100013,2
4.2615674456176045,1.4776651684072615,2
4.262897747153556,1.4788399658776523,2
4.262494644563876,1.4810798956268414,2
4.261224575366803,1.4838522880670357,2
4.259954241625156,1.4866245770588318,2
4.257816279914678,1.489929070120649,2
4.257876842934277,1.4938763893417306,2
4.2564712818928605,1.4973949853759692,2
4.255664283079771,1.5018745345291684,2
4.2555909084544155,1.5065686651036163,2
4.255668061399859,1.510557269608828,2
4.2536827240652215,1.5131671295064653,2
4.25243096257071,1.5159916646602198,2
4.250315467651898,1.519361712577135,2
4.2489336843888985,1.5229463501019893,2
4.24521920514556,1.5266482918534923,2
4.243706947395129,1.5309933172433752,2
4.24305864942847,1.5347926871231294,2
4.241805371325487,1.537618178681555,2
4.24081132186538,1.538923979386869,2
4.239687454360315,1.5409897539910098,2
4.238433700902441,1.5438155453180595,2
4.2371797663569915,1.5466414508426922,2
4.237265949668348,1.5506549249907007,2
4.2384766342913025,1.5526022248430635,2
4.238952362281342,1.5543357201958052,2
4.23575226585324,1.5550008496864685,2
4.232551807249976,1.5556662075722745,2
4.233373173553723,1.5598933434729396,2
4.233589333361682,1.5631467437992477,2
4.234670946925931,1.565853546485453,2
4.235017264318056,1.5683467587924795,2
4.235363717525868,1.5708398854513277,2
4.236186690981878,1.5750660078485428,2
4.23480253094441,1.5786521442165302,2
4.23501975464189,1.5819048736321015,2
4.236450062372729,1.5871033897821913,2
4.237404053578903,1.590568781721652,2
4.239830945995948,1.594459898400407,2
4.2387062409608305,1.5965262011683237,2
4.2389247549073055,1.5997781169261813,2
4.237799891420558,1.601844519616968,2
4.23728197739754,1.6048835587304833,2
4.236634584868774,1.608682357622376,2
4.237460817901191,1.6129064244632758,2
4.236684218498038,1.6174648118371842,2
4.23664470350684,1.6222356618892384,2
4.23747204570067,1.6264590292700056,2
4.237174501771815,1.6327488136162511,2
4.236877320018106,1.6390383695673592,2
4.238702242879821,1.6419537093901404,2
4.241873825387117,1.6460524924489857,2
4.2412281305543935,1.6498502207386316,2
4.242316512266889,1.6525527552905501,2
4.242796269455539,1.6542837097472969,2
4.243018020342479,1.6575335842235397,2
4.243498003890608,1.6592643959333202,2
4.2444582426182365,1.662725848056521,2
4.24615710500224,1.6663987921784909,2
4.247247025959151,1.669100356051045,2
4.249075615844323,1.6720133833729793,2
4.251643078381299,1.6751377456720231,2
4.251643078381299,1.6751377456720231,2
4.252991345179137,1.6763201754046264,2
4.252991345179137,1.6763201754046264,2
4.256683784382595,1.6773780636393987,2
4.258032254903956,1.6785603648997292,2
4.255559577338314,1.6794440523639853,2
4.256298133086851,1.6796555871868524,2
4.254082465841247,1.6790209827182547,2
4.260536954962234,1.6729105523079966,2
4.259413178000958,1.6749762698133495,2
4.260023115409734,1.675947021976123,2
4.2606330980904055,1.676917745589499,2
4.261371540659201,1.6771293517858474,2
4.262109983228001,1.6773409579821976,2
4.262334948419451,1.680588805451519,2
4.259862474577339,1.6814723644435077,2
4.26108284738573,1.6834135547257283,2
4.260569279464601,1.6864498530974945,2
4.260794516287419,1.689697529270461,2
4.261148280906205,1.6921860452023036,2
4.2629800624599525,1.6950970597920154,2
4.264073242993273,1.6977965681082559,2
4.263945009464621,1.6985555427783208,2
4.264299407889926,1.701043659018664,2
4.263786564319108,1.7040795006001392,2
4.264141189103896,1.7065674740935126,2
4.264239618462739,1.7105732256306574,2
4.264210131196197,1.7153377519921182,2
4.263441273287015,1.719891257419789,2
4.264536264696115,1.7225896237603031,2
4.264891749646903,1.725077054815209,2
4.265731156800641,1.7292928137826813,2
4.264607108207997,1.7313587025843962,2
4.2632267736456235,1.734942426528665,2
4.262714473337539,1.7379779255174164,2
4.261205724158934,1.7423207383293242,2
4.260081064395713,1.744387012547847,2
4.258472165526264,1.7447251586995467,2
4.2586003311470755,1.7439662268535727,2
4.2573472114957305,1.7467916184891266,2
4.256834458468699,1.7498274029718104,2
4.256934178076541,1.753832340851254,2
4.255937140671396,1.7551400258165124,2
4.254811801829753,1.757206728275932,2
4.254298958258932,1.7602425698574073,2
4.253173393057821,1.7623094150637915,2
4.253045159529169,1.7630683897338528,2
4.254014316820026,1.7665242176265927,2
4.253501563792998,1.76956000210928,2
4.254343121361728,1.7737744049805784,2
4.2527047125897965,1.7788770917684342,2
4.253418806252082,1.7838499839701125,2
4.254389593331155,1.787304784084693,2
4.255360742585378,1.7907593558041324,2
4.25658822308122,1.7926960638316167,2
4.256818145545132,1.7959407851423865,2
4.257790200237245,1.799394785873961,2
4.258020575420105,1.8026392216907947,2
4.258993263918747,1.8060928227308626,2
4.260708537364533,1.809755417697799,2
4.261809776295088,1.812449844222046,2
4.262783596591092,1.8159027315272844,2
4.261785789563735,1.817210901832233,2
4.263502489074213,1.8208725974932811,2
4.263734516681218,1.824115991257269,2
4.265579676079817,1.8270185695012877,2
4.267297756383066,1.8306793944058466,2
4.267552729467855,1.8291623871956908,2
4.268655847182032,1.8318556289201187,2
4.268273523370542,1.8341310540871731,2
4.267636317018056,1.8379234293655902,2
4.268357880542958,1.8428916109173912,2
4.268209372578305,1.8484093021473953,2
4.268931932084882,1.8533768556125452,2
4.26829529163108,1.857168874023552,2
4.269889529779462,1.8615859043070326,2
4.269635009413623,1.8631026260232524,2
4.270867922536819,1.8650359081235557,2
4.27271763176082,1.8679356171535542,2
4.273207167678709,1.8696604049413672,2
4.2753116009920795,1.8710432637828749,2
4.276545283737484,1.8729760605434933,2
4.2769082159149185,1.8754587952232171,2
4.278759351203604,1.8783576049473307,2
4.2801205431273495,1.8795318838281716,2
4.281354995494958,1.8814641952491016,2
4.283207013585589,1.8843624482600507,2
4.284188484831777,1.8878105107178378,2
4.284552661986318,1.890292460289242,2
4.282810527043871,1.8913927358189646,2
4.284045884849373,1.8933244762520278,2
4.285028125717769,1.8967720533701282,2
4.28787960325991,1.8983610940232758,2
4.28824452740071,1.9008425725296938,2
4.287991455735501,1.902358380665337,2
4.288483074160538,1.9040818551810599,2
4.287485312405078,1.9053899969366164,2
4.287850508177247,1.9078713041466795,2
4.288960710942934,1.9105600778910734,2
4.286093418246423,1.913726941682631,2
4.28435028732229,1.9148278452990013,2
4.284097125113288,1.9163437105334271,2
4.283098842731047,1.917652180607007,2
4.285081131585578,1.9197901742251897,2
4.283956290734778,1.921856562641283,2
4.285193731047428,1.9237869898022648,2
4.287416309629741,1.929163166920178,2
4.286910619018261,1.9321944976975285,2
4.2861224227852865,1.9042167886580188,2
4.288721802007945,1.907321023634852,2
4.288468820886521,1.9088367746717037,2
4.289705582120764,1.9107676300735843,2
4.2895791368319465,1.9115254770426198,2
4.288707775093403,1.912075800378533,2
4.287836368082971,1.9126261522638366,2
4.288201903394352,1.915107245353454,2
4.285952810227375,1.9192396510435277,2
4.285952810227375,1.9192396510435277,2
4.28744309584577,1.9196544128158326,2
4.290550044463533,1.9197261322155015,2
4.293038023929544,1.9188327950563426,2
4.294035672505267,1.9175247246742693,2
4.29452817373225,1.9192476424768259,2
4.296763398436315,1.9198699136075525,2
4.2968776050504225,1.923865715681167,2
4.298367981212603,1.9242804203546875,2
4.301096657853442,1.9266250097507172,2
4.303080418044551,1.9287620755136263,2
4.305935653153934,1.9303487465671374,2
4.306922919202634,1.9337931547025953,2
4.309652999272199,1.9361368590674317,2
4.309895552594696,1.9393736150974945,2
4.3132463674199,1.9426812625948244,2
4.314486433502438,1.9446100338909993,2
4.315475646242607,1.9480532144025453,2
4.3158448938493414,1.9505319664419165,2
4.317580584919593,1.9541816856325127,2
4.31944217801593,1.9570739004467992,2
4.321924935950893,1.96092978717434,2
4.324408418236178,1.96478521711159,2
4.325400166202439,1.9682267988571187,2
4.324774504183072,1.9720118940402678,2
4.325641753551984,1.9762100951309183,2
4.325762886765968,1.9802015291473722,2
4.328746023237578,1.9857753660830504,2
4.331730517866028,1.9913483465369364,2
4.3313560034563565,1.9936188469336606,2
4.332350648823869,1.9970586015180238,2
4.331976270229877,1.9993290162665645,2
4.334092745867206,2.0007042809694795,2
4.332971413588233,2.002768456807601,2
4.334216323763496,2.0046941733187005,2
4.33434012801926,2.0086839229209517,2
4.33384140927955,2.011710857091746,2
4.334588415609208,2.016662993884566,2
4.334837510720476,2.019895624527308,2
4.3357099437213265,2.024090556712437,2
4.335834970318238,2.0280795354810763,2
4.336832694174589,2.0315173487067,2
4.33758187355518,2.0364681151286383,2
4.337208513578819,2.038737887515836,2
4.336586246951548,2.042520841494497,2
4.336712360073932,2.0465091350776987,2
4.33671429150224,2.0512538481602753,2
4.335967843180885,2.0557932216383072,2
4.336843332034608,2.0599862267393974,2
4.337094736012503,2.0632174013630866,2
4.3382195616001376,2.065896953653475,2
4.339468908421068,2.067819872324044,2
4.339969422773397,2.0695377368840013,2
4.341219086497588,2.071460455708813,2
4.34209652204278,2.075652233185995,2
4.342349238905619,2.0788825798772805,2
4.3442248889252255,2.0817659301049787,2
4.346974300093777,2.0840974438789175,2
4.349098539861032,2.0854678123609,2
4.351222915443959,2.0868380951947003,2
4.35197233644719,2.0870427781631946,2
4.356345201399304,2.089026967155519,2
4.357844088677666,2.0894363045431135,2
4.360092419595215,2.090050310624509,2
4.359219405432523,2.0906016760132715,2
4.359219405432523,2.0906016760132715,2
4.3605948127311684,2.0917669903846488,2
4.361344301642241,2.091971630529052,2
4.364342257286552,2.092790191106676,2
4.3679664029497935,2.0945692546149033,2
4.3679664029497935,2.0945692546149033,2
4.366846926818496,2.096632259927901,2
4.366097347363631,2.096427676882282,2
4.365224401108783,2.0969789994469608,2
4.364854300708831,2.099246716277843,2
4.36448420030888,2.1015144331087328,2
4.3649872498872995,2.103230698902671,2
4.367236599422476,2.1038440626227235,2
4.368366472826359,2.106520431655767,2
4.3681200108577585,2.108032071579995,2
4.368500282170828,2.1105038718421163,2
4.369003875011984,2.1122197950433375,2
4.370257613206693,2.1141399444227638,2
4.3703920789936355,2.1181229706429185,2
4.370649866308661,2.121350119802166,2
4.370661689645932,2.126088594842326,2
4.370796834511289,2.130071192821582,2
4.368680343610798,2.1334418688251446,2
4.367314133879539,2.1370166853587342,2
4.365073687644429,2.1411436381147055,2
4.362955906494943,2.144515127775975,2
4.36406478163012,2.1377128765892017,2
4.364569189365383,2.1394282859013494,2
4.364322817940572,2.140939868726793,2
4.363202323191651,2.143003516401137,2
4.36045640533176,2.145415730755712,2
4.360591165386015,2.149398571404806,2
4.359470195282199,2.1514625188477794,2
4.3585956871469875,2.1520148263665178,2
4.356969879224913,2.1523636357165827,2
4.355971891109981,2.1536719202191072,2
4.355601790710029,2.1559396370499897,2
4.354603644143463,2.157248021475393,2
4.352730514086794,2.1591090131881536,2
4.350857112398749,2.1609701761972815,2
4.348859913827734,2.163587516035939,2
4.3458533565234525,2.162774379843029,2
4.343227387435505,2.164432844066493,2
4.3424852852160285,2.168969476802779,2
4.340106004456157,2.169116158355042,2
4.337850407399529,2.168506734451256,2
4.336974699559107,2.169059798528913,2
4.335975081655967,2.1703691108095953,2
4.334603710928725,2.1739471819740075,2
4.33310820377929,2.1782816440884005,2
4.3314884922998225,2.1833725399768653,2
4.329744508582472,2.1892199124634857,2
4.32737146008089,2.1941085949059698,2
4.326503455835333,2.199402732018573,2
4.327513312559425,2.2028328940068143,2
4.328523531458682,2.206262827599911,2
4.32727478054516,2.209085464219015,2
4.326655117051828,2.2128667766075694,2
4.326540970455177,2.21836279884813,2
4.323660933720337,2.221537699293883,2
4.324042563190243,2.2240086430742103,2
4.3230410438675335,2.225319154429396,2
4.322039434001034,2.226629722883377,2
4.321667432181506,2.2288986387887775,2
4.321295430361985,2.231167554694178,2
4.321305352279676,2.2359072288088484,2
4.320561484456313,2.2404449749714708,2
4.318309222256719,2.2445793791190702,2
4.318567417018798,2.247806271333779,2
4.318453858956776,2.253301922432229,2
4.317833969103969,2.2570833775677492,2
4.3173380572217255,2.260108541676164,2
4.316718167368922,2.263889996811681,2
4.314712548225508,2.26651264683748,2
4.314216455255686,2.2695379251434673,2
4.314475397004028,2.2727643462931866,2
4.313855393971483,2.2765458728021883,2
4.312480129861303,2.2801263992144207,2
4.310856547634852,2.2852197360760016,2
4.310236318242836,2.289001405331966,2
4.308488237419031,2.2948513615386794,2
4.307236159021262,2.297676096538183,2
4.306739794420071,2.3007015461405302,2
4.304731458962976,2.303325909129917,2
4.303354678244332,2.3069073919468224,2
4.302101852860297,2.309732598011312,2
4.298580007302892,2.3119568450671117,2
4.29442545257373,2.3132247003049216,2
4.291026634277092,2.3146932558708677,2
4.2883837561365254,2.316362383292695,2
4.285491246994724,2.3195451490962746,2
4.28385339674869,2.319901552584934,2
4.281841348996238,2.322528256624558,2
4.2790721387465815,2.3249551596419344,2
4.279579443883097,2.3266687417929113,2
4.278573057831718,2.3279823222078733,2
4.276809645098812,2.3290960159523983,2
4.273532088459067,2.3298099934548375,2
4.271518320374625,2.3324377823714073,2
4.269504190115029,2.3350657996831288,2
4.269129200350459,2.3373365998484843,2
4.267239613960104,2.3392079692656793,2
4.267746873824727,2.3409215799660466,2
4.267371816152316,2.3431924229554895,2
4.263459626285297,2.3429512219891535,2
4.262959096669803,2.345979298135674,2
4.264223971750578,2.3478924243643675,2
4.264981541694841,2.3480919684420876,2
4.26384871035464,2.3501633958260797,2
4.264106090222619,2.353390801929873,2
4.264613734898344,2.3551041699603985,2
4.264488693038263,2.3558611318982443,2
4.264488693038263,2.3558611318982443,2
4.2652464893419975,2.3560605332289946,2
4.266762081949466,2.3564593358904986,2
4.267902888515888,2.3591288102450854,2
4.269418616939042,2.3595275272584075,2
4.271817025074377,2.359368783587513,2
4.273841054615723,2.361480454665166,2
4.27510742366902,2.3633926387638837,2
4.277889928592522,2.365703282931392,2
4.280039316897216,2.367057792225445,2
4.280808325367641,2.3719960540131595,2
4.283716460685856,2.3735493651007076,2
4.284859689298639,2.3762173120627565,2
4.287134368458833,2.3768147023973043,2
4.291848856384373,2.3914650342109205,2
4.291724765234079,2.392221396611511,2
4.291104309482591,2.396003208614445,2
4.291366782438704,2.399227402911496,2
4.2922643413410455,2.4034064901833965,2
4.294556548097233,2.408738758334554,2
4.295331396642062,2.4136733372505503,2
4.2959829462947425,2.4193637789527465,2
4.296882723519918,2.4235414673043785,2
4.296387535987989,2.4265661746225042,2
4.297659201852955,2.428475018442221,2
4.298559929787917,2.432652107256594,2
4.299461110441822,2.4368289105770344,2
4.297322866395984,2.4402133045640326,2
4.296704334700014,2.4439939032177556,2
4.294565411575757,2.447378725445656,2
4.293946653520319,2.4511594668463452,2
4.293451647075965,2.454184059966895,2
4.291435660668682,2.4568132478037334,2
4.292196150650145,2.4570109504455857,2
4.293222214712507,2.460430891751063,2
4.293735382559376,2.462140776755618,2
4.292727298811947,2.4634554277728284,2
4.291842876131817,2.464013987608684,2
4.29095840817979,2.4645725759939268,2
4.288941697422203,2.467202220621065,2
4.286287614487719,2.4688784140177056,2
4.285526739695154,2.4686809540456878,2
4.285650649757873,2.4679247058426768,2
4.284128945444632,2.4675297573492614,2
4.286924624489462,2.469832093643337,2
4.2861637270609485,2.4696346479460196,2
4.283881034775408,2.4690423108540713,2
4.280837445061355,2.4682525280648058,2
4.28032468466154,2.4665423861157088,2
4.279812014805518,2.464832187067824,2
4.2791753217070365,2.4638783075964383,2
4.279051207920791,2.4646346842717186,2
4.280696890204592,2.464273341738039,2
4.2791753217070365,2.4638783075964383,2
4.278290401036067,2.464437181475617,2
4.275883776051867,2.4646011068613767,2
4.273352743014097,2.465521594493481,2
4.269050827380823,2.4675604865199823,2
4.2651215021016995,2.467330091498969,2
4.263225894549365,2.4692052579854646,2
4.263737907962916,2.4709158709995513,2
4.264001014725558,2.474139665605101,2
4.260582480518831,2.4756206544317934,2
4.258049387609866,2.4765424410612837,2
4.254879420514833,2.476510462416961,2
4.251584434195674,2.4772354314357834,2
4.250810989079582,2.472299967488599,2
4.250935872488032,2.471543105473632,2
4.253593961985185,2.46986438545569,2
4.253593961985185,2.46986438545569,2
4.254854279867775,2.4670344544666207,2
4.252434473389464,2.4624607612940217,2
4.251673530689054,2.462263344146095,2
4.252684240206371,2.4609470372640843,2
4.253058890431731,2.45867645121918,2
4.253308657248635,2.457162727189246,2
4.255204740155861,2.4552872609341208,2
4.255454416428975,2.453773594002975,2
4.256714349500459,2.4509439056837437,2
4.255068327677453,2.451305462337878,2
4.254182841107802,2.451864693084474,2
4.254319163042421,2.4558465487795047,2
4.253058890431731,2.45867645121918,2
4.253320276862375,2.461901330701675,2
4.253082491834373,2.4681534298488863,2
4.254617173918188,2.473286125372937,2
4.255004168107604,2.4757536860501723,2
4.256914043679515,2.478615452936598,2
4.253631944587145,2.48407822608484,2
4.252496080030014,2.4861515662781812,2
4.251484872521857,2.4874681872035183,2
4.249462185874183,2.490101600350549,2
4.250099127968081,2.491055322800271,2
4.2520102258811505,2.4939163188530813,2
4.253409219836872,2.4950667589905997,2
4.254558990238429,2.4977305805653316,2
4.25379705155634,2.497533791504054,2
4.252785708232498,2.498850498077573,2
4.253811047944549,2.502270896173343,2
4.256221860579004,2.5021043299687094,2
4.256097271437866,2.5028610064126156,2
4.256734779430445,2.5038143719949275,2
4.25457312244232,2.5024675995864314,2
4.255335196940095,2.502664302999527,2
4.2541992192032225,2.5047377145663496,2
4.253187762699653,2.50605449251335,2
4.251538685023757,2.506417976251523,2
4.251788089665503,2.5049044806167338,2
4.253312419748632,2.505297773245349,2
4.2550859733859205,2.504177684436744,2
4.255210585163006,2.5034209937181338,2
4.252924293761847,2.502830926302945,2
4.248489843769935,2.5056315051918716,2
4.246965423143024,2.5052382696620406,2
4.192599319978132,2.4975376876727786,2
4.191710483288283,2.4980990310744673,2
4.1918369285771,2.497341184105437,2
4.191201005100826,2.496386819294365,2
4.191201005100826,2.496386819294365,2
4.191074537176064,2.4971446805380957,2
4.192599319978132,2.4975376876727786,2
4.19285216528387,2.4960220222841016,2
4.19285216528387,2.4960220222841016,2
4.19285216528387,2.4960220222841016,2
4.193361711379168,2.4977341912401165,2
4.19285216528387,2.4960220222841016,2
4.190691617457162,2.494674550415475,2
4.190818108017872,2.493916674897047,2
4.190944598578582,2.4931587993786195,2
4.192469155021179,2.493551949260265,2
4.193105010589612,2.494506356895428,2
4.193357855895346,2.4929906915067512,2
4.193737123853953,2.4907171934237446,2
4.194246511497617,2.492429462302635,2
4.193484278548215,2.492232858812418,2
4.193357855895346,2.4929906915067512,2
4.194246511497617,2.492429462302635,2
4.193610701201088,2.4914750261180814,2
4.194625711548383,2.4901560070437156,2
4.1947521115653,2.489398188624076,2
4.19551425397092,2.4895948492130806,2
4.195261499208971,2.491110457502966,2
4.196023686886477,2.491307089542577,2
4.196276396376529,2.4897915098020817,2
4.197800681187761,2.490184830980091,2
4.196402751121557,2.4890337199318324,2
4.196150041631505,2.4905492996723275,2
4.1969122066730655,2.4907459459866352,2
4.197926990660896,2.4894270696592358,2
4.198815397267744,2.488865997476779,2
4.198815397267744,2.488865997476779,2
4.1994512302002285,2.4898204193866356,2
4.200213349969893,2.4900170942503337,2
4.201863785802622,2.489652754030363,2
4.201101688668903,2.489456064891968,2
4.200213349969893,2.4900170942503337,2
4.200339591535183,2.489259375753573,2
4.200592074665764,2.4877439387600475,2
4.2009707993616345,2.4854707832697507,2
4.202242374682815,2.487379684188248,2
4.201480345456936,2.487182952225762,2
4.201227907598248,2.4886983606699005,2
4.201480345456936,2.487182952225762,2
4.201606564386275,2.486425248003698,2
4.20173278331562,2.4856675437816307,2
4.203256751223584,2.4860610648053907,2
4.202494767269602,2.485864304293507,2
4.202494767269602,2.485864304293507,2
4.201859002244966,2.4849098395595632,2
4.202747159856397,2.484348924398766,2
4.202999552443188,2.4828335445040253,2
4.202873356149794,2.4835912344513957,2
4.202873356149794,2.4835912344513957,2
4.203887619510827,2.4822726864420197,2
4.203887619510827,2.4822726864420197,2
4.204266140483174,2.4799996594239992,2
4.204013793168279,2.481515010769346,2
4.20490179232808,2.480954195531428,2
4.2050279433495845,2.4801965341334515,2
4.204518487798069,2.4784843080786487,2
4.2061681313726496,2.478120467473058,2
4.205532547435588,2.4771658885415384,2
4.205406396414091,2.4779235499395185,2
4.205280245392583,2.478681211337495,2
4.2041353190837505,2.476014334977691,2
4.203499848326423,2.47505968467269,2
4.2022290426274616,2.473150298414499,2
4.201341134011443,2.473711056553636,2
4.201341134011443,2.473711056553636,2
4.202738181275702,2.4748627243150594,2
4.203499848326423,2.47505968467269,2
4.2041353190837505,2.476014334977691,2
4.207560395079248,2.4745292207636815,2
4.207560395079248,2.4745292207636815,2
4.207434289329637,2.4752868536122676,2
4.20667264491486,2.4750898789799365,2
4.207055972080816,2.477559752158019,2
4.210612548554153,2.4800595341494116,2
4.214673095306978,2.4795290702404067,2
4.218984721761643,2.477484054369061,2
4.21949485639157,2.479195852182965,2
4.22203891247181,2.4830130830321018,2
4.223821844764068,2.4866330109308876,2
4.227631085455563,2.4876172417311864,2
4.228392933593863,2.4878140878912447,2
4.227505613512481,2.488374474888264,2
4.228142034979591,2.4893285256560134,2
4.226232906393946,2.4864662877045944,2
4.225471080891587,2.486269427269839,2
4.223947429886888,2.485875706400325,2
4.2229343888669995,2.4871934835760854,2
4.223570674518427,2.488147619992013,2
4.224583692902364,2.486829857090946,2
4.226232906393946,2.4864662877045944,2
4.1475882615900375,2.57613556475005,2
4.145676197704027,2.578021108940977,2
4.143891280821187,2.579148363647274,2
4.145294077616057,2.5802964056357567,2
4.1450393308907465,2.5818132700989445,2
4.142999350379341,2.584457589114187,2
4.142744513110241,2.585974510676163,2
4.141851783037449,2.5865383093256646,2
4.141851783037449,2.5865383093256646,2
4.141851783037449,2.5865383093256646,2
4.139811213991415,2.589182999483018,2
4.137642750955941,2.592586450189984,2
4.135601412287691,2.5952316256870205,2
4.133432089086213,2.5986356188324606,2
4.135601691291843,2.5999773808224447,2
4.133942608527242,2.600347173976516,2
4.132538732579686,2.6039457436052587,2
4.1322834878635355,2.6054629221117693,2
4.134581255689973,2.606045752255781,2
4.135474710113069,2.6054814968159796,2
4.132794211028088,2.607174348783559,2
4.132411411861703,2.609450073719241,2
4.1313901313570085,2.6107730468845673,2
4.130879340284604,2.6090616630368615,2
4.131772998431231,2.608497279124798,2
4.131389920260695,2.606027248925052,2
4.13190062078931,2.607738689871539,2
4.131006985278628,2.608303059508909,2
4.129730301606148,2.6111433111036284,2
4.128581127112007,2.6132250448185737,2
4.1280703813115025,2.6115136324214774,2
4.126155344743605,2.6086551201658708,2
4.124111923568208,2.6113016089349976,2
4.122451754278146,2.6116720872745063,2
4.122579625631637,2.610913340999584,2
4.123345774599926,2.611107474967291,2
4.1209194110696785,2.611283847888494,2
4.119387067861215,2.610895608502478,2
4.120153239465441,2.611089728195484,2
4.120279827942728,2.615077722010053,2
4.120662430758372,2.6175480519784244,2
4.119640244815777,2.618871596131619,2
4.119640244815777,2.618871596131619,2
4.120150854800599,2.6205830941768937,2
4.119128578314218,2.6219066954288692,2
4.117850332761371,2.6247479319776517,2
4.115933221059105,2.6266366594259196,2
4.115421282926178,2.62967193001953,2
4.115165313859713,2.6311895653163333,2
4.114653375726782,2.6342248359099436,2
4.112991599284463,2.6345963277529094,2
4.111712493565619,2.6374381067401664,2
4.111712493565619,2.6374381067401664,2
4.111456388683472,2.6389558276851517,2
4.109027173023861,2.6391339992181173,2
4.106597821548572,2.639312256399272,2
4.104168334257601,2.6394905992286013,2
4.102634134901454,2.6391035303677057,2
4.099308952228604,2.6398475418317986,2
4.098541807278636,2.6396540359507448,2
4.095983407380594,2.640591781691036,2
4.09368183671501,2.640011349696053,2
4.09252892728956,2.642095438735936,2
4.092143208085972,2.6443730051074787,2
4.09175748888239,2.6466505714790216,2
4.090732903529386,2.64797562875005,2
4.0912431966109395,2.6496873266410788,2
4.09098605047522,2.6512057042221073,2
4.088426179240599,2.6521443778176774,2
4.086633656679474,2.653276428822039,2
4.084712221511275,2.6551678827373557,2
4.081255002470627,2.6566732670205475,2
4.077926152774307,2.6574195909854836,2
4.075874718473571,2.66007113299721,2
4.073312991091271,2.661010977117904,2
4.07075099207761,2.6619509925349583,2
4.069085888151033,2.662324582758327,2
4.066523459054366,2.663264869394613,2
4.06383148354411,2.6649649586333695,2
4.060370914383256,2.6664724555716575,2
4.057548622837199,2.668932832752567,2
4.054466785744999,2.6729131006323428,2
4.052541321378179,2.6748070954436614,2
4.050874768750976,2.6751815992476153,2
4.049078488622602,2.6763160198516047,2
4.047791301870575,2.679162894905545,2
4.045225930100763,2.680105037252396,2
4.0432992433927915,2.6819998028973266,2
4.044067995495016,2.6821922952749233,2
4.044836747597241,2.6823847876525164,2
4.0454757948342355,2.6833371825554586,2
4.044067995495016,2.6821922952749233,2
4.042530491290567,2.6818073105197335,2
4.039455482881667,2.6810373410093504,2
4.039585368834473,2.680277324286429,2
4.041252668447942,2.679902349417496,2
4.0397152547872786,2.679517307563515,2
4.036001719768173,2.677794614832173,2
4.031649884498329,2.675119056132907,2
4.027676441757926,2.6749164824955756,2
4.033707521048626,2.672463602854311,2
4.031780019446554,2.6743588823883258,2
4.027806689885889,2.6741562373775096,2
4.023442050042661,2.6762346845883016,2
4.021005432428286,2.676417523947066,2
4.019467928223836,2.6760325391918762,2
4.0185686789982284,2.6766004489540016,2
4.016131789752492,2.6767834596091262,2
4.013825397630136,2.6762060681245146,2
4.011649706354685,2.6748681460279187,2
4.010373649115948,2.6729620714993416,2
4.00742956791343,2.6714314286300045,2
4.004878449417635,2.6676186514862046,2
4.005647065704174,2.667811229511983,2
4.0055161611337375,2.6685718885962437,2
4.004616595004872,2.669139998204127,2
4.0055161611337375,2.6685718885962437,2
4.004878449417635,2.6676186514862046,2
4.0051403038303945,2.6660973047682788,2
4.005009376624017,2.6668579781272435,2
4.0051403038303945,2.6660973047682788,2
4.005271231036772,2.665336631409321,2
4.002197037521977,2.6645661480098646,2
3.9997603067278753,2.664749058742103,2
3.9975857472497864,2.663410422910676,2
3.995017659166301,2.6643542782211185,2
3.993217938373931,2.665490868578992,2
3.9888492240601927,2.667571885235173,2
3.984611097413616,2.6688924426528438,2
3.9814043242682864,2.6688836746651994,2
3.9797350553274065,2.6692598914327412,2
3.9783290442280226,2.6681138764511765,2
3.976659684743357,2.66849015031751,2
3.9740895820605573,2.6694352760759443,2
3.9699813413667897,2.669995816770694,2
3.966004661685929,2.669795284414981,2
3.964202632026936,2.6709333307919145,2
3.9633015492895964,2.671502396804467,2
3.9593242358022103,2.671302264140259,2
3.955479003954512,2.6703407301075615,2
3.9512365085701084,2.6716640425416784,2
3.947895028015207,2.672418331787327,2
3.946356708916653,2.6720338609212106,2
3.94468578755162,2.6724111197416107,2
3.94070716117929,2.672211815009799,2
3.936861137073439,2.6712507805914854,2
3.934553522609928,2.6706741599404964,2
3.9328821711619,2.671051689980132,2
3.931210729170079,2.671429277118552,2
3.9318470148215106,2.6723834135344724,2
3.9296722289839465,2.6710449204500115,2
3.924420669133603,2.6689375712815,2
3.92314868636538,2.667028927307534,2
3.923281922438381,2.66626679792952,2
3.9225127628891094,2.6660745624964655,2
3.9198053043908985,2.6677844156277004,2
3.9180001056992886,2.6689244604621543,2
3.9160613087595166,2.6708268630697702,2
3.9124499153946104,2.673107580825331,2
3.9096073194038254,2.675580762409094,2
3.9084370029349103,2.677675828690667,2
3.907132929766206,2.68053335266827,2
3.905593569414073,2.6801495384382044,2
3.9040542090619503,2.6797657242081314,2
3.9014776098622796,2.680714946804496,2
3.9000719835739943,2.6795686891530828,2
3.8964575117202607,2.6818513482673865,2
3.8937461824750628,2.6835636423717375,2
3.891168496749927,2.6845135501535395,2
3.889360491200854,2.6856553650503727,2
3.886782307484868,2.6866055868754977,2
3.884203852137521,2.687555979996983,2
3.8807207149372154,2.6890777088077833,2
3.878275993653716,2.689265658507928,2
3.8756966781403683,2.6902165940678806,2
3.8767357278637,2.6888824152657236,2
3.876466856307278,2.6904081871395924,2
3.8747920189233582,2.690787915482499,2
3.873887314434455,2.691359265446515,2
3.873618307062351,2.692885122968562,2
3.8718086717250664,2.6940279656435493,2
3.8701334495300515,2.694407936656301,2
3.869093879179939,2.695742443776485,2
3.8698642610703686,2.695933908375924,2
3.8689592623141493,2.69650544391099,2
3.869093879179939,2.695742443776485,2
3.8689592623141493,2.69650544391099,2
3.8688246454483597,2.6972684440454984,2
3.8670144668483424,2.698411629313206,2
3.86674514257297,2.6999376866810074,2
3.8666104804352877,2.70070071536491,2
3.867882327387832,2.702609444987047,2
3.868383724542106,2.704326752833847,2
3.8685183187719474,2.7035637669740353,2
3.8677477105220426,2.703372445121559,2
3.868383724542106,2.704326752833847,2
3.868383724542106,2.704326752833847,2
3.868383724542106,2.704326752833847,2
3.8685183187719474,2.7035637669740353,2
3.868652913001789,2.702800781114224,2
3.8734734664907933,2.711960186753963,2
3.872433782960943,2.7132947652476282,2
3.8697177001668166,2.715010057038267,2
3.86854319604765,2.7171077641387065,2
3.865826434175105,2.7188234841702474,2
3.863378589130871,2.719013403778522,2
3.861567007102124,2.7201574740774213,2
3.8588492945197927,2.7218737936462176,2
3.8561311744904074,2.723590370159549,2
3.8534126470139753,2.7253072036174224,2
3.8521015793375533,2.7281691384762823,2
3.8518317117994485,2.7296955384368005,2
3.848475789510168,2.7304589349388806,2
3.8457559717847403,2.732176582054457,2
3.843035746612255,2.733894486114579,2
3.840315113992723,2.735612647119236,2
3.8375940739261374,2.7373310650684317,2
3.835143354116603,2.7375227975631766,2
3.832286203211705,2.7400051577768565,2
3.828927564608751,2.740770267242528,2
3.825568563830636,2.7415356051033513,2
3.82298123519195,2.7424915939059034,2
3.818713681813893,2.7438307084291544,2
3.8156252729241977,2.743069189539167,2
3.8129011090968845,2.7447895773964923,2
3.8101765378225245,2.74651022219836,2
3.8070432944940187,2.750522907914121,2
3.8043177046020276,2.7522441950773384,2
3.8014554832449363,2.7547297528230565,2
3.798592718625116,2.757215653161495,2
3.7950930798192317,2.7587477882261204,2
3.7922292060379874,2.7612343880246897,2
3.7884553762280646,2.764295649516882,2
3.784817272445359,2.7665932114144347,2
3.7802686240993424,2.769465806147725,2
3.777812516934354,2.7696609360202658,2
3.7774020792763174,2.771954090360495,2
3.7759925596051005,2.770810287956902,2
3.773262284072022,2.7725345299823125,2
3.7706685947321468,2.773494529974613,2
3.7671642250132784,2.7750296484508254,2
3.7633849625760085,2.778094335870204,2
3.760652853531198,2.7798197341460416,2
3.7579203370393373,2.781545389366414,2
3.7537775086181,2.782127741797577,2
3.7496342274779195,2.7827103797226727,2
3.7444414161708117,2.784633805634453,2
3.738749312852537,2.7848385961526603,2
3.7360677877771487,2.781786164049805,2
3.7338845134593512,2.7804530239765626,2
3.7305134250853875,2.7812259845253706,2
3.731149144838131,2.782180477808712,2
3.7302372647539386,2.7827563528515427,2
3.7300991845882088,2.7835215370146287,2
3.7291872365961716,2.784097454881554,2
3.7291872365961716,2.784097454881554,2
3.7307349722487935,2.7844759874738827,2
3.7299611044224825,2.7842867211777182,2
3.731508840075108,2.784665253770047,2
3.730596914719019,2.7852411573622753,2
3.728137117894615,2.78543861401036,2
3.7250414655017856,2.784681663023278,2
3.7245440296382917,2.7829618571045813,2
3.725456113446011,2.7823858535894743,2
3.7240466843185906,2.7812419940870967,2
3.724820506873005,2.781431288932655,2
3.7240466843185906,2.7812419940870967,2
3.724820506873005,2.781431288932655,2
3.722775652260143,2.779332750575879,2
3.7213664494921943,2.7781887483265315,2
3.7184098732467703,2.776665985089714,2
3.7176361412361345,2.776476633145375,2
3.7163656977123303,2.774567018492043,2
3.7137674811829946,2.775529873423661,2
3.7122200171617337,2.7751511695349755,2
3.711446285151105,2.7749618175906328,2
3.7098988211298476,2.7745831137019508,2
3.7066651112072364,2.774591332603265,2
3.7042049974795788,2.7747889890971003,2
3.6999192221639454,2.7761395947511183,2
3.696545734379569,2.77691406841776,2
3.693171884420032,2.777688770479557,2
3.6888844340443008,2.7790404324611266,2
3.6861444476898306,2.7807707983313747,2
3.684178193345989,2.7826905161459763,2
3.6828464816856368,2.7855654695281373,2
3.679826486888672,2.7888286304229837,2
3.676031356652352,2.791903324404686,2
3.673149509928958,2.7944012583123623,2
3.6694924824943094,2.7967107538562743,2
3.664425120494336,2.7978769608856737,2
3.661326299068886,2.7971220083561192,2
3.6594969251855645,2.7982772985665463,2
3.6559777062852703,2.7998217812437325,2
3.6538675996091428,2.802510323269054,2
3.651262501751834,2.803477517708437,2
3.64865713226315,2.8044448834441837,2
3.645770848894088,2.80694561519239,2
3.6419684298827377,2.810024905626399,2
3.639575281547181,2.814248155485661,2
3.640497408712342,2.8224795726297245,2
3.639441019853397,2.8238246858494804,2
3.6374684274443077,2.8257484005791262,2
3.6347198167939148,2.827484205108785,2
3.6310543687868773,2.8297990108398388,2
3.6278827575277006,2.833835892166345,2
3.6228044623651954,2.8350089938742045,2
3.61836052879859,2.837137445347196,2
3.6156091339266823,2.8388750056645407,2
3.6127162634969565,2.8413798913494617,2
3.60904646938803,2.8436974378222573,2
3.606787688922843,2.847157844568674,2
3.603116536657083,2.849476247523274,2
3.6009980094085634,2.8521700997357264,2
3.5982437624072965,2.853909458664841,2
3.5953476324011575,2.8564163999060703,2
3.592309415666623,2.859691051931687,2
3.587858057509308,2.861824185505167,2
3.583547563739234,2.8631903791278823,2
3.579871703196435,2.8655117512193726,2
3.5763370692160343,2.867065954964943,2
3.574849938254328,2.870717026927789,2
3.5711721762919595,2.8730395980937935,2
3.569190914315058,2.874968780032237,2
3.566147423404807,2.8782467580621613,2
3.5664317779491768,2.8767112222958175,2
3.564800975742763,2.881131004271815,2
3.563596569537218,2.883247568246471,2
3.562818763056079,2.8830607857475172,2
3.5626765178760493,2.8838285964547765,2
3.560978569189949,2.884222899262923,2
3.558995858512425,2.886152994781945,2
3.558568851340972,2.8884565982000936,2
3.558426515617157,2.889224466006141,2
3.558284179893338,2.8899923338121916,2
3.5590622127339557,2.8901789735641756,2
3.559204525821823,2.8894111200328254,2
3.558426515617157,2.889224466006141,2
3.554744769728064,2.89154954951875,2
3.5558738282378393,2.8942264324408704,2
3.5563672801746122,2.895948750706175,2
3.5553043042549923,2.897298017862642,2
3.5511280199036577,2.8979014682953874,2
3.54850798232113,2.8988780840345285,2
3.5444735583387157,2.8987139664298525,2
3.5432670922619742,2.9008318294018984,2
3.540503473978525,2.9025770980554064,2
3.5375966145333706,2.90509080550283,2
3.5340534468008435,2.9066503908090198,2
3.531574454693139,2.9068599523998273,2
3.5290953267697454,2.9070695996388096,2
3.526472935048698,2.9080476999463976,2
3.523707075806474,2.909794381794871,2
3.5198753432433705,2.912892157960979,2
3.5169651110420723,2.915407992338192,2
3.512844881556248,2.9200439165401235,2
3.508518270991697,2.921420273746815,2
3.503699046020433,2.921073784524438,2
3.498591890025118,2.9222650864704676,2
3.4944072756451767,2.9228737899915593,2
3.490366264602102,2.922713826323591,2
3.4856897828016997,2.921599212350621,2
3.4832072821221587,2.9218109865193966,2
3.4824278458528184,2.9216252317986005,2
3.4800895370447726,2.9210679676362084,2
3.477895646467701,2.9197415223956753,2
3.476336819200899,2.919369984404682,2
3.47385404688999,2.9195819298698176,2
3.470736301812604,2.918838910986633,2
3.4676185567352142,2.9180958921034374,2
3.4637213753884737,2.9171671184994423,2
3.4598241940417402,2.916238344895458,2
3.4565614195628065,2.916264892507204,2
3.454223042846923,2.915707671168903,2
3.4512503950789153,2.914195042966675,2
3.4481326500015257,2.9134520240834796,2
3.4442354686547922,2.912523250479488,2
3.440826759336421,2.913319935574055,2
3.4367837563299872,2.913161228079389,2
3.431815269035024,2.9135869747202143,2
3.427137972340521,2.9124728746363218,2
3.4207555287286766,2.9117576167141017,2
3.416419184706797,2.913140112040331,2
3.4125209847424287,2.912211980797686,2
3.4094024247709385,2.9114694758035675,2
3.4069170719620345,2.9116830485841163,2
3.403505374698625,2.912481617938628,2
3.4000933152600545,2.9132804156882877,2
3.3960478222994155,2.91312327841025,2
3.391855262701977,2.9137369923498575,2
3.3887812585347667,2.9170342126707993,2
3.3844405231391086,2.9184194772881753,2
3.3822922522558407,2.921132086451969,2
3.379171881408567,2.9203907234335844,2
3.376684378184674,2.920605652310307,2
3.373416601161388,2.920635354630008,2
3.370296049226532,2.919894105809192,2
3.3657627633159457,2.918011081591704,2
3.360934393421971,2.917670359346751,2
3.3558101246505068,2.918872452963413,2
3.3612715658913928,2.9201693386312115,2
3.3581507423251686,2.9194282611067557,2
3.3562947485678265,2.9206003383603907,2
3.3559991665936018,2.922142954376252,2
3.349756795110846,2.920661256117633,2
3.3477119857698767,2.9185626892114627,2
3.3455193401699113,2.9172354588626206,2
3.343475006183837,2.915136592187821,2
3.340354273161406,2.9143954575645807,2
3.338942218264087,2.9132532539270066,2
3.3367501159268507,2.911925680985444,2
3.334261254546128,2.912141466343968,2
3.3329979187097685,2.9102273694359013,2
3.3289487360897176,2.910072558933411,2
3.3259768805798693,2.9085594311167995,2
3.3236365345365684,2.9080034516771036,2
3.3214450207339645,2.9066755075934267,2
3.3191047425985083,2.9061194853296364,2
3.316133362443548,2.904606057744399,2
3.312382115936252,2.902907146657597,2
3.3092619261765535,2.9021656694416365,2
3.308481878736629,2.901980300137648,2
3.308183444633041,2.9035247147652825,2
3.3080342275812455,2.904296922079098,2
3.305992451457218,2.9021964423635893,2
3.304432311305476,2.9018257323049994,2
3.3019427029384936,2.9020419887285094,2
3.3011626102266725,2.9018566479739114,2
3.3005319609261186,2.9008989571585353,2
3.300681404337382,2.90012660709775,2
3.3013120310019914,2.9010843121878267,2
3.3013120310019914,2.9010843121878267,2
3.299901356897461,2.899941237793758,2
3.299420286823864,2.8982111112694184,2
3.298159350397917,2.896295501243511,2
3.295338771811064,2.8940088671156943,2
3.292518555399372,2.8917220045927365,2
3.2906283051937635,2.888847861544349,2
3.2859495145267417,2.887734703590432,2
3.282980330058674,2.8862198913596266,2
3.2790814510158874,2.88529218835788,2
3.2761125608151396,2.8837771905560174,2
3.2717347394778002,2.881118019208447,2
3.268916786660835,2.8788297292158234,2
3.2654701312347925,2.875582520783915,2
3.2629807265913264,2.875798648735156,2
3.262528865149747,2.8781179257701766,2
3.2623782446692218,2.87889101811518,2
3.262077003708164,2.8804372028051937,2
3.2630073547253566,2.8798496796099293,2
3.2631579525699372,2.879076601539616,2
3.2637870852620168,2.880035248759672,2
3.2639376604706456,2.8792621849640554,2
3.2662767841727955,2.8798189352373704,2
3.26549707627208,2.8796333518129344,2
3.2651960163986082,2.881179422305376,2
3.2641151580806245,2.882539966472166,2
3.2614745217860595,2.883529572185221,2
3.258833613860123,2.8845193491946333,2
3.2563431905990328,2.8847361195072203,2
3.252771003582076,2.886314004974462,2
3.2509092602941188,2.8874897080010307,2
3.2488963985348,2.889438817415936,2
3.2461031045244546,2.891202800196691,2
3.243787530467497,2.8946990221568853,2
3.241320407856186,2.898968921724645,2
3.2396332874129072,2.9034242191457906,2
3.2380970364455663,2.907106267200266,2
3.2371652140918066,2.9076947182508093,2
3.2343694753991485,2.909460242698799,2
3.2351502245534327,2.909645169487195,2
3.2349990155382784,2.910418632974313,2
3.2343941794776505,2.9135124869227838,2
3.23174903862958,2.9145049333004636,2
3.22801993833874,2.9168598794783662,2
3.2236605056506207,2.9182569349951315,2
3.2216437957802526,2.9202084711084595,2
3.217761177607642,2.9233383367925327,2
3.214332775015123,2.9241474408731385,2
3.2109040102474466,2.924956773348896,2
3.2081044008078052,2.9267247387700017,2
3.2060858574257125,2.9286774311337496,2
3.205000517190168,2.9300408016904633,2
3.20469665045923,2.9315886422452806,2
3.2040889169973497,2.9346843233549222,2
3.203155306403751,2.935273902106495,2
3.2019176932635283,2.93741140706107,2
3.200983946854244,2.938001071460821,2
3.200527943034306,2.9403229607653216,2
3.198660178584376,2.9415024608611873,2
3.196792233046864,2.9426820751546288,2
3.1957060779172153,2.9440459596004196,2
3.1933601634308815,2.9434934917360813,2
3.190080004544427,2.943531002314831,2
3.185865261718636,2.9441587054571023,2
3.1825846274772864,2.9441965158044745,2
3.179780807751449,2.945967136319151,2
3.1786935434603834,2.9473317202250797,2
3.175106869437151,2.9489187414981437,2
3.173561224551687,2.952606713551713,2
3.1798003281980236,2.950022649448659,2
3.178083274772405,2.950429000100737,2
3.177148419201707,2.9510193639606257,2
3.178083274772405,2.950429000100737,2
3.17793070760041,2.9512033200696486,2
3.17793070760041,2.9512033200696486,2
3.174973302084947,2.9537489029145867,2
3.174668031925272,2.9552976285005954,2
3.1737329499951024,2.955888135107447,2
3.172492462089572,2.9580274529484925,2
3.17046925570234,2.9599830858997436,2
3.16844577768374,2.9619388901473513,2
3.1678346941016606,2.965036683912089,2
3.169094725089714,2.966952864925858,2
3.1687892738424637,2.9685017047094355,2
3.1684838225952134,2.97005054449302,2
3.1667652978330203,2.9704578230003733,2
3.1659823982637363,2.9702742523081547,2
3.16582960473227,2.9710487150240326,2
3.165371224137864,2.973372103171677,2
3.166001443355423,2.974330065206292,2
3.165695901564387,2.9758789620886574,2
3.164760050012003,2.9764699540351955,2
3.1621050851627963,2.977468595631205,2
3.1592969193350804,2.979241956887627,2
3.157901917566086,2.982156822321489,2
3.154939984861162,2.9847052601057484,2
3.1538505248832145,2.986071228657245,2
3.1530671046871426,2.9858879862830534,2
3.1505637110282514,2.9861129359967897,2
3.1483665835107146,2.984788532037875,2
3.143989540055589,2.9861966932685995,2
3.1407021829379005,2.9862387432008646,2
3.1388282615103016,2.9874221260142093,2
3.135233415910097,2.9890143004527516,2
3.131791658108675,2.9898318266043518,2
3.12913325259548,2.9908326379542416,2
3.125998394741938,2.9901004107416753,2
3.1245848006002106,2.9889591777834745,2
3.120358445533455,2.9895942038451047,2
3.1189449645714618,2.9884528995134154,2
3.116593821181308,2.987903729103998,2
3.1136131150160615,2.9863961826937597,2
3.1120457313611887,2.986030040538086,2
3.1089109640514323,2.9852977562267426,2
3.1067142439809494,2.983973095323286,2
3.103579567214979,2.9832407539131545,2
3.1002903539496067,2.9832839743705364,2
3.0962172451332677,2.983144252222356,2
3.093556666569132,2.9841464339431205,2
3.0910506018684636,2.9843730680710614,2
3.0896378678927334,2.983231292674386,2
3.0894830371260085,2.98400704011296,2
3.0886992547547827,2.9838240261339095,2
3.087131690012324,2.9834579981758083,2
3.0849353094810468,2.982133123151904,2
3.0818002705399223,2.981401010136917,2
3.078665231598805,2.98066889712193,2
3.074591172072676,2.9805297745110053,2
3.0698884778453106,2.9794316906367015,2
3.0676925953048695,2.9781065015694708,2
3.0640849521344364,2.9756389232936122,2
3.0626731462325445,2.9744965626343784,2
3.0617338087442825,2.9750897528841946,2
3.055308266288783,2.9744016739842962,2
3.0526410697680326,2.971340205998491,2
3.0493503851660826,2.9713843543111516,2
3.047314842187575,2.9733477669720543,2
3.043555228639786,2.975721955440978,2
3.0424590457854883,2.9770921635773675,2
3.0396386565462272,2.9788732331699563,2
3.0371304640665073,2.9791012091193743,2
3.033525341746234,2.980699864270175,2
3.0322720418945366,2.9828472615894945,2
3.0303908769638035,2.984035212305752,2
3.0269411060370395,2.9848577916999517,2
3.024275230661239,2.985863313699717,2
3.0225500509305405,2.9862747889678793,2
3.022236722373634,2.987828596345878,2
3.0194129294822716,2.985543989224979,2
3.0169032656659773,2.985772893029676,2
3.0136091404000425,2.9858192110962243,2
3.0104718378641913,2.9850885255509,2
3.0062359756995747,2.9857295469851017,2
3.0019996608160113,2.986370853913243,2
2.999646412282754,2.9858230110506057,2
2.99745052974232,2.984497821983375,2
2.9935285620332976,2.9835846791721607,2
2.9902334181497316,2.983631639600059,2
2.9861536543648874,2.9834961142126772,2
2.985211510019159,2.9840910745248728,2
2.9839580887277073,2.982170725299696,2
2.9823892563722048,2.981805496724604,2
2.98192047761799,2.980067619040007,2
2.981136106712132,2.979884976203067,2
2.9797252515200263,2.9787420160065743,2
2.9790988125056685,2.9777816700976274,2
2.9795725402723363,2.9754486037056935,2
2.9775357214207645,2.973344997831621,2
2.975499174200568,2.9712412206611916,2
2.9776995077626083,2.9684957796952105,2
2.974721291551571,2.9669866630683437,2
2.973627590391466,2.9642874830701267,2
2.972534160862729,2.9615881317755495,2
2.9712827768065395,2.95966649782768,2
2.970031573837929,2.9577447496822344,2
2.9689388686595066,2.955044941597368,2
2.967846435112449,2.952344962216138,2
2.96581221939482,2.950239714751959,2
2.963153194451042,2.947173093600675,2
2.9606533237399155,2.943327998543765,2
2.9583128788928157,2.938704258284872,2
2.955190077739175,2.9338966047410473,2
2.9525337464731223,2.9308282849008656,2
2.950979030688721,2.926386330997115,2
2.9489478708239716,2.9242791564488932,2
2.946757873629835,2.922950255960547,2
2.9453510023644505,2.9218047834174534,2
2.9425375314650566,2.9195136670349022,2
2.9405073223100935,2.917405892949425,2
2.937694530489118,2.9151143483259716,2
2.9331569437485463,2.913234036300839,2
2.9295620898883286,2.9107583928214,2
2.927373450851025,2.9094286358512598,2
2.9251849476294076,2.908098793232938,2
2.923476148064541,2.9044321157027717,2
2.9214480440526884,2.902323014070504,2
2.918015128646644,2.899067140897756,2
2.913800422832736,2.8956269975726556,2
2.911151335069821,2.8925541098295646,2
2.9089644616364083,2.8912232394330886,2
2.9069381232284393,2.889113024374492,2
2.905694344850538,2.8871865941285577,2
2.9044507475602224,2.8852600496850584,2
2.9024251335025646,2.883149377836169,2
2.9003997910762713,2.8810385346909193,2
2.8974318968572064,2.8795229088024072,2
2.894624990382521,2.877227652757842,2
2.892140240484192,2.8733730222036016,2
2.888552290587903,2.8708930249416937,2
2.8876326154778305,2.867405992562187,2
2.885770411210917,2.8645141631647064,2
2.885149766999067,2.8635501629334286,2
2.8829656777871726,2.8622175367492666,2
2.882506406130819,2.860473663692094,2
2.8812655704260663,2.858545377735606,2
2.8803226111862372,2.8591408519368784,2
2.878597906810434,2.859552027436404,2
2.8751482264274593,2.860374549731823,2
2.8762528072182008,2.8589990456829923,2
2.8748508705893308,2.8578504612560387,2
2.876898478527746,2.8558794401818446,2
2.8780028782309124,2.8545040503305934,2
2.8809928795104796,2.8519379119225476,2
2.879268559945782,2.852348844752232,2
2.880211406005877,2.851753441924437,2
2.876465501582139,2.850051162009244,2
2.8752256165871763,2.8481222765154968,2
2.8728813997968885,2.8475687380489134,2
2.8692977507305883,2.845086028594661,2
2.8672771844891756,2.8429721734884232,2
2.8632087386779794,2.8428295107527433,2
2.859302050233378,2.8419067325213234,2
2.8557195556003876,2.8394232950575393,2
2.8530809482810717,2.836343798129917,2
2.84995605024433,2.83560529005085,2
2.8501183282377127,2.8348248462370975,2
2.8487182477565227,2.8336750912850164,2
2.8482617603216838,2.831929462440165,2
2.8476429948934587,2.8309642774090733,2
2.8476429948934587,2.8309642774090733,2
2.846080772234565,2.83059488062257,2
2.8454620973501363,2.8296296384926833,2
2.842500269564937,2.82811018698548,2
2.8403196662889307,2.8267753624980436,2
2.837195492602504,2.8260363976286875,2
2.835633405759296,2.8256669151940095,2
2.833453074114651,2.8243319194102128,2
2.8322167203274624,2.822400807063797,2
2.8300367055860782,2.82106561143425,2
2.8292557527082636,2.820880813118123,2
2.8270419281216377,2.8236347618032767,2
2.828441080528993,2.8247851020179127,2
2.8270419281216377,2.8236347618032767,2
2.82626088470003,2.823450020585934,2
2.824080824686753,2.8221148535057807,2
2.8228450141623043,2.8201833985666482,2
2.820665271052288,2.818848031640737,2
2.8200475242416942,2.8178822042482956,2
2.819266593999828,2.817697391657468,2
2.8186489150970715,2.8167315214409356,2
2.8180312814662187,2.815765622675009,2
2.815397835142882,2.8126828711165643,2
2.813836201018617,2.812313103187954,2
2.813999610809365,2.8115319456393664,2
2.815433953854754,2.8085922707828104,2
2.8151434793445986,2.806063842799258,2
2.812347936115458,2.80376142085699,2
2.809716345939801,2.800677498773428,2
2.8083567302723544,2.795434402745844,2
2.8058901796756537,2.7915682953355336,2
2.803713107607418,2.790231243995425,2
2.800592012409833,2.789490337767333,2
2.7976349155376177,2.787967902848539,2
2.7956222945137092,2.7858490373237963,2
2.792665627724496,2.784326331185767,2
2.79048930264252,2.7829888087806722,2
2.7876972906211606,2.780684159985743,2
2.7850700465473786,2.777597497160425,2
2.782729904227608,2.7770413892484527,2
2.7796097144679095,2.7762999120324956,2
2.776489524708211,2.7755584348165385,2
2.7741493823884404,2.7750023269045663,2
2.7704139810442463,2.7732934235301414,2
2.7682388103955873,2.771955173115522,2
2.7651188017234674,2.771213581701989,2
2.762613733004475,2.7714395877432807,2
2.761053683396522,2.7710688205859064,2
2.7588787843792275,2.7697303988749233,2
2.7571535593766363,2.770141902692476,2
2.7557587757071076,2.768988807461394,2
2.754033460160727,2.7694003683777275,2
2.753702837740086,2.7709650816239346,2
2.7563735345726563,2.769956519113787,2
2.753418769203023,2.7684326139012434,2
2.7521426975883436,2.7705943715653483,2
2.7504171556824915,2.7710060752286516,2
2.7494716385806157,2.7716031624706403,2
2.750251753928378,2.7717884889505378,2
2.749306214190554,2.7723855904672234,2
2.749306214190554,2.7723855904672234,2
2.749920950420158,2.7733533163943136,2
2.7456891174541624,2.773991796932524,2
2.7431829169378084,2.7742185167086433,2
2.7408422313552983,2.7736627513893914,2
2.736775324788514,2.7735191179743417,2
2.73443457129817,2.772963395479181,2
2.7327081918622618,2.773375627306258,2
2.728972813154016,2.7716667096571364,2
2.7266320596636646,2.7711109871619755,2
2.723511055009869,2.770370023835092,2
2.719776061112725,2.768660863516132,2
2.716987851930508,2.766353816572167,2
2.7146473021636837,2.7657979656047402,2
2.7126397289560202,2.763675916822656,2
2.710798983567141,2.7607705550128046,2
2.7070653025549447,2.7590605667614376,2
2.70333184790222,2.7573504357631045,2
2.7005454948676793,2.755042218294026,2
2.6971465560185273,2.7517649188016726,2
2.6943610631499837,2.749456158894123,2
2.6909633013700933,2.7461781171175446,2
2.6873989154949385,2.7436832598964784,2
2.6857291403032093,2.739991972789369,2
2.6833901524167523,2.739435136867872,2
2.680606560967778,2.7371251778858046,2
2.677823331693965,2.734814990508589,2
2.6758199914084457,2.7326902723582442,2
2.6738169227542947,2.7305653829115357,2
2.671646301931034,2.729224263282898,2
2.671034689462161,2.728254567447678,2
2.669475816923466,2.727883058006075,2
2.6698116003400933,2.7263150901290487,2
2.6699794920484052,2.725531106190534,2
2.6690322093426424,2.726129306858855,2
2.6674734273477334,2.7257577403184747,2
2.6666940363502825,2.725571957048281,2
2.666250655128927,2.7238180631540985,2
2.6640806907481434,2.7224765295592555,2
2.661910862183042,2.721134910316234,2
2.659298354110952,2.7180389546634274,2
2.6551280600256426,2.7145708043835874,2
2.652516774294707,2.711474077897172,2
2.648347974181913,2.70800498548736,2
2.643842530486502,2.706104403393045,2
2.6403888661767994,2.706929438035065,2
2.6399474995547543,2.705174273692883,2
2.6385583748720514,2.7040176097876447,2
2.6385583748720514,2.7040176097876447,2
2.639065037942032,2.7016637737121485,2
2.636897246612186,2.7003208697464345,2
2.6353394605989635,2.6999486751194013,2
2.6322238885725113,2.699204285865335,2
2.628939134588755,2.6992446942074864,2
2.6266023876610767,2.6986864450910275,2
2.624096322960405,2.698913079218972,2
2.6215901224440508,2.699139798995091,2
2.620641753212812,2.6997386848488496,2
2.6184742787862376,2.6983955810373814,2
2.617085878453839,2.6972384603418575,2
2.615088242427042,2.695110144967966,2
2.6113634799780776,2.693394532486142,2
2.6084177916232996,2.6918649031202584,2
2.605472284356104,2.6903351595567955,2
2.60269693239195,2.6880200045851694,2
2.599921942602954,2.6857046212183953,2
2.5987046935552875,2.683761461028041,2
2.5973174702921575,2.6826035980482956,2
2.5953219167725017,2.680473969402321,2
2.595054032937753,2.6779312952715557,2
2.5930590000448888,2.6758013383075543,2
2.590115371561314,2.6742704099442847,2
2.588899299582909,2.6723265074697053,2
2.587683408692076,2.670382490797561,2
2.586467698888825,2.668438359927844,2
2.5860304746451384,2.666680583316179,2
2.58498568976713,2.663950555698598,2
2.5848899758347343,2.660621199711663,2
2.5832383320367853,2.656918478572578,2
2.5809800556783706,2.6522429211650156,2
2.580278342992017,2.6479403292180947,2
2.5786284647979656,2.6442364946526737,2
2.5783635010004105,2.6416919790860476,2
2.575423833807619,2.640158552650867,2
2.573261973095967,2.63881190871464,2
2.5720489796063895,2.6368660648813282,2
2.569281097504838,2.6345461992598196,2
2.56590742037287,2.631252969206063,2
2.563140398437323,2.628932561146076,2
2.5595963622787856,2.6264248709727624,2
2.5560527788391916,2.6239168953055163,2
2.552509648118548,2.621408634144334,2
2.5497442106993056,2.6190872268555907,2
2.548533526076355,2.617139927003226,2
2.5469791354552243,2.6167655911717027,2
2.545596733648864,2.615604687681575,2
2.5434372723476315,2.6142565306275074,2
2.5412779468620705,2.612908287925265,2
2.5383416524254265,2.611372734560291,2
2.534456128591547,2.6104366094875466,2
2.5309154878251015,2.6079267781097464,2
2.5287568187820213,2.6065781214412986,2
2.5267708629040193,2.6044424403239574,2
2.5253895023512385,2.60328088019779,2
2.524008232342247,2.6021192629728347,2
2.5220228649988776,2.5999832107133827,2
2.5200377692868763,2.597846987157574,2
2.5178800735895273,2.5964977166771774,2
2.5174490289594473,2.594736043073336,2
2.515118665368906,2.5941737684924355,2
2.5139111045066826,2.592224498731941,2
2.5134804220517566,2.5904625967329586,2
2.5114965260449615,2.588325616618228,2
2.5104626516935546,2.5855887085968874,2
2.5102055652056663,2.5830392254358436,2
2.509345377365076,2.5795146791536574,2
2.508742185468595,2.5785396731312957,2
2.5089154192604717,2.5777523203643824,2
2.509088653052345,2.5769649675974655,2
2.5088320645552926,2.5744151703931024,2
2.5070231679442614,2.5714897240851258,2
2.506940333865874,2.5681522457958224,2
2.5066843112675024,2.565602091724042,2
2.5047029957586986,2.563463484293898,2
2.5034979248506772,2.561512644316778,2
2.501690658027851,2.558586170230644,2
2.5004860398387727,2.5566350447595845,2
2.499455243976204,2.553896195379508,2
2.498251033234169,2.55194481296391,2
2.4956693779582473,2.5488294008996384,2
2.4954150983278254,2.5462781476762153,2
2.494813309860074,2.5453022566226693,2
2.4930082160881852,2.5423744121656604,2
2.491805046599737,2.5404223731140227,2
2.4898266284921853,2.5382819385227187,2
2.48767441069408,2.5369292135657346,2
2.48552232871166,2.5355764029605794,2
2.4835445896825306,2.5334355401283695,2
2.4809661260751703,2.530318115331877,2
2.4782138175053667,2.5279884287191052,2
2.47546187111071,2.5256585137111855,2
2.4739115096881967,2.5252816369836673,2
2.4714113756057223,2.5255045311410953,2
2.4700356061319155,2.524339445164866,2
2.4692604254206607,2.524151006801109,2
2.4677100639981475,2.523774130073587,2
2.4655592949006753,2.522420491536028,2
2.4634086616188817,2.521066767350284,2
2.4606579828372794,2.5187360529593548,2
2.4586827111264,2.51659363418522,2
2.457307666002915,2.515428091418695,2
2.4551577117995436,2.514073938992059,2
2.4520577133048285,2.5133197287467297,2
2.4499079854609285,2.511965433573124,2
2.448533347784487,2.5107996338620637,2
2.446734637349742,2.5078677639406166,2
2.445711152898145,2.505124303833533,2
2.442962918798848,2.5027920477753653,2
2.441764502859332,2.5008370110374436,2
2.4421156334482212,2.499259364916117,2
2.440917489140066,2.4973041568818317,2
2.441093099706407,2.4965153052717746,2
2.440494118096119,2.495537644155849,2
2.438521743786506,2.493393398220551,2
2.439224548227017,2.490237763385174,2
2.439575950447278,2.4886599459674876,2
2.440103053777662,2.486293219840956,2
2.4385543674152537,2.4859152867858896,2
2.438730113797277,2.485126349527654,2
2.439257352943347,2.482759537752944,2
2.4422828247523256,2.4801710308953204,2
2.4410859480572213,2.4782150234780254,2
2.440663323999541,2.4764480396870496,2
2.440416559503607,2.4738920472643606,2
2.4395718093790784,2.47035776563909,2
2.4381998427444245,2.4691902815138285,2
2.4365818812360516,2.4654663196261914,2
2.4363359316342255,2.462909813314422,2
2.435492449122748,2.4593747323061415,2
2.4352468616960827,2.4568179975992237,2
2.435177450734436,2.4534720544148385,2
2.435108220860368,2.4501259970328775,2
2.433492568218618,2.446400579126191,2
2.432474493758427,2.4436537073666145,2
2.4310360135633857,2.439138452895804,2
2.4309679607585757,2.4357916532296215,2
2.4307237993965884,2.433234019216819,2
2.429706879369707,2.430486419447721,2
2.4285138507856487,2.4285279853320034,2
2.426548199352368,2.4263794998118122,2
2.423986599525751,2.4232514403663465,2
2.4221982110829643,2.4203130611832435,2
2.4194609327821652,2.4179738961719295,2
2.418269171811147,2.4160146626731986,2
2.4155325273168664,2.4136750979703763,2
2.413745632846606,2.410735776657294,2
2.4125545962259025,2.408776086368281,2
2.412973168449028,2.410545625329945,2
2.413568732031269,2.4115254419250576,2
2.412023757964217,2.4111451678197504,2
2.4103017925380357,2.4115546160809878,2
2.409110846461118,2.4095948686931834,2
2.4083383820635405,2.409404717365831,2
2.4069705578072416,2.408234620971097,2
2.4077429995688746,2.4084247865731427,2
2.4061981160456085,2.4080444553690477,2
2.4061981160456085,2.4080444553690477,2
2.4063752432204133,2.4072546473543177,2
2.4061981160456085,2.4080444553690477,2
2.405425674283972,2.4078542897669983,2
2.4040579858433553,2.4066841077240824,2
2.402867628301074,2.404723989194167,2
2.4015001662199325,2.4035536644042814,2
2.4001327946825803,2.402383282515615,2
2.3987655136890105,2.4012128435281603,2
2.3992976421996985,2.3988429484189844,2
2.3994750183699267,2.398052983382591,2
2.3979305875656074,2.39767236668456,2
2.397335816241519,2.3966920504750675,2
2.395968920059058,2.395521368817768,2
2.3957292858865316,2.392960879865644,2
2.395134718285963,2.391980435183875,2
2.3947177532151045,2.3902098827187537,2
2.3935288896453457,2.3882488220588627,2
2.394061697234452,2.385878498708788,2
2.394594504823555,2.3835081753587133,2
2.39453315225915,2.380157150382338,2
2.392750943429977,2.377214874207059,2
2.3926901114923567,2.373863520912664,2
2.3928678272017976,2.37307334175582,2
2.3949440017056993,2.3710843060145166,2
2.3960100243309626,2.3663434023698287,2
2.395949418752817,2.3629919063284603,2
2.396660191046781,2.359831246799885,2
2.397193270267252,2.3574607521534503,2
2.3965998571000036,2.3564795794621602,2
2.3961842275500302,2.3547081847899314,2
2.3959464495251837,2.352146525312687,2
2.3957088073160158,2.349584780187268,2
2.394700443677209,2.3468317845828537,2
2.3946409925323735,2.3434795605319607,2
2.3938110463173743,2.3399359432551066,2
2.3928035202086235,2.337182419486922,2
2.392744770778151,2.3338297529204297,2
2.390018810450993,2.3314834505608104,2
2.388241762617806,2.3285379197547122,2
2.3872354588502027,2.3257836251529014,2
2.386407640414248,2.3222386660545737,2
2.3848100286225034,2.3185018712146928,2
2.383983025080642,2.314956398227281,2
2.383156383713949,2.311410696844728,2
2.381973269674802,2.3094460104119,2
2.38079033672323,2.3074812097814963,2
2.3803774234869337,2.305708102145683,2
2.379964600794427,2.3039349374110785,2
2.3786035673223154,2.3027605586073605,2
2.3772426243939933,2.3015861227048546,2
2.3762390595760152,2.298830100864759,2
2.374287442430063,2.2966727650326746,2
2.3726936561134053,2.2929335577690644,2
2.3709215655526705,2.2899849008044093,2
2.3674321046630595,2.287442794337583,2
2.364712482401149,2.285092495062912,2
2.3612238816775317,2.2825498461576146,2
2.3585050290378327,2.2801990615432572,2
2.3579150112626692,2.279215747647477,2
2.3571457385336565,2.279023583587904,2
2.353889256848074,2.2790461628339997,2
2.3515813707531947,2.2784697134793674,2
2.3486837385145236,2.2769097789325947,2
2.3464268150842393,2.279690906640088,2
2.3454270078335178,2.276932515200354,2
2.3440681021404544,2.2757567945751553,2
2.3440176601026437,2.2723988891950135,2
2.3432484779174203,2.2722066680366524,2
2.3418898891276143,2.2710307475657032,2
2.341300527794928,2.2700470197037177,2
2.340121940945238,2.2680794783315683,2
2.338174488813589,2.265919515955307,2
2.336996309410953,2.263951717638623,2
2.3352293798462043,2.260999806043138,2
2.333282765244604,2.258839315503103,2
2.3305675796283616,2.2564862183878986,2
2.329798736982351,2.25629378310909,2
2.3290298943363297,2.2561013478302847,2
2.328441302625855,2.255117134628609,2
2.326315161439034,2.253747965221141,2
2.325138294921338,2.2517793389720566,2
2.323373334684007,2.2488261854779665,2
2.3220164435902504,2.2476491944047687,2
2.322557875475276,2.2452734323952903,2
2.321201210740991,2.2440962985751227,2
2.320025204389289,2.2421271298875673,2
2.3192106053465587,2.238573834366413,2
2.3186228058942397,2.237589121550368,2
2.31803505171381,2.236604380184925,2
2.316498271859672,2.236218938639439,2
2.314554645203117,2.234056563839456,2
2.313198772726988,2.232878930404908,2
2.3129729691182597,2.230309719613164,2
2.3110300215401196,2.2281469165722783,2
2.3085001799475506,2.2249988297274754,2
2.3057897931521296,2.2226427063765932,2
2.3050216974923785,2.222449800032795,2
2.3061519700833024,2.221058094203322,2
2.3034421265506175,2.218701628259719,2
2.303623305559988,2.2179092650742973,2
2.3047536007868636,2.2165175449701238,2
2.3058838054699464,2.2151258819647452,2
2.3068328085077034,2.2145265964194785,2
2.3052970699071444,2.2141404982379527,2
2.304529200606865,2.213947449147188,2
2.303942532951904,2.2129620225963116,2
2.30182026251207,2.2115904122157204,2
2.30064724410542,2.20961935926821,2
2.2992930466893853,2.2084406695061176,2
2.2964034728479596,2.2068756531673515,2
2.2933325389095742,2.2061031142115866,2
2.2939187538455847,2.2070888262563955,2
2.29468650996613,2.2072819467206415,2
2.294868005878765,2.206489383689469,2
2.2939187538455847,2.2070888262563955,2
2.2939187538455847,2.2070888262563955,2
2.29468650996613,2.2072819467206415,2
2.2937372352970016,2.2078814035622685,2
2.2945050140534917,2.2080745097518175,2
2.2960405715664756,2.2084607221309156,2
2.2950495017914037,2.2056968206582965,2
2.2936956212786335,2.20451793105045,2
2.294826346588504,2.203125939727041,2
2.2938771624631684,2.20372533946988,2
2.2913513953411098,2.200574683179692,2
2.2899978770035005,2.199395565176701,2
2.288826171481791,2.1974236842967834,2
2.2876546470476598,2.1954516892193006,2
2.286119678069305,2.1950651056980846,2
2.284948425266535,2.1930929393242344,2
2.286261370839359,2.1909079281793673,2
2.2852722703917046,2.188142784808143,2
2.28486877370948,2.186363738898539,2
2.283698154713239,2.184391172833184,2
2.283658826925546,2.181026258577006,2
2.282852648455208,2.1774676528687245,2
2.2826317342110904,2.1748953587425106,2
2.2818261442753816,2.1713363818921145,2
2.281423485123213,2.16955680781874,2
2.2813851759531474,2.166191251201216,2
2.2817494353914682,2.1646053257558577,2
2.281529200225769,2.162032603388745,2
2.2813091008757596,2.1594597953734542,2
2.281089137341432,2.1568869017099814,2
2.2814535325954353,2.155300890616445,2
2.2820001254764435,2.1529218739761404,2
2.2808318606187257,2.1509478233423387,2
2.28101410351762,2.1501547892461765,2
2.2804300616325506,2.1491677068304895,2
2.282144851463439,2.148762783648074,2
2.28309331123846,2.1481638406955277,2
2.281743075113212,2.1469826528615314,2
2.280757505873332,2.144215282637635,2
2.2793708393616434,2.1396673533862973,2
2.2789331758877154,2.134520138589693,2
2.2787145478742765,2.131946402719123,2
2.2780952300360795,2.12759185087657,2
2.27671075921128,2.1230425369796606,2
2.2749617573167917,2.120079319824473,2
2.273978632759217,2.117310407933342,2
2.2714649758689696,2.1141521146804685,2
2.268586199374397,2.112580289311424,2
2.2684033679408664,2.113373694549697,2
2.2633121572226145,2.100317972429419,2
2.263678272808619,2.0987308764589443,2
2.26193253049054,2.095765603747438,2
2.2624819075930667,2.093384831319451,2
2.263613017714036,2.0919925973262004,2
2.2630312846955896,2.091004058891464,2
2.261286357271615,2.0880382722908806,2
2.2595418372946874,2.085072228745762,2
2.2577977247648136,2.082105928256105,2
2.256237417014205,2.0783456087162158,2
2.253546225502088,2.0759773804226143,2
2.2531487499818468,2.074194537443713,2
2.253332260493792,2.0734007039645412,2
2.2527513650053983,2.0724116373660273,2
2.252354070572732,2.0706286801895573,2
2.249480273986567,2.069053714387259,2
2.2467903953593904,2.066684658161247,2
2.2448651264560944,2.0645107065823183,2
2.241043888712529,2.06353404137122,2
2.2377747443851668,2.0601748907685433,2
2.236798614335303,2.057401567996166,2
2.236218601648858,2.056411944684484,2
2.233926334357612,2.0558256457891986,2
2.231818301928623,2.0544450566244485,2
2.229526102545222,2.053858714905072,2
2.2285777106780422,2.0544576150335274,2
2.2264698367006837,2.053076925945902,2
2.2257057702395464,2.0528814787061087,2
2.225679458121558,2.049508356499384,2
2.225284404647674,2.047723986127952,2
2.224520474002226,2.047528453239977,2
2.223546200100042,2.0447539599424793,2
2.2239152583591917,2.0431650082614397,2
2.223335992658999,2.0421749138847716,2
2.2227567722306993,2.041184790958706,2
2.2208347402678648,2.039008798098159,2
2.2196766615864227,2.037028323850887,2
2.2181246385925206,2.0332627797720413,2
2.2171518586628594,2.030487344344568,2
2.216573158861358,2.029496893100486,2
2.2161793503645697,2.0277117376207343,2
2.2156007637427955,2.0267212150031675,2
2.214837331088191,2.0265253680718693,2
2.215392005002382,2.0241412553648743,2
2.214998468136965,2.022355928588766,2
2.214974894968595,2.0189810791437566,2
2.214766543675232,2.0164008625609284,2
2.2139802395666095,2.012829723669025,2
2.2152982555916267,2.0106415149921126,2
2.2146973860504744,2.00627532927183,2
2.216200293380215,2.0032924163592547,2
2.2167553068336154,2.000908089531812,2
2.2173103202870195,1.9985237627043695,2
2.21786533374042,1.9961394358769269,2
2.2191828744105457,1.9939515269686474,2
2.219737819956105,1.9915672429652922,2
2.220292765501661,1.989182958961937,2
2.2204553965229614,1.9850125773488614,2
2.219671039105812,1.9814402108330516,2
2.2188870438638197,1.9778676159220954,2
2.2181034107969886,1.974294792615991,2
2.2180820559514487,1.9709185442507167,2
2.216537231188788,1.967148460818354,2
2.2159399607632544,1.9627800054213065,2
2.214972500281206,1.9600012154401316,2
2.214766887937465,1.9574192716190133,2
2.2136145135147416,1.9554352001481963,2
2.212276885612134,1.9542460613081882,2
2.2132238061427465,1.9536480890350099,2
2.2118862914198765,1.9524588788215187,2
2.210363364765481,1.9520647011617172,2
2.2088404381110927,1.9516705235019138,2
2.209601901438287,1.9518676123318155,2
2.2105488672407887,1.9512696115092467,2
2.2105488672407887,1.9512696115092467,2
2.211124828092675,1.9522617899916206,2
2.2114957877713977,1.9506716392360666,2
2.2114957877713977,1.9506716392360666,2
2.212257205826699,1.9508687566153604,2
2.2128331893145337,1.9518609208230409,2
2.21433627773186,1.9488778937128934,2
2.2143166658542626,1.9455005461959782,2
2.215819573184003,1.9425176332834049,2
2.215800142393988,1.939140171568912,2
2.2140734142716347,1.9361629081122658,2
2.2117717439150226,1.9321928238118922,2
2.2094707979087254,1.9282222827212259,2
2.206595634018477,1.923258463996552,2
2.2042963178003916,1.9192868951277369,2
2.203907511847966,1.9174985849400379,2
2.202944216380221,1.9147171684146844,2
2.2021671930099984,1.911140176897172,2
2.2012044860768825,1.908358389229706,2
2.2013744737810548,1.9041833683402327,2
2.2030649434573135,1.9004040667777957,2
2.2022890518844562,1.896826361525454,2
2.202459582851361,1.892650998043262,2
2.2024442038959045,1.8892709811580808,2
2.2030026127414004,1.8868845131261445,2
2.2024442038959045,1.8892709811580808,2
2.1986013440169074,1.8781388057950181,2
2.1970822202016613,1.8777422299861826,2
2.1955492566753847,1.8739646666128014,2
2.1938303379548465,1.8709824783858249,2
2.191352491133216,1.867801602562924,2
2.190766991400274,1.863425724323644,2
2.1909410535749636,1.85924813398878,2
2.1882781117250723,1.8568620908738165,2
2.1878807402373255,1.8516894671172572,2
2.1871102360199224,1.8481083644871248,2
2.1865269772457694,1.8437310730528829,2
2.1857572426505705,1.8401494850830655,2
2.185174844042411,1.8357716512103508,2
2.184592898153202,1.831393531843709,2
2.183066023696739,1.8276121285769378,2
2.1819236543627234,1.8256217476902226,2
2.180210439900904,1.8226359622396977,2
2.179452236150123,1.822436817853486,2
2.178310364806947,1.820446122923446,2
2.177355987902434,1.81765908216763,2
2.1748858373028845,1.8144733529478838,2
2.1733616565241576,1.81069025099222,2
2.172220826434554,1.8086988994261404,2
2.170892615086018,1.807503822312345,2
2.1695644942812677,1.8063086880997616,2
2.1710726757867356,1.8033224491828825,2
2.170877747610117,1.800733767704962,2
2.170682955249177,1.7981450005788702,2
2.169918426921864,1.7945601294288327,2
2.170669129026855,1.7913742893354438,2
2.169905143962268,1.7877890755926913,2
2.1700865175479294,1.783606874530829,2
2.1700803514230245,1.7802210478441296,2
2.167803218433285,1.7762354897726365,2
2.167797686114902,1.7728492633944306,2
2.166847542132537,1.7700595532703574,2
2.1657096999879855,1.7680663174443154,2
2.165516831682563,1.7654763369690123,2
2.1664567938301147,1.7614930376235165,2
2.1662641745201228,1.7589029001265484,2
2.166259728727212,1.7555159885629052,2
2.1647426329999817,1.7517284186272022,2
2.162469755568331,1.7477401769127532,2
2.160577308788607,1.7455455270237419,2
2.158117253821544,1.7423534312893132,2
2.1556577421172243,1.739160992962164,2
2.154899416039463,1.7355722105452607,2
2.153952916444613,1.7327802021950287,2
2.153951164329431,1.7293915919424911,2
2.1547053976422035,1.7262035249964338,2
2.154515336194251,1.7236117744587478,2
2.1539469945093614,1.719225075999443,2
2.1533791055434186,1.7148380920462039,2
2.1535670661897406,1.7106517370476286,2
2.1522446857683732,1.7060632676579353,2
2.1513006443445377,1.6998799939615985,2
2.1499797578956894,1.6952905824419293,2
2.148470584750015,1.6914980163624147,2
2.1469619548670735,1.6877051076901814,2
2.145264766655945,1.6847092157544665,2
2.1439463248893986,1.6801182625675608,2
2.142439324794669,1.6763243261171752,2
2.139799743242385,1.6739235515153137,2
2.1373499423594495,1.67072498934332,2
2.1343358381374813,1.666526897220205,2
2.132641569963557,1.6635291638486258,2
2.1315122842070693,1.6615305321872729,2
2.130572869663723,1.6587340558570034,2
2.1296337267517487,1.6559374082303755,2
2.12944889420762,1.6533423602377741,2
2.1292641974791806,1.6507472265969945,2
2.128515559586859,1.6471523346099382,2
2.126449620872606,1.642355485105334,2
2.1247582727358676,1.639355910297894,2
2.1242010226651544,1.6349622172372538,2
2.1227006549029817,1.6311640983007596,2
2.121764092488995,1.6283658233587204,2
2.121581161364439,1.625769576291603,2
2.1204548635530003,1.6237690603702966,2
2.1200820159434173,1.6219706865214913,2
2.117449587350478,1.619565401115505,2
2.116323878073672,1.6175645140520913,2
2.1136920832872548,1.6151588289545948,2
2.1137008795235204,1.6117635666934405,2
2.1110698543593145,1.6093573962562662,2
2.110888643566753,1.6067600643122066,2
2.109011181784137,1.6045559645740468,2
2.107696121920984,1.6033525938615263,2
2.1058190902213667,1.6011482229041292,2
2.1045042793536304,1.5999446951699454,2
2.1045042793536304,1.5999446951699454,2
2.1037514855942483,1.5997421391312479,2
2.1024367879062495,1.5985385400235792,2
2.101313115864695,1.5965363682374694,2
2.098684263751437,1.5941288274294223,2
2.096617315566789,1.5927223296903321,2
2.094180236086231,1.5895157451388524,2
2.0923049699905008,1.5873102607551228,2
2.088363864871546,1.583697579172167,2
2.085545435812463,1.5820876974619793,2
2.0863113492740375,1.5788922647724775,2
2.083124305527509,1.5754813398452168,2
2.081634056033778,1.5716768401193413,2
2.0808964644837324,1.5680749820803435,2
2.0792154383389736,1.5650688980112548,2
2.0782867985065394,1.5622656269254023,2
2.0779185007223617,1.5604643838625805,2
2.0767984051604813,1.5584599566744046,2
2.0756784906861796,1.5564554152886583,2
2.0738069595217574,1.5542475755799892,2
2.0728794967585813,1.5514435622099096,2
2.073263585286732,1.549845132130324,2
2.073647673814886,1.5482467020507436,2
2.074031762343033,1.5466482719711614,2
2.073472235188884,1.5456457300590554,2
2.071025386126337,1.5458350215806806,2
2.0710424218474124,1.5424345633299623,2
2.072562464589261,1.5394408444720593,2
2.072195366510286,1.537638844850317,2
2.071636178895343,1.5366360888177564,2
2.0729639962855373,1.5344416991972185,2
2.0742916778600424,1.532247395224859,2
2.0737326260607816,1.5312445535441235,2
2.0710946155361007,1.53223250339237,2
2.0722302528465306,1.5308374144598016,2
2.072614658277949,1.5292387845344635,2
2.07186351694272,1.529035186442913,2
2.0729990637093607,1.5276401546091325,2
2.07319126642507,1.526840839646466,2
2.074134519932219,1.5262451798741345,2
2.07319126642507,1.526840839646466,2
2.075077728167468,1.525649548651204,2
2.0748855707236586,1.5264488350644747,2
2.0748855707236586,1.5264488350644747,2
2.076579784478458,1.526056887581273,2
2.075828756322963,1.5258532181162394,2
2.07544448670723,1.527451762393392,2
2.0779070812418574,1.5238628262787568,2
2.0781166818537997,1.5196628246702275,2
2.078134374017342,1.5162619524533092,2
2.078902913248804,1.513064863898995,2
2.0779781215274085,1.5102591661147198,2
2.077053601437381,1.5074532970340844,2
2.076879815235536,1.5048512829895415,2
2.0746473203338525,1.5008375752163463,2
2.072973424512494,1.4978269946178262,2
2.071492410485252,1.4940166708157356,2
2.0690692521122784,1.4908013073258406,2
2.0666466370020444,1.4875856012432305,2
2.063281787002296,1.4849649125715985,2
2.0614173635253223,1.482752590608193,2
2.0586103429836733,1.4811355144509175,2
2.0558035035295994,1.4795183240960643,2
2.0522469261690333,1.4776966506184728,2
2.0486905751679387,1.4758748343939097,2
2.0449410933773002,1.4748529183945838,2
2.0406352081932333,1.4728264905750095,2
2.038022880321499,1.470408529238437,2
2.0339113482681306,1.467581430360024,2
2.0322180173152837,1.4679728211300613,2
2.0309122155545616,1.4667636120666252,2
2.029050621571006,1.4645495057661453,2
2.0264396065842085,1.462130716497171,2
2.023828953772572,1.4597116988330505,2
2.020663233088399,1.4562873271415935,2
2.017498191482641,1.4528625272092306,2
2.01413943055271,1.4502379986442175,2
2.0111701455063873,1.446011642621821,2
2.007063185914376,1.443181660254691,2
2.004095575928151,1.43895424790475,2
2.001683169630148,1.4357321039339723,2
1.9990763649295467,1.4333106595714273,2
1.9964699224041063,1.4308889868137395,2
1.9940589648067277,1.4276659292623766,2
1.9920389770654765,1.4228401021236614,2
1.9898245909216357,1.4188149745931877,2
1.9885550201652986,1.4141932023363157,2
1.9868952491750491,1.411173714327111,2
1.9850739153944854,1.4055445039372003,2
1.9826668059081474,1.4023190196874147,2
1.9812042854498468,1.3984970334581988,2
1.9812387961222306,1.3950855551417014,2
1.9799729602972018,1.3904614275598917,2
1.9792599966578237,1.3868440386509953,2
1.9800432945269222,1.3836376429944952,2
1.9806307679287425,1.3812328462521233,2
1.9778351559045255,1.379608575647758,2
1.977319239073573,1.375188816991118,2
1.9768037749615655,1.3707687728405453,2
1.9762887635685011,1.3663484431960455,2
1.9757742048943872,1.3619278280576097,2
1.9750639575686844,1.3583087261851166,2
1.9747464457029906,1.3530857412989405,2
1.9744294771000384,1.3478624138200441,2
1.9745056061322632,1.3410349749323203,2
1.9734430872730577,1.3356045235118152,2
1.9734818308675877,1.3321903758270501,2
1.9731279748177855,1.3303800255077913,2
1.974109926647568,1.3263702466000993,2
1.9763882636839867,1.3235756150296236,2
1.9778809473612657,1.3077183966276227,2
1.9771748650498608,1.3040966682109527,2
1.9759198944795298,1.2994656887747773,2
1.9750181008805932,1.2966454878987506,2
1.974313195638448,1.2930230171978607,2
1.9723143498719704,1.2881838574925162,2
1.9716103953396118,1.2845607872543745,2
1.970906802982407,1.2809374886210794,2
1.970751963068448,1.2783235266554769,2
1.9704004158852655,1.276511720317167,2
1.9696975931502756,1.272887936344194,2
1.9680531693322845,1.2698587700906891,2
1.9677451192925641,1.2646298183813336,2
1.966846472090296,1.2618076333224817,2
1.9644585805232122,1.258570029855278,2
1.9643053024896098,1.2559550829356105,2
1.9635606123993643,1.2557474165555256,2
1.963210332829231,1.253934810834206,2
1.9630573716988948,1.251319664068788,2
1.9614155283788985,1.2482888704998736,2
1.9603211925250363,1.246268198706968,2
1.9592270377587617,1.2442474127164846,2
1.9572367483803603,1.239402857175822,2
1.955247364439856,1.2345577306473032,2
1.953607694170799,1.2315255667075178,2
1.951968431348794,1.2284931458231885,2
1.9518175527256059,1.2258766857856838,2
1.9514690613953167,1.224062952363333,2
1.9522600554864873,1.220851703309993,2
1.9526555525320788,1.2192460787833213,2
1.953248798100459,1.2168376419933153,2
1.9541902633677672,1.2162431099220186,2
1.9549811669151573,1.213031917967463,2
1.955772070462542,1.2098207260129055,2
1.957306419123082,1.2068179855467456,2
1.9568082715107558,1.20238702125328,2
1.9585402328783985,1.1985815541719607,2
1.959331136425785,1.1953703622174103,2
1.9593790023070756,1.1919504618299186,2
1.9594270492759414,1.188530447244851,2
1.9602181339109048,1.1853191410927213,2
1.958583081375096,1.1822840651148248,2
1.958236016109483,1.180469432386591,2
1.9567995043546205,1.1766310445309767,2
1.9561060981737057,1.1730013222842128,2
1.953928110633111,1.168953241041601,2
1.952295095332559,1.1659168803410083,2
1.9521471593825197,1.163298564592946,2
1.9512570912042797,1.1604709694240771,2
1.9503672946573989,1.1576432029588517,2
1.9496760615274198,1.1540121103412133,2
1.9489851905726,1.1503807893284286,2
1.9490366102976147,1.1469586478135696,2
1.9492865934395276,1.1427331801462977,2
1.9487951007956976,1.1382980190920247,2
1.948304060870825,1.1338625725438156,2
1.9472705386601135,1.1284138352369588,2
1.9452978826846525,1.1235581597076454,2
1.9444647574025655,1.1173049399979469,2
1.9417529118720527,1.1122381293372765,2
1.9412650636157434,1.1078006700568483,2
1.9390970358919581,1.103746307947727,2
1.9384112806612261,1.1001117608535118,2
1.9367861426703321,1.0970704325585015,2
1.933480961027648,1.0944121157866284,2
1.9296349268873296,1.0907394804779393,2
1.9253908152034285,1.0886740970113369,2
1.9231691041599035,1.0880433038867334,2
1.9204064274390031,1.0863982635988076,2
1.9176439318056833,1.0847531091133096,2
1.9130598172717264,1.0808686392131328,2
1.9092170427078141,1.0771939483481319,2
1.9083363684477028,1.0743604291801763,2
1.907455965818956,1.0715267387158622,2
1.9065758348215702,1.068692876955188,2
1.904955857826664,1.0656482940293515,2
1.903336288278803,1.0626034541589782,2
1.9004375368442492,1.0583326181819732,2
1.899959716312594,1.0538888352109463,2
1.9005609750063215,1.0514753451783427,2
1.9004225235181984,1.048851048332402,2
1.898804923297753,1.0458049665634235,2
1.8966487568103538,1.0417431245132835,2
1.895972237046113,1.038102753342855,2
1.8944195475752732,1.0316260223398395,2
1.8926672987058506,1.0259532455758897,2
1.8918560623847949,1.0196862222345793,2
1.8908448139462166,1.0142234386262636,2
1.8903721091386476,1.0097764295738045,2
1.889899857050029,1.0053291350274218,2
1.8882872820098804,1.0022798842757954,2
1.8874798711639187,0.9960104485107575,2
1.8875462985219933,0.9925788428720512,2
1.8894252904017819,0.9913922625266665,2
1.8887535694583732,0.9877488651205582,2
1.889021548178384,0.9835120490694802,2
1.8880151211965757,0.9780462249507877,2
1.8882838016309549,0.9738089663841212,2
1.8890891016408222,0.970588695722526,2
1.886138138223096,0.9697405008747566,2
1.88353085592885,0.9517269977381844,2
1.8797822830303392,0.944603186181741,2
1.8785801221250527,0.939938903878387,2
1.8755718932149144,0.933025499443783,2
1.872898076075856,0.9279347072928168,2
1.8709620224271752,0.9230559495790995,2
1.8695611396533565,0.9191950933510302,2
1.8672220059167497,0.9159267421873416,2
1.8652882837706368,0.9110465141798727,2
1.862619220180509,0.9059527243426189,2
1.8604847842025123,0.9018771785837387,2
1.8572095046462067,0.8992000049376401,2
1.8538072726630013,0.8938912828997356,2
1.851472213396903,0.8906203622906581,2
1.848072199736535,0.8853102413324816,2
1.8447995685860548,0.8826313975468896,2
1.8424664333754812,0.8793592635885972,2
1.8408694771389698,0.8763001632963174,2
1.8407440639564854,0.873667644225133,2
1.8402901922570685,0.8692087586251027,2
1.8403686393031506,0.8657695731224972,2
1.8406507654902207,0.8615238353860519,2
1.8411366387261197,0.8564715025916598,2
1.8405600022500508,0.8493784277809446,2
1.8412503468850918,0.8435190431383344,2
1.8406754533769636,0.836424869175973,2
1.8389596936545871,0.8307290816011026,2
1.837979343284065,0.8252468130319208,2
1.8363880913062722,0.8221841155160963,2
1.8336550676763252,0.8205203753756205,2
1.8311263117220022,0.8180497118591887,2
1.8276595764362469,0.8161713821107757,2
1.8269254120614864,0.8159570779967673,2
1.825865618663201,0.8139146230168457,2
1.8233378586905555,0.8114433314137592,2
1.822278518011215,0.8094005909399016,2
1.8202809037331296,0.8079503698051198,2
1.8186925038846997,0.804885873677522,2
1.8161660115250964,0.8024137826914277,2
1.8141690310535399,0.8009631618651412,2
1.8121721863976674,0.7995124553906727,2
1.8103803111317696,0.7972543830246508,2
1.810789978280365,0.7956398225379058,2
1.8117285461464245,0.7950471176277798,2
1.8100562213526583,0.7954252614793624,2
1.8073261403958654,0.7937596656283308,2
1.8058586718123486,0.7933305149618484,2
1.8003991437052829,0.789998923568275,2
1.7972162553499906,0.787506322481045,2
1.7959968909793993,0.7840496433484958,2
1.7947753503328023,0.7829173760992845,2
1.792574973790673,0.7822738258012656,2
1.7898868130619814,0.780712641399484,2
1.7879363376771291,0.7770423636054282,2
1.7862328596759696,0.772669485715598,2
1.7820856452369362,0.7683570800389461,2
1.7791596738318542,0.7651768252320625,2
1.7798986818985902,0.7630682490817673,2
1.77696749195486,0.7622112165016812,2
1.773296500310666,0.7634624497267097,2
1.7737897014443114,0.7620569391899643,2
1.772570707039268,0.7609256676315539,2
1.771351844906512,0.7597944477973329,2
1.7681739221236725,0.7596401187614248,2
1.769161382569278,0.7568295114815164,2
1.77014884301488,0.7540189042016081,2
1.7704039027914167,0.7509941939492712,2
1.7691946903189777,0.7475414846488633,2
1.769203513277489,0.7452196719064439,2
1.768974657831894,0.7412788404831119,2
1.7677674294437846,0.7378269070456653,2
1.7668082896857484,0.7336728002370627,2
1.7636446791613967,0.7311988050129159,2
1.761956081792711,0.7268317460952716,2
1.7582987079774846,0.7257630415800271,2
1.7551371807416736,0.7232898610119847,2
1.7519634906720718,0.7231371871503853,2
1.7490377238921795,0.722282275262387,2
1.7458772217666052,0.7198094955568735,2
1.7419860715797952,0.717123298224541,2
1.737846965035203,0.7151393259875629,2
1.7342061521073688,0.7117518345954341,2
1.7303173828217542,0.7090665682986508,2
1.7254489840068779,0.7068697086078792,2
1.7210625163298001,0.7055881942251343,2
1.7161947788763676,0.7033915931553434,2
1.7123085227642374,0.7007073096183092,2
1.7089038009730366,0.6989382162167193,2
1.706000084380518,0.6957666640060225,2
1.7035776375643579,0.6935101984823646,2
1.7006756405115873,0.6903393186862345,2
1.6972730350770142,0.688571052871799,2
1.6946013753163207,0.68701632106362,2
1.6902176853573057,0.6857358928890189,2
1.6856061051435525,0.6828402736241088,2
1.682204888568,0.6810725509137452,2
1.6812470446815393,0.6792442137486567,2
1.6805411253215166,0.6767152032141333,2
1.6773930237230115,0.67424727265211,2
1.6749758016622494,0.6719928502342505,2
1.6763607622563796,0.6793656236927923,2
1.6727081833116184,0.6782987941796996,2
1.6698119731714804,0.6751301773171896,2
1.6666644667982737,0.6726624795140594,2
1.6649781904114036,0.6706215911024564,2
1.6640497708924027,0.6664794972386634,2
1.6621119998640292,0.6651394503001384,2
1.6589389380877968,0.6649870221284733,2
1.654558224255279,0.663707757748309,2
1.6509076293948475,0.6626417040981742,2
1.6465269155623226,0.66136243971801,2
1.6431297663596496,0.6595963075267104,2
1.6407165786036941,0.6573434626968631,2
1.6377964995322127,0.6564907749493472,2
1.635130262935359,0.6549381638332576,2
1.6329722403769154,0.651985912876814,2
1.6308150114522029,0.6490339722655492,2
1.6276746147145147,0.6465690546380181,2
1.6238052233191862,0.6438913659361312,2
1.6211754876572453,0.6400277653658897,2
1.618292273269466,0.636864230405763,2
1.6156650177129368,0.6330015996642206,2
1.6147164990228244,0.6311769090550357,2
1.6135131458159169,0.6300517538829489,2
1.612309924881302,0.6289266504350532,2
1.6120911614144813,0.6273150283143547,2
1.6103777092890468,0.6275887759128143,2
1.6081534638155812,0.6292611547297753,2
1.6047256336586972,0.6298082878573013,2
1.5998385575998082,0.6299293874562597,2
1.5959359390087169,0.6295639683824099,2
1.5952065475342199,0.6293510421354611,2
1.5934918388220467,0.6296242983540417,2
1.5910475402269402,0.6296845507393858,2
1.5878735525446892,0.629531760498347,2
1.5846993003178547,0.62937886680891,2
1.5800656699167277,0.6287998878666947,2
1.5754316426987351,0.6282207537518936,2
1.5705403339266084,0.6283401981765344,2
1.5661623978121497,0.6270620200045123,2
1.5635009891538303,0.625511296821621,2
1.5608398450400927,0.623960677087128,2
1.5581789654709315,0.6224101608010262,2
1.555260738211489,0.6215581971922699,2
1.5523425109520534,0.6207062335835172,2
1.548694726877752,0.6196412790725692,2
1.544530792427718,0.619972860950142,2
1.5421287155440133,0.6177243609528702,2
1.540669601914292,0.6172983791484921,2
1.5374929687862693,0.6171445544235024,2
1.536976157049093,0.6185408321910373,2
1.5384354690872453,0.6189668915817119,2
1.5364593453119202,0.6199371099585758,2
1.5335404566910373,0.6190848877288317,2
1.5293744389524555,0.6194156549502985,2
1.52572549749563,0.6183502478526286,2
1.5220765560388045,0.6172848407549587,2
1.518898236439103,0.6171303565464559,2
1.5198871911647114,0.6166455964963564,2
1.5206169794560758,0.6168586779158893,2
1.518427614581979,0.616219433657287,2
1.5171793611498359,0.6174019834528224,2
1.5147304660927006,0.617460438422313,2
1.513011293190786,0.6177319489492366,2
1.512281372627129,0.6175188158055036,2
1.5103511411192105,0.6161817171462207,2
1.5093616903725167,0.6166662832305825,2
1.506912266226223,0.6167245313032783,2
1.504722405331048,0.6160850930789383,2
1.5035223258632886,0.6149612180807296,2
1.503732656971703,0.61656954278385,2
1.5042028820119562,0.6174803105004276,2
1.5049329017798243,0.617693482437307,2
1.5042522464269386,0.6151743512244607,2
1.5028421665314813,0.6124422808336192,2
1.4999228810937328,0.6115899034312857,2
1.4950743892582956,0.609400828232193,2
1.4901747473319862,0.6095170140324129,2
1.4845443912082885,0.609419756343712,2
1.4781831224787716,0.6091089775797993,2
1.4750020912971422,0.6089534330252544,2
1.4728120319935343,0.6083139172146179,2
1.4710907427350044,0.6085846001543835,2
1.4674404785552895,0.60751867581474,2
1.4657188916841086,0.6077892423750697,2
1.4612835225450578,0.6088138683029811,2
1.4563787219994833,0.6089280368595062,2
1.4519972145332325,0.6076484621341578,2
1.448083749614474,0.6072788016761361,2
1.4454249533338555,0.6057291000461387,2
1.4429148224238304,0.6080888720448954,2
1.4451059729738205,0.608728814580159,2
1.4441132484879837,0.6092121004906375,2
1.4421276011078739,0.6101785947252996,2
1.44332622558046,0.6113019007573364,2
1.4428015436421084,0.6126951009351345,2
1.4435885665496357,0.6106053006684373,2
1.44332622558046,0.6113019007573364,2
1.4428580838287548,0.6103919476968667,2
1.4421276011078739,0.6101785947252996,2
1.4433828319032465,0.608998773381165,2
1.4421276011078739,0.6101785947252996,2
1.4421276011078739,0.6101785947252996,2
1.4384180520915262,0.6114147503468281,2
1.4359636677344128,0.6114710587621346,2
1.4332463471828198,0.6122237345074506,2
1.4283363880179945,0.612335885820281,2
1.4246826516907074,0.6112686037204611,2
1.4220228964359958,0.6097185270900365,2
1.421028915363415,0.6102013216206394,2
1.4195674208324984,0.6097744087807087,2
1.41711174682057,0.6098302128850914,2
1.4143923429804328,0.6105820739742995,2
1.4106779660255526,0.6118163416626317,2
1.4086886150213616,0.612781387619771,2
1.4047091193792411,0.6147111691888636,2
1.402718974741319,0.6156759048008169,2
1.4029829029779552,0.6149799254022827,2
1.4017238032181414,0.6161582338136462,2
1.398534736494975,0.6159995470141162,2
1.3962797046463198,0.6176598870241747,2
1.3945527276793737,0.6179283458234615,2
1.3920941767451644,0.6179830249265486,2
1.3915655266381588,0.6193746733784309,2
1.39004094444231,0.6212483534290119,2
1.387520033340758,0.6236039099056931,2
1.3835348499902267,0.6255314673343015,2
1.3807479934996358,0.6285822144155038,2
1.3769635515165959,0.6321143465429415,2
1.3747047168396396,0.633773199482329,2
1.3727103394884796,0.6347362799199701,2
1.3707156975927397,0.6356992569092199,2
1.3681908183225282,0.6380532616599801,2
1.3651977642325352,0.6394973004192259,2
1.3622041149172475,0.6409411064195858,2
1.3574787268326212,0.6426515091481271,2
1.3534850780556198,0.6445757562281145,2
1.3507547286835937,0.6453233371399989,2
1.3487571767975055,0.6462851761969048,2
1.3474926208057791,0.6474613509851359,2
1.3454946059666781,0.6484230090073542,2
1.343496326582999,0.6493845635811795,2
1.3407001448960578,0.6524316641064747,2
1.3369678781141339,0.6536589360971359,2
1.3328946487671693,0.6567771464961734,2
1.3290808900334508,0.6591854800393762,2
1.3245324462981891,0.6613798377865869,2
1.322185250710099,0.6642178929841354,2
1.3183694094692306,0.666627539799423,2
1.3149928431960163,0.6674039548248061,2
1.3121300794634188,0.669211746649438,2
1.3085325854573853,0.6708055912274791,2
1.3054487129043864,0.6734309268023431,2
1.3019237092360534,0.677690664692232,2
1.2978835901421633,0.6809198537152756,2
1.2945773411557138,0.6843635324233777,2
1.2934750792660594,0.6884491813435218,2
1.2891389389676977,0.6898315481974837,2
1.286786582383625,0.6926728580258548,2
1.2844338636243968,0.6955143962493757,2
1.2820807826900094,0.6983561628680341,2
1.2792127900535846,0.700167252147585,2
1.2773005686031684,0.7013747877475822,2
1.274873661810183,0.7015515032614985,2
1.2736238613830793,0.7003069785986717,2
1.2731820059174321,0.7019418377039841,2
1.2725192227189588,0.7043941263619615,2
1.2734755824395911,0.7037902015402988,2
1.2727401504517832,0.7035766968093036,2
1.273254677342715,0.704607616818258,2
1.2692078806443696,0.7078410168768006,2
1.2658958594913585,0.7112883356325383,2
1.264054747585858,0.7151626353008727,2
1.2609627487277812,0.717793095491821,2
1.2583849824933182,0.7214546612627721,2
1.253598430341242,0.7244772830573645,2
1.2502831948837123,0.7279266288200237,2
1.2471887287073802,0.7305586449528967,2
1.2446086309703492,0.7342216810176083,2
1.2410699778257985,0.7384900265495453,2
1.2384888161992436,0.7421537335249919,2
1.2356855497706078,0.7466356123373181,2
1.233103437434261,0.7502999188500272,2
1.2317732533040733,0.755207408204079,2
1.2304430691738801,0.7601148975581342,2
1.2283034461097095,0.7621439452740191,2
1.2252044074720274,0.7647788448956021,2
1.223357885575119,0.7686565562164276,2
1.2215111373187444,0.7725344102842175,2
1.2206958875265332,0.7784725627026923,2
1.218405156025467,0.7839866176972752,2
1.2170740211854856,0.7888947065885876,2
1.2164810572829392,0.7940145729726087,2
1.215815557770794,0.7964685745941722,2
1.214928225087931,0.7997405767562604,2
1.2142627255757823,0.8021945783778293,2
1.2121202956541488,0.8042253961560899,2
1.2114546603263197,0.80667948342583,2
1.2090898992431285,0.8095286157879436,2
1.2062808380119847,0.8140141489226043,2
1.2019934429426158,0.8180773832451465,2
1.2003662189903288,0.8211386927914717,2
1.1962268991409282,0.8217188326446596,2
1.1933430160695035,0.8235399427612276,2
1.1904587255510304,0.8253613098223234,2
1.1880908859790082,0.8282123835431747,2
1.1840215212412115,0.8314600154742333,2
1.1813583395431415,0.8324638387851042,2
1.1809132697729776,0.8341007248973362,2
1.1782496806278573,0.8351048051527474,2
1.1753631491505985,0.8369275854088141,2
1.173215852500297,0.8389614722468473,2
1.1696602223952777,0.8432405238012386,2
1.1663266291844927,0.8467014463428395,2
1.1607723435478103,0.8495309333984906,2
1.1572139971291175,0.8538116979164787,2
1.1528437897300776,0.8552155481888288,2
1.1492131793331488,0.8568302766480045,2
1.1455820256734874,0.858445347699897,2
1.1429141583343263,0.8594521258729664,2
1.1392820766008196,0.8610677821874191,2
1.1349089265286345,0.8624734881703269,2
1.1305350973780346,0.8638796223941352,2
1.1263844369190288,0.8644669138703236,2
1.1234218838962917,0.8636260276672143,2
1.119046538137221,0.8650331182956954,2
1.1161520614424632,0.8668609089702723,2
1.1115512607611056,0.869088284090731,2
1.1088800659376972,0.8700971606442032,2
1.1079148329257258,0.8707066811469311,2
1.1071739004027243,0.8704966451672096,2
1.1062085994829172,0.8711062084940302,2
1.1042778618276028,0.8723254207958533,2
1.1053111258956658,0.8743846057201949,2
1.1051547885549393,0.8778729104538154,2
1.1037405471179795,0.8801218008659895,2
1.102550560898088,0.881551163345101,2
1.0998778947381034,0.8825609677538502,2
1.0977217927043004,0.8846004074488629,2
1.0951163200703498,0.8882794454484664,2
1.0937011279236017,0.8905289353978905,2
1.09257826732191,0.8946275742919454,2
1.0909382314234541,0.8976969633165481,2
1.0905571182388663,0.9020051243012475,2
1.0894342576371745,0.9061037631953006,2
1.088828934507406,0.9112314235636649,2
1.0884484098574472,0.9155392134062534,2
1.0882926157794568,0.9190271755471464,2
1.088361484365599,0.9216953528104526,2
1.0879125212125,0.9233346941705012,2
1.087463558059401,0.9249740355305534,2
1.0873081940644092,0.9284617264522126,2
1.0881200776806956,0.93133862642315,2
1.088707864531541,0.935034954404264,2
1.0895902238862263,0.9405790181350451,2
1.090473398135007,0.9461225679767473,2
1.0903195507484895,0.9496093024937426,2
1.0909090579313236,0.9533045455979181,2
1.0900123992381747,0.956582428935004,2
1.0896349530770486,0.960888277418853,2
1.088290100853012,0.9658050167763044,2
1.087913016867038,0.970110636865007,2
1.0870165392614677,0.9733884060045241,2
1.0844082824060042,0.9770691997918046,2
1.0830632943662835,0.9819860247974379,2
1.0822382658448433,0.9879303438848446,2
1.0808934136208102,0.992847083242296,2
1.0788041655738336,0.9975559706486052,2
1.0781316715539724,1.0000143831514237,2
1.0772350128608235,1.0032922664885096,2
1.0753695220400878,1.0071819400050899,2
1.075217530801245,1.0106675039969595,2
1.0733518362569825,1.014557305985809,2
1.072455087020046,1.0178352464216793,2
1.0705890755725243,1.0217252482562813,2
1.0696922357917948,1.0250032457909448,2
1.0668563735990482,1.0295056801663822,2
1.0640199681435742,1.0340084571345365,2
1.061928592317555,1.03871868636233,2
1.059612599099303,1.044248671918325,2
1.0582665245341119,1.0491661821093992,2
1.0558772260840534,1.0520307882426252,2
1.0552040529857756,1.0544896289863388,2
1.0540820978219756,1.0585876968925323,2
1.0546769923602675,1.0622795426189189,2
1.0528822262733488,1.0688362228736743,2
1.0532535446729874,1.0733471682922193,2
1.0519077417391642,1.0782645071869297,2
1.051234840272251,1.0807231766342813,2
1.0505619388053375,1.08318184608164,2
1.0511585084037272,1.086872635480475,2
1.0519796501224619,1.0897436971005003,2
1.053548085065385,1.0928207835105006,2
1.0548180314855777,1.094052603693351,2
1.0522032328413449,1.0977375228679538,2
1.0509331053335682,1.0965058168826758,2
1.0514560754328386,1.0975314124297988,2
1.0522032328413449,1.0977375228679538,2
1.0531745096512424,1.09712419102123,2
1.0544447050668566,1.0983558541824152,2
1.0576595658255972,1.1071724515629917,2
1.0569878187919954,1.109630393000817,2
1.0551206981830532,1.1135210942955496,2
1.0534773121644037,1.1165925959752485,2
1.0538529993018653,1.1211007863773474,2
1.0551246207821627,1.1223315502326514,2
1.055948682538098,1.1252007704168143,2
1.056549236063212,1.1288890474690483,2
1.0566258914152193,1.1315523142367176,2
1.0557308625102806,1.1348291697956512,2
1.0548358336053347,1.1381060253545865,2
1.0537170474741568,1.1422020948032507,2
1.0516260790951897,1.1469120670865056,2
1.049010103381697,1.1505977285453284,2
1.0466175453552289,1.1534643902348662,2
1.044000709475732,1.1571505941321654,2
1.0421322759818494,1.1610421233592998,2
1.040564707785153,1.1667774199704386,2
1.0392210779022708,1.171693388494278,2
1.03780004568112,1.1739465613154323,2
1.037128162831836,1.1764045884014394,2
1.0381789018512002,1.178452753260009,2
1.0394536923641269,1.1796815186577856,2
1.0372832391397324,1.1817300085104474,2
1.0351125142839859,1.183778669659464,2
1.0329415177968624,1.1858275021048428,2
1.0310718166899324,1.1897198307149903,2
1.0287537862364253,1.19525110099368,2
1.0266595130091467,1.1999631573826353,2
1.0253150682321621,1.2048796397955481,2
1.023444484323285,1.2087725251188655,2
1.0229962907923973,1.210411381139231,2
1.0205992055764703,1.213280897768092,2
1.0184259454946183,1.2153311576831314,2
1.0175291962576818,1.2186090981190034,2
1.01565763900307,1.2225025972542731,2
1.0150631358561064,1.2276234343176604,2
1.0159706890201292,1.2331516103111149,2
1.016352103052256,1.2376561892149756,2
1.015231732404768,1.2417532578924053,2
1.0150866451298501,1.2452344681018133,2
1.0165890636159904,1.2456415786367394,2
1.0161410511726814,1.247280320459529,2
1.0159170449510242,1.2480996913709266,2
1.016668322101939,1.248303203814297,2
1.017419599252852,1.2485067162576708,2
1.018698237876805,1.24973305495703,2
1.0192256446217538,1.2507558526636178,2
1.0174990614623223,1.2511682129629627,2
1.0151004370019798,1.2540387002711952,2
1.0156279116547626,1.2550614551536903,2
1.0169069124538748,1.256287565457903,2
1.0177382629848388,1.2591521891897592,2
1.0171467251469704,1.2642711562678937,2
1.0173072793541191,1.2695931219003178,2
1.0159644643653394,1.2745085765350765,2
1.0146216493765579,1.2794240311698335,2
1.0144786219728381,1.2829039423818482,2
1.0146405796087237,1.288225022983088,2
1.0152504591441254,1.2919074188603172,2
1.014884534680169,1.2962060015235952,2
1.0140715484826917,1.302142726472411,2
1.0147645572510307,1.3084843065540852,2
1.0143996287687571,1.3127822611307103,2
1.0140349266459552,1.317080072960369,2
1.0117169867362374,1.3226112861402761,2
1.012023148845092,1.3244517132452724,2
1.011435368574471,1.3295683107237721,2
1.0130252623954252,1.3326318647213924,2
1.012661646798101,1.3369289913656157,2
1.0117679760499918,1.3402049904427535,2
1.0106508876148652,1.344299989289171,2
1.0100643070494542,1.349415830208745,2
1.0106787590462094,1.3530953425972658,2
1.0106236596962503,1.3592314117780404,2
1.008529522284661,1.363943382518821,2
1.0061274118884356,1.3668160681303263,2
1.0040326406703244,1.371528438562608,2
1.00313906046601,1.374804380540958,2
1.001490762446796,1.3778789798298217,2
0.9999268386376094,1.3836119782148106,2
1.001298068320473,1.3874915342954282,2
1.0008513687621026,1.3891294481858125,2
0.9997346198661816,1.3932242329117877,2
0.9980860049437048,1.3962990320464002,2
0.9984798008390019,1.4007958026912135,2
0.9996294916184656,1.4054931737413003,2
1.0015354168212944,1.4103909310761988,2
1.0029096797210926,1.4142685743474743,2
1.0042844858836268,1.418145875026024,2
1.0043711915962348,1.4208028038284048,2
1.0052139053727345,1.4236602616625653,2
1.0058339710844209,1.4273362339263294,2
1.0059212426957114,1.4299928058612892,2
1.0063190451536794,1.4344870498848081,2
1.0074735573899147,1.4391813804245146,2
1.0080951170741201,1.4428564105583028,2
1.0082716522600563,1.4481682982549238,2
1.0086713787735473,1.4526613289292296,2
1.0092941607989108,1.4563355882294005,2
1.00764697194111,1.4594094880581245,2
1.0072907356625969,1.4637019611512603,2
1.0061777216979806,1.4677943905522923,2
1.0060444051156523,1.4712681779194607,2
1.0051540844877476,1.4745420643415006,2
1.004041183702867,1.4786344223690495,2
1.001725665839512,1.484164108156417,2
1.001370221819153,1.4884560816351673,2
1.0015501523971864,1.4937658281273016,2
1.0027109347908212,1.4984562045760477,2
1.0033368858488014,1.5021284654186928,2
1.0036499971934738,1.503964510191837,2
1.003963199081939,1.5058004978661916,2
1.0044988453116925,1.5068180995832172,2
1.005570273586887,1.5088532173690883,2
1.0073999961566606,1.5110874224423902,2
1.0070470194545589,1.5153778399792053,2
1.008433098318843,1.5192480318588508,2
1.0095976382797325,1.5239360387079621,2
1.011299408986682,1.529640648045337,2
1.013667969454783,1.5328904421034402,2
1.0167957749272354,1.5363387239117117,2
1.017426207902778,1.5400081583644294,2
1.0185003977635478,1.5420415346373186,2
1.0200180728781678,1.542439024026729,2
1.0203336515410992,1.544273512857945,2
1.022388738489358,1.5456874905380502,2
1.0221671769500116,1.5465053197822112,2
1.0211866646736212,1.5471244757051466,2
1.0229261050511091,1.546704007378132,2
1.0202061071253308,1.5477436601774777,2
1.0168208134109253,1.5512371861261247,2
1.0144157603415511,1.5541117274481877,2
1.0125478701104011,1.558002914082607,2
1.0094767742661457,1.5633317996189557,2
1.0082403356281695,1.5708917783447482,2
1.0081130175718744,1.5743617829173182,2
1.0087457141421527,1.5780297899003735,2
1.0093787728875867,1.5816975684882806,2
1.0092521791816065,1.5851671162705667,2
1.0082393393182336,1.5919079810294967,2
1.0084303615104364,1.5972107329202938,2
1.0061189407535416,1.6027378349875754,2
1.0052326040523596,1.6060092090630107,2
1.004124683175883,1.6100984266573075,2
1.002477562225927,1.6131722836619478,2
1.0006086307412048,1.6170641269324104,2
0.9995004835052548,1.6211534872736735,2
0.9968700886933277,1.6248482417142291,2
0.9935740811895251,1.630997069149842,2
0.990720879861156,1.6355104379428766,2
0.9876453247352845,1.6408421355944558,2
0.9857745597388252,1.6447351351153472,2
0.9851090602266765,1.647189136736909,2
0.9844435607145314,1.6496431383584778,2
0.9825724335429182,1.6535363662745084,2
0.9799390055140602,1.6572330335244168,2
0.9774015413002495,1.663580791225785,2
0.9780385387005079,1.6672460860164868,2
0.9775947818152879,1.6688821441963224,2
0.9767072680448479,1.6721542605559776,2
0.9745165330116894,1.6742155405367942,2
0.9728661977572166,1.6772914245483523,2
0.9713125733040524,1.683017927946386,2
0.970521906150605,1.6889405780443418,2
0.9699534569789758,1.6940449849319403,2
0.9688439515861909,1.6981352017549973,2
0.9674149741475411,1.7003933849946602,2
0.9665272792895223,1.703665615551893,2
0.9664030397220564,1.707133678765727,2
0.9652935343292715,1.7112238955887875,2
0.9657113922365461,1.7157054922311143,2
0.9666717097937099,1.721200393906786,2
0.967090631590505,1.7256813196383778,2
0.9676328422449796,1.7266947816933857,2
0.9702453964761926,1.729112600282992,2
0.9708870568815975,1.7327749544861906,2
0.9708870568815975,1.7327749544861906,2
0.9717506183655562,1.7356192653247842,2
0.9723929578493795,1.739281191287084,2
0.9715069833233585,1.7425523369673765,2
0.9703995151658269,1.7466412690677409,2
0.9692920470082971,1.7507302011681052,2
0.9697139341141874,1.7552092569144317,2
0.9693714831275795,1.759493036717334,2
0.968042928785593,1.7643994982932298,2
0.9677008399741371,1.7686830497009858,2
0.9660500972726158,1.7717591906570807,2
0.9659296152724011,1.7752248842712781,2
0.9663724214478364,1.7735894256287015,2
0.9652654060092534,1.7776780722351369,2
0.9686492702047342,1.7802867701616218,2
0.9696358715509472,1.7796637743452948,2
0.9695162044448438,1.7831289540704134,2
0.9690737151726694,1.7847642128672376,2
0.9687330524258932,1.7890468649691034,2
0.9681714166744015,1.794146975173021,2
0.9673888758260389,1.8000645006549014,2
0.9633213546344379,1.8060225772258995,2
0.9650585732348542,1.811704832388397,2
0.9574661715891288,1.8246341763661675,2
0.9571265048240356,1.8289162003813857,2
0.957008286418553,1.832380466525919,2
0.9559021764178599,1.8364685421444875,2
0.9547960664171669,1.840556617763058,2
0.9534687344163348,1.8454623085053363,2
0.9513741442858041,1.8501745647400476,2
0.9485118885785173,1.8546936434117303,2
0.9476267289465952,1.8579642752029422,2
0.9464166193695629,1.8594063278873332,2
0.9446602020315957,1.8598375022368039,2
0.9426822910621286,1.8610864630063482,2
0.9393904067549741,1.8611313678779347,2
0.9364228612223506,1.8630052372731427,2
0.9336765376898679,1.8640614915446427,2
0.9299404437785412,1.8657427400899866,2
0.9258796036456403,1.8655952810562457,2
0.9211526981019063,1.8679021805114857,2
0.9168690061806544,1.8685733643796176,2
0.9138987443343609,1.8704489467384224,2
0.9124642663605123,1.8727105987293555,2
0.9130102345822397,1.8737216911847323,2
0.9141023068413645,1.8757437904473004,2
0.912121724830115,1.876994435631044,2
0.9128899336696055,1.8771872706013575,2
0.912121724830115,1.876994435631044,2
0.9108074798610613,1.8757905510294428,2
0.9109092158426684,1.8784380014332775,2
0.9079377995630615,1.8803143118016052,2
0.9055121025097534,1.8832018716469747,2
0.9034099746087705,1.8879188813556542,2
0.9009835532051476,1.890806897991311,2
0.8985567696263743,1.893695143022116,2
0.8961296238724366,1.8965836164480692,2
0.8942485821559085,1.9004830966812172,2
0.8930347150116251,1.9019275189652483,2
0.8911532884839914,1.905827241868236,2
0.8894941478460208,1.9089086787367666,2
0.8886040988494823,1.912182393862448,2
0.8879365621020785,1.9146376802067095,2
0.8870465131055418,1.9179113953323856,2
0.8859339518598723,1.9220035392394887,2
0.8848213906141993,1.9260956831465883,2
0.8862405858693805,1.9299449911451028,2
0.8868904857595972,1.9336021493587374,2
0.8872155715203913,1.93543064281738,2
0.8880883458349018,1.9382691438544466,2
0.888413680591114,1.9400974802914277,2
0.8887391058911192,1.9419257596296138,2
0.8892868849886248,1.9429357101092624,2
0.8890646217349119,1.9437539818690208,2
0.8876436835117882,1.9399057730221436,2
0.8865484422200396,1.9378856722170994,2
0.8876436835117882,1.9399057730221436,2
0.8887391058911192,1.9419257596296138,2
0.8892868849886248,1.9429357101092624,2
0.888413680591114,1.9400974802914277,2
0.8892868849886248,1.9429357101092624,2
0.8891836776704416,1.9402891875607082,2
0.8897314114960544,1.9412991665897472,2
0.8889613917807822,1.9411074735951601,2
0.8891836776704416,1.9402891875607082,2
0.888413680591114,1.9400974802914277,2
0.8882945341117949,1.943562331698521,2
0.8878499623324743,1.945198903767432,2
0.885420371896231,1.9480889188606145,2
0.8834351721517351,1.9493424760824656,2
0.8809019216783618,1.9495862541210265,2
0.8799091633544798,1.9502131326548273,2
0.8784713805323285,1.9524768687514644,2
0.878026401305954,1.9541136977649138,2
0.8762630120962278,1.954549268720939,2
0.8740543720287519,1.9566218399867683,2
0.8732838543226435,1.9564304610355094,2
0.8712975227807753,1.9576847319921864,2
0.8712975227807753,1.9576847319921864,2
0.8725133366165281,1.9562390820842452,2
0.8718454603299186,1.9586945825489543,2
0.8728386487367992,1.9580674327959215,2
0.8726160459438734,1.958885918676124,2
0.8717428189104108,1.9560477031329864,2
0.8716403133065995,1.95340073806884,2
0.8716403133065995,1.95340073806884,2
0.8726334111696872,1.952773645414588,2
0.8734038383320133,1.952965081464633,2
0.8746194710801873,1.9515195457542713,2
0.8745169654763671,1.948872580690118,2
0.875184841762982,1.9464170802254088,2
0.8753051879475038,1.9429514722593932,2
0.8742102635590179,1.9409311716085949,2
0.8748783435691543,1.9384755426716147,2
0.875769116916004,1.9352013707556424,2
0.8756673130265575,1.9325539631759021,2
0.8750185902055954,1.9288960626780423,2
0.8749171484913028,1.9262484267031539,2
0.8748158425926889,1.9236007050800836,2
0.8757070686584871,1.9203262476701806,2
0.8756059891193466,1.917678383300144,2
0.8752821936075517,1.9158490761837985,2
0.8737432859743706,1.9154649764597984,2
0.8789702282767831,1.89928388279049,2
0.8784241242393769,1.8982728759832916,2
0.8788699183598538,1.896635533080767,2
0.8797615066008078,1.8933608472757193,2
0.8796614230433519,1.8907123548190334,2
0.8805531018280934,1.8874376119151997,2
0.8816677003090199,1.8833441832854039,2
0.8817908986229082,1.879876776707615,2
0.8833514949478403,1.874145876703027,2
0.8859031745365478,1.8677891544921863,2
0.8880086978296262,1.8630700035790149,2
0.8893460801910553,1.8581579748714425,2
0.8929866630062726,1.8538253503806956,2
0.8939772030073172,1.8531998707671669,2
0.8936551504634611,1.8513694644991787,2
0.8921198193099578,1.8509831093731162,2
0.8931103366750524,1.850357644034279,2
0.8943236379206496,1.8489135786176583,2
0.8925655681585383,1.8493457950199836,2
0.8942245956167731,1.8462644295249326,2
0.8951160027701448,1.8429898579174555,2
0.89600740992352,1.8397152863099802,2
0.896577307795777,1.8346099658418034,2
0.8969245802391583,1.830323145528526,2
0.8968262396496431,1.8276735539202011,2
0.8969509772079505,1.8242051766630425,2
0.8972988608219055,1.819917970932961,2
0.8986366506303849,1.8150056852808483,2
0.8994308716275583,1.809080794055518,2
0.9004484197679705,1.8023369601596961,2
0.9012432972076123,1.7964116549681677,2
0.9025814944631438,1.7914991123715147,2
0.9036966588427529,1.7874053268743069,2
0.9040459911573429,1.7831172075636417,2
0.9051612687166912,1.779023350692949,2
0.9070421519815888,1.7751239703826798,2
0.9081573163611978,1.7710301848854684,2
0.9085071013947328,1.7667417800808725,2
0.9084109564921032,1.7640908038269743,2
0.9090801909355548,1.761634446880473,2
0.9084421975536117,1.7579697801764205,2
0.9103228544590358,1.7540705426131211,2
0.909462213012274,1.7512243903386668,2
0.9093667471880629,1.7485729858438752,2
0.9107057593376986,1.7436599293581416,2
0.9110569477999668,1.739370639522356,2
0.9101973476067862,1.7365238306118655,2
0.9110902940045733,1.7332482883250204,2
0.9131940743297093,1.728530236563488,2
0.9145333581107149,1.7236170087813996,2
0.9164135396612405,1.7197180709867226,2
0.9167654977457182,1.7154282958112503,2
0.9163537968161073,1.710942816451448,2
0.9164830389279199,1.707471598529665,2
0.9160720849845703,1.7029856481048746,2
0.9142278301366424,1.700760607386794,2
0.9131474380263125,1.6987311423807778,2
0.912383846920072,1.6985353953723568,2
0.9130542357968334,1.6960783104163255,2
0.9127376837881709,1.6942444353970672,2
0.9118813205354463,1.6913955852049547,2
0.9104854855778761,1.6875315457195477,2
0.909090193883042,1.6836671636414202,2
0.9086822957925786,1.6791792861325874,2
0.9069726477759676,1.67347964438963,2
0.9055791895928635,1.6696141060610756,2
0.9036474367741683,1.6647326361550068,2
0.9040045784905733,1.6604395920740096,2
0.903599396713787,1.6559500016015836,2
0.9037330528353174,1.652476000113964,2
0.90386689004443,1.6490018844287668,2
0.9055254647837252,1.64592080442765,2
0.9058835572099113,1.6416271608093957,2
0.9070039278573958,1.6375300921319678,2
0.9074520761163924,1.6358912646609962,2
0.9096481758690693,1.633826601577086,2
0.9092446691523755,1.6293359547771118,2
0.9083933763518459,1.6264839070529646,2
0.9077665198559757,1.6228122171981845,2
0.9069158155900787,1.6199597983319247,2
0.9060653829555445,1.6171072081693048,2
0.9056638229303253,1.6126153337454223,2
0.9048140241023184,1.6097623438912994,2
0.9047257791452985,1.6071063857682901,2
0.9044132789711998,1.6052699555783398,2
0.9043252830095945,1.602613840433671,2
0.9034763217116399,1.5997603224157668,2
0.9023156524977445,1.5950698745935377,2
0.901916537154829,1.5905764585024258,2
0.9022786361436896,1.5862802882628753,2
0.902952420412543,1.5838210621023503,2
0.9021049530871146,1.5809666019544775,2
0.8999613721864073,1.5768968231730227,2
0.8998750965567979,1.57423962315141,2
0.8987178000990497,1.569547048399384,2
0.8980965573180999,1.565871818419847,2
0.897925500031409,1.5605564762466422,2
0.8962350020262129,1.5548447581103595,2
0.8933355036053996,1.5505743931983424,2
0.8902116820596664,1.5471235990434646,2
0.8880736243301008,1.5430503372360427,2
0.888215248305082,1.539571311055214,2
0.8868379295524011,1.5356955948679847,2
0.8862206254262865,1.532017881091237,2
0.8860546838636765,1.5266993128366018,2
0.8864229624661562,1.5223992456048787,2
0.885581222035384,1.5195411739587659,2
0.8829138561413057,1.5144463135192652,2
0.8835908999865723,1.5119850318024302,2
0.882975859455188,1.5083058905560254,2
0.8838787656697864,1.5050240674026742,2
0.8820539777365308,1.5027867504455177,2
0.8816656823764166,1.4982865110494217,2
0.8780177815699961,1.4938108208075604,2
0.8754357405957425,1.491373759926935,2
0.8720956090504295,1.4887374832866076,2
0.8679975227497607,1.4859019052384088,2
0.8646583419142431,1.483265029060835,2
0.8610930723499131,1.4814488370667327,2
0.8585129780671217,1.479010548562199,2
0.8569181948815512,1.4759500778990429,2
0.855323819143031,1.4728893502913518,2
0.8529717602805089,1.469629149979422,2
0.8496352504867737,1.4669905893876436,2
0.8472842555137774,1.4637297181649789,2
0.8459188432693701,1.4598464934873334,2
0.844781172177921,1.4551415425733545,2
0.842886519676842,1.450236676439543,2
0.8409927726136601,1.4453312393178699,2
0.8400848120025852,1.4398033202689504,2
0.8379653157497984,1.435718353210314,2
0.8368313795896558,1.4310110469713937,2
0.833199097586867,1.4265255071888738,2
0.8300970744583847,1.4230609665011684,2
0.8264667391470617,1.4185741990947367,2
0.8231381519348737,1.4159306423591467,2
0.8200382339494858,1.4124647741246648,2
0.8167106653549254,1.4098205750277195,2
0.8154254396703031,1.4085983902650767,2
0.8120985275182182,1.4059537772019404,2
0.809528755227392,1.4035089794357525,2
0.8062027032412971,1.4008638239341415,2
0.8033347140591243,1.3965735886444453,2
0.7994822286738259,1.3929050216242924,2
0.79563055818263,1.389235940715059,2
0.7917797025855364,1.3855663459167502,2
0.7901985009683461,1.3824973104356353,2
0.7881590101877656,1.3810734974895666,2
0.7873346768004641,1.378204448601764,2
0.7865106150445342,1.375335228417601,2
0.7856868249199671,1.372465836937078,2
0.7846337770339744,1.3704191280975664,2
0.785025529113792,1.3661042580054659,2
0.7854846331712775,1.3644585215813372,2
0.7851879328883946,1.3626121276531542,2
0.7854175075530847,1.3617892451663938,2
0.785647082217773,1.360966362679635,2
0.7851879328883946,1.3626121276531542,2
0.7851879328883946,1.3626121276531542,2
0.7863358062118415,1.3584977152193556,2
0.786402841286252,1.3611670487330834,2
0.7844321285480227,1.3624114701491035,2
0.7821647155269069,1.3618094976369441,2
0.7786154722132643,1.35998319915765,2
0.7747705245984129,1.356309878663529,2
0.7725033832086634,1.3557077348550077,2
0.7701707459889278,1.3524352868533978,2
0.7685942300128197,1.3493632965100861,2
0.7660323803035514,1.3469135026000867,2
0.7624850610454281,1.345085990771583,2
0.7596934555838892,1.34345919354592,2
0.7561465664087592,1.341631410498179,2
0.7513830937756776,1.3412497626980624,2
0.7471440625784442,1.3418927825897917,2
0.7454021548826972,1.342314806858738,2
0.7431354888478445,1.3417123632815926,2
0.741624378157935,1.3413107342301593,2
0.7391266887577643,1.3415320867203597,2
0.7361043768341666,1.340728885716283,2
0.7343000065253715,1.3384786929827897,2
0.7305223429803451,1.3374745489807296,2
0.7275002121443315,1.3366712337790858,2
0.7242466052240495,1.3366920001387115,2
0.7247095573925755,1.3350438370161655,2
0.7212243838442411,1.3358887420358503,2
0.717678286927276,1.334060459373731,2
0.7163989465889475,1.3328345631899676,2
0.7141324163697753,1.3322320339646438,2
0.7118658861506084,1.3316295047393183,2
0.7088438458583788,1.3308261324388866,2
0.7050662954930917,1.3298219170633416,2
0.7020442552008657,1.32901854476291,2
0.6980344364931632,1.3288389105630216,2
0.6940243914259838,1.328659419110103,2
0.6892585420184361,1.328279270153132,2
0.685248021596367,1.3281000784688395,2
0.6817601770062502,1.328946667902727,2
0.6805390437228898,1.3303956723643697,2
0.6744935144378061,1.3287898413440882,2
0.6693168308468707,1.3327365960484467,2
0.6868171356177086,1.331176736637941,2
0.6828061172047928,1.3309978589969802,2
0.6807717874202037,1.3295707914200854,2
0.6765849421159462,1.332892509026511,2
0.6750733787070953,1.3324911654690137,2
0.672806033593826,1.331889150132767,2
0.6690271250716968,1.3308857912390213,2
0.6659477378905088,1.3274069758547125,2
0.6611801455150168,1.3270279260493805,2
0.6599020275178447,1.3258012590320014,2
0.6578683089038275,1.3243738060383006,2
0.6565903946301859,1.3231470105486522,2
0.6580463993899031,1.32087178332125,2
0.6579912029159338,1.3181949841411935,2
0.654735513488502,1.3182170637729094,2
0.6527024739529033,1.3167891825383151,2
0.6486368023287543,1.313933163124581,2
0.6450932406378822,1.312103281696439,2
0.6420178826553062,1.308621925416137,2
0.6379537502755763,1.305764935323035,2
0.6358692039254183,1.3016579281328386,2
0.6338377036342315,1.3002290762188693,2
0.633264539605344,1.296523526783746,2
0.631702284276038,1.2934425433815733,2
0.6303749004230781,1.2895353372136356,2
0.6273036848188625,1.286051368663852,2
0.6249880019236524,1.2827682289144846,2
0.6241824337366566,1.2798873463031928,2
0.622907620587787,1.2786585951801133,2
0.6196035481065216,1.2759995789481007,2
0.617054600887208,1.2735416484610376,2
0.6139864637718215,1.2700557385525197,2
0.6119087082058474,1.2659444489533431,2
0.6089647835516914,1.262304568649835,2
0.6077900629773847,1.258211270425413,2
0.6049699547099543,1.2544198884520785,2
0.6021503343559012,1.2506294913840978,2
0.599095646174213,1.247665850226376,2
0.5965125573879178,1.2430516519641905,2
0.594868742040207,1.240613966691697,2
0.5934608565004318,1.237351265508405,2
0.5922890471426054,1.2332638438859114,2
0.5906486256835777,1.2280902340698177,2
0.589713608113982,1.2231795365359766,2
0.5883071863143314,1.2199197900687384,2
0.5861964015071184,1.2163992324506605,2
0.5850266739130277,1.2123160130910051,2
0.5822121441218613,1.2085358918688645,2
0.5777528609249583,1.2050589672747751,2
0.5765845482796585,1.2009786041406425,2
0.5744758777637387,1.1974623144457563,2
0.5718997010836091,1.1928620690093972,2
0.5704962067642132,1.1896082319742725,2
0.5667437098779757,1.1863970102276085,2
0.5646366982675346,1.182884069210921,2
0.5625240971582226,1.182102620663752,2
0.5599440712035886,1.1802373805259982,2
0.5564231506736235,1.1789351304316096,2
0.5521980460376685,1.1773724303183393,2
0.5477358893930209,1.1766324808335682,2
0.5444520208717574,1.1745074801106874,2
0.541398086065076,1.1742881351920609,2
0.5378770842162233,1.1729857209467784,2
0.5352976274938577,1.1711216298652722,2
0.5338892592818762,1.1706007298275143,2
0.5334224687239484,1.1695182186138915,2
0.5308432559582741,1.1676546199850613,2
0.5285016969611291,1.1649694854443418,2
0.5263979868978659,1.1614632089538688,2
0.5238193596282414,1.1596007922114602,2
0.5217163001161502,1.1560958289281285,2
0.5200798197328513,1.1536729500660972,2
0.5186813509212289,1.1504292575561017,2
0.5172831748576314,1.1471861559893153,2
0.5161232055310556,1.143122634736704,2
0.513545944418885,1.1412629757292834,2
0.5114449016154126,1.1377620833880737,2
0.5095823582969778,1.1334413623042412,2
0.5086512818031181,1.1312813957244714,2
0.5063131056720458,1.1286030898608583,2
0.5053823544537686,1.1264437798846565,2
0.5030446337085142,1.12376639326604,2
0.5011839119333565,1.119449349162192,2
0.4983818401970517,1.1156943758567142,2
0.49721345147402474,1.1143566346225828,2
0.4962836435549356,1.1121992287967242,2
0.4948891756329914,1.1089636125106157,2
0.49419829005721283,1.105987231526786,2
0.49491408126038117,1.1035283362421566,2
0.4935202964171683,1.1002940988235412,2
0.4914236610978513,1.096802103460675,2
0.4912110918582826,1.0921887242360704,2
0.4905212959557055,1.089214542874192,2
0.49005707507489227,1.0881372188287557,2
0.48865108137466606,1.0876211119970502,2
0.4865420908243365,1.0868469517494894,2
0.4849109449606157,1.0844348411859706,2
0.4813961233478494,1.0831449024084847,2
0.4788233347749582,1.081294271700127,2
0.47601154253986167,1.0802624519988502,2
0.4715546228321177,1.0795330738315219,2
0.4713301537473402,1.0776384489672086,2
0.4680548237101583,1.0755306840879921,2
0.4654825555781983,1.0736811039453436,2
0.4624470098646185,1.0707561039076054,2
0.4594117894266212,1.0678317604734353,2
0.457079695948968,1.0651657330965527,2
0.45402880246899713,1.064952527421287,2
0.45073802708274613,1.0655563599234732,2
0.45097777887879076,1.0647390591045998,2
0.4498118947777563,1.063406373717939,2
0.44794327404707346,1.0618161601982745,2
0.4449090944909493,1.0588939178955261,2
0.4409324915642472,1.0565315795993655,2
0.436715974203711,1.054986213820298,2
0.43203692739538546,1.0523669383343481,2
0.4271177709878806,1.0505642414033485,2
0.4214958779507274,1.0485040163393542,2
0.416817302792003,1.0458856929285805,2
0.4121389553261867,1.0432678291403015,2
0.4079227307136719,1.0417230543044447,2
0.4053527720383592,1.0398781360471308,2
0.4020802718987557,1.0377760836189545,2
0.40045423286170134,1.0353742817314622,2
0.39788472957220833,1.0335302827191413,2
0.3955564743464439,1.03087200326436,2
0.3929872963325316,1.0290286608556052,2
0.3911208061569287,1.027442748089321,2
0.3885518720997059,1.0255998981332457,2
0.3871467891711191,1.0250856297915263,2
0.3864442477068266,1.0248284956206675,2
0.38574170624253057,1.0245713614498104,2
0.38457801775168754,1.0232431081372315,2
0.3843583139542197,1.0213581025151939,2
0.38297521441393734,1.0181454345237952,2
0.3808900125313919,1.0146765187763531,2
0.3787828272605509,1.0139060026785902,2
0.3785636113764568,1.012021981961908,2
0.37788375264297436,1.0090678598390355,2
0.3760184822508066,1.0074844093361275,2
0.3729904991945503,1.004574675331348,2
0.37020467497366205,1.000852499374103,2
0.3662333089838601,0.998500732395387,2
0.36272230935920113,0.9972185087098282,2
0.35921130973455284,0.9959362850242659,2
0.3557003101098992,0.9946540613387072,2
0.35243156690328625,0.9925595926817437,2
0.3491629863344645,0.9904654523265641,2
0.3472988706706239,0.9888843327663288,2
0.34567728790906926,0.9864915263477183,2
0.3435709320909659,0.9857226845890565,2
0.3412475559989616,0.9830742541877928,2
0.3379797560915456,0.9809816896811832,2
0.334252793338635,0.977822011314613,2
0.33052622091642725,0.9746631208723358,2
0.3286897646998259,0.9703950593946757,2
0.32612496164252036,0.9685605483039126,2
0.324748204976121,0.9653606840820927,2
0.3226699151997341,0.9619057211604769,2
0.32105067442238777,0.9595176422875547,2
0.3184866845540384,0.9576847727057132,2
0.316166073304494,0.9550419234347824,2
0.3129006804363943,0.9529542177945718,2
0.3096354502060912,0.9508668404561469,2
0.3059121955948374,0.9477146473702582,2
0.3031345683186597,0.9440090178229283,2
0.3008447716895226,0.9386855956891882,2
0.3001727846251683,0.9357473633726681,2
0.30044616467541196,0.9322551693118477,2
0.30139130409711257,0.9317007479450528,2
0.3025504712573408,0.9330198744680303,2
0.2997447291481059,0.9320002675931196,2
0.2979141929471325,0.9277441563004025,2
0.2962676179981223,0.9280436759484694,2
0.29391957499425025,0.9280882282174545,2
0.29276068431827085,0.9267696598075119,2
0.2906565241103536,0.9260052501229339,2
0.2897417439232477,0.9238781793819282,2
0.28858306467639494,0.9225600377643044,2
0.289559181356287,0.9193253718364858,2
0.28766851218219003,0.920433426645797,2
0.2858087064198358,0.9188610070828318,2
0.2841931575203578,0.9164803806604152,2
0.281876579688058,0.9138456732737286,2
0.280017180520181,0.9122740744652269,2
0.2786147648513815,0.911765190272769,2
0.2767554957937399,0.9101938541056942,2
0.2748963243187692,0.9086227149196873,2
0.27233609138342096,0.9067974291090621,2
0.26907484577901464,0.904718095164343,2
0.26486798910331544,0.9031922305112481,2
0.2627645607654685,0.9024292981847033,2
0.26066113242761446,0.901666365858155,2
0.2588024976573635,0.9000963100680437,2
0.2564542757519206,0.9001405012050618,2
0.25386106511352935,0.9009914218435142,2
0.25151259925139335,0.9010351205278617,2
0.2503551885793165,0.8997195396641526,2
0.24951078754622102,0.892248985833513,2
0.24810869715300576,0.8917407582446248,2
0.257889274681812,0.9365114838488786,2
0.2553589618590024,0.9320038195156286,2
0.2551789852329378,0.9274562319685558,2
0.25243786489988196,0.9210815201208558,2
0.25127959224750995,0.9197641992576919,2
0.25110081914110083,0.9152190411438159,2
0.2501876978594666,0.9130953190810036,2
0.24829501197674908,0.9141993029481945,2
0.2466471521891922,0.9144962290121708,2
0.24380773303441217,0.9161514168886669,2
0.24051152554591404,0.9167442841112656,2
0.23886332421898437,0.9170405207414944,2
0.23696992272998507,0.9181430600808334,2
0.23507639113074852,0.9192453367787401,2
0.23248106620106412,0.9200919894940061,2
0.2296402808888356,0.921744419635516,2
0.22634277229799693,0.9223346604438412,2
0.22472829680795314,0.9199562008131998,2
0.2240265847963947,0.9197007409814368,2
0.22121973675017514,0.918678901654399,2
0.21841288870395914,0.9176570623273612,2
0.2160621784402963,0.9176962304470848,2
0.21465872188962898,0.917185245123207,2
0.21304484815940938,0.9148080002091632,2
0.21213283281476336,0.9126865105984887,2
0.21237852089021558,0.9118811927947306,2
0.209116055502367,0.9097993965866316,2
0.20820439796086276,0.9076786292398786,2
0.20609960346556377,0.9069129391783441,2
0.20564387227748604,0.9058527524860427,2
0.20424070847483833,0.9053423581053774,2
0.2030834767043359,0.9040271383736282,2
0.20122476061519023,0.9024569184326197,2
0.20052321124142125,0.9022017869026424,2
0.1984185631201374,0.901436392312716,2
0.19726154277876162,0.9001215993732892,2
0.19771701374637018,0.9011812607827423,2
0.19866460899872962,0.900631796772883,2
0.19796307588874562,0.9003766980730887,2
0.19750762118491494,0.8993170694938133,2
0.19659680935992263,0.8971980093163374,2
0.19498467585408186,0.8948242772313844,2
0.19407415677711803,0.8927058079971211,2
0.19456654128233097,0.891097207860664,2
0.19344734525019014,0.8871159918653255,2
0.1934847954925072,0.8844488137153075,2
0.1932760697459912,0.8825859684636974,2
0.19306740905459563,0.8807232545327999,2
0.19240396047431574,0.8778022580599405,2
0.19314292756283358,0.8753901457795408,2
0.192726126620979,0.871665768483453,2
0.19301056604107814,0.8681958989439522,2
0.19210141312156814,0.8660801874446751,2
0.19238614528969578,0.8626109088483815,2
0.193371825071754,0.859395547065466,2
0.19316387998664553,0.8575342776624204,2
0.19250171624491763,0.854615874773657,2
0.1913855778032687,0.8506408308518552,2
0.19002326337279207,0.8474701198284595,2
0.19076296233137136,0.8450594849060913,2
0.18960841408443585,0.8437496821537831,2
0.1875461766581168,0.8403271226182536,2
0.1856913638759714,0.8387647819200605,2
0.18313617271217097,0.836949673464737,2
0.18222884133592565,0.8348376389454426,2
0.1808680882282534,0.8316700796191743,2
0.17954805438250787,0.8258419410087505,2
0.17822880119816986,0.820015378246886,2
0.1766632744423262,0.814992951402358,2
0.1743983613953528,0.8097197594415864,2
0.17163982779594988,0.8060526725237072,2
0.17028166062916483,0.8028903331958013,2
0.16727665829291105,0.8000269882331139,2
0.1666189833542404,0.7971176464735947,2
0.16361461530537547,0.7942555818878656,2
0.160610572532093,0.791394173905708,2
0.15735923156921494,0.7893348335396428,2
0.1550555021224742,0.7867260619938978,2
0.15205232132948865,0.7838663940111914,2
0.15065289819606065,0.7833635505715595,2
0.14830591233783252,0.7834102368021405,2
0.14740222404813252,0.781305556242808,2
0.14579900309328764,0.778949815095622,2
0.14419597730379152,0.7765944679105754,2
0.1423896416062611,0.772387207923332,2
0.1403357149711031,0.768981424608965,2
0.1387334861067906,0.7666276861026606,2
0.13598079120411555,0.7629723852188306,2
0.13367966396204523,0.7603688665016328,2
0.1316271685394632,0.7569659722429698,2
0.1309736733920488,0.7540650678392957,2
0.12962111722908887,0.7509140549229478,2
0.12896806120371096,0.7480140369340944,2
0.12831520034368538,0.7451144129073803,2
0.1274605583708599,0.7403659621152343,2
0.12610917320000503,0.7372173129717297,2
0.12475808077716799,0.734069254771434,2
0.12365599424074247,0.7301225761237813,2
0.1216066702550993,0.7267260837499094,2
0.11885891954130123,0.7230807632403113,2
0.11660953840345911,0.7178389240999152,2
0.11526030005145316,0.7146946085399595,2
0.1127631490744232,0.7102538849404851,2
0.11166376232533892,0.7063126561024422,2
0.11031559738276187,0.7031705073342671,2
0.1106138284876188,0.6997284777860528,2
0.11021381176588463,0.6960379812340793,2
0.11096146371249382,0.693643400268952,2
0.11076160172564364,0.6917984474645742,2
0.11150930246358826,0.6894039649899817,2
0.11086060513103746,0.6865127454889421,2
0.11026189741455639,0.6809796599054341,2
0.11105978293392127,0.6759437053105177,2
0.11395158248031656,0.671651477387778,2
0.1158959006208029,0.6679089432861467,2
0.11694316609349897,0.6620751233379707,2
0.11679439965970317,0.6575905369032569,2
0.11709415955980518,0.6541515933918145,2
0.119186853803388,0.6548928578006148,2
0.12157904772660189,0.6521946534151155,2
0.12157904772660189,0.6521946534151155,2
0.12063226566320395,0.6527457589338947,2
0.11878904895562492,0.6512068261529045,2
0.11864086801788076,0.6467234216046123,2
0.11869158950401903,0.6440830328801805,2
0.1173477669904841,0.6409496497696328,2
0.1165031922969817,0.6362215208579247,2
0.11585724354311111,0.6333358496570352,2
0.11476390691989025,0.629406833645362,2
0.11322352396668123,0.6244351622566509,2
0.1114341025995067,0.6202620456549539,2
0.10984264035701763,0.617930040726753,2
0.10944782804463138,0.6142500498318739,2
0.10855367032953467,0.6121646077570873,2
0.10860627841405446,0.6095280273333454,2
0.1079622325223557,0.6066461972633306,2
0.10756826592648494,0.602967913537725,2
0.10553136746814751,0.5995965034201589,2
0.10469144421549537,0.5948777639394756,2
0.10429845344637556,0.5912014500245704,2
0.10365565986566949,0.5883221478782978,2
0.10181644404777401,0.5867912913211963,2
0.10022748642727564,0.5844643422404765,2
0.10028162330704582,0.5818308478535048,2
0.10008566462720125,0.5799937742919443,2
0.10033585776948861,0.579197550447601,2
0.09944371676301245,0.5771161793149417,2
0.0981057492099886,0.5739946150686226,2
0.09582156882583881,0.5714253053973231,2
0.09378805323357398,0.5680607239568669,2
0.09289666036094246,0.5659808630124097,2
0.09155981500868293,0.5628615640483989,2
0.09041822899376406,0.5615779269482797,2
0.08977780992481854,0.5587034180080508,2
0.0888870025482369,0.5566247389500152,2
0.08824694128243493,0.5537509522737132,2
0.0878577237100906,0.5500822549602002,2
0.08721808530254904,0.5472093218685359,2
0.08588289885576295,0.5440933715827239,2
0.08524369957026323,0.5412213249058766,2
0.08485549035222917,0.5375546630634283,2
0.08516310565767782,0.5341315765281607,2
0.08522002364368575,0.5315036961016926,2
0.08597250593271433,0.5291188656995534,2
0.08577872659927621,0.5272861913819007,2
0.0855850123209656,0.5254536483849588,2
0.08608673223543306,0.5238638927709083,2
0.08639486798182006,0.520441856801348,2
0.08714749664486021,0.5180573218708115,2
0.08720491880802328,0.515430459179882,2
0.08845938123198849,0.5114563984465441,2
0.08807283091942786,0.5077930852822998,2
0.08807283091942786,0.5077930852822998,2
0.08932745598118608,0.5038193528507513,2
0.0882464147750337,0.4999151564539499,2
0.08874836238241457,0.49832586046240124,2
0.08830447122558738,0.49728957413997854,2
0.08836262525881722,0.4946641888070751,2
0.08886463792131138,0.4930750241362425,2
0.09056338183280133,0.49013803764961494,2
0.09017803503990152,0.48647715391856217,2
0.0897929484674691,0.48281679547037015,2
0.0891570344653676,0.4799513804895632,2
0.08832909761797936,0.47525683685036135,2
0.0844135814459257,0.4730178087043022,2
0.08194663230685251,0.46863805074613296,2
0.08036622943422245,0.4663283703392551,2
0.07992326531280369,0.46529395533699613,2
0.07903743465265656,0.4632253223135585,2
0.07770893261912448,0.4601228652310727,2
0.07612921282521334,0.4578145636916844,2
0.07480124749639216,0.4547131900050907,2
0.07322196682451754,0.4524057748805159,2
0.07139122443558144,0.4508920228463733,2
0.06911820100395971,0.448345234677463,2
0.06684543779280361,0.4457989717914099,2
0.06318489631412483,0.44277337187346255,2
0.06047069777679859,0.43919578002192594,2
0.057252892726621596,0.43720413548373394,2
0.05573763731226222,0.4322831867206691,2
0.05523341277579874,0.4338678864872403,2
0.05479163591026648,0.4328358680880058,2
0.05504376444227965,0.43204355103489966,2
0.05441250188102309,0.42918752548511563,2
0.05447520977242171,0.4265713326021672,2
0.05321356289398338,0.4208610543322244,2
0.05075446916026394,0.41649715335022464,2
0.047350057103276555,0.4126873126030617,2
0.046090719681483705,0.4069816962184536,2
0.044074508750279406,0.4036520460878208,2
0.04319284161760706,0.4015918175900506,2
0.04205868814977798,0.4003231838814685,2
0.03865661807699361,0.39651807067999023,2
0.03802821794087485,0.3936678232416071,2
0.03601356833247493,0.39034132480809447,2
0.0344396221801766,0.38804467798204456,2
0.03286587119322881,0.38574842511813223,2
0.03173249838680192,0.3844813672581129,2
0.030159056411658725,0.3821857381675926,2
0.02763967808963841,0.38044292176512506,2
0.024427353933045737,0.3784623409970589,2
0.02077536720221751,0.37545400975295706,2
0.01687043875042349,0.37323635405304145,2
0.015298118976044606,0.37094299024483135,2
0.013219135098324841,0.3702294016764309,2
0.01234007017031935,0.36817442600720796,2
0.011207640663084106,0.36690927229753534,2
0.009635890120978985,0.36461705754556917,2
0.008317927016364024,0.36153587441869206,2
0.006053783608177099,0.3590070115271935,2
0.003789900420461123,0.35647867391855215,2
0.0017800648907009275,0.35316189321785174,2
-0.0027462702721621213,0.3481081070562606,2
-0.005632308304788225,0.3427421287977399,2
-0.006509421579286467,0.3406910927499247,2
-0.006439801581729299,0.338088852692799,2
-0.006116003815979099,0.33469843218504813,2
-0.007246806945293116,0.33343656149321177,2
-0.008815808908718026,0.33114989504139913,2
-0.011331218868614101,0.32941508920246676,2
-0.013846498718280031,0.3276805460049559,2
-0.015414947713207283,0.32539499577920594,2
-0.016983201542789317,0.32310983951559713,2
-0.01735013773764038,0.31948611954651085,2
-0.018917936181402695,0.31720188252789505,2
-0.020231020152262857,0.3141305484545409,2
-0.02274509648226619,0.3123984346902393,2
-0.025441843984513213,0.308856069620127,2
-0.028138103573388307,0.30531468945537377,2
-0.02988706065793245,0.3012232543375504,2
-0.03240012863362374,0.29949317604430803,2
-0.034658124333272866,0.2969767229602489,2
-0.036223954859753604,0.2946964583932221,2
-0.036842694311030044,0.29186571208080636,2
-0.03789797369094039,0.2880135186866095,2
-0.039899726122440526,0.2847130545845822,2
-0.041209394699670554,0.2816486148486952,2
-0.04364679255194126,0.277328509324688,2
-0.045647308936226594,0.2740305403162182,2
-0.0473920374381791,0.26994764104478364,2
-0.049391708105941845,0.2666513792055891,2
-0.049061258454502266,0.26327438624079846,2
-0.050188548607515315,0.26201960686750425,2
-0.051751581763971544,0.25974498909116583,2
-0.05495270017670073,0.25778702831602374,2
-0.057206629931545905,0.2552787827765659,2
-0.060407358013574,0.25332160992570785,2
-0.0633520542565833,0.25057999926455743,2
-0.06491398147605487,0.2483076139403515,2
-0.06647571353018122,0.24603562257828138,2
-0.06778123484371434,0.24297955453788944,2
-0.07098084072497635,0.241024646969338,2
-0.07323301399167192,0.2385199470891486,2
-0.07548492703790366,0.23601577249181283,2
-0.0767892773593335,0.23296206822426413,2
-0.07809333493274195,0.2299089548999298,2
-0.07983162297813173,0.22583905637914015,2
-0.08044414966576063,0.22302085119487813,2
-0.08131293588531285,0.22098662419840842,2
-0.0819251047697982,0.21816914127807152,2
-0.08184636079211316,0.2155853189510335,2
-0.08383952594819988,0.21230218918320354,2
-0.08514168065943828,0.20925291698974036,2
-0.08713411394546355,0.2059712645799383,2
-0.08938290434608653,0.20347339337686066,2
-0.0906841320219165,0.20042599250356297,2
-0.09206511202973822,0.19996037848624404,2
-0.09387970448593919,0.19847922681925745,2
-0.09405639058743809,0.19668105701910932,2
-0.09465553612309385,0.1939658525842507,2
-0.09687843208993208,0.1916944175120392,2
-0.09979204068933001,0.18919058870590533,2
-0.10174617596766566,0.186249197776986,2
-0.10466041485029187,0.18374587368287543,2
-0.10688436617508756,0.18147528370986166,2
-0.10772733196724182,0.17966983332934205,2
-0.10814885883656977,0.17876714335154809,2
-0.10830134652015211,0.17719427450476033,2
-0.11052594278592309,0.1749242009812555,2
-0.11440112076456366,0.1728596127588311,2
-0.11731691336863292,0.17035753283855115,2
-0.11816072931025445,0.168552763232384,2
-0.12134576630855953,0.166721026505936,2
-0.12426227714234983,0.164219521722611,2
-0.1281384958211973,0.1621557668618987,2
-0.1315925720052462,0.1609942090044445,2
-0.13381892720095578,0.1587255439796138,2
-0.13658230541018845,0.15779639159356407,2
-0.13811813852407617,0.15576027288999406,2
-0.13896324434765006,0.1539565361828501,2
-0.13954017579270328,0.15148331311856644,2
-0.1403855454557661,0.14967978768622459,2
-0.14261304395593477,0.1474120381855215,2
-0.14372688115251364,0.1462782338601052,2
-0.14526368167786785,0.14424288983081013,2
-0.14680065809621112,0.14220768665138195,2
-0.1487608909983198,0.1392711785178431,2
-0.15045350651637968,0.1356656300517436,2
-0.15310572727525518,0.13249774934583058,2
-0.15437584851252417,0.1297941161832572,2
-0.15468709739646158,0.12665340213493614,2
-0.15595774631271198,0.12395019152195985,2
-0.15722865906845662,0.12124719218378388,2
-0.15807608081644453,0.11944530999988956,2
-0.15876752633647762,0.11921350314042378,2
-0.16030656949749655,0.11717995494693234,2
-0.16184578855150988,0.11514654760330068,2
-0.16311762474546754,0.1124442877269285,2
-0.16577290897397923,0.10927886015620025,2
-0.1670453607934128,0.10657709325436215,2
-0.1666672895309862,0.10366988800139687,2
-0.16698108886332363,0.10053121627614914,2
-0.16782985912426263,0.09873041394123305,2
-0.1685216417725357,0.09849887704401183,2
-0.16771958113886853,0.09649238987070419,2
-0.16899313228951662,0.09379150328053676,2
-0.17122611278797883,0.0915281436006925,2
-0.1734593278104306,0.08926497172066306,2
-0.17665185491870972,0.08743923285105382,2
-0.1795774828726593,0.08494502878582644,2
-0.18250340398160425,0.08245105947038311,2
-0.18585476557897707,0.07905753408667948,2
-0.1883561256644537,0.07746382508882554,2
-0.18989874531634143,0.0754331408426232,2
-0.189790534073623,0.07319677175803285,2
-0.19064132710398596,0.07139758919658767,2
-0.19287662352686397,0.0691360840399895,2
-0.1938866614633099,0.06576944361414228,2
-0.1958559381968339,0.06284017751126925,2
-0.1971332270735875,0.06014228398077037,2
-0.2000620064436749,0.05765060347565942,2
-0.20272469283565897,0.05449110333682938,2
-0.20565413180446868,0.05199995101872368,2
-0.208583863928272,0.04950903345039315,2
-0.2115138892070636,0.047018350631841344,2
-0.214604581193635,0.04296134848530997,2
-0.21796196712603155,0.039572647209555,2
-0.219402722340714,0.03531067621146278,2
-0.22180267237922457,0.03148604432386648,2
-0.22446899389307085,0.028329455082285904,2
-0.2274014670160227,0.025840732424384782,2
-0.2296413952877252,0.023582936314280545,2
-0.23257442540515427,0.02109465968095492,2
-0.23369460940724984,0.019965937688233737,2
-0.23620064531480267,0.01837597294933957,2
-0.239665128500965,0.017222748709013302,2
-0.2424367150498945,0.016300169316750157,2
-0.24563591143417085,0.014479771004591413,2
-0.24936568142221205,0.013993720836095846,2
-0.2535230612456054,0.012609851747702905,2
-0.25672249215387666,0.010789641235366076,2
-0.2601870486287794,0.009636475682485823,2
-0.2629586938087076,0.00871394324017416,2
-0.2654654772614844,0.0071245771132186775,2
-0.2684005301483374,0.0046379202533639585,2
-0.27160059133983694,0.0028182144530468634,2
-0.27575841089571185,0.0014346974893229003,2
-0.2785302905996261,0.0005123528468402583,2
-0.2806092003775653,-0.0001794056350234996,2
-0.28285214814565585,-0.00243478382241058,2
-0.286052751673882,-0.00425405533563783,2
-0.28925350177960496,-0.006073209473971275,2
-0.2922898767669313,-0.00632901386902418,2
-0.2964479601622969,-0.007712319557951375,2
-0.30087012842409067,-0.0084294136491323,2
-0.30502812387295997,-0.009812789762991159,2
-0.3084931200803478,-0.010965603191205986,2
-0.31152898204644686,-0.011221818398372108,2
-0.3140371140121747,-0.012810104676352907,2
-0.31585234934066975,-0.014167746106268808,2
-0.31766767261566287,-0.015525317111247716,2
-0.3197467582865947,-0.016216934743242817,2
-0.323475502232176,-0.016703806535966592,2
-0.3292830973246943,-0.017882483760498502,2
-0.33179166902290547,-0.0194704179138121,2
-0.3340369913464123,-0.02172389462799984,2
-0.33558947566368147,-0.023746679544164095,2
-0.3360192401882003,-0.02464277305319129,2
-0.33852833956539286,-0.02623028465690247,2
-0.3403444397011057,-0.02758723357497317,2
-0.34572246081984837,-0.027869664703125352,2
-0.3475386635598099,-0.029226531458775185,2
-0.3516972746341569,-0.030609414598098184,2
-0.35516278386277556,-0.03176181721420157,2
-0.3591539416913463,-0.031583815482918,2
-0.36261930434247347,-0.03273633547390986,2
-0.36453089279437734,-0.03186710344775889,2
-0.3652239360091052,-0.03209763092093709,2
-0.3675657287180165,-0.03212414027915145,2
-0.3682587572749938,-0.03235467948981707,2
-0.37033784294592387,-0.0330462971218104,2
-0.3706004473796547,-0.03238127101045052,2
-0.37138826068084896,-0.03038619267636733,2
-0.37329935076927434,-0.02951735972484215,2
-0.3742548518402362,-0.029082978461545395,2
-0.37329935076927434,-0.02951735972484215,2
-0.3730367756510393,-0.030182362361223625,2
-0.3721760739820432,-0.028391114342282364,2
-0.3706952907548686,-0.03015560651574667,2
-0.3714831480293128,-0.02816049296919587,2
-0.37253362439523485,-0.025500341573795993,2
-0.3731539258196559,-0.021944425319057714,2
-0.37394182706734824,-0.019949276560041085,2
-0.3747297283150388,-0.017954127801020903,2
-0.37429967063552816,-0.01705826904177421,2
-0.37439496840097775,-0.014832240684912179,2
-0.3746576314657073,-0.014167167623597265,2
-0.3767355298589301,-0.0148597359921947,2
-0.37864597500637487,-0.013991419490180235,2
-0.37864597500637487,-0.013991419490180235,2
-0.37821597595786827,-0.01309551378097673,2
-0.3791711545583407,-0.01266139074243533,2
-0.3815114228613101,-0.012689120799493026,2
-0.3854991654342541,-0.012513853903126204,2
-0.38922421562697096,-0.013003683543047373,2
-0.392518958958437,-0.012597853961034744,2
-0.3939039313989312,-0.01305980095654391,2
-0.39693612892766517,-0.013318950535937901,2
-0.39927575228965395,-0.013347197042508085,2
-0.4020455799086502,-0.014271184933438263,2
-0.4045533161151411,-0.01585978812361688,2
-0.40775365580387657,-0.01767927091164445,2
-0.41009308861512217,-0.017707670005568943,2
-0.41078556017762224,-0.017938655240813617,2
-0.412601059345608,-0.01929608539592742,2
-0.4130316447040947,-0.0201915216055788,2
-0.41441664646008824,-0.020653445126111336,2
-0.4164941490940812,-0.02134633040690659,2
-0.4184027473650964,-0.02047949282849615,2
-0.4198805697268799,-0.018717371627793966,2
-0.42291200505264115,-0.018977131556610516,2
-0.42525092484265414,-0.01900594146265,2
-0.42854376266669547,-0.018601637754194655,2
-0.43183636596674013,-0.01819752184555945,2
-0.4341749046552721,-0.0182266369263111,2
-0.4365133553973042,-0.018255822431996194,2
-0.4367748311843265,-0.01759170010728006,2
-0.4384208689948572,-0.017389853427761892,2
-0.43920520840942956,-0.015397556878552265,2
-0.4418047245215053,-0.014762948709210022,2
-0.44414270621555474,-0.01479250981453717,2
-0.44648059996310785,-0.01482214134480131,2
-0.448126242014407,-0.014620611577486287,2
-0.4511561236187269,-0.014881615680124582,2
-0.4532325708947553,-0.015575346060124673,2
-0.4555701568295696,-0.01560522407765319,2
-0.4585997745944006,-0.01586643945509536,2
-0.4611072323036538,-0.0174552656575635,2
-0.4640460082588671,-0.01993894119523354,2
-0.4649991054589204,-0.019506484880121633,2
-0.46759733168904205,-0.018872909609804367,2
-0.47131874675989316,-0.019365650146976776,2
-0.47451852945414963,-0.02118557895958162,2
-0.4782397979475057,-0.021678436871642504,2
-0.48074760744274947,-0.02326698137437866,2
-0.4842082063252988,-0.02442331604926906,2
-0.48628456565483447,-0.025117116854200816,2
-0.4886213747289254,-0.02514761695864287,2
-0.4909580958565236,-0.025178187488020143,2
-0.49372645770057133,-0.026103349127840403,2
-0.4958027290836089,-0.026797220357707374,2
-0.4988313354637235,-0.02705924562187967,2
-0.5025518857273585,-0.02755267867090261,2
-0.5057520934963495,-0.029372267096324123,2
-0.5094724971824878,-0.029865817520231985,2
-0.5138848007788965,-0.030590810941456326,2
-0.5161332305452859,-0.032841799307989916,2
-0.5198534143651834,-0.03333552579423227,2
-0.5229686411230716,-0.03137847129498361,2
-0.525996353380469,-0.03164121254598129,2
-0.528331975176858,-0.0316726633870239,2
-0.530667509026749,-0.031704184652999956,2
-0.5330029549301472,-0.031735776343911226,2
-0.5349059246253702,-0.030873445961240975,2
-0.5377601593019641,-0.029580126449571864,2
-0.5414789359779135,-0.03007497973475104,2
-0.5439002253983585,-0.027888113749146015,2
-0.5471860861336548,-0.02748939708541087,2
-0.5477047576448619,-0.02616457978274056,2
-0.5494337807112988,-0.023746564237049128,2
-0.5556572548370582,-0.013843634193921872,2
-0.5586822554108117,-0.014108546880370554,2
-0.5612748970383876,-0.013479443593325868,2
-0.5643856238671923,-0.011525992503170102,2
-0.5672369123361456,-0.010235032226770358,2
-0.5703469795662279,-0.008282109323616282,2
-0.5744068606604777,-0.005899359302860674,2
-0.5775161217143392,-0.003947081961594989,2
-0.5796750705405405,-0.0024250308125512987,2
-0.5820927248391179,-0.00024107572419573842,2
-0.5816606150746857,0.0006531397866034183,2
-0.5825248639190495,-0.0011352677600200423,2
-0.581142823028447,-0.0006709732667289359,2
-0.5816606150746857,0.0006531397866034183,2
-0.5826104875698555,0.0010830138541599865,2
-0.5816606150746857,0.0006531397866034183,2
-0.5816606150746857,0.0006531397866034183,2
-0.5816606150746857,0.0006531397866034183,2
-0.5816606150746857,0.0006531397866034183,2
-0.5814017190515663,-8.91674006098242e-06,2
-0.5823516062044867,0.0004209690649812359,2
-0.5833014640419094,0.0008508313950450486,2
-0.5854599291623828,0.0023724952069539285,2
-0.5866685071299305,0.0034642732138188137,2
-0.5866685071299305,0.0034642732138188137,2
-0.5869273298643023,0.0041262710530425295,2
-0.5860632569129312,0.005914819449536424,2
-0.58580440486306,0.005252798135337855,2
-0.5864952787308688,0.005020533513800274,2
-0.58580440486306,0.005252798135337855,2
-0.5848546642876311,0.004823029705185888,2
-0.5858901311181111,0.007471161911942303,2
-0.5850262633752337,0.009259874633279708,2
-0.5872703521465077,0.01299982005936684,2
-0.5896871856111225,0.015183117848341254,2
-0.5918449618173671,0.01670422999827359,2
-0.5926214300204826,0.018690223515941184,2
-0.5924485387496592,0.020246753778167204,2
-0.5912402979103479,0.019155245733543325,2
-0.5919308639654162,0.018922734624741366,2
-0.5922757061098309,0.021803330990348258,2
-0.5885642436508558,0.022304041282490417,2
-0.5832125331923894,0.022607541203237602,2
-0.5795874565871966,0.025327143458987678,2
-0.5762219356038489,0.02870933042840207,2
-0.5718197751700629,0.02944244619194869,2
-0.5685391032780736,0.029047884599284757,2
-0.566124187677369,0.032860532510701645,2
-0.563710917444407,0.03668587525862854,2
-0.5610625384214813,0.04013060337815055,2
-0.5564971103746057,0.04252052723773758,2
-0.5530447416739435,0.04368439813013936,2
-0.549057149673672,0.04332614357600839,2
-0.5454994549788772,0.042059452733930414,2
-0.5445491427512223,0.041629226541710196,2
-0.5418852885359211,0.04489183773219274,2
-0.5384331637919484,0.04605521617191499,2
-0.5330719043825454,0.04624676544037243,2
-0.5274582344313217,0.045885755699272224,2
-0.5245265528268419,0.04837511218157431,2
-0.5203839480149028,0.049770812658785246,2
-0.5161503401581058,0.04894392386339064,2
-0.5122680385132306,0.05100280766620813,2
-0.5122680385132306,0.05100280766620813,2
-0.5114083042556992,0.05279483035941723,2
-0.5097668103474948,0.05259662230146667,2
-0.5051026904209586,0.05266522840315879,2
-0.5029395055051591,0.05113978511982076,2
-0.5011287261325013,0.05250099474636549,2
-0.4987963730142386,0.052535063047434605,2
-0.49767618901214483,0.053663785040152234,2
-0.4947455187923797,0.05615395140919688,2
-0.4926740844666657,0.0568516960104013,2
-0.4915541349885615,0.05798060580294084,2
-0.49129312824952365,0.057316859077872095,2
-0.4914616221955086,0.05575680756897228,2
-0.49153782321468853,0.05197313388843838,2
-0.49032528765478745,0.05087818675956868,2
-0.48806872513872257,0.047128252730416875,2
-0.4873780271639099,0.04736065820181956,2
-0.48763903390295127,0.04802440492688831,2
-0.48763903390295127,0.04802440492688831,2
-0.48763903390295127,0.04802440492688831,2
-0.488590709301306,0.04845572270557952,2
-0.49049397215151913,0.04931828783802672,2
-0.4898033328077034,0.04955074025938444,2
-0.49032528765478745,0.05087818675956868,2
-0.48877550036341866,0.052903131373689405,2
-0.4880849196505981,0.05313563074500394,2
-0.48782388359605733,0.05247186054495856,2
-0.48834595570513706,0.053799400945052867,2
-0.4885144789666285,0.05223937291113323,2
-0.4885144789666285,0.05223937291113323,2
-0.4885144789666285,0.05223937291113323,2
-0.48782388359605733,0.05247186054495856,2
-0.48782388359605733,0.05247186054495856,2
-0.48877550036341866,0.052903131373689405,2
-0.48946608107623746,0.052670632002378426,2
-0.48920507433719607,0.05200688527730968,2
-0.4905862650783277,0.05154191000966435,2
-0.5134434235820748,0.034084775992660354,2
-0.5137038440111379,0.0347480532181752,2
-0.5134434235820748,0.034084775992660354,2
-0.5137038440111379,0.0347480532181752,2
-0.5134434235820748,0.034084775992660354,2
-0.5137038440111379,0.0347480532181752,2
-0.5143946152746999,0.03451570643421498,2
-0.5146550210460159,0.0351789719222424,2
-0.5143946152746999,0.03451570643421498,2
-0.5153457776518273,0.03494661340079297,2
-0.5186294690402011,0.03534359291617051,2
-0.5211321043498849,0.033750905079852345,2
-0.5213023279103091,0.032192238594644706,2
-0.5251062152158372,0.03391525611153057,2
-0.527958822882244,0.035207272761933694,2
-0.5321924160812923,0.03603414981984443,2
-0.5343538274094009,0.03755817286702445,2
-0.5369455895720101,0.03818657190473296,2
-0.5409182200052669,0.038349737450037225,2
-0.5411781567285985,0.03901262733841904,2
-0.5418686641526698,0.03878006927965849,2
-0.5422992641689071,0.037884644807501644,2
-0.5418686641526698,0.03878006927965849,2
-0.5418686641526698,0.03878006927965849,2
-0.5425591715767393,0.038547511220903274,2
-0.5425591715767393,0.038547511220903274,2
-0.5425591715767393,0.038547511220903274,2
-0.5427298935006473,0.03698924381031787,2
-0.5422992641689071,0.037884644807501644,2
-0.5425591715767393,0.038547511220903274,2
-0.5427298935006473,0.03698924381031787,2
-0.5427298935006473,0.03698924381031787,2
-0.5420393567610731,0.03722177839409646,2
-0.5450613524961874,0.03695445952242693,2
-0.5517954849467479,0.03618697028309903,2
-0.5566289343109965,0.03455898170937566,2
-0.5618933794507175,0.03203588557568793,2
-0.5671580591144316,0.02951297724182389,2
-0.5724229733021389,0.02699025670777999,2
-0.5746667125887015,0.024735512344793875,2
-0.5798465724765567,0.025989376047986568,2
-0.58148667389856,0.02618646904449662,2
-0.5879600634495699,0.024755444354898515,2
-0.5941743664267154,0.02266221055127815,2
-0.5954694644690566,0.019978578069803632,2
-0.6002176566262349,0.016132601319119644,2
-0.6026361340600559,0.012322805617509758,2
-0.6046230440661766,0.009407659713788874,2
-0.6079917311234055,0.006028008041974786,2
-0.6117933634367851,0.0017548098962336667,2
-0.6151632377717196,-0.001623891038978087,2
-0.617668306267813,-0.003214630452138323,2
-0.619740795951488,-0.003911529954143234,2
-0.622762205376624,-0.004179318325373771,2
-0.6238857753188416,-0.005305328958154831,2
-0.6249180174444398,-0.0026597789989573073,2
-0.6268156224033685,-0.0018017445372287,2
-0.630003119602307,0.0023628987238080157,2
-0.6324996696446927,0.006759747918934522,2
-0.6349125748324465,0.008939900060886075,2
-0.6353623012454168,0.014237578810627483,2
-0.6361712351120268,0.016508455663514,2
-0.6398608656050015,0.02035119740010316,2
-0.641748719499784,0.025649220623087388,2
-0.643366879981027,0.030190383385651387,2
-0.6451031753131584,0.03723585378314809,2
-0.648103324156537,0.04130936705733035,2
-0.6506824487166298,0.046373007423099466,2
-0.6546443423002586,0.05096742245192054,2
-0.6569543589428655,0.055273020470840706,2
-0.662030434073472,0.05863911725016635,2
-0.6629581045508051,0.06341308702138271,2
-0.6672257337281806,0.0645073220424699,2
-0.6720338881971788,0.06711297987192388,2
-0.6771129558631586,0.07047303589842002,2
-0.6809607805406976,0.07255493574770888,2
-0.6845388955409106,0.07388000796674632,2
-0.6868522787858105,0.07817881013873773,2
-0.6901609118016161,0.07874659510502902,2
-0.6942809345146852,0.08158029956726764,2
-0.7003269513302612,0.08545075169132055,2
-0.70568199022855,0.08955499572937775,2
-0.7095338483233267,0.09162875369442247,2
-0.7158540473555011,0.09624700514965667,2
-0.719405130309184,0.10181092991802565,2
-0.7225347010662126,0.1083659666833281,2
-0.7270504887679596,0.11444481811386709,2
-0.7300615018158343,0.11849640082887092,2
-0.7311448943832879,0.12151451889991272,2
-0.7358137857067106,0.12584280428899497,2
-0.7359651653677872,0.12409571824644772,2
-0.7351205471241169,0.12608115959780442,2
-0.7351205471241169,0.12608115959780442,2
-0.7341564278720973,0.125565051049211,2
-0.7344273085415214,0.12631951490661386,2
-0.735391444057317,0.12683559062502958,2
-0.7349690698803641,0.12782844262142135,2
-0.7363556121006702,0.12735160068308815,2
-0.735391444057317,0.12683559062502958,2
-0.7362360948285449,0.12485008361331751,2
-0.709836998674005,0.18827615452595126,2
-0.709412624052213,0.18927304463428385,2
-0.7075996254463792,0.19075097894378956,2
-0.7095279615330838,0.1917829990599067,2
-0.7114564277300239,0.19281475653459523,2
-0.7154682039699551,0.19312419261343194,2
-0.7162781624546515,0.19539300116507619,2
-0.7168181347777836,0.19690554019950923,2
-0.7180526142582853,0.1981771631712128,2
-0.718322616683631,0.19893339985825165,2
-0.7192871587939074,0.19944865482220742,2
-0.7195571774830327,0.2002048586790668,2
-0.7214863918138192,0.20123510596554794,2
-0.7227211152510105,0.2025062364845791,2
-0.7239559037433185,0.2037772356828942,2
-0.7247661549760416,0.20604545329132762,2
-0.7262711573228238,0.20807226238436272,2
-0.7279307920865214,0.20834541939917273,2
-0.7288957082637175,0.20885991926902392,2
-0.7282009246221008,0.20910139344478296,2
-0.7275061409804824,0.20934286762054022,2
-0.7275061409804824,0.20934286762054022,2
-0.7268113573388639,0.20958434179629748,2
-0.7263866574414859,0.2105818885082016,2
-0.7256918575360896,0.21082339551413654,2
-0.7252671088473743,0.21182104071657548,2
-0.7258072112807383,0.21333331710957815,2
-0.726617364930787,0.21560173169908659,2
-0.7270026072543256,0.2188681197928144,2
-0.7280827470659368,0.2218928038995358,2
-0.72889285192465,0.2241613169795773,2
-0.7303980819643421,0.22618766645011412,2
-0.7319034095867103,0.22821381893958126,2
-0.7342590477754651,0.22824303951524882,2
-0.7363446184837628,0.22751615472459186,2
-0.7373099900467768,0.22802973534945004,2
-0.7363446184837628,0.22751615472459186,2
-0.7370398087198602,0.22727385979437287,2
-0.7356494282476618,0.22775844965481085,2
-0.734684105475985,0.22724477053942138,2
-0.7347992803190646,0.22975505326682466,2
-0.7345291640472649,0.22899904639103852,2
-0.7353792794483045,0.22700250843938008,2
-0.7330236575233258,0.22697325503353127,2
-0.733178582688268,0.22521901201209538,2
-0.7368089060652085,0.222254410565629,2
-0.735843615821091,0.2217406657898806,2
-0.7359982645017844,0.21998698088147783,2
-0.7361528481273627,0.2182334272937858,2
-0.7396279048000007,0.2170237583025063,2
-0.7417129388035786,0.21629795690774145,2
-0.7469648380553942,0.21786762388637015,2
-0.747389440370096,0.21687027415553928,2
-0.7479303885199791,0.21838084337926844,2
-0.7458451105597117,0.2191071372267075,2
-0.7469648380553942,0.21786762388637015,2
-0.7464239224330687,0.21635698900228917,2
-0.7490875243533228,0.21288153183577663,2
-0.7490875243533228,0.21288153183577663,2
-0.7504775144948184,0.2123977298996227,2
-0.7488169852232645,0.21212637854462635,2
-0.7497825194240715,0.21263963086769877,2
-0.7502069428372025,0.21164264226883134,2
-0.7493580634833812,0.21363668512692513,2
-0.7496286026134396,0.21439183841807719,2
-0.748509054019328,0.21563099062645108,2
-0.7504402200036147,0.2166572982915227,2
-0.7526420877557527,0.2184384309459677,2
-0.7531832310709845,0.2199486062075522,2
-0.7558099450945139,0.22073189667848148,2
-0.7560805655434688,0.22148688581874332,2
-0.7556559632287669,0.22248423554957064,2
-0.7566218064413768,0.22299686409925812,2
-0.7574336677882396,0.22526183152002766,2
-0.758940865745215,0.2272842085389737,2
-0.7607188142613772,0.2300613120567565,2
-0.7629216741040459,0.23184044207031285,2
-0.7629216741040459,0.23184044207031285,2
-0.7624968928877713,0.23283815293310894,2
-0.7641585280963099,0.2331072718359728,2
-0.7642751016244027,0.23561473116803278,2
-0.7635795698489414,0.2358577155319992,2
-0.76288403807348,0.23610069989596383,2
-0.7653954471436943,0.23437397028091667,2
-0.7674819936787429,0.23364511567955581,2
-0.7698393558280916,0.23367085625631567,2
-0.7712304193790143,0.23318488752838284,2
-0.7723506022605182,0.23194445494305427,2
-0.7734707200869018,0.23070415367843466,2
-0.774048881409092,0.2279553186611487,2
-0.7754397823222252,0.22746967823500341,2
-0.7771016940150108,0.22773823902483414,2
-0.779883560896387,0.22676682685182747,2
-0.7791880941760425,0.22700967989507959,2
-0.7772551066484858,0.2259870492099889,2
-0.779612485061616,0.22601275695656575,2
-0.779883560896387,0.22676682685182747,2
-0.7775261336919215,0.2267412175957837,2
-0.7789170346050511,0.2262555771696384,2
-0.7811212118138364,0.2280320479387452,2
-0.7822055802080392,0.23104819619907957,2
-0.7829011445110581,0.23080514617475778,2
-0.7831722528733884,0.23155915040966235,2
-0.7824766723065899,0.2318022332641636,2
-0.784410082692407,0.2328240103646202,2
-0.7842566863227098,0.23457516734928596,2
-0.783253987740931,0.23832122077669027,2
-0.7811668557098344,0.23905125726447096,2
-0.7802001505169258,0.23854036871424356,2
-0.7802001505169258,0.23854036871424356,2
-0.7795044561036732,0.23878368137999573,2
-0.7802001505169258,0.23854036871424356,2
-0.7808958449301784,0.23829705604849494,2
-0.7836786225831904,0.23732380538550046,2
-0.7850700114096991,0.23683718005399967,2
-0.7839496984179632,0.23807787528076219,2
-0.7851875932921004,0.2393426039150004,2
-0.7854586853906511,0.2400966409800862,2
-0.7860008695877525,0.2416047151102525,2
-0.7843382260249001,0.241337631678455,2
-0.7837961068829156,0.23982942622757086,2
-0.781591539343431,0.23805374338274987,2
-0.7813205122999971,0.23729957499695153,2
-0.7813205122999971,0.23729957499695153,2
-0.7806248341505242,0.2375428548325207,2
-0.7804711450328021,0.23929460276039904,2
-0.783642450292751,0.24158110849509384,2
-0.785268710136032,0.24610592182880708,2
-0.7858107967504591,0.2476141929400466,2
-0.7862356430218487,0.2466163507565362,2
-0.785268710136032,0.24610592182880708,2
-0.7855397534432456,0.24686005738442773,2
-0.7860818400576726,0.24836832849566548,2
-0.7870488217348282,0.248878658932858,2
-0.7888290634438526,0.2516511333954803,2
-0.7874370565937383,0.2521390062737616,2
-0.7866239266720996,0.24987659960690323,2
-0.7881330600187972,0.25189506983462095,2
-0.7896422909481693,0.253913343081269,2
-0.7911516194602193,0.2559314193468474,2
-0.790997670122028,0.2576836925575794,2
-0.790301536586739,0.25792789163814867,2
-0.7911147152997149,0.2601901998144669,2
-0.7905354317767586,0.2629413001140648,2
-0.7896849585725789,0.264938560329643,2
-0.7881380590850764,0.2671806105690031,2
-0.7877126923727538,0.2681795033182208,2
-0.7889508962586937,0.2694436081790723,2
-0.7879836218335114,0.26893386868508884,2
-0.7885254807550304,0.2704425994188231,2
-0.7885254807550304,0.2704425994188231,2
-0.7904979421202061,0.2672012624681077,2
-0.7904979421202061,0.2672012624681077,2
-0.7907689366360806,0.26795549651425965,2
-0.7925868794307913,0.26646758183052377,2
-0.7904979421202061,0.2672012624681077,2
-0.7879836218335114,0.26893386868508884,2
-0.7879836218335114,0.26893386868508884,2
-0.7868618613654306,0.2701774857977295,2
-0.7860109002478737,0.27217573091865965,2
-0.7848889771419962,0.2734196763330825,2
-0.7832253902799557,0.27315449705163,2
-0.7823741689419297,0.2751532674554156,2
-0.7819485094815803,0.27615275114784765,2
-0.7827997958747215,0.2741538494233442,2
-0.7832253902799557,0.27315449705163,2
-0.7832253902799557,0.27315449705163,2
-0.7816777589223936,0.2753980246490144,2
-0.781407008363205,0.2746432981501865,2
-0.7823741689419297,0.2751532674554156,2
-0.7827997958747215,0.2741538494233442,2
-0.78295459092943,0.27239986904333335,2
-0.7834961896304797,0.2739091250599248,2
-0.7860109002478737,0.27217573091865965,2
-0.7865526290591589,0.2736847242938225,2
-0.7858562190396157,0.27392948148742136,2
-0.7870943578704424,0.27519371766898715,2
-0.7887581398978352,0.2754585029883003,2
-0.7922404339522124,0.27423422456763014,2
-0.7941753731332728,0.27525291563131127,2
-0.7939043623536186,0.274498714415337,2
-0.7932078872789621,0.2747436029296484,2
-0.7919694557001158,0.27347995769129696,2
-0.7922404339522124,0.27423422456763014,2
-0.7886418591177691,0.27295045271302776,2
-0.7896091985980664,0.2734600608862934,2
-0.7933623407943067,0.27299031198338497,2
-0.7932078872789621,0.2747436029296484,2
-0.7934788817948402,0.2754978369758039,2
-0.7951428915151393,0.27576216267262055,2
-0.7958393991173534,0.27551720849795025,2
-0.7982000140225445,0.27553638303902694,2
-0.7995930617545266,0.2750464090293345,2
-0.8009861094865105,0.2745564350196368,2
-0.7993219371284201,0.2742924376246041,2
-0.8011402865176098,0.2728037021864047,2
-0.8000184447306324,0.2740474834499338,2
-0.7986254295262061,0.27453739179927084,2
-0.7999014808718403,0.2715408120421543,2
-0.8008691131001644,0.27204982927221266,2
-0.7990508125023101,0.27353846621987543,2
-0.7983543211638757,0.2737833875643645,2
-0.7987796878762019,0.2727844948151503,2
-0.799205022060967,0.27178566772628976,2
-0.8005979396827172,0.2712959563580206,2
-0.8022620632494739,0.27156005224358637,2
-0.8039262518713457,0.2718240168084396,2
-0.8043514884734382,0.27082538670065226,2
-0.8029585383241287,0.2713151637292732,2
-0.8023791572184962,0.27406646100994436,2
-0.8047399672890378,0.2740852415888746,2
-0.8061330475485793,0.273595201918825,2
-0.8061330475485793,0.273595201918825,2
-0.8077974313358016,0.27385877252153534,2
-0.8071008749422521,0.2741038251867405,2
-0.8084939877293547,0.273613719856332,2
-0.8098871005164554,0.2731236145259217,2
-0.8119767696971056,0.27238845653031163,2
-0.8142200629403646,0.2699016819275304,2
-0.8177026822703262,0.26867674690329046,2
-0.8200638501440061,0.2686948052183027,2
-0.8225783493322716,0.2669618378693599,2
-0.8256361711821789,0.26673464653809376,2
-0.8275727692687163,0.26774998892357615,2
-0.8281162870957122,0.2692553709791152,2
-0.8271479392611063,0.26874779827691064,2
-0.8264513503399993,0.26899291660247115,2
-0.8274196819108237,0.2695005221348552,2
-0.8283880460092092,0.2700080620068839,2
-0.8293564426351576,0.2705155362185572,2
-0.8286598049227063,0.2707607530346543,2
-0.8283880460092092,0.2700080620068839,2
-0.8290846674578791,0.2697628780209662,2
-0.8283880460092092,0.2700080620068839,2
-0.8281162870957122,0.2692553709791152,2
-0.8281162870957122,0.2692553709791152,2
-0.8288128922806042,0.26901021982337525,2
-0.8288128922806042,0.26901021982337525,2
-0.8290846674578791,0.2697628780209662,2
-0.8281162870957122,0.2692553709791152,2
-0.827997566748774,0.26675224523060237,2
-0.827997566748774,0.26675224523060237,2
-0.8284223317012636,0.26575456719798574,2
-0.8277257915714955,0.26599958703301496,2
-0.8263327113119487,0.2664896267030681,2
-0.8253644447962394,0.26598188984996973,2
-0.8248209920243621,0.2644763764737146,2
-0.8247022554136372,0.2619732835553812,2
-0.8244305127639198,0.26122055969743485,2
-0.823734086480604,0.2614653497212096,2
-0.823734086480604,0.2614653497212096,2
-0.8234623600946627,0.2607125930330856,2
-0.8231906337087231,0.25995983634496156,2
-0.8238870274644832,0.2597151119815386,2
-0.8250080397987247,0.25847300505710535,2
-0.8259762087317579,0.2589809388912734,2
-0.8261289870778494,0.25723102945338994,2
-0.8268253483060466,0.25698637075032593,2
-0.8255853716681774,0.2557258443789241,2
-0.824073668644365,0.2537125613193876,2
-0.8257380524315892,0.2539761319221032,2
-0.8274025012739266,0.2542395712041028,2
-0.8267061888370648,0.25448413141663195,2
-0.8267061888370648,0.25448413141663195,2
-0.8274025012739266,0.2542395712041028,2
-0.8280988137107901,0.2539950109915772,2
-0.8278269409508372,0.2532425497750559,2
-0.8286757227219859,0.2512487038980247,2
-0.828131912146965,0.24974391278569996,2
-0.8278600068594528,0.24899151722953583,2
-0.8277404570597717,0.24649006582012234,2
-0.8266200139578039,0.2477310236883099,2
-0.8270442909969216,0.246734330561047,2
-0.8270442909969216,0.246734330561047,2
-0.8261957043911252,0.24872778247593352,2
-0.825771362296889,0.2497246069239072,2
-0.8271637920052672,0.24923588046099532,2
-0.8267394499110292,0.25023270490897254,2
-0.8267394499110292,0.25023270490897254,2
-0.8263150752892354,0.25122959501730513,2
-0.8265869317854087,0.2519820890640041,2
-0.8279794590764613,0.251493165620019,2
-0.8279794590764613,0.251493165620019,2
-0.8272831954309332,0.2517376273420133,2
-0.8282513481001921,0.2522455940063626,2
-0.8282513481001921,0.2522455940063626,2
-0.8322766883319659,0.25252764971640396,2
-0.8329730007688276,0.2522830895038748,2
-0.8322766883319659,0.25252764971640396,2
-0.8328206290172222,0.25403217818730184,2
-0.8328206290172222,0.25403217818730184,2
-0.8323962381316488,0.2550291011258192,2
-0.8322437525335857,0.2567784196204901,2
-0.8325156903486555,0.25753074951629884,2
-0.833484054447041,0.2580382893883293,2
-0.8337560085258886,0.2587905864539568,2
-0.8337560085258886,0.2587905864539568,2
-0.8347244214156149,0.2592980278354524,2
-0.836780813258521,0.26281432917767233,2
-0.8356596870778272,0.26405666591335475,2
-0.833570017897177,0.26479182390897016,2
-0.8349631306842777,0.2643017185785581,2
-0.8341473172390703,0.26204472889113717,2
-0.834027962604738,0.2595428835195843,2
-0.8336365400451022,0.2562889708936513,2
-0.8321242840528011,0.25427680406018816,2
-0.8313084218162565,0.25201991286330383,2
-0.8292195332970067,0.25275349501035294,2
-0.8270113226709821,0.25098516612549204,2
-0.827435681028998,0.24998830884733536,2
-0.828131912146965,0.24974391278569996,2
-0.8285562217136402,0.24874715399807812,2
-0.8282843001623501,0.24799479127209345,2
-0.827316196284432,0.24748672611720757,2
-0.827316196284432,0.24748672611720757,2
-0.8263481249340714,0.24697859530196986,2
-0.8267723857094129,0.24598193500488286,2
-0.8267723857094129,0.24598193500488286,2
-0.8265004804219007,0.24522953944871873,2
-0.8265004804219007,0.24522953944871873,2
-0.8259566698468799,0.24372474833639401,2
-0.8255324578628773,0.24472131014294263,2
-0.826108927752033,0.24197588946421256,2
-0.8259891827870014,0.23947483201694197,2
-0.8254453071568619,0.23797017222532624,2
-0.825173369341794,0.23721784232951926,2
-0.825173369341794,0.23721784232951926,2
-0.8265653111367932,0.23673010077195755,2
-0.826717308821479,0.23498176718263508,2
-0.8275651472934324,0.23298982545595237,2
-0.8270211090255035,0.23148549396612417,2
-0.8271729115448387,0.22973755433893928,2
-0.8269008761470946,0.22898542142420553,2
-0.8263568053516064,0.22748115559473092,2
-0.8270525973475351,0.22723764594791263,2
-0.8260847699538623,0.22672902267999717,2
-0.8270525973475351,0.22723764594791263,2
-0.8265084940244876,0.22573344577879695,2
-0.8265084940244876,0.22573344577879695,2
