-0.7969987464757526,0.21994225162974423,0
-0.7989326773025027,0.2209629781644935,0
-0.7986611623456934,0.2202097946840489,0
-0.7986611623456934,0.2202097946840489,0
-0.7986611623456934,0.2202097946840489,0
-0.7986611623456934,0.2202097946840489,0
-0.7968797008532267,0.21743978248480467,0
-0.7967272640465026,0.21918900248894602,0
-0.7983896473888841,0.21945661120360072,0
-0.7964557816172508,0.21843575334814425,0
-0.7976941969323175,0.21969943141667514,0
-0.7983896473888841,0.21945661120360072,0
-0.7964557816172508,0.21843575334814425,0
-0.7983896473888841,0.21945661120360072,0
-0.7983896473888841,0.21945661120360072,0
-0.7983896473888841,0.21945661120360072,0
-0.7990850978454489,0.21921379099052807,0
-0.7983896473888841,0.21945661120360072,0
-0.7983896473888841,0.21945661120360072,0
-0.7978466174752636,0.21795024424271503,0
-0.7983896473888841,0.21945661120360072,0
-0.798118132432073,0.21870342772315965,0
-0.7983896473888841,0.21945661120360072,0
-0.7983896473888841,0.21945661120360072,0
-0.7974226982392878,0.2189462151060546,0
-0.7983896473888841,0.21945661120360072,0
-0.798118132432073,0.21870342772315965,0
-0.7974226982392878,0.2189462151060546,0
-0.798118132432073,0.21870342772315965,0
-0.798118132432073,0.21870342772315965,0
-0.796184299187999,0.21768250420733892,0
-0.798118132432073,0.21870342772315965,0
-0.798118132432073,0.21870342772315965,0
-0.7978466174752636,0.21795024424271503,0
-0.7974226982392878,0.2189462151060546,0
-0.7975751025184543,0.21719706076226686,0
-0.7985420354042709,0.21770748968999598,0
-0.7979656956253489,0.22045264772729922,0
-0.798118132432073,0.21870342772315965,0
-0.798118132432073,0.21870342772315965,0
-0.798118132432073,0.21870342772315965,0
-0.798118132432073,0.21870342772315965,0
-0.7994757072161232,0.22246934512538274,0
-0.8016813806925942,0.2242427955180748,0
-0.8030391181144374,0.22800838461851747,0
-0.80203817602081,0.23175089238665514,0
-0.8054830454737498,0.23478644499931178,0
-0.8029713599192885,0.23651373272739207,0
-0.8019696696918217,0.24025775068373534,0
-0.8011207252828818,0.24225192486254699,0
-0.8001184170318059,0.24599719036566903,0
-0.7969098335444293,0.24797022019270187,0
-0.7956355386869483,0.25096325429054644,0
-0.793664866337485,0.25420097992163626,0
-0.790997670122028,0.2576836925575794,0
-0.7912687459567991,0.2584377624528411,0
-0.7898764463586598,0.25892622627433326,0
-0.7889092695161537,0.2584162897992801,0
-0.787517002445572,0.25890468796041155,0
-0.7865498906581827,0.25839462016464587,0
-0.7854286018396959,0.2596372852021087,0
-0.7837654215721326,0.25937128516619445,0
-0.7830693043006214,0.25961545141658426,0
-0.7814062053519564,0.25934928722977446,0
-0.7801684080604936,0.2580843616144648,0
-0.7767262058673428,0.25504342485254483,0
-0.7785433192093159,0.25355718450790476,0
-0.776880561800013,0.25329033088735287,0
-0.7757594356193191,0.25453266762302995,0
-0.7747926978988531,0.2540218447331597,0
-0.7740967432651331,0.2542656826817655,0
-0.7731300543360025,0.25375476130135866,0
-0.7720088793639697,0.2549971965275759,0
-0.769379709509785,0.254218863413584,0
-0.7677172448485017,0.2539514188498231,0
-0.7657842573209468,0.25292878816472886,0
-0.7642766690332721,0.25090719907006154,0
-0.7612617852059493,0.24686342993751254,0
-0.7583631333673502,0.24532780957077804,0
-0.7571265070679924,0.2440605201826216,0
-0.7578221526899078,0.2438173060074078,0
-0.7563150848431679,0.2417946663470314,0
-0.7561992106575826,0.2392857953172971,0
-0.7545376567679405,0.23901651226354126,0
-0.7516398343820825,0.23747921755770207,0
-0.7487423047442476,0.2359413319086574,0
-0.747235838657339,0.23391747753168168,0
-0.7464248067632138,0.23165083577180745,0
-0.7442231992315449,0.22986917783451055,0
-0.7441075039475304,0.2273599456728146,0
-0.7412109501364519,0.22582009021306604,0
-0.7385849191916449,0.22503542087464012,0
-0.7373493337741586,0.22376603035506726,0
-0.7337583866521573,0.22246686114678837,0
-0.7308628574591651,0.22092493738579755,0
-0.7286625998211687,0.2191405545436993,0
-0.7274275185808357,0.21787014628859147,0
-0.7246875325763913,0.21457273195938242,0
-0.7246875325763913,0.21457273195938242,0
-0.7830332675086566,0.17902575064299953,0
-0.7827617688156288,0.17827253433237544,0
-0.7824902701225973,0.1775193180217549,0
-0.7824902701225973,0.1775193180217549,0
-0.7824902701225973,0.1775193180217549,0
-0.7824902701225973,0.1775193180217549,0
-0.7820672128669184,0.17851354888563264,0
-0.7820672128669184,0.17851354888563264,0
-0.7820672128669184,0.17851354888563264,0
-0.7820672128669184,0.17851354888563264,0
-0.7820672128669184,0.17851354888563264,0
-0.7817957304376666,0.17776029974483265,0
-0.7817957304376666,0.17776029974483265,0
-0.7817957304376666,0.17776029974483265,0
-0.7823386952961702,0.17926679802643442,0
-0.7820672128669184,0.17851354888563264,0
-0.7830332675086566,0.17902575064299953,0
-0.7830332675086566,0.17902575064299953,0
-0.7820672128669184,0.17851354888563264,0
-0.7827617688156288,0.17827253433237544,0
-0.7823386952961702,0.17926679802643442,0
-0.7820672128669184,0.17851354888563264,0
-0.7817957304376666,0.17776029974483265,0
-0.7817957304376666,0.17776029974483265,0
-0.7824902701225973,0.1775193180217549,0
-0.7817957304376666,0.17776029974483265,0
-0.7820672128669184,0.17851354888563264,0
-0.783999354677956,0.17953788674000393,0
-0.7823386952961702,0.17926679802643442,0
-0.7827617688156288,0.17827253433237544,0
-0.7827617688156288,0.17827253433237544,0
-0.7817957304376666,0.17776029974483265,0
-0.7827617688156288,0.17827253433237544,0
-0.7830332675086566,0.17902575064299953,0
-0.7823386952961702,0.17926679802643442,0
-0.7830332675086566,0.17902575064299953,0
-0.7826101777254202,0.18002004716723974,0
-0.7835762648947195,0.18053218326424947,0
-0.7833047662016881,0.17977896695362183,0
-0.7826101777254202,0.18002004716723974,0
-0.7830332675086566,0.17902575064299953,0
-0.7820672128669184,0.17851354888563264,0
-0.7827617688156288,0.17827253433237544,0
-0.7826101777254202,0.18002004716723974,0
-0.7833047662016881,0.17977896695362183,0
-0.7838477635877492,0.18128539957487178,0
-0.7845423845915764,0.18104425370089672,0
-0.7835762648947195,0.18053218326424947,0
-0.7833047662016881,0.17977896695362183,0
-0.7835762648947195,0.18053218326424947,0
-0.7835762648947195,0.18053218326424947,0
-0.782881660154672,0.18077329630803973,0
-0.7835762648947195,0.18053218326424947,0
-0.7835762648947195,0.18053218326424947,0
-0.782881660154672,0.18077329630803973,0
-0.7835762648947195,0.18053218326424947,0
-0.7830332675086566,0.17902575064299953,0
-0.7823386952961702,0.17926679802643442,0
-0.7823386952961702,0.17926679802643442,0
-0.7826101777254202,0.18002004716723974,0
-0.7835762648947195,0.18053218326424947,0
-0.7838477635877492,0.18128539957487178,0
-0.7835762648947195,0.18053218326424947,0
-0.7835762648947195,0.18053218326424947,0
-0.7845423845915764,0.18104425370089672,0
-0.7838477635877492,0.18128539957487178,0
-0.7838477635877492,0.18128539957487178,0
-0.7821870554146244,0.18101440935183888,0
-0.7838477635877492,0.18128539957487178,0
-0.7831531425839255,0.1815265454488415,0
-0.7845423845915764,0.18104425370089672,0
-0.7833047662016881,0.17977896695362183,0
-0.7833047662016881,0.17977896695362183,0
-0.7842708696347671,0.1802910702204521,0
-0.7842708696347671,0.1802910702204521,0
-0.7842708696347671,0.1802910702204521,0
-0.7830332675086566,0.17902575064299953,0
-0.783999354677956,0.17953788674000393,0
-0.784150880713046,0.17779050522585393,0
-0.783999354677956,0.17953788674000393,0
-0.7849654743748129,0.18004995717665473,0
-0.7851169841461267,0.17830260849268242,0
-0.7846939431542239,0.1792968065263878,0
-0.7851169841461267,0.17830260849268242,0
-0.7844224119336349,0.17854365587612264,0
-0.7844224119336349,0.17854365587612264,0
-0.7830332675086566,0.17902575064299953,0
-0.784150880713046,0.17779050522585393,0
-0.7834563247643374,0.1780315197791147,0
-0.7834563247643374,0.1780315197791147,0
-0.7827617688156288,0.17827253433237544,0
-0.783999354677956,0.17953788674000393,0
-0.7844224119336349,0.17854365587612264,0
-0.7837278397211467,0.1787847032595593,0
-0.7833047662016881,0.17977896695362183,0
-0.7837278397211467,0.1787847032595593,0
-0.783999354677956,0.17953788674000393,0
-0.7849654743748129,0.18004995717665473,0
-0.7859316265992327,0.18056196195294483,0
-0.7852370055954019,0.18080310782691988,0
-0.6881194855776798,0.016760331992594857,0
-0.6852349344356448,0.01519624786117646,0
-0.6827424238768494,0.01688482880891584,0
-0.6780565840499957,0.01677504125854412,0
-0.6736415598374421,0.01741984888629311,0
-0.67183968565657,0.018875327353766735,0
-0.6661935323020334,0.018241748993057527,0
-0.6595872605851554,0.017083985859866146,0
-0.6513308846791901,0.01563382722732065,0
-0.6446078930602113,0.011968900233668478,0
-0.6362935310495939,0.008474736993409948,0
-0.6263754632332112,0.005080435181508136,0
-0.6174874975110072,0.004329969655419319,0
-0.6111869259420786,0.004204405395347166,0
-0.604885650801176,0.0040782777358074895,0
-0.5975492606157786,0.0013042995692433834,0
-0.589693788502192,-0.0027948245496780544,0
-0.5846007565018709,-0.007823852253945773,0
-0.5784683857239425,-0.009509702772691142,0
-0.570002108106312,-0.011162729164198026,0
-0.5618802645173808,-0.015929895929129856,0
-0.5551392598836014,-0.021162319661446105,0
-0.5485696221147016,-0.02795249435483349,0
-0.5448520643332309,-0.033451074947421944,0
-0.5407013267716145,-0.0380562968658964,0
-0.5384529432797436,-0.04179968137623824,0
-0.534993343425425,-0.04663695664144818,0
-0.5322256141658777,-0.0517056983789459,0
-0.5292841288282855,-0.05521860236606457,0
-0.5279867904515445,-0.05853117380973849,0
-0.5264299843994582,-0.06250625954214861,0
-0.5244399839094758,-0.06558799833793216,0
-0.5217571014400129,-0.06843908054816339,0
-0.5189881555872624,-0.07350879649724185,0
-0.5157855609063802,-0.07768552937185369,0
-0.5128421407458621,-0.08119998270750983,0
-0.5105914999605723,-0.08494517479114094,0
-0.5078214547766144,-0.0900157710518883,0
-0.5043578093834444,-0.0948562858640365,0
-0.5015871778895029,-0.0999273516243413,0
-0.4997695703068672,-0.1045660197569731,0
-0.49803729322005097,-0.10698664102520716,0
-0.49535149385844335,-0.10984005899572935,0
-0.4924056698270114,-0.11335643727956679,0
-0.4894594940095942,-0.11687309726313799,0
-0.4867727565520248,-0.11972726643295317,0
-0.48313185187869223,-0.12301474875456897,0
-0.47949041952638005,-0.12630265362578896,0
-0.4761083815606657,-0.12892810289571877,0
-0.47298586990130076,-0.13089099092696088,0
-0.46960299644386616,-0.13351710923375393,0
-0.4662196832539518,-0.13614357966522128,0
-0.4623157344144069,-0.1400964402228677,0
-0.4603206476853625,-0.14318225192730516,0
-0.45763074415391003,-0.1460389563947242,0
-0.4551149778019905,-0.1504511934378101,0
-0.45259900624157723,-0.1548635948057413,0
-0.4492133038384978,-0.1574919784478972,0
-0.4474774356030622,-0.15991547540090956,0
-0.444525865733846,-0.16343645478039903,0
-0.4411390639995627,-0.16606571873422382,0
-0.440532790041372,-0.16961040221207746,0
-0.43992666266067637,-0.17315496831503907,0
-0.4393206818574775,-0.17669941704311398,0
-0.4373239241449962,-0.1797865668212868,0
-0.43437118165582334,-0.18330848519988763,0
-0.4321137250170377,-0.1870591352158648,0
-0.4308121358929551,-0.19037511053132228,0
-0.42785863120081125,-0.19389763925934744,0
-0.42560066154079834,-0.1976487000874343,0
-0.4236028924436077,-0.20073665975234256,0
-0.4223010101645368,-0.20405286981757698,0
-0.42004263008753995,-0.2078042592953544,0
-0.4177840741175487,-0.2115557896229987,0
-0.4157857626836243,-0.2146441835749915,0
-0.4151800164044186,-0.21818844450324626,0
-0.41483480781626625,-0.22106933430607434,0
-0.4137932433620133,-0.22372234930821655,0
-0.4134482106668571,-0.22660309826117597,0
-0.4137998856237868,-0.22971144031508395,0
-0.41484844412580557,-0.23304723462007537,0
-0.41380723145753784,-0.2356999679224856,0
-0.4130263219563375,-0.23768951789929105,0
-0.4126819195444078,-0.24056976214022718,0
-0.4120773605429022,-0.24411307233187785,0
-0.4126903940248621,-0.2465573859609833,0
-0.4119096604166561,-0.24854679508792366,0
-0.4118259422732766,-0.2507635508285464,0
-0.40895407432408604,-0.25207099053937476,0
-0.407912978917814,-0.25472362994187314,0
-0.4080059923756192,-0.2584938407226254,0
-0.4070485418239791,-0.2589297830719435,0
-0.40557051425370183,-0.2606920685974927,0
-0.4054869866610673,-0.2629086717507594,0
-0.40426914499586175,-0.2640078678506175,0
-0.4034883234411595,-0.26599734740249126,0
-0.4022703791717106,-0.26709662566476844,0
-0.40053176993712647,-0.2695223175282102,0
-0.3997508604359261,-0.27151186750501743,0
-0.4001047633707735,-0.274618425460611,0
-0.3985431202613672,-0.27859738456436034,0
-0.3991576781492707,-0.28104047749461714,0
-0.39672120330039107,-0.2832395035187325,0
-0.3947220124015036,-0.286328601720065,0
-0.393420569854916,-0.28964445966063224,0
-0.392379415817647,-0.29229714601308565,0
-0.3910779732710612,-0.29561300395365286,0
-0.3900368192337904,-0.29826569030610983,0
-0.3875993769734425,-0.30046549100449127,0
-0.38438065876816196,-0.3046551351169029,0
-0.38281857592627233,-0.30863444634531945,0
-0.3822152481757204,-0.31217677058790017,0
-0.3825708514095112,-0.31528196699477995,0
-0.38152963874124346,-0.31793470029719195,0
-0.3809267214076808,-0.3214766958900803,0
-0.38058422450317764,-0.3243554142574592,0
-0.3795431290969056,-0.32700805365995933,0
-0.3763235753999066,-0.33119836680923953,0
-0.37362427625105,-0.33406259500704927,0
-0.37372054372923635,-0.337830200065266,0
-0.37189842155977004,-0.34247248334448344,0
-0.3717349135498669,-0.34690284917869896,0
-0.3690350867220342,-0.34976749992610934,0
-0.3681725844511252,-0.35397210370764753,0
-0.3661717518842984,-0.357062516507737,0
-0.3646099328818959,-0.36104161646135147,0
-0.3620882301414401,-0.3654586071874455,0
-0.3605263231925431,-0.3694377775659934,0
-0.35904565722736415,-0.37120217583954584,0
-0.3570442090350614,-0.3742930816141694,0
-0.35522177905285446,-0.378935611380653,0
-0.35243899628461506,-0.3840164075192618,0
-0.3516579108904203,-0.3860060983459377,0
-0.3472951898401764,-0.3890860938851066,0
-0.3472141100917039,-0.39130073687772793,0
-0.3461724870064522,-0.39395379882982695,0
-0.3462710850667996,-0.3977195376273066,0
-0.34663032342244904,-0.4008218231369387,0
-0.3482108333566831,-0.40282216597430676,0
-0.348130369233683,-0.4050363159923904,0
-0.3477897192056112,-0.40791355543616703,0
-0.3468289266870954,-0.40835217393295764,0
-0.34508719535187815,-0.41078036588153566,0
-0.34308502892984727,-0.41387184679311595,0
-0.34116303347583,-0.41474941243638774,0
-0.33785873559298807,-0.4211573029505171,0
-0.33883991934227353,-0.42669676569599346,0
-0.3395616793894547,-0.43289870751774373,0
-0.340002495857064,-0.4337859509601305,0
-0.3401036150503227,-0.4375496709095188,0
-0.338000212173041,-0.43687752577162264,0
-0.3383616198756112,-0.43997807413289536,0
-0.3398656086214462,-0.444189409603835,0
-0.3345376684123522,-0.44771156836144677,0
-0.3304307506000974,-0.4501319839841127,0
-0.32754542683690246,-0.451450198709761,0
-0.32518059214585193,-0.45144214068411337,0
-0.32299637335958664,-0.4529844272640364,0
-0.31800562394969134,-0.4536321166252577,0
-0.3165225101403557,-0.4553984750594555,0
-0.31171143853928207,-0.45759726022553515,0
-0.3111902752106701,-0.4589240729013184,0
-0.30988736688913754,-0.4622411045907775,0
-0.30858445856760497,-0.4655581362802348,0
-0.3065795951196737,-0.4686517768897751,0
-0.30571806026023296,-0.4728556059970437,0
-0.30415457027439174,-0.4768360440243953,0
-0.303553866260998,-0.48037626725646554,0
-0.3017298972150968,-0.48502002945928524,0
-0.2990223017800506,-0.487890901075815,0
-0.29605378755245937,-0.49142544899248186,0
-0.29430875822361635,-0.4938562818760648,0
-0.29230295667972506,-0.4969506736848963,0
-0.28844970207403087,-0.4987132230644331,0
-0.2848567506354023,-0.4998125891183669,0
-0.2831109004725896,-0.5022440793013274,0
-0.28110413151723357,-0.505339245784425,0
-0.2789159697963619,-0.5068846897488655,0
-0.27831476741948613,-0.5104253120555544,0
-0.27823531468120066,-0.5126386521869044,0
-0.27841673676220857,-0.5141883512305849,0
-0.27911976190431353,-0.5144108854738132,0
-0.2780766730441169,-0.5170651211748041,0
-0.27703358418391844,-0.5197193568757932,0
-0.2759904953237218,-0.5223735925767823,0
-0.2730192840702319,-0.5259103001914109,0
-0.27056938272284903,-0.5281200777553661,0
-0.2692652284926105,-0.5314381071313825,0
-0.26707580620529114,-0.5329845605198695,0
-0.264364429070886,-0.535858460408539,0
-0.2620954660987831,-0.5396183243533095,0
-0.25938354662764596,-0.542492658529067,0
-0.25552478070815887,-0.5442596212044357,0
-0.2528121576650513,-0.5471345187796608,0
-0.24824862233126943,-0.5486803439729826,0
-0.24438844926783254,-0.5504484334472828,0
-0.2414930116575178,-0.5517747470402785,0
-0.23737076183932615,-0.5542074400763397,0
-0.2342931839182789,-0.5539846297626134,0
-0.23069274236967985,-0.5550899936733789,0
-0.2285002859282219,-0.5566388767220687,0
-0.22604622177999545,-0.5588519877328757,0
-0.22244484213542925,-0.5599581028429341,0
-0.21787723194729836,-0.5615071910581673,0
-0.21357067247146233,-0.5623924973358658,0
-0.20996809089144186,-0.5634995749200158,0
-0.20636515752543438,-0.5646069342038942,0
-0.20179553922563187,-0.5661576304551126,0
-0.19889636388920273,-0.5674869371077804,0
-0.1965207557523012,-0.5674875061364784,0
-0.19581617688875141,-0.5672662160670736,0
-0.19617773116881665,-0.5703666470534596,0
-0.19353992901516825,-0.5710319135438304,0
-0.19142592858502994,-0.5703682546104165,0
-0.19116393977677681,-0.5710327877472459,0
-0.1913446729435595,-0.5725830384529029,0
-0.1903779733520139,-0.573026387157725,0
-0.19082072464255262,-0.5739120812515797,0
-0.18914924097896346,-0.5741343042118423,0
-0.18721566590287608,-0.5750211424713534,0
-0.18554403566179367,-0.5752434828065063,0
-0.18439652961471253,-0.5741366394931102,0
-0.18501991146779062,-0.5765726664550481,0
-0.1840530066677477,-0.5770161794847137,0
-0.1821191091211709,-0.5779032759689819,0
-0.18018509431259844,-0.578790466353162,0
-0.17772663283953527,-0.581007098610641,0
-0.17597295543851033,-0.5834448566126778,0
-0.1737762922229571,-0.5849971083206853,0
-0.1711365992196292,-0.5856638889471277,0
-0.16656183604976604,-0.5872187050569497,0
-0.16339690486347536,-0.5892155613810921,0
-0.16093688966896558,-0.5914334378123947,0
-0.1580337567401866,-0.5927659135870691,0
-0.15408041128497096,-0.5967583294823378,0
-0.1518820331127344,-0.5983119544765465,0
-0.1488958416393018,-0.6018606578048402,0
-0.14669702373457838,-0.6034146349237162,0
-0.14308676149384425,-0.6045278629520556,0
-0.14062484079190796,-0.6067472652569155,0
-0.1372766259904239,-0.607195913198467,0
-0.13269683521249576,-0.6087547552669879,0
-0.12837932639781613,-0.6096488294489024,0
-0.12406137785064786,-0.6105432557554824,0
-0.1211548150084969,-0.6118784781025575,0
-0.11675289913620723,-0.6149898596870731,0
-0.11287648528637106,-0.6167709542990849,0
-0.10873644096034774,-0.6192178966466848,0
-0.10821011810392456,-0.6205488409185662,0
-0.10459581032433896,-0.6216653084938422,0
-0.10168740060575665,-0.6230020097645177,0
-0.09807243322744519,-0.6241190055267936,0
-0.0954268184933369,-0.6247905280987567,0
-0.09057800318741549,-0.6270195372987786,0
-0.08678250785081154,-0.6265861180305539,0
-0.08290257614110885,-0.6283700296399068,0
-0.07902217538342171,-0.6301543168489019,0
-0.07496212613241404,-0.630387484778062,0
-0.07178746220048104,-0.6323921347948396,0
-0.06984667551166268,-0.6332847478988963,0
-0.06428747687340852,-0.6352971150751205,0
-0.060404906768800615,-0.6370831394324767,0
-0.05767158698346009,-0.6399746103420441,0
-0.05520195630531077,-0.6422001865660736,0
-0.05273209110317367,-0.6444259505899197,0
-0.049376078378978505,-0.6448808428755726,0
-0.04716978502203517,-0.6464408061137945,0
-0.04805572733559238,-0.6482118421768348,0
-0.04894178691114881,-0.649982784339965,0
-0.04885680820131455,-0.6522005495046308,0
-0.0478007032596004,-0.6548652080957744,0
-0.049130364275164595,-0.6575211635784015,0
-0.05001695152970065,-0.6592916831919311,0
-0.050460289130214164,-0.6601769077862265,0
-0.04683913618163871,-0.6612988567688234,0
-0.04578314850191845,-0.6639634214600552,0
-0.044283720617437794,-0.6657428437194106,0
-0.04207672368851689,-0.6673033703570965,0
-0.04102056011580579,-0.6699680758981934,0
-0.04049247832944758,-0.6713004286687401,0
-0.038021059405863866,-0.673527436866415,0
-0.03484171965185823,-0.675535831142156,0
-0.03254926030737515,-0.6793145102816478,0
-0.029105073483972177,-0.681989726504554,0
-0.026104165630083997,-0.6855502142717107,0
-0.02451895285954997,-0.6895480472576256,0
-0.022310211658448154,-0.6911099706564912,0
-0.017627911502339444,-0.6949006159264144,0
-0.015154293916339157,-0.6971293847474236,0
-0.01215174439451161,-0.7006911871133426,0
-0.009592884259189915,-0.7051379323738214,0
-0.006145589992899048,-0.7078156369443729,0
-0.0034064217655238593,-0.7107117911120149,0
-0.00013802844733667996,-0.7149412135743418,0
0.0023372894376016973,-0.7171713439440666,0
0.005786166740829657,-0.7198503161634218,0
0.008970900546636074,-0.7218630298350792,0
0.013309164734552681,-0.7227737243012875,0
0.01764786865494905,-0.7236847708921665,0
0.022960820907862,-0.7250452109946508,0
0.028539382433148575,-0.7270730833937282,0
0.031017280081989895,-0.7293052795614994,0
0.034913804364077095,-0.731102478008296,0
0.038810797694145194,-0.7329000520547382,0
0.043238481889977365,-0.7360320681447554,0
0.046692284197023426,-0.7387149841603868,0
0.04935092967040333,-0.7393969413599866,0
0.05280547952267156,-0.7420804559875496,0
0.05812391377388337,-0.7434452859108891,0
0.06273341580995861,-0.7450279198694254,0
0.06592411531979181,-0.7470454106990729,0
0.06929390632847543,-0.7475113362243011,0
0.072041033713802,-0.7504138638484221,0
0.07523274460835161,-0.7524321645647998,0
0.07869043121900177,-0.75511819101499,0
0.08125983027618489,-0.759573375529996,0
0.08693568302084564,-0.7638288725844227,0
0.09234692322009685,-0.7674177354915059,0
0.0960726522895321,-0.7707731426614437,0
0.09979890903794697,-0.7741289723809839,0
0.10476807220313233,-0.7786040693064091,0
0.1079636087702891,-0.7806254335073959,0
0.11115949712343465,-0.7826470794081146,0
0.11506645772313107,-0.7844526349470158,0
0.1196846664623834,-0.7860422409739645,0
0.12403723661376631,-0.7869643912293505,0
0.12883480069135445,-0.7870026432266819,0
0.1329218348591148,-0.7872574198729243,0
0.1357653616423704,-0.7863924480762297,0
0.1403858423327886,-0.7879838734139604,0
0.1442071353084291,-0.7875711121262157,0
0.14856190412223214,-0.7884950230049359,0
0.15007294094428225,-0.7902837413555073,0
0.15158406571282868,-0.7920725301310121,0
0.15265084149614871,-0.7947457336140804,0
0.15300641311316276,-0.7976349218215635,0
0.15602907306724312,-0.8012128280222655,0
0.15638455673776264,-0.8041019458048169,0
0.15691794462942532,-0.8054385475463484,0
0.15949628491377332,-0.8099008919295905,0
0.16225293983625022,-0.8128110489214961,0
0.16545473526242205,-0.8148374250302481,0
0.16874564288377236,-0.8190848762755394,0
0.16981288771507153,-0.8217584553582515,0
0.17016829809684708,-0.8246475144533605,0
0.17203587394737596,-0.8293261956856828,0
0.1733698566977555,-0.8326681108516301,0
0.17612800671067674,-0.8355794650674113,0
0.17915330505965876,-0.8391594840161147,0
0.1820905172559204,-0.8405192494524982,0
0.18484959070705997,-0.843431343130078,0
0.1868965951846686,-0.8465587290202325,0
0.1908140507329783,-0.8483726886011933,0
0.19401949593876822,-0.8504019873446804,0
0.19508767886603806,-0.8530763176266856,0
0.19713551883537228,-0.8562043725537016,0
0.19793670000406927,-0.8582101554776713,0
0.19829222764783339,-0.8610993084726921,0
0.19820188190043098,-0.8648716554764277,0
0.1985571017314598,-0.8677605619841806,0
0.1991791914013099,-0.8713179102125626,0
0.2000681069367385,-0.8755436649491166,0
0.2015820753086821,-0.8773347307974682,0
0.20345098501441328,-0.8820144801412848,0
0.20647939080627786,-0.885596987437637,0
0.20683415624707457,-0.8884855300832335,0
0.20700939045654287,-0.8929252859085768,0
0.20665038662488122,-0.8960277592180308,0
0.20896558013876998,-0.8998246432028196,0
0.21128094954565135,-0.9036216680374753,0
0.2109214766660088,-0.9067237657472837,0
0.21038182761405544,-0.91137656018733,0
0.2104687118313162,-0.9135958512255602,0
0.2119832225399918,-0.9153873513610016,0
0.2133177183116004,-0.9187296773390567,0
0.2150993040675857,-0.9211897835199796,0
0.21786199798284045,-0.9241047763573214,0
0.21991084933688398,-0.9272336411710764,0
0.22169287482535438,-0.9296940994766665,0
0.2204375803090155,-0.9345593221819914,0
0.21980966921135625,-0.9369917222598545,0
0.22087720719764903,-0.9396655360923454,0
0.22471608947264343,-0.9392668597912888,0
0.22694584988646582,-0.9408456147492519,0
0.22694584988646582,-0.9408456147492519,0
0.2276602934153953,-0.9406322240098834,0
0.22819429693253213,-0.9419693187259508,0
0.22828078539055596,-0.9441882928519778,0
0.22979630748394264,-0.9459806028741564,0
0.23613375483450838,-0.947830672600233,0
0.2395266171408359,-0.9483150729330045,0
0.24006094312846216,-0.949652425873829,0
0.24112959510370757,-0.952327131755478,0
0.24309348240567275,-0.953238243142053,0
0.24460988396402428,-0.955031257413566,0
0.24684124207254143,-0.9566112917578184,0
0.25103719105499245,-0.9591030008881187,0
0.25282137123263126,-0.9615651846045772,0
0.25380369598509667,-0.9620210454725786,0
0.25478605005306676,-0.9624769298155549,0
0.24943342157364512,-0.9550903082412461,0
0.25103719105499245,-0.9591030008881187,0
0.2550533889398743,-0.9631457471358331,0
0.257733288149959,-0.9638447236943559,0
0.25826805387006857,-0.9651824287598458,0
0.2597853495511355,-0.9669761590181825,0
0.261389734657957,-0.9709893446395892,0
0.26245932472917133,-0.9736648017205276,0
0.2640637098359946,-0.9776779873419343,0
0.2646852425113657,-0.9812348895457426,0
0.2655739968115487,-0.9854605151699154,0
0.26646257521873906,-0.9896859999442249,0
0.26878241523920643,-0.9934866047129951,0
0.27083504829261074,-0.9966184977988917,0
0.2714560972622504,-1.000175012665565,0
0.27449221303033156,-1.0037636938810817,0
0.2768126393607737,-1.007564768149411,0
0.2774335857261683,-1.0111212008536619,0
0.279037970832988,-1.0151343864750686,0
0.28109123416962234,-1.0182667842729867,0
0.2821608828718354,-1.0209422883038801,0
0.28439587610221473,-1.0225252335453838,0
0.28716598683869243,-1.0254461655521112,0
0.2886848948721994,-1.0272411869342282,0
0.29100639121835137,-1.031043118039248,0
0.29476140647120275,-1.0344219767120268,0
0.29824936133448077,-1.0371322410768151,0
0.29905212554012195,-1.039139291649585,0
0.30039006588285133,-1.042484375937537,0
0.3010110708792464,-1.0460408555917429,0
0.30234893793323003,-1.0493858811922507,0
0.30368680498721723,-1.0527309067927586,0
0.3043075168286187,-1.0562871516971875,0
0.3053777518408083,-1.0589631252276366,0
0.3084177079392454,-1.0625548816652497,0
0.3102054206345066,-1.0650198941165332,0
0.3153982788301377,-1.067979142916295,0
0.31915694386259297,-1.0713609242238125,0
0.3231839005355823,-1.0754122857883868,0
0.32721147283403873,-1.0794641403274934,0
0.33070395694190147,-1.0821780315763547,0
0.3356326569823551,-1.0844710100909332,0
0.33957614469370156,-1.0863058154521958,0
0.3452241839514052,-1.0883893235486983,0
0.3477326283501121,-1.090645980643357,0
0.35077756808336424,-1.0942417278271996,0
0.3532865401610543,-1.0964988074714572,0
0.35731864170409366,-1.1005542888946422,0
0.35964627964727036,-1.1043611380075102,0
0.36412960466003597,-1.1075377096054275,0
0.3673583996607075,-1.1095857061687493,0
0.37139264123517,-1.1136429012653117,0
0.3758778424398592,-1.1168209752618061,0
0.3808140912212856,-1.119119998583173,0
0.38278879594234994,-1.1200397722365647,0
0.3851188963874357,-1.1238485932475761,0
0.38798628368553345,-1.1289971381721688,0
0.3907673291031042,-1.1319268263456213,0
0.39426787497316695,-1.1346471732133825,0
0.3970495799894582,-1.137577389573842,0
0.39956289076098983,-1.1398379435148165,0
0.4013570382082605,-1.142308108723734,0
0.4024318464382812,-1.1449877443507255,0
0.4035932017573245,-1.1498864010536956,0
0.40538756907083595,-1.1523567423249457,0
0.40745077036159927,-1.1554970981403443,0
0.41095364681382307,-1.1582193112688444,0
0.41346833541380335,-1.1604809685337738,0
0.4188627847536939,-1.1619066690745967,0
0.421647084191644,-1.1648389629705918,0
0.4248827536768083,-1.166892464416211,0
0.4268607417337478,-1.1678148672671185,0
0.42982794368539956,-1.1691986476058105,0
0.4323443325843108,-1.171461666419459,0
0.4353120622149458,-1.1728458693077535,0
0.4390002890250351,-1.1740215290395977,0
0.4432272977785878,-1.1765381099088934,0
0.4464652538726668,-1.178593442402784,0
0.44925242622950456,-1.1815280368466041,0
0.45249107123781407,-1.1835839210024712,0
0.45527887387788013,-1.1865190201583165,0
0.4560869588465728,-1.1885303314395603,0
0.45860575161639616,-1.1907952752013866,0
0.4616636194846713,-1.1944013748504467,0
0.4658940581515907,-1.1969207022921484,0
0.46940417553205194,-1.1996487137401672,0
0.47237559891554604,-1.2010358744756662,0
0.4760682816814743,-1.2022151024041392,0
0.4793099461861665,-1.2042734044827235,0
0.4825519624768475,-1.206331988261038,0
0.4860640879689768,-1.2090616077450385,0
0.4914705859789201,-1.2104969565017445,0
0.49345282478320485,-1.2114227632244354,0
0.4964264028558709,-1.212811649370801,0
0.49967020739198276,-1.2148716651227645,0
0.5024629203781181,-1.217810696337395,0
0.5071504309567985,-1.219455797211907,0
0.51039539345512,-1.2215167402254963,0
0.5146325013980455,-1.2240414082246502,0
0.5158945068623613,-1.22517596937859,0
0.5219351578699545,-1.2301783263170556,0
0.5231975004625085,-1.2313131574332399,0
0.5251817620362154,-1.2322405839293982,0
0.5277067990073103,-1.2345105278615023,0
0.53266840569529,-1.236829857038682,0
0.5351941169228596,-1.2391003408952734,0
0.5406085008020085,-1.240542004421016,0
0.5454823731232636,-1.2406413617856078,0
0.5481900927418195,-1.2413626160980797,0
0.5533353201732325,-1.242134006854915,0
0.5587519027147927,-1.2435774310039882,0
0.5629050579903527,-1.2438851554626993,0
0.568503165217173,-1.2437789627305182,0
0.5719346067200686,-1.244294256134097,0
0.5763598060200028,-1.245274565647028,0
0.5781668083135507,-1.2477550246337188,0
0.5816901616417631,-1.250493635034223,0
0.5859365625978441,-1.253025744601345,0
0.5904548610008096,-1.2562303218478004,0
0.5954252623384679,-1.2585566935183259,0
0.5984992830466389,-1.2621757278801642,0
0.6030195455880367,-1.26538187795013,0
0.6068174787312852,-1.268795103990433,0
0.6098012585975745,-1.270192159429083,0
0.6137800421696067,-1.2720552286636408,0
0.618574327531558,-1.27593554834883,0
0.6230057710327603,-1.2769208580320335,0
0.6270781813868087,-1.2810086175497162,0
0.6313309877793962,-1.2835458563994955,0
0.634860849148378,-1.2862896782450726,0
0.6383911502498307,-1.2890338522153169,0
0.6419218910837738,-1.2917783783102337,0
0.6459047788256562,-1.2936447340416812,0
0.6498881356155213,-1.295511465372778,0
0.654416284026123,-1.2987239302117803,0
0.656408431469039,-1.2996576714769716,0
0.659217355926069,-1.3026096843543336,0
0.6627506325506669,-1.3053562410348292,0
0.6658325098125495,-1.308981566690722,0
0.6674662690492816,-1.3130182742399032,0
0.6688277350798906,-1.3163821971975533,0
0.6701892011104995,-1.3197461201552052,0
0.6727272541631102,-1.322026486977462,0
0.676534773474506,-1.3254473893355136,0
0.6805225862202064,-1.3273176888632356,0
0.6837862226913334,-1.3293935854376944,0
0.6873227240208148,-1.332142724365747,0
0.6895897884070017,-1.333751351232987,0
0.6916773362196125,-1.3369112030174648,0
0.6946696468960827,-1.3383150896746567,0
0.6982075113962587,-1.3410653201891787,0
0.7007481148972712,-1.343347729334507,0
0.7041070637916018,-1.3476496660033135,0
0.7073733972886274,-1.3497277222757322,0
0.7099148509391089,-1.3520108121954149,0
0.711005958586524,-1.3547034999100713,0
0.7128224151284694,-1.3571915295771078,0
0.7153643964579359,-1.3594750420463892,0
0.7201761831727342,-1.3633693762933365,0
0.7234444075194411,-1.3654489467018234,0
0.7267129836521384,-1.3675287988100457,0
0.7314332836163473,-1.3692001564472456,0
0.7354284252367691,-1.371076324719425,0
0.7379724293356631,-1.3733614569621775,0
0.7409693572032126,-1.3747690409283813,0
0.7442397655545907,-1.3768503602227096,0
0.7475105256919541,-1.3789319612167787,0
0.7526863585042278,-1.3797278598504548,0
0.756410614062478,-1.38093237033004,0
0.7608613178464676,-1.3819331030736741,0
0.7653124613629423,-1.38293418794197,0
0.7688588713310498,-1.3856912614125285,0
0.772405721031646,-1.3884486870077541,0
0.7771320160153881,-1.3901248452779225,0
0.7802271731982771,-1.393760805098763,0
0.7847757251961163,-1.396989608522329,0
0.7880506774498279,-1.3990745664382231,0
0.7923265258245635,-1.4016302566205692,0
0.7967817295376385,-1.4026345927732908,0
0.801332744037385,-1.405865368094993,0
0.805336269890498,-1.4077482502108296,0
0.8093402647916026,-1.4096315079263082,0
0.8133447287406792,-1.4115151412414324,0
0.8183509682757588,-1.4138702110723411,0
0.8203536692982798,-1.4148124033295506,0
0.8226308328738448,-1.416429117326647,0
0.8260880720157804,-1.4169650687107058,0
0.8284617206345004,-1.4208087618012648,0
0.8308355451462113,-1.4246525957416907,0
0.8346643475098183,-1.4280905409336384,0
0.8389466306365669,-1.4306513838736112,0
0.842227372701311,-1.432740978097625,0
0.8462360580822299,-1.4346279918095561,0
0.8507946066652039,-1.437864800200554,0
0.8550791031121179,-1.440427415501354,0
0.8603668409199727,-1.4434626410668283,0
0.864652641906595,-1.4460263010041388,0
0.8699419774091428,-1.4490628059559043,0
0.8730479226956334,-1.452707404568585,0
0.8752478445518062,-1.4581069588845015,0
0.8780793566007485,-1.461077059232272,0
0.8826429474495381,-1.4643179053194562,0
0.8840183383421305,-1.46769297889157,0
0.8873041519881824,-1.4697866342867485,0
0.889311455544032,-1.4707325121154717,0
0.8936016245399898,-1.4732996698244811,0
0.8963379414277295,-1.474043823977814,0
0.8995277830518642,-1.4739109110916395,0
0.9033658637708779,-1.477356286114066,0
0.9066536708708597,-1.4794515378077353,0
0.9103952225734666,-1.4806698985242317,0
0.9146881618840688,-1.4832392746186418,0
0.9184305344206507,-1.4844582926345193,0
0.9221732587432179,-1.4856775923501289,0
0.9250892534397881,-1.484870650698598,0
0.9297390272351294,-1.4843358163351983,0
0.934388976923465,-1.4838011228216637,0
0.9387631448613103,-1.4825908511942387,0
0.9439654495691041,-1.4834079477328856,0
0.9494444154923549,-1.484901326634759,0
0.9546478635046043,-1.485719338697539,0
0.9618629537665466,-1.4874867028857661,0
0.9673441476677134,-1.4889818658859522,0
0.9727258223715936,-1.4882476201324746,0
0.9783843341839216,-1.488189797592085,0
0.984219137864951,-1.4865781678869023,0
0.9908845408178415,-1.4869958782459243,0
0.9953623321228235,-1.4880183018690616,0
1.000847073199358,-1.4895163053415637,0
1.0057782866364882,-1.4896615797627728,0
1.0096298231695044,-1.4931177298000158,0
1.013934371417669,-1.4956964019856436,0
1.0192465583516217,-1.4987512056826198,0
1.024282259963103,-1.5011298678662328,0
1.030048616574419,-1.5033081209732106,0
1.034808331226916,-1.5050110407180934,0
1.0400210575945739,-1.5058364826113557,0
1.0457897154725497,-1.508016578504094,0
1.0512814629533267,-1.5095201924962947,0
1.0563215618896482,-1.5119023759265833,0
1.0625450343859661,-1.5132064376788392,0
1.0689435088690296,-1.5129556593672753,0
1.0743339195915809,-1.512228409157185,0
1.08073318559312,-1.5119782646700202,0
1.0859505291518534,-1.512807403872289,0
1.0918988501809075,-1.5134363922226761,0
1.0963867993062593,-1.5144669499256285,0
1.1011538281757396,-1.5161757266774742,0
1.104912133685982,-1.517407503343792,0
1.110410858255495,-1.5189167043807164,0
1.1151795727661593,-1.5206268309437885,0
1.119669940420179,-1.5216593253324042,0
1.125901386732199,-1.522969772278632,0
1.131681902729488,-1.5251593637998972,0
1.1349912420634194,-1.527271857864772,0
1.1394837057756106,-1.5283060307143064,0
1.1447076453215992,-1.5291404517865832,0
1.1489216302573961,-1.529496886824269,0
1.1534153838515344,-1.5305320925728303,0
1.1580816036417705,-1.5300104276719821,0
1.1622964973580316,-1.530367590433979,0
1.1660601969200712,-1.5316036864962168,0
1.1698242482680996,-1.5328400642581883,0
1.1750512219682232,-1.5336769149906697,0
1.1778048496580702,-1.5344349311184047,0
1.1817413818599416,-1.5341144499684631,0
1.1859580931371383,-1.534473068179084,0
1.1911866059009544,-1.5353111513479032,0
1.195684199825454,-1.5363494323185556,0
1.1999019664606134,-1.5367088956283776,0
1.2058634061754265,-1.5373483890313402,0
1.2106427768699497,-1.5390670487488478,0
1.2129473504369948,-1.5407057118502046,0
1.2177276445697256,-1.5424251110295124,0
1.2220573894892102,-1.545023959958577,0
1.22464343201354,-1.5473427553195211,0
1.2281320680548102,-1.5479038484048235,0
1.2319016893476302,-1.549144686412582,0
1.23539085306788,-1.5497062020474868,0
1.2401739614885088,-1.5514278548246683,0
1.2454087184536,-1.5522709381637565,0
1.249460908034905,-1.5541927887427711,0
1.2527814312316732,-1.5563142385116873,0
1.257115632106995,-1.558916655637379,0
1.2614504192922915,-1.561519542262623,0
1.2650534374888025,-1.5643219459153492,0
1.2699519101338854,-1.5682856956717082,0
1.274739665061091,-1.570011069232871,0
1.279979127163756,-1.5708579203059028,0
1.2842049848766095,-1.571223862709605,0
1.2882616890447576,-1.573149328435198,0
1.2930515693456304,-1.5748764039322563,0
1.2963765045249858,-1.5770013866853319,0
1.300434615837073,-1.5789279792098654,0
1.3042113754538782,-1.5801745333747217,0
1.3079884868566651,-1.5814213692393118,0
1.311032993778948,-1.582867053094514,0
1.3140777645407233,-1.5843129482245182,0
1.3163897549289985,-1.5859575504952588,0
1.3187019212102626,-1.5876022936158734,0
1.3221984431207368,-1.5881697014702105,0
1.3284590143809272,-1.5895034708068945,0
1.3332539369476208,-1.5912345840001354,0
1.3387827392190204,-1.5927678703642982,0
1.3415474041942126,-1.5935347248211826,0
1.3445946814311434,-1.5949826270617855,0
1.3479247028495571,-1.597111682723515,0
1.35243949031417,-1.598163731768656,0
1.3567864287737645,-1.6007763487722109,0
1.3596667218129,-1.6037855114830695,0
1.3621502549590474,-1.603872503642613,0
1.3643511465279587,-1.6032784245434506,0
1.3665520380968665,-1.60268434544429,0
1.3707858842831762,-1.603056684779446,0
1.3745692398872347,-1.604308520814314,0
1.3779021488822938,-1.6064398887613542,0
1.3815184030265595,-1.609252891366566,0
1.3854181342397887,-1.612747634267345,0
1.3870012139004118,-1.6145940423759058,0
1.3910695270061204,-1.6165288041927202,0
1.3941210696481452,-1.617980122042594,0
1.3986411045870586,-1.61903637310877,0
1.4014099909940967,-1.6198066079624578,0
1.4049132261538197,-1.6203793915867148,0
1.4087000849600013,-1.6216340328814312,0
1.4124872955521681,-1.6228889558758794,0
1.4170091627097658,-1.623946674128165,0
1.4206299021253663,-1.6267632684049822,0
1.4249855326303908,-1.6293828457394586,0
1.4275890471920736,-1.6317156321871806,0
1.4312110618318723,-1.6345332476255319,0
1.435568172769596,-1.637154010446391,0
1.4399258700172908,-1.6397752427668006,0
1.4425307037764252,-1.6421090855885296,0
1.4476242302095095,-1.6445340521658878,0
1.4530024796202596,-1.6476417567253758,0
1.4569115331621365,-1.651143964669103,0
1.4602529583096313,-1.6532821520971996,0
1.463878857253036,-1.6561028779701132,0
1.467387896881549,-1.6566803096399791,0
1.4714656495779082,-1.6586226303996519,0
1.4770145036505653,-1.6601719736486427,0
1.4808089258554684,-1.6614326714876366,0
1.4856235630951762,-1.6631795716034574,0
1.48970330924546,-1.6651234886616209,0
1.4955392022201934,-1.6673574244159894,0
1.4985998033513788,-1.6688159960340059,0
1.5034166685690078,-1.6705646802481464,0
1.5055760100384479,-1.6737820222532989,0
1.5092070978251666,-1.6766069031972854,0
1.5122689741805555,-1.6780664959768412,0
1.5151649363538553,-1.6810882060633485,0
1.520554091130201,-1.684204643314585,0
1.5246380587123305,-1.6861519407695518,0
1.5287224953424392,-1.688099613824166,0
1.5338287007288116,-1.6905347333294376,0
1.537463101166903,-1.6933622669459183,0
1.5421195048852425,-1.6966774348128713,0
1.5469424677266463,-1.6984310018223976,0
1.550578407228432,-1.7012597678752126,0
1.5543805540672935,-1.7025266513708601,0
1.5583027995836822,-1.7060394230546017,0
1.561654602417784,-1.7081859206248495,0
1.566029038815362,-1.7108205571575965,0
1.5696672356105648,-1.7136511307837061,0
1.5719977387364015,-1.7153105575029386,0
1.5746140641711062,-1.7176536025159699,0
1.5770649591294568,-1.7215591521730822,0
1.5796817536121424,-1.7239025727857573,0
1.5812759438468547,-1.7257578779109117,0
1.585653238505575,-1.7283948032539946,0
1.5887222385272004,-1.7298601004531626,0
1.5931005152551325,-1.7324978122080026,0
1.598216761199879,-1.7349409718931774,0
1.6030477271724806,-1.7367009475716433,0
1.6059528211236938,-1.7397299701137374,0
1.6103333844605423,-1.7423695129168486,0
1.6129530811776256,-1.7447152575523273,0
1.6165968918908717,-1.747550326636686,0
1.6195033490127848,-1.7505804407652512,0
1.6213860146090155,-1.7531214886696898,0
1.6254825292246817,-1.7550788334151655,0
1.6310554513219486,-1.7566474496209459,0
1.634414993447761,-1.7588001445853365,0
1.6399891467959833,-1.7603697467401886,0
1.644087713496571,-1.7623287347341083,0
1.6480217438435218,-1.7658509433589344,0
1.6519563018694576,-1.7693735745333647,0
1.6558913875743642,-1.7728966282573904,0
1.6598270009582574,-1.7764201045310202,0
1.662737796774012,-1.779453692956297,0
1.6668393536554902,-1.7814150753979572,0
1.669750853043217,-1.7844492272227068,0
1.6734014209789603,-1.787289707289455,0
1.6782431603974146,-1.7890583100222681,0
1.6816077008157944,-1.7912150074703792,0
1.685998612523763,-1.7938628369406597,0
1.6901029836931336,-1.7958264729801883,0
1.6922777157995021,-1.7990561393486963,0
1.6942877063437507,-1.8038488620232638,0
1.6966276197447367,-1.8055158242103815,0
1.7004462858672298,-1.8067959358560302,0
1.7038132448142793,-1.8089545699898082,0
1.7076326291664987,-1.8102352567724118,0
1.7111649746166453,-1.8108313510496448,0
1.715272453228902,-1.8127974754368275,0
1.7199968642844734,-1.8123224083669491,0
1.7207363579072261,-1.8121290769961256,0
1.7232424346720379,-1.81223412141361,0
1.7252967016571503,-1.8132176061567993,0
1.7258719520812509,-1.8145877301666573,0
1.727474438602158,-1.8164496787105353,0
1.729980955099455,-1.8165550752526833,0
1.7338026846915895,-1.817837640033515,0
1.7358575673021743,-1.8188216177512384,0
1.7371728390280126,-1.819998832939877,0
1.7370086544603627,-1.8215623352705137,0
1.7378719698290048,-1.823617873409967,0
1.739475130606385,-1.8254803618783342,0
1.739475130606385,-1.8254803618783342,0
1.7419824972531508,-1.8255864391948418,0
1.746093493725276,-1.8275553805793567,0
1.747409219841348,-1.82873295963015,0
1.7504929069279243,-1.8302100177932061,0
1.7538648495097835,-1.8323726426732136,0
1.7537007528886264,-1.8339362154287855,0
1.752796488388249,-1.8356925796306882,0
1.7526322451896004,-1.837256035011368,0
1.7518921066258777,-1.8374488499326809,0
1.7523035828993159,-1.8403828049228643,0
1.753167294027195,-1.8424386599745208,0
1.7546068125736554,-1.8458650850606144,0
1.7526737289395324,-1.8471283570796988,0
1.7538251678837078,-1.8498693562987079,0
1.7530430834612805,-1.8538732754121323,0
1.7531660257422015,-1.8561214406730748,0
1.7556334253264403,-1.8600402067426973,0
1.7548505054122927,-1.8640434568192514,0
1.7545201428230701,-1.8671688651820357,0
1.7556711127192628,-1.8699094888013974,0
1.7585915386764093,-1.8729507887568921,0
1.7601957548117486,-1.8748141223244588,0
1.7628288193963293,-1.8771705715498257,0
1.7644332700556653,-1.879034092917216,0
1.767519903349882,-1.8805135103155415,0
1.769247149712644,-1.8846250795689858,0
1.7718810351311944,-1.8869821860937286,0
1.7728671755187655,-1.8912857955942162,0
1.774594509828022,-1.895397435272594,0
1.7763218441372786,-1.8995090749509718,0
1.7782149167356316,-1.9020584564725365,0
1.7818792043248592,-1.9049099228289048,0
1.7862855946162544,-1.9075701470874726,0
1.7902388852459872,-1.9111077787727275,0
1.7941927035547085,-1.9146458330075777,0
1.7963750870062931,-1.9178816263452951,0
1.7981037405130031,-1.9219943223976763,0
1.7999982349130477,-1.924544842455667,0
1.805437709743277,-1.9277015745063295,0
1.8055601096874678,-1.9299493054801822,0
1.809061971638986,-1.934365682665856,0
1.8134724954157235,-1.9370292168962955,0
1.8166870253101806,-1.9407607668268163,0
1.8178402231842945,-1.9435031745444924,0
1.8206009351873718,-1.9481115567647418,0
1.8223308199450337,-1.9522252387661894,0
1.8265774376513626,-1.9564524983395586,0
1.8266996617025626,-1.9587000884635462,0
1.826655531839192,-1.9625094437698092,0
1.827808788344301,-1.965251898437442,0
1.8285073035198156,-1.9688704459329998,0
1.8287508135262485,-1.973364874981682,0
1.8303588113609521,-1.97523123682139,0
1.8320885202256179,-1.979344777972969,0
1.832331502553071,-1.9838387844720575,0
1.8328623592743174,-1.98901805251338,0
1.834879942532778,-1.9938168552072035,0
1.8367764743600006,-1.996369006776149,0
1.8389613789444947,-1.9996068189619614,0
1.8423456780091438,-2.001779338545118,0
1.8469295914201869,-2.0028867415879574,0
1.8507700975893755,-2.0041843420920795,0
1.8541555399584801,-2.006357777199373,0
1.857252814778807,-2.007845716014648,0
1.8618383405422883,-2.0089544101812695,0
1.8646475943913288,-2.0097569700794082,0
1.8690671619994799,-2.01242774634051,0
1.8721656680707586,-2.0139166711048517,0
1.8754310264200846,-2.01384422976154,0
1.880140784346441,-2.0172021220881238,0
1.8830736987061254,-2.0202534223841706,0
1.8874956848429392,-2.0229261353309393,0
1.889562410915083,-2.0239195969397024,0
1.8931743438971829,-2.0267935381357844,0
1.8967427190966912,-2.030410161739413,0
1.9000211084186933,-2.0333409956113595,0
1.9005651170098155,-2.036252714354827,0
1.9050306830346742,-2.0403899816703888,0
1.9074070866608626,-2.042802046832554,0
1.9103936382933266,-2.045047815111589,0
1.9157539481061931,-2.0497066830367334,0
1.916008731385471,-2.051932314634392,0
1.9183492379839144,-2.0558844932145703,0
1.9200794312357274,-2.0600030333331265,0
1.9221310101349776,-2.0632690083880547,0
1.9244705577593297,-2.067221561968662,0
1.9262003541942772,-2.071340257259809,0
1.9291484625574356,-2.075127134647655,0
1.9305896289058389,-2.078559510034106,0
1.9335042211424422,-2.0838855698044156,0
1.9346248946813631,-2.0881701611161656,0
1.9363542942994414,-2.092289011579904,0
1.936918058068695,-2.0963841554444063,0
1.9350972421948214,-2.099484880731005,0
1.9341934078051466,-2.1042896000145337,0
1.9338968292535377,-2.107626313270316,0
1.9326889652778867,-2.111862328579999,0
1.9308718822888462,-2.116264318863097,0
1.9305733405619048,-2.1182990010645426,0
1.9302798850270655,-2.121634362453557,0
1.9299874704978137,-2.1249692732203176,0
1.9293878513155391,-2.127736854411113,0
1.92787517699972,-2.1314045037136466,0
1.9254426436990357,-2.134672285467067,0
1.9248373657715945,-2.136139435312531,0
1.923015300691013,-2.139240701345832,0
1.9221136150980875,-2.1427416096171186,0
1.9206004202794738,-2.1464094842307784,0
1.9169475604066548,-2.1513129142877077,0
1.9145181353874516,-2.155882231410983,0
1.9111721678659777,-2.1613531262305568,0
1.9081277983026386,-2.166090896749651,0
1.9053853389991122,-2.1700954077815897,0
1.9026418386899895,-2.174100369435788,0
1.9011180403496581,-2.1764699531598293,0
1.8986763461997924,-2.1797417003890978,0
1.8959302954269823,-2.1837477660678175,0
1.8941015158603527,-2.186851938614666,0
1.8910425349037752,-2.190293153139825,0
1.8876858970750128,-2.195768666837516,0
1.884016172911645,-2.2006793969749765,0
1.8803522636442906,-2.206890490864433,0
1.8766711031547345,-2.2105032906100845,0
1.8725668166622018,-2.214156681385891,0
1.8676673899656642,-2.2179946357541898,0
1.8638102553910194,-2.2209168592496358,0
1.8609941827510568,-2.2229243727775803,0
1.8568362616893648,-2.2265779622772293,0
1.8526802151986477,-2.2302299961115857,0
1.8499972213192901,-2.2335215646805153,0
1.8470124450870529,-2.2375453257008306,0
1.844331442939362,-2.240835241375386,0
1.8410464074431658,-2.2455899308690412,0
1.8384971367081864,-2.2501650197190077,0
1.8391872008187278,-2.253294083309626,0
1.8387106225178904,-2.2560475791655907,0
1.8365919951116947,-2.2611780308520597,0
1.8378837493570224,-2.2628442652051852,0
1.8374054136458913,-2.2655992194973624,0
1.8361938321282931,-2.2685316840079928,0
1.8342497077683397,-2.2716410753625897,0
1.8327355237730565,-2.275306412928174,0
1.829151986423195,-2.280790572458958,0
1.8273356685929691,-2.285188394163173,0
1.8225948031062718,-2.2902892562473838,0
1.820049105772224,-2.2948613796103867,0
1.816773677452293,-2.299608096319421,0
1.8149598199964778,-2.304003876212942,0
1.8134482721166325,-2.3076670261242054,0
1.8116344146608174,-2.31206280601773,0
1.8108520119634282,-2.315551848728367,0
1.8077043901732228,-2.321586995787019,0
1.8058905327174077,-2.3259827756805365,0
1.8030464506903723,-2.331284271851592,0
1.8024419486991246,-2.332749434587017,0
1.796991210962851,-2.33800840968806,0
1.7946307954581684,-2.340550527643762,0
1.7925728066901438,-2.3423599183881265,0
1.7878552561799985,-2.34744143188526,0
1.7819887545220858,-2.3521326960565467,0
1.7765511387826614,-2.357380781500547,0
1.772444065458755,-2.3609921735791364,0
1.7702153813667891,-2.364819464710248,0
1.769013172704085,-2.3677441508944135,0
1.7646099993205802,-2.3720830198139744,0
1.7631084100990577,-2.3757379052533736,0
1.7590088350590722,-2.3793430746707926,0
1.7556354761843824,-2.3827765676146075,0
1.7505156938118418,-2.38727914022315,0
1.7464219768061646,-2.3908794481865314,0
1.7431787676749213,-2.3955994268983467,0
1.7415576903323942,-2.3979589787233913,0
1.7403608710612506,-2.4008791923698425,0
1.73712023946511,-2.4055970320418787,0
1.734478954790033,-2.4088539870580483,0
1.732261928186336,-2.412671603895623,0
1.7307673686059797,-2.4163206555901766,0
1.7282523673717112,-2.4208673049340135,0
1.7250676294059453,-2.4222680214417203,0
1.7194209133994711,-2.4249006462414098,0
1.7087132565202268,-2.439922983098901,0
1.7059572873122626,-2.4418806181084047,0
1.7040469052299283,-2.444962007487735,0
1.701119889215967,-2.4489378345712236,0
1.6978967145620647,-2.453641187110229,0
1.6949721589225142,-2.4576149723830216,0
1.6924702796850895,-2.462150732069814,0
1.6882356261697602,-2.4677442442334225,0
1.6850180752287862,-2.4724429297765447,0
1.6810844425218718,-2.477304881477785,0
1.6781666236217792,-2.481273076078436,0
1.6732235037850938,-2.4870235345099108,0
1.6695923563951816,-2.491152710385279,0
1.6648264343005206,-2.494879872216025,0
1.6616194278213072,-2.499569807141878,0
1.6575737466969507,-2.503130251182135,0
1.6542453775257506,-2.506526408158928,0
1.648477818067299,-2.511135562371493,0
1.6438487238752035,-2.5161436679126368,0
1.6419551543513293,-2.519211104918874,0
1.6403566890212264,-2.5215518915313275,0
1.6395976013003821,-2.525021585654894,0
1.6366965363784072,-2.528975876496988,0
1.6335021832532988,-2.5336553106821214,0
1.631192264004353,-2.536155522904002,0
1.6281699535510779,-2.538815938567952,0
1.6235539813558297,-2.5438131544520495,0
1.618396781922936,-2.5469522844751484,0
1.6134930866571473,-2.552670025320939,0
1.6080481641537148,-2.556529680305731,0
1.6040294299871753,-2.560067761657411,0
1.600431439071448,-2.564169421702916,0
1.5961241031292204,-2.568428757234397,0
1.5919455695825562,-2.573975696668308,0
1.5890638947541422,-2.5779138960975345,0
1.5854732849616369,-2.5820094307109525,0
1.5825942462486626,-2.585945442485862,0
1.5798424868423293,-2.591170322141254,0
1.5786756607068408,-2.594065645143022,0
1.5765082516537348,-2.597842085464885,0
1.5730899188544356,-2.599918407098965,0
1.5712157394241206,-2.602969752692333,0
1.5689249759473682,-2.605454067959503,0
1.5667607302327866,-2.6092278830961853,0
1.5625995364676726,-2.6147604326261416,0
1.558440803076973,-2.6202909403454004,0
1.5542845300606754,-2.6258194062539637,0
1.5507116701121273,-2.629900210661642,0
1.5462696657569541,-2.6361475486375276,0
1.5414149436579834,-2.6418246477275495,0
1.5392592506734974,-2.6455913651413336,0
1.5341196173604494,-2.6519866556951133,0
1.530556950391592,-2.6560590011727605,0
1.5257130070757459,-2.6617271551873536,0
1.5221544993112506,-2.6657960490326342,0
1.5183087371189572,-2.67058507892329,0
1.5140506672452627,-2.674803529626301,0
1.5106235394114247,-2.6801578883342376,0
1.5060816127698295,-2.685093655439278,0
1.5015424979847012,-2.6900270890463798,0
1.4967182376641368,-2.695678908575399,0
1.4928863590131485,-2.7004564168199785,0
1.4886431099662563,-2.704662568044272,0
1.4866660792323678,-2.706404773493812,0
1.4835402651086618,-2.7110273286666846,0
1.4833787668985856,-2.71303759657059,0
1.4825166521331337,-2.7151982963939503,0
1.4824797385339146,-2.718499668447196,0
1.4797677551805322,-2.7236915388296588,0
1.4780431741675741,-2.7280132301636204,0
1.475907105598015,-2.731763661706374,0
1.4740589358400307,-2.7347934224438113,0
1.4722112347247887,-2.737822794264922,0
1.4690915129567674,-2.74244029352559,0
1.466547237329829,-2.74561674286287,0
1.4630194256651023,-2.749660162688988,0
1.460066708659408,-2.7522628242789526,0
1.4559690745665357,-2.757742627032586,0
1.4517498434603056,-2.761928846295314,0
1.4496221518798116,-2.7656723259587874,0
1.446102834364833,-2.7697086966765507,0
1.4425852742601517,-2.773743608958096,0
1.4390694715657588,-2.777777062803434,0
1.4355554262816632,-2.781809058212559,0
1.4306532698836687,-2.786131027803542,0
1.4251842200746783,-2.7918869495950265,0
1.4202885075144298,-2.7962035715865667,0
1.4151113985606862,-2.8012354681694447,0
1.411040711425633,-2.806692908234494,0
1.4053025085148612,-2.813153944178362,0
1.400545146946083,-2.8187502459022546,0
1.3968919225626237,-2.8247739870753925,0
1.3946238802759012,-2.8305101847936953,0
1.3936141508416835,-2.8346696308748864,0
1.3932946692421115,-2.838687249810274,0
1.3915925830808966,-2.8429902731607246,0
1.390580744754331,-2.8471514693653717,0
1.3898520016512013,-2.850595981157012,0
1.3909076263293585,-2.8543344183385067,0
1.3919604391510543,-2.858075189017937,0
1.392561101674973,-2.864549183289993,0
1.3907344309028957,-2.8675611024911003,0
1.3901189664044118,-2.8723061010383812,0
1.3896682806152132,-2.8750381092674893,0
1.3878420199055412,-2.8780496881668185,0
1.3864189283437458,-2.8816394301220942,0
1.3860850359797787,-2.885669008234414,0
1.3872910286028297,-2.8874064142746807,0
1.3860345903213087,-2.8889816102464945,0
1.3860345903213087,-2.8889816102464945,0
1.3826682103032422,-2.894285555676044,0
1.381360857720498,-2.8991737425762576,0
1.3770265240359105,-2.905331727026905,0
1.3743492788259744,-2.910494768986915,0
1.37167285374084,-2.915657130343364,0
1.3693968445274578,-2.921399939639155,0
1.3657536959630079,-2.9274153191113506,0
1.3650150527818923,-2.9308680467603203,0
1.3637068214940076,-2.9357569628786386,0
1.3618286506172907,-2.9420823591535523,0
1.3625644501968992,-2.9465679620648757,0
1.361537263820443,-2.9507418952791067,0
1.3614127060448968,-2.9573867395775792,0
1.359812533901767,-2.9629996809045007,0
1.3609981405654281,-2.9647540048048207,0
1.3616116987479039,-2.9679465589851883,0
1.3623317987955659,-2.972445190593337,0
1.3630486183440222,-2.976946544615746,0
1.3634759574116408,-2.9821698820360645,0
1.3650452845492786,-2.9845185090197432,0
1.3652561422266167,-2.9871325112278413,0
1.3661441257417586,-2.9896155759471803,0
1.366352874526747,-2.9922313282787325,0
1.367915874987336,-2.9945852056327684,0
1.3691896878688006,-2.997660823312014,0
1.3697841488594307,-3.000869225832549,0
1.3683467051135842,-3.0044708783502188,0
1.3676868952953853,-3.0092526781045716,0
1.3673131682981232,-3.0133153141043643,0
1.3663623549101693,-3.0188203612346776,0
1.366084683896684,-3.0241977766649804,0
1.3657059189899154,-3.0282645935152424,0
1.3654234443882984,-3.0336459953378583,0
1.3656181338909494,-3.036273415159105,0
1.3655233429127644,-3.039622818378257,0
1.3652346002144373,-3.045009421956692,0
1.3649430456596399,-3.0503983590330694,0
1.3652268200852458,-3.0543463434151334,0
1.3656019054868356,-3.059613045005481,0
1.365880759163618,-3.0635651130089396,0
1.3661575039480507,-3.067518931135851,0
1.366142307877242,-3.072196774471367,0
1.3670851068146277,-3.076028843257653,0
1.3684048309061971,-3.0804608544139853,0
1.3685830007520998,-3.0831019835356237,0
1.3692272392554692,-3.0876635709735822,0
1.3699551732902346,-3.093550195510069,0
1.3682955420988812,-3.099212480595492,0
1.3692213527367727,-3.103058647598493,0
1.3694766571156372,-3.107030258647189,0
1.3696456884280224,-3.1096789716371287,0
1.369146556695096,-3.112451184091144,0
1.3688136444180863,-3.117874443033033,0
1.368687454376012,-3.1212499036458397,0
1.3682680347111464,-3.1253504589871337,0
1.367473564463081,-3.128849516293096,0
1.3643899281863945,-3.133437068996887,0
1.3629299310084608,-3.137057438112608,0
1.3595564041885364,-3.142367314516086,0
1.3572213459893288,-3.1481591272685936,0
1.3574618881217404,-3.152142989181467,0
1.357700321361797,-3.1561286012177963,0
1.3581504561659532,-3.1580622826891016,0
1.3580930236677808,-3.162775177108239,0
1.3576631767018448,-3.1668843858377294,0
1.3576014092582884,-3.171600877732855,0
1.3559206305630767,-3.177280712667356,0
1.3554106614666814,-3.1800619188113455,0
1.355636617093662,-3.184057885744778,0
1.3558604638282965,-3.188055602801663,0
1.3560822016705725,-3.1920550699820023,0
1.356668269893273,-3.196664931658569,0
1.356957125029849,-3.2020031938523736,0
1.3555587971743037,-3.2069668791338195,0
1.355771396483064,-3.2109739301824582,0
1.3553233896107741,-3.215098209419466,0
1.3561902684235285,-3.2189932826501053,0
1.357280623449343,-3.220826653793102,0
1.3564648299563924,-3.224343406791766,0
1.3560109650497978,-3.228472547482813,0
1.3548987200151892,-3.232717069009688,0
1.3522443639405228,-3.239255609961166,0
1.3518528713204248,-3.24472748344345,0
1.3508030571526675,-3.250314689147027,0
1.350406409462387,-3.2557908407088636,0
1.350302522752152,-3.2605422864585343,0
1.3499004270899668,-3.266022959172627,0
1.3510989484516944,-3.270555553813029,0
1.3519363027715379,-3.274475128772025,0
1.3499226941416183,-3.2809129218643243,0
1.3501022541368801,-3.28494739151375,0
1.350931875851435,-3.2888733835920743,0
1.3533016168743828,-3.2905070091401765,0
1.3534743229695039,-3.294547166690828,0
1.3555987958917708,-3.2982605789355954,0
1.3567702531350019,-3.30281563349366,0
1.3588320608690463,-3.3051865560198923,0
1.3582898725839598,-3.3079945001610955,0
1.3583437507207172,-3.3093442820606924,0
1.3584508040301184,-3.312044429234364,0
1.3573102061094602,-3.3163124801987927,0
1.3561689052246813,-3.3205811145377044,0
1.3550269013757887,-3.3248503322511045,0
1.356427751446729,-3.3273387746529473,0
1.3562307377698684,-3.3307730102450837,0
1.3557335234093912,-3.3349381256960235,0
1.3545871260347653,-3.339210989499948,0
1.353788246482095,-3.3441082001731957,0
1.3513460020339245,-3.348594470257863,0
1.3505451893299298,-3.353493285210945,0
1.3497427363763332,-3.358393461371156,0
1.3482928578188744,-3.3633999274481443,0
1.347187978128618,-3.3690328308196875,0
1.3472799177095105,-3.3717455205447813,0
1.3467260719361462,-3.3745631389795214,0
1.3468163712674297,-3.377277189911748,0
1.3475943251193883,-3.3812460600147,0
1.3483694671148783,-3.3852172636155906,0
1.3484982379526862,-3.3892938820715326,0
1.3499113155364562,-3.3931666713111923,0
1.351320878299644,-3.3970423774232685,0
1.353329670823193,-3.39945729610856,0
1.3556767840548396,-3.40250419414601,0
1.3564343519474118,-3.406489982109015,0
1.3556037804291297,-3.4114134932486166,0
1.3582434788997961,-3.413735831317517,0
1.3602392665871896,-3.416161542430773,0
1.3622327110608587,-3.4185891981256464,0
1.3648644426048602,-3.4209181477720403,0
1.3668859312839938,-3.4247170243788183,0
1.3679272973641172,-3.4279855445543372,0
1.3699102559563734,-3.4304219022519415,0
1.3711055041267777,-3.4334272286124783,0
1.3716940110697102,-3.4364785519972045,0
1.3712767092811013,-3.440470093936609,0
1.3715644510703733,-3.4442541811240055,0
1.3719510216050494,-3.4492983689648877,0
1.3715386125427056,-3.453287792979692,0
1.3708240850194393,-3.458010566606104,0
1.3718246779285082,-3.461583819374578,0
1.373836180496511,-3.4642146455393164,0
1.3758502855784922,-3.4668443451484183,0
1.3778669931744414,-3.469472918201882,0
1.380188421745295,-3.471367015088104,0
1.3832183292124736,-3.473052170168872,0
1.3848375249205382,-3.4751525051270136,0
1.3854501311428624,-3.47819339660653,0
1.387177368495795,-3.4815498442111963,0
1.3892086501699943,-3.484172108553084,0
1.3905348362160286,-3.487001850178098,0
1.3890312706991192,-3.4906655565358946,0
1.3881291313889665,-3.492863780350577,0
1.3877217819982626,-3.492339800635568,0
1.3902534750220816,-3.4922374280875896,0
1.3893518041644501,-3.4944354491222533,0
1.388557550348338,-3.497889853176794,0
1.3879565405438044,-3.4993551554710134,0
1.3889656284429535,-3.4984135174562248,0
1.3889656284429535,-3.4984135174562248,0
1.3862386614466509,-3.5005058704779266,0
1.38443500742971,-3.504902047733932,0
1.3835331804212423,-3.5071001363619327,0
1.3833406651135647,-3.509088922686681,0
1.3836661954057252,-3.5128566522862137,0
1.3841845533072359,-3.51463546037432,0
1.3855232314203434,-3.5174597945322716,0
1.384433053126557,-3.521644866995997,0
1.3856644703489849,-3.523212750540729,0
1.3852868308733246,-3.527187123772208,0
1.3879423888269748,-3.5283340144124793,0
1.3891772413678467,-3.5299004109037675,0
1.3904130308137503,-3.5314664018350292,0
1.3930726486892002,-3.5326115350485026,0
1.3944247557744127,-3.535430056179358,0
1.3960774718624425,-3.537515881100882,0
1.3960091858365598,-3.54075377289608,0
1.3955278769394965,-3.5434701408675657,0
1.3950469844446758,-3.5461863285901476,0
1.3949810927316406,-3.5494231839541612,0
1.3934900192817992,-3.553081482844899,0
1.391998945831956,-3.556739781735633,0
1.3911043017620504,-3.5589347610700752,0
1.388899440287373,-3.562804299939767,0
1.388302906806878,-3.5642676645582867,0
1.3885380404989078,-3.5667716434640635,0
1.3896067151735156,-3.5703154255370446,0
1.3901419894158504,-3.572086911013505,0
1.3918096959843709,-3.574166246974549,0
1.3931816342260515,-3.5769761837514444,0
1.3959862494447943,-3.5793614325213774,0
1.3979566990775965,-3.580707148497467,0
1.3979035596830283,-3.583938483738855,0
1.3984448717577802,-3.5857073556062335,0
1.3992834095671896,-3.586744995786608,0
1.401381575850504,-3.5893383076485996,0
1.4010366239503433,-3.593298531341267,0
1.4024226678177598,-3.596102362186599,0
1.4026725837891547,-3.598599942256353,0
1.402627512187907,-3.6018277851752654,0
1.4041449682756735,-3.6058776121974923,0
1.4054116755875814,-3.607430219647771,0
1.4065116845304253,-3.610960437990869,0
1.4074858506328258,-3.613242249328005,0
1.4087561494140068,-3.6147933021315026,0
1.4104513385300859,-3.6168607416650076,0
1.4131614972268949,-3.617983997167986,0
1.4132916081902582,-3.6192305566227017,0
1.4146965983593969,-3.6220261861429925,0
1.4158097239726697,-3.6255507266456686,0
1.4178065630971588,-3.62688501934759,0
1.4215377292071096,-3.6270614772109564,0
1.4252701445237719,-3.6272373943276204,0
1.4297237910552258,-3.6271988495162084,0
1.4320186366685643,-3.6278015725644277,0
1.4344712800531756,-3.6264305375401165,0
1.4373514162866474,-3.625574762690176,0
1.440367753366175,-3.6259629111547547,0
1.4436767878060515,-3.6256217881391404,0
1.4452543580258315,-3.626437260750869,0
1.4488558295746596,-3.6253669789106233,0
1.4528866677824066,-3.6248111461246886,0
1.4572087459426761,-3.6235266727297173,0
1.4619609194657759,-3.6227563329534807,0
1.4677241067483688,-3.6210435215112824,0
1.471326098799988,-3.6199730143599087,0
1.4765109701998966,-3.6197156816467633,0
1.4808339852651926,-3.618430802691762,0
1.4858775028413742,-3.6169317772442593,0
1.4891923188030383,-3.6197964842503882,0
1.4929415984102405,-3.6199651012865157,0
1.4971257099557125,-3.620645801610115,0
1.5013120076129223,-3.621325555626976,0
1.5059352192195732,-3.6225164916868025,0
1.5098401144270746,-3.6239206279323906,0
1.5130260686320867,-3.625538234737096,0
1.5166509667474308,-3.627666144871366,0
1.5192718258407378,-3.630733507502482,0
1.5214587378505264,-3.633288403817211,0
1.5232101412684251,-3.6353315097489354,0
1.5246785807282297,-3.6380996738427633,0
1.5293269846701385,-3.639279704844011,0
1.5318079993978237,-3.641104721338502,0
1.5363058366165383,-3.6410470476123518,0
1.5408051312430864,-3.6409887430150416,0
1.543417241948676,-3.640851559897847,0
1.5496491979517408,-3.639636141457599,0
1.5547163984050787,-3.638126864353792,0
1.559623454883802,-3.6353840282473318,0
1.563966144954735,-3.6340906325317057,0
1.5694752561843384,-3.633090374484034,0
1.5745420922857214,-3.6315812550980144,0
1.5796089283870973,-3.6300721357119947,0
1.5846757644884768,-3.6285630163259768,0
1.5880151442412789,-3.628208757671622,0
1.5917995057368444,-3.6283621887377464,0
1.5971465471314978,-3.6261292053385947,0
1.5991524390638467,-3.6242512466516352,0
1.603495441436456,-3.6229577157493367,0
1.6088406090210512,-3.6207255434702432,0
1.6104556033917667,-3.621524816211899,0
1.6116253037180464,-3.621816534419745,0
1.6125172451141818,-3.6228310576784253,0
1.6124075418011383,-3.6247839970027655,0
1.6122981507897638,-3.626736801140428,0
1.6135296387385285,-3.6302101058926866,0
1.6158734116145617,-3.6307916496949098,0
1.6178341465211616,-3.634047022727721,0
1.621802438969052,-3.6354237160779643,0
1.6257736462325916,-3.6367991476858936,0
1.628745915401474,-3.6391118237416205,0
1.6314454745173297,-3.642145119330239,0
1.6354261028814499,-3.6435164728067573,0
1.639959854792993,-3.6434432526127996,0
1.6450445441402302,-3.641926405055104,0
1.651582001872388,-3.6399761724809228,0
1.6578456564956525,-3.6387470325930007,0
1.6651100189230625,-3.636579882199449,0
1.6721016192471652,-3.635133373869902,0
1.6774594350496734,-3.6328957265304105,0
1.6810017961570818,-3.6337564837729026,0
1.6864546597106518,-3.6346860255967606,0
1.6914554626834466,-3.635110941931474,0
1.696002487416255,-3.635031976303761,0
1.7010919133389244,-3.633513078414804,0
1.7053710166444116,-3.6341526594576106,0
1.7066604886044985,-3.637600864550251,0
1.710675053750828,-3.6389575277412476,0
1.7129673675765336,-3.6414667985526297,0
1.714993269433016,-3.644693962632262,0
1.7172910485380655,-3.647200867676805,0
1.721241246164757,-3.650490845592927,0
1.729066227379839,-3.6468758770486627,0
1.733827268126504,-3.6480071507218916,0
1.7391256091356357,-3.647700700182922,0
1.742896508284879,-3.649765410545891,0
1.7452117242335454,-3.65226476766766,0
1.7487233943521314,-3.6550442620053154,0
1.7522394366941985,-3.657821863729499,0
1.7543643195061573,-3.6591007298940212,0
1.757686541342796,-3.6606593502455134,0
1.7610112615928504,-3.66221688910359,0
1.7636074115387022,-3.6639920667766486,0
1.7676681973331974,-3.6653287223395132,0
1.7719358682532587,-3.667878703965764,0
1.7779935933320345,-3.6673412761930617,0
1.7818008235763383,-3.6693902598393233,0
1.7844099340417738,-3.6711598272653028,0
1.7874911444455766,-3.6734253457020145,0
1.7908375176118803,-3.6749735116171838,0
1.7953904427023275,-3.6767974437123687,0
1.7980094427208666,-3.678562730226922,0
1.801102780839777,-3.680822998914362,0
1.801525711940105,-3.683245685565291,0
1.8028955495316765,-3.6866591026198243,0
1.8042678855366674,-3.6900714381809436,0
1.8078462320632482,-3.6928220701631513,0
1.8104791295063993,-3.694581340870597,0
1.814583949837317,-3.695898935112062,0
1.814540402429465,-3.6978232373920843,0
1.813805325840331,-3.6980436925961566,0
1.8154489665408065,-3.700736016964427,0
1.815665741219476,-3.7019450621163905,0
1.816099915180164,-3.704362882046965,0
1.8182246605173482,-3.7075472595434604,0
1.820133672181452,-3.7095221412657366,0
1.821049419231361,-3.712431811544521,0
1.822225124015839,-3.714626382413037,0
1.8238807362805893,-3.717313524625375,0
1.8260176613831653,-3.720492629841482,0
1.8274201865502455,-3.7238918973571984,0
1.828860065141921,-3.725369543795317,0
1.8288252101307378,-3.7272900833795024,0
1.8295286588260105,-3.7289887708306253,0
1.8307136285602308,-3.7311793311610693,0
1.8299086337476176,-3.7352409556579715,0
1.8313530407136014,-3.736716641889279,0
1.8322846110484683,-3.7396194627097827,0
1.8319962004870955,-3.742252330377365,0
1.8359179747204433,-3.7423462793057958,0
1.835374863502727,-3.7456919707412606,0
1.8373370518763856,-3.745738381927655,0
1.8407222732272288,-3.7491751833713405,0
1.8433991011062485,-3.7509154378196143,0
1.8465629673538295,-3.7531451768492623,0
1.8492444277077205,-3.754883426028501,0
1.8519279700727882,-3.756620773963233,0
1.8563501075462376,-3.7571984395081657,0
1.8587837378806817,-3.759646538348397,0
1.8612199707290955,-3.762093510632992,0
1.8629170670665776,-3.7647626955484554,0
1.8638742461389413,-3.7676544310614783,0
1.8665708531241538,-3.7693861236869033,0
1.8687633679251974,-3.7725411656745838,0
1.8697262725282968,-3.7754304227652025,0
1.8719241485081284,-3.778583144048268,0
1.8746299683928065,-3.780310848666735,0
1.87658141971073,-3.7841728112707447,0
1.8780444273025374,-3.7875458976334286,0
1.8800134008885898,-3.789494823513806,0
1.8814809889049933,-3.7928659271385676,0
1.8812100338632955,-3.797396690622014,0
1.8811918536175973,-3.801215463988754,0
1.8819204092236337,-3.804808735182162,0
1.8821560968298012,-3.807915045278829,0
1.8841356886728544,-3.8098593748121985,0
1.885370782826195,-3.8120282376810533,0
1.8853650239212332,-3.8139361823732045,0
1.8848583999494224,-3.8172660794986193,0
1.8846028331143891,-3.819884730034051,0
1.8840971980978942,-3.823214199068323,0
1.885337028826667,-3.8253810116059146,0
1.8843357150952151,-3.828224736223536,0
1.8838317977379315,-3.8315534617310885,0
1.8845742507685816,-3.835140717117387,0
1.8845720833329018,-3.8370471071627605,0
1.8828234091463614,-3.840116604327065,0
1.8820750076856871,-3.8403428274960056,0
1.8785781611393517,-3.8445761527748576,0
1.8745787839172205,-3.8502321514825777,0
1.870577220583355,-3.855889096497034,0
1.867573970740791,-3.8606090674370446,0
1.86256495174249,-3.8691123957404265,0
1.8553061626357454,-3.87448546628017,0
1.8517937196816234,-3.880630994631483,0
1.8500368736012085,-3.883704029180496,0
1.8460219853957955,-3.889366742159819,0
1.8445122072566935,-3.893635708753166,0
1.8427507994277441,-3.8986161697787356,0
1.840989391598793,-3.903596630804307,0
1.8377221240998693,-3.909033458581378,0
1.9381496975111094,-3.7186002292132567,0
1.9326970500773157,-3.726595281987226,0
1.9267411432638255,-3.7360133236256416,0
1.9222787749022423,-3.741169428377896,0
1.9153304696532523,-3.749616431805263,0
1.9106028531046562,-3.7573953778799236,0
1.9063728745055837,-3.763753768450311,0
1.9021403974930884,-3.7701132405141102,0
1.8976547292823653,-3.7771848829435175,0
1.894403668096409,-3.7845201472831587,0
1.8911594588712806,-3.789946993777278,0
1.8881492716433854,-3.7984808713636724,0
1.8868813230434327,-3.805853489382377,0
1.8831322929302186,-3.81270400067433,0
1.8818720811458522,-3.8181678178185976,0
1.8791187099596875,-3.824082504122856,0
1.876615406954997,-3.829286371928273,0
1.8766053465528998,-3.833101630441421,0
1.8755978054639684,-3.837853502531207,0
1.8728433932722162,-3.8437686394577213,0
1.8733342686632959,-3.848067366745134,0
1.8728276113172626,-3.853302730140296,0
1.8708233182454101,-3.8589909003711487,0
1.8725693605216502,-3.86354434977925,0
1.872568479644789,-3.8692610865551877,0
1.871819405508374,-3.8752039563756178,0
1.8720735375895288,-3.880207734197004,0
1.8720804642545872,-3.8859210913060274,0
1.8718370438107268,-3.8904399358308197,0
1.8715993675736655,-3.896861745671849,0
1.8706115201664204,-3.9035105447396496,0
1.8688661438235457,-3.9084840661824884,0
1.8663727490480078,-3.915589096815115,0
1.8666418195593728,-3.9205864082071358,0
1.8651542335153817,-3.926751220285084,0
1.8636675843764188,-3.9329156268029983,0
1.8634358231951555,-3.937429424358534,0
1.861951412218211,-3.9435928620385994,0
1.8624791392071494,-3.9478756372981714,0
1.8650318792570548,-3.9521776286910413,0
1.8678377584549164,-3.9557674722494145,0
1.8701523498373547,-3.9607751225162993,0
1.8689281047960886,-3.96622337066165,0
1.871482491778881,-3.968619197320269,0
1.8737922238092715,-3.9717234992420067,0
1.8750987496220919,-3.9757668931627865,0
1.876655031314698,-3.9790996037714006,0
1.8789737680434353,-3.982200007810629,0
1.8802679392639625,-3.9843432978664985,0
1.8815850833337961,-3.988382095440274,0
1.882636369311422,-3.9912330947014247,0
1.8852113161546047,-3.993620021570507,0
1.888034405318912,-3.995296963591919,0
1.8903690173828878,-3.9983904956417504,0
1.8927067524636225,-4.001482675824818,0
1.8948028515081727,-4.005282024466467,0
1.8963557833068378,-4.00671073332766,0
1.8974502376421931,-4.011448498034966,0
1.9005626595747422,-4.014303076837148,0
1.900625053161649,-4.0180869720413295,0
1.902979964834616,-4.021171716957188,0
1.9055814573203254,-4.023547152958759,0
1.9061703954379112,-4.027803431629724,0
1.9072478106558215,-4.030643120272268,0
1.9096137049377546,-4.033723111123335,0
1.9112174564852324,-4.037035273357107,0
1.9107695972789376,-4.040339732856214,0
1.9116113622428,-4.0438839988793625,0
1.914511296295645,-4.047433128716969,0
1.9178992910465933,-4.0495658487750585,0
1.9205236856552652,-4.051931371087013,0
1.922668035308872,-4.055709833387127,0
1.9260655032106815,-4.057838452782692,0
1.928216983752577,-4.0616138283203576,0
1.9306125987440783,-4.0646809539060325,0
1.9317624345767879,-4.069394745509356,0
1.9323868709849634,-4.07363565796142,0
1.9335427446500866,-4.078346835955664,0
1.9336423021365334,-4.082114643945333,0
1.9358130933321078,-4.085881660440162,0
1.9382793071786217,-4.0908236775755675,0
1.9381995514894417,-4.097177128020473,0
1.9391332038726148,-4.102587070368228,0
1.9416142520487725,-4.107522666136498,0
1.9410688172816677,-4.115282837982438,0
1.9394576972855777,-4.122103695424096,0
1.9380859231133911,-4.128218375776141,0
1.934452203045245,-4.13692442439196,0
1.9305194688568825,-4.1444570270139796,0
1.926048166523291,-4.151522450856264,0
1.9218128267454304,-4.157883162131268,0
1.9183508725623852,-4.164006835303203,0
1.9113036717824166,-4.172496647844822,0
1.9065810000103731,-4.1802734534637676,0
1.902334209171027,-4.1866391215835765,0
1.899939189423673,-4.193701568413086,0
1.894430639989741,-4.2017208196021585,0
1.8883202105946921,-4.2073948461059825,0
1.882744757875594,-4.213537606036324,0
1.8780031918521072,-4.221322590449203,0
1.9491293622207184,-4.190601350365528,0
1.9463915874423439,-4.19460383359732,0
1.9428734002814174,-4.198846396632405,0
1.9393536516121141,-4.2030896356008665,0
1.934509144834017,-4.207108276546403,0
1.9317660088768527,-4.2111130804828125,0
1.929258627274308,-4.214413261976388,0
1.9251893799010844,-4.218194053698799,0
1.9226799162873558,-4.221495136436886,0
1.9201696198691582,-4.224796579672775,0
1.919695196344282,-4.22620708630075,0
1.9187463492945263,-4.229028099556707,0
1.9189835610569634,-4.228322846242719,0
1.9166399816467532,-4.229044099552665,0
1.915146528619351,-4.231400547637966,0
1.91749057648207,-4.230679091548005,0
1.9170160488566328,-4.23208964323821,0
1.9181046362085823,-4.23301904395287,0
1.9216097440883182,-4.235101069007239,0
1.921444380387591,-4.2376806731242525,0
1.9233171797924822,-4.238368349264393,0
1.924244671566619,-4.241875506544821,0
1.9258830178738844,-4.243267241849972,0
1.9272119920553106,-4.2434900148527674,0
1.927360580905015,-4.2472365985342115,0
1.9312753951361987,-4.246030679395135,0
1.933388581370572,-4.246011727823404,0
1.9319743675445675,-4.250239327293718,0
1.9344011940276893,-4.2513874904731015,0
1.9385538446246695,-4.249476047646683,0
1.9396504477196501,-4.250401978569975,0
1.9392585946140564,-4.25368219459175,0
1.9413750600160427,-4.253661823559916,0
1.943257072320396,-4.2543455116930975,0
1.9445903146247456,-4.2545664371446446,0
1.9456892079320216,-4.255491376698977,0
1.9507095779062595,-4.255207513131801,0
1.9516579938927414,-4.2587056129048975,0
1.9503230859794467,-4.2584854084489585,0
1.9504052920467778,-4.26035527556054,0
1.9504052920467778,-4.26035527556054,0
1.9481334565977253,-4.262950924735735,0
1.947899263751495,-4.263654871245183,0
1.949386522795649,-4.2613011043623,0
1.9516579938927414,-4.2587056129048975,0
1.9528281773696996,-4.255186218324344,0
1.954080410763149,-4.253536758448714,0
1.9558003011451497,-4.250479720989764,0
1.9572858945803553,-4.248126675102489,0
1.9602561445457383,-4.243420988887969,0
1.9590753574728126,-4.240626047035377,0
1.9596960422458487,-4.236644205208769,0
1.9577353632931676,-4.234089117848338,0
1.958123937231159,-4.23081032128667,0
1.9600772917554767,-4.227049652753848,0
1.9627325481648477,-4.2211774375971505,0
1.9644506167870652,-4.218121188727151,0
1.9664023057024345,-4.214361241189938,0
1.9665574154981087,-4.21178607570214,0
1.9669470824919628,-4.208506805987103,0
1.9662448309159917,-4.204299577548623,0
1.9676506125967244,-4.200075628118578,0
1.9690563942774606,-4.195851678688534,0
1.9723323207988344,-4.192316554485378,0
1.9760749674037221,-4.187374258258931,0
1.9759978102135047,-4.18550220562941,0
1.979815740198557,-4.182432773152547,0
1.9811399257542757,-4.182657619017716,0
1.9816852604358406,-4.1831218687527905,0
1.9851137316281502,-4.183331615866512,0
1.9860516855084622,-4.1868342443932764,0
1.9873774846228471,-4.187058391793947,0
1.9868391100176908,-4.192910055669909,0
1.9875488568339055,-4.197114039628156,0
1.989041514446079,-4.201076862289693,0
1.9897559978377295,-4.205278795916676,0
1.9910218016930799,-4.209942388200766,0
1.9904948781494056,-4.215789095231921,0
1.993331500423496,-4.21996820193578,0
1.9959415291921623,-4.224847965606621,0
1.998325901360424,-4.230427980684421,0
1.9999326198109557,-4.236246881416532,0
1.9997448411529675,-4.243249662953545,0
2.002607280365673,-4.247417594225475,0
2.005799651564594,-4.252745588010217,0
2.0071975256549948,-4.259257462599866,0
2.00860112527614,-4.265766858767105,0
2.0107975772966107,-4.272030790195105,0
2.014475562830498,-4.275943433162627,0
2.0171427428060085,-4.280798457671658,0
2.017781649229004,-4.2875411292461365,0
2.0212488124921357,-4.292147602253474,0
2.0238115796441747,-4.299555846946474,0
2.025712921315396,-4.304644642547217,0
2.0297638844166137,-4.309698714797303,0
2.0307690539208885,-4.3175857221678875,0
2.0335915706063723,-4.324278957575068,0
2.0348375433423733,-4.331459156984886,0
2.0375606253180294,-4.336289983078805,0
2.03972135217073,-4.340663927111526,0
2.0751895165997993,-4.346060018346238,0
2.0773828269274546,-4.35041985790237,0
2.07824603668071,-4.358970886650589,0
2.0803193003878597,-4.361477239214114,0
2.081154071975341,-4.3656271034395004,0
2.0854007440902116,-4.36808843593383,0
2.0880572350823776,-4.37104263558234,0
2.0917355142418863,-4.373049699624547,0
2.097233170543497,-4.373862112989954,0
2.101715909314656,-4.375618687854777,0
2.1027890898210053,-4.37906278055058,0
2.104084127257355,-4.381808266610658,0
2.1037830498391443,-4.3850491883717755,0
2.1032626139043487,-4.3889876352752,0
2.1017234607686994,-4.393871888449269,0
2.1004041866524297,-4.3980583911699025,0
2.100104878943718,-4.401298546873182,0
2.097985517439266,-4.405733646157731,0
2.0982676673060645,-4.4094224150038315,0
2.0973885676307873,-4.412213236568684,0
2.0952686856235445,-4.416648561164358,0
2.0935879370517014,-4.41968865522651,0
2.091906772077621,-4.4227289295375645,0
2.0918289048966727,-4.425270658854021,0
2.08854319292276,-4.428810018906377,0
2.0872229819014585,-4.432996927187039,0
2.0848799937575073,-4.438131399165146,0
2.0827564161804197,-4.442568323469828,0
2.0806322139999835,-4.447005518147863,0
2.0795312573947093,-4.450494946348442,0
2.0766022312506607,-4.45518278792165,0
2.0754239800175043,-4.461213697596447,0
2.072857209083221,-4.467047609861449,0
2.0698489104006725,-4.474277789091163,0
2.0695527777590073,-4.477516570396565,0
2.0723707202299835,-4.480459028641329,0
2.0742894991500975,-4.483702330969896,0
2.074877694470466,-4.48415923105866,0
2.0756227804087466,-4.486488326757897,0
2.077547199888361,-4.489730779232694,0
2.082684067153732,-4.491970684421103,0
2.0866416008777726,-4.493297232833946,0
2.091185122746719,-4.495081013887033,0
2.09647667345455,-4.499193447237387,0
2.1029902561045546,-4.5016418142277175,0
2.105340584968843,-4.5034697840844125,0
2.110462247247753,-4.505711980182982,0
2.1094536604813463,-4.506668731333631,0
2.113986269093882,-4.508454156669011,0
2.1157482800169483,-4.509825244912026,0
2.1210740682863722,-4.511361529907447,0
2.12698277917924,-4.513355509420162,0
2.1315058233648045,-4.515142375811934,0
2.13464577588109,-4.51672174110605,0
2.1383708581962715,-4.518758468365979,0
2.1430955759551757,-4.519839793156246,0
2.1480250328088957,-4.52021511446795,0
2.1539135112601,-4.522212142369188,0
2.1600047668723796,-4.523503462393176,0
2.1660911176503106,-4.524795521420446,0
2.169801117599885,-4.526834521115456,0
2.171965617323636,-4.526794655481025,0
2.1752962075359896,-4.52767014193101,0
2.1750551463249934,-4.530952607840893,0
2.17780097460102,-4.531370676899815,0
2.1805458219101865,-4.531788893759396,0
2.1832896882524793,-4.53220725841963,0
2.1886038538823804,-4.531174304740778,0
2.1899745608449415,-4.531383671821716,0
2.193128150618577,-4.530389992574673,0
2.1938791223580694,-4.532718201469972,0
2.195454936278015,-4.532221509647107,0
2.1992277707912855,-4.529109062486025,0
2.1986469327224327,-4.528651053892343,0
2.1978585352790247,-4.528899473704104,0
2.1994353301658407,-4.528402634080583,0
2.200639827325233,-4.526741209657274,0
2.199107570152133,-4.524660349018982,0
2.1999451649018837,-4.521833526892291,0
2.2009449229664675,-4.520878105947544,0
2.2044724045386843,-4.521048771324216,0
2.207368011422833,-4.523340107548364,0
2.212049689260372,-4.5244279170923996,0
2.2149434568316444,-4.526719530442779,0
2.2201987381073742,-4.528266438610334,0
2.223877224496295,-4.530310186401412,0
2.228340429702861,-4.532106068633185,0
2.231437955402072,-4.533691826305663,0
2.2346986253829826,-4.537148837359428,0
2.2381667321175946,-4.539899438482836,0
2.2416348388522067,-4.54265003960624,0
2.2435381675441484,-4.545895669795138,0
2.2448659308641545,-4.548682496961826,0
2.2494939970444463,-4.552349373923743,0
2.254901877208038,-4.55576912432964,0
2.257014604587418,-4.558308048986863,0
2.257771216886404,-4.560635408028393,0
2.2604657633014966,-4.563632193478643,0
2.261226299467964,-4.565958961317552,0
2.2633450352694062,-4.568496980695755,0
2.2637159578253403,-4.572232762528504,0
2.2650717050431517,-4.57244438356944,0
2.26777409919319,-4.575439986614443,0
2.2704779647935425,-4.578435367958463,0
2.2710554657571613,-4.581464869186419,0
2.2718294902180745,-4.583789604766313,0
2.270676099614665,-4.588014318887497,0
2.2687595714647166,-4.592483646953559,0
2.2676245739900978,-4.59670558981245,0
2.2680393948134068,-4.6004347575658535,0
2.2678763204684707,-4.603705473323604,0
2.2683024224107697,-4.607432941369462,0
2.2685508844680093,-4.611862329900768,0
2.2653339111074757,-4.616111704663927,0
2.2649707836024007,-4.617516728040059,0
2.2624876677452477,-4.618954910595866,0
2.2600055328549686,-4.6203929453510195,0
2.2569367967154754,-4.621373839841343,0
2.253689071861487,-4.623056858043013,0
2.252565013985329,-4.624706162812545,0
2.2547416268320326,-4.627235461952061,0
2.2516768145600174,-4.628215765239762,0
2.252855167134488,-4.629129269815978,0
2.2513232514819173,-4.629619347559501,0
2.2493782053560096,-4.628950992705537,0
2.247669508164389,-4.630142861608929,0
2.2469034277172426,-4.630387918955774,0
2.2453712668229535,-4.630878033649459,0
2.243839105928668,-4.631368148343146,0
2.2411909801348884,-4.633506348450954,0
2.2406679927692466,-4.635610613425644,0
2.23743277524283,-4.637291747168955,0
2.231482384655031,-4.638550193082846,0
2.2307943873527627,-4.641354475609537,0
2.229858146892937,-4.642300326461825,0
2.2310455734109382,-4.643212463881975,0
2.2304518601519376,-4.642756395171901,0
2.231216591769634,-4.642511541050959,0
2.231216591769634,-4.642511541050959,0
2.2335107866227375,-4.641776978688133,0
2.2313878553700484,-4.641810581269777,0
2.2284994567745144,-4.642089148822855,0
2.2327460550050375,-4.642021832809075,0
2.2323243410715996,-4.640864693467325,0
2.230029410493348,-4.6415993666806425,0
2.225610322453832,-4.642367827226423,0
2.2250161187113946,-4.641911832416673,0
2.2222168540830616,-4.6389308246864225,0
2.223576770410066,-4.6391418175745756,0
2.221028691839905,-4.638018798116764,0
2.2227335877849086,-4.636827501940916,0
2.220358734748899,-4.635003227100611,0
2.2211255509211973,-4.634758058903277,0
2.22129889907621,-4.634056785045701,0
2.2236727711453455,-4.63588120768666,0
2.2230793031280633,-4.635425102026421,0
2.224687094750056,-4.637494582014224,0
2.224687094750056,-4.637494582014224,0
2.224266239162631,-4.6363373133469,0
2.2227335877849086,-4.636827501940916,0
2.222312732197487,-4.6356702332735935,0
2.2209524480079033,-4.635459295810689,0
2.2234259994380885,-4.634022554311272,0
2.221401766579575,-4.630795140553197,0
2.2215764635640305,-4.6300936634697205,0
2.2200411145274224,-4.63058425851554,0
2.2206342146821285,-4.631040419601025,0
2.2230066153009673,-4.632865063942967,0
2.2220658378693656,-4.633811598373285,0
2.223355028303004,-4.631462257576668,0
2.2239478832159953,-4.631918455612318,0
2.2253077995430033,-4.63212944850047,0
2.222587721647276,-4.631707499674333,0
2.2230066153009673,-4.632865063942967,0
2.225032564851496,-4.6360922190498925,0
2.2295307170027634,-4.637882835883309,0
2.230123817157473,-4.638338996968793,0
2.2313100174668925,-4.639251319139765,0
2.231731118296036,-4.640408550856922,0
2.2313878553700484,-4.641810581269777,0
2.2295163554172532,-4.643702135173692,0
2.229939908663571,-4.644858997389212,0
2.228835715366504,-4.646505309195467,0
2.228158999183229,-4.649307892014619,0
2.228844651744126,-4.6523210982202805,0
2.2304633566225363,-4.654388933925787,0
2.2313210085090063,-4.656701069499777,0
2.2327765427636663,-4.659468645631055,0
2.2339057357708327,-4.663635702613874,0
2.234607942147644,-4.666646414683472,0
2.235910973793249,-4.670112123908391,0
2.23542587627292,-4.6722106800827525,0
2.2344623027586117,-4.676406794777051,0
2.235340064465891,-4.678715900437599,0
2.2368185288211038,-4.681480021728548,0
2.2366296192140496,-4.685429785820267,0
2.2356925318051992,-4.689621909896861,0
2.237938057574432,-4.692140826040312,0
2.2364132653286504,-4.695875976127814,0
2.240324693609857,-4.69720947117148,0
2.2527918400449316,-4.70421604960158,0
2.2509865553557766,-4.706097626961238,0
2.251887860267903,-4.708403185406043,0
2.2508443756928322,-4.713286495945459,0
2.2541614890077355,-4.717410158553195,0
2.2553835060048613,-4.721563229898965,0
2.2575043640999404,-4.724776085292447,0
2.2596281650956236,-4.727988497283965,0
2.261327933758558,-4.733290264859024,0
2.2616896126073165,-4.7383777509813445,0
2.262945595582263,-4.74252570472941,0
2.264951473051024,-4.74643103984145,0
2.2670990624932763,-4.749639867667067,0
2.2682373671830227,-4.754480707585493,0
2.2708661416751212,-4.758837714338103,0
2.2745056723700507,-4.761562487296917,0
2.2774063444484405,-4.764528216134378,0
2.279094820595386,-4.766585539518246,0
2.2870302053669462,-4.768560419388658,0
2.2918799700595756,-4.7721938934023775,0
2.298806805803771,-4.775800674515111,0
2.3033063067844814,-4.777591088122623,0
2.307932192131368,-4.778687303828953,0
2.31389383749611,-4.779998152014583,0
2.3182560408542336,-4.782484407805573,0
2.3227445059576723,-4.78427648417046,0
2.323826025792897,-4.785879734153106,0
2.324176657367385,-4.787722739134066,0
2.3172380991567962,-4.788039025619609,0
2.310525136983969,-4.7908923117613895,0
2.30089801443831,-4.790781901324731,0
2.289300880247623,-4.793928198941233,0
2.277821179100428,-4.796381647337537,0
2.2659615399935475,-4.7969965062974715,0
2.2643746053145115,-4.798170029444467,0
2.260093833603481,-4.798917650097787,0
2.2556930538109263,-4.800358507948026,0
2.2509133170255495,-4.7999606285612355,0
2.2483584208233367,-4.80275993769842,0
2.2455416328092213,-4.803027715803626,0
2.244341748099675,-4.806038756832244,0
2.2456917321371357,-4.806251246202033,0
2.2414093663549437,-4.806999107031416,0
2.2425749306143317,-4.812510995573318,0
2.2448801369959064,-4.819617376909008,0
2.2439275030800623,-4.821240853513952,0
2.2457858939979864,-4.8225974203425395,0
2.2439275030800623,-4.821240853513952,0
2.2452771192549505,-4.821453398308989,0
2.2452771192549505,-4.821453398308989,0
2.244657778236501,-4.821001190891044,0
2.245896460273393,-4.821905605726933,0
2.247245708585705,-4.822118205947213,0
2.246737424326099,-4.820974110013335,0
2.247467576861677,-4.82073446586551,0
2.246737424326099,-4.820974110013335,0
2.2462296305499336,-4.81982994017913,0
2.2448801369959064,-4.819617376909008,0
2.2494354304672797,-4.821399384354226,0
2.247578878862239,-4.82004254039941,0
2.2448801369959064,-4.819617376909008,0
2.2441496165977526,-4.81985707648208,0
2.246737424326099,-4.820974110013335,0
2.2523550596427206,-4.820440955563576,0
2.254994403877461,-4.816953767003243,0
2.2638070484758686,-4.817991682535794,0
2.2651532312667086,-4.818204744633128,0
2.274067245576134,-4.818552231181222,0
2.2868853309152506,-4.820234321277901,0
2.2876131536545152,-4.819995028156631,0
2.289068799133041,-4.819516441914093,0
2.295888575470695,-4.8198932078746495,0
2.299755198002483,-4.817312152332827,0
2.3072942136193006,-4.817450918427852,0
2.3221194761205837,-4.819116846420268,0
2.330829805786898,-4.816248876180776,0
2.340754293318387,-4.81428901579357,0
2.344026025518616,-4.815173370282897,0
2.3476522640247843,-4.8139788445601575,0
2.3495897076574543,-4.8146483448692035,0
2.349470925784516,-4.815341397315301,0
2.3495897076574543,-4.8146483448692035,0
2.3482584846113603,-4.814433028811871,0
2.3546647248740626,-4.8129762675085175,0
2.3551625128758573,-4.818043246289852,0
2.3552987560467464,-4.82126886437252,0
2.3576375228045414,-4.82769503344408,0
2.3608718690331436,-4.837102779380974,0
2.3659058216523725,-4.843954647720313,0
2.3677979824424327,-4.84922742789176,0
2.3755079920691564,-4.856507877611664,0
2.384756991619202,-4.862622027941619,0
2.3863723877276826,-4.869961975123168,0
2.396340871798607,-4.875838088637428,0
2.401024683326778,-4.8808468780954755,0
2.407448717004222,-4.887905194452802,0
2.4168980035591368,-4.892638856315475,0
2.4227207214843425,-4.8992422494178065,0
2.426108011669406,-4.904030494370325,0
2.428981377035363,-4.907675493242737,0
2.7091504945624756,-5.014919259739289,0
2.7163531254183795,-5.019705165541312,0
2.7217704473880957,-5.023123493365896,0
2.728509267617028,-5.026083446687615,0
2.734581452915137,-5.0292734740646985,0
2.7426290188340054,-5.031776974292077,0
2.749810191039657,-5.0365661132334445,0
2.75718278380932,-5.039300943821761,0
2.7675709915446447,-5.043633873437313,0
2.7750528866420936,-5.045001924069174,0
2.7812169621060683,-5.04682779495144,0
2.789798647546661,-5.049796342778727,0
2.79653816576171,-5.052081035158286,0
2.8027448755454394,-5.053225326620353,0
2.8097237213411645,-5.052773336798138,0
2.8182664133487236,-5.055747759701497,0
2.824975276349125,-5.058037070851542,0
2.833435972741327,-5.061699003676406,0
2.841178571181132,-5.066273920182734,0
2.849742684099912,-5.0685699598550755,0
2.8577105087216523,-5.070410318794062,0
2.86309076145303,-5.073159076001728,0
2.872208490610049,-5.075917225735946,0
2.8782796194632105,-5.077757100730343,0
2.8848684743820883,-5.080739649077309,0
2.8915097732893997,-5.083039139997522,0
2.899307598258357,-5.086255424058541,0
2.9039611695772365,-5.08991845820341,0
2.905706258821816,-5.091292096007736,0
2.907921534978012,-5.094490725588102,0
2.9150680526234645,-5.097934774319244,0
2.9209374607604985,-5.101830509573574,0
2.9268575961939547,-5.105043446052301,0
2.9339879278860757,-5.108489933494262,0
2.9403771466434208,-5.113528028024769,0
2.945124324820185,-5.115826647023669,0
2.949089717676163,-5.120398156930005,0
2.953784697106208,-5.123379796405496,0
2.956784333621222,-5.124305147101712,0
2.9626836235087133,-5.12752122434437,0
2.9642375751700456,-5.131624283643253,0
2.968393737746702,-5.133466427480277,0
2.970670409214012,-5.135980650952909,0
2.9722791346600985,-5.1394003017984815,0
2.9726438582295813,-5.143266650895113,0
2.973598125948879,-5.147589696854606,0
2.9788779899361053,-5.151028735246076,0
2.9810489528195703,-5.155584352989461,0
2.9838108086822928,-5.160596464369807,0
2.9860338476916226,-5.164469080111685,0
2.9876089278796627,-5.169244111788139,0
2.9910462096359893,-5.173349668815542,0
2.992669687324142,-5.177442252742951,0
2.9961782589420913,-5.180186757089309,0
2.9996868305600373,-5.182931261435666,0
3.001352206842789,-5.186342376793364,0
3.005505426518834,-5.188184964032358,0
3.0121088827236235,-5.1891398450944735,0
3.015058159804795,-5.190747939141048,0
3.016782073379879,-5.192799923226225,0
3.0166990496548713,-5.194837899606814,0
3.0178680830440854,-5.195752808289262,0
3.019037116433303,-5.196667716971708,0
3.023818552972397,-5.197610862764316,0
3.0280395913869853,-5.197417764532881,0
3.0286230044938627,-5.1978753851498425,0
3.0351992388680458,-5.198834367680153,0
3.037556764623954,-5.1999860974153425,0
3.042905060454018,-5.201389357960975,0
3.0506010723713004,-5.203945826248356,0
3.0535342861199943,-5.20555634053067,0
3.060029788826448,-5.2078777983233415,0
3.0641713217818882,-5.209046990603447,0
3.0694954613028074,-5.210453890740231,0
3.0719172497923566,-5.209570470782369,0
3.0789710283296756,-5.212353336583806,0
3.0813121228905302,-5.213507541979979,0
3.086016959132042,-5.215137384790486,0
3.0883804555709844,-5.21561305915499,0
3.089488008767262,-5.217887542511926,0
3.0936088187975983,-5.219059857080886,0
3.096523148934068,-5.220673216525821,0
3.099968363307166,-5.224102422581229,0
3.101102242249002,-5.225697783703872,0
3.1045718204339217,-5.228448163126293,0
3.108083504716113,-5.229841886937175,0
3.1133473525136424,-5.231933026905956,0
3.1150803022932223,-5.233308493743397,0
3.1203589494756017,-5.23472224813559,0
3.1255728434409065,-5.238171226121159,0
3.13082271246056,-5.240264472249287,0
3.133706057258845,-5.242557655981631,0
3.138949672614711,-5.244651844338941,0
3.1406608336205046,-5.246705749832641,0
3.14822040626121,-5.249957930977924,0
3.151692399124258,-5.252032790807036,0
3.1557548793649453,-5.253889049606684,0
3.1621316001984567,-5.256903559845451,0
3.166187826775353,-5.25876076087428,0
3.1673083777826463,-5.261033285872527,0
3.1719235310337446,-5.2640269526263825,0
3.175400390992099,-5.265425923360542,0
3.1788493688727684,-5.268179406596735,0
3.1846332347932886,-5.270737718799857,0
3.186896983927671,-5.274604200814521,0
3.189760869748479,-5.27757547217657,0
3.1943514516850797,-5.281923152605243,0
3.198385153763038,-5.284458903140825,0
3.203559724171768,-5.288588961719373,0
3.209902846890028,-5.291608534130605,0
3.2162400838070724,-5.2946289933457695,0
3.2231452836028147,-5.2981094010382215,0
3.230053350821084,-5.300239065145364,0
3.2369577016745588,-5.301694133413296,0
3.24327172551029,-5.304042934327278,0
3.248445333759637,-5.304122203206292,0
3.254170464288894,-5.306689364973675,0
3.2575997850931486,-5.308770654131312,0
3.263891001449185,-5.311122891410543,0
3.2667456152275207,-5.3127452482203985,0
3.273030172318151,-5.3144233330623845,0
3.278166334062849,-5.315858555499823,0
3.2838610923582117,-5.319105449179206,0
3.2889817944709847,-5.32256846822707,0
3.2952381393604,-5.326276271088005,0
3.2992181429060317,-5.326794644959392,0
3.3026259201782118,-5.329554335823126,0
3.30489842253634,-5.332069187448543,0
3.3100094376012805,-5.335533666027885,0
3.3145506504746507,-5.338538473256163,0
3.3185169582231673,-5.339734066428402,0
3.3207868478042144,-5.3415741559388685,0
3.323617512776085,-5.3425249652980344,0
3.326450054799878,-5.344150647622646,0
3.3298526819960017,-5.346911114439823,0
3.3321259200792746,-5.349425855214749,0
3.334962055847001,-5.3517261518536525,0
3.33667607487158,-5.354454782512141,0
3.3400809092431594,-5.357214916777844,0
3.3435020050461475,-5.3613229125160675,0
3.3474760285050102,-5.3645428105082384,0
3.3520177696008524,-5.368222693927864,0
3.357672553496311,-5.371475610483969,0
3.3644344943901814,-5.37430244698049,0
3.370646205287059,-5.378016974771256,0
3.374073186891266,-5.38212408370555,0
3.3780420602740655,-5.385344757651163,0
3.380324985405167,-5.387858038894613,0
3.3803714493068355,-5.389876505588646,0
3.3826914814153035,-5.393734507540685,0
3.386116463346731,-5.397166761984616,0
3.3873275840257406,-5.4007759525557155,0
3.3913475431637963,-5.405339241050575,0
3.392023110609813,-5.409158755814417,0
3.394985734557089,-5.414815773577253,0
3.3922552414229443,-5.415875338826213,0
3.3923549605162755,-5.418560937426344,0
3.390172527942699,-5.419408294024199,0
3.3925389107357233,-5.423259312395256,0
3.3914221515713088,-5.423011683419562,0
3.3947446790114704,-5.4230835956234955,0
3.3996983903223246,-5.4225208402328064,0
3.399751438011318,-5.4238631591807405,0
3.399207301318228,-5.4240747766292206,0
3.399805466667175,-5.425205330328017,0
3.398229537660935,-5.427181984319098,0
3.398858273342711,-5.4289830878141565,0
3.3983439712572974,-5.429865365909389,0
3.40521102656227,-5.43537698810243,0
3.4103297667413095,-5.438840302751608,0
3.420561361298166,-5.445767818853895,0
3.428065858365887,-5.4530792328111755,0
3.4305360538833547,-5.458264921446226,0
3.430997070696698,-5.466297330138415,0
3.4335826052993212,-5.4728159523797615,0
3.433796154288469,-5.476159556195498,0
3.432602208188296,-5.4828047478981095,0
3.4391419110744366,-5.49052079234481,0
3.4467514942179633,-5.497816373156846,0
3.449743311333325,-5.5014435251000755,0
3.4549465750229693,-5.505569260509448,0
3.458993557892697,-5.508778165827847,0
3.4635644450138408,-5.511778502086292,0
3.4675557202747243,-5.5143206450002324,0
3.4709126570333737,-5.515737684364558,0
3.4736902271734813,-5.516696493434219,0
3.478087124700025,-5.517697577083876,0
3.481958769145706,-5.518907433019395,0
3.4874450813852,-5.520160265588027,0
3.4913649535673414,-5.522038010908002,0
3.494187318059872,-5.523665226664416,0
3.4953947695168637,-5.5252495027378785,0
3.5005185371511054,-5.528712059908694,0
3.5033963640107544,-5.531006075019729,0
3.504030089408694,-5.5321312709447525,0
3.5047230784203762,-5.53392269349686,0
3.5099064775309294,-5.538051421869511,0
3.5117555021208133,-5.540759711462753,0
3.508540881036211,-5.54067154118669,0
3.5093644141195135,-5.543793606434923,0
3.5094893176316404,-5.545125098984824,0
3.514558849107342,-5.547920672050196,0
3.5164181738493525,-5.550627409736553,0
3.516547001228947,-5.55195831108383,0
3.5210374113278213,-5.554295616904373,0
3.523478800347263,-5.557460178433592,0
3.527455483725973,-5.560004519882289,0
3.531056096465946,-5.564085468100512,0
3.5319773961125804,-5.567867958800091,0
3.5354477100226482,-5.570618227372025,0
3.5378319199829455,-5.573116248197767,0
3.538624269629132,-5.575567856025151,0
3.5399988061736067,-5.578477269220318,0
3.5409448752336807,-5.582256027953337,0
3.542908588065387,-5.5856221934366115,0
3.545457308075143,-5.589445739360782,0
3.548088834903478,-5.593931964696294,0
3.5484807972418757,-5.597248687267763,0
3.548878890623204,-5.600564486085135,0
3.551208128699816,-5.602395633655931,0
3.5526985796946953,-5.605962737990307,0
3.5531946848810847,-5.609938925308857,0
3.555197759008397,-5.61329916029082,0
3.5572052474866247,-5.61665873016983,0
3.55980178963123,-5.620475070812034,0
3.5617306404000573,-5.623171333126914,0
3.5635734962079724,-5.625205396382583,0
3.5654173329827614,-5.627239311837595,0
3.566676898304653,-5.628815736001222,0
3.569017907983689,-5.6306451099641475,0
3.5693795452309764,-5.633291245789193,0
3.5675834438400464,-5.635430706062193,0
3.562174995845755,-5.634166141816511,0
3.560413720647844,-5.632794942723006,0
3.556485878109889,-5.630918398283356,0
3.5537307475869078,-5.629956208273699,0
3.551744508387081,-5.630774004740406,0
3.5502548289872067,-5.631387352090439,0
3.547992579638425,-5.630221267216561,0
3.5448267616555427,-5.630125743857871,0
3.5405718968222857,-5.629778416154965,0
3.5393578597087867,-5.632375700270828,0
3.5365915706876763,-5.631415191493627,0
3.5323300843280556,-5.631068861445147,0
3.527473045396551,-5.63026673981282,0
3.5249810498323733,-5.631290371027351,0
3.523485852493863,-5.631904549756072,0
3.521990655155353,-5.632518728484792,0
3.5208042096042185,-5.631606443263983,0
3.517527504626127,-5.630852471287723,0
3.5154365094740214,-5.63101089538276,0
3.5095632982211917,-5.6306211452992,0
3.50637418227517,-5.630529132206085,0
3.505278881761008,-5.630278270091047,0
3.5030875450075385,-5.629776656711462,0
3.4998942599523275,-5.629685271771136,0
3.497988620395631,-5.631166080200661,0
3.496487537255909,-5.631781145733315,0
3.4911909949627358,-5.631850032396223,0
3.4874901142302974,-5.631964759329948,0
3.486195601963704,-5.630393600564682,0
3.4845941772226112,-5.630348628622716,0
3.4847892198658528,-5.631669553425729,0
3.482184865856162,-5.632034957723674,0
3.4817819035103454,-5.632900460444484,0
3.4798847266620747,-5.630874581650126,0
3.4788813069100364,-5.631285031790362,0
3.4776816183061783,-5.630374741878411,0
3.475477528983408,-5.6298750499073495,0
3.4786754717620667,-5.633471145237792,0
3.479375044561067,-5.634586420043801,0
3.4763684639307186,-5.635817216212059,0
3.4759677087603578,-5.636682386381393,0
3.472659367600752,-5.635933180976279,0
3.475769598726476,-5.638867335898656,0
3.4733686255784093,-5.640552408694042,0
3.4724702070203612,-5.641622194255788,0
3.4725730010389064,-5.642281862228769,0
3.4708662072412473,-5.64157761029054,0
3.4732793179851313,-5.643396120905269,0
3.4733827251079674,-5.644055696502843,0
3.4706755770797386,-5.643761432827805,0
3.46959327250741,-5.647014024797306,0
3.468988645991992,-5.646559600369525,0
3.467095145900295,-5.64803857976594,0
3.467700385520004,-5.648492911818309,0
3.465596269936025,-5.648653312747118,0
3.4624919227423376,-5.649223683464033,0
3.4619921748000557,-5.649428612932843,0
3.462205855813803,-5.650746729523398,0
3.4620290818093196,-5.6529284643764,0
3.4585351379434037,-5.65436232403019,0
3.4587532333080517,-5.655679775517793,0
3.4563688139758995,-5.657362354177112,0
3.4537643373453477,-5.6577277769501375,0
3.451768778960261,-5.658546977523077,0
3.451269889363992,-5.6587517776663105,0
3.4494398238644095,-5.657390943093789,0
3.44821978019802,-5.656483720045442,0
3.4411687445931918,-5.655855541577004,0
3.4256266970244873,-5.679872561719272,0
3.423760664005119,-5.681347402697323,0
3.423509053537849,-5.682865257258651,0
3.425614846205626,-5.6855348600302555,0
3.4258628610597768,-5.686847803597859,0
3.425367036984973,-5.687052141864044,0
3.4237549442291844,-5.687008777254208,0
3.423383740685747,-5.687869494928783,0
3.4230130276257498,-5.688730138703033,0
3.4227685291682732,-5.690246921709608,0
3.423642261325522,-5.692011111990896,0
3.4262555270496726,-5.694474621363522,0
3.4238956714974513,-5.693323242654893,0
3.423528023958916,-5.694183424552094,0
3.421916299065707,-5.694140004517012,0
3.4214214559577663,-5.694344194982541,0
3.4215491420106012,-5.695000112513885,0
3.42292237686841,-5.6965594102765245,0
3.423802362689443,-5.69832265832863,0
3.42268535828331,-5.698075066303101,0
3.42268535828331,-5.698075066303101,0
3.4228143931655914,-5.6987307806085425,0
3.4234375354306543,-5.699182415298946,0
3.420604501054253,-5.701062219317894,0
3.417148324412782,-5.702490388646437,0
3.4146796268117363,-5.703510509595395,0
3.4133306312757057,-5.70477781611808,0
3.410235971129847,-5.705346727303523,0
3.4083944622821924,-5.70681787326518,0
3.40668860984319,-5.7089437358778525,0
3.404715123212654,-5.709759610936036,0
3.404715123212654,-5.709759610936036,0
3.403099719693678,-5.709716745153415,0
3.403099719693678,-5.709716745153415,0
3.401397545880428,-5.711842053513626,0
3.3980285073958143,-5.711101993274088,0
3.393396998427747,-5.709461102364562,0
3.391914308416812,-5.71007339663492,0
3.3872772815101015,-5.708433337104083,0
3.3872772815101015,-5.708433337104083,0
3.3863751013136607,-5.706673433041814,0
3.3873655232546867,-5.706264941260262,0
3.3876363455885397,-5.707574448462621,0
3.389256653941853,-5.707616575241962,0
3.391642259874377,-5.708764074183383,0
3.393261219398248,-5.708806404188627,0
3.3941146361011825,-5.707743398981965,0
3.396497666995675,-5.708891285900103,0
3.3982505662361646,-5.7095885912075115,0
3.401890794917204,-5.711638103224164,0
3.405393405255861,-5.7130331941911106,0
3.4076364880116614,-5.713527011086104,0
3.4092500522177502,-5.713570153994958,2
3.4102348335992865,-5.713162512067177,2
3.4103708578705003,-5.713817173292945,2
3.412119710622658,-5.714515088278057,2
3.412119710622658,-5.714515088278057,2
3.413239903171114,-5.714762199951455,2
3.415071847591797,-5.713292495046192,2
3.4181130846515266,-5.709901376644934,2
3.4170864065445734,-5.707485074699189,2
3.419647760241123,-5.70429589280346,2
3.421390481950347,-5.704994731542669,2
3.421029455938175,-5.705853915785445,2
3.419779492782286,-5.704951200657096,2
3.4192863663663715,-5.705155132471479,2
3.418925462975057,-5.706014298239168,2
3.4184324591799964,-5.70621821157847,2
3.41994932080226,-5.708431025111798,2
3.4169942409325174,-5.709654061745633,2
3.414397244174342,-5.710018357538658,2
3.4103209907892733,-5.710994430299749,2
3.408079379483773,-5.710500391703771,2
3.406735901886382,-5.7117668668477695,2
3.4046283529183654,-5.711927785078872,2
3.3991517654657386,-5.711348643070437,2
3.392272514149237,-5.709214637319031,2
3.389169883647572,-5.7097847493848,2
3.3835401050035223,-5.708553532662073,2
3.381014183069727,-5.706752019122753,2
3.3831320321898666,-5.7065895489847644,2
3.385249145584851,-5.706427189697267,2
3.385744479176225,-5.70622292533141,2
3.3875008118007557,-5.706919713336523,2
3.389256653941853,-5.707616575241962,2
3.3910120055995137,-5.708313511047734,2
3.392631210365103,-5.708355804102814,2
3.3943854584350355,-5.709052906184322,2
3.396139216021531,-5.709750082166156,2
3.3987946633210413,-5.712207236110588,2
3.40013875402272,-5.71094066859118,2
3.399867441205444,-5.709631235289152,2
3.399103124593097,-5.70852571532642,2
3.3950608315204747,-5.704511314353445,2
3.393669816638166,-5.7029546954776915,2
3.3938992327300355,-5.701440184906197,2
3.3923782019985786,-5.699227999525657,2
3.3896035294854805,-5.696113653269224,2
3.3899695829528547,-5.695253711548091,2
3.39020598843366,-5.6937381478969264,2
3.4433396055324614,-5.652854827852051,2
3.4405078369728592,-5.651904184768618,2
3.4426202907752206,-5.6517425275342354,2
3.4400069854428494,-5.652109280513164,2
3.4432301899875597,-5.652196157533494,2
3.4441694394223354,-5.654625632212678,2
3.444340572867329,-5.652444747213449,2
3.4442314025641423,-5.65178603994473,2
3.444841056534763,-5.652239706894147,2
3.444559649198851,-5.653762050900397,2
3.44545071050538,-5.652693373843567,2
3.4469517936450984,-5.652078308310914,2
3.445015500742933,-5.650058323067704,2
3.4459092597083547,-5.648989239559073,2
3.447412182160953,-5.648373896900191,2
3.4514550430642608,-5.65023311171295,2
3.4508468605439475,-5.649779223062545,2
3.4500240160430167,-5.648007365622243,2
3.451847827878815,-5.6493691424239465,2
3.453063702436012,-5.650276993625081,2
3.457886737650643,-5.650409082763442,2
3.4581726819583203,-5.64888605517916,2
3.457141429140563,-5.645795286719778,2
3.4545062991645423,-5.642659915820067,2
3.4536916702611364,-5.640886820549273,2
3.4539861980289146,-5.6393624997092555,2
3.453677080248145,-5.6373836066408,2
3.451555922234,-5.63404116316277,2
3.4497416748251766,-5.632677945304678,2
3.4484313444678243,-5.631109169824985,2
3.4460128384061584,-5.629291472113865,2
3.444703734257395,-5.627722511883352,2
3.441681214784605,-5.625450297369039,2
3.440670437781044,-5.625861856014197,2
3.438955305765006,-5.625158860381545,2
3.436029694509539,-5.623547200644147,2
3.4343133362849088,-5.622844389762314,2
3.4332017271965576,-5.622595984833179,2
3.431794733863594,-5.620366617626406,2
3.4299797507296184,-5.619003510618802,2
3.4286724858937276,-5.6174342732620595,2
3.4252365813021477,-5.616029131850523,2
3.4224040770173936,-5.615078599617583,2
3.4188680760661647,-5.6130133837812615,2
3.4145038334270374,-5.612682535851469,2
3.4117622289375404,-5.612393463674463,2
3.4084123193068727,-5.611650521322138,2
3.402439541786041,-5.607770360561904,2
3.3977737838593853,-5.605459474108576,2
3.3931050830321183,-5.603149031057216,2
3.391795856262494,-5.601580089301784,2
3.393523372985257,-5.602281218951161,2
3.3926872835624167,-5.6040167692629375,2
3.3911494141651204,-5.604637377320184,2
3.3926872835624167,-5.6040167692629375,2
3.3909590311145053,-5.603315750464056,2
3.3931050830321183,-5.603149031057216,2
3.3919847678628052,-5.602901937858899,2
3.3913771984467793,-5.602447956833085,2
3.3921746604299834,-5.604223638615354,2
3.3909590311145053,-5.603315750464056,2
3.3887171745672866,-5.6028217488182435,2
3.3842305185722488,-5.601834188928583,2
3.381376923499822,-5.600886834409744,2
3.3798350076141865,-5.601508052144695,2
3.376883891220139,-5.599900235224348,2
3.3734168409304743,-5.598499786483629,2
3.3683069200495126,-5.597060610378648,2
3.3618771043842344,-5.59405409985037,2
3.3561456353093675,-5.592163048878922,2
3.356333320701097,-5.593485082186852,2
3.3551110698592517,-5.592578191689981,2
3.353277693596482,-5.59121785594467,2
3.3486672754160907,-5.589573787321045,2
3.345795532456588,-5.588629167114339,2
3.342403318629703,-5.587892598665292,2
3.3404743829790533,-5.585871504917163,2
3.3360989837109756,-5.582036925776604,2
3.3312040945423895,-5.578410250593048,2
3.3234280206081905,-5.573840377784096,2
3.3169598246141696,-5.570839649956474,2
3.3127604617562483,-5.568328859256631,2
3.307685035075597,-5.567559641745289,2
3.309172346940116,-5.566271495330145,2
3.3123231297001716,-5.56501897246549,2
3.3131146700123075,-5.562614978516795,2
3.3159131705801848,-5.562895478255767,2
3.3161826459537735,-5.5606997762407975,2
3.313825120197869,-5.559548046505608,2
3.3107719455104316,-5.5572804507617874,2
3.307718770822987,-5.555012855017965,2
3.3040549611980623,-5.552291740125382,2
3.3012491033786624,-5.552012348891328,2
3.2983589672903726,-5.551070499946913,2
3.2959962914584047,-5.549919546165167,2
3.2901273266620237,-5.547374055668934,2
3.2847838601882273,-5.544619755936676,2
3.2760854943675923,-5.541798421422127,2
3.2685200736647104,-5.539222277172451,2
3.2610251976945577,-5.537310659842312,2
3.2519166726365007,-5.536031068170079,2
3.2483057503406663,-5.5339771406088385,2
3.244157925982396,-5.532133740466239,2
3.238855452614409,-5.53004842014828,2
3.232853406447415,-5.526847825024305,2
3.2273080305622983,-5.522773635093625,2
3.222302254398496,-5.518488511292498,2
3.2169091264769705,-5.5157416939684385,2
3.211512565171404,-5.5129953939466745,2
3.205495804501375,-5.509797015832541,2
3.1995489754597877,-5.507263257013355,2
3.19320069326173,-5.506269929305665,2
3.1873894357469617,-5.505066055704248,2
3.180879095916623,-5.502746833396493,2
3.175527328963483,-5.500668940061484,2
3.1673641013704845,-5.498987655437862,2
3.1610520300647487,-5.498664027672664,2
3.1552070518138677,-5.497465234718787,2
3.148807391476055,-5.496479648070441,2
3.1441955773234405,-5.496186101331144,2
3.1394318830698005,-5.49456512655998,2
3.1357648004207306,-5.4925196605862805,2
3.1316188531143823,-5.491351133409125,2
3.128021088989456,-5.489970379105785,2
3.124348733643469,-5.48792570756061,2
3.1196428315532714,-5.486971181117511,2
3.1154134643240354,-5.485140066904421,2
3.1107002049823222,-5.484186648966238,2
3.105429198032212,-5.483446899210637,2
3.101334176121213,-5.482945854966136,2
3.097236211309614,-5.482445254123604,2
3.0931353035974034,-5.481945096683038,2
3.08673715244894,-5.481634438425383,2
3.082146344202176,-5.482012882538738,2
3.0769966847592904,-5.482605161110413,2
3.0723997454695997,-5.482984528977868,2
3.0682068343744078,-5.481823077757108,2
3.0634538458745055,-5.480875645745483,2
3.058696933507129,-5.479928804936481,2
3.05512667419357,-5.479219062306452,2
3.049096991190609,-5.47737294273435,2
3.043769088162115,-5.476641765416781,2
3.0366079692307473,-5.475225383970493,2
3.0322414741425696,-5.472739774807373,2
3.0268241427691187,-5.471346915732887,2
3.021963823278913,-5.469740499326315,2
3.0152657509140646,-5.467449562369053,2
3.009052061145141,-5.464280855236559,2
3.004743235599541,-5.4624617128765856,2
3.0021981848118067,-5.460663081450052,2
2.998451398604651,-5.458629624279634,2
2.9953398941275644,-5.457045972766503,2
2.9934303703116107,-5.455697110047096,2
2.9897506954531465,-5.454328697098509,2
2.988407625326545,-5.452764854465704,2
2.9847257432926284,-5.451396774068595,2
2.9803360728621797,-5.448914656695965,2
2.975443994569595,-5.447313025335625,2
2.970046933376853,-5.446592267964284,2
2.966925006126779,-5.445010186833118,2
2.9620905973767755,-5.444075022275921,2
2.957755408346575,-5.442259852058571,2
2.952342038579637,-5.441541551873133,2
2.948572567513647,-5.439511512592878,2
2.943723444260609,-5.438578565045514,2
2.938364801135638,-5.438527175065193,2
2.9335073396642244,-5.437595483823404,2
2.928713801399166,-5.437329317155584,2
2.9226996441024653,-5.436831169906494,2
2.9154611891483704,-5.4361015963286,2
2.9095028620813714,-5.436270193008889,2
2.9053358994654204,-5.436455143729177,2
2.8993688663174595,-5.436625052140283,2
2.894043368563352,-5.4372438239795,2
2.8868425959518795,-5.437183728643113,2
2.881872162930655,-5.4355939028601465,2
2.8776880333944987,-5.435781440091908,2
2.8757420911835467,-5.434438064471848,2
2.8726394531473147,-5.433528232844486,2
2.8690272952391567,-5.433499958784161,2
2.8654131753972543,-5.433471980325146,2
2.860638926346038,-5.43387806316113,2
2.8544873959486807,-5.432725457912175,2
2.848981570054363,-5.432021087938539,2
2.8434708393257004,-5.431317456968184,2
2.8379552037626965,-5.430614565001109,2
2.831780988506498,-5.42946537764232,2
2.826837201950628,-5.428546692858237,2
2.822472253790835,-5.427411162177478,2
2.818032837030824,-5.425611695779802,2
2.8111124530493576,-5.423354254146149,2
2.8048409617132535,-5.421544567435689,2
2.800461544292144,-5.4204112168146,2
2.794109698554621,-5.4179384811911575,2
2.789206782483703,-5.417688794296449,2
2.7848168196687517,-5.4165570325324115,2
2.781669302398271,-5.415653962785049,2
2.7765464139107827,-5.413411951437297,2
2.770970694127069,-5.412718112260388,2
2.76348217750326,-5.4113510592829535,2
2.7585548598814817,-5.411105048929558,2
2.7541440515205693,-5.4099764279294575,2
2.7492094992681295,-5.409731507605898,2
2.74375083526159,-5.410370343384132,2
2.7394001488604367,-5.409907819685534,2
2.7374840412571544,-5.409235104712227,2
2.732325102237237,-5.406998525038572,2
2.7271632203167044,-5.404762388766885,2
2.7202170010731095,-5.403183995467204,2
2.7125300084220214,-5.400496534989051,2
2.704903996076691,-5.398475042486831,2
2.697934601490818,-5.396900140977639,2
2.690957849653433,-5.395326347973363,2
2.6846401679926792,-5.394198776460476,2
2.677119685063815,-5.393511695571107,2
2.669521545392424,-5.392161159316952,2
2.663252091468138,-5.3917014771885245,2
2.6583157376418605,-5.392131984082866,2
2.6514356865191253,-5.391893932897345,2
2.647092272487658,-5.392105469260583,2
2.642145618509261,-5.392537528061814,2
2.6370537059562125,-5.391641161176748,2
2.63390475497447,-5.39141346322204,2
2.6288064661367727,-5.390518057041239,2
2.623846814347363,-5.390952074201158,2
2.6199461767017134,-5.389616953350279,2
2.6161861380380884,-5.389610960238805,2
2.6110741156642305,-5.388717623267183,2
2.6052826680512133,-5.387381131667784,2
2.599629367003054,-5.387374137309429,2
2.5945764856220705,-5.387147045439969,2
2.590874852226179,-5.387807408281155,2
2.587704319973323,-5.387582961940874,2
2.583175918209019,-5.3864720585443795,2
2.580001707330407,-5.386248166456557,2
2.5741826700242108,-5.3849158317505985,2
2.5696453169372298,-5.3838062770350845,2
2.5671444002548505,-5.384026463329143,2
2.561922103990078,-5.382474585364539,2
2.5579129091455357,-5.3804806648695305,2
2.554654542618888,-5.379594296596267,2
2.550713930573334,-5.37826519862211,2
2.5454093179734087,-5.376050567345835,2
2.544586963955915,-5.374278636005206,2
2.5456678046125027,-5.372506209429817,2
2.543155361569415,-5.37272813238158,2
2.541323202111492,-5.373393080635548,2
2.538880322834263,-5.374279678307506,2
2.5350734430026556,-5.374280742677346,2
2.529899619716062,-5.373396717147038,2
2.52547613426394,-5.373620317738801,2
2.518927765029133,-5.371852347763424,2
2.5143546066514446,-5.370748187771845,2
2.5078670951015383,-5.369646204247486,2
2.5019876057120527,-5.368322977756936,2
2.4980888451183247,-5.367662729871499,2
2.4961741240835273,-5.367664961763959,2
2.4935729884206346,-5.367225092108313,2
2.4889831536061813,-5.366123444727883,2
2.484461288486422,-5.365686712243715,2
2.4787042501918854,-5.365695347804705,2
2.4734877548465093,-5.364817751602919,2
2.468338861333251,-5.364605125722644,2
2.4638036305399105,-5.36417040702241,2
2.455888846072593,-5.362192423338225,2
2.451892564157241,-5.3608717130512815,2
2.4472041044334354,-5.359109769545082,2
2.44320365340889,-5.357789687410925,2
2.4391309409596005,-5.355805337008375,2
2.4331240107589913,-5.35382615603632,2
2.4264213467450375,-5.351406277622388,2
2.4217885946300726,-5.350311096520645,2
2.4171528996145035,-5.349216358820872,2
2.410574648629243,-5.348128046857166,2
2.404059462504332,-5.347705388793001,2
2.396150111093835,-5.346401742296882,2
2.3901086018111073,-5.344427771297941,2
2.3827413874209213,-5.342237652862982,2
2.375367306262657,-5.340048569032611,2
2.3686144903175403,-5.337636246927204,2
2.3625527485931386,-5.335665324316789,2
2.3557232568723627,-5.332589399045938,2
2.348889841284116,-5.329514064977712,2
2.345972683333329,-5.326421186766527,2
2.341666019689576,-5.322446618070277,2
2.337488673908865,-5.319802876820974,2
2.3312846165104304,-5.316503085122299,2
2.3264101880869177,-5.313418849657019,2
2.32229271902424,-5.311441242659388,2
2.316204491194391,-5.309474310666678,2
2.3101719709733786,-5.308174141078425,2
2.3047123656081894,-5.305982862305759,2
2.2992498173423925,-5.303792026935058,2
2.2938432219271547,-5.302267917018655,2
2.2870358396999677,-5.29986381632472,2
2.2842997833535854,-5.2987691191675665,2
2.279582422846186,-5.297686685872385,2
2.273521209344267,-5.296390839453311,2
2.2654126839203705,-5.294442046398638,2
2.256652360689543,-5.292721091914412,2
2.249531125610872,-5.286988500021797,2
2.2440920356681104,-5.2854692860021135,2
2.238593927353321,-5.283283808405182,2
2.235142395235357,-5.281751388294348,2
2.230880158081458,-5.278445281710097,2
2.2259713958175418,-5.275366219267767,2
2.218361439270126,-5.27186236283668,2
2.2120991369638574,-5.2685713468019415,2
2.202326161546736,-5.263081665554202,2
2.1933004584426143,-5.258700072305585,2
2.1836147419340293,-5.254547555457911,2
2.1740149355045446,-5.2517324062362025,2
2.1691874237270916,-5.249991413472955,2
2.1629969301011798,-5.248039889698607,2
2.1567560015633376,-5.245420809091275,2
2.1506026997966146,-5.244138837458761,2
2.1437396854386606,-5.242418274543713,2
2.1355964111690042,-5.241825028595661,2
2.1274445534392505,-5.241233075903345,2
2.1179618782650103,-5.241100901820126,2
2.110453357502948,-5.240282385338022,2
2.1022283800024297,-5.239026293702885,2
2.094657775346878,-5.237541975520585,2
2.0857054278514937,-5.235849953014721,2
2.077361677881779,-5.233261445075591,2
2.0697215094603685,-5.23111245217309,2
2.063407989374248,-5.2285043088142835,2
2.0592267952041325,-5.227211458950947,2
2.0528632080686613,-5.223935703333913,2
2.045073328982653,-5.219783799756401,2
2.040046445092873,-5.216047378726337,2
2.033007271703905,-5.213003045845651,2
2.0273892401894145,-5.210835636878887,2
2.020382476446148,-5.208461576668235,2
2.014083831222951,-5.206526347916181,2
2.006431806317295,-5.2050542971883065,2
1.9973825883436191,-5.203376869997198,2
1.9925359005694538,-5.202989078005162,2
1.9911056847514388,-5.202113521247307,2
1.98685357798602,-5.200156199889676,2
1.9826002450120193,-5.198199063282868,2
1.9769522940080293,-5.196036162236103,2
1.9705486098518037,-5.192766447970872,2
1.9655746510301544,-5.190372364363823,2
1.9578417812396456,-5.188237338623292,2
1.9550119199364389,-5.187156774903842,2
1.9508545896909801,-5.187210641057948,2
1.9466593318611647,-5.186595065920709,2
1.9417800269386145,-5.186212188300477,2
1.9355333635557201,-5.186294594863769,2
1.9292457070670146,-5.185708022012763,2
1.9222699569972317,-5.185354756356469,2
1.9180596168018198,-5.184741453654313,2
1.9146046418960658,-5.185235019595872,2
1.9097435225996247,-5.185524557755183,2
1.9041957811724046,-5.186047181408217,2
1.8985309462289663,-5.184561980014438,2
1.8922147190802168,-5.183979711857534,2
1.888674201957949,-5.183135854747878,2
1.8823125673524768,-5.181885272279626,2
1.877432441822945,-5.182177674076639,2
1.8704127934857855,-5.18183102249969,2
1.8683904868152297,-5.183199775697464,2
1.8620122983938465,-5.181951687365281,2
1.8555907870703372,-5.180034970645359,2
1.8506186204187873,-5.1789909285705065,2
1.8463707582406492,-5.178383279243434,2
1.8406654584138735,-5.176904174626703,2
1.8355352051403067,-5.173183328090737,2
1.826876489327649,-5.169291963978758,2
1.8175902074952734,-5.166975099029422,2
1.8146419415854478,-5.164562063580728,2
1.8088499959544375,-5.161745702188524,2
1.8016659224496454,-5.159398356946397,2
1.8002084848010202,-5.158526901656739,2
1.795901726871712,-5.157252970277337,2
1.794411143852228,-5.15571135316814,2
1.7893410502774465,-5.153331754025354,2
1.7842694852523557,-5.150952376583552,2
1.7784367917572492,-5.1474669988268875,2
1.7740622716359233,-5.14485296550939,2
1.7696877515145921,-5.142238932191896,2
1.7646122626220322,-5.139860145952715,2
1.7595630523322505,-5.1381525561376655,2
1.7566452341343926,-5.136410088960316,2
1.7515925904605663,-5.134703016447563,2
1.7486737912958432,-5.132960697070871,2
1.746458658561238,-5.130982724164058,2
1.7414022136408,-5.129276224378845,2
1.7363182639089914,-5.126898712920321,2
1.7297487586129083,-5.12297882687424,2
1.723955379270631,-5.120837837274687,2
1.7188440473483215,-5.117789295667773,2
1.7151713543442355,-5.114939885946384,2
1.7107909484216925,-5.11232673943282,2
1.7057006224052405,-5.109950188678557,2
1.699167733603094,-5.107375097241393,2
1.693381381388793,-5.1059082046538435,2
1.6883033551972382,-5.104204956483056,2
1.6774640669246175,-5.10238134699134,2
1.6702365384931053,-5.1013908605866565,2
1.6673250116980771,-5.100322601271801,2
1.6608221556025455,-5.0997684521896485,2
1.6564968347808051,-5.0998476292060495,2
1.6507010784994325,-5.099057309291485,2
1.6449013983505854,-5.09826758057954,2
1.6383437778740397,-5.096371371200602,2
1.6339512702255412,-5.094435203811827,2
1.6281044281889123,-5.092302269348014,2
1.6215535895986317,-5.091080193931244,2
1.6157168402114532,-5.0896208946023815,2
1.6098594527809915,-5.087489548995617,2
1.605456277117785,-5.085554988938972,2
1.6010678536966534,-5.084293361964161,2
1.5952188422236127,-5.082835910143498,2
1.5886284819778265,-5.0809446336114465,2
1.5842173359588134,-5.079011274435128,2
1.5790670483425142,-5.076643757995949,2
1.5739152892759112,-5.074276463257757,2
1.5687753395507666,-5.072582545003362,2
1.5643714659014538,-5.07132324588888,2
1.5621558804224538,-5.070020496974067,2
1.5555706231099418,-5.069478763146998,2
1.5518873375692372,-5.067981260941085,2
1.5489302806966307,-5.066244705789964,2
1.5445061368666089,-5.064313304972336,2
1.5415485895105672,-5.062576823721546,2
1.5378622384483993,-5.061079783392682,2
1.5378730668229927,-5.06175330767714,2
1.5349470236238716,-5.062037547080381,2
1.534207023680569,-5.061603519143093,2
1.5319870238506592,-5.060301435331228,2
1.528329356665651,-5.060825540583281,2
1.5224368147878078,-5.059374647416712,2
1.5180123408342538,-5.058118452116002,2
1.5143272537197063,-5.05729637712799,2
1.5062210411538253,-5.055892758103724,2
1.4995721907584851,-5.054010294185771,2
1.490709792295963,-5.052175085935037,2
1.4847751159855473,-5.049380229538242,2
1.4788387229831113,-5.0465856317925954,2
1.4751305454081116,-5.04509188002832,2
1.4706779535388996,-5.043164765429708,2
1.464743805450956,-5.041044985224255,2
1.4602880254394108,-5.039118350977777,2
1.4536049260854913,-5.036565891516021,2
1.4476626850208802,-5.034447330665982,2
1.4409777840931213,-5.032570298422129,2
1.4342931661461122,-5.031368379319783,2
1.4268580028619606,-5.0297340211372,2
1.4209005568108886,-5.027617751197322,2
1.4141976306169113,-5.025743434790517,2
1.4060037441371342,-5.0243530254498605,2
1.3977991519036177,-5.0222890733496595,2
1.3851080773011386,-5.0196534244318975,2
1.374644322041041,-5.017643600729409,2
1.3664128758394956,-5.015583694672159,2
1.358174562869868,-5.013524823219502,2
1.3499293831321584,-5.011466986371431,2
1.3409264234266516,-5.008977800472962,2
1.3304138650648358,-5.006975329853095,2
1.322145387363996,-5.004921003270601,2
1.316880156860412,-5.003921116641651,2
1.313117450742375,-5.003110736380524,2
1.304835286648153,-4.999708160348783,2
1.298055194195081,-4.997170314676868,2
1.2920270807904153,-4.994389536292532,2
1.286000155855298,-4.990933423065705,2
1.279208574780565,-4.989072464143165,2
1.2731631624310928,-4.988319759495486,2
1.2648496828751519,-4.986272213268073,2
1.2588029688390172,-4.984169393187871,2
1.2527486900486924,-4.9827428686544195,2
1.2451793418062085,-4.980453572119838,2
1.2383506820893917,-4.979948511330475,2
1.230770420590492,-4.977660859078188,2
1.220901934921521,-4.975431713818038,2
1.2125454154442057,-4.973390652344397,2
1.2072275428532446,-4.97172354143394,2
1.1996185031916102,-4.970115380917587,2
1.1904784911052406,-4.968322000252428,2
1.1851353114746281,-4.968009013867283,2
1.1828493793618335,-4.96739201974119,2
1.1798104117556871,-4.965667805944825,2
1.1759960822561872,-4.964865203693206,2
1.1706520065405233,-4.963877196541963,2
1.1630147640814172,-4.9622732852944615,2
1.1515396866569922,-4.960545469102751,2
1.140830038836377,-4.957897537847936,2
1.1308722851823472,-4.955681842447458,2
1.120141178711485,-4.9530371443319865,2
1.1117110489799789,-4.950332017815857,2
1.1055678700671763,-4.948918887716832,2
1.0955760278144595,-4.946708328389143,2
1.0871053860568356,-4.945359617308483,2
1.0740079459289795,-4.942785194812364,2
1.0655186658008535,-4.941439291944166,2
1.057800984058506,-4.939847500350435,2
1.0493094590158805,-4.937826779942043,2
1.0415675360825762,-4.936913796506213,2
1.036187541859091,-4.93390573380389,2
1.0292300547626745,-4.932069771667253,2
1.0214988469868445,-4.929804862240866,2
1.009928917564391,-4.924715558354077,2
1.0053116081430495,-4.922138105698876,2
0.9991551955812579,-4.918701502158607,2
0.9929812859757217,-4.915942690646736,2
0.9875575915837995,-4.914291523732018,2
0.9782620207706518,-4.9111712692874505,2
0.9697304835890872,-4.908481421664108,2
0.9604023333665932,-4.906041231683016,2
0.947939156262894,-4.903241612553169,2
0.9378199958199183,-4.900375080268887,2
0.9245574702773585,-4.897150375141424,2
0.9143956755146334,-4.894965422277341,2
0.9042240710832168,-4.892781947419813,2
0.8964575956428984,-4.889172040158613,2
0.8909891446375884,-4.887527616648811,2
0.8839683474390991,-4.885026037562797,2
0.8784702599250434,-4.884061235114505,2
0.8721693057062669,-4.883347032537648,2
0.8650640133324714,-4.882883651533206,2
0.8587547208953143,-4.882170705261922,2
0.8493075435581616,-4.880423604677093,2
0.8422104290428489,-4.879283835750488,2
0.830387438503557,-4.876933283274649,2
0.8256896049171587,-4.875043118839974,2
0.8202115517458388,-4.872724986294896,2
0.8131208983969938,-4.8709090880972745,2
0.8137138995588913,-4.866853717195326,2
0.8150192723469054,-4.861972922078307,2
0.8157221779225665,-4.8585580601266685,2
0.8148164765765937,-4.855644041343119,2
0.8141129237807547,-4.853945398954222,2
0.815018498409346,-4.851745688086101,2
0.8160257085576728,-4.847596530216116,2
0.815927902141798,-4.844430535201742,2
0.8148287446423534,-4.84029737732771,2
0.8180494232375217,-4.83418040669307,2
0.8230727895111443,-4.828781461607456,2
0.8248845633716844,-4.82438176949786,2
0.8252903473132474,-4.821698094170994,2
0.8246971744840881,-4.818046219553292,2
0.8241058754649977,-4.814393533815528,2
0.8246200094123441,-4.809757504973254,2
0.8227334647929077,-4.805867446071629,2
0.8216509113326094,-4.801727100772629,2
0.8225596089779685,-4.799526038037742,2
0.8240741050535689,-4.795857600146261,2
0.823492643537298,-4.792200656028186,2
0.8243186813981076,-4.786827041725109,2
0.8234376518845945,-4.783902343194111,2
0.8236602856280228,-4.77999506761644,2
0.822400255450054,-4.774628666175342,2
0.821828787587437,-4.770967396083616,2
0.8216778338954658,-4.764616074360113,2
0.8201256268599462,-4.75997871908808,2
0.8225033524869207,-4.752765441644499,2
0.8278034609443452,-4.744799257633709,2
0.8292547640399128,-4.737949841537867,2
0.8299520118394064,-4.732232976762699,2
0.8304005695094521,-4.728589990334115,2
0.8307764131948616,-4.726401841826915,2
0.8298460804395482,-4.723522927436644,2
0.8308280663658163,-4.719868254986885,2
0.8318094664886537,-4.7162140686825325,2
0.8330938791515763,-4.711826669021439,2
0.8329984055233002,-4.708204167845846,2
0.83434920549381,-4.702367180633736,2
0.8383236057716399,-4.697902391196013,2
0.8389988885962048,-4.69498399481904,2
0.8405839705854881,-4.689865326382828,2
0.8412581403835411,-4.6869478536821205,2
0.8413920866055733,-4.684047706289274,2
0.8402080817379236,-4.680466564535973,2
0.8393238089111428,-4.676154931840198,2
0.8383719185895728,-4.673293907600788,2
0.8379590216568182,-4.670416578958868,2
0.8367015998404153,-4.668290858501432,2
0.8364625142335029,-4.667576526117848,2
0.8360463368015338,-4.664701919890188,2
0.8358686591730464,-4.662542132191518,2
0.8352097641528964,-4.658956207681777,2
0.8356327222130169,-4.65533446580735,2
0.8359943894554043,-4.653158082018921,2
0.8361143935557855,-4.650269504886687,2
0.8376200834013208,-4.646611216429461,2
0.8369533971955398,-4.643031757653592,2
0.8384579154342156,-4.639374441487172,2
0.83748704508149,-4.636529168358852,2
0.8362708210251437,-4.632974764602768,2
0.8366278604204247,-4.630802221363034,2
0.8370406840811917,-4.62718888980409,2
0.8372076853955956,-4.622866816533707,2
0.8387627156688797,-4.617773087356715,2
0.8389799946965191,-4.6120147955339235,2
0.837203219685108,-4.608494586331213,2
0.835123900776356,-4.605707201568919,2
0.8325966538896807,-4.60007155965986,2
0.8306080489097631,-4.594419905035528,2
0.8323387661671031,-4.583602400359423,2
0.833326215844151,-4.578548699480653,2
0.8312251050477677,-4.57577939932739,2
0.8319560707560107,-4.57002580458353,2
0.832431548361285,-4.563571489527398,2
0.831672816657651,-4.561462911471242,2
0.8318025608738573,-4.557171757048549,2
0.8322265305786836,-4.552154681450176,2
0.8326065492473269,-4.548568574033853,2
0.8324342767892752,-4.54500980652071,2
0.8330670888651088,-4.542126655685518,2
0.8325962559730478,-4.539297406824046,2
0.8327152799864663,-4.5350151488622465,2
0.8319845068853589,-4.531488874393567,2
0.8309562277964133,-4.528691243514828,2
0.8293733729474013,-4.525922848506347,2
0.8289303814971731,-4.521676000461433,2
0.8279311740372677,-4.517459749493909,2
0.8277763157199907,-4.512492036185513,2
0.8279120509100615,-4.506801415802947,2
0.8291535399603838,-4.501055143323208,2
0.8267370133700549,-4.497634855532485,2
0.8262755105314188,-4.493403369682335,2
0.8249626289089917,-4.4899291799178975,2
0.8244953851967303,-4.485702458292707,2
0.8225920608653894,-4.483681763774001,2
0.8209789785593422,-4.480938453868363,2
0.820476922344417,-4.478135116556917,2
0.8210872981488535,-4.475270585090698,2
0.8208484040618433,-4.473161599586737,2
0.8214576668397591,-4.470297991796782,2
0.8215088976173597,-4.467466488134971,2
0.8212926899020019,-4.463944181527122,2
0.8216328739373466,-4.460391131998266,2
0.8217044478728734,-4.456148251814181,2
0.8215058300393139,-4.4512168535674626,2
0.8210350872853471,-4.445598541537938,2
0.8199585379937009,-4.4428409690404855,2
0.8189001643872889,-4.438673818758755,2
0.8175675569681111,-4.433821504817674,2
0.8150908683654414,-4.4304511441599335,2
0.8120325241053248,-4.428526986566869,2
0.8104135567423736,-4.422999572176298,2
0.8093354415603411,-4.418848804994683,2
0.8079660299068401,-4.415421528261724,2
0.8057440092823427,-4.412752568519824,2
0.8032437713817515,-4.4094017509073264,2
0.8012915324639387,-4.407421649529844,2
0.7979255478166323,-4.40623454584221,2
0.7954067827487563,-4.40429359770123,2
0.7937264344299759,-4.403000604564713,2
0.792045148825709,-4.401708389260847,2
0.7934650026897572,-4.39951582838205,2
0.7934800308153385,-4.396714368506201,2
0.7951926614383087,-4.392402594538476,2
0.7954913705907494,-4.38888396410422,2
0.7966387052508637,-4.384610322467644,2
0.7969405349403722,-4.379694608185991,2
0.7944088979758916,-4.3763698479671405,2
0.7924387492519713,-4.373010115362268,2
0.791310281997486,-4.371690122624354,2
0.79018311928942,-4.368974553089799,2
0.7896214440641103,-4.364826198103717,2
0.7904738074700166,-4.359884602355095,2
0.790190642422516,-4.356417862166914,2
0.7899057199647199,-4.35295258041495,2
0.791035906363188,-4.347298675561957,2
0.7901767409289207,-4.342484456889062,2
0.7913050369775352,-4.3382266149781135,2
0.7898747017672232,-4.334849897367164,2
0.7910002445397133,-4.330594340339614,2
0.7915504898895556,-4.324990721452869,2
0.790963859438099,-4.320863076260997,2
0.789240704667403,-4.318211113076755,2
0.7912051643894795,-4.311814107583842,2
0.791463117402019,-4.306934805592942,2
0.7908747723417378,-4.304203077499494,2
0.790003917861446,-4.302187547673645,2
0.7908375783590316,-4.298655967240165,2
0.7899646149863955,-4.296642187537772,2
0.7893712905969519,-4.2939145916802595,2
0.7896296378930163,-4.290429456664331,2
0.789594361282763,-4.286275249401923,2
0.790130238669672,-4.282078048354325,2
0.7895308805048931,-4.279355459794472,2
0.7883563848796182,-4.276679170808553,2
0.7877539805369977,-4.273959110204801,2
0.7871501702661412,-4.271240216350019,2
0.7871193885634309,-4.268476773044753,2
0.7865130007574823,-4.265760018229749,2
0.7867592219225266,-4.26228494642368,2
0.7864290168595289,-4.258857243711436,2
0.7860789102587642,-4.25405156266617,2
0.784592630820816,-4.250721271941293,2
0.7822491145647685,-4.2481531387561695,2
0.7813541835634705,-4.246157589506426,2
0.7804369492303405,-4.242786055119815,2
0.7792177725821663,-4.238752351751462,2
0.778872629531687,-4.2353370457470145,2
0.7802351647976096,-4.230403063949753,2
0.7798625047647576,-4.225616099502538,2
0.7783799586898859,-4.223677204723828,2
0.7774744832268397,-4.221690406091355,2
0.7754368183899363,-4.221175691990524,2
0.7745294097755675,-4.2191904976378805,2
0.7727389461906728,-4.21659439256055,2
0.7709461393920538,-4.214000232064835,2
0.7691799122903209,-4.212778507844536,2
0.7674127479030943,-4.211557561456885,2
0.7656446462303812,-4.210337392901879,2
0.7641501497655288,-4.208408415489412,2
0.7618001153125231,-4.207240185795028,2
0.7599968226324911,-4.204654727302042,2
0.7581911867387419,-4.202071213390674,2
0.7578177493825535,-4.1986793882092375,2
0.7571692423099243,-4.1959975872487725,2
0.7567924658741845,-4.192608533096141,2
0.7558325264709413,-4.189272438709477,2
0.7531617454127701,-4.187457645300814,2
0.7504888554622511,-4.1856446020156,2
0.7480857044169493,-4.183125958432598,2
0.745408245199668,-4.181316707081537,2
0.7427286770900352,-4.179509205853934,2
0.7395054133852703,-4.1791164054688235,2
0.7391526391113121,-4.177101926631387,2
0.7379459085184692,-4.175846882919439,2
0.7366961957326801,-4.173233015003383,2
0.736340785343284,-4.171220723820264,2
0.7365247356036342,-4.167797329270632,2
0.7363936801324424,-4.163722606781766,2
0.73693339226425,-4.162311211728012,2
0.7371589187893157,-4.160247808131459,2
0.7379683112459929,-4.158130861394454,2
0.7370245242385671,-4.156175856671396,2
0.7375637677276288,-4.154764850533967,2
0.7366185747919722,-4.1528110125598765,2
0.7356258889769478,-4.149502093701292,2
0.7346308599482008,-4.146195119424323,2
0.7351212632100061,-4.143430150536826,2
0.7335368616974005,-4.140181289167106,2
0.7325848148616032,-4.138233139094243,2
0.7319495311676381,-4.1369348585244055,2
0.7315819946472253,-4.134932630551145,2
0.7297223476771482,-4.132393939246018,2
0.7284470938617815,-4.129801267269572,2
0.7289308775448191,-4.127041791825141,2
0.7299493354501507,-4.1228751021774315,2
0.7309670903913741,-4.118708995904205,2
0.730540754985384,-4.115361069652744,2
0.7318237381454029,-4.110493106401334,2
0.7314484690197016,-4.108497295547409,2
0.7316065853487572,-4.105095340010086,2
0.7312296759734522,-4.10310089036329,2
0.7314412603768616,-4.1010490570273515,2
0.7306842782877272,-4.097062782918938,2
0.7297150088310644,-4.0951289255209495,2
0.7290109675931973,-4.092493211144777,2
0.7280394135031507,-4.090561249713865,2
0.7267423678001528,-4.087986662346449,2
0.7282785116282966,-4.0824268567121695,2
0.729016451845288,-4.078974712437692,2
0.7277140167507259,-4.076404597607988,2
0.7289808903163966,-4.071550003355185,2
0.7301854501759095,-4.065352627696601,2
0.7326355793957244,-4.060378064309692,2
0.7350865287403359,-4.0554028203192125,2
0.7363512348333181,-4.050550024804403,2
0.7370844300425219,-4.0471018183076914,2
0.7389418476989214,-4.042188138856831,2
0.7402046206405739,-4.037336947621855,2
0.7409361170198281,-4.0338901509468155,2
0.7410717970774812,-4.0305068147784695,2
0.7400152586885014,-4.027250885768911,2
0.7395521934073983,-4.023933440834275,2
0.7388228454613248,-4.021318727939551,2
0.7374958066226664,-4.018769031216813,2
0.7360983699905024,-4.014883261894873,2
0.7347668790457682,-4.012337259877205,2
0.7339605723077618,-4.008391919211803,2
0.7343466011770694,-4.004319074158531,2
0.7343965353913298,-3.9996124024005617,2
0.7351144411309889,-3.9961768842988956,2
0.7358317610672191,-3.992741852342629,2
0.7359496327005779,-3.989373294994559,2
0.7343424862359793,-3.987537803343267,2
0.7338583320313656,-3.984237859643173,2
0.7328475876918006,-3.982338421339783,2
0.7314982883227739,-3.979807198142396,2
0.7318711951952324,-3.9757452427461715,2
0.7313036383609504,-3.971120018874842,2
0.7298703505588211,-3.967264001651621,2
0.7297143240826038,-3.964604496233717,2
0.7307600060685964,-3.9618097081014785,2
0.730942768943212,-3.959781793119408,2
0.7322495785239891,-3.9562885510268124,2
0.734158472523081,-3.9527266466717013,2
0.7357269955020733,-3.9485344644733438,2
0.7372955184810674,-3.944342282274988,2
0.7368738537236492,-3.9423849741370507,2
0.7373158696220692,-3.9396601608599173,2
0.7356861111450428,-3.9378434344212145,2
0.7375131841837241,-3.932954937302277,2
0.7370882975074338,-3.931000302964062,2
0.7366627078670298,-3.929046252000333,2
0.7364970742145456,-3.9263947193670514,2
0.7362468663255264,-3.9224188788533407,2
0.7369442689451109,-3.9190003758408096,2
0.7368599876102948,-3.917675824887681,2
0.7366907219765402,-3.9150273063559027,2
0.7355693351477672,-3.91182519364256,2
0.7342720393445248,-3.910645308010057,2
0.7344456051052752,-3.9086250255108332,2
0.7340126929219846,-3.9066770513646514,2
0.7344449844834511,-3.9039603081012224,2
0.7342702122974476,-3.901316359336242,2
0.7337469850040002,-3.898048841534589,2
0.732266657186381,-3.894231861787304,2
0.7311316211376742,-3.891041076261871,2
0.7293864165833064,-3.8879256618055305,2
0.7273800844341611,-3.8855087013095435,2
0.7262376672622235,-3.882324041216199,2
0.725443763778074,-3.8797629015449893,2
0.7253506368114486,-3.8784456913874585,2
0.7242971874017741,-3.876581693084015,2
0.7247182901177194,-3.8738742351977997,2
0.7240826629247739,-3.8693055014224065,2
0.7234437552326227,-3.8647394900612735,2
0.722898208828461,-3.861490494399513,2
0.7226075805027179,-3.857548197918673,2
0.7227668526597579,-3.8555397773673015,2
0.7243065541099547,-3.8513715135228175,2
0.7243668412660647,-3.8480507442679563,2
0.7250376484098844,-3.8446543122567594,2
0.725095885253987,-3.841335244510814,2
0.724996431610311,-3.8400232847236424,2
0.7279578377335874,-3.8383261565046247,2
0.7286278247526035,-3.8349304050969923,2
0.7306225231754304,-3.8326917877169624,2
0.7322616782693032,-3.8298354836596484,2
0.7346713284720501,-3.824894512920146,2
0.7376955407061825,-3.819874525021028,2
0.7401072412209366,-3.814931852772613,2
0.7422628520504109,-3.810683453634079,2
0.7445750403411466,-3.8044288702130356,2
0.7463734090117171,-3.799564194218892,2
0.7484286874923676,-3.7940045645112956,2
0.7497132365427746,-3.7905297959440496,2
0.750278380526554,-3.7858265572869687,2
0.7519723748046303,-3.779654005127048,2
0.7508906310892538,-3.7778134876466094,2
0.7509382063109111,-3.774503267747015,2
0.7512409339323618,-3.770499552570179,2
0.7515422556255764,-3.7664970041423125,2
0.7512235087351531,-3.7625780426408646,2
0.7509026529523801,-3.7586608312628673,2
0.7503240086543812,-3.755439302816427,2
0.7488685617036897,-3.752996169166229,2
0.7482862854244221,-3.749777654821292,2
0.7482124393737468,-3.745173705587172,2
0.7478812148702545,-3.7412650989828276,2
0.7487897760519733,-3.7371896102128908,2
0.7503189330404183,-3.733030096985676,2
0.7506047895230576,-3.729040382796473,2
0.7512855047279388,-3.722364990035155,2
0.7513132797936386,-3.719071201850209,2
0.7513398832524754,-3.7157783859560727,2
0.7509963568769322,-3.7118799884052063,2
0.7523821755616495,-3.7097156725743776,2
0.7527754526146282,-3.7070313065948497,2
0.7539305548857023,-3.7022694688851168,2
0.7548307976587019,-3.6982008833799185,2
0.7553595632494279,-3.6935278343524196,2
0.7562579900317932,-3.689460755897974,2
0.7566481037462438,-3.686779015103628,2
0.7564121736820617,-3.6841858199188167,2
0.7581879889205467,-3.679339860522722,2
0.7590837795874741,-3.675274969722592,2
0.7597252965597558,-3.671902844981595,2
0.7609931502123857,-3.6684419315583625,2
0.7621408127798901,-3.6636862678952564,2
0.7635411087924275,-3.6582391993801497,2
0.7640588612786559,-3.6535752898862484,2
0.7652035948290052,-3.648822056950161,2
0.7645832413267311,-3.645635142056479,2
0.7645903375313239,-3.642358514804293,2
0.7642195712962465,-3.638482723014709,2
0.7642239142247149,-3.6352083806459206,2
0.7644796604110127,-3.631243654330481,2
0.7641034462040324,-3.627372383693155,2
0.7649869349989107,-3.6233177019465064,2
0.764480160986075,-3.6181602858429613,2
0.7639696378312788,-3.6130059810699997,2
0.7635842850907757,-3.6091422943009768,2
0.7642102782721452,-3.60578305241318,2
0.7629373440958211,-3.6027067055158337,2
0.7627975951591814,-3.5981574476396556,2
0.7612688056189576,-3.5957751793940265,2
0.7621409884076247,-3.5917298802536752,2
0.7625107161626854,-3.5890650573193863,2
0.7613607849279607,-3.5872811271639673,2
0.7604603237997463,-3.5848084173417316,2
0.7633499927646952,-3.578505589765138,2
0.7634666184319716,-3.5765325605991727,2
0.7634484079283546,-3.573276934828437,2
0.7636793160491884,-3.569332821078122,2
0.7647951694903963,-3.5646035551104482,2
0.7654098566655474,-3.5612536958289525,2
0.7652736145664143,-3.5599722659731476,2
0.7685710139629318,-3.5575145544111493,2
0.768935410906769,-3.5548541554000366,2
0.768274988449825,-3.5517004928519835,2
0.7682503926888096,-3.54845016606615,2
0.7705003686551919,-3.542247211287,2
0.7704735468411421,-3.5389987318537006,2
0.7717229476856993,-3.5355531320106888,2
0.7729723485302635,-3.532107532167677,2
0.7768897659131451,-3.5262955374010048,2
0.7787797970417607,-3.522749286927901,2
0.7813104584544366,-3.519102385824704,2
0.7834522443229464,-3.5148654597177043,2
0.785845081967226,-3.509938441351295,2
0.7873471748371657,-3.5058013880417427,2
0.788458048949213,-3.5010762543100036,2
0.789709500105781,-3.4976289529580793,2
0.7919948506163035,-3.4946673798893357,2
0.7941397412429971,-3.490427877211692,2
0.794891139160022,-3.4883590588696745,2
0.7952501467123003,-3.485703132396276,2
0.7967525910642941,-3.481565787399484,2
0.7985054428082954,-3.4767388849032237,2
0.7976821827764606,-3.4723258635007053,2
0.797500080251778,-3.46781175393723,2
0.7959213802592462,-3.465470905280016,2
0.7957344741464336,-3.4609607821088524,2
0.7966895403247598,-3.4549704557778025,2
0.7961009881529826,-3.4498809055726447,2
0.7983441102192224,-3.443683638694722,2
0.7988948942231513,-3.437116072983992,2
0.8002397146507931,-3.4317150424386362,2
0.8028798549288911,-3.4261010431434062,2
0.8033261979769026,-3.4214963947742376,2
0.8068648156346292,-3.415086013302817,2
0.8083050556453557,-3.407729552055118,2
0.8105455415961558,-3.401534472831514,2
0.8120391988966915,-3.3974044200157785,2
0.8123841471666289,-3.3947601610320763,2
0.8143366169578918,-3.3944328323517112,2
0.812938789302839,-3.396607114163322,2
0.8113886099543102,-3.397513335117738,2
0.8108337334967342,-3.3956665764446523,2
0.8088814394464983,-3.395993759281394,2
0.8070234519528281,-3.3943664350920617,2
0.80550519907856,-3.39009917861312,2
0.8047905898042735,-3.3869904845149286,2
0.8058737554140407,-3.382288345460795,2
0.806956100899006,-3.3775868870102297,2
0.806641790335787,-3.3750587380804635,2
0.808127715031036,-3.370935102384056,2
0.8100193278289147,-3.367387539318365,2
0.8121592977067884,-3.3631521202621144,2
0.8136459253661528,-3.3590279011912276,2
0.815786949690203,-3.3547916070732526,2
0.8168669519614422,-3.3500920932043012,2
0.8169552833230149,-3.3481425448613447,2
0.8192565676868586,-3.3451677486376123,2
0.8213991150998279,-3.340930190541588,2
0.8246061408058374,-3.3371529839386582,2
0.8260063702549552,-3.3349767089308937,2
0.8276551325250949,-3.3321124320889552,2
0.8308657316320378,-3.3283322599990584,2
0.8330127897314181,-3.324090958583426,2
0.8347516993537631,-3.3192756263477783,2
0.8343427307519207,-3.3187022761313294,2
0.8354969463347679,-3.3172119125325032,2
0.8335244420661727,-3.31755586738568,2
0.8320480661541296,-3.316524596403154,2
0.831724617057386,-3.3140040313416907,2
0.8323062063386981,-3.3106816392755167,2
0.8317332285551036,-3.308849902495412,2
0.8333828695303875,-3.3059848964353673,2
0.8322287711082197,-3.3074751628051136,2
0.8327243136613447,-3.3061004231148203,2
0.8323978183867613,-3.303582386009454,2
0.8309164045652153,-3.302555295877406,2
0.8316588396897497,-3.3004939155600663,2
0.8324012748142877,-3.2984325352427284,2
0.8320722020046087,-3.295916637177143,2
0.8306698638504244,-3.292947679799518,2
0.8305853403984393,-3.289747085688507,2
0.8316539195027808,-3.285057051654933,2
0.8322278933394927,-3.2817409794790056,2
0.8330481153638445,-3.277738801435982,2
0.8362665642367588,-3.273952114997675,2
0.8379162637923887,-3.27108706032309,2
0.8378276982967261,-3.2678898206153644,2
0.839309405207274,-3.263769685165869,2
0.8399594671138484,-3.2585142250859285,2
0.8401142207886778,-3.2546333102381233,2
0.8402675685352765,-3.2507535621392876,2
0.838428026053883,-3.2472346867536874,2
0.8360929410193627,-3.2450905510583823,2
0.8365849687518985,-3.243718728240511,2
0.8353299443816908,-3.242022012570555,2
0.8329903486607542,-3.2398816201948613,2
0.8318038554961511,-3.236251787896604,2
0.8285490869978105,-3.2349216328411092,2
0.8264468352523675,-3.2321025240084555,2
0.8236085336397903,-3.231339496508239,2
0.8214347045109012,-3.2304560322599905,2
0.8176846277808103,-3.2305004224366307,2
0.8162395845565165,-3.2275669050589553,2
0.8136393884638888,-3.226124529112754,2
0.8110374349609675,-3.2246836116027655,2
0.8092811857443536,-3.2243663512335257,2
0.8080098174584212,-3.2226831990203415,2
0.8054038804921753,-3.221245587299096,2
0.8047969846899363,-3.219441998337878,2
0.8048564945227099,-3.2175163683487984,2
0.8042483685332655,-3.2157138002929297,2
0.8024299733684401,-3.2173243575670902,2
0.8004284718300205,-3.2176923766177605,2
0.8038230560157018,-3.215154013533251,2
0.8033976263374498,-3.214594324002652,2
0.8016371593361384,-3.2142805638803207,2
0.8007854798548344,-3.213161865422693,2
0.7992656373282241,-3.212166666429143,2
0.7964094687110048,-3.2114184663637424,2
0.7951289618915514,-3.2097428980188596,2
0.7940882008416583,-3.207386620020859,2
0.79055976855512,-3.20676532243737,2
0.788178697951281,-3.2046593491562714,2
0.7857443270310398,-3.204473852722977,2
0.7822116769597933,-3.2038560553863924,2
0.7791072098429233,-3.2037956626970043,2
0.7760021569226225,-3.203735756153023,2
0.7721804442287397,-3.205715839528608,2
0.7695518952500606,-3.2042969930199554,2
0.7660144415906842,-3.203683182075684,2
0.7653901474265545,-3.201894031632964,2
0.7639017547483817,-3.198996489015178,2
0.7648525365785837,-3.196280456438375,2
0.7655656229512395,-3.1942434320057735,2
0.7652184996000955,-3.1898662696025823,2
0.7650648513432703,-3.186723040649232,2
0.7651473168747387,-3.1829021161442714,2
0.7650312694023818,-3.1778514390399444,2
0.764438542247369,-3.17415984774391,2
0.764714248551785,-3.17157305114695,2
0.7647907388882587,-3.1677570853251087,2
0.7661735699754804,-3.1655952488358388,2
0.7662486543837161,-3.1617804497629702,2
0.7671954527505935,-3.159067722974914,2
0.767468874421624,-3.1564828223450263,2
0.7693257490760601,-3.1529640877017844,2
0.7698352845353789,-3.149701491520293,2
0.771018489592258,-3.146310826107923,2
0.7717637287774668,-3.142370874676603,2
0.7736215407173894,-3.138851362200713,2
0.7745331400938724,-3.138044090367476,2
0.7765935070812908,-3.1357509760876674,2
0.7775407740909142,-3.1330378603832862,2
0.778251224348125,-3.131003023605002,2
0.7780836339696524,-3.1278713649122665,2
0.7767990773107325,-3.124322913354625,2
0.7752430907124435,-3.1233577095324954,2
0.7737181439001919,-3.1204905023879164,2
0.7698942559378175,-3.120596146885447,2
0.7672172024350665,-3.1192175532162434,2
0.7658635365629038,-3.119478942048353,2
0.7645098706907412,-3.1197403308804645,2
0.7654219387099648,-3.118932670130903,2
0.7658924088762458,-3.1175787374638944,2
0.7650086273669352,-3.116486679774402,2
0.7655067982397021,-3.1132335148137447,2
0.7655343817854927,-3.1113343797491737,2
0.7655616138492309,-3.1094355363718478,2
0.7637630696249147,-3.1091533757007728,2
0.7621987646179065,-3.1081950751433762,2
0.7619898828933565,-3.1069739273176626,2
0.7613370015217953,-3.105208500770649,2
0.7602392417980894,-3.1028995247204545,2
0.7598187836532002,-3.1004594653378827,2
0.7598422665749851,-3.0985637332911384,2
0.7582733923012199,-3.0976092246678935,2
0.7578504737819234,-3.0951712070960173,2
0.7576602713910212,-3.092058313615871,2
0.7577024336464486,-3.0882708359147006,2
0.7584030424060231,-3.0862441663792026,2
0.7573159365089577,-3.0820501048666102,2
0.7564401727108532,-3.0790751493690394,2
0.7553297010526947,-3.076776722674106,2
0.7535365970044889,-3.0746138032347297,2
0.752439063806353,-3.070428395110328,2
0.7520052493432487,-3.0679994198429625,2
0.7520052493432487,-3.0679994198429625,2
0.7536014728414369,-3.0670549878597964,2
0.7561125762153225,-3.0653005616291384,2
0.7574927711871062,-3.0631409127941858,2
0.7595716417671436,-3.058956198703564,2
0.7618840486003773,-3.0540959281011144,2
0.7623497151785248,-3.052745981826421,2
0.7625977129806625,-3.0501821799070665,2
0.7623649382719293,-3.0508571044298733,2
0.7589485544028243,-3.0515373145073657,2
0.7587301240823532,-3.0503240908517313,2
0.7589761887331683,-3.0477618932122112,2
0.7587571726092683,-3.0465491557019817,2
0.7583056746783452,-3.046011099641861,2
0.7569504779214622,-3.0443975148359765,2
0.7551419086626865,-3.042247429635262,2
0.7542475748958282,-3.0392878849469955,2
0.7533416500168304,-3.0382142035537694,2
0.7535731945383581,-3.0375402999363104,2
0.7506031535299833,-3.038762844153478,2
0.7480957329219216,-3.0386379700520525,2
0.7462725849535108,-3.0383762274879373,2
0.7440019147217143,-3.035696885458915,2
0.7424076751593862,-3.0347634269316615,2
0.7430989696444161,-3.0327444871080846,2
0.7428743883879179,-3.031536367979193,2
0.742879887144376,-3.0296555605963515,2
0.7447119901094776,-3.02803362751974,2
0.7435758016807092,-3.0257565426080415,2
0.7433502245583767,-3.024549249926338,2
0.744727080450609,-3.022392372120187,2
0.7461042878248936,-3.020235202626793,2
0.746338870728465,-3.017682533437192,2
0.7484074311681237,-3.0135063755056812,2
0.7484145623783895,-3.009747969299667,2
0.7502532185461224,-3.006244353778486,2
0.7509439858080604,-3.0042258514857743,2
0.7511742415620404,-3.003553017388203,2
0.7504888481000762,-3.00181457191111,2
0.750492815971814,-2.9980587908902727,2
0.7493469032060958,-2.9957897759922805,2
0.752104012650447,-2.991473200736637,2
0.7560096123956193,-2.9894235013392123,2
0.7583109475440093,-2.9845724188848965,2
0.7592331929513385,-2.9800038239732203,2
0.7578535681913934,-2.9784105114306794,2
0.7590039760519431,-2.976923307776975,2
0.7594642532385301,-2.975577834039994,2
0.7608452097547733,-2.9734175532160183,2
0.757622410344883,-2.973455361898223,2
0.7550911553329804,-2.9752265115307814,2
0.7555506123947655,-2.973881718397365,2
0.7541674728142347,-2.9722913227272496,2
0.7532420328852005,-2.9693575923599305,2
0.7539301640316989,-2.967341277721534,2
0.7553097146197096,-2.965182163646526,2
0.757381211872314,-2.9628798126040437,2
0.7582994230317652,-2.9601908097116993,2
0.7606017618417855,-2.957215138426239,2
0.7622156766035886,-2.9562560248518768,2
0.7642920438204612,-2.955825876418583,2
0.7635973360839472,-2.954095160653413,2
0.7638271817755271,-2.9534226668576267,2
0.7640570274671017,-2.9527501730618386,2
0.7628984613472767,-2.9504916589045695,2
0.7652029090496448,-2.9475142374956587,2
0.767270993050758,-2.941462230864424,2
0.7688795028294084,-2.936755114595691,2
0.7714208922406574,-2.9349755546476466,2
0.7737290890849859,-2.9319950219081488,2
0.7748872373466149,-2.9323776387511575,2
0.7744268429993397,-2.9337232097172166,2
0.7776663378070108,-2.9336715458909985,2
0.7790542145995332,-2.933381766167299,2
0.7792848218355743,-2.9327086403824865,2
0.779748152995797,-2.9332368763054504,2
0.7802113669953332,-2.9337652094574977,2
0.780905246811253,-2.933620368210187,2
0.7804436808571182,-2.9349669114670522,2
0.7820621063053359,-2.93400405457308,2
0.7818312061675847,-2.9346774234305943,2
0.7818312061675847,-2.9346774234305943,2
0.7818312061675847,-2.9346774234305943,2
0.7816003060298282,-2.935350792288112,2
0.7811385057543241,-2.9366975300031406,2
0.7809076056165694,-2.9373708988606566,2
0.7806767054788164,-2.9380442677181726,2
0.7813701752323325,-2.937899766772647,2
0.7820636449858469,-2.9377552658271195,2
0.7802149052033069,-2.939391005433201,2
0.7795215526104737,-2.9395354091496486,2
0.7792907110530631,-2.9402087293926247,2
0.7783655718215385,-2.9391509935686457,2
0.7783655718215385,-2.9391509935686457,2
0.7781348474248126,-2.93982421658254,2
0.7785974170405758,-2.9403530844945305,2
0.7783666340635094,-2.941026356122965,2
0.7790598694956543,-2.940882049635599,2
0.7790598694956543,-2.940882049635599,2
0.7802153816418489,-2.941266854132923,2
0.7802153816418489,-2.941266854132923,2
0.77998442292375,-2.941940271604981,2
0.7809085584936497,-2.941122596260099,2
0.7802155065983314,-2.943142994519885,2
0.7811395835878816,-2.9423253677895502,2
0.7827568960095839,-2.9413634345718442,2
0.8236396315410008,-2.784159385558107,2
0.8233924968524207,-2.782969983027268,2
0.8221901126359707,-2.7807478325462114,2
0.8221901126359707,-2.7807478325462114,2
0.8228975245111396,-2.7805917613400712,2
0.8228975245111396,-2.7805917613400712,2
0.8228975245111396,-2.7805917613400712,2
0.8228975245111396,-2.7805917613400712,2
0.8233572158942977,-2.7792467737484916,2
0.8226676788195615,-2.7812642551358593,2
0.8228975245111396,-2.7805917613400712,2
0.8224198997472065,-2.7800753873649633,2
0.823834840658229,-2.7797631477235996,2
0.823834840658229,-2.7797631477235996,2
0.8231273702027178,-2.7799192675442814,2
0.8236049363863049,-2.780435690133931,2
0.823834840658229,-2.7797631477235996,2
0.8226496868584405,-2.7794029421837134,2
0.8226496868584405,-2.7794029421837134,2
0.8207752888856312,-2.78105997495849,2
0.8193604651352882,-2.781372117370772,2
0.8184235590505988,-2.782200390685457,2
0.8191309123454236,-2.7820443680938567,2
0.8205456189350802,-2.781732322910658,2
0.8181940648410801,-2.782872592794,2
0.8198382656402519,-2.7818883455022583,2
0.8212529722299085,-2.781576300319058,2
0.8210232436990168,-2.7822486968857643,2
0.8240823854092127,-2.7809522099526607,2
0.8240823854092127,-2.7809522099526607,2
0.8250197601366445,-2.780123547721651,2
0.8252670119859182,-2.781312853023408,2
0.8252670119859182,-2.781312853023408,2
0.8257441681071089,-2.781829615914841,2
0.8236224597046835,-2.7822973920023983,2
0.8238524225569481,-2.781624800977527,2
0.8245597172714341,-2.7814688270004684,2
0.8250369319729671,-2.7819855412773595,2
0.8247897387040375,-2.7807961873610623,2
0.8231451278424657,-2.7817807749545853,2
0.822207987436407,-2.7826092427274336,2
0.8229152235705417,-2.782453317364917,2
0.8224378331279851,-2.7819367489316438,2
0.8215007513022652,-2.782765168089954,2
0.8224378331279851,-2.7819367489316438,2
0.8231451278424657,-2.7817807749545853,2
0.8233750321143845,-2.781108232544259,2
0.8231451278424657,-2.7817807749545853,2
0.822207987436407,-2.7826092427274336,2
0.822702608295625,-2.7849877561018737,2
0.8229662118564107,-2.788039735562908,2
0.8217994600801415,-2.789540502673381,2
0.8234427821741708,-2.788556984599742,2
0.8234427821741708,-2.788556984599742,2
0.8227361318434614,-2.7887124238168557,2
0.8225060518305103,-2.7893851120708053,2
0.8229662118564107,-2.788039735562908,2
0.8217994600801415,-2.789540502673381,2
0.8220294815127485,-2.788867863033973,2
0.8229662118564107,-2.788039735562908,2
0.8215527940343037,-2.7883507112262187,2
0.8210928683297745,-2.7896958932759564,2
0.8210928683297745,-2.7896958932759564,2
0.820632942625247,-2.791041075325694,2
0.8208629054775116,-2.7903684843008243,2
0.8206161808513297,-2.789178741468202,2
0.8203862765794092,-2.78985128387853,2
0.8222595029453554,-2.7881952233945633,2
0.8203862765794092,-2.78985128387853,2
0.8206161808513297,-2.789178741468202,2
0.8210759893951725,-2.7878336566475443,2
0.8219956064828544,-2.7851434870062306,2
0.8217305384135027,-2.782092722908706,2
0.8210232436990168,-2.7822486968857643,2
0.8217305384135027,-2.782092722908706,2
0.822207987436407,-2.7826092427274336,2
0.8217305384135027,-2.782092722908706,2
0.8236049363863049,-2.780435690133931,2
0.8217305384135027,-2.782092722908706,2
0.8231451278424657,-2.7817807749545853,2
0.8224378331279851,-2.7819367489316438,2
0.8229152235705417,-2.782453317364917,2
0.8247897387040375,-2.7807961873610623,2
0.8226853192986212,-2.783125859775245,2
0.8229152235705417,-2.782453317364917,2
0.8210232436990168,-2.7822486968857643,2
0.8217305384135027,-2.782092722908706,2
0.8217305384135027,-2.782092722908706,2
0.8221901126359707,-2.7807478325462114,2
0.8217305384135027,-2.782092722908706,2
0.8224198997472065,-2.7800753873649633,2
0.8219603255247332,-2.7814202777274595,2
0.8224378331279851,-2.7819367489316438,2
0.822207987436407,-2.7826092427274336,2
0.8217305384135027,-2.782092722908706,2
0.8184422539758387,-2.7840611202631163,2
0.8186718067656997,-2.783388869540028,2
0.8186718067656997,-2.783388869540028,2
0.8179645706315615,-2.7835447949025482,2
0.8191494315296346,-2.7839052435151377,2
0.8231451278424657,-2.7817807749545853,2
0.8224378331279851,-2.7819367489316438,2
0.8231451278424657,-2.7817807749545853,2
0.8238524225569481,-2.781624800977527,2
0.8243296958388253,-2.78214146663988,2
0.8238524225569481,-2.781624800977527,2
0.8238524225569481,-2.781624800977527,2
0.8245597172714341,-2.7814688270004684,2
0.8236224597046835,-2.7822973920023983,2
0.8238524225569481,-2.781624800977527,2
0.8241166119211627,-2.784676294293158,2
0.8250702211994287,-2.785710403450505,2
0.8241166119211627,-2.784676294293158,2
0.8243296958388253,-2.78214146663988,2
0.8240823854092127,-2.7809522099526607,2
0.8233750321143845,-2.781108232544259,2
0.8238524225569481,-2.781624800977527,2
0.8231451278424657,-2.7817807749545853,2
0.8238524225569481,-2.781624800977527,2
0.8240823854092127,-2.7809522099526607,2
0.8233750321143845,-2.781108232544259,2
0.8238524225569481,-2.781624800977527,2
0.8238524225569481,-2.781624800977527,2
0.8252670119859182,-2.781312853023408,2
0.8254970919988658,-2.7806401647694603,2
0.8243296958388253,-2.78214146663988,2
0.8243296958388253,-2.78214146663988,2
0.8238524225569481,-2.781624800977527,2
0.8247722739660048,-2.7789344368780515,2
0.8240647449301495,-2.7790906053132716,2
0.8252497815692514,-2.7794509080822394,2
0.8236224597046835,-2.7822973920023983,2
0.8229152235705417,-2.782453317364917,2
0.8233750321143845,-2.781108232544259,2
0.8236224597046835,-2.7822973920023983,2
0.8233924968524207,-2.782969983027268,2
0.8233924968524207,-2.782969983027268,2
0.8224554150267007,-2.783798402185573,2
0.8226853192986212,-2.783125859775245,2
0.8226853192986212,-2.783125859775245,2
0.8233924968524207,-2.782969983027268,2
0.8243296958388253,-2.78214146663988,2
0.8233924968524207,-2.782969983027268,2
0.8229152235705417,-2.782453317364917,2
0.8236224597046835,-2.7822973920023983,2
0.8229152235705417,-2.782453317364917,2
0.8196269391328848,-2.7844217147193255,2
0.8198566090834358,-2.7837493667671573,2
0.8193790428998433,-2.783232944177511,2
0.8193790428998433,-2.783232944177511,2
0.8198566090834358,-2.7837493667671573,2
0.8236224597046835,-2.7822973920023983,2
0.8243296958388253,-2.78214146663988,2
0.8245597172714341,-2.7814688270004684,2
0.8245597172714341,-2.7814688270004684,2
0.823834840658229,-2.7797631477235996,2
0.8242946492020682,-2.7784180629029454,2
0.8247722739660048,-2.7789344368780515,2
0.8247722739660048,-2.7789344368780515,2
0.8236224597046835,-2.7822973920023983,2
0.8229325711478879,-2.784315165077004,2
0.8226853192986212,-2.783125859775245,2
0.8229152235705417,-2.782453317364917,2
0.8238524225569481,-2.781624800977527,2
0.8226676788195615,-2.7812642551358593,2
0.8245423111137402,-2.7796070279029212,2
0.8245423111137402,-2.7796070279029212,2
0.823834840658229,-2.7797631477235996,2
0.8245597172714341,-2.7814688270004684,2
0.8238524225569481,-2.781624800977527,2
0.8243296958388253,-2.78214146663988,2
0.8243296958388253,-2.78214146663988,2
0.8231451278424657,-2.7817807749545853,2
0.8210232436990168,-2.7822486968857643,2
0.8217305384135027,-2.782092722908706,2
0.8233750321143845,-2.781108232544259,2
0.8219603255247332,-2.7814202777274595,2
0.8212529722299085,-2.781576300319058,2
0.8236049363863049,-2.780435690133931,2
0.8243123482614756,-2.780279618927791,2
0.8236049363863049,-2.780435690133931,2
0.8233750321143845,-2.781108232544259,2
0.8228975245111396,-2.7805917613400712,2
0.8228975245111396,-2.7805917613400712,2
0.8212529722299085,-2.781576300319058,2
0.8210232436990168,-2.7822486968857643,2
0.8210049588361787,-2.7803876270063235,2
0.8214827007608001,-2.7809039037523497,2
0.8207935151681269,-2.7829210934524724,2
0.8212529722299085,-2.781576300319058,2
0.8236049363863049,-2.780435690133931,2
0.8233750321143845,-2.781108232544259,2
0.8229152235705417,-2.782453317364917,2
0.8226853192986212,-2.783125859775245,2
0.8219956064828544,-2.7851434870062306,2
0.8229325711478879,-2.784315165077004,2
0.822702608295625,-2.7849877561018737,2
0.8224554150267007,-2.783798402185573,2
0.8217305384135027,-2.782092722908706,2
0.8200862790339833,-2.783077018814991,2
0.8205456189350802,-2.781732322910658,2
0.8203159489845362,-2.782404670862821,2
0.8207935151681269,-2.7829210934524724,2
0.8217482960532472,-2.7839542303190115,2
0.822207987436407,-2.7826092427274336,2
0.8215007513022652,-2.782765168089954,2
0.8219603255247332,-2.7814202777274595,2
0.8219603255247332,-2.7814202777274595,2
0.8214827007608001,-2.7809039037523497,2
0.8219781417448289,-2.7832817365232234,2
0.8229152235705417,-2.782453317364917,2
0.8233924968524207,-2.782969983027268,2
0.8229152235705417,-2.782453317364917,2
0.8231451278424657,-2.7817807749545853,2
0.8236224597046835,-2.7822973920023983,2
0.8238524225569481,-2.781624800977527,2
0.8236224597046835,-2.7822973920023983,2
0.8238696529736078,-2.783486745918699,2
0.8238696529736078,-2.783486745918699,2
0.8240996744062148,-2.7828141062792895,2
0.8236224597046835,-2.7822973920023983,2
0.8236224597046835,-2.7822973920023983,2
0.8231451278424657,-2.7817807749545853,2
0.822207987436407,-2.7826092427274336,2
0.8229152235705417,-2.782453317364917,2
0.8238524225569481,-2.781624800977527,2
0.8233572158942977,-2.7792467737484916,2
0.8219603255247332,-2.7814202777274595,2
0.8233750321143845,-2.781108232544259,2
0.8226676788195615,-2.7812642551358593,2
0.8224378331279851,-2.7819367489316438,2
0.8226676788195615,-2.7812642551358593,2
0.8224378331279851,-2.7819367489316438,2
0.8231451278424657,-2.7817807749545853,2
0.8243123482614756,-2.780279618927791,2
0.825479803001862,-2.7787782684428315,2
0.8240647449301495,-2.7790906053132716,2
0.8243123482614756,-2.780279618927791,2
0.8252497815692514,-2.7794509080822394,2
0.8250022368182695,-2.7782618458531836,2
0.8236049363863049,-2.780435690133931,2
0.8226676788195615,-2.7812642551358593,2
0.8233750321143845,-2.781108232544259,2
0.8226676788195615,-2.7812642551358593,2
0.8224378331279851,-2.7819367489316438,2
0.8217305384135027,-2.782092722908706,2
0.822207987436407,-2.7826092427274336,2
0.8219603255247332,-2.7814202777274595,2
0.8205456189350802,-2.781732322910658,2
0.8210232436990168,-2.7822486968857643,2
0.8203159489845362,-2.782404670862821,2
0.8186718067656997,-2.783388869540028,2
0.8196086542700467,-2.782560644839881,2
0.8203159489845362,-2.782404670862821,2
0.8215007513022652,-2.782765168089954,2
0.8215007513022652,-2.782765168089954,2
0.8212529722299085,-2.781576300319058,2
0.8224378331279851,-2.7819367489316438,2
0.8196086542700467,-2.782560644839881,2
0.8210232436990168,-2.7822486968857643,2
0.8200862790339833,-2.783077018814991,2
0.8210232436990168,-2.7822486968857643,2
0.8210232436990168,-2.7822486968857643,2
0.8217305384135027,-2.782092722908706,2
0.8214827007608001,-2.7809039037523497,2
0.8203159489845362,-2.782404670862821,2
0.8224378331279851,-2.7819367489316438,2
0.8210232436990168,-2.7822486968857643,2
0.8207935151681269,-2.7829210934524724,2
0.8200862790339833,-2.783077018814991,2
0.8189013595555643,-2.7827166188169414,2
0.8203159489845362,-2.782404670862821,2
0.8203159489845362,-2.782404670862821,2
0.8205456189350802,-2.781732322910658,2
0.8210232436990168,-2.7822486968857643,2
0.8217305384135027,-2.782092722908706,2
0.8221901126359707,-2.7807478325462114,2
0.8215007513022652,-2.782765168089954,2
0.8198566090834358,-2.7837493667671573,2
0.8207935151681269,-2.7829210934524724,2
0.8200862790339833,-2.783077018814991,2
0.8203340581063401,-2.7842658865858887,2
0.8205637866372317,-2.7835934900191805,2
0.8212709641910294,-2.783437613271202,2
0.8198566090834358,-2.7837493667671573,2
0.8193790428998433,-2.783232944177511,2
0.8200862790339833,-2.783077018814991,2
0.8217305384135027,-2.782092722908706,2
0.8215007513022652,-2.782765168089954,2
0.822207987436407,-2.7826092427274336,2
0.8224378331279851,-2.7819367489316438,2
0.822207987436407,-2.7826092427274336,2
0.8231451278424657,-2.7817807749545853,2
0.8229152235705417,-2.782453317364917,2
0.8219603255247332,-2.7814202777274595,2
0.8219603255247332,-2.7814202777274595,2
0.8217305384135027,-2.782092722908706,2
0.8219603255247332,-2.7814202777274595,2
0.8214827007608001,-2.7809039037523497,2
0.8215007513022652,-2.782765168089954,2
0.7285554487327275,-2.8762314510719236,2
0.7283311681737388,-2.876899326486374,2
0.7285554487327275,-2.8762314510719236,2
0.7278551250790688,-2.8763816399186766,2
0.7294801115257137,-2.8754133381961804,2
0.7271548014254101,-2.8765318287654296,2
0.7259782003557085,-2.876164525502645,2
0.7229815716673755,-2.879285378337194,2
0.7241295777338568,-2.8778001678796468,2
0.7257541541180981,-2.876832206458932,2
0.7252778181217092,-2.8763147629639363,2
0.7239056486569275,-2.8784677516068573,2
0.7260062681358423,-2.8780174767538416,2
0.7269306380271132,-2.8771996069508,2
0.7262303729537969,-2.877349747183011,2
0.7253060616428719,-2.878167568371513,2
0.7257821633178843,-2.87868520632467,2
0.7294801115257137,-2.8754133381961804,2
0.727630903100426,-2.877049466718587,2
0.7292557723863844,-2.8760812622251706,2
0.731132228466997,-2.876298765557525,2
0.734607536365445,-2.8736934116363546,2
0.7385598246440548,-2.8716049664502368,2
0.7420378858186254,-2.868997327645669,2
0.7452918421752397,-2.86705741841193,2
0.7450663314290491,-2.867726314731728,2
0.7462422881149795,-2.8680941527544572,2
0.7438901404217546,-2.8673586711671604,2
0.7431892895450076,-2.8675092975447782,2
0.7432139596652405,-2.869365068439315,2
0.7413371521025685,-2.8691478567942035,2
0.7381097404371602,-2.87294198125719,2
0.7360084179941335,-2.8733928394846906,2
0.7344087460514945,-2.8762163773417804,2
0.7325847935498739,-2.8797077906133204,2
0.733284707141129,-2.8795579420683524,2
0.7358838723622512,-2.881482923415568,2
0.736808710896268,-2.880664664696205,2
0.7354336709946736,-2.882820035451603,2
0.7345090667820315,-2.8836380997128046,2
0.7315110907458031,-2.8867600706817846,2
0.7320096950683581,-2.889135278267476,2
0.732957563472997,-2.8901741516497843,2
0.7353025643643711,-2.8909155642110065,2
0.7350543166492685,-2.8897270853564336,2
0.7355048694989073,-2.888389681633157,2
0.7341067997266872,-2.888687920286884,2
0.7343319589908184,-2.888019315654331,2
0.7343319589908184,-2.888019315654331,2
0.7334077648405746,-2.8888370396137493,2
0.7322346785914569,-2.888466819478543,2
0.732684645637665,-2.8871299019006695,2
0.7352325960473465,-2.885344897124101,2
0.7348058346127964,-2.8885388009600206,2
0.7336328655243616,-2.8881684835957344,2
0.734533268259522,-2.885494259523668,2
0.7343319589908184,-2.888019315654331,2
0.7324352848960469,-2.885942346722363,2
0.7310366293203963,-2.8862410715214963,2
0.734758368943309,-2.8848257035056513,2
0.7329096291607691,-2.886461443111733,2
0.734983469627096,-2.8841571474876346,2
0.736808710896268,-2.880664664696205,2
0.7346845343236392,-2.879258244978411,2
0.7318588624904923,-2.8780029863981813,2
0.732057067001012,-2.875480506838162,2
0.7327573906546707,-2.875330317991409,2
0.7332066547367564,-2.873993983788022,2
0.7336559188188456,-2.872657649584637,2
0.7334045077652185,-2.8714717959152445,2
0.7340782281473217,-2.8694674404537857,2
0.7340509219116491,-2.8676138572135645,2
0.7349489814330816,-2.8649415777231155,2
0.7344721767939504,-2.8644245231444394,2
0.7349210893939802,-2.8630884806282957,2
0.7346684481531476,-2.8619036478642546,2
0.7346399117302731,-2.8600510855293813,2
0.7374468300578361,-2.8594456631464933,2
0.7350885900089317,-2.858715237471399,2
0.7353416413121643,-2.859899729933659,2
0.7392996704643942,-2.8578065205225833,2
0.7409005140138945,-2.854982010374682,2
0.7427266339882124,-2.8514887983651462,2
0.7426985076277361,-2.8496358957284915,2
0.7454809315760969,-2.84717455660744,2
0.7477865508853263,-2.8441961629077195,2
0.7496150140733633,-2.8407010063165696,2
0.7486584757779475,-2.8396693278862415,2
0.748376067927035,-2.836632953692675,2
0.746010681076271,-2.835908458991506,2
0.7471638422129434,-2.8344189704544043,2
0.7466845771994031,-2.8339039576864273,2
0.746429768485875,-2.8327209236603803,2
0.7473280623286804,-2.830048449711768,2
0.7489308976098421,-2.8272222866694943,2
0.7498294257740206,-2.824549618262722,2
0.7507279539381955,-2.82187694985595,2
0.7511458111605975,-2.8186904354301685,2
0.7520441050033995,-2.816017961481556,2
0.7515308555950817,-2.813654907530962,2
0.7547713306769896,-2.8098499420254726,2
0.7561514670684311,-2.80769034180506,2
0.7575319549419337,-2.805530449897404,2
0.7601010528554646,-2.803727895271754,2
0.7624142876092925,-2.8007431816817814,2
0.7628324377334081,-2.7975564241832984,2
0.7632500020540931,-2.7943701528302203,2
0.7634421142089334,-2.791852729182402,2
0.7619934232244958,-2.7903167331829852,2
0.7619595559904013,-2.7884685947712846,2
0.7612172224349614,-2.786777402627454,2
0.7628580841545762,-2.7857959263645125,2
0.764465020059756,-2.7829663603044157,2
0.7665562588879826,-2.780647626161816,2
0.7653981770024938,-2.7821411983203124,2
0.7641710718812558,-2.7799395631753008,2
0.7653290366060652,-2.7784460882458877,2
0.768354721144572,-2.775301122599304,2
0.7695135059941762,-2.773806967066321,2
0.773284511685624,-2.7723507142220036,2
0.7723501831360267,-2.773176848496913,2
0.7730593524214893,-2.773019318854562,2
0.7744776909924145,-2.77270425956986,2
0.7758628652933623,-2.7705404784989742,2
0.7779579118438846,-2.768218584411251,2
0.7779245718328802,-2.766370008468689,2
0.7776655453346493,-2.7651904746895504,2
0.7781162153449728,-2.763852973737194,2
0.7785668853552927,-2.7625154727848376,2
0.7801785076879195,-2.7596820175615058,2
0.7792084959135934,-2.7586615204754708,2
0.7819816563719506,-2.7543316248357606,2
0.7824324435429624,-2.7529940266543242,2
0.7844960246534534,-2.7488220009587483,2
0.7853978333168445,-2.746146610137714,2
0.7879485877872003,-2.7424830342471616,2
0.7893372183283862,-2.740316384918394,2
0.7923762006047657,-2.7371603837711405,2
0.7911422415833993,-2.7349644365273527,2
0.7913321276852017,-2.7324488602320685,2
0.7908086852971756,-2.7300942652115037,2
0.7908086852971756,-2.7300942652115037,2
0.7917470558904416,-2.729264776533306,2
0.7938858111727001,-2.7287828536144954,2
0.796737484882378,-2.7281402897227487,2
0.8000067229127463,-2.724311454477924,2
0.8030858991002781,-2.722998341372005,2
0.8061655439305575,-2.721684839349761,2
0.8085322703334157,-2.7205319783004587,2
0.8080787884666236,-2.721871812750752,2
0.8102185981950623,-2.721389014770212,2
0.8130396851698549,-2.718895590052508,2
0.8120667443783773,-2.7178775236934865,2
0.8129746453974427,-2.7151970769602514,2
0.8129415982881554,-2.713348257944988,2
0.8164789427699191,-2.710691421225544,2
0.8185890444686184,-2.708357033200942,2
0.8187835584175271,-2.7058376163569644,2
0.8196923967220862,-2.703156391791083,2
0.819171180387098,-2.700799949417984,2
0.8183875984743327,-2.697266744294545,2
0.8188065101429096,-2.6940793548070374,2
0.8175662244444837,-2.6918886579336156,2
0.8179834372831092,-2.688702678267779,2
0.8170040526538926,-2.6876899595082033,2
0.8151186415765821,-2.6893561318165737,2
0.8143650605952715,-2.6876742736645003,2
0.8143273270585283,-2.6858293438124683,2
0.8140630869097674,-2.6846541367274224,2
0.8137599416174055,-2.6816349720811523,2
0.813003783100994,-2.6799552529688544,2
0.8117553547348813,-2.6777713135165477,2
0.8100134263318566,-2.6750841746295784,2
0.8080857710313918,-2.6749091604055266,2
0.8059326049847382,-2.675403042501273,2
0.8068755448447646,-2.674569761888927,2
0.805172287263968,-2.6737267750213416,2
0.8034683267190577,-2.6728843715282444,2
0.8046361915218441,-2.6713826807415,2
0.8038743507121566,-2.6697076772396215,2
0.8033364975597372,-2.6673650413959926,2
0.8013601541983775,-2.6653541882389593,2
0.8018090667984055,-2.6640181457228174,2
0.8030672195014699,-2.6661940151614214,2
0.8027977071218331,-2.66502318338501,2
0.8014053860190291,-2.6671928954298245,2
0.7979035490209618,-2.6716965093538363,2
0.7974095803413057,-2.671193698835495,2
0.7974095803413057,-2.671193698835495,2
0.796467050543681,-2.672026639146061,2
0.7960186065863972,-2.6733622927458818,2
0.794134132794575,-2.675027687221606,2
0.7929680254020841,-2.6765279195721323,2
0.7918021523309626,-2.6780279574645025,2
0.7906365135812088,-2.6795278008987076,2
0.7901886554273574,-2.680862968353127,2
0.7878583152133434,-2.6838618773888943,2
0.7890233681596648,-2.6823625201000905,2
0.7887994976630832,-2.6830300552127593,2
0.7907275630259498,-2.683204729135028,2
0.7874909615900343,-2.6353336343407303,2
0.7862693122365041,-2.635003715659506,2
0.7841589762164318,-2.6373382981422715,2
0.7846032023890146,-2.6360061447893592,2
0.7833813187141132,-2.6356764205662966,2
0.782381079482759,-2.6346810085831027,2
0.7828248370125959,-2.633349244146512,2
0.7813803716086554,-2.633685985516232,2
0.7844912983421395,-2.632346523329419,2
0.7871025155223474,-2.6305090148492276,2
0.7871025155223474,-2.6305090148492276,2
0.7861579939930579,-2.6313436080541646,2
0.7844912983421395,-2.632346523329419,2
0.7842693024165364,-2.633012502776795,2
0.7834335254180846,-2.629522613208845,2
0.7835402782172594,-2.625199783330334,2
0.7801467171072893,-2.625379303397782,2
0.7825374614508114,-2.624206510386914,2
0.7815341760416139,-2.6232136263598242,2
0.780530421989674,-2.6222211312490487,2
0.7788027364058134,-2.6213984166448103,2
0.7777979279077023,-2.620406796595768,2
0.7777373480371566,-2.6185808264144868,2
0.7757869049832316,-2.6184247232466493,2
0.7740567590249654,-2.617604050453103,2
0.772325910102575,-2.616783961034045,2
0.7713185240693665,-2.6157944800247783,2
0.7715388797453677,-2.615129861784533,2
0.7698065663144043,-2.6143109877289827,2
0.7695224674293328,-2.613152260973134,2
0.7677889823915116,-2.61233435920839,2
0.7658350245170045,-2.6121811729129725,2
0.7639464501011659,-2.613849970406525,2
0.7617728980951188,-2.614360770362328,2
0.761048380759771,-2.6145310370142614,2
0.7600379485487174,-2.613544083961095,2
0.7599710420011228,-2.61172336415018,2
0.7599037839714704,-2.6099029360265042,2
0.7574417395546273,-2.609258655316987,2
0.7557039781517574,-2.6084443024136927,2
0.7541841120504778,-2.6069673730808507,2
0.7524447689783429,-2.6061543327701493,2
0.7501972807835315,-2.6048502466598826,2
0.7491102762682775,-2.6020505951949655,2
0.7485298937867828,-2.599743253507663,2
0.7467133340266727,-2.597118049545152,2
0.7465655788098324,-2.5934881801839342,2
0.7445273746061822,-2.5915286639815562,2
0.7415429500432875,-2.590405150805788,2
0.7395009966976716,-2.5884487459339987,2
0.7381849080353025,-2.5863209562758414,2
0.736867413444692,-2.584194333366657,2
0.73743767314512,-2.5803995935674866,2
0.7394645829608475,-2.576258000574196,2
0.7400341396971584,-2.572463844149514,2
0.7401703662046994,-2.5699927987732263,2
0.7397928238766216,-2.567035374593253,2
0.7403600959795522,-2.563243114135643,2
0.7409266651183675,-2.559451437052516,2
0.7425214748925271,-2.5566319342022776,2
0.7420070616731387,-2.5561460901585384,2
0.7438183022403138,-2.5526652262422616,2
0.7446828538055001,-2.5500207542689157,2
0.7445168215216178,-2.5464060526443006,2
0.7453809044440636,-2.543761969587276,2
0.7466770288277296,-2.539795845001743,2
0.7472407861100763,-2.5360065014165567,2
0.7478038404283041,-2.532217741205857,2
0.7474173353077376,-2.529267755050565,2
0.7467275755299134,-2.5251749390941285,2
0.7461227064650142,-2.522887918284706,2
0.7447830099243795,-2.5207797202863294,2
0.7434419074555141,-2.518672689036924,2
0.7430487827561798,-2.515728196324698,2
0.741919776134937,-2.512963401485239,2
0.7420442279935173,-2.5105021276315735,2
0.7412183588688457,-2.508880259822341,2
0.7413416977009071,-2.5064199096449418,2
0.7407289788700311,-2.5041394031839346,2
0.7418014670784849,-2.500840619252907,2
0.7424449600035601,-2.498861348894293,2
0.7442537987766684,-2.49538247817417,2
0.7456339937484522,-2.493222829339219,2
0.7474438869677336,-2.4897430835573733,2
0.7492543659904456,-2.4862628516301193,2
0.7503280258057625,-2.4829630954082855,2
0.751401685621083,-2.47966333918645,2
0.752690077399464,-2.475703631720247,2
0.7522870526221475,-2.472767354865347,2
0.7531455118316561,-2.470127938804204,2
0.754218585843546,-2.4668286687277714,2
0.7550770450530546,-2.4641892526666247,2
0.7551961661004114,-2.461732402736134,2
0.7564835034326176,-2.4577735703316588,2
0.7580816522863358,-2.45495129645262,2
0.7593693411006015,-2.4509921723609036,2
0.7604424151124842,-2.447692902284471,2
0.7613008743219929,-2.445053486223326,2
0.7638561394787633,-2.441386167013164,2
0.7653592632202084,-2.436766508302597,2
0.7656911244989679,-2.433651360022113,2
0.7667644914125695,-2.430351846872979,2
0.7676231849434494,-2.427712236353674,2
0.7679539331956917,-2.4245980117494526,2
0.7682840956445016,-2.421484273290641,2
0.7693568767546726,-2.418185246286912,2
0.7702151016428118,-2.4155460246839286,2
0.7715024389750145,-2.4115871922794554,2
0.7733193032551249,-2.408101661367299,2
0.7743923772670112,-2.4048023912908683,2
0.7751498947495961,-2.4003705004667744,2
0.7764372320818023,-2.3964116680622993,2
0.7777245694140085,-2.392452835657826,2
0.7790119067462147,-2.388494003253351,2
0.7778434282487119,-2.3840300082058175,2
0.7762442319851957,-2.3800209776554837,2
0.7736327358715815,-2.375532083072331,2
0.7712879483615396,-2.3717115010974332,2
0.7696889279910195,-2.367702611396968,2
0.7680899076204994,-2.3636937216964995,2
0.7664908872499794,-2.3596848319960344,2
0.7648918668794593,-2.3556759422955675,2
0.764304604022314,-2.35214648234083,2
0.7627054957052977,-2.3481375222154313,2
0.7625965438388675,-2.343750843314936,2
0.7620088119337378,-2.3402210077605528,2
0.7621658650989165,-2.3365020780688432,2
0.7608329083909986,-2.3331609845271224,2
0.7594999516830807,-2.3298198909853998,2
0.7579004036335828,-2.3258105787353323,2
0.7573120707607242,-2.3222802619439022,2
0.7554458287653976,-2.3176026488230708,2
0.7541127987687322,-2.314261496593904,2
0.7545351533935403,-2.3112097527115143,2
0.7546906088640295,-2.3074895436335154,2
0.7545790772336947,-2.3031007989349703,2
0.7544671938173799,-2.2987117725366897,2
0.75387764435132,-2.2951804815336825,2
0.7527544431541102,-2.2903123775143417,2
0.7506767893223838,-2.2871604485348787,2
0.7490763618079139,-2.2831504320354767,2
0.7464654959775245,-2.2786620421643473,2
0.744865156409551,-2.274652096089879,2
0.743741603426356,-2.2697837103708043,2
0.7406543321126726,-2.2661540653189967,2
0.7381007711611378,-2.263861280233474,2
0.7358140947061784,-2.2622369486060734,2
0.7344808448432723,-2.258895620314574,2
0.732671057577333,-2.2564129312049914,2
0.7308613875733858,-2.2539303359953173,2
0.7318143451174564,-2.252212963731573,2
0.7302713397438438,-2.2503986459176915,2
0.7282520168334372,-2.249443143348058,2
0.7274521988354401,-2.2474384520105577,2
0.7256428513019824,-2.2449561150256425,2
0.7230907561253943,-2.242664503689012,2
0.7225576320732259,-2.241328113222277,2
0.7215482491152603,-2.2408505849497526,2
0.7217579459949732,-2.2393235275221777,2
0.7207486070102576,-2.2388460344621173,2
0.7202155122735867,-2.2375096674703627,2
0.7189396992092867,-2.236364049601871,2
0.7161785667517115,-2.235600023879819,2
0.7151126118023612,-2.23292747769613,2
0.7145227252080666,-2.2293959167308746,2
0.7134567116277211,-2.226723323597229,2
0.7123906980473702,-2.224050730463585,2
0.7125429141552289,-2.220327927400538,2
0.7129613991341799,-2.217273084821077,2
0.7138552928694573,-2.2133586992730514,2
0.7144820968996726,-2.2087756959420624,2
0.7146329938100795,-2.2050518365050102,2
0.7147835975654964,-2.201327742318183,2
0.7141919813567661,-2.1977947963292372,2
0.714075319514123,-2.193401943509574,2
0.7134833222039028,-2.189868692345918,2
0.7113491843272861,-2.1845218158802293,2
0.7104901412852502,-2.1803199821460737,2
0.7106392059769764,-2.1765946555229085,2
0.7117962464827183,-2.1733457303733363,2
0.7114701955731029,-2.1704801814685126,2
0.7116184394308593,-2.1667541975459663,2
0.7114994616638093,-2.162359490203059,2
0.7119140476814039,-2.1593015254515464,2
0.7120614120741884,-2.1555748372796693,2
0.7114674799410459,-2.1520400367674792,2
0.7106063848140813,-2.147836559784876,2
0.7085304605967888,-2.1446860158291052,2
0.7069886571586306,-2.1428726604893136,2
0.7056537216545422,-2.1395299823865876,2
0.7053264394939713,-2.1366634475326975,2
0.7029838506463513,-2.1328446261811376,2
0.7026564219082907,-2.129977973952357,2
0.7013214131154477,-2.126635237162187,2
0.6989790441340702,-2.1228165918729616,2
0.6984450699324327,-2.121479520631871,2
0.6981173920126302,-2.1186126688657794,2
0.697522580414514,-2.115077164104253,2
0.6944402634201516,-2.111451486323695,2
0.6926322643996414,-2.108970229187758,2
0.6935173341697514,-2.1050487776714117,2
0.6934562182760349,-2.1028501211386867,2
0.6923880939797638,-2.10017583780664,2
0.6937450546463282,-2.0953920263243884,2
0.6941561521195521,-2.0923312680505184,2
0.6940327183966666,-2.0879329925109786,2
0.6944432881909108,-2.0848718116875062,2
0.6931073999331048,-2.0815283706480017,2
0.6925109466670492,-2.0779915512877203,2
0.6916471398564372,-2.0737859028696697,2
0.6893046389553135,-2.0699671519430414,2
0.6884406562517125,-2.065761362675124,2
0.6888500534260054,-2.0626992428525384,2
0.6892592160763016,-2.059636935230131,2
0.6891335543754966,-2.0552368755922785,2
0.6888032820340388,-2.0523679462906497,2
0.6882055682015302,-2.0488301175063217,2
0.6874035955143647,-2.046823700757951,2
0.6870730300179204,-2.043954536706547,2
0.6857363355838899,-2.0406104501051505,2
0.6851382259921515,-2.037072304408621,2
0.684068811813928,-2.0343969881775497,2
0.6849474028587768,-2.0304703486911038,2
0.6860929956621931,-2.0272122565626898,2
0.6864999010190722,-2.0241481413669913,2
0.6869065718519636,-2.021083838371471,2
0.6885218862049172,-2.016961649128799,2
0.6896660865221342,-2.013702441938941,2
0.6900718485745578,-2.0106374112191077,2
0.6900069949547323,-2.0084357616267106,2
0.6899420533884033,-2.00623404160938,2
0.6900795970890563,-2.002499489319934,2
0.6882057623795106,-1.9978157961798448,2
0.6868673090155468,-1.9944703010797813,2
0.6857965463243758,-1.9917939049997315,2
0.6851957103912305,-1.9882535761302638,2
0.6848624478688876,-1.985382252380898,2
0.6835238479274306,-1.9820366399059441,2
0.6846652486145022,-1.978775190855707,2
0.684331561017423,-1.9759035267191614,2
0.6837299628813085,-1.9723625875002728,2
0.6836638340372794,-1.9701599167463417,2
0.6832634752594391,-1.965085147568777,2
0.6829292160101339,-1.962213025670163,2
0.6827961081725995,-1.9578070033879431,2
0.6811888208313874,-1.9537914937437328,2
0.6815240860304446,-1.9485202944982731,2
0.6809211980123759,-1.9449783223803578,2
0.6817914927710333,-1.941045039475192,2
0.6821927695521275,-1.9379764170837515,2
0.6818572643941145,-1.935103297498582,2
0.6819900736416962,-1.931364954000216,2
0.6821225897342806,-1.9276263757520713,2
0.6820546873025677,-1.9254222847619822,2
0.6814504654292985,-1.9218792445325796,2
0.6823185175522894,-1.9179441657916083,2
0.6824499929446688,-1.914204754181755,2
0.682381518860721,-1.9120002054295977,2
0.6825125398628664,-1.9082604299575827,2
0.683647491140178,-1.9049938164122224,2
0.6858553744555778,-1.9044053360952748,2
0.6846517438858299,-1.9054672365636307,2
0.6823750053850048,-1.9038508629537123,2
0.6800984427771617,-1.9022346301936608,2
0.6790255107390735,-1.8995564969652534,2
0.6786883492553724,-1.896682051043836,2
0.6778145458596363,-1.8924683976583498,2
0.6754693772481097,-1.88864751050874,2
0.6738598912444793,-1.8846302402411936,2
0.6717832194819628,-1.8814790976734876,2
0.6682359740221386,-1.8787213551660642,2
0.6661597419921055,-1.8755705647230272,2
0.6638154968187973,-1.8717504170352193,2
0.6625440077905829,-1.8706082617259536,2
0.6614714275384781,-1.8679304101972782,2
0.6621371263142386,-1.8655282693658268,2
0.6627330171508454,-1.860920511670722,2
0.6631299845535956,-1.8578484384575429,2
0.6667345001418248,-1.8546576312447929,2
0.6683320346446884,-1.8505212044280714,2
0.6689258147653767,-1.8459117565345675,2
0.6695898425576985,-1.8435082776293807,2
0.6691797070609695,-1.8384256795467113,2
0.6667632354198538,-1.8323979783095883,2
0.666352425666652,-1.8273148403024297,2
0.6639356901860474,-1.8212869277905064,2
0.6607848844499902,-1.815456689520298,2
0.6583682808891282,-1.8094288826457756,2
0.6596926134054009,-1.8046189435132085,2
0.6600138657959782,-1.7993365232283534,2
0.6593322139538529,-1.79358176264107,2
0.6596522937244735,-1.7882984033570999,2
0.660973929214844,-1.7834863045265799,2
0.6620260564714968,-1.7780036512274187,2
0.6616108933667029,-1.7729170271860557,2
0.6633947163233955,-1.767234798171975,2
0.6654464937923699,-1.7622218794527083,2
0.6677664456398666,-1.7578784470905848,2
0.6685454295409237,-1.75172232842554,2
0.6683962861254908,-1.747303465330452,2
0.6718785575698067,-1.7337209252254215,2
0.672535593615633,-1.7313118475380218,2
0.6739248823559798,-1.7287036401602762,2
0.6755074219811483,-1.724555205892404,2
0.6785539393163784,-1.7200080896942413,2
0.6770131326051843,-1.7181955325036942,2
0.6781316378876063,-1.714915749495777,2
0.6775159829697657,-1.7113635540250236,2
0.6754361158178703,-1.7082098526847336,2
0.675359448051978,-1.7059987426762788,2
0.6757450410411536,-1.7029175611717058,2
0.6763229907924302,-1.6982954367901808,2
0.674320084561419,-1.6973530802081278,2
0.6735112520475006,-1.695341170314947,2
0.6722402906982659,-1.6941994375552838,2
0.6716239761817029,-1.6906467138975287,2
0.6678115758397354,-1.687221902955672,2
0.664461656119073,-1.6829271965800316,2
0.6609197607377961,-1.6801737382560606,2
0.659110442519836,-1.677691424746122,2
0.6560310570753671,-1.674068094463344,2
0.6574163442501106,-1.6714566827511295,2
0.6579927549376965,-1.6668333259332648,2
0.6613009972416926,-1.6629505315971294,2
0.6670713137466286,-1.659137545736769,2
0.6679153711337555,-1.6551832527264558,2
0.6713002372303922,-1.6535115331863093,2
0.6734141712932953,-1.6506981043614761,2
0.6762585991207839,-1.6476841373476319,2
0.6752577616307516,-1.6472134520311421,2
0.6784829160745929,-1.641114406666409,2
0.6759411985846242,-1.6388311054719242,2
0.6746704277861326,-1.6376895252996153,2
0.674130326645221,-1.6363475477881622,2
0.6710489770623234,-1.6327226446818681,2
0.6699688920424975,-1.6300387835588719,2
0.6683487645127624,-1.6260129918743775,2
0.6694596331077136,-1.6227270936347402,2
0.6704900375796718,-1.617227045377014,2
0.6717898037078562,-1.6123974342130403,2
0.6714391424369044,-1.6095121780643407,2
0.671277921035923,-1.6050836432783928,2
0.6715759702091102,-1.5997826425485933,2
0.6699543475889289,-1.5957556536402286,2
0.6686029954054433,-1.592399829549926,2
0.6677110017426298,-1.5881716099407015,2
0.6683593164275283,-1.585755548447402,2
0.668007585140872,-1.5828694354620083,2
0.6661968011479686,-1.5803859482031832,2
0.6648452290982405,-1.577029948050546,2
0.6639526491254504,-1.5728012589417624,2
0.6623306747192821,-1.568773988333664,2
0.6611674871815598,-1.5638738644445809,2
0.6592750811034485,-1.559175299906041,2
0.6579233624762271,-1.5558191823785172,2
0.6565716438490057,-1.552463064850988,2
0.6542208026884389,-1.5486376352931703,2
0.6520581701468817,-1.5432679411490415,2
0.649707622141305,-1.539442746341006,2
0.6460881941869197,-1.5344774854967298,2
0.6429273039192385,-1.5286391718341523,2
0.6403071890489365,-1.5241433756075224,2
0.6401419221090983,-1.5197116012746363,2
0.6395185572150446,-1.516153231884715,2
0.6418069949012128,-1.511784563921438,2
0.6409126559984859,-1.507554466313989,2
0.6394773364898825,-1.5019816869457507,2
0.6380417824572877,-1.4964087197776905,2
0.6361488633579455,-1.491709744427041,2
0.6347129721971161,-1.486136507296738,2
0.6318221911308814,-1.4809692293398449,2
0.6299292720315428,-1.4762702539891954,2
0.6260413325703951,-1.470635236825526,2
0.6238782309808553,-1.4652651670817516,2
0.6227123903904825,-1.4603629187071725,2
0.6218167616057997,-1.4561317882007003,2
0.6199238425064593,-1.4514328128500509,2
0.6183013404213096,-1.4474051196923519,2
0.6152258246226925,-1.4437848881066468,2
0.6137891126278916,-1.4382109936769627,2
0.6117107845396887,-1.4350585247730105,2
0.6089063600117406,-1.4321101153047433,2
0.6053760589102843,-1.429365941334499,2
0.6032983904208038,-1.4262140006175468,2
0.6004948453578223,-1.4232662953986157,2
0.5979618345710254,-1.4209899662725434,2
0.5948886346968187,-1.4173715892100862,2
0.5910899979815945,-1.4139577997703157,2
0.587291888945348,-1.410544432880144,2
0.5822285643976546,-1.4059939343259629,2
0.5761707198499444,-1.4009778093130087,2
0.5752761317654755,-1.3967475121682469,2
0.5755618684291228,-1.391436651947764,2
0.5765721478110741,-1.3859204881177707,2
0.5783066620985977,-1.3801987741909958,2
0.5796840217321613,-1.3715866044079377,2
0.5815022834785601,-1.368081669696764,2
0.5829632439935057,-1.361686161754415,2
0.5832442755195757,-1.3563715337999902,2
0.5823461256019904,-1.3521383844454284,2
0.5390899294916842,-1.3830678313554259,2
0.5369343326698655,-1.3777037712059723,2
0.5328741615366184,-1.3736258124915306,2
0.5303473070045932,-1.3713544131108009,2
0.5269102076104115,-1.3708345890365017,2
0.5243838807573606,-1.3685636122053744,2
0.5215885293763254,-1.3656224682427407,2
0.5177998745884782,-1.3622166720329165,2
0.5157295056582303,-1.3590705765854434,2
0.5126658919521709,-1.355459875840733,2
0.5094167666530076,-1.3533955993802955,2
0.5073470573214838,-1.3502500321198223,2
0.5050083967507177,-1.3464343564152887,2
0.5026699120729425,-1.342618821560622,2
0.4993387396138331,-1.3383391274332972,2
0.4962770020997098,-1.3347299290871675,2
0.4922230165367285,-1.330656923593045,2
0.4872604570950312,-1.3283368314790884,2
0.4825674645180573,-1.326687340783721,2
0.4776062975625557,-1.324368363731212,2
0.47245988285344076,-1.3235960222377727,2
0.4670454110277955,-1.322154288287102,2
0.4626233924594896,-1.321176525809264,2
0.45847025184168366,-1.3208688130880422,2
0.45477221899721165,-1.3196853009761167,2
0.4523343447406134,-1.3196348710945287,2
0.4493599751494788,-1.3182453511237586,2
0.44684068401617516,-1.3159800082873083,2
0.4445898604163805,-1.31438438655778,2
0.4420710090155602,-1.3121193958459987,2
0.4414528769380599,-1.3085652167396162,2
0.4393889720753208,-1.3054242975247519,2
0.43877069342032726,-1.301870001043481,2
0.43742960166146005,-1.2985223931954142,2
0.43536591666496705,-1.295381650042886,2
0.4340248981948527,-1.2920341008822618,2
0.43214747233668405,-1.2873475320573924,2
0.431260579570683,-1.2831233970943057,2
0.42938305110826924,-1.27843674610701,2
0.42678339845621416,-1.2739573354149005,2
0.4234619294272477,-1.2696854115052343,2
0.4228430058312771,-1.2661305985744509,2
0.4197901509133146,-1.2625285131465986,2
0.41745942018500415,-1.2587191874235657,2
0.4161186948698745,-1.255371873012722,2
0.41405634372858025,-1.252232197971681,2
0.4122622549123083,-1.2497620797127187,2
0.4109216761746737,-1.2464148826767634,2
0.40840634263372166,-1.2441527089623179,2
0.4063445484869064,-1.2410134799458543,2
0.40166574461140314,-1.2393753511397563,2
0.39698752704588003,-1.2377376918332104,2
0.3937522679776997,-1.2356845190372816,2
0.3919596156208751,-1.2332155510522327,2
0.39016708052604443,-1.2307466769670956,2
0.3895488165287997,-1.2271923922233139,2
0.3891982871775923,-1.2243072417120153,2
0.3878588810599144,-1.2209609836751714,2
0.3850778942733477,-1.2180313424516722,2
0.38518006882456035,-1.2142684676014888,2
0.3835727814833483,-1.2102529579572767,2
0.3822333753656686,-1.2069066999204328,2
0.3803582068009206,-1.2022219386688526,2
0.3780305541999951,-1.1984150778184919,2
0.37498280017884333,-1.1948170770367845,2
0.37310793942683596,-1.1901325622724688,2
0.3720365904256848,-1.1874556966928616,2
0.36925731859580146,-1.1845274287555618,2
0.36791827892186113,-1.1811814641559426,2
0.36487166820517203,-1.1775843788983646,2
0.3620931585782561,-1.174656721310491,2
0.3595826620946241,-1.1723984209673848,2
0.35797634216487495,-1.1683836859974424,2
0.35591815382442427,-1.1652473444032498,2
0.35215342048368825,-1.161860703775325,2
0.3486568322059771,-1.1591435260295722,2
0.3463317886844557,-1.1553387544522362,2
0.3465158931336152,-1.1537912033690265,2
0.3459806583655265,-1.1524531227038928,2
0.34517780621338723,-1.150446001706186,2
0.34509414670100647,-1.14822929291552,2
0.34402361853382857,-1.1455530846352904,2
0.3426854583248531,-1.1422078242850056,2
0.34017692597965166,-1.1399510967654116,2
0.3383875716164493,-1.1374847697153694,2
0.3373172193422658,-1.1348087022850084,2
0.33597927899953106,-1.1314636179970563,2
0.3337389796638526,-1.129876423784566,2
0.33240118589861467,-1.1265314568715024,2
0.332049586531701,-1.1236454495235115,2
0.33223304603988346,-1.1220973819907911,2
0.33089510569714875,-1.118752297702839,2
0.32982475342296524,-1.116076230272478,2
0.3275008385481506,-1.1122723624817876,2
0.3237405025322495,-1.1088892431005366,2
0.321952144896013,-1.1064237141997388,2
0.3198964043997261,-1.1032893327661952,2
0.31613716771503597,-1.0999070936966096,2
0.3117446258808858,-1.0989529353089722,2
0.3076198333505289,-1.0986679228913019,2
0.3036788081410915,-1.096835089428172,2
0.300639584930126,-1.0932439198650101,2
0.2972338238042802,-1.092749190541996,2
0.29472963015291853,-1.0904959373191208,2
0.2924927753883537,-1.0889115014165238,2
0.2898054740147913,-1.0882065974261046,2
0.28711834853422147,-1.087501834285554,2
0.2837137600283359,-1.087008043961653,2
0.2809438398426014,-1.0840872645422799,2
0.27772360496761195,-1.0820461226724838,2
0.27477056240193676,-1.0806736807480775,2
0.2713671465160008,-1.0801808294232913,2
0.26814789371022485,-1.0781404739652487,2
0.26474503481876965,-1.0776480686650416,2
0.2603584880041474,-1.0766987109103656,2
0.2557881592108622,-1.0772971624636547,2
0.25400485849818466,-1.0748356829965289,2
0.2521196324160364,-1.0761372779169047,2
0.25068514609788295,-1.076559575674878,2
0.25015228588520344,-1.0752233964829454,2
0.25113594449286936,-1.0756803254624359,2
0.25158671357235995,-1.0748010517750153,2
0.2506030549646905,-1.0743441227955248,2
0.2503366102006037,-1.0736760214620702,2
0.25052087588500704,-1.07212859949124,2
0.2505403143620555,-1.0661497553121855,2
0.24777386806294466,-1.063231757677686,2
0.24617502358541898,-1.059223008827086,2
0.2426922429076992,-1.0565168877958833,2
0.23777644168676204,-1.0542342382715457,2
0.23339394041099126,-1.053288120063808,2
0.23214471650419988,-1.0521637940001973,2
0.2289298463655136,-1.050126948051341,2
0.22741461742711877,-1.0483348727789412,2
0.22420028962515914,-1.046298461117173,2
0.22170275059204414,-1.044050536714261,2
0.21750661105885172,-1.04155867499661,2
0.21455941693520586,-1.0401909163302765,2
0.21232876239866627,-1.038611445385488,2
0.21009828375511752,-1.0370321152905682,2
0.20616968831722104,-1.035209235218037,2
0.20322354955153443,-1.0338423216509085,2
0.20072791602585482,-1.0315959231215572,2
0.19725070529292488,-1.028894262336138,2
0.19350817844261137,-1.0255254040039095,2
0.1914635631781607,-1.0223999313244487,2
0.187721871819571,-1.0190317420290924,2
0.18522770406882572,-1.0167865172486312,2
0.182468132254213,-1.0138740244964257,2
0.17944324432221848,-1.0102943341974129,2
0.17784958868799983,-1.0062897404178859,2
0.1756219683055953,-1.0047126991333037,2
0.1750093915151396,-1.001162968535219,2
0.17296616873688286,-0.9980386109172041,2
0.17163826895252754,-0.9947015668091552,2
0.17012639663875895,-0.9929121794217171,2
0.16763398781795402,-0.9906683631399282,2
0.165141813521144,-0.9884247346579578,2
0.1619349171981579,-0.9863942739030662,2
0.15801347474199545,-0.9845771217251205,2
0.1548073406219821,-0.9825472713196568,2
0.1518668744053393,-0.9811849001607342,2
0.15035617471152563,-0.9793964517724074,2
0.14715089074097953,-0.9773672821412962,2
0.14466059263609843,-0.9751251560579082,2
0.1421705290552122,-0.9728832177743421,2
0.13941553045842348,-0.9699743871186755,2
0.13621152171207918,-0.9679462386491053,2
0.13202841291815304,-0.9654648115590891,2
0.12811089873884463,-0.9636508050281716,2
0.12490810658570695,-0.9616236307701769,2
0.12099147187136694,-0.9598103284885973,2
0.11850357763739439,-0.9575701273533888,2
0.11699485673975829,-0.9557832635260652,2
0.11620027155831636,-0.9537827624721054,2
0.11638456655821727,-0.9522353639762517,2
0.11408137774113669,-0.9484480929948802,2
0.11230805895583984,-0.9459946067577025,2
0.10786384081862366,-0.9428493507801932,2
0.10511247734370599,-0.9399434310217796,2
0.10138305452140628,-0.9365850660046391,2
0.09791883055449624,-0.9338938046343941,2
0.09543316429843784,-0.9316553875975018,2
0.09294773256637612,-0.9294171583604296,2
0.09117590887152893,-0.9269648693471204,2
0.0901175173209019,-0.9242983797077109,2
0.0902210110695627,-0.9205365612315273,2
0.08844931929446176,-0.9180843778556191,2
0.08810399344431197,-0.915203394152881,2
0.08704548463168749,-0.9125368106135596,2
0.08617069916673437,-0.9083223708163164,2
0.0852957378087904,-0.9041077901692045,2
0.08442060055785205,-0.8998930686722275,2
0.08264917262224003,-0.8974410965711197,2
0.08034857822680408,-0.8936559031252855,2
0.07804815972436963,-0.8898708505293147,2
0.07458754156382774,-0.8871824765813425,2
0.07139190239242055,-0.8851610302179367,2
0.06811546196978568,-0.8809251638742008,2
0.06679291226397943,-0.8775924039496026,2
0.06280487191580697,-0.8735722054180837,2
0.05889861488807924,-0.8717672132786483,2
0.056152528202963126,-0.8688655190162429,2
0.0534067346728353,-0.8659640595036144,2
0.050132595516860334,-0.8617300359456355,2
0.04738744692771135,-0.8588290928825177,2
0.04366664286209243,-0.8554776295088526,2
0.039498954020592336,-0.853008550257174,2
0.03773064818561167,-0.8505590782412042,2
0.03525096229133595,-0.8483254500997859,2
0.034458531799060665,-0.8463266744566944,2
0.031267773658225195,-0.8443091366770936,2
0.028260562972077352,-0.8407436017897041,2
0.025964922895964193,-0.8369623756151192,2
0.02295832783528695,-0.8333973337022638,2
0.01976900615389887,-0.83138094619658,2
0.016843974547430918,-0.8300309346134771,2
0.013472102138326392,-0.829563342364823,2
0.01125855319540392,-0.8279975690695913,2
0.007623358122842205,-0.8268643755726224,2
0.004435634136147115,-0.8248492674532244,2
0.000984558170493699,-0.8221685346105314,2
-0.0029131387315466384,-0.8203703971646217,2
-0.0049420115730836045,-0.8172575305482486,2
-0.00599653347785889,-0.8145941396059087,2
-0.007497969474011157,-0.8128131093105733,2
-0.011657933681554766,-0.8103502157155482,2
-0.013869459855051502,-0.8087860621937875,2
-0.015370426803224646,-0.8070054074980959,2
-0.017398302917802866,-0.803893339030969,2
-0.02005614221496188,-0.8032120273932577,2
-0.023160661079508316,-0.8034132642023728,2
-0.02705507464567347,-0.801617755953977,2
-0.02971228365960421,-0.8009369490282889,2
-0.03236931678053878,-0.8002562829524642,2
-0.03476296860702277,-0.80024126507492,2
-0.03741969391522204,-0.7995608454863632,2
-0.0403393607853868,-0.7982151298242002,2
-0.04228565878800694,-0.7973181034243169,2
-0.04449489835259257,-0.7957557809508291,2
-0.04528407482448493,-0.7937596110302749,2
-0.04749305054957986,-0.7921974998315839,2
-0.049255009579045606,-0.7897531101483146,2
-0.05075385115354969,-0.7879741573885131,2
-0.053225328708132125,-0.7857471022408831,2
-0.05569657173871967,-0.783520234893075,2
-0.05701127954856311,-0.7801937545250439,2
-0.06063835422792607,-0.7790670635969317,2
-0.06452790142127007,-0.7772754521948535,2
-0.0689425109045878,-0.7741539059449423,2
-0.07283100273997078,-0.7723631396420672,2
-0.07653505299796137,-0.7690250922182305,2
-0.08015994367265122,-0.7679001501759597,2
-0.0831538451223004,-0.7643452729284999,2
-0.08483466577229315,-0.7641155731878015,2
-0.08588484898322868,-0.7614556565421804,2
-0.08835304320192883,-0.7592312305920661,2
-0.09231736731148743,-0.755230023317603,2
-0.09601864725482656,-0.751894194279167,2
-0.09874827328730262,-0.7490056812168042,2
-0.10103132235663281,-0.7452345375451923,2
-0.10420664588729167,-0.7432293593414112,2
-0.10719770373354542,-0.7396767591668016,2
-0.10992612783056543,-0.7367892085785286,2
-0.11362485732550454,-0.7334554218631659,2
-0.11776913774112252,-0.7310050873812699,2
-0.12094249713335081,-0.7290014820010047,2
-0.12296131475876315,-0.725896667302024,2
-0.12471787973642812,-0.7234565970146694,2
-0.1257663040174286,-0.720798088867717,2
-0.12707683436867967,-0.7174749536840253,2
-0.12909524157710273,-0.7143704676347333,2
-0.13040569863960627,-0.7110473911384876,2
-0.13260749206746958,-0.7094910313093656,2
-0.13630287959552945,-0.7061599207414702,2
-0.13991944466853035,-0.7050416455928996,2
-0.14282807425335697,-0.703704768259886,2
-0.14484516226433009,-0.700601338584601,2
-0.14756954082250395,-0.6977170275432663,2
-0.15126281763464178,-0.6943876071737733,2
-0.15451010379361207,-0.6901750866954774,2
-0.15537373471122784,-0.685969579127292,2
-0.15854228636163548,-0.6839698236433911,2
-0.1595893621296849,-0.681312395345417,2
-0.16301911106987532,-0.6786487405490895,2
-0.16715531506554626,-0.6762048734235844,2
-0.170322488887507,-0.6742062212636384,2
-0.17445765218296394,-0.6717631874998435,2
-0.17788553958897602,-0.6691010233646093,2
-0.18016125978357778,-0.6653357484374531,2
-0.18217531364041406,-0.6622347484223692,2
-0.18534068455918984,-0.660237539973556,2
-0.18709288152752102,-0.6578009674578986,2
-0.19051905397684443,-0.655140176608862,2
-0.19342209895912532,-0.6538077712591228,2
-0.19587994480671433,-0.6515916319761814,2
-0.19833755613031023,-0.6493756804930619,2
-0.20168471557383327,-0.6489278776507064,2
-0.206260065053673,-0.6473725920413269,2
-0.2110959082513233,-0.6451539705189919,2
-0.2162989929358332,-0.6460312258373389,2
-0.21708192520645753,-0.6440400560870607,2
-0.21972166218303535,-0.6433732402481525,2
-0.22236122326662056,-0.6427065652591128,2
-0.22596730804875875,-0.6415966824151145,2
-0.22957304104491172,-0.6404870812708499,2
-0.23388418839633474,-0.639598101159125,2
-0.23748917384726198,-0.6384890986267955,2
-0.24083322584790068,-0.6380437841320887,2
-0.24276571625052767,-0.6371578144467591,2
-0.24566423198823273,-0.635829035981093,2
-0.2471513327054229,-0.6340594849499102,2
-0.24748779061714643,-0.6311856024279621,2
-0.24941978265629494,-0.6303000318172547,2
-0.25116712790955376,-0.6278673444104257,2
-0.25317480564537576,-0.6247714502030135,2
-0.25492190171689444,-0.6223389623334956,2
-0.2576345247600038,-0.6194640647582705,2
-0.2607916433658328,-0.6174734645157152,2
-0.2656189117800558,-0.615261709424388,2
-0.26929565465080607,-0.6119455289423872,2
-0.27245146871693926,-0.6099559733363478,2
-0.27516221556811615,-0.6070825781596998,2
-0.27787266926430476,-0.6042094177328323,2
-0.2805828298055051,-0.6013364920557382,2
-0.28303261389089407,-0.599126808391695,2
-0.2859267323037571,-0.5978015511727026,2
-0.28882058687713297,-0.5964765052285124,2
-0.29197412899209674,-0.5944887689332532,2
-0.2939783328412986,-0.5913956565107128,2
-0.29527801645795115,-0.5880812070688144,2
-0.29728200044091224,-0.5849882707086103,2
-0.29999006492394287,-0.5821170234924331,2
-0.30050985042410616,-0.5807913141406083,2
-0.3015494214244363,-0.578139895436955,2
-0.30329307292483065,-0.5757101658773305,2
-0.30503660716322933,-0.5732805302176143,2
-0.3067800241396341,-0.5708509884578135,2
-0.30878315797312794,-0.5677587328719671,2
-0.31148996188969846,-0.5648884950798365,2
-0.3134927292794565,-0.5617965329312131,2
-0.31716243643047015,-0.5584859864438876,2
-0.3203122115038237,-0.5565012666832754,2
-0.3222387508601763,-0.5556200624184395,2
-0.32531263502836083,-0.5558458305793721,2
-0.32960902202607834,-0.5549686701189813,2
-0.3324980395421324,-0.5536474975461285,2
-0.33205408631613764,-0.5527627659263636,2
-0.33442390464200855,-0.5527668332057818,2
-0.33583077576018994,-0.5532112443928607,2
-0.3367936350213778,-0.5527709709101352,2
-0.33942265718310516,-0.5521127351756157,2
-0.3403854138400497,-0.5516725438553127,2
-0.34212619242155284,-0.5492451148435133,2
-0.34438552525226385,-0.5454929624289573,2
-0.34568220403027894,-0.5421809191722868,2
-0.3467195470526896,-0.5395312845669462,2
-0.34838505035449785,-0.5393138505021611,2
-0.348903663234708,-0.5379890801494458,2
-0.3496815825550197,-0.5360019246203773,2
-0.3509031766040849,-0.5348997237233579,2
-0.3512374211956413,-0.5320276135622386,2
-0.35271821908056467,-0.5302631096512851,2
-0.3530525662763715,-0.5273909173277413,2
-0.35531113690410976,-0.5236393752626078,2
-0.35564563067740806,-0.5207670655641738,2
-0.35642354999771975,-0.5187799100351036,2
-0.3566828564378248,-0.5181175248587468,2
-0.3574607757581365,-0.5161303693296766,2
-0.3584980015185515,-0.5134808286242514,2
-0.3614586885079305,-0.5099525485266589,2
-0.3634574250165876,-0.5068638141874882,2
-0.36563982624192093,-0.5053229830561872,2
-0.36737900712873106,-0.5028968334306807,2
-0.3691180707535455,-0.5004707777050861,2
-0.3718183226561127,-0.4976057865704959,2
-0.37451828140369336,-0.4947410301856845,2
-0.3776608155488166,-0.49276210874459636,2
-0.3789563217068732,-0.48945100448703727,2
-0.3799927266333185,-0.48680212108098786,2
-0.38077003032815426,-0.48481545852645347,2
-0.3813638012260583,-0.48128078712664113,2
-0.38081355462125543,-0.4766364788910771,2
-0.38114860538903095,-0.4737637231680658,2
-0.38244447799082515,-0.470452325473282,2
-0.38444179269778544,-0.4673647296705301,2
-0.38643896082724716,-0.4642772512426685,2
-0.3891372779068867,-0.4614138094566176,2
-0.39113407959261437,-0.45832662446597716,2
-0.3928716481269863,-0.4559017659642475,2
-0.3936489078485721,-0.4539151386221789,2
-0.3949443407178812,-0.45060409305206583,2
-0.39553880053000867,-0.4470688699902734,2
-0.3982361062249389,-0.44420623809095616,2
-0.40093311876487725,-0.44134384094141943,2
-0.4031881129017503,-0.43759516282358035,2
-0.40544293114562713,-0.43384662555560816,2
-0.4074385748691487,-0.43076036782659344,2
-0.4103935453362393,-0.42723666534967464,2
-0.41378964008368335,-0.4245999598278818,2
-0.417185295098637,-0.42196360643075614,2
-0.41917997141069385,-0.4188781233760075,2
-0.4216158599495987,-0.41667956685145313,2
-0.424569130117753,-0.4131572259232499,2
-0.4265632201198297,-0.4100722123680587,2
-0.4282983847832895,-0.40764927881451385,2
-0.4302921962881303,-0.4045644882716104,2
-0.43368555003642406,-0.40192997766024163,2
-0.43681978789535414,-0.3999576996378753,2
-0.43925394681982155,-0.39776052813701135,2
-0.441429253694416,-0.39622537795034596,2
-0.44456259743063065,-0.3942538159147997,2
-0.44673747923049234,-0.3927190061153123,2
-0.44847117811900716,-0.39029724631065577,2
-0.4500223555953049,-0.38632666777399116,2
-0.45105647391283554,-0.3836796154162112,2
-0.4527899089618579,-0.38125806688635855,2
-0.45478172701277053,-0.3781748726419476,2
-0.4558157280683073,-0.3755279141840795,2
-0.45754885530459255,-0.373106612141493,2
-0.45972247653799947,-0.37157281176605217,2
-0.46285337243005564,-0.36960320989115836,2
-0.46502656858872804,-0.36806974990289376,2
-0.46841520254169566,-0.36543901876295415,2
-0.47058794431013595,-0.36390592263684773,2
-0.4723199868729644,-0.36148548916843914,2
-0.47405191217379183,-0.3590651495999424,2
-0.47412805226070454,-0.35685446214108474,2
-0.47630025169241463,-0.35532180030206817,2
-0.4775915803918753,-0.3520140412288484,2
-0.4786246433514467,-0.34936783397027327,2
-0.4800979218108967,-0.34760935139113336,2
-0.48182934874824923,-0.34518941089725885,2
-0.4835606584236025,-0.3427695643032962,2
-0.485990156183739,-0.3405761253239028,2
-0.48841941941988587,-0.3383828741443313,2
-0.4915466362168317,-0.33641621837915103,2
-0.49371728192709696,-0.33488480071396154,2
-0.4975419832368555,-0.33314511596281804,2
-0.5002281636999442,-0.3302913928175819,2
-0.5040519855447272,-0.3285524123157728,2
-0.507177443411738,-0.3265871650492649,2
-0.5110003857915526,-0.3248488887967902,2
-0.5145650770892303,-0.32377215262147097,2
-0.5181294166009227,-0.32269569814589083,2
-0.5216934043266228,-0.3216195253700391,2
-0.5256971091887266,-0.32143147634824487,2
-0.529002875147782,-0.321016820174572,2
-0.5325658808042704,-0.3199414338104827,2
-0.5353562879035021,-0.32084894226698246,2
-0.5391016390792132,-0.3213225154847663,2
-0.5416347038767668,-0.3228908362941141,2
-0.5441678859363144,-0.32445906320354645,2
-0.5464440188491757,-0.3266878677160463,2
-0.5487203862860248,-0.3289164844287207,2
-0.5502992838678171,-0.3309181183898726,2
-0.5518783573425985,-0.3329196115011541,2
-0.5537145825683183,-0.3342604448469526,2
-0.5556239723578038,-0.33339297344413943,2
-0.5565786232792984,-0.33295927295520045,2
-0.5563948119851272,-0.3314114871222138,2
-0.5594424001507896,-0.33165831233825216,2
-0.5609106803176775,-0.3299038322428274,2
-0.5623788725380692,-0.3281494225723396,2
-0.5631494483259054,-0.3261681475252107,2
-0.56531499313936,-0.3246408145061572,2
-0.5669667621299279,-0.3244343784684798,2
-0.568875243138951,-0.3235676347899812,2
-0.5712242914338415,-0.32358833409118226,2
-0.5731325379188679,-0.3227217782125038,2
-0.5743432998910905,-0.3216282513197939,2
-0.5758106712775106,-0.3198744989486819,2
-0.5777185952920512,-0.3190082012947606,2
-0.579883011458799,-0.3174817720623544,2
-0.5824878923071726,-0.3168428679720723,2
-0.5846519420301863,-0.31531673217688905,2
-0.5865593090502461,-0.3144508805475468,2
-0.5894201397141003,-0.3131522791658661,2
-0.5922807065384585,-0.3118538890589875,2
-0.5937469785936713,-0.3101010169995444,2
-0.5970477316024141,-0.3096903750470794,2
-0.6001638964562659,-0.30773256934853954,2
-0.6030234518959166,-0.30643498912839284,2
-0.6056265298411052,-0.30579752874924715,2
-0.6077887913186846,-0.3042728249277111,2
-0.6109037835525815,-0.30231595822828083,2
-0.6140184240004878,-0.3003593732285861,2
-0.616180011221596,-0.2988352093315392,2
-0.6180853847877295,-0.2979709540006894,2
-0.6195500738059998,-0.29621934959005003,2
-0.6216398010030364,-0.2969024458050953,2
-0.6244973336732613,-0.29560648535842127,2
-0.6277952137631075,-0.2951981439537814,2
-0.6303963862008715,-0.294562209448193,2
-0.6327415941654024,-0.29458598397148883,2
-0.6353424587904257,-0.2939502959531666,2
-0.6381281754098271,-0.29486156040612066,2
-0.6404731048771222,-0.2948855579417078,2
-0.6433291424568992,-0.2935907947189005,2
-0.6456738080847053,-0.29361500352928793,2
-0.6485294059319973,-0.29232059243114783,2
-0.6518255564074149,-0.2919136360501984,2
-0.6549360340544759,-0.2899603844973555,2
-0.6568392382736921,-0.28909786631486156,2
-0.6594384905462736,-0.2884634694203214,2
-0.6613414309259991,-0.28760116251262957,2
-0.6640100807207414,-0.28476147740412827,2
-0.6673047654212105,-0.28435569477207423,2
-0.669207207437454,-0.28349378693900285,2
-0.6709239033365968,-0.2810856426214823,2
-0.6730812251526146,-0.2795648943337099,2
-0.6745425135730105,-0.2778160130204963,2
-0.675307900517538,-0.275838893044444,2
-0.6760732874620636,-0.27386177306839166,2
-0.6772792856657084,-0.2727720608595732,2
-0.6798766470886086,-0.27213917810109933,2
-0.6822188062412557,-0.27216539402208895,2
-0.6855808070634613,-0.26955598989950147,2
-0.6877369122862689,-0.2680362158233045,2
-0.6896379178430685,-0.26717545826414835,2
-0.6922343265122546,-0.2665433384424567,2
-0.6950853951149689,-0.26525255422839145,2
-0.6986316323060784,-0.26419059555160906,2
-0.701668080582154,-0.26444634125921773,2
-0.7049590715297605,-0.2640435164743664,2
-0.7068591096750918,-0.2631835335894763,2
-0.7092682331634919,-0.2610064097196698,2
-0.7123723640050397,-0.2590582404995221,2
-0.7138312338967729,-0.2573112958719772,2
-0.7152900158420152,-0.25556442166936755,2
-0.7172577365528259,-0.2525005238567246,2
-0.7194113499582251,-0.25098274515364416,2
-0.720683770160889,-0.24769012744111762,2
-0.721956190363553,-0.2443975097285893,2
-0.7222792950655261,-0.24153432005903852,2
-0.7230427911603741,-0.23955871421905428,2
-0.7240607859535029,-0.23692457309907766,2
-0.7248242820483508,-0.23494896725909342,2
-0.7248931372337797,-0.23274411333222567,2
-0.7260967755397623,-0.23165629085912265,2
-0.7261657040139387,-0.22945137824481066,2
-0.7257947394587188,-0.22635848272630454,2
-0.726627574444727,-0.2221776356223195,2
-0.7269514413496712,-0.2193138356033444,2
-0.7282243012848184,-0.21602086576615065,2
-0.729242589232939,-0.21338648989639353,2
-0.7302608771810561,-0.2107521140266364,2
-0.7319732783596127,-0.208347408793367,2
-0.73368556227617,-0.20594279746000943,2
-0.7337551796645734,-0.20373733318371734,2
-0.7343340289735316,-0.20021461054761502,2
-0.7363007529573746,-0.19715151088421656,2
-0.7389611211236726,-0.19431845745694964,2
-0.7406729653077502,-0.19191419824825928,2
-0.7426391909281147,-0.18885149765948483,2
-0.7432180988680699,-0.18532872807342748,2
-0.7420854704366846,-0.1842099712087908,2
-0.7427790413303903,-0.1844400761323648,2
-0.7448597540115127,-0.1851303909030939,2
-0.7456232061331125,-0.18315482027557728,2
-0.7460622636707885,-0.18404347221663642,2
-0.7444206818160914,-0.18424175069952575,2
-0.7456232061331125,-0.18315482027557728,2
-0.7446751805143741,-0.18358321541952982,2
-0.7456232061331125,-0.18315482027557728,2
-0.7461321742141784,-0.18183777319056738,2
-0.7484671070963422,-0.1818697756935883,2
-0.7520041831940425,-0.1808151529473747,2
-0.7537150892821529,-0.1784116449379738,2
-0.7556105248941591,-0.17755534762460456,2
-0.7565581987269123,-0.17712723418038578,2
-0.7576905779765575,-0.17824619058233182,2
-0.7600943367286472,-0.1760733626334634,2
-0.7631910947222185,-0.17413109737023724,2
-0.7650859440242499,-0.17327526955642725,2
-0.7676738511987509,-0.17264995747829914,2
-0.7707697883583542,-0.17070834951445235,2
-0.7736113147661694,-0.16942520640566627,2
-0.7764525773344975,-0.16814227457167874,2
-0.7790396050440336,-0.1675176667428886,2
-0.7816264568605753,-0.16689319976396533,2
-0.7851599418096615,-0.1658414527025336,2
-0.7880001929932714,-0.16455933075528506,2
-0.7927333586559868,-0.16242293034275512,2
-0.7950654919080051,-0.16245717470615872,2
-0.7973975372135254,-0.16249148949449932,2
-0.7999831138058635,-0.1618680436771065,2
-0.8028220897652787,-0.1605869428913902,2
-0.8054752316610934,-0.15775967604615815,2
-0.8080601339969551,-0.15713677015325622,2
-0.8099522862730861,-0.15628310203740448,2
-0.8127902948210313,-0.15500277592595602,2
-0.8160671556981622,-0.15461126608041198,2
-0.8186513104888054,-0.15398895879944519,2
-0.8214885714915319,-0.15270923129993363,2
-0.8250179522707661,-0.15166077073539874,2
-0.8294924710921023,-0.15018622731222564,2
-0.8323287646833641,-0.14890727448697838,2
-0.835164794435137,-0.147628532936535,2
-0.8374945238162415,-0.14766470224811812,2
-0.8408360624202107,-0.1450716836600474,2
-0.8431654400153281,-0.1451081346713643,2
-0.8460005023556345,-0.14383016779518876,2
-0.84814325436869,-0.14232108657139086,2
-0.8516698355177788,-0.1412748678672351,2
-0.8550096151918112,-0.13868325777783141,2
-0.8580962446805085,-0.13674910311944188,2
-0.8614351888628242,-0.134158162066905,2
-0.8654654173299274,-0.13179915698621336,2
-0.8694950594870523,-0.12944062140508095,2
-0.8725800326500597,-0.12750779308293758,2
-0.8758512942669014,-0.1271207669581571,2
-0.8767952890045407,-0.12669559962365362,2
-0.8798794853068284,-0.12476339338842557,2
-0.8820195402939799,-0.12325647186258593,2
-0.8848508209349308,-0.12198153325854655,2
-0.8886254513725422,-0.12028194376951795,2
-0.8918952178989379,-0.11989611486860596,2
-0.8947256190749187,-0.11862188051390277,2
-0.8971166549004863,-0.11645924070540659,2
-0.8992553613746885,-0.11495339902854695,2
-0.9007027689063509,-0.1132156331173313,2
-0.9028411675678143,-0.11171003792773782,2
-0.9049793903362886,-0.11020458358801477,2
-0.9068654449886413,-0.10935579826754349,2
-0.9078734138811431,-0.10672968558998086,2
-0.9088163386030725,-0.10630537509216964,2
-0.9102631598247566,-0.10456807868050966,2
-0.9121488040601271,-0.10371962200973073,2
-0.914473271309177,-0.10376000507983463,2
-0.9161068207171734,-0.10356815874086855,2
-0.9189347593912469,-0.10229589628430347,2
-0.9199420247117747,-0.0996703470062048,2
-0.9218270533216657,-0.09882238330996174,2
-0.9239637223686934,-0.09731817314406044,2
-0.9265391118251625,-0.09670288488146284,2
-0.9284237300180678,-0.09585524983490856,2
-0.9309987970040456,-0.09524021979706454,2
-0.9321926146178967,-0.09416026144153022,2
-0.9345800739525938,-0.09200048558032847,2
-0.9371546132595903,-0.09138587809208865,2
-0.9390385571960245,-0.09053878297002527,2
-0.9399836507778936,-0.09010448222397649,2
-0.9426086408408256,-0.08931771175413417,2
-0.9449568952738296,-0.08927358627746962,2
-0.9471687001950553,-0.08751251286203399,2
-0.9474456635178949,-0.08677032749135805,2
-0.9470320880454857,-0.08579523662148603,2
-0.9473090351045457,-0.08505301842063062,2
-0.9481398762817292,-0.08282636381806086,2
-0.9489707174589093,-0.08059970921548931,2
-0.9502152967462916,-0.079348473784572,2
-0.9507692233919709,-0.07786410304321478,2
-0.9527046504864067,-0.07684639688488559,2
-0.9549172360690328,-0.07508689931801449,2
-0.9578208646240647,-0.07356132498587087,2
-0.9587888058641916,-0.07305293152920456,2
-0.9610019118877524,-0.07129448452804432,2
-0.9629380545884754,-0.07027822289756358,2
-0.9644605242341093,-0.06828667341613937,2
-0.9657059004466753,-0.06703704666396781,2
-0.9662602824781708,-0.06555359516760717,2
-0.9665374734939185,-0.06481186941942596,2
-0.966123572745925,-0.0638361219459842,2
-0.9655728158916723,-0.06114260577931674,2
-0.9654359272578574,-0.059424771425732104,2
-0.9661303026594812,-0.05548113605421534,2
-0.9659932351240954,-0.053762940568670814,2
-0.9672387414468915,-0.052513576457924316,2
-0.968070070537447,-0.05028790676070827,2
-0.9677956427186523,-0.04685092484640485,2
-0.9687641694548272,-0.04634371327616016,2
-0.970424194549226,-0.04607134418563419,2
-0.9726386016751256,-0.044315523598747575,2
-0.9744388153050014,-0.041583364595208394,2
-0.9762391590451127,-0.03885146823309782,2
-0.9774852183364011,-0.037603220348417565,2
-0.9791458126630719,-0.037332000314137304,2
-0.9790085662261117,-0.035613443696627556,2
-0.9788712547340381,-0.033894755758403505,2
-0.9784566871711018,-0.03291766224765169,2
-0.9797028765726203,-0.03166967700439827,2
-0.9805344984112043,-0.029444598250389475,2
-0.9794279608404466,-0.028231710184744685,2
-0.9783213582145684,-0.02701869079838204,2
-0.9803970242813378,-0.027725582010386773,2
-0.9802594850963526,-0.02600643444966444,2
-0.9805366598483225,-0.02526467587130732,2
-0.9794299271122142,-0.024051393843516067,2
-0.9809533563208266,-0.022061781342618048,2
-0.9815076732972035,-0.020578198525544877,2
-0.9827540578640779,-0.01933060724443436,2
-0.9835855821199839,-0.01710533150935767,2
-0.9851092715490619,-0.015116244291313308,2
-0.9864952266278024,-0.01140761555041081,2
-0.9877418876789203,-0.010160582382329864,2
-0.989265837328464,-0.008172020447140937,2
-0.9921746377652809,-0.006656886111731097,2
-0.9927291824345676,-0.005173762917154434,2
-0.9946686104186853,-0.004164132982712232,2
-0.9961930154540468,-0.00217649029251632,2
-0.9964703365800283,-0.0014350271857637154,2
-0.9970249788319911,4.789902774149368e-05,2
-0.9966097444541049,0.0010263385758122467,2
-0.9975796210839558,0.0015308252412502554,2
-0.997164354178512,0.0025093304496763835,2
-0.9973036319423532,0.0049709588526827275,2
-0.9971655397888775,0.006691222639465977,2
-0.997720084458166,0.00817434583404264,2
-0.9975818947220123,0.009894806601902673,2
-0.9981364068637433,0.011377995456836487,2
-0.9986909190054725,0.012861184311770302,2
-0.9985525991590887,0.014581907721051834,2
-0.9981369907142792,0.015561102363225388,2
-0.998414214257588,0.01630276245104767,2
-0.9975828672577371,0.01826141437681983,2
-0.9957813183524493,0.01971623624072727,2
-0.9948112790848089,0.01921207787707324,2
-0.9960584605768616,0.020458060479441542,2
-0.9971670294745039,0.023425357434305738,2
-0.997721313923325,0.024909005911739612,2
-0.9989686580531743,0.026154660212323932,2
-0.9999388924861652,0.026658424613835052,2
-1.0016022516552994,0.026924063517791197,2
-1.0024338734938834,0.029149142271798212,2
-1.0038199098915204,0.03285760686180872,2
-1.003403878588454,0.03383765508861636,2
-1.0039582606199513,0.035321106584977,2
-1.0045126426514486,0.03680455808133942,2
-1.0040965137657043,0.037784803289223845,2
-1.0036803523524043,0.038765114157461866,2
-1.0046508632696423,0.03926832044594164,2
-1.0052052127735802,0.040751837602659435,2
-1.0057595622775182,0.04223535475937723,2
-1.0070073617931854,0.043480089814964984,2
-1.0072845528089331,0.04422181556314797,2
-1.009642191442527,0.044246998026874707,2
-1.0101966710566987,0.045730252542163896,2
-1.0107511506708722,0.04721350705745664,2
-1.0119992104070015,0.04845771683019251,2
-1.0132473351982494,0.049701795282210526,2
-1.0146345604972815,0.049223574476386034,2
-1.0153281731467985,0.04898446407347201,2
-1.014911865359485,0.04996507041331988,2
-1.0142182364461885,0.05020421364640981,2
-1.0132473351982494,0.049701795282210526,2
-1.012276466477866,0.04919931125766297,2
-1.012276466477866,0.04919931125766297,2
-1.0115828700921288,0.0494383888303922,2
-1.0146345604972815,0.049223574476386034,2
-1.0142182364461885,0.05020421364640981,2
-1.0144955250446142,0.050945742413521344,2
-1.014772813643038,0.0516872711806311,2
-1.0146336968714724,0.05340960326865485,2
-1.014910969206115,0.05415116486594407,2
-1.0144945150447864,0.05513206667739645,2
-1.0136615091394585,0.057094067281367344,2
-1.0154655138754052,0.05563428806052073,2
-1.016297330879338,0.05785897285238839,2
-1.016435307540842,0.06032322766966658,2
-1.015324850399299,0.06154402780830992,2
-1.015185408352151,0.0632670164999034,2
-1.0153230922656356,0.06573186226039063,2
-1.0147666918800056,0.06843677049896435,2
-1.0149041318367935,0.07090210871212932,2
-1.0162898429588498,0.07461122990570956,2
-1.016010048092916,0.07805904577888967,2
-1.0150357460696142,0.08174777771479036,2
-1.0151726330579152,0.08421423215402157,2
-1.0146150779439598,0.08692147133526262,2
-1.014061053715606,0.08543729757497331,2
-1.016003766983122,0.08644029581337875,2
-1.016975172408216,0.08694169644204663,2
-1.0189180808410807,0.08794430071830917,2
-1.0194722677072292,0.08942814617681094,2
-1.0200264545733742,0.09091199163531627,2
-1.0208577348725925,0.09313775982306893,2
-1.0218293517268169,0.09363873365941977,2
-1.0230781270692333,0.09488149890430364,2
-1.0229377905142272,0.09660629325570902,2
-1.0221027679002788,0.0985723648018002,2
-1.0226569222388697,0.10005627592066091,2
-1.0229339994081617,0.10079823148008948,2
-1.022516390518513,0.1017814642342092,2
-1.023070512329543,0.1032654410134235,2
-1.0239016950460886,0.10549140618224762,2
-1.0247328777626308,0.10771737135107173,2
-1.0245921508769253,0.1094429536267576,2
-1.0261181822902063,0.1114273132991137,2
-1.0279213884554554,0.11415343154982338,2
-1.0297247247309365,0.11687928715910623,2
-1.031946157809445,0.11862092510892275,2
-1.032223283770076,0.11936278217781648,2
-1.0304150829791023,0.12083103158469122,2
-1.0291608413613602,0.12378358607256601,2
-1.0280475217946812,0.12501016432260847,2
-1.0256850528186625,0.12499473242186987,2
-1.0249898951101226,0.1252369616917317,2
-1.0255437567006869,0.12672146375380322,2
-1.0272111004957214,0.12697905926404474,2
-1.026515893995846,0.1272213870244414,2
-1.0242947374015792,0.12547919096159177,2
-1.0259619998777243,0.12573695062272883,2
-1.0255437567006869,0.12672146375380322,2
-1.0238764779607639,0.12646373692284918,2
-1.0215141065674231,0.12644810804103912,2
-1.01873347573326,0.12741702512048292,2
-1.016094531347779,0.12665842294371998,2
-1.0134557821276466,0.12589942680480704,2
-1.0129024084504596,0.1244139398373818,2
-1.0124840188994106,0.12539874844006604,2
-1.0129024084504596,0.1244139398373818,2
-1.0122073483245977,0.12465597212617752,2
-1.0123490347732726,0.12292845286996013,2
-1.0130440623715824,0.1226864862415269,2
-1.0133207654739547,0.12342919689505827,2
-1.0119306777497812,0.12391319581228721,2
-1.0123490347732726,0.12292845286996013,2
-1.0109589795766638,0.1234123861268337,2
-1.0101221679470047,0.1253820689925469,2
-1.0090086369511937,0.12660907403490995,2
-1.0088667065458239,0.12833708574380331,2
-1.0077530291760013,0.12956438625777267,2
-1.0087247110853426,0.13006522877340387,2
-1.0084481543569819,0.12932222264826798,2
-1.0067813797942176,0.12906347808178076,2
-1.005809762939995,0.12856250424543347,2
-1.005391161959814,0.12954773964043298,2
-1.0040009441254085,0.13003200119908698,2
-1.0040009441254085,0.13003200119908698,2
-1.0060862708770166,0.12930560886110953,2
-1.0049725284520754,0.1305330406957914,2
