-1.0591958788276337,0.09071561255111504,4
-1.0597516920716998,0.09219617499177701,4
-1.0598905974141353,0.09047426969607031,4
-1.0623914838192139,0.08876878120645415,4
-1.0622521735278134,0.08630721846380673,4
-1.064891184613927,0.0828814005270484,4
-1.0683642083141596,0.08167583530807043,4
-1.0705861634791187,0.07923213389936201,4
-1.072251264518144,0.07530997118141158,4
-1.0718325188094635,0.07211121325520331,4
-1.0700248888962722,0.06939402481301826,4
-1.0686334041326067,0.06569655833277466,4
-1.06960290834105,0.06201751129950139,4
-1.0707129914156717,0.060797466254959076,4
-1.0712661878368017,0.05809902556152835,4
-1.0722348463287297,0.05442168569753747,4
-1.0705720222187907,0.05833925219051039,4
-1.071960353454811,0.057858798932551636,4
-1.0732114057263136,0.05909696795246333,4
-1.073627144281355,0.05811751066886117,4
-1.075015508044931,0.05763699175055059,4
-1.076819512780876,0.0561772125297022,4
-1.078623419934143,0.05471763028993415,4
-1.0812631449810244,0.055474656618137885,4
-1.0827883160595242,0.05327646749713111,4
-1.0829250583193257,0.05155892861515099,4
-1.0830617355240122,0.04984152105388873,4
-1.0855592878543572,0.048142762750842394,4
-1.0869474239250234,0.04766270345502832,4
-1.089302169251443,0.04350944089769904,4
-1.089574450251387,0.04007679256694274,4
-1.092908194542268,0.040593887737777834,4
-1.092908194542268,0.040593887737777834,4
-1.0927651273178718,0.03813990876633966,4
-1.0923429336880037,0.034948110837953905,4
-1.0928934628493447,0.03225505429379005,4
-1.0933081930500794,0.03127763248124893,4
-1.0941375558688708,0.029322985837239912,4
-1.094966788577425,0.027368601834661277,4
-1.0964895851441554,0.025175205919705235,4
-1.0987058479863947,0.022742995073436134,4
-1.0992553037383104,0.02005210532104229,4
-1.1022994331316536,0.01566826820718603,4
-1.104514720147142,0.01323802717162792,4
-1.1057567639304846,0.010310095317555223,4
-1.1074123669224587,0.006407105423797077,4
-1.1090674494734962,0.0025051660957462474,4
-1.1096151324734773,-0.00018214516719972096,4
-1.1097490610994836,-0.0018940044283155544,4
-1.1102964350876618,-0.004580691917873025,4
-1.1114031027686515,-0.0057938426249464214,4
-1.111670374524607,-0.009216379260752916,4
-1.1152693738628212,-0.012117749783598697,4
-1.1174818635082886,-0.01454234402847554,4
-1.1202541022323835,-0.015494320735863099,4
-1.120387120086754,-0.0172043415069858,4
-1.120387120086754,-0.0172043415069858,4
-1.1208001100631115,-0.0181782504904362,4
-1.1212130675119099,-0.019152093813525894,4
-1.1212130675119099,-0.019152093813525894,4
-1.1223189707952805,-0.020363701502216003,4
-1.1224517446929596,-0.02207322982066451,4
-1.1241028588818764,-0.025967158585183725,4
-1.1253408529841984,-0.02888691572482749,4
-1.1312796349719747,-0.03591134504087279,4
-1.1337530860270668,-0.04174573781232738,4
-1.1354014028459591,-0.04563401978616177,4
-1.1346911052045048,-0.04954551441301369,4
-1.1364696262439669,-0.0551381375371065,4
-1.1378355964291114,-0.05975773809256424,4
-1.1396123447166389,-0.06534678272720917,4
-1.1400038844137583,-0.07046167749815346,4
-1.1403948386148226,-0.0755753903826708,4
-1.1389903428277997,-0.07924659272019063,4
-1.1414559872688805,-0.0850652270060106,0
-1.1442015550406168,-0.09014765101362165,0
-1.145281633088139,-0.09549141317181409,0
-1.14733373458437,-0.10033502224811741,0
-1.1504866650648609,-0.10637999599744674,0
-1.1539196977775763,-0.11168912060053238,0
-1.1569418385414512,-0.11602857131318522,0
-1.1612178289468442,-0.11913549979661298,0
-1.1659028247026963,-0.12320829386977827,0
-1.1715602017103937,-0.1267816571249849,0
-1.1758346145292062,-0.12988540108110946,0
-1.178570911946803,-0.1349491118870283,0
-1.1838174783245528,-0.13755296540269057,0
-1.1878078856041387,-0.1413846792622433,0
-1.1909806074583926,-0.14328531854588356,0
-1.1955351875645484,-0.1456533446764734,0
-1.1991158413598306,-0.14851768275807942,0
-1.2024133028048478,-0.1521116322520335,0
-1.2057101787538098,-0.1557043998595642,0
-1.2083156376634463,-0.1590624891382646,0
-1.207591483282119,-0.16294601245311569,0
-1.2118944699154603,-0.1619231502398879,0
-1.214623383577301,-0.16697195614480975,0
-1.215845862034275,-0.1698603932942504,0
-1.2191399080856566,-0.17344744845073912,0
-1.2243814164280842,-0.17604109178091676,0
-1.2251956539322215,-0.17796520635900492,0
-1.22751424487749,-0.18204548742973614,0
-1.2319409464834994,-0.1827138671255799,0
-1.2325939501218866,-0.18705528936582283,0
-1.235762362074654,-0.18894722865218583,0
-1.235428491867065,-0.19187124185624782,0
-1.240706979130767,-0.19438309347555993,0
-1.242488655134519,-0.19791732495905023,0
-1.2417535217848705,-0.19987021875799194,0
-1.2417535217848705,-0.19987021875799194,0
-1.2422436106846373,-0.19856828955869688,0
-1.2415977585016478,-0.19615025616725745,0
-1.242488655134519,-0.19791732495905023,0
-1.2424440878399405,-0.20010272986679567,0
-1.2410629557298023,-0.19963770764918998,0
-1.2420431921603345,-0.19703380230064127,0
-1.2475672515528995,-0.19889426677070432,0
-1.249193178931181,-0.1987085239259727,0
-1.2510197886732524,-0.20005705706449461,0
-1.2517102960973236,-0.2002896151232516,0
-1.2567448822156013,-0.20345151581807208,0
-1.2581695848933538,-0.2017319312771768,0
-1.2588600776596781,-0.20196450107342656,0
-1.2588600776596781,-0.20196450107342656,0
-1.2602410631923195,-0.20242964066591895,0
-1.2602410631923195,-0.20242964066591895,0
-1.2606868926102432,-0.2033128698871014,0
-1.2602410631923195,-0.20242964066591895,0
-1.261176219307039,-0.2020115510372289,0
-1.2604857411984671,-0.2017789695034935,0
-1.2602410631923195,-0.20242964066591895,0
-1.2602410631923195,-0.20242964066591895,0
-1.2597952630898952,-0.20154638796975632,0
-1.2589037508315393,-0.19977981215250296,0
-1.2599272352824702,-0.19709087773024692,0
-1.2572781019505008,-0.19996533198494681,0
-1.2587027753127575,-0.19824577091902817,0
-1.261592481049993,-0.19682904712699134,0
-1.2664255695380096,-0.19845800675385483,0
-1.267400536730749,-0.19796379593425684,0
-1.2704469576714406,-0.198167973310456,0
-1.2745898001122349,-0.199564618381336,0
-1.280562326150804,-0.1982885927319522,0
-1.284748818929442,-0.19558906520886765,0
-1.2887718171770128,-0.19530228195313626,0
-1.2937708722905281,-0.19452348749975812,0
-1.2990556569038691,-0.1930202031418684,0
-1.3021039319153935,-0.1932281231584092,0
-1.3075100569896438,-0.19341128750354386,0
-1.313892938272339,-0.1931038523487043,0
-1.317347258626505,-0.19427166286251207,0
-1.3202303476739292,-0.19688891280785192,0
-1.3257570000201273,-0.19875688434709105,0
-1.330306961212992,-0.20111558670701513,0
-1.334165895697227,-0.2032403986623912,0
-1.3380246350161187,-0.20536481665562611,0
-1.3415970268115718,-0.20821247700660273,0
-1.3447645442564866,-0.21010261063315205,0
-1.3472411813667868,-0.21175914932676143,0
-1.3494313245796405,-0.21413863490650087,0
-1.3512169675088739,-0.21556134885592648,0
-1.353524336446501,-0.21961897710355416,0
-1.3536419199744145,-0.22129784203536396,0
-1.354332491297221,-0.22153081319491363,0
-1.3554270749902741,-0.22271957107943585,0
-1.3554270749902741,-0.22271957107943585,0
-1.3537594384472111,-0.222976575646463,0
-1.3546190177222268,-0.22080793196914072,0
-1.3540459648722152,-0.2222536944206901,0
-1.3555444796166167,-0.22439807487928576,0
-1.3576160472110246,-0.22509669288633027,0
-1.3607819545417996,-0.22698357632521748,0
-1.3623968980857875,-0.2308044907729574,0
-1.3662526773968633,-0.2329229336737253,0
-1.3689275003273575,-0.23611516842376723,0
-1.3707564553093423,-0.23746182356406287,0
-1.3755895968608502,-0.23909005862505595,0
-1.3792479758728078,-0.24178299330599984,0
-1.3829067066707523,-0.24447564628721352,0
-1.3863592437911052,-0.24563843658100204,0
-1.3905022883355311,-0.24703378493354755,0
-1.3937129910531283,-0.24884496931691302,0
-1.3976143770877947,-0.2508885709091686,0
-1.4003765240460755,-0.2518187092442883,0
-1.404519744483494,-0.2532139167469669,0
-1.4079724281813384,-0.2543765896658652,0
-1.4107007519753871,-0.25748352932936136,0
-1.4150856016070659,-0.2582305070673083,0
-1.4190210160144527,-0.2580971430063439,0
-1.421333874325935,-0.2581468221676637,0
-1.4224736997123006,-0.25925981592524394,0
-1.4259263834101503,-0.260422488844144,0
-1.4286885303684276,-0.26135262717926366,0
-1.4305190977028541,-0.26269799119578074,0
-1.432558350532279,-0.2655712225266029,0
-1.4343891963639468,-0.2669163635308305,0
-1.4371516364772123,-0.26784626711617143,0
-1.4387417912105835,-0.26983888668583944,0
-1.4394006448173418,-0.27224650892461355,0
-1.441441128897722,-0.27511875430636756,0
-1.446004417351034,-0.279567536739707,0
-1.4464545854627957,-0.2804472916641707,0
-1.4482555510648378,-0.28396607661225737,0
-1.4482555510648378,-0.28396607661225737,0
-1.4484346201696958,-0.2876673765956266,0
-1.4493354840722024,-0.2894264638949551,0
-1.449785959996703,-0.2903059723321544,0
-1.4495454741069018,-0.29095328657274955,0
-1.449995994004654,-0.2918327597974848,0
-1.4504465432179021,-0.2927122095472381,0
-1.4511375636632025,-0.29294435679388364,0
-1.4508971217466478,-0.29359163582201475,0
-1.450656679830093,-0.2942389148501423,0
-1.4522490332258826,-0.2962297737964743,0
-1.451768237339273,-0.2975242614278031,0
-1.451497812588844,-0.3003452665622124,0
-1.4521889796116447,-0.30057729643397124,0
-1.454502805334588,-0.30062620092102144,0
-1.4565170589649554,-0.30566916761189766,0
-1.4592527262914796,-0.3087702267934489,0
-1.4624690429271237,-0.3105769157185616,0
-1.465685506140261,-0.31238348726878584,0
-1.4698333877420051,-0.31377496224999213,0
-1.4730218469174474,-0.3177536753454966,0
-1.4748842439621779,-0.3169238343321261,0
-1.4787925631123358,-0.3189618840921291,0
-1.4797236443727044,-0.3185470574853557,0
-1.483659659747822,-0.3184132121873482,0
-1.488047103801149,-0.3191581123897578,0
-1.4931527954767567,-0.3179636403804462,0
-1.4949870858795489,-0.3193060230747804,0
-1.4998526434513408,-0.318758583606332,0
-1.5044784187053022,-0.31885789497901484,0
-1.510034146572929,-0.3185432835315716,0
-1.5148981650810285,-0.3179970764994593,0
-1.5197616559101483,-0.31745129201694766,0
-1.5232426074851855,-0.3164416121157707,0
-1.5237204425064057,-0.3151494954572023,0
-1.525819060035845,-0.31367575581251117,0
-1.5302289821553288,-0.31225293950295985,0
-1.5353291332016425,-0.3110629042644568,0
-1.5390470674643577,-0.3094087153825278,0
-1.5427645326790955,-0.30775490210024614,0
-1.5467200799127188,-0.30545569952554885,0
-1.550888636677433,-0.3046809017059324,0
-1.5532235919535804,-0.3025631695300035,0
-1.5576297030582058,-0.3011434049675721,0
-1.559970649921869,-0.29901776849806616,0
-1.5597256675349946,-0.2996717898083716,0
-1.559970649921869,-0.29901776849806616,0
-1.5615354216571866,-0.297111610310683,0
-1.561826876007288,-0.29639867662896613,0
-1.5615354216571866,-0.297111610310683,0
-1.5625173497474236,-0.29663145080744613,0
-1.5647728066520017,-0.2949584935908618,0
-1.5673199943909282,-0.2925731608055919,0
-1.5688852377758433,-0.290667954693383,0
-1.5724151505301869,-0.28780407108362027,0
-1.5749631189305138,-0.2854203141469114,0
-1.577511347551308,-0.28303708249306325,0
-1.57907724148739,-0.2811331895879885,0
-1.5796606055734088,-0.27970824146954953,0
-1.5796606055734088,-0.27970824146954953,0
-1.5796606055734088,-0.27970824146954953,0
-1.5786780106682308,-0.2801870549354746,0
-1.5783863448889992,-0.28089956182487263,0
-1.5783863448889992,-0.28089956182487263,0
-1.5786780106682308,-0.2801870549354746,0
-1.5789696764474588,-0.27947454804607474,0
-1.5792613422266903,-0.27876204115667846,0
-1.5782787473215105,-0.27924085462259995,0
-1.5785703968369607,-0.278528314903026,0
-1.5785703968369607,-0.278528314903026,0
-1.5778794514472327,-0.27829458864937173,0
-1.5789696764474588,-0.27947454804607474,0
-1.5786780106682308,-0.2801870549354746,0
-1.5786780106682308,-0.2801870549354746,0
-1.5799522876164165,-0.27899576741033094,0
-1.580643233006148,-0.2792294936639852,0
-1.5799522876164165,-0.27899576741033094,0
-1.580351534699357,-0.2799419348930243,0
-1.5801363395643797,-0.27662452048848607,0
-1.584865831374593,-0.27660284913696387,0
-1.5889046542793182,-0.2763480096448223,0
-1.5942187787503261,-0.27490395092878117,0
-1.5988424945363136,-0.2732272493549708,0
-1.6031747559722067,-0.27226348146287904,0
-1.6075075053214736,-0.27130069847613925,0
-1.6122397945017042,-0.2712846739153072,0
-1.6162811220284254,-0.2710348902706379,0
-1.6202162506726694,-0.2691292228190463,0
-1.6245508703565452,-0.26817021530282226,0
-1.6280880692839652,-0.26532103961298503,0
-1.6326100099354193,-0.2619973840407752,0
-1.6371327312482702,-0.25867530431712815,0
-1.639979830502476,-0.2555941095429173,0
-1.6428272550322713,-0.2525135713722726,0
-1.646366991109245,-0.24966951719026653,0
-1.6455685619984823,-0.24777731354559052,0
-1.6498008210517643,-0.24517017014454368,0
-1.6517707598856504,-0.24422212962479506,0
-1.6546195343091146,-0.24114431635895883,0
-1.6591461914565357,-0.23783018153848623,0
-1.6629812201354977,-0.23428094159686985,0
-1.6671098987747541,-0.23002320004762034,0
-1.671532373748315,-0.22505725236234575,0
-1.675076143242526,-0.2222213400645856,0
-1.6779275849257829,-0.2191489109480056,0
-1.680086454841387,-0.21583947255993507,0
-1.6839247037486285,-0.21229673299364116,0
-1.687470229730998,-0.20946436635514942,0
-1.6896299290993397,-0.20615660230617294,0
-1.6927763869003378,-0.20237842931695305,0
-1.696323181457478,-0.19954862343237423,0
-1.7005638814121653,-0.19695851889392202,0
-1.7038182132648974,-0.19483961121999904,0
-1.7077664830427324,-0.1929604705525616,0
-1.7128088160726822,-0.19226903720393196,0
-1.7168643256148606,-0.19204788147483853,0
-1.720920160432625,-0.19182738234930952,0
-1.7256700144943853,-0.19184681438115447,0
-1.7297265323908757,-0.19162769412312208,0
-1.7341830129765903,-0.19235618587563508,0
-1.7385343355616918,-0.19143089495263688,0
-1.7428861460601723,-0.1905065889349924,0
-1.745451093845979,-0.18815710670454422,0
-1.7494042427575707,-0.18628781509062442,0
-1.7530634652246224,-0.1851264669713064,0
-1.7556294213647412,-0.18277902021192105,0
-1.758195637725322,-0.18043209873539112,0
-1.7611617679837934,-0.1790326907788682,0
-1.7618559661293602,-0.17927298306820383,0
-1.7618559661293602,-0.17927298306820383,0
-1.7629497528972315,-0.18046013227398205,0
-1.7622555710154444,-0.1802198728148241,0
-1.7639385605660642,-0.17999385993620898,0
-1.7666105041595266,-0.17930187019143062,0
-1.7702716457525263,-0.17814439603316679,0
-1.7746275059320258,-0.17722826472994413,0
-1.7796782310720403,-0.17655377175337428,0
-1.784729541708101,-0.1758804606632225,0
-1.7893820606470445,-0.1742619013353739,0
-1.7943304088926908,-0.17193923964379998,0
-1.7995748304017312,-0.16891296804118028,0
-1.8045248863441898,-0.16659375351833816,0
-1.8097711781878338,-0.16357125738623424,0
-1.8151223515478438,-0.16220198581660483,0
-1.821065541324403,-0.1594252317834517,0
-1.8277050110102664,-0.15689297230246702,0
-1.8326596208108992,-0.15458295022958168,0
-1.8382068325241363,-0.15086662757959424,0
-1.8441546086864289,-0.14809913165675148,0
-1.8498074663136492,-0.14603757658762007,0
-1.8547657354646052,-0.14373494130487785,0
-1.8597248178045156,-0.14143394753105376,0
-1.8642853036126574,-0.13818809948167043,0
-1.8695424108694674,-0.13518743541820832,0
-1.875199936201314,-0.1331353026102846,0
-1.881851050753081,-0.13062654953704111,0
-1.8868146056322708,-0.12833458406227827,0
-1.891082791373794,-0.12579996252533832,0
-1.8968466782259146,-0.1254040418261262,0
-1.901914968247457,-0.12476500544223512,0
-1.9034097748502017,-0.12690190062015283,0
-1.9102703271591075,-0.1276989400682922,0
-1.9150425276534797,-0.12776348076527277,0
-1.9148470097411874,-0.13011158241134346,0
-1.9190245916143382,-0.1315783527433041,0
-1.9234996454358928,-0.13234433655955335,0
-1.9289687763907342,-0.13265468501584188,0
-1.9358310526602374,-0.13345520446289427,0
-1.9383186352939354,-0.1351338378665723,0
-1.9424966074977892,-0.1366013961228152,0
-1.9432934102306323,-0.13849031674964785,0
-1.9464768824429353,-0.1404126567812174,0
-1.9513508418080665,-0.14212411864641794,0
-1.953539586335907,-0.14450078083081586,0
-1.9557280706432838,-0.1468769177323601,0
-1.9569218110024238,-0.14970734395655505,0
-1.9608004083957074,-0.15187184759762573,0
-1.9636841967856355,-0.15449050924063812,0
-1.9661701205138549,-0.1561657939661174,0
-1.969253134957734,-0.15644383924373884,0
-1.9714402531076587,-0.1588172184102934,0
-1.9733283705139382,-0.16188829805578742,0
-1.9758137087461094,-0.16356240089484508,0
-1.9782989168680434,-0.16523624109247592,0
-1.9804850591912153,-0.16760765044833192,0
-1.9840628180338058,-0.17046614475817812,0
-1.9869442807033053,-0.17308011168567816,0
-1.990521291412053,-0.17593709580731876,0
-1.9950930785965948,-0.17833985626666404,0
-1.9996646380882268,-0.18074215710351638,0
-2.0039364161748114,-0.183840582570733,0
-2.0082077388755764,-0.18693808879296014,0
-2.012082628127205,-0.1890951071533582,0
-2.016053307442629,-0.19288699800649844,0
-2.0200233036793254,-0.19667750999214917,0
-2.0243881069872423,-0.20140522682178563,0
-2.029352375522576,-0.20474049740960787,0
-2.03431612361698,-0.208074717431721,0
-2.038583852022544,-0.21116496818452113,0
-2.0431517359000786,-0.21355984940104733,0
-2.0478133768690086,-0.21758549933802307,0
-2.0524742371765416,-0.22160957342643073,0
-2.056438980212558,-0.22538948126445923,0
-2.060008834858454,-0.22823202010759758,0
-2.0635782991736544,-0.23107377102645899,0
-2.06784261218559,-0.23415712744179196,0
-2.0734045244050776,-0.23609627480781725,0
-2.079452154625825,-0.24059765045705817,0
-2.082626437802883,-0.2425014414378257,0
-2.0856171101041543,-0.24115157422052036,0
-2.0890015648585596,-0.24073684354596736,0
-2.0940787349035404,-0.24011573243948625,0
-2.0985525364140933,-0.24087918833200206,0
-2.104326051423497,-0.24050270309840727,0
-2.1114910853696394,-0.24061310583773476,0
-2.116963713037009,-0.2409305127823842,0
-2.1238277620584487,-0.24173461071888092,0
-2.1283032550020415,-0.2425014809499526,0
-2.132083427599298,-0.24302579360937848,0
-2.1375576165894703,-0.24334635225114987,0
-2.1450292952554832,-0.24277448469539742,0
-2.151895979009147,-0.24358390112079853,0
-2.1589772092967614,-0.2420836272088689,0
-2.163365727144882,-0.2412334189038905,0
-2.169449790181158,-0.24018254261802952,0
-2.174142952304301,-0.23864602590602502,0
-2.179140335844215,-0.2364223472023479,0
-2.1841385325730887,-0.23420031000759778,0
-2.189137542490924,-0.2319799143217658,0
-2.1949221331339572,-0.23162578643966825,0
-2.201707631697543,-0.23082981187253537,0
-2.2077978424423517,-0.22979134539411383,0
-2.214673276109224,-0.2306184244554963,0
-2.218067326493353,-0.23022306358620348,0
-2.2249437685145335,-0.23105217811865053,0
-2.232734582482829,-0.22982325384483104,0
-2.2423118363055448,-0.23001865219917406,0
-2.249104100601274,-0.22923633498625762,0
-2.256289041413149,-0.22938692186395926,0
-2.2620813898788583,-0.22904845397695972,0
-2.266872358774421,-0.22915088069982303,0
-2.2723605183509186,-0.22949964046484794,0
-2.276846810443896,-0.23028830993437843,0
-2.2819444728506593,-0.22970856485269486,0
-2.288436549146864,-0.22962155151568986,0
-2.2935354801284067,-0.22904436718792098,0
-2.2986349966059993,-0.22846836474657195,0
-2.302340977438231,-0.22740140339017856,0
-2.3074415673252524,-0.22682756774060664,0
-2.3111484264015623,-0.22576237921384212,0
-2.315161881406402,-0.22401482190146282,0
-2.3196515238378907,-0.2248102543877497,0
-2.325145034197744,-0.22516981528147006,0
-2.3295508892344863,-0.22435460394667395,0
-2.333734813981522,-0.22583417804821337,0
-2.33883881926217,-0.22526723673610505,0
-2.3423256671747232,-0.2265007076067338,0
-2.3471236294953375,-0.22661725130630828,0
-2.3515315012406965,-0.22580611091363956,0
-2.35641365755054,-0.2275341191887552,0
-2.3595937631605466,-0.22944966337339423,0
-2.362690715663195,-0.22975584411390848,0
-2.366792560712298,-0.22962822156310025,0
-2.3715922469935027,-0.229748245261586,0
-2.376392323605412,-0.22986905688435755,0
-2.3808852025289617,-0.23067102257614813,0
-2.385768155763987,-0.23240063953000956,0
-2.3905691431475304,-0.23252328964276892,0
-2.395841991792457,-0.2351801967267413,0
-2.400027477862297,-0.23666292252540444,0
-2.4032072744605024,-0.23857784293665318,0
-2.4073926629476663,-0.24006037175424844,0
-2.4122756161826917,-0.24178998870810986,0
-2.4164610046698503,-0.24327251752570334,0
-2.4223500702347707,-0.2445707934516239,0
-2.426844201469315,-0.24537528706714795,0
-2.432036141408412,-0.2464273612716159,0
-2.4362218226436028,-0.2479104810324202,0
-2.4407961469776946,-0.250318362999602,0
-2.444981730630211,-0.25180128577933836,0
-2.4492465478192997,-0.2548856599301974,0
-2.452425108370287,-0.25679808524788683,0
-2.4559916777327917,-0.25963399239499196,0
-2.459557856764592,-0.26246911161781483,0
-2.462426194564287,-0.2650565845913384,0
-2.4656038280798587,-0.266967138588857,0
-2.469788435905622,-0.2684480915578895,0
-2.4732756090937595,-0.26968221903208267,0
-2.4774602169195177,-0.2711631720011116,0
-2.482652270705067,-0.27221547601682694,0
-2.48854201934871,-0.2735151308102388,0
-2.4933473003699618,-0.27364644809009775,0
-2.4982297982191675,-0.27537514579896616,0
-2.502801829360397,-0.27777839871099097,0
-2.5086922936103235,-0.2790794980322495,0
-2.5145830180807227,-0.2803811226363635,0
-2.519465629776386,-0.2821100501564775,0
-2.522953209558997,-0.2833449983851306,0
-2.5278358212546586,-0.2850739259052446,0
-2.5323320505167217,-0.2858826546137845,0
-2.5364421413018743,-0.285771676963428,0
-2.5405525573626093,-0.28566135591663944,0
-2.543965668895952,-0.28530447201644193,0
-2.547379040649762,-0.28494811339909276,0
-2.5511041639501038,-0.2839197931626849,0
-2.555215864849398,-0.2838120656999923,0
-2.5589417525473657,-0.28278528848197126,0
-2.562668030576029,-0.28175929918822895,0
-2.5663946989353974,-0.2807340978187689,0
-2.570819696440246,-0.2799575276039583,0
-2.575557112306578,-0.27851034180740086,0
-2.5813052756798722,-0.2766411715837478,0
-2.584721802606847,-0.27629118202101033,0
-2.5888367399981966,-0.27618998776381964,0
-2.5946606564593218,-0.2759152432531131,0
-2.599088760345996,-0.2751449436023776,0
-2.6035173521460493,-0.2743756288569976,0
-2.6079464318594727,-0.27360729901697134,0
-2.611365008022627,-0.2732614460567131,0
-2.6143980799962527,-0.2719971671145185,0
-2.6184426313469125,-0.27031238110325795,0
-2.6221749269738783,-0.26929853897552647,0
-2.627304791663448,-0.26878379764708704,0
-2.632122270519094,-0.2689397375607552,0
-2.6375662775307376,-0.26775786064948015,0
-2.643541244781698,-0.2706710483196737,0
-2.647661191417045,-0.27057996575742926,0
-2.6484319395756195,-0.27241629243845367,0
-2.6502145737057052,-0.2738329328048703,0
-2.650985061643814,-0.27566873420304105,0
-2.6533226343695393,-0.27416153655723896,0
-2.6540213050543855,-0.27441085714563584,0
-2.656045629965895,-0.273572600742483,0
-2.657756560689169,-0.27340299011037494,0
-2.659539146027914,-0.2748195319862532,0
-2.6619488775462674,-0.2748995045839724,0
-2.6636599709073323,-0.2747302222536483,0
-2.6649860479922527,-0.2736434988467362,0
-2.668094856789935,-0.2739736127873087,0
-2.6698774258648985,-0.2753901218330146,0
-2.6709611453534503,-0.27655694915835305,0
-2.6726724989349826,-0.27638819211088617,0
-2.6746977996732415,-0.2755519055184372,0
-2.675710498833709,-0.2751338607127476,0
-2.6767232305217323,-0.2747158815674169,0
-2.6767232305217323,-0.2747158815674169,0
-2.6780499256302654,-0.27363040570728536,0
-2.678292803667567,-0.27137790554074215,0
-2.678292803667567,-0.27137790554074215,0
-2.6813314378536806,-0.2701248545195618,0
-2.6813314378536806,-0.2701248545195618,0
-2.682273328115196,-0.2681223643751611,0
-2.688108645485533,-0.2678706338195198,0
-2.6900640806240297,-0.2654518060387083,0
-2.696913983753218,-0.26478583897806907,0
-2.6988701344980015,-0.2623684557251096,0
-2.7047079890178924,-0.2621218466772959,0
-2.707434709019683,-0.26154042897339913,0
-2.7119452341436574,-0.2623780154087587,0
-2.7170149101820833,-0.2603002668481089,0
-2.7221555577572563,-0.2598072919279577,0
-2.7255829814162897,-0.2594792985847558,0
-2.730094921489055,-0.26031974124563817,0
-2.733907507798243,-0.26090948445063233,0
-2.7377202567452272,-0.2614995559574069,0
-2.7408335868735243,-0.26183879668757903,0
-2.744262181524654,-0.26151316711722217,0
-2.747306573088604,-0.2602717379792008,0
-2.7510509689672915,-0.25928232150420705,0
-2.7537806977682298,-0.25870697738331216,0
-2.7565106217345203,-0.2581320272245602,0
-2.7595561354992313,-0.256892863368849,0
-2.7626019420119707,-0.2556542904563468,0
-2.7656480412727333,-0.254416308487059,0
-2.7679944614943395,-0.2529269704583115,0
-2.772056707836759,-0.25127790368115477,0
-2.7740880261733203,-0.25045376425471844,0
-2.776119474620115,-0.2496298874697107,0
-2.777135247634847,-0.24921804756773902,0
-2.779166891246991,-0.24839456474487065,0
-2.779166891246991,-0.24839456474487065,0
-2.779166891246991,-0.24839456474487065,0
-2.779867041935745,-0.2486468728795046,0
-2.779867041935745,-0.2486468728795046,0
-2.779867041935745,-0.2486468728795046,0
-2.779166891246991,-0.24839456474487065,0
-2.779867041935745,-0.2486468728795046,0
-2.7805671926244937,-0.248899181014135,0
-2.781898848185678,-0.24782371835841843,0
-2.7808829287969328,-0.24823526278878028,0
-2.7808829287969328,-0.24823526278878028,0
-2.7801827618444026,-0.2479829218239722,0
-2.7801827618444026,-0.2479829218239722,0
-2.779482594891869,-0.24773058085915878,0
-2.779867041935745,-0.2486468728795046,0
-2.7829148001019863,-0.24741223958841196,0
-2.7898901477102314,-0.24137370015910165,0
-2.7919226695664534,-0.24055199016586748,0
-2.7946557649696846,-0.23998344189190313,0
-2.798336995925638,-0.2374250102620472,0
-2.8027878040480676,-0.23670054154037246,0
-2.8064016089711394,-0.23256449324891726,0
-2.8111013127291766,-0.22959967152670835,0
-2.816887305652873,-0.22780686429803332,0
-2.821656988857125,-0.2264248135754361,0
-2.82642732261254,-0.225044076059973,0
-2.831514807489185,-0.22300227654468685,0
-2.835969941776879,-0.2222865406504635,0
-2.840357682559249,-0.21999325375500156,0
-2.8451306347831213,-0.2186178018982634,0
-2.849904237558155,-0.2172436632486665,0
-2.854293962521586,-0.21495438163496772,0
-2.857915151200416,-0.21083323824450773,0
-2.8619891725189692,-0.20920794051651903,0
-2.866063714278459,-0.20758369335424298,0
-2.8697541342696553,-0.20504381077518907,0
-2.873897191735235,-0.20499937989646533,0
-2.8786750718841994,-0.20363387558378676,0
-2.883770932607126,-0.20160898361037383,0
-2.8898870388840674,-0.19918128003405577,0
-2.8933301082986844,-0.1988848693224856,0
-2.8967064347591442,-0.19701222081680392,0
-2.8998325156903295,-0.19737720040684792,0
-2.901872063499159,-0.19656967305068562,0
-2.904363028998933,-0.19825513513147186,0
-2.907104988161821,-0.19770447930474155,0
-2.9085093554841226,-0.19821730311861074,0
-2.912722457451032,-0.19975577456021298,0
-2.9172535399919077,-0.20063485834108086,0
-2.9221028958547723,-0.2008551454044305,0
-2.9263162905697087,-0.20239420778924355,0
-2.930529685284638,-0.2039332701740566,0
-2.93608208678895,-0.2044117091437947,0
-2.94227194570888,-0.20357439316847703,0
-2.9467393428860866,-0.20288341122877718,0
-2.9508234477477444,-0.20127846821140594,0
-2.9545893606063025,-0.20033248606244491,0
-2.9583556637955635,-0.19938729183776438,0
-2.9631438063891995,-0.19804250336766138,0
-2.9686352711085267,-0.19695642491697996,0
-2.9731057421399996,-0.19627164788099805,0
-2.979447072919246,-0.19434266296656766,0
-2.9830966008683184,-0.19293306381003283,0
-2.9867459670577805,-0.19152444070356545,0
-2.9909884574033843,-0.19042167223719986,0
-2.995230745549474,-0.18932012383341856,0
-2.999153892129156,-0.18887612832288525,0
-3.003395801151161,-0.18777686753645106,0
-3.007637507973655,-0.18667882681260295,0
-3.0121978761387123,-0.18492613084414877,0
-3.015252824095155,-0.18321946149812263,0
-3.0183521828900783,-0.1798963459570686,0
-3.022318810190484,-0.17784151653939873,0
-3.025373348692913,-0.17613731782011222,0
-3.029658399751458,-0.17342926673136816,0
-3.0342174788946252,-0.1716843486618913,0
-3.0372715472831864,-0.16998298658811528,0
-3.0409184870784998,-0.16858900423267187,0
-3.04337932010119,-0.16658245855321496,0
-3.046433024530632,-0.16488329259209245,0
-3.0503982162144982,-0.16283712561877728,0
-3.0543632056988503,-0.16079217870804463,0
-3.0552747586681175,-0.1604447811755083,0
-3.0565493635984797,-0.15782640420959382,0
-3.0580981785930277,-0.15617006220661978,0
-3.05969140948104,-0.15289724350704859,0
-3.06124016887072,-0.15124123702128323,0
-3.063700334635019,-0.1492387175483607,0
-3.0661604195195142,-0.14723668610047014,0
-3.068664895022538,-0.14361833046380568,0
-3.0708062124097246,-0.14227159479337992,0
-3.0747700796867843,-0.14023341922999677,0
-3.0784596307449164,-0.13723384923653192,0
-3.081830444635667,-0.13488939201114114,0
-3.0848825668539224,-0.1331997730397525,0
-3.088845701157748,-0.13116602020323498,0
-3.092808633262063,-0.1291334874293124,0
-3.095541836333373,-0.12810007928232636,0
-3.0988675013574234,-0.12737652148040368,0
-3.1031040217624177,-0.12630977536186982,0
-3.106429408762139,-0.125587895146003,0
-3.110073072925351,-0.12421367780444115,0
-3.112805714893014,-0.12318365533112718,0
-3.1164490959769076,-0.12181114607718868,0
-3.1194556295445253,-0.12174508016538255,0
-3.121595531535121,-0.12040688493305574,0
-3.1230987275491007,-0.12037427899906383,0
-3.12551263740437,-0.11999933879226177,0
-3.12760819427133,-0.12027719323462804,0
-3.12970372080836,-0.12055523068637974,0
-3.1302520095070445,-0.12248009365294266,0
-3.1311185955891734,-0.12375249748754946,0
-3.1305702765605616,-0.12182781753037553,0
-3.13020790702282,-0.12409467925253104,0
-3.1310745183798883,-0.12536693057931636,0
-3.131436852532717,-0.12310028236811199,0
-3.135407878464493,-0.1317263571193621,0
-3.138458009017551,-0.1300487557644363,0
-3.142330815258049,-0.13125698478424752,0
-3.14529299864704,-0.13280699904870552,0
-3.1449310587832624,-0.13507126813786918,0
-3.146708414311549,-0.13600100218245892,0
-3.1502631253681166,-0.13786047027164194,0
-3.152632932739161,-0.13910011566443004,0
-3.154684700531142,-0.14099066460937948,0
-3.1564620712243876,-0.14192030714927562,0
-3.1591063565739717,-0.1441203709220833,0
-3.1605657584579845,-0.14570048999223495,0
-3.162617662734636,-0.14759021539493666,0
-3.162848745927242,-0.1501609491554916,0
-3.1673140747803323,-0.1516786625015989,0
-3.1672274065281805,-0.15489856122512968,0
-3.16745871719524,-0.15746792241527707,0
-3.1682826212447193,-0.16034634090981292,0
-3.1682393983283745,-0.1619556192371565,0
-3.168470880865021,-0.16452394337411036,0
-3.169020281661023,-0.16644209599645343,0
-3.1698444586798455,-0.1693188674064956,0
-3.169165692434076,-0.17222671967230596,0
-3.1685300176749696,-0.17352608665144942,0
-3.1688047989527774,-0.1744846749375899,0
-3.1688047989527774,-0.1744846749375899,0
-3.168486966628212,-0.1751343279255977,0
-3.1688047989527774,-0.1744846749375899,0
-3.168169134303646,-0.17578398091360548,0
-3.1690365696237297,-0.17705126048535824,0
-3.1696292034460534,-0.17736007377722984,0
-3.1719138590612896,-0.18181046742415852,0
-3.175426934467687,-0.18526963634939086,0
-3.176844397402256,-0.18845128634946917,0
-3.179765071515769,-0.19160023891085665,0
-3.180865106524804,-0.19542910177377415,0
-3.1831507630276263,-0.19987345611090923,0
-3.1857117972968165,-0.2052727995495527,0
-3.1889083445655064,-0.20937375205911657,0
-3.1927401925242016,-0.21217759470532016,0
-3.196572111252724,-0.21498101032961792,0
-3.1998534968679753,-0.2158731056820482,0
-3.2033680281108605,-0.21932349015666475,0
-3.207475496475338,-0.22308085782927733,0
-3.2110322699669354,-0.2249278812800899,0
-3.2142298130682185,-0.22902282498142057,0
-3.218379488296492,-0.2311770451411821,0
-3.221894621082928,-0.2346237999296097,0
-3.2256854955948544,-0.23902334770689215,0
-3.2286496757040304,-0.24056131385331803,0
-3.2322066918350405,-0.2424068732290312,0
-3.235488021845427,-0.24329930409867373,0
-3.2395964506575883,-0.24705087647400248,0
-3.243153497118529,-0.24889625284032668,0
-3.24757918704163,-0.25200161890445294,0
-3.2514121066577424,-0.2547989952189518,0
-3.2549692137785335,-0.256644005566498,0
-3.2590781581994506,-0.2603924667822355,0
-3.262911290125052,-0.2631885620310257,0
-3.2676133839770483,-0.2672427253790417,0
-3.272039584453921,-0.2703450107851353,0
-3.275913654441375,-0.2715456144137942,0
-3.279747044171353,-0.274340154082779,0
-3.2833043332717047,-0.27618406637400206,0
-3.2883235972448634,-0.27959257243897717,0
-3.292473803246857,-0.2817435899344467,0
-3.2969003019680088,-0.28484407574823223,0
-3.3019197782506584,-0.2882513007474934,0
-3.3066228426603175,-0.29229960779509767,0
-3.310416709725027,-0.29668109864611836,0
-3.313934309345516,-0.3001129686710051,0
-3.317135658852626,-0.3041849446941711,0
-3.32033722066922,-0.3082556396516196,4
-3.323538994795305,-0.31232505354335593,4
-3.326464279057703,-0.3154461886777984,4
-3.3282036890769167,-0.31795335741625763,4
-3.3287571641930995,-0.31984692577750984,4
-3.327768896242681,-0.32335416445280885,4
-3.3274131790689,-0.3255808861159082,0
-3.328559854166034,-0.32777985159379064,0
-3.328520452820479,-0.3293660707382724,0
-3.3299834437458333,-0.3309245336975355,0
-3.332316432870094,-0.3337348119352761,0
-3.3352034026093147,-0.33843560837780373,0
-3.33809065542785,-0.34313469673271335,0
-3.34038504694961,-0.3475263443661625,0
-3.3438660103028734,-0.3525277491796768,0
-3.3476633046493234,-0.35688855996987456,0
-3.3502744517832443,-0.3606370514485828,0
-3.3532017277108377,-0.36374616896655887,0
-3.357908770395907,-0.3677704712828014,4
-3.3605204483035482,-0.3715157600972212,4
-3.363725553666601,-0.37556507345786194,4
-3.366653415972783,-0.37867065279434087,4
-3.3707679309902705,-0.3823855012858566,4
-3.373973602511958,-0.3864313984712595,4
-3.3769018894371143,-0.38953441567630875,4
-3.3801079350278975,-0.3935780557459303,4
-3.3848164537694085,-0.3975934516052959,4
-3.388894009000449,-0.40287978698557403,4
-3.3923785715050343,-0.40785947468506834,4
-3.3955855775435015,-0.4118973194574078,4
-3.399664118497167,-0.41717770703257884,4
-3.4043738352707873,-0.4211858740211305,4
-3.4084530131529167,-0.42646241839915966,0
-3.412847869934801,-0.4311023034557113,0
-3.4181517168071363,-0.4354102552730019,0
-3.4204884769523005,-0.43819777934352544,0
-3.4255513379109015,-0.4399947499653756,0
-3.4302989597536886,-0.4424257262725746,0
-3.434768251717223,-0.44391952639201193,0
-3.4395525603771127,-0.4447806628949369,0
-3.4445784564942805,-0.4481491509071116,0
-3.4496409989886487,-0.4499480431275309,0
-3.4543884995117278,-0.45237975147228227,0
-3.458821079383217,-0.4554435439038116,0
-3.4638471878098755,-0.4588107508502759,0
-3.4673716419938376,-0.46220126075351686,0
-3.4711749062808916,-0.4665260491958847,0
-3.4759226898832853,-0.46895604945301805,0
-3.4797622770283194,-0.4717131942037671,0
-3.4833231450600426,-0.4735355113872277,0
-3.4896083901543573,-0.47437767615554804,0
-3.4943918546312815,-0.47524390641976844,0
-3.498581734948175,-0.4758070576862714,0
-3.5027714939453602,-0.4763709409903214,0
-3.5084624876212516,-0.47691405296745515,0
-3.5132453606646017,-0.4777838519147366,0
-3.518935924666531,-0.47832955652486575,0
-3.52431185109619,-0.47950563713415484,0
-3.529129601271009,-0.4788165158373001,0
-3.5324460813822007,-0.4781483793783181,0
-3.5357624401736896,-0.4774809749568867,0
-3.541172915160608,-0.47710011792374196,0
-3.5414872039387184,-0.47647184653254016,0
-3.542709077520662,-0.475520121337043,0
-3.5442452095507875,-0.4739403077597295,0
-3.5448737668870542,-0.4726838869835852,0
-3.5467241320904233,-0.4704761375322857,0
-3.5491676871647755,-0.4685738462007478,0
-3.550703692820207,-0.4669947951625524,0
-3.552832868126668,-0.46572132425037793,0
-3.554368797957281,-0.4641427307356505,0
-3.5558694007625142,-0.4641257721043104,0
-3.5597779232624536,-0.46377001762026104,0
-3.5628141879839497,-0.46217608205712146,0
-3.5658503313857306,-0.46058287853153246,0
-3.5692005158712234,-0.45836289819141207,0
-3.5722364014686256,-0.4567712502456196,0
-3.5776443995115184,-0.4564053389791418,0
-3.583366190943716,-0.4554141454748013,0
-3.5872735103565603,-0.4550656503631352,0
-3.5927157435474673,-0.45314469255123235,0
-3.5978436222454224,-0.45185240265087145,0
-3.6026572374402086,-0.4511882316338891,0
-3.606284766082327,-0.4499113752866375,0
-3.609668119113403,-0.44614278423122755,0
-3.6130163523735987,-0.44393457749505316,0
-3.617585058984112,-0.44078309449678343,0
-3.6218396082462014,-0.4382590898490353,0
-3.6251872905127236,-0.43605420778340687,0
-3.63184727241552,-0.43320641405274607,0
-3.638192899825368,-0.4309872882336272,0
-3.6435967729982064,-0.4306462662438939,0
-3.6475013273327193,-0.4303144554880802,0
-3.6516846766053597,-0.430917014776087,0
-3.6540552725545012,-0.4321519019247937,0
-3.6600163766994633,-0.4336817856337838,0
-3.6615152759738034,-0.4336751060297299,0
-3.663641377847675,-0.4324201800688492,0
-3.666673618798864,-0.43085052375115396,0
-3.6699847406229793,-0.4302147189506851,0
-3.673574758484982,-0.4305126741627401,0
-3.677443717879756,-0.4317441148732417,0
-3.6810335487072052,-0.43204319864318563,0
-3.6858427559526206,-0.43140562499056223,0
-3.6903382860734517,-0.43139263203982203,0
-3.69305611187184,-0.4304520096524431,0
-3.6969931371636218,-0.42857579739726326,0
-3.699745046460391,-0.42608104351140064,0
-3.7027759124548982,-0.42451968361929104,0
-3.705214240671852,-0.42264893090558076,0
-3.708558232797273,-0.42046631498213394,0
-3.712215406658471,-0.41766210751013944,0
-3.717336087053786,-0.4164132518378185,0
-3.7233620421235027,-0.41485488157623607,0
-3.7297008048599025,-0.4126771768818873,0
-3.7354126784060124,-0.4117458274473549,0
-3.7417505211346302,-0.40957367403776956,0
-3.7486800422928717,-0.40771609871577574,0
-3.7543906874769437,-0.40679216116144623,0
-3.759787928505773,-0.40649115722451157,0
-3.7673420438898386,-0.40340107435303985,0
-3.774269492503077,-0.4015560046725408,0
-3.779699411743678,-0.3997093486720882,0
-3.7848498940626953,-0.3969321963265209,0
-3.7887484683466237,-0.3966364689216686,0
-3.792054939581954,-0.3960287255606598,0
-3.7953612894975723,-0.3954217142372016,0
-3.7965789118347697,-0.39449564085755817,0
-3.801415449114847,-0.3923446857967967,0
-3.804755149555616,-0.39018796570172753,0
-3.8095574617976578,-0.38959199618326146,0
-3.8146722733521194,-0.38837855282747746,0
-3.818882265181081,-0.38747187892013635,0
-3.823996525741876,-0.38626176023489656,0
-3.830293991512285,-0.3856817127717669,0
-3.8357202105018047,-0.3838573839166237,0
-3.840208309790553,-0.38388922826589145,0
-3.8446962270997425,-0.38392217067148593,0
-3.8497756408589936,-0.38427078922099156,0
-3.85669642194331,-0.38246595110424586,0
-3.863237709475614,-0.38437977345880014,0
-3.869499555031352,-0.3853631299698055,0
-3.873082359425741,-0.3857046109145923,0
-3.8754487900649295,-0.38696463135255854,0
-3.877535935432169,-0.3872932403984706,0
-3.8817101351768706,-0.3879510075184651,0
-3.8867551267535596,-0.38985580117128826,0
-3.889187267665431,-0.3880223823726876,0
-3.8909948649013586,-0.387421166107913,0
-3.895480810765301,-0.38746600412371457,0
-3.8990300624350347,-0.38935841390270376,0
-3.9016756266965302,-0.3915507607796549,0
-3.904978190426281,-0.3909665951281056,0
-3.908560049537952,-0.3913137798654791,0
-3.912453882243316,-0.39104666292825385,0
-3.9160355138805354,-0.3913952202360349,0
-3.9187461059913637,-0.3904982455876471,0
-3.9220480732325527,-0.3899176791207264,0
-3.9256293813505536,-0.39026818852864587,0
-3.9295225518525125,-0.3900050672963875,0
-3.9340069963850723,-0.3900589642768839,0
-3.9370289453810816,-0.3885514091447835,0
-3.9402978653963867,-0.38951872135559995,0
-3.9423515945236396,-0.3913974356934684,0
-3.9441258109044917,-0.3923461112096973,0
-3.9453086218250633,-0.39297856155385347,0
-3.9461795956366092,-0.39422449003036064,0
-3.9470828382059153,-0.3939272370700788,0
-3.9491688714758357,-0.39426255646021247,0
-3.95156667613994,-0.39398479423833344,0
-3.9539322373212205,-0.3952500609454148,0
-3.956329940885567,-0.3949729087548288,0
-3.959846140274431,-0.3984132277131156,0
-3.9604054791764707,-0.4002714142593913,0
-3.963362481202955,-0.40185269262759604,0
-3.965696142640594,-0.4046589141572454,0
-3.9689329657677277,-0.40716837075164314,0
-3.974567300369676,-0.4094018342149184,0
-3.9805130929565564,-0.4110241071631826,0
-3.9858989501528317,-0.41079179274979793,0
-3.9867702070436977,-0.4120360131386853,0
-3.9903185184856973,-0.41393409620869726,0
-3.993027048161501,-0.4130495661986817,0
-3.99420978831224,-0.4136824435647384,0
-3.9962953312483425,-0.41402072160664183,0
-3.998660791329872,-0.41528659834501447,0
-4.000714859141304,-0.4171632690780527,0
-4.004325827643351,-0.41598633585653744,0
-4.007936634385787,-0.4148103786850932,0
-4.0121072551991155,-0.4154897409128395,0
-4.013912517030677,-0.4149026163709273,0
-4.015095135861708,-0.4155362257745363,0
-4.016869064108253,-0.41648663987994894,0
-4.018331721404417,-0.41804711594247834,0
-4.020977048081489,-0.4202408963929667,0
-4.024213749888919,-0.4227510850249221,0
-4.028353021952276,-0.4249680774046922,0
-4.031900969435151,-0.42686835658735767,0
-4.036040241498508,-0.42908534896713135,0
-4.039307953371729,-0.4300599510518932,0
-4.043447190050172,-0.43227715694261803,0
-4.047306130459102,-0.43356905175422433,0
-4.049640706849532,-0.4363697525006671,0
-4.050451116365988,-0.4406780696209438,0
-4.0497680101701246,-0.44496058217893975,0
-4.050639812999675,-0.4462015083988451,0
-4.051231198240009,-0.4465178555771807,0
-4.05120068861801,-0.448050422469473,0
-4.052694416639817,-0.4480749459660345,0
-4.054218603733743,-0.44656720758595014,0
-4.05633412046314,-0.44537615190141366,0
-4.060193172081801,-0.44666737567859194,0
-4.064643512896032,-0.4482755261638349,0
-4.069995943742345,-0.4495933780455381,0
-4.073543982215,-0.45149310820003663,0
-4.074105110582726,-0.45334049719243197,0
-4.075568399752363,-0.4548971605593799,0
-4.077001598863994,-0.45798385918875617,0
-4.078805799148114,-0.4574031399754155,0
-4.079677799122187,-0.45864287663430225,0
-4.081451894183333,-0.4595922841880835,0
-4.084719398802051,-0.4605681368369936,0
-4.08739549796049,-0.4612277643138327,0
-4.0897908509555005,-0.4609647953508009,0
-4.092777477981116,-0.4610188446005239,0
-4.097006438894903,-0.45864923887294573,0
-4.099120828362015,-0.4574649850373209,0
-4.103319547568157,-0.4566263296191124,0
-4.107888332774044,-0.4521258991476387,0
-4.108479556254768,-0.45244322237604173,0
-4.11177603377919,-0.45189578060831614,0
-4.115974085726942,-0.45106115139663494,0
-4.119270285227037,-0.45051538721496165,0
-4.121664738434218,-0.45025784753043396,0
-4.1252711776671855,-0.44910824371082825,0
-4.128567028373119,-0.4485645841371131,0
-4.132173164306819,-0.4474168104113847,0
-4.137582064908095,-0.4456969799166721,0
-4.142709905936705,-0.44305644407909917,0
-4.146345045106033,-0.4403851929273408,0
-4.14966968168312,-0.43831936749487355,0
-4.155106973866504,-0.4350797502634478,0
-4.156628790171148,-0.43358631711717877,0
-4.161415411731021,-0.4330850244553339,0
-4.164399531482681,-0.43315420248111636,0
-4.166482455935098,-0.43350828033349664,0
-4.167693789867455,-0.4326201509002594,0
-4.169185768863482,-0.4326552279381861,0
-4.168875559460538,-0.4332588845667278,0
-4.1691562399091175,-0.4341818775269406,0
-4.170057329053618,-0.43389761823319617,0
-4.1732924688698105,-0.4364172318486226,0
-4.1771185642523765,-0.4392557852753729,0
-4.177369983660951,-0.441703811241414,0
-4.178832605572195,-0.44326450081489277,0
-4.180295257813373,-0.4448250073789861,0
-4.181757940384472,-0.4463853309336905,0
-4.182319655130787,-0.4482291817445905,0
-4.18316230307507,-0.4509945004374636,0
-4.184005042009135,-0.45375927010217687,0
-4.183384966942416,-0.454964509252866,0
-4.184227827196191,-0.4577285468800305,0
-4.187182781952609,-0.45932217838191214,0
-4.189827764890509,-0.46151803293879823,0
-4.19038983348597,-0.4633597486401708,0
-4.189459948360344,-0.4651662347957952,0
-4.191824033485185,-0.46644040795974817,0
-4.193287171005192,-0.46799798637363565,0
-4.1956512763499845,-0.46927203753133107,0
-4.195312599540117,-0.4713959384200521,0
-4.197676765544765,-0.4726696235589749,0
-4.200913164052928,-0.47518164228480586,0
-4.203839803052059,-0.4782946029999273,0
-4.205274629869761,-0.48137148012549424,0
-4.206709578007175,-0.4844476252135035,0
-4.209326851786324,-0.4881591487958783,0
-4.211634588475906,-0.49247027229868934,0
-4.214533710405828,-0.4970977429798431,0
-4.216250789773323,-0.5010881270790186,0
-4.2194320024934235,-0.5066300807838484,0
-4.221712823657342,-0.512452084566501,0
-4.223402820684578,-0.517954355497146,0
-4.225402703595538,-0.5228549218993876,0
-4.228303675650997,-0.5274712290078831,0
-4.231514381940542,-0.5314867466349114,0
-4.2341339759591,-0.5351842699991138,0
-4.236726320822797,-0.5403946867464242,0
-4.239319019535641,-0.5456029683842054,0
-4.240165140256551,-0.5483473325021802,0
-4.243376973808381,-0.5523560482802949,0
-4.245124037079144,-0.5548170376498991,0
-4.246024726879604,-0.5545351879797629,0
-4.245124037079144,-0.5548170376498991,0
-4.243941205938622,-0.5541847093120058,0
-4.245715452649403,-0.5551332018188475,0
-4.2477989584254185,-0.5554837719912982,0
-4.245406178419204,-0.5557312156579322,0
-4.246306868219664,-0.5554493659877942,0
-4.247207547910147,-0.5551675773207858,0
-4.247207547910147,-0.5551675773207858,0
-4.246616137394875,-0.5548513826502735,0
-4.247207547910147,-0.5551675773207858,0
-4.248699622950937,-0.5552020748289799,0
-4.248981779455965,-0.5561161613323229,0
-4.25075601100178,-0.5570647453438546,0
-4.250446777211483,-0.5576625151704224,0
-4.250419735311123,-0.559174157989375,0
-4.250701937311037,-0.5600879699786319,0
-4.250674930795592,-0.5615993992866333,0
-4.250056493544925,-0.5627947559303816,0
-4.249438056294258,-0.56399011257413,0
-4.249411090218716,-0.5655012978696181,0
-4.248510400418255,-0.5657831475397508,0
-4.24820118179292,-0.566380825861625,0
-4.2484834495076775,-0.5672942413305435,0
-4.251467781568824,-0.567362138290612,0
-4.257127050141209,-0.5680966780873806,0
-4.261294061693244,-0.5687978184322802,0
-4.26628135515293,-0.5737477063417273,0
-4.271631147295604,-0.5750814800401649,0
-4.276954251387064,-0.577924761448033,0
-4.281094443458203,-0.5801362025430432,0
-4.285490831901395,-0.5847668456255128,0
-4.2905314660785905,-0.5866979316270502,0
-4.295263195039695,-0.5892248048534583,0
-4.300303707897184,-0.591156622892548,0
-4.304752683864704,-0.5927730088002434,0
-4.306783794205927,-0.5961366770880119,0
-4.317199098891374,-0.5979029486386995,0
-4.318973436591934,-0.5988508921173779,0
-4.31987350968388,-0.598572763638126,0
-4.320464950529079,-0.5988887752992493,0
-4.321056391374277,-0.5992047869603727,0
-4.320747774292496,-0.5997988355960544,0
-4.321056391374277,-0.5992047869603727,0
-4.319204688883573,-0.60276907877447,0
-4.321261976722244,-0.604626320010837,0
-4.32208499843329,-0.6088585357273519,0
-4.322008134086937,-0.613367751365228,0
-4.3237316484539186,-0.6173193069726253,0
-4.324838343166331,-0.6224564587230876,0
-4.3253537284632255,-0.6272768057717446,0
-4.323836628462212,-0.6287417809582116,0
-4.322294149651828,-0.6317083639488708,0
-4.32252670613032,-0.6356186812022884,0
-4.32520188022599,-0.6362838904654513,0
-4.326026372938486,-0.6405072302266586,0
-4.327751206657286,-0.6444508249256842,0
-4.328267714161479,-0.649264400626997,0
-4.331201480693423,-0.6523343541359861,0
-4.329426202765127,-0.6513920839483305,0
-4.327650924836837,-0.6504498137606749,0
-4.329426202765127,-0.6513920839483305,0
-4.331793240002854,-0.6526484441985367,0
-4.334160277240578,-0.6539048044487448,0
-4.334776955355489,-0.6527200623494895,0
-4.33863575927975,-0.6540127807033365,0
-4.338610896079137,-0.6555112773479337,0
-4.338327450552223,-0.6546049687435751,0
-4.340077870334891,-0.657045705074264,0
-4.340928328235343,-0.659763898849782,0
-4.342962456404296,-0.663109357703469,0
-4.346180345831524,-0.6670815326071562,0
-4.348498445246124,-0.6713301279024719,0
-4.351716779512278,-0.6752996186684701,0
-4.356427138269348,-0.6793039119583124,0
-4.357870295706965,-0.6823305225053602,0
-4.360805386645717,-0.685392484604419,0
-4.363740598904178,-0.688453714665922,0
-4.3660840366882425,-0.6912009461695661,0
-4.365443971429162,-0.6938752784565487,0
-4.3659878190779935,-0.6971754117465903,0
-4.366815789622107,-0.7013777664313281,0
-4.3676439623657295,-0.7055789010534834,0
-4.367028093048869,-0.7067587629023961,0
-4.365796354415153,-0.7091184866002251,0
-4.365464582718637,-0.711200722351661,0
-4.365724888795782,-0.7135951265670748,0
-4.366269413812979,-0.7168911726474541,0
-4.36861399402429,-0.7196315107974964,0
-4.370650821556735,-0.7229606818156658,0
-4.37209569263522,-0.725976952332303,0
-4.372309431678525,-0.7313492863590163,0
-4.371670342032093,-0.7340177318440215,0
-4.371907867563603,-0.7378980660594028,0
-4.371861113495214,-0.7408771244285965,0
-4.3718144403066255,-0.7438556947727477,0
-4.372975613108807,-0.7459671817632625,0
-4.37323684930371,-0.748355973690785,0
-4.374967233399127,-0.7522660776718446,0
-4.3764132266849085,-0.7552755768411359,0
-4.377528615976358,-0.7603602659004292,0
-4.378667271092269,-0.7639560968095491,0
-4.38039844882077,-0.7678614120449616,0
-4.383622186868896,-0.7717982966383676,0
-4.386846137226513,-0.7757339001660597,0
-4.390662706241484,-0.7799784084903152,0
-4.393602164689707,-0.7830140172375266,0
-4.394741952122889,-0.7866030157961728,0
-4.397681693650426,-0.7896369164557626,0
-4.40033651359461,-0.7917734149678743,0
-4.401806470293174,-0.7932898467710725,0
-4.402969073656903,-0.7953927018187947,0
-4.4020469226626275,-0.7971525205805321,0
-4.402924513453222,-0.7983585225089342,0
-4.4025948951815135,-0.8004277645938362,0
-4.401980158181923,-0.8016007940922698,0
-4.400750684182745,-0.803946853089144,0
-4.39923603079583,-0.8053970655183313,0
-4.398291736184385,-0.8086389710828925,0
-4.396162295248002,-0.8112625180261599,0
-4.394932801028872,-0.8136086990292952,0
-4.394295945687052,-0.8162636628227329,0
-4.393044403895521,-0.8200913510989594,0
-4.392407639543482,-0.8227457658642336,0
-4.391178205984204,-0.8250915808485892,0
-4.391441580438951,-0.8274674706142733,0
-4.3914196188013435,-0.8289484593607703,0
-4.390826883879264,-0.8286402561001935,0
-4.38904867911303,-0.8277156463184596,0
-4.391705015553555,-0.8298429943611794,0
-4.392868589474947,-0.8319399931084916,0
-4.392275839387903,-0.8316318813526085,0
-4.390761089956218,-0.8330826733115231,0
-4.390453756841337,-0.8336689745497878,0
-4.392210212279455,-0.8360732920123031,0
-4.396359675198237,-0.8382287932377768,0
-4.399609110519966,-0.8406621484284216,0
-4.402222549847801,-0.8457452821465168,0
-4.402200947114327,-0.847224105281926,0
-4.4039363255377015,-0.8511040737171278,0
-4.4059790623508945,-0.8543975884062416,0
-4.4068362080002235,-0.8570754286117523,0
-4.408000570499713,-0.8591676691149814,0
-4.407407688982989,-0.8588603503997767,0
-4.407386318778954,-0.8603377704632145,0
-4.407386318778954,-0.8603377704632145,0
-4.407714819898356,-0.858275269224098,0
-4.407693444639333,-0.859752719789098,0
-4.407957870531547,-0.8621222652293365,0
-4.408508173399813,-0.865383448021344,0
-4.408465655411208,-0.8683369460793742,0
-4.407809057571427,-0.8724595084324296,0
-4.40594542759392,-0.8774442433872309,0
-4.405575045414375,-0.8824563994872303,0
-4.405246928474046,-0.8845165826074339,0
-4.405797959260562,-0.8877733731741344,0
-4.404590785583171,-0.8886363998196796,0
-4.403669650641444,-0.8903900877669244,0
-4.403076541650268,-0.8900841416221308,0
-4.40129721467674,-0.8891663031877464,0
-4.399147758273056,-0.8932590957751287,0
-4.39671219236388,-0.896461654082719,0
-4.396405122108366,-0.8970463692396216,0
-4.394297521489882,-0.8981896594739442,0
-4.39278307030248,-0.8996386518405437,0
-4.392475984882003,-0.9002234585021434,0
-4.390040226883292,-0.9034271758691901,0
-4.388832790346537,-0.9042917885960957,0
-4.38670403183351,-0.9069112178281387,0
-4.38699021716382,-0.9078009945844663,0
-4.385475629491747,-0.9092508104933117,0
-4.383653905849318,-0.9112857380794033,0
-4.382488183558108,-0.9092017024970556,0
-4.381280620646658,-0.9100670777630793,0
-4.379786842074973,-0.9100428592821643,0
-4.379172570134262,-0.9112130826366531,0
-4.3779649516179475,-0.9120787934198873,0
-4.376757312881681,-0.9129446262093808,0
-4.37645016680135,-0.9135297988897566,0
-4.375549653925461,-0.91381058100513,0
-4.373748597843761,-0.9143723282452694,0
-4.374956287129907,-0.9135061904401294,0
-4.374956287129907,-0.9135061904401294,0
-4.374362920334351,-0.9132017998751323,0
-4.374362920334351,-0.9132017998751323,0
-4.373462387238513,-0.9134827039967668,0
-4.371947501322161,-0.9149343194979274,0
-4.370760727291149,-0.9143257823804465,0
-4.370167340275639,-0.9140215138217069,0
-4.369573953260133,-0.9137172452629656,0
-4.368980566244627,-0.913412976704226,0
-4.369881144835356,-0.9131317980685107,0
-4.368980566244627,-0.913412976704226,0
-4.369287762874837,-0.9128274990082073,0
-4.369881144835356,-0.9131317980685107,0
-4.369881144835356,-0.9131317980685107,0
-4.369881144835356,-0.9131317980685107,0
-4.370146364360657,-0.9154965547631004,0
-4.371354114306655,-0.914630050939186,0
-4.371354114306655,-0.914630050939186,0
-4.370453545825903,-0.9149111685717735,0
-4.370146364360657,-0.9154965547631004,0
-4.3695529672351725,-0.9151923472074905,0
-4.368058976353998,-0.9151694097922878,0
-4.3695529672351725,-0.9151923472074905,0
-4.3698391828954115,-0.9160819409544256,0
-4.368058976353998,-0.9151694097922878,0
-4.3695529672351725,-0.9151923472074905,0
-4.369860153755406,-0.9146069305145978,0
-4.370167340275639,-0.9140215138217069,0
-4.368673369614417,-0.9139984544002466,0
-4.367179378733246,-0.9139755169850474,0
-4.36449856327118,-0.9133443474680103,0
-4.361510460189127,-0.9132992046751607,0
-4.3590946064479805,-0.9150343474325098,0
-4.355470674186632,-0.9176379766154774,0
-4.355470674186632,-0.9176379766154774,0
-4.353361900810979,-0.9187883432127979,0
-4.352132770550972,-0.9211323281032779,0
-4.350310121845775,-0.9231728374756951,0
-4.346399508865309,-0.9248896790556689,0
-4.3445767135654645,-0.9269310729734634,0
-4.341831923975967,-0.9307313401044883,0
-4.338800756966624,-0.9336429895386456,0
-4.334868465427867,-0.9368391117775001,0
-4.330935961579623,-0.9400365150820686,0
-4.327617992531458,-0.9420621089507861,0
-4.32427885547877,-0.9455639028203517,0
-4.321533373355942,-0.9493683486657343,0
-4.319095214238018,-0.9525865542759799,0
-4.317844708718988,-0.9564079897314581,0
-4.315406488941212,-0.9596265613604782,0
-4.31266080967386,-0.9634321967668793,0
-4.311717763644406,-0.9666665684449782,0
-4.309566007221266,-0.9707732392442665,0
-4.310425821904158,-0.9734349746236521,0
-4.305898035419981,-0.9763395474562166,0
-4.301266375303449,-0.9866132551843911,0
-4.301573769078184,-0.9860265879273484,0
-4.300016162973712,-0.9904329215491199,0
-4.297905665847216,-0.9915936891799788,0
-4.295774480940036,-0.994227759163044,0
-4.29362265374707,-0.9983348569842398,0
-4.28997488950262,-1.0024307604926221,0
-4.285732656475275,-1.006228922777094,0
-4.282412513782347,-1.0082676323185975,0
-4.281490180808513,-1.0100285491366634,0
-4.279092219439791,-1.0103072569070441,0
-4.280895833345323,-1.0097300758752006,0
-4.278764213709193,-1.0123667689928286,0
-4.278764213709193,-1.0123667689928286,0
-4.280834270447077,-1.0141469632769358,0
-4.279051137067723,-1.0132520925207178,0
-4.279051137067723,-1.0132520925207178,0
-4.279338070536227,-1.0141373550454773,0
-4.281121219080546,-1.0150321342970035,0
-4.279030626211615,-1.0147243273181648,0
-4.279625014114707,-1.0150225565671072,0
-4.277513890169724,-1.01618710639198,0
-4.276304578232493,-1.0170630351993655,0
-4.2753822149287295,-1.0188241350268168,0
-4.272676521101088,-1.0196915536590758,0
-4.271754112302435,-1.0214529280006097,0
-4.272307670582853,-1.0246944677849879,0
-4.270790813221252,-1.0261579788963537,0
-4.2704629439753266,-1.0282166674398905,0
-4.269540580671563,-1.0299777672673436,0
-4.2683311373046475,-1.030854489115411,0
-4.266527129110067,-1.031434049269297,0
-4.26412852575789,-1.0317166307383872,0
-4.263513556228862,-1.0328910633087975,0
-4.264108121056527,-1.033188225002979,0
-4.26203736167534,-1.0314122704363573,0
-4.261155752169435,-1.0302305172518373,0
-4.259085063558075,-1.0284541356633135,0
-4.260889203182341,-1.0278737824687454,0
-4.261504243481198,-1.0266989228764327,0
-4.264189861181686,-1.0273011159070649,0
-4.264189861181686,-1.0273011159070649,0
-4.263287831809457,-1.027591048491832,0
-4.2630008124061565,-1.0267063044936702,0
-4.26330832244561,-1.0261189357006408,0
-4.262754865264949,-1.022876785884966,0
-4.2621603661521235,-1.0225792276704446,0
-4.262426803929486,-1.0249366334879593,0
-4.2621603661521235,-1.0225792276704446,0
-4.265460892721785,-1.0220073541494443,0
-4.265440366700716,-1.0234796804515849,0
-4.263923342524517,-1.024944198114584,0
-4.262713803112833,-1.0258214994923787,0
-4.26060218883403,-1.0269890079690214,0
-4.260274162883482,-1.0290486420610616,0
-4.258757037607527,-1.030513769755352,0
-4.258449512403111,-1.0311012300530749,0
-4.257239882001645,-1.031979080459033,0
-4.2557431816470075,-1.031972491882474,0
-4.253631360113701,-1.0331412509232667,0
-4.252729204366775,-1.0334319460471484,0
-4.251519477920544,-1.034310375982832,0
-4.25061729689868,-1.034601223614537,0
-4.249407535067533,-1.0354798670611753,0
-4.248505328770728,-1.0357708672007035,0
-4.248792393668918,-1.0366553366847828,0
-4.247582601507844,-1.0375341631408084,0
-4.248771903032765,-1.0381274494759722,0
-4.248156771744124,-1.03930285809645,0
-4.2472750257535505,-1.038121928454176,0
-4.245778128254383,-1.0381165294386374,0
-4.246106240139724,-1.0360563768199977,0
-4.247582601507844,-1.0375341631408084,0
-4.245778128254383,-1.0381165294386374,0
-4.246106240139724,-1.0360563768199977,0
-4.246372789126816,-1.0384131116030897,0
-4.246372789126816,-1.0384131116030897,0
-4.246967449999255,-1.0387096937675455,0
-4.245183467381947,-1.0378199472741851,0
-4.246372789126816,-1.0384131116030897,0
-4.246085714118655,-1.0375287031221383,0
-4.246085714118655,-1.0375287031221383,0
-4.246680369936101,-1.0378253157881563,0
-4.246085714118655,-1.0375287031221383,0
-4.245778128254383,-1.0381165294386374,0
-4.245183467381947,-1.0378199472741851,0
-4.245203998458006,-1.036347590470477,0
-4.2457986492204665,-1.036644233638059,0
-4.245491058301207,-1.037232090456122,0
-4.246393299982925,-1.036940876805641,0
-4.246987950745384,-1.0372375199732229,0
-4.247295531554666,-1.0366497241582913,0
-4.246680369936101,-1.0378253157881563,0
-4.246085714118655,-1.0375287031221383,0
-4.246085714118655,-1.0375287031221383,0
-4.2457986492204665,-1.036644233638059,0
-4.245203998458006,-1.036347590470477,0
-4.244014696933089,-1.0357543041353168,0
-4.243133011602366,-1.0345730084742648,0
-4.241656705839112,-1.0330948866362473,0
-4.241656705839112,-1.0330948866362473,0
-4.242251346491596,-1.033391590806957,0
-4.2413490744799525,-1.0336829874668254,0
-4.241656705839112,-1.0330948866362473,0
-4.2419437201874235,-1.033979661135973,0
-4.2419437201874235,-1.033979661135973,0
-4.24044679235833,-1.0339744451298234,0
-4.238642197785165,-1.0345575434652066,0
-4.237145219406193,-1.0345526324747034,0
-4.23683756277209,-1.0351408858131066,0
-4.2344382062267325,-1.0354280120153305,0
-4.232038789021518,-1.0357155042363289,0
-4.2308494066167945,-1.0351227059261987,0
-4.230254715414434,-1.0348263067711336,0
-4.228757620770745,-1.0348220973166171,0
-4.2272605059071005,-1.0348180098683581,0
-4.2251686644561826,-1.0345177367759888,0
-4.22547640197009,-1.0339289954125537,0
-4.225763370823511,-1.0348140444263603,0
-4.22547640197009,-1.0339289954125537,0
-4.226071103282425,-1.034225333564489,0
-4.2251686644561826,-1.0345177367759888,0
-4.224286999345413,-1.0333363191086828,0
-4.2221951326195555,-1.0330361985241332,0
-4.221005719884907,-1.0324435832233902,0
-4.219200741132667,-1.0330289996776862,0
-4.217129678452208,-1.031254875204942,0
-4.215653362578982,-1.0297768143700523,0
-4.215366479660352,-1.0288912468296463,0
-4.214771778348011,-1.0285949086777109,0
-4.215366479660352,-1.0288912468296463,0
-4.214771778348011,-1.0285949086777109,0
-4.215366479660352,-1.0288912468296463,0
-4.215079606851699,-1.0280056182861106,0
-4.214771778348011,-1.0285949086777109,0
-4.215366479660352,-1.0288912468296463,0
-4.214771778348011,-1.0285949086777109,0
-4.214771778348011,-1.0285949086777109,0
-4.215653362578982,-1.0297768143700523,0
-4.215058656211653,-1.0294805067196826,0
-4.215058656211653,-1.0294805067196826,0
-4.215058656211653,-1.0294805067196826,0
-4.215366479660352,-1.0288912468296463,0
-4.215366479660352,-1.0288912468296463,0
-4.213869243477003,-1.0288878914189397,0
-4.215058656211653,-1.0294805067196826,0
-4.215366479660352,-1.0288912468296463,0
-4.214177077035675,-1.0282985705257754,0
-4.213890214337001,-1.02741288097911,0
-4.214219049085598,-1.0253483666367291,0
-4.213337540679451,-1.0241660034209161,0
-4.212763916381853,-1.0223940142962942,0
-4.213071780270454,-1.0218045103937428,0
-4.213974299976503,-1.0215116191572058,0
-4.215737246018968,-1.023876772610734,0
-4.214261102015325,-1.0223976747226473,0
-4.213379644159055,-1.0212150064911896,0
-4.213953248236701,-1.022987117622069,0
-4.213071780270454,-1.0218045103937428,0
-4.213379644159055,-1.0212150064911896,0
-4.212763916381853,-1.0223940142962942,0
-4.215163611611398,-1.02210484448924,0
-4.213050723475666,-1.02328003936017,0
-4.21485576288776,-1.0226942568870996,0
-4.216352923246292,-1.0226980698212742,0
-4.21875253759603,-1.0224093880392573,0
-4.2208442830021795,-1.0227102406613557,0
-4.2226491606546634,-1.0221254342383528,0
-4.224146209803466,-1.0221299182069519,0
-4.223243791197172,-1.0224221994121923,0
-4.224146209803466,-1.0221299182069519,0
-4.223243791197172,-1.0224221994121923,0
-4.224146209803466,-1.0221299182069519,0
-4.223243791197172,-1.0224221994121923,0
-4.221746726883408,-1.0224178069482903,0
-4.221152091285914,-1.0221210722760148,0
-4.220536474718445,-1.0232994090466967,0
-4.2213970324845445,-1.0259566606960782,0
-4.221376117229417,-1.027431335618699,0
-4.221949903286619,-1.0292023486932518,0
-4.222810658197247,-1.0318584107816111,0
-4.224573958088861,-1.0342214291256173,0
-4.2263580771908345,-1.0351103520767317,0
-4.228121488292182,-1.0374726993863117,0
-4.228408502640491,-1.0383574738860393,0
-4.229290253686051,-1.0395383730267476,0
-4.2301926672373575,-1.0392461223230693,0
-4.229290253686051,-1.0395383730267476,0
-4.229290253686051,-1.0395383730267476,0
-4.229310921246784,-1.0380651926807953,0
-4.228716204769482,-1.0377689460335517,0
-4.22900322417278,-1.0386536900317154,0
-4.229290253686051,-1.0395383730267476,0
-4.228059485609991,-1.0418922404241684,0
-4.229577293309303,-1.04042299501865,0
-4.229884980273328,-1.0398345586708597,0
-4.228982561667037,-1.0401268398761019,0
-4.228961919381248,-1.041599867714229,0
-4.2298231292407795,-1.044253184661775,0
-4.232776387805725,-1.0472055241375404,0
-4.232755882004607,-1.0486777284334217,0
-4.233596909582236,-1.052801297576714,0
-4.230643388157926,-1.049850544182311,0
-4.231504870986795,-1.052502214045365,0
-4.2318329727621595,-1.050442122429855,0
-4.232407304758048,-1.0522098413354275,0
-4.232140609176309,-1.0498539910977112,0
-4.233904525776433,-1.0522132882508295,0
-4.23273539642344,-1.0501498107230471,0
-4.234499323133541,-1.0525090468730394,0
-4.233637809974741,-1.049857560019369,0
-4.234806934272751,-1.051921068048717,0
-4.233617349668513,-1.0513294898011694,0
-4.232694485920957,-1.053093609283522,0
-4.232099678453876,-1.0527979116644435,0
-4.22906424503482,-1.0557353044191498,0
-4.227279731643794,-1.0548487605900778,0
-4.225761923944484,-1.056318005995596,0
-4.225495218252767,-1.0539622167610077,0
-4.222459481534445,-1.056901439609593,0
-4.220654371352518,-1.0574876491045693,0
-4.222151804680394,-1.057489814954252,0
-4.22395688453239,-1.0569037884686665,0
-4.224592708656697,-1.0542550469944132,0
-4.226131067652016,-1.051313322778931,0
-4.226705379427953,-1.0530811636907647,0
-4.227341218717223,-1.050432330711816,0
-4.224633750588863,-1.0513104553932582,0
-4.222582758980572,-1.0480667497591902,0
-4.220511256516174,-1.046295278922571,0
-4.217557957511323,-1.0433431834593208,0
-4.2161021221642745,-1.0403930708363696,0
-4.213723013615654,-1.039209548322507,0
-4.211672598275976,-1.0359623655100698,0
-4.213498633823008,-1.0339014200893484,0
-4.211140612399106,-1.031242185599666,0
-4.211469426927753,-1.0291777932635426,0
-4.209111592538399,-1.0265174302159732,0
-4.20974840238533,-1.0238627409366146,0
-4.207390780305465,-1.0212010968233276,0
-4.208601254889894,-1.0203181526560758,0
-4.207985456342863,-1.0214975874830863,0
-4.209174808417661,-1.0220905688026072,0
-4.208888026598791,-1.0212043912309081,0
-4.21067203954602,-1.0220939547148777,0
-4.20919592081732,-1.020614704318966,0
-4.21067203954602,-1.0220939547148777,0
-4.209174808417661,-1.0220905688026072,0
-4.209503815035847,-1.0200250174070256,0
-4.208293355616378,-1.0209078700695802,0
-4.209503815035847,-1.0200250174070256,0
-4.209482697581199,-1.0215009123922307,0
-4.21009847590828,-1.0203215995714796,0
-4.20919592081732,-1.020614704318966,0
-4.2109799185995875,-1.021504359307631,0
-4.2109799185995875,-1.021504359307631,0
-4.2109799185995875,-1.021504359307631,0
-4.21067203954602,-1.0220939547148777,0
-4.2109799185995875,-1.021504359307631,0
-4.209482697581199,-1.0215009123922307,0
-4.210077368563612,-1.0217974335535533,0
-4.209482697581199,-1.0215009123922307,0
-4.208888026598791,-1.0212043912309081,0
-4.207677557069347,-1.0220873048965906,0
-4.2085590300905835,-1.0232698816233565,0
-4.208845832129404,-1.024155937188798,0
-4.209727340535553,-1.0253383004046093,0
-4.207327473436424,-1.0256285072648588,0
-4.208824765224637,-1.025631527158355,0
-4.207327473436424,-1.0256285072648588,0
-4.209111592538399,-1.0265174302159732,0
-4.206998527478095,-1.0276936926416642,0
-4.207922179803749,-1.0259248149152302,0
-4.207285369956818,-1.028579504194587,0
-4.207901128063947,-1.0274003133800935,0
-4.205788027618725,-1.0285767893167375,0
-4.208495844541247,-1.0276965600273353,0
-4.20847482313137,-1.0291718754828114,0
-4.208803718539825,-1.0271069951216525,0
-4.208187970542673,-1.0282861249330182,0
-4.207901128063947,-1.0274003133800935,0
-4.208187970542673,-1.0282861249330182,0
-4.2073064115866465,-1.0271040667328517,0
-4.2073064115866465,-1.0271040667328517,0
-4.20820900711751,-1.0268107179728485,0
-4.206711695109346,-1.02680782008561,0
-4.207901128063947,-1.0274003133800935,0
-4.205214362881229,-1.0268050442046288,0
-4.207593249010383,-1.0279899087873403,0
-4.205193295976462,-1.0282806341741892,0
-4.206690643369541,-1.028283318550475,0
-4.206095916782264,-1.0279871329063628,0
-4.207327473436424,-1.0256285072648588,0
-4.206116978632046,-1.026511573438368,0
-4.205522262154741,-1.0262153267911245,0
-4.2085379480208545,-1.024745563097607,0
-4.2082300639123,-1.0253351890064195,0
-4.2085801323802645,-1.0217940781428467,0
-4.208824765224637,-1.025631527158355,0
-4.2085379480208545,-1.024745563097607,0
-4.20999314138445,-1.0276995494192658,0
-4.208803718539825,-1.0271069951216525,0
-4.208251140927041,-1.0238595380337312,0
-4.2085168861710756,-1.0262211225656017,0
-4.209132644278203,-1.0250419317511081,0
-4.208824765224637,-1.025631527158355,0
-4.211840324716054,-1.024162526003952,0
-4.21485576288776,-1.0226942568870996,0
-4.217542234881185,-1.0232912951533084,0
-4.219962820090922,-1.021527602931462,0
-4.2229359980784,-1.0230112762928414,0
-4.225006767569564,-1.0247871698563333,0
-4.228595466079748,-1.0250930859767582,0
-4.2306454517454615,-1.0283428614221872,0
-4.233024034575349,-1.029529556098776,0
-4.235689586258655,-1.031601299789168,0
-4.238355188491839,-1.033672738463915,0
-4.241020841274903,-1.0357438721230174,0
-4.242476666511976,-1.0386940457490983,0
-4.24424019893303,-1.0410556610211241,0
-4.244486403878616,-1.0448836240500352,0
-4.246537324717073,-1.048127756706009,0
-4.246476322922474,-1.052541258434065,0
-4.24731780039402,-1.0566621129381062,0
-4.247851990245577,-1.0613689941663278,0
-4.251440981945052,-1.0616731411960068,0
-4.252897858619589,-1.0646169704966386,0
-4.253432584299855,-1.069320618559015,0
-4.256079490417557,-1.0728533419695054,0
-4.257209594778525,-1.0778492409741531,0
-4.2592620321133285,-1.081084223160735,0
-4.2609876061447824,-1.0863718240794924,0
-4.263615790872064,-1.091365984733553,0
-4.26776103010547,-1.094895444715231,0
-4.271638082535732,-1.0960780524207525,0
-4.273959838990951,-1.101653054533008,0
-4.276608413254632,-1.1051757124271688,0
-4.279813877035696,-1.1119198095746263,0
-4.28271292770966,-1.1192446566755816,0
-4.285055392165512,-1.1233462344293699,0
-4.284384688139188,-1.1289023860974883,0
-4.286151324322756,-1.1312452734088332,0
-4.286671458537638,-1.1373854389364695,0
-4.284215786171382,-1.1420577919163346,0
-4.285099321627641,-1.1432279240047283,0
-4.28621545628673,-1.149656588782193,0
-4.284950763701346,-1.1549121015777626,0
-4.287258444299942,-1.1619205099956886,0
-4.288087387686151,-1.167465467828185,0
-4.287112151008188,-1.1735910228677628,0
-4.283159712572447,-1.1782571837914126,0
-4.280686880807002,-1.1843815490313752,0
-4.2791708221334765,-1.18584024089553,0
-4.277600494909118,-1.1916718064036473,0
-4.276373184444722,-1.1940048107308598,0
-4.276968810819829,-1.194295567096468,0
-4.276643984676566,-1.1963358936980946,0
-4.279279564851015,-1.2012854305631002,0
-4.281626558575946,-1.2053596789149754,0
-4.2821689172878035,-1.2100172696147524,0
-4.285129818994321,-1.2129234907247923,0
-4.28749510443571,-1.2155388944660963,0
-4.291341098534733,-1.2196058531826228,0
-4.29459156735841,-1.2233814455022518,0
-4.295459116172651,-1.2259965134877433,0
-4.294539361242601,-1.2277418745078439,0
-4.293006436359178,-1.2306508095413449,0
-4.2917800964524435,-1.2329779575681457,0
-4.289940586592339,-1.2364686796083486,0
-4.28781176236447,-1.2390885053607317,0
-4.285376292500063,-1.2422904841385964,0
-4.282344801971501,-1.2452040856728903,0
-4.282599731826046,-1.2489794030012362,0
-4.281952222854356,-1.2530471235410925,0
-4.2822074458981945,-1.2568206717786943,0
-4.28246282059167,-1.2605933049693583,0
-4.282122255500795,-1.2640770728914177,0
-4.281798743654363,-1.266109469086242,0
-4.282071383901769,-1.2684294494839516,0
-4.2826675056656835,-1.268717216696226,0
-4.284455870957421,-1.2695805183330453,0
-4.285971489847007,-1.2681244801050156,0
-4.288389658772568,-1.2663753676310598,0
-4.290518164536206,-1.2637574634772495,0
-4.292646619749963,-1.2611398643390839,0
-4.295081498180799,-1.257941454244289,0
-4.297516315951778,-1.2547434101682668,0
-4.300547017902243,-1.2518345668780562,0
-4.305365342061238,-1.2497935089546655,0
-4.310183362920963,-1.2477542811251556,0
-4.311987927164205,-1.2471713657991597,0
-4.313469166595562,-1.248619718110099,0
-4.316159045650775,-1.2491961983217443,0
-4.317946667859303,-1.250063983688566,0
-4.317044441342549,-1.2503551058343536,0
-4.314354552177363,-1.2497786866258362,0
-4.314950436356847,-1.250067887411646,0
-4.315852683093553,-1.2497766432596027,0
-4.31285640104122,-1.2497808519983291,0
-4.312566899638906,-1.2489110842684,0
-4.309792573269503,-1.2555865214394775,0
-4.312482694964128,-1.2561615375760233,0
-4.312449154633878,-1.2590608648552628,0
-4.312705333070413,-1.2628286482971482,0
-4.311769652158199,-1.2660185791955776,0
-4.312026083344129,-1.2697848375592287,0
-4.309318994339851,-1.2706606746233238,0
-4.309269229783158,-1.2750063713732018,0
-4.308656595658498,-1.2761667122207516,0
-4.306239114211282,-1.2779116764819172,0
-4.305063479088968,-1.2758874544678172,0
-4.3044839910055135,-1.2741508471581682,0
-4.304517268476399,-1.2712531059602927,0
-4.302712390823913,-1.271837912383294,0
-4.300601089954354,-1.2730035297629279,0
-4.300617774184687,-1.2715543846499067,0
-4.30186005018356,-1.267782605741651,0
-4.300055142201147,-1.2683675951740412,0
-4.299765489149198,-1.2674987424910533,0
-4.299765489149198,-1.2674987424910533,0
-4.30007189720131,-1.266918023039116,0
-4.29886301999303,-1.267791328711942,0
-4.298266958888972,-1.2675031954808933,0
-4.297670897784911,-1.2672150622498428,0
-4.298896590653209,-1.2648918184233153,0
-4.295559475595645,-1.2683814116670291,0
-4.293447992746524,-1.2695481271029863,0
-4.291659718444567,-1.2686842764380053,0
-4.289548129440703,-1.269851632406823,0
-4.286840358013073,-1.2707315871821407,0
-4.284745493679443,-1.2704495540254221,0
-4.282650599015886,-1.2701677038780907,0
-4.281185674800751,-1.2672724330683494,0
-4.278494653318294,-1.2667028462103112,0
-4.276706288026558,-1.2658395445734882,0
-4.277625997461719,-1.2640944580674702,0
-4.280930072632822,-1.2635011724480965,0
-4.2764508476182375,-1.2620673079031626,0
-4.278256190329605,-1.2614796953362166,0
-4.276774521224281,-1.2600339356582726,0
-4.27319803328022,-1.2583058683095292,0
-4.273487499297621,-1.2591758495504077,0
-4.2719715518338255,-1.260633870380138,0
-4.274083585676619,-1.2594638302736332,0
-4.273759856465711,-1.2614975380357372,0
-4.2728400408758045,-1.263243265074614,0
-4.272550534418503,-1.262373527846254,0
-4.2731466460724405,-1.2626613560616562,0
-4.274645464466973,-1.2626551644826307,0
-4.276774521224281,-1.2600339356582726,0
-4.278256190329605,-1.2614796953362166,0
-4.2794654163320445,-1.2606042850554307,0
-4.280964128571831,-1.260598734009264,0
-4.283075919775207,-1.2594301579778602,0
-4.285783691202841,-1.2585502032025406,0
-4.287299320202402,-1.2570941039713794,0
-4.289700425773544,-1.2567964242277938,0
-4.289666440604366,-1.2596984356447223,0
-4.291148059159809,-1.261144500338311,0
-4.292340140928022,-1.261721010812927,0
-4.293515336266395,-1.2637478864631504,0
-4.295303489248644,-1.2646124691656855,0
-4.297994121497039,-1.265184404644204,0
-4.300088672421424,-1.2654683288979314,0
-4.302472835957856,-1.2666213498471635,0
-4.305163372161481,-1.2671938648554093,0
-4.307837203914824,-1.269215646982932,0
-4.31112373045268,-1.2700767222441325,0
-4.31349131591352,-1.272678247773527,0
-4.316471545608998,-1.2741193714522439,0
-4.319435338768544,-1.277008145667315,0
-4.323317885970557,-1.2781575981720827,0
-4.326894191935057,-1.279886763577153,0
-4.330454258508151,-1.2830623899575606,0
-4.33341839540687,-1.285949090066234,0
-4.336076569092402,-1.2894138254891594,0
-4.339637075449437,-1.2925867982334402,0
-4.342891709583064,-1.2963372572638097,0
-4.347048656168248,-1.2997960756217957,1
-4.350609632639147,-1.302966211720566,1
-4.354460995135227,-1.3070007777754533,1
-4.357716438066909,-1.3107463565554767,1
-4.355316196898681,-1.3110388205315129,1
-4.3561871274997745,-1.3136334829702694,1
-4.360635364952948,-1.3179512715042971,1
-4.363295221949427,-1.3214058499062027,1
-4.365955260925464,-1.324859330251778,1
-4.367713503058706,-1.328601340110147,1
-4.368279400564376,-1.3317684255752607,1
-4.368890831601934,-1.3306153441000959,1
-4.371872148119792,-1.3320499099424143,1
-4.37216272623451,-1.3329131808390713,1
-4.373660938030506,-1.3329106494478058,1
-4.375449727941216,-1.333771388953199,1
-4.379332937346636,-1.3349168457529963,1
-4.379944196514611,-1.3337648013310268,1
-4.383536645825748,-1.334048085290494,1
-4.385616013851177,-1.3357720956925476,1
-4.38560109886658,-1.3372105652579478,1
-4.387665703557046,-1.3403721301784586,1
-4.39344139501209,-1.3323133402464666,1
-4.3967278760550546,-1.3331746900217514,1
-4.397003726219724,-1.3354753019259196,1
-4.396698217955445,-1.3360505920993546,1
-4.396102010256733,-1.3357633434136762,1
-4.395505802558031,-1.3354760947280013,1
-4.395505802558031,-1.3354760947280013,1
-4.39758513519855,-1.3372003186410044,1
-4.398777560705934,-1.3377747550092263,1
-4.399388536794593,-1.3366244186748766,1
-4.399388536794593,-1.3366244186748766,1
-4.4014973758850875,-1.3354736555572195,1
-4.405394671257103,-1.3351856450482185,1
-4.4048280256132415,-1.3320230738146712,1
-4.405744429086374,-1.330297935331922,1
-4.408754650510659,-1.328861143829771,1
-4.409685822373746,-1.3256984203269973,1
-4.4120701881096895,-1.3268502212136433,1
-4.415370805669129,-1.3262777986644778,1
-4.41445455384563,-1.3280020221002893,1
-4.413858462411646,-1.3277140718786278,1
-4.414163884741134,-1.3271393002317922,1
-4.41596688193815,-1.3265658403908347,1
-4.419252650227836,-1.3274314908867293,1
-4.4198193767515015,-1.3305935740952428,1
-4.42159303936813,-1.3328940642317484,1
-4.421011559619474,-1.331169474538564,1
-4.422509094047104,-1.3311710303569573,1
-4.4233959253554165,-1.3323212754252118,1
-4.423715873435443,-1.3303103828334546,1
-4.426114764921923,-1.3300260627751825,1
-4.426725427601337,-1.328877617537838,1
-4.430301763895761,-1.3306065999335175,1
-4.432409748693319,-1.3294609915802873,1
-4.4333110754222425,-1.3291752987130057,1
-4.4345031470804805,-1.3297518701907496,1
-4.436305749988449,-1.3291807894718328,1
-4.440797610188131,-1.3291899406570113,1
-4.440797610188131,-1.3291899406570113,1
-4.441117320683729,-1.327180481638793,1
-4.4429342572527,-1.3251744390344093,1
-4.441771378635197,-1.3217247716230105,1
-4.4403180078377655,-1.31741131478835,1
-4.443312247675026,-1.3174194286817364,1
-4.446015742582965,-1.3165652782300956,1
-4.448428492561591,-1.3148488634334292,1
-4.44632098798788,-1.3159915741380228,1
-4.4475127866767785,-1.3165697927002586,1
-4.450812029279536,-1.3160056665766735,1
-4.452614207568528,-1.3154371479891847,1
-4.45589875760615,-1.316310149362156,1
-4.457119476366438,-1.3140169190752289,1
-4.457991529174825,-1.316604810166634,1
-4.457395665215293,-1.3163154873745633,1
-4.456189451985589,-1.3171727187228282,1
-4.456770871074388,-1.3188976744347887,1
-4.455273928080333,-1.3188925499333344,1
-4.457061595783751,-1.3197600607860753,1
-4.4534862603769145,-1.318025039080597,1
-4.45259968181799,-1.316873268934108,1
-4.451698592673493,-1.3171575282278543,1
-4.451407913459018,-1.316294867362485,1
-4.452294481907966,-1.3174466985121,1
-4.450812029279536,-1.3160056665766735,1
-4.452003797638506,-1.3165840681482983,1
-4.450230711290491,-1.3142801008334217,1
-4.452309002603517,-1.3160106080687406,1
-4.45082658536,-1.314569362622363,1
-4.451713123479019,-1.3157213767813651,1
-4.450521365230024,-1.3151429142066142,1
-4.452309002603517,-1.3160106080687406,1
-4.451117244354521,-1.3154321454939897,1
-4.451684082087919,-1.3185935576680823,1
-4.4519892819979425,-1.3180201280900885,1
-4.452875880776819,-1.31917177623032,1
-4.453181070576866,-1.3185984076554575,1
-4.45555021297395,-1.3211905387029415,1
-4.455579102715419,-1.3183192728631656,1
-4.455855377499061,-1.3206173226359041,1
-4.455259478154614,-1.3203282133547862,1
-4.4549687534452485,-1.3194658270034996,1
-4.4549687534452485,-1.3194658270034996,1
-4.456146117373388,-1.3214796174824954,1
-4.455259478154614,-1.3203282133547862,1
-4.456451276843511,-1.320906431917022,1
-4.455564647734711,-1.3197549667861814,1
-4.45616054202417,-1.320044106568865,1
-4.4549687534452485,-1.3194658270034996,1
-4.4544018297770585,-1.31630493335601,1
-4.4534862603769145,-1.318025039080597,1
-4.45589875760615,-1.316310149362156,1
-4.454707019577107,-1.3157315647811494,1
-4.45559357791608,-1.3168834569338888,1
-4.455317399177202,-1.3145848276314265,1
-4.456509116986295,-1.3151635342186925,1
-4.456509116986295,-1.3151635342186925,1
-4.455884277350503,-1.3177459957929987,1
-4.455273928080333,-1.3188925499333344,1
-4.454954308574514,-1.3209014599233893,1
-4.453457320085571,-1.320896609936014,1
-4.451974786577331,-1.3194560660256247,1
-4.450768482357848,-1.320313846402053,1
-4.4528325309996575,-1.3234787664946754,1
-4.4510447419765296,-1.3226119876794886,1
-4.454329554873514,-1.323483402971096,1
-4.451931421635209,-1.3237631477946792,1
-4.453152140395497,-1.3214699175077484,1
-4.450463282447826,-1.320887275980045,1
-4.453152140395497,-1.3214699175077484,1
-4.451655121576625,-1.3214652505297657,1
-4.453152140395497,-1.3214699175077484,1
-4.4519603113766735,-1.3208918819549034,1
-4.454053229539996,-1.321185658214004,1
-4.453762499775642,-1.320323302364283,1
-4.454649138994421,-1.3214747064919905,1
-4.454634719398623,-1.322910186904057,1
-4.455535798433145,-1.3226259886134422,1
-4.454954308574514,-1.3209014599233893,1
-4.452279981432369,-1.3188826669492002,1
-4.452585176287405,-1.3183092678727721,1
-4.4513933877084835,-1.3177309883074066,1
-4.453181070576866,-1.3185984076554575,1
-4.453471780121269,-1.3194608855114343,1
-4.452279981432369,-1.3188826669492002,1
-4.452570690976769,-1.3197451448051787,1
-4.452279981432369,-1.3188826669492002,1
-4.451669591722297,-1.320029465102051,1
-4.452861410631147,-1.3206075616580275,1
-4.451974786577331,-1.3194560660256247,1
-4.4519603113766735,-1.3208918819549034,1
-4.451059202012225,-1.3211762632549036,1
-4.450463282447826,-1.320887275980045,1
-4.451059202012225,-1.3211762632549036,1
-4.452251041141025,-1.3217542378046208,1
-4.451349931776576,-1.322038619104628,1
-4.451945856395966,-1.3223275758779192,1
-4.451059202012225,-1.3211762632549036,1
-4.450754007157187,-1.3217496623313298,1
-4.450158082537801,-1.321460705558037,1
-4.450158082537801,-1.321460705558037,1
-4.451059202012225,-1.3211762632549036,1
-4.450754007157187,-1.3217496623313298,1
-4.450739552176481,-1.3231853562543527,1
-4.451335486905844,-1.3234742520245142,1
-4.451626241945135,-1.3243364553664083,1
-4.450448812302152,-1.3223230614077561,1
-4.451335486905844,-1.3234742520245142,1
-4.451335486905844,-1.3234742520245142,1
-4.451030302160785,-1.324047590097809,1
-4.451335486905844,-1.3234742520245142,1
-4.451945856395966,-1.3223275758779192,1
-4.451640671650907,-1.3229009139512158,1
-4.451640671650907,-1.3229009139512158,1
-4.451945856395966,-1.3223275758779192,1
-4.451059202012225,-1.3211762632549036,1
-4.451364396867261,-1.3206028641784773,1
-4.450754007157187,-1.3217496623313298,1
-4.450768482357848,-1.320313846402053,1
-4.451364396867261,-1.3206028641784773,1
-4.455869817314806,-1.3191817202175802,1
-4.457366755253872,-1.3191868752206002,1
-4.4591688223331385,-1.3186190276675358,1
-4.457366755253872,-1.3191868752206002,1
-4.457076035599496,-1.3183244583677496,1
-4.456174986894904,-1.3186084736489772,1
-4.457671914723992,-1.3186136896551268,1
-4.45857294826363,-1.3183297658785946,1
-4.459473971693285,-1.318045903105192,1
-4.459473971693285,-1.318045903105192,1
-4.4594595520974885,-1.3194813835172585,1
-4.461275988222663,-1.3174783605677725,1
-4.461886266723006,-1.3163322334493426,1
-4.462482115517576,-1.3166216477461052,1
-4.46399335173273,-1.3151920543746112,1
-4.461595562233596,-1.3154697250917966,1
-4.4630923839079415,-1.315475581630805,1
-4.461290417928435,-1.3160428191525781,1
-4.461886266723006,-1.3163322334493426,1
-4.46098527362328,-1.316615913213358,1
-4.46098527362328,-1.316615913213358,1
-4.461275988222663,-1.3174783605677725,1
-4.460084270413576,-1.3168996539805047,1
-4.460680129318121,-1.3171890072741377,1
-4.461275988222663,-1.3174783605677725,1
-4.4615811274728365,-1.3169052970085566,1
-4.461275988222663,-1.3174783605677725,1
-4.4615811274728365,-1.3169052970085566,1
-4.4621769813223935,-1.3171946808037553,1
-4.4621769813223935,-1.3171946808037553,1
-4.462496545223345,-1.315186106330911,1
-4.465199433532749,-1.314335616067023,1
-4.467277623746023,-1.3160667333336384,1
-4.466100376082604,-1.314052241318656,1
-4.4660859665967845,-1.3154876607275927,1
-4.4669581558898415,-1.3180747282767538,1
-4.466667416015513,-1.3172124334301625,1
-4.469355854399197,-1.31779760658773,1
-4.466057208285001,-1.3183581335266883,1
-4.46723457726813,-1.3203718935041184,1
-4.466333624608303,-1.3206553292556151,1
-4.465141896689236,-1.3200766836714752,1
-4.466042859459037,-1.3197931869168489,1
-4.46456039672063,-1.318352215984552,1
-4.462758440851099,-1.3189193925031937,1
-4.462453316765892,-1.319492364557716,1
-4.462453316765892,-1.319492364557716,1
-4.4621481926806865,-1.3200653366122364,1
-4.461843068595478,-1.3206383086667586,1
-4.4621481926806865,-1.3200653366122364,1
-4.462758440851099,-1.3189193925031937,1
-4.463950168770168,-1.3194980380873353,1
-4.464546032729704,-1.3197873608794062,1
-4.464240923809459,-1.3203602414292348,1
-4.466333624608303,-1.3206553292556151,1
-4.466610101591462,-1.3229521589657711,1
-4.469618012886315,-1.3215293066786575,1
-4.4723207495460855,-1.3206797314617091,1
-4.473817480230656,-1.3206861370288792,1
-4.475314190695272,-1.3206926646023085,1
-4.474718357065662,-1.3204031588008505,1
-4.474136786327227,-1.3186791181358295,1
-4.473264506044391,-1.3160925996148336,1
-4.472973766170064,-1.3152303047682405,1
-4.47298810994104,-1.313795281879644,1
-4.474775489510154,-1.3146645313215704,1
-4.475080547880518,-1.3140919557873882,1
-4.474484759745803,-1.3138021754718476,1
-4.473583903130745,-1.3140850316936206,1
-4.472973766170064,-1.3152303047682405,1
-4.4741653727694235,-1.3158096823899328,1
-4.474761176069103,-1.316099371200778,1
-4.473874632895097,-1.3149473875433397,1
-4.474470431139789,-1.3152371068557507,1
-4.474746882848008,-1.3175340890737264,1
-4.475647739463065,-1.3172512328519552,1
-4.475051931108396,-1.3169615745426757,1
-4.475371282699857,-1.3149542811355452,1
-4.476577172410343,-1.314099001887417,1
-4.475385606250885,-1.313519380253208,1
-4.478974587840382,-1.313823588286013,1
-4.482244222893405,-1.3161350592243828,1
-4.483130786287363,-1.3172869208755618,1
-4.483740771598409,-1.3161425628478778,1
-4.4849323175379165,-1.3167223064883444,1
-4.485833067998232,-1.3164400907994356,1
-4.486428835912998,-1.3167299931212337,1
-4.486428835912998,-1.3167299931212337,1
-4.487024603827765,-1.3170198954430319,1
-4.487024603827765,-1.3170198954430319,1
-4.488216139657295,-1.3175997000866282,1
-4.488216139657295,-1.3175997000866282,1
-4.485528090507673,-1.3170121783085804,1
-4.485528090507673,-1.3170121783085804,1
-4.486109701686011,-1.3187359749610845,1
-4.485528090507673,-1.3170121783085804,1
-4.485237300083465,-1.3161501884776339,1
-4.485223113017112,-1.3175842658177288,1
-4.485194799544258,-1.3204520544791372,1
-4.484889832163674,-1.3210240809851541,1
-4.4860814387630334,-1.3216034586068464,1
-4.48699631057486,-1.3198875620981791,1
-4.48520894617071,-1.3190182211515609,1
-4.485180673137757,-1.3218857658004524,1
-4.486372289847093,-1.322465082419015,1
-4.487244903759125,-1.325049587836748,1
-4.489046404679753,-1.3244851564589215,1
-4.488450591270098,-1.324195528651206,1
-4.488450591270098,-1.324195528651206,1
-4.488145659274428,-1.32476734164627,1
-4.48695402234514,-1.3241881470339685,1
-4.488450591270098,-1.324195528651206,1
-4.48695402234514,-1.3241881470339685,1
-4.487273045362393,-1.322182836228535,1
-4.485223113017112,-1.3175842658177288,1
-4.485528090507673,-1.3170121783085804,1
-4.4879111823866875,-1.3181716655895155,1
-4.486705484765739,-1.319025785778189,1
-4.4879111823866875,-1.3181716655895155,1
-4.488216139657295,-1.3175997000866282,1
-4.489088617084658,-1.3201850290466055,1
-4.489379463113728,-1.3210466833603363,1
-4.490585115239785,-1.320192837685747,1
-4.49179074714589,-1.3193391140174153,1
-4.490003443401594,-1.3184694070520209,1
-4.489684400164387,-1.32047483986371,1
-4.490571039383163,-1.3216262439914175,1
-4.487592098709577,-1.320177342413718,1
-4.487592098709577,-1.320177342413718,1
-4.487287146493955,-1.3207492774150449,1
-4.489698501295948,-1.3190412810502163,1
-4.490585115239785,-1.320192837685747,1
-4.491180893264525,-1.3204826790044155,1
-4.489684400164387,-1.32047483986371,1
-4.49116682751788,-1.3219160243069545,1
-4.492663315563032,-1.321923893949231,1
-4.490280183244115,-1.3207646506808128,1
-4.490875966323845,-1.3210544614979174,1
-4.490875966323845,-1.3210544614979174,1
-4.492386515060655,-1.3196290163392135,1
-4.495365354634487,-1.3210785279482025,1
-4.497152658378781,-1.3219482349135987,1
-4.496861776964796,-1.3210867941108138,1
-4.498649065544132,-1.3219565925809054,1
-4.501032116983241,-1.3231163238743537,1
-4.501627879843021,-1.3234062566977158,1
-4.502819405562576,-1.3239861223444436,1
-4.502209733660774,-1.3251285892751188,1
-4.500394596667462,-1.3271237733224908,1
-4.499535730037845,-1.3231078442007895,1
-4.501932725903895,-1.3228349622292495,1
-4.503124241513477,-1.3234148888791069,1
-4.504024830214181,-1.3231336492402619,1
-4.504620582963984,-1.3234236430667536,1
-4.505507272732636,-1.3245747421788145,1
-4.505216335713786,-1.3237136368932454,1
-4.506712651889352,-1.3237225435887119,1
-4.507294546147007,-1.3254446321535944,1
-4.5102871380582386,-1.3254626895570532,1
-4.5138616242271254,-1.3272028355253909,1
-4.514748379710623,-1.3283535381171152,1
-4.516244615006384,-1.328362932837619,1
-4.516244615006384,-1.328362932837619,1
-4.518031858090829,-1.3292330058217878,1
-4.520719543281327,-1.3298227237124873,1
-4.523684670957657,-1.3327034455144933,1
-4.523975764681133,-1.3335636052515607,1
-4.525153750372775,-1.3355736440381083,1
-4.52574951828754,-1.3358635463599065,1
-4.528437208533029,-1.3364532337490385,1
-4.531124858338615,-1.3370431651506909,1
-4.532607548551477,-1.3384827635125784,1
-4.536182125710141,-1.3402223604527546,1
-4.535573019966973,-1.3413614112081902,1
-4.540047948241918,-1.3428212020830586,1
-4.543649008967854,-1.3417040519282253,1
-4.545144991514226,-1.341714971726958,1
-4.547236691425486,-1.3420160988631409,1
-4.550506675272668,-1.3443254651935508,1
-4.551989476695258,-1.3457643925210157,1
-4.555577017613231,-1.3460772934997411,1
-4.559442814870067,-1.3486762876378666,1
-4.561230042789548,-1.3495464521267309,1
-4.562421528069201,-1.3501265617859737,1
-4.565691673675991,-1.3524349520663144,1
-4.567161794418599,-1.3552988672676154,1
-4.567744760333669,-1.3570144895007967,1
-4.569532079242933,-1.3578841049614958,1
-4.567731983608915,-1.3584400569043567,1
-4.569202352045924,-1.3613024775289855,1
-4.571268655212297,-1.3644537939237829,1
-4.57365190885092,-1.365612305154647,1
-4.575147734692667,-1.3656241705018868,1
-4.577226789308858,-1.3673500720009493,1
-4.578710065900303,-1.3687861321813344,1
-4.580193372821675,-1.3702220093523394,1
-4.578989242246951,-1.371066674055978,1
-4.579864328048021,-1.3736362642086029,1
-4.580447769131947,-1.3753490192947098,1
-4.579839512626732,-1.376482945787286,1
-4.581031250655778,-1.377061530368298,1
-4.583998289117499,-1.379930722578873,1
-4.584873708547766,-1.3824982996282333,1
-4.586965448898926,-1.3827991827518975,1
-4.587865390561195,-1.382521847313324,1
-4.590856991694814,-1.3825458830234467,1
-4.596244097473081,-1.3823060347236034,1
-4.598043778598095,-1.3817525839090408,1
-4.601618841035593,-1.3834892526990146,1
-4.604002215993926,-1.384647031892328,1
-4.606665560931992,-1.3880805642146345,1
-4.609037094338312,-1.390658268022051,1
-4.611104873561128,-1.3938006779599732,1
-4.614376353684701,-1.3961010158272558,1
-4.61764789446813,-1.3984009876757568,1
-4.618828018419613,-1.4003981243004624,1
-4.621515395255859,-1.400989702786605,1
-4.6235952536151075,-1.4027107545368853,1
-4.622718802967325,-1.4001493998067112,1
-4.62121163601736,-1.4015544394186747,1
-4.624506470670745,-1.401016910659452,1
-4.626294138374165,-1.401884421512193,1
-4.627182203099505,-1.4030272241986737,1
-4.627789630586719,-1.4018982999626957,1
-4.628081806077585,-1.4027519323649322,1
-4.628081806077585,-1.4027519323649322,1
-4.627485916843112,-1.4024627620806864,1
-4.627182203099505,-1.4030272241986737,1
-4.625978871212855,-1.4038670696550977,1
-4.625382966813417,-1.4035779908755455,1
-4.625382966813417,-1.4035779908755455,1
-4.625978871212855,-1.4038670696550977,1
-4.6271591771439,-1.4058631082234765,1
-4.629542835181551,-1.4070191793291738,1
-4.628328101526829,-1.4092762957635792,1
-4.628935468354191,-1.4081477375463773,1
-4.629239151767871,-1.4075834584377755,1
-4.630442428049655,-1.4067439484985567,1
-4.632545251704656,-1.4056294822428121,1
-4.6352324768912645,-1.4062219757758978,1
-4.636447069006328,-1.4039657133853023,1
-4.638246082872952,-1.403416288777274,1
-4.639730036832766,-1.4048482617480023,1
-4.640629518491137,-1.4045737019518132,1
-4.6427320590668195,-1.4034609437836867,1
-4.646026196131887,-1.402927624240382,1
-4.646948329676764,-1.3998194375351716,0
-4.649050683217899,-1.3987078079249358,0
-4.652659450515811,-1.3961956834358684,0
-4.655065194281331,-1.3945215438077838,0
-4.6583587550777885,-1.3939917014428431,0
-4.6601686045538475,-1.3920284220320784,0
-4.660775668081939,-1.3909016939087522,0
-4.662574095569976,-1.390355807482221,0
-4.663473294149032,-1.3900829557736536,0
-4.663765459529923,-1.390936649179018,0
-4.664068971074018,-1.3903734071236151,0
-4.664068971074018,-1.3903734071236151,0
-4.664383843946281,-1.3883931381027494,0
-4.66619355188268,-1.3864307127357893,0
-4.668610232357391,-1.3833421082736699,0
-4.671330353606368,-1.3796906887780516,0
-4.673746907706386,-1.3766028468550484,0
-4.675837025406459,-1.376913520980958,0
-4.675556418498262,-1.3746416110491104,0
-4.675848457504454,-1.375496066993593,0
-4.676747469048964,-1.3752243438429108,0
-4.6779499466426735,-1.37438965315091,0
-4.677342994324313,-1.375515710239812,0
-4.6779499466426735,-1.37438965315091,0
-4.6782534228018555,-1.3738266246064565,0
-4.682444776890751,-1.3730324099679176,0
-4.682152742939547,-1.372177923521873,0
-4.683635756671627,-1.3736155697836239,0
-4.687500780515327,-1.376219230661139,0
-4.6922535152352225,-1.379967829334662,0
-4.696118726113475,-1.3825703616542881,0
-4.701175038092305,-1.3857553217520682,0
-4.705029443691048,-1.3897715258650454,0
-4.70918729006406,-1.3932249149445273,0
-4.713052910396323,-1.395824976637412,0
-4.716615474133395,-1.3989855352448899,0
-4.719875087430017,-1.4027059502340968,0
-4.723437969631323,-1.4058645872430002,0
-4.72670842864736,-1.408171086426334,0
-4.727586153152071,-1.410724754762228,0
-4.731149409422475,-1.4138811346553481,0
-4.733521564592296,-1.4164550867703145,0
-4.731421440300789,-1.4175532651905467,0
-4.732602458985118,-1.4195450030383103,0
-4.734076269868826,-1.4223866520974262,0
-4.733763171297285,-1.4243562150691051,0
-4.732854410965723,-1.4260352351861307,0
-4.735519894163634,-1.4294558653465952,0
-4.738185559341105,-1.4328753974507364,0
-4.7405485773774,-1.4368529558427277,0
-4.743507600912885,-1.441118982982978,0
-4.746759937311495,-1.44623177967342,0
-4.749416864699475,-1.4510525084309815,0
-4.751771463410504,-1.4564293418778185,0
-4.7535400531038015,-1.4601089150333824,0
-4.755327644982405,-1.460976883409593,0
-4.7565006133555805,-1.464365669697985,0
-4.757692381714552,-1.464944071269608,0
-4.758865552287244,-1.4683316374954174,0
-4.761239941761676,-1.4708921079188162,0
-4.763018507716483,-1.473163011537629,0
-4.764797154551088,-1.4754334271314065,0
-4.766869326558311,-1.4785493312096634,0
-4.7683456851558805,-1.481375607480203,0
-4.770418145297402,-1.484489772969276,0
-4.775461930530316,-1.490447265342116,0
-4.779314210263623,-1.4958247700619722,0
-4.7822600195748475,-1.5028674776900743,0
-4.784610445150383,-1.5096179648774655,0
-4.78727206356705,-1.5144103881830446,0
-4.787238911984735,-1.5200043162397048,0
-4.7878186551020185,-1.5230878579192915,0
-4.789590955156369,-1.5267450429264144,0
-4.792261837081261,-1.5301330974158525,0
-4.796419549254031,-1.5349357694857453,0
-4.799679296264774,-1.5400038508824387,0
-4.8035512252218275,-1.5425658466226668,0
-4.805626657696184,-1.545662077191734,0
-4.809189228772679,-1.5501710647458147,0
-4.810374306612221,-1.5521383098371775,0
-4.813650371609739,-1.5544109827853383,0
-4.818406278091425,-1.5594889164260035,0
-4.821366203699176,-1.5650979737359165,0
-4.8240177116541005,-1.5726483495686612,0
-4.826971765650443,-1.5796413091448471,0
-4.830235096647543,-1.5846877649322142,0
-4.83380047829726,-1.5891797936163599,0
-4.837969395093575,-1.5925663842692899,0
-4.840945401103678,-1.5953814667042057,0
-4.844813086155401,-1.5993175432068973,0
-4.8480844472437,-1.6029670725598937,0
-4.85195894918955,-1.605513543003724,0
-4.855833521905229,-1.6080595864256466,0
-4.860606135607753,-1.6103397629973006,0
-4.864776053291656,-1.6137203143404406,0
-4.874303691137431,-1.6224322217747371,0
-4.874297814471042,-1.6238161545425722,0
-4.8781672131636356,-1.627741891014848,0
-4.881730029163977,-1.6335978739419943,0
-4.885594506582873,-1.6389017783863906,0
-4.888868152525664,-1.6425375210321747,0
-4.8939321958652915,-1.6470243036858019,0
-4.8989965425041895,-1.6515092562455447,0
-4.903469552168199,-1.6543290971631421,0
-4.907646792245007,-1.656316992290959,0
-4.910931413052458,-1.6571895666420247,0
-4.91451187421694,-1.6588936597609667,0
-4.918092335381418,-1.6605977528799105,0
-4.920775261057834,-1.6625646626926631,0
-4.925253257710381,-1.6640059391177964,0
-4.929129741211453,-1.6665404529482934,0
-4.933306981288263,-1.6685283480761068,0
-4.938067434488424,-1.6749273202583392,0
-4.943133484658214,-1.6794019937908011,0
-4.948800896329843,-1.6827843449648476,0
-4.954464266295657,-1.687539556838768,0
-4.956546993117428,-1.690591773650068,0
-4.957728602749208,-1.6952768922126715,0
-4.958617958780874,-1.6977603764483433,0
-4.9568116119252466,-1.7023994676727217,0
-4.956815512091405,-1.7010274610166558,0
-4.9562186068043825,-1.7007444215469008,0
-4.9550169554581185,-1.7029225999320357,0
-4.9559181939678165,-1.7012889661431831,0
-4.955910403745474,-1.7040329184521834,0
-4.956800032746482,-1.7065147556033597,0
-4.959792359513914,-1.7051859396400104,0
-4.962484207729938,-1.7044020647932836,0
-4.962765771829146,-1.7107136187754843,0
-4.964245395462717,-1.716217140433173,0
-4.96692652890289,-1.7195433377495384,0
-4.9693041581383905,-1.724781206067906,0
-4.971085144946235,-1.7297344488351598,0
-4.9728632526954595,-1.7360535369424195,0
-4.975539204287006,-1.7421079477604309,0
-4.977015364767803,-1.7503293123877945,0
-4.979699374669691,-1.7576610723022785,0
-4.983294122019743,-1.7647214237212534,0
-4.98787847591316,-1.7692603155887188,0
-4.991470308099236,-1.7745224476632178,0
-4.997043900353912,-1.7765427601985522,0
-5.000240952272801,-1.7828051655280621,0
-5.002836747740314,-1.7869970109573714,0
-5.005432791420482,-1.7911869146657509,0
-5.0068342623334114,-1.7948156326347515,0
-5.0074408622958835,-1.798665415376302,0
-5.007450151053469,-1.8022347994202566,0
-5.006066972211158,-1.8057470825182396,0
-5.004086275320088,-1.8089805850194072,0
-5.003098269748339,-1.8114895204709018,0
-5.0011174942565955,-1.8147236378503653,0
-5.000129468000457,-1.8172327351119382,0
-5.001339148777296,-1.8231388061048293,0
-5.004139638769464,-1.8285943981526138,0
-5.006737912226633,-1.8327668587346082,0
-5.008536070507306,-1.8353803845594303,0
-5.0103395474778125,-1.839773327397694,0
-5.013733676462298,-1.843717021047441,0
-5.016530291534895,-1.8473819017383537,0
-5.018734860313039,-1.8525462214513198,0
-5.021729337123277,-1.8557072762449547,0
-5.023737136299456,-1.8613668782830928,0
-5.02633154724769,-1.8637485304221695,0
-5.026528891875632,-1.8632487497768366,0
-5.028926040933474,-1.8661295353209368,0
-5.03113196660745,-1.8712832402928008,0
-5.035520358924726,-1.874490069326967,0
-5.036524965918877,-1.8773143364413745,0
-5.036734519939959,-1.8803610922570186,0
-5.037739321367356,-1.8831838383566986,0
-5.038744222079812,-1.8860058077680062,0
-5.040149978797887,-1.8896009986888984,0
-5.040366340784718,-1.8944155211923857,0
-5.0413781073792165,-1.8990048042233205,0
-5.04198921240134,-1.9028193447299362,0
-5.04180523549225,-1.9068566004718956,0
-5.040819463834378,-1.9093480604349935,0
-5.039636537844929,-1.9123378123907102,0
-5.03905176284651,-1.9156013935548657,0
-5.039262355223858,-1.9186400265046046,0
-5.03907876304438,-1.922674272579119,0
-5.039493516289173,-1.9269808268473376,0
-5.039908443282828,-1.9312860219109051,0
-5.041125942758242,-1.93713092869441,0
-5.041942553133024,-1.9422028728644527,0
-5.042759428267967,-1.9472727458655008,0
-5.04317521573215,-1.951571209629833,0
-5.04498503867282,-1.9559145091362424,0
-5.0444013475363185,-1.9591696114523245,0
-5.044219161895208,-1.9631928544415516,0
-5.044832587705644,-1.9669892398574458,0
-5.0450521930044765,-1.9717783905407416,0
-5.046264493759507,-1.9758429418123544,0
-5.046878415995243,-1.9796354437863801,0
-5.047886373860212,-1.982433497668195,0
-5.049532500333038,-1.994297451085206,0
-5.050934729629256,-1.9960992122399226,0
-5.052746894042622,-2.0004241948455324,0
-5.054165601989617,-2.005739094861182,0
-5.055387809231686,-2.011547173670989,0
-5.056610388792734,-2.017352339899398,0
-5.057816431786726,-2.0196448203350936,0
-5.059433113167051,-2.024455020679042,0
-5.060451200910446,-2.0289948545502163,0
-5.062059754661075,-2.032047611689279,0
-5.063266256848475,-2.0343364999412508,0
-5.065867394359609,-2.0366655314430435,0
-5.06767299074612,-2.0392208703639074,0
-5.069282007827036,-2.0422700029572276,0
-5.071087819331179,-2.044823659053284,0
-5.073099421632529,-2.048632485833693,0
-5.074109853350272,-2.0514111872302063,0
-5.0759251990224765,-2.0557112834458593,0
-5.077740792907331,-2.060009437940579,0
-5.078760990458278,-2.064532767183822,0
-5.079977974158702,-2.068560684653832,0
-5.078424532156387,-2.0760029434122256,0
-5.0790620277879,-2.0832530833905167,0
-5.07868830983181,-2.087730638393232,0
-5.078511233234478,-2.091713914293255,0
-5.0763398562252,-2.095395062232704,0
-5.074964264416323,-2.0988479933941697,0
-5.073588672607444,-2.102300924555637,0
-5.071417171491843,-2.105983043355554,0
-5.070444462758582,-2.110193338638984,0
-5.069668329194037,-2.1139098726119734,0
-5.069285263229379,-2.11663953120439,0
-5.067320214811392,-2.121571642766172,0
-5.067536772566168,-2.12456360968949,0
-5.066357793157906,-2.1275224882823736,0
-5.064579223125227,-2.1302187996482296,0
-5.062790514940364,-2.1311733957487604,0
-5.061404859443099,-2.1328840291286166,0
-5.062790514940364,-2.1311733957487604,0
-5.063773059833746,-2.1287071781577893,0
-5.063969568812423,-2.1282139346395965,0
-5.063969568812423,-2.1282139346395965,0
-5.063773059833746,-2.1287071781577893,0
-5.063369990598639,-2.1279512703265233,0
-5.063173477483085,-2.1284445462067314,0
-5.063576550855069,-2.129200421675982,0
-5.062976964367532,-2.1289378220869395,0
-5.063173477483085,-2.1284445462067314,0
-5.064166077791098,-2.1277206911214,0
-5.063576550855069,-2.129200421675982,0
-5.063576550855069,-2.129200421675982,0
-5.062976964367532,-2.1289378220869395,0
-5.063380041876394,-2.1296936651941767,0
-5.059606000695425,-2.132097007049863,0
-5.059419534720748,-2.1343327101597396,0
-5.060432407196247,-2.1370923179670847,0
-5.059056844345513,-2.1405450225944396,0
-5.058674001772243,-2.1432729336380163,0
-5.059097661714407,-2.147509812486758,0
-5.058921735169033,-2.1514840917464557,0
-5.059149241903993,-2.156211430980054,0
-5.058373761966102,-2.1599228517545885,0
-5.058994497639167,-2.1636620534890056,0
-5.058819063382227,-2.1676324816688535,0
-5.058840183609611,-2.1711093103483368,0
-5.062243175120512,-2.173162649995337,0
-5.065449827264715,-2.175707906317891,0
-5.066267684174335,-2.1789490749558116,0
-5.069070998186392,-2.1807405269781093,0
-5.072474295826231,-2.182791471835957,0
-5.0722999206099395,-2.1867536153398266,0
-5.073118282218621,-2.18999083581185,0
-5.073740469935711,-2.1937186784788114,0
-5.072366383950262,-2.1971598298666173,0
-5.073981440872403,-2.200161713917236,0
-5.074003926269382,-2.2036278631315884,0
-5.073830246048519,-2.207584569816845,0
-5.0746493316107735,-2.2108161269361464,0
-5.0726868066880915,-2.2157284976684455,0
-5.071520749550604,-2.2204073118901917,0
-5.0725479880671465,-2.224875560982971,0
-5.074360319290312,-2.227378214542517,0
-5.077165408022838,-2.229155783260145,0
-5.078585561074794,-2.232638354366925,0
-5.078817080580979,-2.237334302445438,0
-5.078240426273194,-2.24053435697307,0
-5.078668400978648,-2.244737482239593,0
-5.07890041277326,-2.2494295792382584,0
-5.081314072109414,-2.2521812079783015,0
-5.083335664970054,-2.2559118804911584,0
-5.08774701695774,-2.2589391003390222,0
-5.091754083468324,-2.26121992678819,0
-5.095369199335964,-2.264478890873736,0
-5.098984488952459,-2.267736495754626,0
-5.102599952317814,-2.2709927414308666,0
-5.106620172764314,-2.2749916912360266,0
-5.109243734953958,-2.2789663228169683,0
-5.113264484920787,-2.2829611302841393,0
-5.117089677390775,-2.287441738005926,0
-5.120314621472817,-2.2916649240611626,0
-5.128331261441778,-2.296206965578076,0
-5.126347111592651,-2.2976464557967873,0
-5.127170267842416,-2.3008461686927877,0
-5.128580704703696,-2.3025837236086524,0
-5.129795484783081,-2.3048078554675104,0
-5.13081464531246,-2.3075182730112154,0
-5.132407340943955,-2.307053036987016,0
-5.133230935702738,-2.3102493195093707,0
-5.133453959397128,-2.3131907046023823,0
-5.132475634118849,-2.3156239129374914,0
-5.133495171104087,-2.3183313855377836,0
-5.1329220124578345,-2.3215040941622753,0
-5.131943769917109,-2.323936655257075,0
-5.13036472878372,-2.326116098833385,0
-5.128995160268557,-2.32952191090021,0
-5.127821244398419,-2.332441178386059,0
-5.1272482057216155,-2.3356129485121,0
-5.126074314672744,-2.3385320218258574,0
-5.125096072132015,-2.3409645829206553,0
-5.1247187729746635,-2.343649128863394,0
-5.123349262375786,-2.3470544878620014,0
-5.122566684890714,-2.349000407289779,0
-5.1201907912425195,-2.351416417044085,0
-5.12218947260779,-2.351684273630191,0
-5.121406911670228,-2.353630063609904,0
-5.122007937791155,-2.353881401217535,0
-5.121616665596129,-2.354854231483362,0
-5.1230143622092505,-2.3548704268416785,0
-5.122818734385492,-2.3553567772505613,0
-5.120428710498276,-2.3560623010845454,0
-5.121029757303589,-2.3563134768820984,0
-5.121225393401103,-2.355827061749185,0
-5.119827663692963,-2.3558111252869924,0
-5.119226616887648,-2.3555599494894395,0
-5.119422265395794,-2.3550734372704802,0
-5.119827663692963,-2.3558111252869924,0
-5.119422265395794,-2.3550734372704802,0
-5.118625570082333,-2.3553087736918865,0
-5.118625570082333,-2.3553087736918865,0
-5.11782886649512,-2.355544174837327,0
-5.117227815552928,-2.3552930314017875,0
-5.116626764610736,-2.355041887966248,0
-5.116025713668543,-2.3547907445307104,0
-5.1168224296663904,-2.354555246299226,0
-5.116626764610736,-2.355041887966248,0
-5.1168224296663904,-2.354555246299226,0
-5.116221382861076,-2.354304070501673,0
-5.117018094722045,-2.3540686046322037,0
-5.117423476471705,-2.3548064220967806,0
-5.1168224296663904,-2.354555246299226,0
-5.117018094722045,-2.3540686046322037,0
-5.1168224296663904,-2.354555246299226,0
-5.117018094722045,-2.3540686046322037,0
-5.114026879238802,-2.3545240853391824,0
-5.1134258241597355,-2.354272974265662,0
-5.1134258241597355,-2.354272974265662,0
-5.1134258241597355,-2.354272974265662,0
-5.113831197635637,-2.3550108564542676,0
-5.114026879238802,-2.3545240853391824,0
-5.114026879238802,-2.3545240853391824,0
-5.115243036898411,-2.356737440646862,0
-5.116263612239916,-2.3594367903812508,0
-5.116683186281758,-2.361884608335913,0
-5.116907186279249,-2.3648183559932576,0
-5.1177324109677915,-2.3680018878814852,0
-5.116964187113128,-2.371656545680745,0
-5.117579682697032,-2.3736157155234228,0
-5.117608406505358,-2.3770330628183256,0
-5.116644790628957,-2.3811722263915787,0
-5.1160724386738305,-2.3843386244230427,0
-5.114898845480139,-2.3872553676716777,0
-5.114927883691161,-2.390670255453397,0
-5.114957021187243,-2.3940843665467497,0
-5.114790683924033,-2.397983630654405,0
-5.11441420386844,-2.4006617689180647,0
-5.116233104453155,-2.40311303159692,0
-5.1188490519859275,-2.405326207083048,0
-5.1204726308758275,-2.4082614253816317,0
-5.120502438546074,-2.411670293828463,0
-5.122923238132881,-2.41436606572967,0
-5.126742574118953,-2.417071463500033,0
-5.129765111369625,-2.420013006742195,0
-5.1329832061171405,-2.42246874972974,0
-5.136998281622665,-2.424686923316804,0
-5.1414195703902354,-2.42763640960332,0
-5.146036304958951,-2.4301009694096365,0
-5.1506531057177085,-2.432565011423705,0
-5.155871491075862,-2.435276022173303,0
-5.161089950897811,-2.4379864504066227,0
-5.1661133165532025,-2.441179054348817,0
-5.171331962534646,-2.4438880262914378,0
-5.176355588813326,-2.447078591426653,0
-5.1821759683217525,-2.450033367072246,0
-5.187801419138729,-2.4534690239460915,0
-5.193622005491031,-2.456422181490904,0
-5.199247745889435,-2.4598555730236615,0
-5.205670111274381,-2.4630541782892763,0
-5.211490991344991,-2.4660050381309873,0
-5.217718738304301,-2.4696820974736884,0
-5.224141418091941,-2.4728782432261234,0
-5.235394520544752,-2.47973234038154,0
-5.234810516340252,-2.4811688676453656,0
-5.241233688416317,-2.4843611623179456,0
-5.246842870228578,-2.4861030644335074,0
-5.251036257923126,-2.4861493204433405,0
-5.25462790381693,-2.4859498374742355,0
-5.260431244861415,-2.4872168776964347,0
-5.266641552079664,-2.4892093407312537,0
-5.271241479849582,-2.4899843528413097,0
-5.276850024582702,-2.491731238707265,0
-5.281255367022002,-2.4929844459982835,0
-5.285077640191139,-2.4956668667376114,0
-5.290297490003944,-2.4983664213337047,0
-5.295536219191204,-2.5027393102562723,0
-5.301357930774202,-2.505683665332855,0
-5.305393970640459,-2.509558862790554,0
-5.310226052193528,-2.513203837025305,0
-5.316649836527475,-2.5163913421195883,0
-5.322316984400782,-2.5231428590075726,0
-5.3281396060968405,-2.5260800944407347,0
-5.332137581085261,-2.526611018034643,0
-5.337572339373397,-2.5304944174328163,0
-5.341396209377269,-2.533164346434143,0
-5.346229693331827,-2.536798349945622,0
-5.350267851279396,-2.5406569780513593,0
-5.355295614435628,-2.543815181171027,0
-5.360731485543825,-2.547689875187018,0
-5.364556116733164,-2.5503538495774833,0
-5.368982609692699,-2.553262624448436,0
-5.37461274345506,-2.556661647520679,0
-5.379641280207398,-2.559813798943436,0
-5.385078152439963,-2.5636806613516665,0
-5.389505249383619,-2.5665847113683498,0
-5.395136061593901,-2.569978427070044,0
-5.399778294541154,-2.574064541977954,0
-5.404807695900894,-2.5772099297394604,0
-5.409643848141473,-2.5808230597509105,0
-5.41448022377344,-2.5844344422135173,0
-5.418499779517354,-2.5866175677377434,0
-5.422132787380404,-2.589736566106035,0
-5.425959242932747,-2.5923862688476405,0
-5.431182799387841,-2.595056827077805,0
-5.434214383989723,-2.59792759459196,0
-5.438041195313533,-2.6005745142002255,0
-5.4414593815756795,-2.602508988164109,0
-5.4460814154845405,-2.604932092228509,0
-5.4510896994190805,-2.606421653513957,0
-5.454508001513798,-2.608355221341405,0
-5.459323193530519,-2.610311295120205,0
-5.464933281318965,-2.6120461099543615,0
-5.469146545375452,-2.6137579010449183,0
-5.474756529741956,-2.615493524929464,0
-5.479957450537782,-2.6165201335432737,0
-5.485158238953524,-2.6175477777415814,0
-5.488769484038473,-2.619015998108239,0
-5.494571956338675,-2.6202898343537075,0
-5.4995796528366,-2.6217839910453637,0
-5.5047800192908305,-2.622814936169256,0
-5.509185700954099,-2.624065489774999,0
-5.514193169923757,-2.625561426377512,0
-5.519007931705211,-2.627520865805927,0
-5.52502638393203,-2.629970165091448,0
-5.529841145713483,-2.6319296045198666,0
-5.533042917676871,-2.632692013455326,0
-5.537231527277845,-2.632775647593121,0
-5.542046156679216,-2.634736122606034,0
-5.545849591842677,-2.635744885398733,0
-5.550254797765021,-2.636999160636263,0
-5.553480901507477,-2.639392250761704,0
-5.556899489046749,-2.6413235856100794,0
-5.5597410471570825,-2.6446368853640614,0
-5.5635693312092975,-2.6472722840947966,0
-5.566603559275936,-2.6501223722810128,0
-5.571635852313088,-2.653245138993652,0
-5.577077953558881,-2.657071095814228,0
-5.58131649673939,-2.6604061571932007,0
-5.586541468006608,-2.6630656476140455,0
-5.591164602324897,-2.6654801433823074,0
-5.595382054389262,-2.6668062237569377,0
-5.5985422434322825,-2.6684502715503164,0
-5.601894885001075,-2.6696358473788013,0
-5.606301306093542,-2.6713697946559307,0
-5.610374152095945,-2.6723718841582684,0
-5.615115297806476,-2.6748387557627513,0
-5.620242929169558,-2.6763901499472187,0
-5.623544001291865,-2.6792243052818314,0
-5.627758353034558,-2.681417080041369,0
-5.6319727047772545,-2.6836098548009097,0
-5.635993071290173,-2.6862596794552633,0
-5.639624700991533,-2.6898228928642087,0
-5.644502850124342,-2.6934762723950456,0
-5.648132228666697,-2.6970373971385655,0
-5.650902196091154,-2.6995934560561476,0
-5.654334667686722,-2.7036089198734015,0
-5.658487104230909,-2.7074406751660547,0
-5.662111956506749,-2.710997600358885,0
-5.665735659254588,-2.7145534589991556,0
-5.669553945944706,-2.717652823240737,0
-5.67409353869944,-2.7205697232690333,0
-5.679622361444327,-2.725671531096147,0
-5.681129714695077,-2.7236702440781695,0
-5.685205769796493,-2.724675311039727,0
-5.691323684883731,-2.7284125906961894,0
-5.695597700665932,-2.7289642962571907,0
-5.69961076288633,-2.7316073438588386,4
-5.705333401871279,-2.7317996981743544,4
-5.706517766619212,-2.7335286226309137,4
-5.711649756609306,-2.735084060827157,4
-5.713886176588909,-2.737359756903526,4
-5.718753453102686,-2.7410030486247656,4
-5.723291704741417,-2.743918704341745,4
-5.72940818291865,-2.7476546508075117,4
-5.732168331458082,-2.7502015995886726,4
-5.736307476584727,-2.754021022867388,0
-5.73959223977849,-2.7568400464876,0
-5.7432031779757935,-2.7603840619505267,0
-5.74628705877176,-2.7636537361502125,0
-5.750421605786395,-2.7674688932187017,0
-5.7524518028526845,-2.7701902848491233,0
-5.757309643657438,-2.773824821951461,0
-5.759012516192184,-2.7758201551866133,0
-5.764068964287228,-2.7790019308242098,0
-5.76557054729968,-2.7814475369014744,0
-5.768274119805897,-2.781186173163295,0
-5.773654827024476,-2.7850911630560056,0
-5.776158786403403,-2.7852816275490824,0
-5.780688584221608,-2.788189439660803,0
-5.783394359989833,-2.787930120148358,0
-5.784770267220537,-2.7891997282859187,0
-5.788930844904527,-2.7885867902479777,0
-5.788852620777467,-2.790210639066693,0
-5.790955485918804,-2.7913030268743757,0
-5.792532634774805,-2.7921223177301364,0
-5.795240302474536,-2.7918647535854415,0
-5.795888581236607,-2.793310959897223,0
-5.798070963724005,-2.7927806987578183,0
-5.800051984843606,-2.792700643800984,0
-5.801507385471869,-2.7923475807716116,0
-5.802235157631504,-2.79217111591646,0
-5.803488933458473,-2.792268014651368,0
-5.8047428050794405,-2.7923650022656563,0
-5.805794764517108,-2.7929116850060858,0
-5.8063207442359435,-2.7931850263762996,0
-5.807696579621151,-2.794454567854327,0
-5.809274446932152,-2.7952745253054356,0
-5.8095982031371864,-2.7959972729438096,0
-5.8109737271918895,-2.7972665255638525,0
-5.812025542938558,-2.7978130749852124,0
-5.81380565771186,-2.798183648388008,0
-5.814534004635497,-2.7980077168091366,0
-5.815262399456133,-2.7978318296699527,0
-5.8163143588938,-2.798378512410384,0
-5.816921819735702,-2.7970310268607914,0
-5.8191076508071085,-2.7965039653790544,0
-5.819917885978311,-2.79470758461774,0
-5.822509696781324,-2.793283132669764,0
-5.8241704102798995,-2.7924835297322286,0
-5.826034137592774,-2.7912352537814176,0
-5.8305697548965,-2.794148465315459,0
-5.832999106371876,-2.7959661338238337,0
-5.837533957323597,-2.7988786343228362,0
-5.840166131025274,-2.8002474520591782,0
-5.844174020369659,-2.8028857001743237,0
-5.848707913381377,-2.8057973118795267,0
-5.852392621284727,-2.8077133456325782,0
-5.856163288680657,-2.8080127075768253,0
-5.859204052500443,-2.808486556810024,0
-5.863094001428603,-2.80995598399538,0
-5.867510840118603,-2.8116995969050578,0
-5.870348326690587,-2.812621874733237,0
-5.873829493912634,-2.8149860926629735,0
-5.878041929775321,-2.8171770898349173,0
-5.881522570130366,-2.8195408189280666,0
-5.885940247017867,-2.8212852095323164,0
-5.889189676497974,-2.821315629635645,0
-5.892760826560611,-2.8220669086905286,0
-5.895805829264916,-2.8225446908362812,0
-5.89990485097789,-2.8235710666291283,0
-5.903706661099964,-2.826655143617396,0
-5.906019820399619,-2.8273056132446612,0
-5.907485949955916,-2.8269625047058184,0
-5.9111735077307745,-2.8288811826204157,0
-5.913693847883746,-2.829086845487426,0
-5.9152537201951425,-2.8271342865893825,0
-5.91882898939979,-2.8278893874575903,0
-5.9235526430292165,-2.827584209329661,0
-5.9273366018426845,-2.827895903287846,0
-5.931008511570942,-2.8270442423980953,0
-5.935209059301544,-2.8264683892813434,0
-5.93909092790912,-2.8251744991333467,0
-5.9421262936403405,-2.8228875196558256,0
-5.946010868428429,-2.821596140350307,0
-5.949368840836678,-2.8200308419586015,0
-5.951991976277776,-2.818635453567797,0
-5.95387969998772,-2.8174094419016082,0
-5.954200079454244,-2.818129056541844,0
-5.953671848576404,-2.8178536265062064,0
-5.954615830173875,-2.817240731772337,0
-5.955352008257032,-2.817072066082755,0
-5.954615830173875,-2.817240731772337,0
-5.951351169447726,-2.817196179847631,0
-5.955031580893506,-2.81635240700283,0
-5.954823705533691,-2.8167965693875843,0
-5.955352008257032,-2.817072066082755,0
-5.957240402524976,-2.8158466765722263,0
-5.959449655229449,-2.8153413460988332,0
-5.961451248110604,-2.8152803779887954,0
-5.96239599606008,-2.8146681942899647,0
-5.964814441291873,-2.813719923523289,0
-5.967233461287664,-2.8127721860328894,0
-5.969236395284824,-2.8127124622341704,0
-5.971127519681776,-2.8114896057859617,0
-5.974189022902625,-2.8119826974048703,0
-5.97745962285679,-2.8120327598511174,0
-5.97978442112748,-2.8126940283230226,0
-5.980313466254323,-2.8129702138333883,0
-5.981051272835483,-2.8128030590932624,0
-5.980730941265957,-2.812083488892716,0
-5.980201848242114,-2.8118072589426593,0
-5.980201848242114,-2.8118072589426593,0
-5.985172614550525,-2.813850143781586,0
-5.985381543644342,-2.8134069590700097,0
-5.987498107327717,-2.814512056628992,0
-5.98940555032927,-2.81606016114079,0
-5.993109369135672,-2.8179939263300966,0
-5.996284070969731,-2.819651439349503,0
-5.99924919710047,-2.8217515371446726,0
-6.002743104924552,-2.8241275760319127,0
-6.005917519376611,-2.82578482241318,0
-6.00888190310385,-2.8278842313931545,0
-6.011635825033263,-2.8304254030146314,0
-6.014918121531519,-2.8332421379908155,0
-6.0187232747675425,-2.8335734965117645,0
-6.021897401837601,-2.835230476254889,0
-6.025178955932355,-2.8380465224158815,0
-6.029092733618079,-2.8395380583469443,0
-6.030997662027126,-2.8410838297750267,0
-6.0345939101178345,-2.8418583952273977,0
-6.038297058366235,-2.843791538261046,0
-6.04295235465063,-2.845119363527946,0
-6.047079300314684,-2.8461716476599825,0
-6.0508896264267245,-2.8465078056674358,0
-6.054805990550456,-2.848001741341747,0
-6.059464160654857,-2.8493322329900383,0
-6.06359378855092,-2.850387005744709,0
-6.068253443462327,-2.851718875023387,0
-6.073126649528065,-2.8526118480205582,0
-6.077575052341148,-2.854384746685854,0
-6.081494362130387,-2.855881415401093,0
-6.085414007198627,-2.8573783951941625,0
-6.089120508237037,-2.8593146490061017,0
-6.092724755126766,-2.860096635886679,0
-6.0959020433988345,-2.8617565486493355,0
-6.101095940261597,-2.863369425144727,0
-6.105231411591676,-2.8644296195415606,0
-6.107879630788399,-2.865813324574008,0
-6.109254220851598,-2.8670817106200968,0
-6.111372700414979,-2.8681885857666742,0
-6.113276646935521,-2.8697334461811153,0
-6.114550419760047,-2.8698488984865413,0
-6.116554417167267,-2.8725459816066063,0
-6.118243016395976,-2.8745280718141863,0
-6.120146124719017,-2.8760721545340537,0
-6.12171844565406,-2.879642786226748,0
-6.123934964430111,-2.8819000176119793,0
-6.125406516023479,-2.8843177600037,0
-6.126034438560495,-2.8857450794472914,0
-6.1269759631385154,-2.8878857253150034,0
-6.128857719075554,-2.8921658171788014,0
-6.129915665638238,-2.892718054880465,0
-6.130208921130246,-2.896168323682005,0
-6.130522116046752,-2.8968812723687627,0
-6.131148362188762,-2.8983070364232084,0
-6.132734635423292,-2.899134793039888,0
-6.135594298306337,-2.900077646444476,0
-6.139824551853078,-2.902285175181051,0
-6.142468460319787,-2.9036648806414096,0
-6.144799868376497,-2.904332281790513,0
-6.149246786382574,-2.906103802825424,0
-6.151578673409286,-2.9067716483714285,0
-6.155185219355019,-2.907555768357117,0
-6.159633334786103,-2.9093284003842754,0
-6.162929032768337,-2.90940174922801,0
-6.164827902206868,-2.9109418990353255,0
-6.1680017418949245,-2.9125986121403127,0
-6.168313428055927,-2.91331016097684,0
-6.168625066319927,-2.914021665373676,0
-6.169871140405927,-2.9168672385641266,0
-6.171862708541617,-2.9195527895846745,0
-6.17301378487446,-2.9212508284567793,0
-6.176279221628669,-2.9240519206621336,0
-6.179543987824875,-2.9268523907118276,0
-6.181750951149395,-2.9291007563789293,0
-6.1841756087187605,-2.9309140697976996,0
-6.186910228157124,-2.9334373322241625,0
-6.190391203791168,-2.93580137239514,0
-6.192067924563843,-2.9377724415596305,0
-6.195766881824732,-2.939701696120414,0
-6.195638988508539,-2.941279460980743,0
-6.198371260993891,-2.943800545862402,0
-6.20076523966774,-2.9549122493703024,0
-6.202787404310454,-2.9548703681070645,0
-6.206263398656486,-2.957229786550295,0
-6.210355484980502,-2.9610055478337216,0
-6.214226404527162,-2.9652131394879664,0
-6.21884334499051,-2.969261197808894,0
-6.222316657104535,-2.971618127629494,0
-6.225789633939558,-2.9739747463722654,0
-6.2277659708292,-2.9766461655714362,0
-6.2304036526858955,-2.9780200938721144,0
-6.234538118178969,-2.9790793550354593,0
-6.238366621202561,-2.9794323779052156,0
-6.241140530453473,-2.979236273851601,0
-6.244442814273227,-2.979315733152692,0
-6.249022942162515,-2.9795144221328496,0
-6.253076419774969,-2.979439147587133,0
-6.25743744045791,-2.98007157784477,0
-6.260965010197029,-2.9797230285883742,0
-6.265021792702488,-2.9796508203812593,0
-6.268551374115614,-2.9793041375918374,0
-6.271553467054399,-2.9786827135819696,0
-6.274334057936828,-2.978492808865088,0
-6.277559951987974,-2.977441998667347,0
-6.280564343982765,-2.9768227077625937,0
-6.285907472275287,-2.976877617279495,0
-6.291029673275455,-2.977364579365661,0
-6.296376441739982,-2.977422866298987,0
-6.299162109704426,-2.977237672189233,0
-6.3006667484488315,-2.976930293161038,0
-6.3031473160897935,-2.9760396606721145,0
-6.305934492809743,-2.9758558664125907,0
-6.308416233927209,-2.9749663226960674,0
-6.311204584123663,-2.9747836172089457,0
-6.312934317199429,-2.9740480518645036,0
-6.3163946454969615,-2.972577721090037,0
-6.318572651355447,-2.970984005525505,0
-6.319691177947243,-2.9688366301892337,0
-6.321563532666746,-2.9665369651890945,0
-6.324190218432453,-2.9640854771418343,0
-6.326510917780176,-2.96092772858114,0
-6.329893347553597,-2.958325728457609,0
-6.333359854564147,-2.9568611304031336,0
-6.337134383615188,-2.956104681548913,0
-6.3408274218671075,-2.954213230368886,0
-6.342338095633526,-2.9539114507416144,0
-6.344131953116412,-2.950479560896291,0
-6.348051953682699,-2.948161656547919,0
-6.351217359769277,-2.945995330828378,0
-6.356203928358273,-2.944237663325845,0
-6.3593719208828565,-2.9420737373495545,0
-6.3638301149030125,-2.9400405064923145,0
-6.366775719276742,-2.938307277674749,0
-6.371769711900756,-2.936556498324146,0
-6.374717615330495,-2.934825402611695,0
-6.379182419136666,-2.932798304431655,0
-6.383956969275335,-2.9314809552807013,0
-6.386375157020227,-2.929473051902228,0
-6.3908449660629145,-2.9274505976697807,0
-6.395030202376128,-2.9285569649043808,0
-6.399379809300594,-2.9319346255415955,0
-6.401595034857641,-2.9341906570551988,0
-6.405862073300481,-2.9364323154735885,0
-6.409595731937965,-2.9383937665896784,0
-6.412796010770095,-2.9400750104034703,0
-6.416222892689094,-2.9413294677512436,0
-6.420103555545827,-2.9417308854432616,0
-6.423224666583341,-2.942279282256207,0
-6.427106838195577,-2.9426820997984517,0
-6.430456204766463,-2.942805243314682,0
-6.434794576114945,-2.9423572654055103,0
-6.438679549701689,-2.942762682669617,0
-6.442031454813581,-2.9428881814894083,0
-6.445156421559603,-2.9434401556973846,0
-6.447975593475643,-2.943286047150691,0
-6.451329462364542,-2.943413367997767,0
-6.453159773193982,-2.9438305141955396,0
-6.456514695816882,-2.943958812715792,0
-6.459107887307053,-2.9442320683510825,0
-6.4640670684880295,-2.9452048105915587,0
-6.468492989606152,-2.9458974566289555,0
-6.471393676269814,-2.9468783726279124,0
-6.475592323743066,-2.9479971829756746,0
-6.4790281624010895,-2.9492599505454535,0
-6.482235194710238,-2.9509474603555166,0
-6.485442227019387,-2.952634970165578,0
-6.487809581774695,-2.953335723301924,0
-6.49071368934441,-2.95050459929959,0
-6.493924022817113,-2.9483799580091397,0
-6.496829806781834,-2.945550389395951,0
-6.50080690057228,-2.943285457157897,0
-6.505320990391586,-2.9413040874187253,0
-6.508535898027803,-2.9391836901186608,0
-6.512057726073504,-2.9377704199059753,0
-6.513437030261764,-2.9352279658224028,0
-6.515122488507508,-2.933391927791181,0
-6.516808186238255,-2.9315561119584057,0
-6.5184941234539995,-2.929720518324082,0
-6.520103814592135,-2.9267547885099905,0
-6.522250118583134,-2.9240722656772657,0
-6.523553152745284,-2.9203996531940852,0
-6.521941011401232,-2.915732681705764,0
-6.524623976142096,-2.9133334102940918,0
-6.52623299672223,-2.9103670583243435,0
-6.528764646513833,-2.909523820764658,0
-6.530681784928458,-2.9072657068745418,0
-6.533059170375838,-2.904160552686802,0
-6.535206935225341,-2.901479385264617,0
-6.537125007631469,-2.8992221379484526,0
-6.5389652294104845,-2.8958332657229136,0
-6.541960550870353,-2.894146165303429,0
-6.543571247845492,-2.8911813687228243,0
-6.545568943067739,-2.890057390584561,0
-6.547718791436749,-2.887378156288884,0
-6.549638779722882,-2.8851226865603152,0
-6.550868397459884,-2.8841377772781858,0
-6.5515590553910155,-2.8828674834698873,0
-6.552328402146766,-2.8827295922655356,0
-6.5530977967995145,-2.882591745500875,0
-6.553636948193384,-2.8828773077858028,0
-6.5538672393492625,-2.8824539431759018,0
-6.5537885984216455,-2.881321585011646,0
-6.554630834735541,-2.878495501769656,0
-6.555012345046675,-2.876516014428393,0
-6.556703024065438,-2.874684820323365,0
-6.560243388250189,-2.8732887482706584,0
-6.56532560714845,-2.8716198268287805,0
-6.568249687767222,-2.868807234177119,0
-6.574185618040359,-2.868138090238091,0
-6.577731634071132,-2.866747262068788,0
-6.582979037829647,-2.867350389504253,0
-6.587918539290168,-2.8672454788386936,0
-6.592397027365935,-2.8679868974357206,0
-6.596567229967711,-2.8680199224141987,0
-6.6005069498256095,-2.868476134243817,0
-6.604988479360883,-2.8692203747611504,0
-6.6094710147331615,-2.8699655485119706,0
-6.61209921893043,-2.8702712895605504,0
-6.6158100366454535,-2.871152154751071,0
-6.618439102988726,-2.87145869571407,0
-6.622459714933247,-2.8730493543733715,0
-6.626480662156767,-2.874640324110498,0
-6.630269138910904,-2.8766526364516363,0
-6.632433982770409,-2.877802529218,0
-6.632201081228025,-2.8782234718648034,0
-6.633283455260778,-2.878798373808296,0
-6.63359166888927,-2.8795067007673065,0
-6.6338246422771565,-2.8790858247800415,0
-6.633050505821393,-2.879219272015405,0
-6.633516404700163,-2.8783774756011837,0
-6.63490701630991,-2.879660726723534,0
-6.636688597888315,-2.8789732673433672,0
-6.640560836819628,-2.8783074754564666,0
-6.644742438907436,-2.878351077081133,0
-6.648617072688754,-2.8776875071787256,0
-6.650867762244941,-2.876161228843559,0
-6.655828098900523,-2.876075649443088,0
-6.6589304881575835,-2.875547282143792,0
-6.662809552411412,-2.8748878229126955,0
-6.664287231091342,-2.873496036145605,0
-6.666541297386042,-2.871972890808573,0
-6.6674771184915915,-2.8702930309140804,0
-6.6687214166591335,-2.8693217423968918,0
-6.671827446088205,-2.868796752514026,0
-6.674083116932408,-2.8672750959066065,0
-6.6766478396026026,-2.8664625439527693,0
-6.679990267055069,-2.865519855520464,0
-6.683876635601418,-2.8648671733420716,0
-6.6869124779234,-2.8632176689002087,0
-6.688936851774719,-2.8621184436691998,0
-6.691270325349033,-2.861728367531464,0
-6.693221374839754,-2.8595017169417716,0
-6.694703412146696,-2.8581139741864607,0
-6.6947893536373755,-2.855437891964307,0
-6.69518401167505,-2.853470603317911,0
-6.696282140091393,-2.8502449084802564,0
-6.697145403188342,-2.8474383342621152,0
-6.696141331074749,-2.8441802619659384,0
-6.695914963743427,-2.840792053191292,0
-6.694908999698329,-2.837532225527365,0
-6.694288549093335,-2.836111838675393,0
-6.6946808362295025,-2.834142350264351,0
-6.69491503099089,-2.833722607489177,0
-6.694838760964781,-2.8325924490895655,0
-6.69514922575228,-2.8333028647139997,0
-6.696472739611439,-2.8334644676373486,0
-6.696706982269828,-2.833044769301864,0
-6.697251665767213,-2.83333546437097,0
-6.69623849695305,-2.8338841659728313,0
-6.695459642642776,-2.8340132358987464,0
-6.696783132553437,-2.834174816602248,0
-6.695693861352666,-2.8335935153434164,0
-6.694838760964781,-2.8325924490895655,0
-6.694838760964781,-2.8325924490895655,0
-6.695307102590559,-2.831752919099527,0
-6.694451810614674,-2.8307516750869155,0
-6.695545771992002,-2.82752211399624,0
-6.696171248052555,-2.8251319495765372,0
-6.695472204416945,-2.822579248999995,0
-6.69586300674611,-2.8206083829585644,0
-6.695474380000994,-2.8187660535667725,0
-6.695085465873882,-2.816923457536838,0
-6.694930099898656,-2.8146605187959164,0
-6.695086084805429,-2.813108817813692,0
-6.695787519561591,-2.8118485229356125,0
-6.696021331146978,-2.8114284246429193,0
-6.696644651842526,-2.8090362604371713,0
-6.6991391395086275,-2.807099149484648,0
-6.699606810576402,-2.8062589973389507,0
-6.701477494847501,-2.802898388756164,0
-6.702568055537821,-2.79966567244751,0
-6.704829929043539,-2.7981497707799257,0
-6.7070135208491415,-2.7955018442457593,0
-6.708495725795584,-2.79411425702936,0
-6.709899170071907,-2.791594200549481,0
-6.710834799589457,-2.789914162896226,0
-6.711770429107009,-2.7882341252429725,0
-6.712317435608901,-2.788526975637037,0
-6.715128470981519,-2.7873059241495604,0
-6.716845732835351,-2.7854993940724064,0
-6.717702505888784,-2.7826867982762913,0
-6.718872521755724,-2.7805871956066213,0
-6.720042537622664,-2.778487592936953,0
-6.720117055678813,-2.775800911848771,0
-6.721206826068628,-2.7725674622852328,0
-6.722062353800057,-2.769753711057179,0
-6.722837109187368,-2.7658056240986717,0
-6.72447412556408,-2.762865247127646,0
-6.726345001423178,-2.75950481630362,0
-6.727118272003484,-2.755555351714726,0
-6.7282059828222955,-2.7523199912445246,0
-6.72851048070382,-2.749209656688457,0
-6.728732481949222,-2.744963386573101,0
-6.728252545519956,-2.741976944719079,0
-6.727538366432305,-2.739410201200542,0
-6.727373229469051,-2.7371381967628867,0
-6.727990874370082,-2.734740766453891,0
-6.727825018951825,-2.732468095420888,0
-6.727508567039311,-2.7317521248352197,0
-6.727275186526925,-2.7321726230851198,0
-6.727825018951825,-2.732468095420888,0
-6.727825018951825,-2.732468095420888,0
-6.7270418060145385,-2.7325931213350234,0
-6.727508567039311,-2.7317521248352197,0
-6.727508567039311,-2.7317521248352197,0
-6.727508567039311,-2.7317521248352197,0
-6.727508567039311,-2.7317521248352197,0
-6.727975328064083,-2.730911128335414,0
-6.728992041256255,-2.7303657152706027,0
-6.727658780357569,-2.730195068870369,0
-6.727892136921454,-2.72977454840062,0
-6.728125493485341,-2.7293540279308726,0
-6.728125493485341,-2.7293540279308726,0
-6.7283588500492275,-2.728933507461127,0
-6.72757551736944,-2.7290584222760366,0
-6.729142230626014,-2.728808637085905,0
-6.731726112096263,-2.728013861008016,0
-6.733059851964951,-2.728184951805151,0
-6.7365114307341205,-2.728402929619545,0
-6.7394134405118855,-2.728325679516466,0
-6.741765665761752,-2.7279530015173137,0
-6.744434869791134,-2.728296782940415,0
-6.7473384362214075,-2.7282209771272594,0
-6.749058931122748,-2.726417446729169,0
-6.750862281887716,-2.725750185188046,0
-6.7521151775667825,-2.7247868735951872,0
-6.753285552661222,-2.722687604223193,0
-6.7546900027745505,-2.720168480976799,0
-6.7564115035128935,-2.718365883812197,0
-6.758133243736243,-2.716563508846047,0
-6.759772104147459,-2.713624842803082,0
-6.762045784263709,-2.7121198955190504,0
-6.763450809141038,-2.709601305548933,0
-6.764304013867962,-2.7067853989959243,0
-6.765708895054291,-2.7042666757067373,0
-6.7650731653062515,-2.7028321125936987,0
-6.763969141829438,-2.7022371239103897,0
-6.763015044288884,-2.7000848126240875,0
-6.765373448251767,-2.6997178673449245,0
-6.764100647639691,-2.696847496807532,0
-6.76346395995165,-2.6954120449006975,0
-6.7633794276930175,-2.6942742206545844,0
-6.763697867331037,-2.694992035487383,0
-6.763697867331037,-2.694992035487383,0
-6.764016259072058,-2.6957098058804903,0
-6.764016259072058,-2.6957098058804903,0
-6.764250190399944,-2.695289818687023,0
-6.7633794276930175,-2.6942742206545844,0
-6.76250856919209,-2.6932585337427675,0
-6.7605328250683465,-2.691647058233224,0
-6.758004470493699,-2.6897375328859017,0
-6.755794795042066,-2.6885460445698257,0
-6.75437099081123,-2.687231996742401,0
-6.754604443169116,-2.686811565152034,0
-6.752713662377005,-2.686338313845809,0
-6.7512896426096685,-2.68502406603978,0
-6.750737175849761,-2.6847261495210706,0
-6.753180423401779,-2.6854973173460035,0
-6.753732914110186,-2.6857952560845586,0
-6.753413803914163,-2.6850768190961016,0
-6.750651230629623,-2.683587014304109,0
-6.746496882801827,-2.674241845152485,0
-6.746875758777955,-2.672259913628279,0
-6.747167180778446,-2.6691374470368796,0
-6.74667201310314,-2.6661368733614808,0
-6.747049955087769,-2.6641540752633244,0
-6.745069517058011,-2.662538244664173,0
-6.746232947087432,-2.6604325315371486,0
-6.7455031296292365,-2.657851278459871,0
-6.745093787431566,-2.6559897289022096,0
-6.7460240524851,-2.6543047140036897,0
-6.746865618240992,-2.6514780086060448,0
-6.74785114805697,-2.6485922673361237,0
-6.749653556444686,-2.645898541689128,0
-6.752610762835613,-2.6426066635127086,0
-6.755267629109479,-2.639764162317718,0
-6.7584318230726605,-2.6384200478981494,0
-6.76104207873222,-2.636776569972584,0
-6.7650610544948355,-2.6352859143130907,0
-6.767023804822847,-2.6357387341455514,0
-6.769841166239237,-2.6360438351973485,0
-6.773813719607425,-2.6357535011214246,0
-6.773813719607425,-2.6357535011214246,0
-6.777232304031549,-2.635163592186041,0
-6.781505731535999,-2.6344275647176616,0
-6.7818062730045625,-2.633979576630434,0
-6.783515714041647,-2.6336856487367193,0
-6.78607994125537,-2.6332452097964296,0
-6.7883436707725995,-2.6332530608768927,0
-6.792016470569403,-2.6334161496916018,0
-6.795182170291637,-2.6320824217852117,0
-6.798601630157069,-2.631498551520279,0
-6.801720583571594,-2.6313629108893934,0
-6.805647528705777,-2.6322785143605643,0
-6.80902029478998,-2.632893093691365,0
-6.811538143381345,-2.63365327826817,0
-6.814008851716414,-2.6356088327187788,0
-6.817381784134465,-2.6362245593969647,0
-6.820454026258932,-2.6372872475884,0
-6.82377980966627,-2.6390982837536843,0
-6.82715294781303,-2.639715429519427,0
-6.82992447775788,-2.6412249282573512,0
-6.833852061964217,-2.6421449399579515,0
-6.836623635681132,-2.643654740629401,0
-6.838793373581396,-2.646055324218713,0
-6.841010597537272,-2.647262923209052,0
-6.842372566955414,-2.648613802557275,0
-6.843180212875755,-2.649662661384502,0
-6.846205012716672,-2.6519186361084337,0
-6.848422184146074,-2.6531258727785456,0
-6.8499895565876905,-2.6564135858900997,0
-6.851857798788366,-2.6592555754158447,0
-6.8537259096728445,-2.6620966591410244,0
-6.85640126377466,-2.665983823905023,0
-6.859076372752912,-2.6698692978412932,0
-6.860594731493829,-2.674339458071877,0
-6.863269306452878,-2.678221248419172,0
-6.864835330714884,-2.681499661978229,0
-6.867256548233738,-2.6846343724724715,0
-6.869677608173155,-2.687767996006034,0
-6.8706890069101085,-2.6907423057027913,0
-6.872254357082304,-2.6940160694855972,0
-6.873819532166237,-2.6972886255343145,0
-6.875083189664551,-2.7010024365527077,0
-6.876346628302531,-2.7047147379034815,0
-6.878766637712379,-2.707841115032501,0
-6.8805836557230435,-2.7118503040343853,0
-6.882701854274429,-2.715415913178475,0
-6.8845673475893925,-2.718238941278999,0
-6.885275793016977,-2.7216446025258865,0
-6.886839488605097,-2.724906953221538,0
-6.888646565290354,-2.728068869372768,0
-6.889429279038591,-2.7317585942810005,0
-6.889657298816421,-2.735148336224949,0
-6.890198920635252,-2.7392514045930163,0
-6.892323780175705,-2.743120019463957,0
-6.892862576071533,-2.7472204658903223,0
-6.89316075900795,-2.7517347001734223,0
-6.895354967457991,-2.7567270519087863,0
-6.8980260431998355,-2.760887783918907,0
-6.900455667784771,-2.765461526091187,0
-6.903363165498509,-2.7692045817717137,0
-6.906509432137147,-2.7725321386674473,0
-6.910206920213691,-2.7761564566499537,0
-6.913591572601228,-2.779068159243373,0
-6.916182809990451,-2.782095422096992,0
-6.920358865702299,-2.7848896979632443,0
-6.923500534228927,-2.78821298864875,0
-6.927434300586363,-2.791419496982588,0
-6.931919216536205,-2.794922699743669,0
-6.936403270340045,-2.798425102590329,0
-6.940334641847475,-2.8016293889396753,0
-6.945126765588802,-2.805839985426278,0
-6.948746810162733,-2.8083330562367728,0
-6.951814819049758,-2.8105286104857647,0
-6.954882540554783,-2.812723898096621,0
-6.958677848578037,-2.813683154900062,0
-6.961921959111892,-2.814345672836575,0
-6.9649236844973315,-2.815420334361294,0
-6.969029289668585,-2.8170898512502554,0
-6.973135230118839,-2.8187596792170453,0
-6.982889304741314,-2.825642014278399,0
-6.983569716443873,-2.8281774278155822,0
-6.986084252733985,-2.8300741323123813,0
-6.987495292414288,-2.8313763369624585,0
-6.990624435875379,-2.834688006669065,0
-6.993138014225488,-2.8365838223720647,0
-6.994304058370873,-2.8382957486472513,0
-6.99639086374472,-2.8421290561845947,0
-6.998169527335575,-2.8452541034224588,0
-7.000560163762401,-2.8497916716871927,0
-7.003132362094073,-2.852801269764088,0
-7.0060096607492275,-2.856516306220156,0
-7.008334756077975,-2.859933670575808,0
-7.011149315609558,-2.8625311028446525,0
-7.013412533960736,-2.8648316629275,0
-7.0143879876167485,-2.8680631825089815,0
-7.01805601903821,-2.8716601700822206,0
-7.020621894965863,-2.874663902120057,0
-7.023432910119436,-2.8772580458518497,0
-7.025142536131204,-2.879259645083275,0
-7.029357262724057,-2.8831491941925957,0
-7.033817224336828,-2.886629243875255,0
-7.0371758447047945,-2.8895167934972363,0
-7.0399270424518035,-2.890996043862888,0
-7.041881089234485,-2.892587388192922,0
-7.047024123050472,-2.89373071218294,0
-7.0497755602824785,-2.8952101847470395,0
-7.053077284960891,-2.89698555182396,0
-7.053683031186843,-2.898392295691144,0
-7.055636479257026,-2.899983084525058,0
-7.060231021764114,-2.9008321804906227,0
-7.065129060045179,-2.902385226105748,0
-7.068128725859616,-2.9034579767238053,0
-7.072477554376784,-2.90471612771913,0
-7.076827053451952,-2.9059749008701132,0
-7.0795793288814615,-2.9074551511287865,0
-7.081781149225073,-2.908639351335726,0
-7.08503074396544,-2.909306957616728,0
-7.086682252914146,-2.9101952410910013,0
-7.087285700084093,-2.9115998518530724,0
-7.0886354375508285,-2.9117857855066216,0
-7.087836155169998,-2.9118959019048063,0
-7.0875873518235695,-2.912302090574574,0
-7.087836155169998,-2.9118959019048063,0
-7.088084958516427,-2.911489713235042,0
-7.087232755897049,-2.9104913355824262,0
-7.087730266795906,-2.909678869363514,0
-7.089027155869594,-2.908756375625794,0
-7.090821795327143,-2.907021637867615,0
-7.09236784697476,-2.905693288757803,0
-7.094162941453807,-2.9039589731766746,0
-7.096811507822733,-2.903224212899943,0
-7.098909499363259,-2.902193291472253,0
-7.101310076634758,-2.9018654753400153,0
-7.104262378262666,-2.9018348869112938,0
-7.109617268836079,-2.901478348817312,0
-7.114974171083496,-2.9011236771903004,0
-7.119833801917057,-2.901581693980651,0
-7.123591229359809,-2.9014464107959075,0
-7.1277035640595825,-2.903122171461293,0
-7.130712593737544,-2.904203610038719,0
-7.1340235146399795,-2.9059875095360947,0
-7.138386975690689,-2.9072592368566728,0
-7.140343992087378,-2.9088533364474785,0
-7.143604363652777,-2.9095309416586996,0
-7.146614518910242,-2.9106134245688384,0
-7.1482702667434594,-2.9115056409556637,0
-7.14912328361184,-2.9125047740830077,0
-7.149624913652708,-2.9116961296774235,0
-7.149323764831734,-2.9109943575726653,0
-7.149624913652708,-2.9116961296774235,0
-7.148822182687865,-2.9118030464179387,0
-7.14912328361184,-2.9125047740830077,0
-7.150227067603652,-2.913099540567867,0
-7.1513808740655,-2.914800112502295,0
-7.152584128233387,-2.917605956610007,0
-7.153234963538361,-2.920113928638701,0
-7.153885224079339,-2.922621367391116,0
-7.155086370779216,-2.925425256152476,0
-7.155484044110755,-2.9283353728391575,0
-7.156132412720224,-2.9308410562238247,0
-7.157582865685034,-2.933239222932162,0
-7.15898480493531,-2.9345329840411623,0
-7.158781138564904,-2.936040445312127,0
-7.157726898073127,-2.9365510398799337,0
-7.157978479445564,-2.9361474287121787,0
-7.157978479445564,-2.9361474287121787,0
-7.157175868223224,-2.9362544565519215,0
-7.157175868223224,-2.9362544565519215,0
-7.15662483837332,-2.9359578732239076,0
-7.156421195951416,-2.9374653567147178,0
-7.1564689912109465,-2.9385690957187034,0
-7.157870068315222,-2.93986205691329,0
-7.157665922974814,-2.9413690737873566,0
-7.156863455443475,-2.9414762349461654,0
-7.1582167372882175,-2.9416654571367644,0
-7.159522726791931,-2.9407514069401177,0
-7.159774451855368,-2.940347929091434,0
-7.160026176918804,-2.9399444512427504,0
-7.159223541747965,-2.9400514568626477,0
-7.160577110974707,-2.9402409456913823,0
-7.162025312780512,-2.942637023734296,0
-7.162529002392385,-2.9418302902353766,0
-7.163583650008663,-2.9413200734049365,0
-7.163536381616134,-2.940216823237538,0
-7.16564596423069,-2.9391966562147935,0
-7.16830712751065,-2.938473583576494,0
-7.172276339865332,-2.936838371648218,0
-7.175443228379673,-2.93531045419782,0
-7.177003361745329,-2.9339951703568286,0
-7.179115387106894,-2.9329772697582666,0
-7.1817322995053345,-2.931153746653033,0
-7.1843497866677755,-2.9293307568240756,0
-7.186967848594222,-2.927508300271402,0
-7.190186148591602,-2.9270874770215727,0
-7.192600376508142,-2.9267723262009486,0
-7.1939102935658665,-2.925861920058871,0
-7.197035733173194,-2.9232361518633923,0
-7.1991039626747355,-2.9211182229749504,0
-7.20122001138431,-2.920104055310338,0
-7.203889341102796,-2.919388559639163,0
-7.205958768029342,-2.917271741742965,0
-7.2069697874251,-2.915661652161555,0
-7.208233561669799,-2.913649040184792,0
-7.208943959111586,-2.9113376673352143,0
-7.212072943096924,-2.908715187676787,0
-7.214444213350943,-2.9073007862608495,0
-7.215961173517583,-2.9048860518459456,0
-7.218445169228112,-2.9023029296513325,0
-7.220823839672843,-2.9000625536068725,0
-7.222094580983855,-2.8972230882301986,0
-7.2244733039550635,-2.8949830745059657,0
-7.225993914072654,-2.8928666248805843,0
-7.226298036096173,-2.8924433349555105,0
-7.226048110385907,-2.8917199266906337,0
-7.226352228032219,-2.8912966065722046,0
-7.225048320000715,-2.8888256897640776,0
-7.225960620413172,-2.8875553670885665,0
-7.224352472173573,-2.8855069249850036,0
-7.224656554802232,-2.885083363319758,0
-7.225210646308083,-2.885383783593083,0
-7.224102463296383,-2.884782943046435,0
-7.226068829197004,-2.885260702587864,0
-7.227122907816786,-2.887008875384863,0
-7.225960620413172,-2.8875553670885665,0
-7.226264720550658,-2.88713192619673,0
-7.225960620413172,-2.8875553670885665,0
-7.226514698787401,-2.8878556967818323,0
-7.2265688206881435,-2.886708485304892,0
-7.226818803302093,-2.8874322860833495,0
-7.226264720550658,-2.88713192619673,0
-7.225710637799222,-2.8868315663101107,0
-7.225156555047787,-2.8865312064234896,0
-7.225710637799222,-2.8868315663101107,0
-7.225156555047787,-2.8865312064234896,0
-7.224852463664715,-2.8869547077020314,0
-7.225156555047787,-2.8865312064234896,0
-7.224852463664715,-2.8869547077020314,0
-7.225406542038943,-2.887255037395299,0
-7.225156555047787,-2.8865312064234896,0
-7.2257647378139325,-2.885684203866406,0
-7.225514733313949,-2.8849602521211875,0
-7.224710619799289,-2.8839357593292387,0
-7.225264720059551,-2.884236239989267,0
-7.228447499641733,-2.883020326543406,0
-7.2265891105329985,-2.880246302253603,0
-7.226393035336669,-2.878373810523943,0
-7.229879950073987,-2.876734697733065,0
-7.232258620518717,-2.874494321688605,0
-7.235441702128151,-2.873280491584053,0
-7.236908225362654,-2.8723114949824318,0
-7.239233132837579,-2.8712208062697986,0
-7.242720625366163,-2.8695856790014176,0
-7.2453498387072806,-2.8680729684845048,0
-7.248533463090324,-2.8668628823556297,0
-7.250858720741776,-2.8657746091111793,0
-7.254042572739559,-2.864566093036622,0
-7.25778094083223,-2.86366092599056,0
-7.261769685487438,-2.863482277124657,0
-7.265204185434569,-2.8630021512181028,0
-7.264399559786746,-2.861974125803936,0
-7.266975513536811,-2.861614574854361,0
-7.2696055673015865,-2.8601076614610808,0
-7.272181691762709,-2.859749288052244,0
-7.273953177444386,-2.8583627986491837,0
-7.276279205484187,-2.85727983943473,0
-7.279213845256376,-2.855352836611715,0
-7.282703149948469,-2.8537302093911716,0
-7.285333733355237,-2.852226949393515,0
-7.288268705795122,-2.8503022412652754,0
-7.290899473044565,-2.8488002493884146,0
-7.292367046808638,-2.8478384991913384,0
-7.293279990670458,-2.8465726149386086,0
-7.294497249152884,-2.8448847692683046,0
-7.297128213376619,-2.843384136092297,0
-7.298095112805331,-2.84096989301524,0
-7.300171447126815,-2.8391651257835804,0
-7.301388740626893,-2.8374775216600927,0
-7.302051259776901,-2.835484787100329,0
-7.3035728547659655,-2.83337513097921,0
-7.303680503267359,-2.8310766017294196,0
-7.306007406748469,-2.8299996811854164,0
-7.306669833977141,-2.8280063125652575,0
-7.308191407080173,-2.8258965054773757,0
-7.310267872717851,-2.8240926440462832,0
-7.312344382127597,-2.8222890845487125,0
-7.313561675627675,-2.8206014804252266,0
-7.315083292502772,-2.8184919752708684,0
-7.3171061965221496,-2.8178391900658077,0
-7.320239113225558,-2.81779986622864,0
-7.32251277900165,-2.8178762562187387,0
-7.325950255449232,-2.8174166617917216,0
-7.329083474179896,-2.817379421295861,0
-7.331966176277408,-2.8166146964325662,0
-7.335099609491191,-2.8165789354109663,0
-7.337373642952632,-2.8166578616426516,0
-7.340202796563462,-2.8170443035854493,0
-7.341617399632115,-2.817237705716961,0
-7.344446658295903,-2.8176248723002093,0
-7.34672089748605,-2.8177052176194515,0
-7.349245771493926,-2.8185138625266397,0
-7.35091105315237,-2.8194358661796173,0
-7.351716703066526,-2.8204709568382125,0
-7.352522335471858,-2.8215059267234004,0
-7.353023395001395,-2.8229610766183786,0
-7.3554941996350065,-2.824917295322738,0
-7.355135526744505,-2.8264848377762313,0
-7.357355762218487,-2.827713209792929,0
-7.355995171620411,-2.826371841350669,0
-7.3568007033499905,-2.8274061167887545,0
-7.355744690004917,-2.8256445985300545,0
-7.35544010837471,-2.826064718153143,0
-7.354939127634888,-2.8246101117385045,0
-7.354634554759095,-2.8250302917482983,0
-7.357822687664886,-2.823851304772253,0
-7.3598466509682465,-2.823205826358441,0
-7.362479873830561,-2.821720772952199,0
-7.365363714001777,-2.820963898360496,0
-7.368856918784905,-2.8193681734168177,0
-7.3708811709839,-2.818724687764254,0
-7.372654924058567,-2.817353838517665,0
-7.375539145046752,-2.8165995907476074,0
-7.3781729019282665,-2.8151182209303407,0
-7.379337478610903,-2.814587520349871,0
-7.381666684502659,-2.8135264815091645,0
-7.384300647112882,-2.8120465307794547,0
-7.386684079958335,-2.8098390051022566,0
-7.388207535260182,-2.807742181155847,0
-7.3891756340434895,-2.8053362110573143,0
-7.389588310650157,-2.8026206419063637,0
-7.389445499422084,-2.7995950208027196,0
-7.390467291139892,-2.7960388802787204,0
-7.391739770201903,-2.7932114016628944,0
-7.391291952754594,-2.790602971427168,0
-7.392008782025223,-2.7874643237046115,0
-7.393585658874765,-2.7842154573448976,0
-7.39485785341835,-2.781386016161173,0
-7.395825378787599,-2.77897609073349,0
-7.3962372587426755,-2.776255026392432,0
-7.398064906103347,-2.773735395614583,0
-7.3984766459878095,-2.771013365086251,0
-7.399443970005558,-2.7686020507643647,0
-7.400966943814686,-2.766501905549207,0
-7.404766279759139,-2.7644967494291457,0
-7.4077054280540695,-2.762600845758957,0
-7.409677309234939,-2.7631166489242425,0
-7.411953859590145,-2.7632129363334794,0
-7.415646671975285,-2.7635140691547377,0
-7.419393190426549,-2.7626651221305885,0
-7.423086296084529,-2.7629682779064506,0
-7.426528429879877,-2.7625408092062393,0
-7.429665964536196,-2.762533339355711,0
-7.431691893205297,-2.7619014177570627,0
-7.435995020056172,-2.7613702521837915,0
-7.441159061172854,-2.7607348462571117,0
-7.446628239824972,-2.7596831552630814,0
-7.446628239824972,-2.7596831552630814,0
-7.450071336605763,-2.7592623291003715,0
-7.452044045078669,-2.7597838388092306,0
-7.4540167798148165,-2.7603055296782024,0
-7.459737884560593,-2.7599910453110397,0
-7.461710754990142,-2.7605136721739303,0
-7.465656574638958,-2.7615594693800567,0
-7.469907461787907,-2.7621884984252,0
-7.472436494142003,-2.7630258270170387,0
-7.475216581525651,-2.764594353758639,0
-7.477996668909302,-2.7661628805002376,0
-7.482193845614923,-2.767941959197433,0
-7.4843638023755155,-2.7703440524543588,0
-7.48856100096717,-2.772123282118315,0
-7.493009140781009,-2.7746329249048767,0
-7.4974572805948485,-2.777142567691433,0
-7.5036278967668695,-2.779448198387316,0
-7.5077708508960015,-2.7823737941143527,0
-7.510747144792176,-2.7858157183861803,0
-7.5155005359488225,-2.7879098611325457,0
-7.518585944710583,-2.7890633709275896,0
-7.524200867319161,-2.7910575305832204,0
-7.5275918075649475,-2.7917974727126165,0
-7.53123344828656,-2.7932661673302412,0
-7.539433337313486,-2.7949629441486064,0
-7.541963083152249,-2.7958051942568627,0
-7.542824653999039,-2.7957054829062997,0
-7.544602762394222,-2.7943646760452125,0
-7.5491064554553455,-2.795736980581019,0
-7.550524196981093,-2.7959520313461006,0
-7.554722481119971,-2.7977387489614216,0
-7.557808607743608,-2.7988972104662366,0
-7.561395741370303,-2.8015104595458045,0
-7.564121054649434,-2.8042216989548567,0
-7.566595855672622,-2.8062054841898316,0
-7.569320993863493,-2.8089155158647916,0
-7.572296364169087,-2.812351069339295,0
-7.574159436888829,-2.815157400516018,0
-7.576328159277172,-2.817550979247603,0
-7.57429874635166,-2.81815886693785,0
-7.576578422032341,-2.818276712400605,0
-7.574854781337214,-2.8184726930595794,0
-7.57732915777137,-2.8204535495393817,0
-7.575855744813763,-2.8213750218045384,0
-7.578441218988068,-2.821081141396137,0
-7.579859096207221,-2.8212971281551393,0
-7.582389069660723,-2.8221409483177133,0
-7.585169266474537,-2.82371022989312,0
-7.5896733140893895,-2.8250849800904607,0
-7.593871567587823,-2.826871486352312,0
-7.598681777004445,-2.8278370167267344,0
-7.6020740435438166,-2.8285861074418666,0
-7.60571648529423,-2.830060327442954,0
-7.607634787347966,-2.8317270860608588,0
-7.6107211941128226,-2.8328874799402186,0
-7.613001526374484,-2.833009854405814,0
-7.616700173575955,-2.8333512349656385,0
-7.617562348477247,-2.833255690297685,0
-7.618980641531019,-2.833474545425153,0
-7.620148925707603,-2.832969418614052,0
-7.621317227393015,-2.8324644125763587,0
-7.623041682248558,-2.8322740478809045,0
-7.625072281397042,-2.831674342589121,0
-7.627909130136983,-2.832113864445196,0
-7.630552122924314,-2.8306962026012066,0
-7.634557649789426,-2.8306333150478817,0
-7.637757093396933,-2.8295323476940855,0
-7.64095666832064,-2.828432286140858,0
-7.644712637160836,-2.8276485265642446,0
-7.646493722056471,-2.826328251182696,0
-7.64938743720566,-2.825639492793698,0
-7.651112487361293,-2.8254532343941534,0
-7.653143808748858,-2.824858511005493,0
-7.654562692725518,-2.8250814422355166,0
-7.654868937694212,-2.82467279608629,0
-7.656594101657214,-2.824487322713903,0
-7.658319300637869,-2.8243020908883327,0
-7.66176980365214,-2.8239323518776516,0
-7.664357772834179,-2.823655681680039,0
-7.666083129394269,-2.823471536815152,0
-7.668977544896506,-2.822787609362514,0
-7.671565737316078,-2.8225124790258658,0
-7.673597579591225,-2.821921348646125,0
-7.6756294743928475,-2.821330580586613,0
-7.676185916458612,-2.8216472146901026,0
-7.676492266480264,-2.8212392931813284,0
-7.67643600412552,-2.8223717401090127,0
-7.676798616501915,-2.820831371672556,0
-7.675879566436962,-2.822055136198877,0
-7.675935820037292,-2.8209226288844853,0
-7.677104966523567,-2.82042345016378,0
-7.678274130518667,-2.819924392216482,0
-7.678636716631822,-2.8183838426199124,0
-7.678999276481737,-2.816843111863225,0
-7.679668151335654,-2.814894218050947,0
-7.6797243173918535,-2.8137611068695136,0
-7.679780465939224,-2.812627874914668,0
-7.679836596977773,-2.8114945221864147,0
-7.6800867984520504,-2.8122198326324863,0
-7.679530268842154,-2.8119025946619516,0
-7.681005795990524,-2.8109957057859365,0
-7.681980893927101,-2.808638014857669,0
-7.685989117151447,-2.80859372640934,0
-7.688884316173652,-2.807915203566756,0
-7.693199239596175,-2.8074654090778317,0
-7.696651335913629,-2.8071066604473724,0
-7.700159747112302,-2.805615827209458,0
-7.703361887079045,-2.8045334589606554,0
-7.7068706003049705,-2.8030447090640447,0
-7.7109362108261434,-2.8018757333795623,0
-7.714695554492588,-2.801115252877544,0
-7.716365839298118,-2.8020717675321585,0
-7.718092360195151,-2.8018956540989723,0
-7.720625957975673,-2.8027644743572218,0
-7.723772658502504,-2.802820229386331,0
-7.726306361335986,-2.8036897742850346,0
-7.728589867072396,-2.8038340389310186,0
-7.730566847698891,-2.804385017351688,0
-7.735440699440497,-2.8042690067903386,0
-7.738587872705635,-2.804328022701492,0
-7.742905291135888,-2.8038954384233588,0
-7.7466095980654215,-2.8042758589876584,0
-7.749757147770322,-2.8043374715271057,0
-7.751734509213788,-2.8048910767694224,0
-7.767765964415823,-2.844836835892462,0
-7.770414078534817,-2.843454500270619,0
-7.7713349538949,-2.8422433263721913,0
-7.77336924740571,-2.8416691042697195,0
-7.774290149029034,-2.8404581115314063,0
-7.776324521329563,-2.8398844329092707,0
-7.778051961439974,-2.8397146600800642,0
-7.779165449626007,-2.840352094969653,0
-7.78022166869979,-2.8421150323159097,0
-7.78041409330586,-2.8439623427897818,0
-7.782640982133795,-2.845236608701919,0
-7.783140343307191,-2.8466800435762174,0
-7.784753078859252,-2.848760128312952,0
-7.784638216721468,-2.851008898918213,0
-7.786250794694094,-2.853087896694264,0
-7.786442869123637,-2.854932791699955,0
-7.787191543198385,-2.857095407769819,0
-7.787325897663404,-2.8600626953168895,0
-7.789494764499565,-2.8624572704291023,0
-7.7893794033602335,-2.8647025989922046,0
-7.790069976653487,-2.8679849807818005,0
-7.791432541371714,-2.8693399664259314,0
-7.791432541371714,-2.8693399664259314,0
-7.791548077599308,-2.8670958455969178,0
-7.792046904753505,-2.868535596882243,0
-7.791548077599308,-2.8670958455969178,0
-7.792296305198983,-2.869255381944848,0
-7.793658852408387,-2.87061024681557,0
-7.793102274649217,-2.8702926767181616,0
-7.79254569689005,-2.8699751066207497,0
-7.791989119130882,-2.8696575365233414,0
-7.7949454435843055,-2.8678801115674375,0
-7.797844087468067,-2.8672253508930847,0
-7.800435615319028,-2.8669732278908615,0
-7.800186197364724,-2.866253322054847,0
-7.8013572785762895,-2.865767488795841,0
-7.798516280244545,-2.865299343641823,0
-7.800186197364724,-2.866253322054847,0
-7.798209076667617,-2.8657013774469053,0
-7.7998789806561755,-2.8666552652798725,0
-7.798209076667617,-2.8657013774469053,0
-7.7998789806561755,-2.8666552652798725,0
-7.797844087468067,-2.8672253508930847,0
-7.8007428364047815,-2.8665713148591863,0
-7.803392263685739,-2.865198037243026,0
-7.8054850956987,-2.8635070687560447,0
-7.808134676181883,-2.8621348479072104,0
-7.811341070793388,-2.8610818275968093,0
-7.814298113108688,-2.8593093543506765,0
-7.818003737577392,-2.8596988631140086,0
-7.820961042525086,-2.8579282014690133,0
-7.824916439501828,-2.8590400617298926,0
-7.827259363558903,-2.8580736488551732,0
-7.830159193665635,-2.857427070579284,0
-7.832252769803708,-2.8557412349621885,0
-7.835460149286689,-2.854695008156048,0
-7.8383024257627465,-2.8551719697689233,0
-7.842508054854211,-2.8570093518293405,0
-7.845408423357353,-2.856366487335782,0
-7.845715845794607,-2.8559659631983116,0
-7.84627276059868,-2.8562858581838455,0
-7.845715845794607,-2.8559659631983116,0
-7.8465801874131405,-2.855885364239729,0
-7.845715845794607,-2.8559659631983116,0
-7.8430649477722545,-2.8573290958481152,0
-7.843372361455096,-2.8569285113239413,0
-7.8465801874131405,-2.855885364239729,0
-7.845715845794607,-2.8559659631983116,0
-7.846023268231863,-2.855565439060843,0
-7.847502467856526,-2.854683882407379,0
-7.849788144687384,-2.854843122956085,0
-7.852131821623986,-2.8538819033379568,0
-7.854475568595891,-2.8529211668134646,0
-7.857625897826947,-2.8530019521315992,0
-7.861083824583521,-2.852683421046354,0
-7.865098915644941,-2.8526865059677267,0
-7.86911418179462,-2.8526907986231844,0
-7.87393617465127,-2.8537376095018967,0
-7.8778936901959815,-2.854864083345273,0
-7.881851310793649,-2.855991281829102,0
-7.886366117582195,-2.8574402472863056,0
-7.889151523271802,-2.859045458950904,0
-7.8916875372703394,-2.8599309459396025,0
-7.894531293242212,-2.8604181129055473,0
-7.897624493431628,-2.8616253668676173,0
-7.899852888018616,-2.862910019292931,0
-7.901216424476699,-2.864271707861265,0
-7.905174561584741,-2.86540246916066,0
-7.90999773190995,-2.8664574020511324,0
-7.914762512558033,-2.86863010790009,0
-7.915070363961531,-2.868232542711141,0
-7.91501177731011,-2.869348956968775,0
-7.915070363961531,-2.868232542711141,0
-7.915070363961531,-2.868232542711141,0
-7.915070363961531,-2.868232542711141,0
-7.915627488871517,-2.8685538869775833,0
-7.915070363961531,-2.868232542711141,0
-7.915627488871517,-2.8685538869775833,0
-7.916800334097323,-2.868080221639538,0
-7.919893884463264,-2.8692898910697924,0
-7.9265795409625355,-2.8731471092277836,0
-7.927752556899399,-2.872674621430477,0
-7.930039901445951,-2.8728453656464,0
-7.934306769776006,-2.873584630620652,0
-7.938822968516233,-2.8750431975638744,0
-7.943280388007954,-2.8776168502572315,0
-7.946374341076897,-2.878829297475896,0
-7.9516970826814175,-2.8813291145215736,0
-7.955407395138336,-2.8817509603651796,0
-7.958003414003215,-2.881529815742377,0
-7.960848579435597,-2.8820267049677497,0
-7.965057316343712,-2.8838855243082726,0
-7.968151654606829,-2.885100628541931,0
-7.9713052579883845,-2.8852039984875617,0
-7.974897701166621,-2.887853872103422,0
-7.976012178601334,-2.8884981306906248,0
-7.977932848723816,-2.890181223912105,0
-7.979853483828643,-2.8918640755867653,0
-7.982271878049274,-2.8949793113688003,0
-7.985306824254969,-2.8973052742832746,0
-7.9897645238879065,-2.8998808593511782,0
-7.9919337627866245,-2.902278000898331,0
-7.992063249797964,-2.905211713437687,0
-7.994789438518405,-2.9079289915171938,0
-7.995784256396958,-2.9107889287955793,0
-7.9974557230482555,-2.911753595655302,0
-7.996530277884537,-2.9129332476939673,0
-7.997644562722161,-2.9135761777736704,0
-7.998510199993834,-2.9135045160473574,0
-7.998818694846695,-2.913111389281193,0
-7.998818694846695,-2.913111389281193,0
-7.998570034149118,-2.9123967068951178,0
-7.998261543673466,-2.912789863854636,0
-7.997644562722161,-2.9135761777736704,0
-7.998261543673466,-2.912789863854636,0
-7.99937584601992,-2.913432914707748,0
-8.00049014836637,-2.91407596556086,0
-8.00302727855258,-2.914969151854386,0
-8.005504508925402,-2.9169696943998638,0
-8.008538842322178,-2.919291430245025,4
-8.010707385245055,-2.921683771049169,4
-8.01658740496179,-2.9245059891286225,4
-8.019561392070115,-2.9279320015038053,4
-8.020863846869045,-2.930392894118981,4
-8.02191779417263,-2.932140161115413,4
-8.02166938297583,-2.931427199750418,4
-8.021172534318993,-2.930001095860316,4
-8.020924096858955,-2.9292879533352068,4
-8.020924096858955,-2.9292879533352068,4
-8.020058293253435,-2.9293584677141347,4
-8.020924096858955,-2.9292879533352068,4
-8.020366971948969,-2.928966609068766,4
-8.020924096858955,-2.9292879533352068,4
-8.020366971948969,-2.928966609068766,4
-8.020924096858955,-2.9292879533352068,4
-8.021729654851772,-2.9303224099334066,4
-8.021420963024617,-2.93071417799872,4
-8.022843895917331,-2.930965038079586,4
-8.0231525964989,-2.9305733304009767,4
-8.024206543802485,-2.9323205973974087,4
-8.025569165424399,-2.933675975555115,4
-8.025877892269206,-2.9332844490366217,4
-8.02618661911401,-2.9328929225181266,4
-8.02674373964679,-2.9332142365912173,4
-8.027300860179569,-2.933535550664308,4
-8.027857980712351,-2.9338568647373986,4
-8.02760959577879,-2.9331440845325165,4
-8.02760959577879,-2.9331440845325165,4
-8.02791833137801,-2.932752618400727,4
-8.028784200641631,-2.9326825569220816,4
-8.033241269956827,-2.9352537941472594,4
-8.038255472936422,-2.9381464360255816,4
-8.043330241064798,-2.9399363110414924,4
-8.049519451610234,-2.9423702030977896,0
-8.051687377346987,-2.9447582866392654,0
-8.055835566615148,-2.947719993615607,0
-8.057815943953926,-2.948294402077636,0
-8.06252122311442,-2.9515772117736,0
-8.06697832744727,-2.9541486905455923,0
-8.069703027917484,-2.9568557028853313,0
-8.070077056675037,-2.96047568586628,0
-8.071626158656525,-2.9636373719254863,0
-8.075216623337402,-2.9662735981461257,0
-8.078807026737387,-2.9689094016598343,0
-8.0793641034981,-2.9692304137993997,0
-8.080416969631672,-2.970970223037824,0
-8.083140960994427,-2.973672344054494,0
-8.085307796806749,-2.976052909451255,0
-8.08747454507494,-2.9784328709809724,0
-8.089641205799001,-2.9808122286436447,0
-8.091250754744692,-2.98287033261993,0
-8.09279862235394,-2.9860235041537972,0
-8.094036979598403,-2.9895627975961094,0
-8.093851843667716,-2.9928473662084603,0
-8.09515158022138,-2.9952895087518794,0
-8.094285273237107,-2.9953565508952966,0
-8.09533734709629,-2.99709089513696,0
-8.09533734709629,-2.99709089513696,0
-8.095646721767665,-2.9967038372346018,0
-8.09397591169735,-2.9957436993777122,0
-8.095089785077562,-2.9963837912823053,0
-8.097503215545965,-2.9994647878028715,0
-8.100535334076229,-3.0017712458117867,0
-8.103319929982622,-3.003370871706215,0
-8.106723459074441,-3.004197649916721,0
-8.110251121227515,-3.002839607042059,0
-8.110870080676179,-3.0020669405182474,0
-8.108208799919892,-3.0033584545364818,0
-8.11167451810412,-3.0030936676182662,0
-8.115387842079148,-3.003536286488231,0
-8.120277355465777,-3.003528307741277,8
-8.122567435766422,-3.0037179228023625,8
-8.12547669437606,-3.0031363810072484,8
-8.129809717547655,-3.00281143602993,8
-8.133089778913618,-3.005827624715149,8
-8.132408332722498,-3.0076898032197263,8
-8.1368021536613,-3.0113452987823752,8
-8.14063881904967,-3.0146792387251153,8
-8.14100854063598,-3.018269511447439,0
-8.145154567564106,-3.021216302907762,0
-8.149115917541753,-3.0223692261277204,0
-8.152704946498883,-3.0249955489288176,0
-8.152207144237497,-3.028644470042627,0
-8.156909757679205,-3.031908891987065,0
-8.157588136075013,-3.035107155097256,0
-8.161733545817015,-3.038049689294912,0
-8.165631918805076,-3.040288742840181,0
-8.164392161480995,-3.041821394679854,0
-8.168290411907272,-3.044059602811263,0
-8.16896804617797,-3.04725273305157,0
-8.170822373239027,-3.049998737910471,0
-8.171316052798325,-3.051402981813533,0
-8.174473556270915,-3.0515332540360305,0
-8.178124791829278,-3.053068132481812,0
-8.181035691891372,-3.052497913193797,0
-8.182086168070164,-3.054221236861885,0
-8.182149460218625,-3.053137280457932,0
-8.186357763783288,-3.054993110656582,0
-8.190566128628848,-3.0568493635621614,0
-8.194154203354948,-3.059469104212466,0
-8.198299100963787,-3.062408105787906,0
-8.201703986989637,-3.063244243937614,0
-8.205912500660219,-3.0651015234171695,0
-8.209070932100595,-3.065238196630345,0
-8.213033008694525,-3.0663961319467763,0
-8.216995190341418,-3.067554791903664,0
-8.220957477041265,-3.0687141765010075,0
-8.225412970562104,-3.071274544119367,0
-8.228635819093025,-3.0703350206201243,0
-8.23235190070817,-3.070796661302012,0
-8.23477147614809,-3.0688384421344477,0
-8.23477147614809,-3.0688384421344477,0
-8.238177377685858,-3.069681585141881,0
-8.242204322222609,-3.069766433661181,0
-8.245674400104555,-3.0695317193218177,0
-8.248523592566961,-3.070056386431272,0
-8.247656033701617,-3.070114793275941,0
-8.251372855064671,-3.0705815366343643,0
-8.255089807743921,-3.071049185793351,0
-8.2584963177134,-3.071896525676747,0
-8.261967008404268,-3.071666038406704,0
-8.264816621078499,-3.0721936040779774,0
-8.26822341994361,-3.0730429367226204,0
-8.270205412471604,-3.073628486531632,0
-8.273055217742925,-3.074157380710405,0
-8.27584086417889,-3.0757642530093783,0
-8.278872930182676,-3.0780703486980645,0
-8.281347823127202,-3.0800547679934365,0
-8.283822672299664,-3.082038885355283,0
-8.286051136921955,-3.083324020874235,0
-8.28796881303516,-3.0849864618427656,0
-8.289886454130713,-3.08664866126448,0
-8.288954036076962,-3.087780215292991,0
-8.291117851616765,-3.0901399472766897,0
-8.291856585055442,-3.0922339942435624,0
-8.293216948038777,-3.093573792631503,0
-8.296559356076585,-3.095499503148682,0
-8.299344696108092,-3.097104261912996,0
-8.3026871041459,-3.0990299724301753,0
-8.305472444177404,-3.100634731194491,0
-8.308257784208912,-3.102239489958805,0
-8.311108035955302,-3.102771463859508,0
-8.313893419758871,-3.1043765245573436,0
-8.316743785312632,-3.104909283485206,0
-8.31897212737314,-3.106193573590293,0
-8.31612172680173,-3.1056605731156157,0
-8.316186699797505,-3.1045882109589336,0
-8.315253625162772,-3.1057152359846043,8
-8.314450496519585,-3.1046975366969125,8
-8.314204431505496,-3.1040007589687306,8
-8.313958357736993,-3.103303920853845,8
-8.314826454998745,-3.103249227791503,8
-8.313336342998156,-3.1040555124177764,8
-8.311354118478217,-3.103468362361099,8
-8.307946811857148,-3.1026155272875897,8
-8.307078780253494,-3.1026706732502163,8
-8.30596466174972,-3.1020288905178965,8
-8.30503178408928,-3.1031572742444204,8
-8.303295790917275,-3.103268049263308,8
-8.301313741485599,-3.102682106940719,8
-8.287380207634463,-3.070723697800405,8
-8.286512267952148,-3.0707794778234287,8
-8.285644337024243,-3.0708353182331543,8
-8.284776414850752,-3.070891219029587,8
-8.284529912116007,-3.0701914219661806,8
-8.284529912116007,-3.0701914219661806,8
-8.284776414850752,-3.070891219029587,8
-8.285333622927665,-3.071213136969721,8
-8.284401480637928,-3.072346593179427,8
-8.285269394057003,-3.072290631996289,8
-8.28551587052851,-3.0729902478995843,8
-8.285205147677516,-3.0733680062494475,8
-8.288237541971794,-3.0756763664395557,8
-8.291580659117063,-3.077606968279799,8
-8.294366590071451,-3.0792158031466688,8
-8.29770970721672,-3.081146404986912,8
-8.300806483583887,-3.0823783269177856,8
-8.303035245856224,-3.0836655155846895,8
-8.304020486406852,-3.086459389808322,8
-8.307052618068738,-3.0887659383972945,8
-8.308659444391957,-3.0908052621084714,8
-8.31106955256059,-3.0938633418746733,8
-8.312922369485392,-3.096598930027044,0
-8.315889296159554,-3.0999762405250273,0
-8.318856038991044,-3.103352282902218,0
-8.319413146392204,-3.10367350639525,0
-8.318233971725729,-3.1041035121459206,0
-8.318856038991044,-3.103352282902218,0
-8.318856038991044,-3.103352282902218,0
-8.318609960845334,-3.1026554145939773,0
-8.319789139889014,-3.10222543903666,0
-8.319232019356235,-3.1019041249635713,0
-8.319232019356235,-3.1019041249635713,0
-8.319232019356235,-3.1019041249635713,0
-8.318674898823456,-3.101582810890479,0
-8.316938625510232,-3.10169165353482,0
-8.315759490238618,-3.102121931025664,0
-8.314580372475827,-3.102552329289912,0
-8.313401272221867,-3.1029828483275725,0
-8.312779266237444,-3.1037345002782093,0
-8.312714328259322,-3.1048071039817096,0
-8.313517448148094,-3.105824742882696,0
-8.313763491276152,-3.106521369644115,0
-8.314320550528041,-3.106842261010275,0
-8.314566580524478,-3.107538797191639,0
-8.31512363539916,-3.107859658364445,0
-8.315991728283706,-3.1078049351087493,0
-8.315991728283706,-3.1078049351087493,0
-8.315991728283706,-3.1078049351087493,0
-8.316859829922663,-3.1077502722397607,0
-8.317416893551759,-3.1080711937992707,0
-8.31797395718085,-3.1083921153587823,0
-8.319088084439043,-3.109033958477804,0
-8.320202211697232,-3.1096758015968256,0
-8.32131633895542,-3.110317644715847,0
-8.322430466213612,-3.1109594878348688,0
-8.322676439306363,-3.11165563150265,0
-8.323544593471802,-3.111601330953892,0
-8.324101657100895,-3.111922252513402,0
-8.32441275639165,-3.1115470907918326,0
-8.324969824397952,-3.111868042544696,0
-8.32583800044942,-3.1118138929626955,0
-8.326460216539758,-3.1110636902929674,0
-8.326771324584925,-3.1106885889581015,0
-8.327393540675263,-3.1099383862883734,0
-8.327147550073683,-3.1092421218471813,0
-8.327212650008448,-3.108170635297718,0
-8.327277732434386,-3.107099027974842,0
-8.326720616278811,-3.106777744095103,0
-8.326720616278811,-3.106777744095103,0
-8.32640952574247,-3.107152966203376,0
-8.32616350012324,-3.1064564602153677,0
-8.325606383967664,-3.106135176335627,0
-8.32640952574247,-3.107152966203376,0
-8.325541327804967,-3.1072069648186176,0
-8.325541327804967,-3.1072069648186176,0
-8.325295302185735,-3.1065104588306056,0
-8.325295302185735,-3.1065104588306056,0
-8.324984220403806,-3.106885741325584,0
-8.324116035597923,-3.1069398305208793,0
-8.323870005601485,-3.1062432943395173,0
-8.32306685507227,-3.105225444085063,0
-8.32188762350211,-3.1056550573221546,0
-8.321019464959466,-3.1057093276775642,0
-8.319594220901692,-3.105442525506703,0
-8.318480032362613,-3.1048002596807507,0
-8.318480032362613,-3.1048002596807507,0
-8.317054814568081,-3.104533638670002,0
-8.317987902334433,-3.1034067042243887,0
-8.317430799310479,-3.103085510924707,0
-8.317741824188722,-3.1027098359161496,0
-8.31600557713874,-3.102818859720605,0
-8.316562675785487,-3.103140022826933,0
-8.3174957372886,-3.102012907221205,0
-8.318298931589883,-3.1030310594091848,0
-8.317987902334433,-3.1034067042243887,0
-8.317430799310479,-3.103085510924707,0
-8.317987902334433,-3.1034067042243887,0
-8.316808749553992,-3.1038368609418185,0
-8.31587567491926,-3.104963885967491,0
-8.319037126632153,-3.105121392593727,0
-8.319037126632153,-3.105121392593727,0
-8.317054814568081,-3.104533638670002,0
-8.316743785312632,-3.104909283485206,0
-8.314761512643418,-3.1043218013016514,0
-8.31625165528445,-3.1035157280288423,0
-8.314761512643418,-3.1043218013016514,0
-8.315940634783413,-3.1038914332307517,0
-8.315007573280301,-3.1050185488364797,0
-8.316497724675749,-3.104212535950376,0
-8.316808749553992,-3.1038368609418185,0
-8.316186699797505,-3.1045882109589336,0
-8.316186699797505,-3.1045882109589336,0
-8.316186699797505,-3.1045882109589336,0
-8.31587567491926,-3.104963885967491,0
-8.314696552779262,-3.1053942540383908,0
-8.313828464271925,-3.105449007487435,0
-8.311846257260811,-3.1048619782041644,0
-8.31122425127639,-3.105613630154801,0
-8.31147029878165,-3.1063102871095722,0
-8.310291242299755,-3.1067411080807545,0
-8.310913248284177,-3.105989456130118,0
-8.309799147289226,-3.1053477941712107,0
-8.309799147289226,-3.1053477941712107,0
-8.310045199171698,-3.1060444813193335,0
-8.308931106931162,-3.105402879747132,0
-8.308685046294276,-3.1047061322123017,0
-8.30948815305143,-3.1057236805332344,0
-8.30948815305143,-3.1057236805332344,0
-8.309242096791753,-3.105026963191758,0
-8.308931106931162,-3.105402879747132,0
-8.310667196401708,-3.105292768981995,0
-8.309242096791753,-3.105026963191758,0
-8.308685046294276,-3.1047061322123017,0
-8.308931106931162,-3.105402879747132,0
-8.309242096791753,-3.105026963191758,0
-8.308685046294276,-3.1047061322123017,0
-8.308127995796802,-3.104385301232849,0
-8.308063075327505,-3.1054580257097566,0
-8.306884071372085,-3.105889209001168,0
-8.308620117070568,-3.105778796302509,0
-8.310602245291966,-3.106365282105436,0
-8.31147029878165,-3.1063102871095722,0
-8.313271396265623,-3.1051280557345713,0
-8.313582408012248,-3.1047522901459583,0
-8.313582408012248,-3.1047522901459583,0
-8.314450496519585,-3.1046975366969125,0
-8.314450496519585,-3.1046975366969125,0
-8.314450496519585,-3.1046975366969125,0
-8.313582408012248,-3.1047522901459583,0
-8.313582408012248,-3.1047522901459583,0
-8.313582408012248,-3.1047522901459583,0
-8.314450496519585,-3.1046975366969125,0
-8.314761512643418,-3.1043218013016514,0
-8.314515443252121,-3.103624993380116,0
-8.314515443252121,-3.103624993380116,0
-8.313090269229654,-3.103358674302891,0
-8.31104312424042,-3.103844248723121,0
-8.309307017261045,-3.1039542387148487,0
-8.308063075327505,-3.1054580257097566,0
-8.308866164575832,-3.1064754532572785,0
-8.308309127209977,-3.106154712857883,0
-8.307998137349387,-3.1065306294132586,0
-8.307441104360734,-3.1062099192072115,0
-8.308063075327505,-3.1054580257097566,0
-8.307195052478265,-3.105513232059087,0
-8.307195052478265,-3.105513232059087,0
-8.305770005394788,-3.105247788589079,0
-8.30639195009832,-3.1044957139315095,0
-8.307570945299325,-3.1040644702533946,0
-8.30694899184138,-3.1048164845242585,0
-8.30694899184138,-3.1048164845242585,0
-8.308620117070568,-3.105778796302509,0
-8.30843897690298,-3.10400932429077,0
-8.307506033584444,-3.1051372551170076,0
-8.307817014690622,-3.1047612781749265,0
-8.307817014690622,-3.1047612781749265,0
-8.30639195009832,-3.1044957139315095,0
-8.308127995796802,-3.104385301232849,0
-8.308685046294276,-3.1047061322123017,0
-8.30843897690298,-3.10400932429077,0
-8.30701389480185,-3.10374363927394,0
-8.307570945299325,-3.1040644702533946,0
-8.307259968570353,-3.1044404773888257,0
-8.307881922028297,-3.1036884631179635,0
-8.307324867153616,-3.1033676019451573,0
-8.307324867153616,-3.1033676019451573,0
-8.30819289875727,-3.1033124559825325,0
-8.30819289875727,-3.1033124559825325,0
-8.308503875486242,-3.1029364488470996,0
-8.30961800274443,-3.1035782919661195,0
-8.309060939115337,-3.1032573704066095,0
-8.310175066373528,-3.103899213525633,0
-8.30961800274443,-3.1035782919661195,0
-8.30961800274443,-3.1035782919661195,0
-8.309864076512936,-3.1042751300810085,0
-8.310486056234119,-3.103523296970259,0
-8.31104312424042,-3.103844248723121,0
-8.311911190861725,-3.103789344307314,0
-8.311535254268598,-3.1052378041794846,0
-8.312960384518998,-3.105503821323186,0
-8.314450496519585,-3.1046975366969125,0
-8.314450496519585,-3.1046975366969125,0
-8.314942600284528,-3.106090910993162,0
-8.314696552779262,-3.1053942540383908,0
-8.314385532278227,-3.1057699592402965,0
-8.314385532278227,-3.1057699592402965,0
-8.314385532278227,-3.1057699592402965,0
-8.31407451177719,-3.106145664442206,0
-8.313582408012248,-3.1047522901459583,0
-8.312649372772375,-3.105879586911799,0
-8.314320550528041,-3.106842261010275,0
-8.313452470775115,-3.1068970748460245,0
-8.31407451177719,-3.106145664442206,0
-8.313763491276152,-3.106521369644115,0
-8.314009525649796,-3.1072179360188326,0
-8.313141450274076,-3.107272780047934,0
-8.313206432024263,-3.106200478277957,0
-8.312895415900432,-3.10657621367322,0
-8.312338361025752,-3.1062553525004137,0
-8.311716337532502,-3.1070068836776397,0
-8.313141450274076,-3.107272780047934,0
-8.3125843997766,-3.106951949068481,0
-8.312895415900432,-3.10657621367322,0
-8.3125843997766,-3.106951949068481,0
-8.313452470775115,-3.1068970748460245,0
-8.312960384518998,-3.105503821323186,0
-8.31302533562874,-3.104431308199743,0
-8.312338361025752,-3.1062553525004137,0
-8.314320550528041,-3.106842261010275,0
-8.313517448148094,-3.105824742882696,0
-8.313336342998156,-3.1040555124177764,0
-8.312714328259322,-3.1048071039817096,0
-8.31302533562874,-3.104431308199743,0
-8.31302533562874,-3.104431308199743,0
-8.313958357736993,-3.103303920853845,0
-8.313582408012248,-3.1047522901459583,0
-8.314696552779262,-3.1053942540383908,0
-8.312714328259322,-3.1048071039817096,0
-8.311354118478217,-3.103468362361099,0
-8.312468263245233,-3.1041103262535277,0
-8.31284418670674,-3.1026617758013,0
-8.313401272221867,-3.1029828483275725,0
-8.313712275214078,-3.102607022352256,0
-8.312779266237444,-3.1037345002782093,0
-8.31302533562874,-3.104431308199743,0
-8.309928988227815,-3.103202345217392,0
-8.311354118478217,-3.103468362361099,0
-8.31122425127639,-3.105613630154801,0
-8.310602245291966,-3.106365282105436,0
-8.31122425127639,-3.105613630154801,0
-8.312338361025752,-3.1062553525004137,0
-8.311159291412235,-3.106686082891539,0
-8.312027349279127,-3.1066311180890267,0
-8.310667196401708,-3.105292768981995,0
-8.312092313520488,-3.105558695545641,0
-8.31104312424042,-3.103844248723121,0
-8.311600192246722,-3.1041652004759843,0
-8.311600192246722,-3.1041652004759843,0
-8.314139480395756,-3.1050732720921737,0
-8.316743785312632,-3.104909283485206,0
-8.318415041858014,-3.1058725010640202,0
-8.319283174137418,-3.105818049548496,0
-8.318415041858014,-3.1058725010640202,0
-8.318415041858014,-3.1058725010640202,0
-8.317857956342888,-3.1055514285377495,0
-8.316743785312632,-3.104909283485206,0
-8.316989837195102,-3.1056059706333308,0
-8.316743785312632,-3.104909283485206,0
-8.31587567491926,-3.104963885967491,0
-8.317054814568081,-3.104533638670002,0
-8.315072528767248,-3.1039460659063884,0
-8.312533188091734,-3.103037631969972,0
-8.311354118478217,-3.103468362361099,0
-8.313336342998156,-3.1040555124177764,0
-8.313582408012248,-3.1047522901459583,0
-8.312649372772375,-3.105879586911799,0
-8.313271396265623,-3.1051280557345713,0
-8.312714328259322,-3.1048071039817096,0
-8.315564650041015,-3.105339560976047,0
-8.316432756057182,-3.105284928300412,0
-8.316743785312632,-3.104909283485206,0
-8.317300870827758,-3.105230356011477,0
-8.317546918333022,-3.1059270129662515,0
-8.317235880323159,-3.10630259739475,0
-8.31984026402975,-3.1061391522681223,0
-8.317546918333022,-3.1059270129662515,0
-8.31803898708031,-3.107320145715681,0
-8.320021264126732,-3.1079076580925875,0
-8.31884207632864,-3.108337573263203,0
-8.320021264126732,-3.1079076580925875,0
-8.317416893551759,-3.1080711937992707,0
-8.316548787535593,-3.1081258264749074,0
-8.315369652263978,-3.10855610396575,0
-8.317170872309735,-3.107374718004614,0
-8.315434669031816,-3.1074840437425912,0
-8.317170872309735,-3.107374718004614,0
-8.315991728283706,-3.1078049351087493,0
-8.316924842313295,-3.106678181823252,0
-8.317235880323159,-3.10630259739475,0
-8.31816899435275,-3.105175844109249,0
-8.316367769929787,-3.1063571998770367,0
-8.317481914696803,-3.1069991637694656,0
-8.31803898708031,-3.107320145715681,0
-8.315745702664474,-3.107108429120741,0
-8.316924842313295,-3.106678181823252,0
-8.317792957083874,-3.106623609534317,0
-8.31630276629357,-3.107429350680251,0
-8.317235880323159,-3.10630259739475,0
-8.31549966829083,-3.1064118627460253,0
-8.316924842313295,-3.106678181823252,0
-8.316924842313295,-3.106678181823252,0
-8.31549966829083,-3.1064118627460253,0
-8.313206432024263,-3.106200478277957,0
-8.312895415900432,-3.10657621367322,0
-8.311159291412235,-3.106686082891539,0
-8.312895415900432,-3.10657621367322,0
-8.311159291412235,-3.106686082891539,0
-8.313763491276152,-3.106521369644115,0
-8.31407451177719,-3.106145664442206,0
-8.316367769929787,-3.1063571998770367,0
-8.318415041858014,-3.1058725010640202,0
-8.317235880323159,-3.10630259739475,0
-8.318661080608864,-3.1065690976320894,0
-8.318103999470944,-3.1062480552991705,0
-8.317235880323159,-3.10630259739475,0
-8.317611904460415,-3.1048547413896266,0
-8.316743785312632,-3.104909283485206,0
-8.316808749553992,-3.1038368609418185,0
-8.316186699797505,-3.1045882109589336,0
-8.316808749553992,-3.1038368609418185,0
-8.316743785312632,-3.104909283485206,0
-8.316989837195102,-3.1056059706333308,0
-8.31587567491926,-3.104963885967491,0
-8.314139480395756,-3.1050732720921737,0
-8.314761512643418,-3.1043218013016514,0
-8.315383544891077,-3.1035703305111273,0
-8.315318593781338,-3.1046428436345703,0
-8.316432756057182,-3.105284928300412,0
-8.316678803562445,-3.105981585255183,0
-8.316989837195102,-3.1056059706333308,0
-8.31581069754628,-3.1060362179308214,0
-8.31612172680173,-3.1056605731156157,0
-8.31549966829083,-3.1064118627460253,0
-8.316056736297131,-3.106732814498889,0
-8.31581069754628,-3.1060362179308214,0
-8.316367769929787,-3.1063571998770367,0
-8.315564650041015,-3.105339560976047,0
-8.316678803562445,-3.105981585255183,0
-8.316367769929787,-3.1063571998770367,0
-8.316367769929787,-3.1063571998770367,0
-8.31549966829083,-3.1064118627460253,0
-8.316367769929787,-3.1063571998770367,0
-8.317857956342888,-3.1055514285377495,0
-8.318791070372477,-3.1044246752522486,0
-8.317857956342888,-3.1055514285377495,0
-8.317857956342888,-3.1055514285377495,0
-8.318415041858014,-3.1058725010640202,0
-8.319529212888266,-3.1065146461165654,0
-8.318415041858014,-3.1058725010640202,0
-8.319529212888266,-3.1065146461165654,0
-8.319529212888266,-3.1065146461165654,0
-8.317546918333022,-3.1059270129662515,0
-8.316678803562445,-3.105981585255183,0
-8.317857956342888,-3.1055514285377495,0
-8.316989837195102,-3.1056059706333308,0
-8.31897212737314,-3.106193573590293,0
-8.316924842313295,-3.106678181823252,0
-8.316056736297131,-3.106732814498889,0
-8.316056736297131,-3.106732814498889,0
-8.316056736297131,-3.106732814498889,0
-8.31549966829083,-3.1064118627460253,0
-8.316924842313295,-3.106678181823252,0
-8.315564650041015,-3.105339560976047,0
-8.31612172680173,-3.1056605731156157,0
-8.315007573280301,-3.1050185488364797,0
-8.315564650041015,-3.105339560976047,0
-8.316743785312632,-3.104909283485206,0
-8.315007573280301,-3.1050185488364797,0
-8.316808749553992,-3.1038368609418185,0
-8.317611904460415,-3.1048547413896266,0
-8.318480032362613,-3.1048002596807507,0
-8.316989837195102,-3.1056059706333308,0
-8.317300870827758,-3.105230356011477,0
-8.317611904460415,-3.1048547413896266,0
-8.31581069754628,-3.1060362179308214,0
-8.316989837195102,-3.1056059706333308,0
-8.31625165528445,-3.1035157280288423,0
-8.316497724675749,-3.104212535950376,0
-8.315564650041015,-3.105339560976047,0
-8.316808749553992,-3.1038368609418185,0
-8.31612172680173,-3.1056605731156157,0
-8.31549966829083,-3.1064118627460253,0
-8.316613804303433,-3.1070537662517506,0
-8.318103999470944,-3.1062480552991705,0
-8.315253625162772,-3.1057152359846043,0
-8.314761512643418,-3.1043218013016514,0
-8.316432756057182,-3.105284928300412,0
-8.315253625162772,-3.1057152359846043,0
-8.314385532278227,-3.1057699592402965,0
-8.31426936510641,-3.1029281250718785,0
-8.31426936510641,-3.1029281250718785,0
-8.313958357736993,-3.103303920853845,0
-8.314204431505496,-3.1040007589687306,0
-8.313582408012248,-3.1047522901459583,0
-8.313893419758871,-3.1043765245573436,0
-8.313893419758871,-3.1043765245573436,0
-8.315629614282376,-3.104267138432661,0
-8.313336342998156,-3.1040555124177764,0
-8.312468263245233,-3.1041103262535277,0
-8.31302533562874,-3.104431308199743,0
-8.312714328259322,-3.1048071039817096,0
-8.312714328259322,-3.1048071039817096,0
-8.313582408012248,-3.1047522901459583,0
-8.314450496519585,-3.1046975366969125,0
-8.314139480395756,-3.1050732720921737,0
-8.314385532278227,-3.1057699592402965,0
-8.314631575406285,-3.1064665860017175,0
-8.314320550528041,-3.106842261010275,0
-8.312027349279127,-3.1066311180890267,0
-8.310667196401708,-3.105292768981995,0
-8.310110141527026,-3.1049719078091886,0
-8.308374060810891,-3.105082078961029,0
-8.307441104360734,-3.1062099192072115,0
-8.307259968570353,-3.1044404773888257,0
-8.306456844304375,-3.1034228082944875,0
-8.304785692811949,-3.102460315356126,0
-8.303736424742164,-3.1007453250532624,0
-8.302933239195296,-3.0997272332519934,0
-8.301819111937103,-3.0990853901329682,0
-8.304669249876122,-3.099616579006513,0
-8.305407602497827,-3.1017079991517402,0
-8.30596466174972,-3.1020288905178965,0
-8.30596466174972,-3.1020288905178965,0
-8.30596466174972,-3.1020288905178965,0
-8.305653702529572,-3.1024050184267384,0
-8.305718557340768,-3.1013318410495465,0
-8.304915376171103,-3.100313779441626,0
-8.304112177492614,-3.0992955970602996,0
-8.303866038066014,-3.0985983060451296,0
-8.303619889885,-3.0979009546432543,0
-8.3033089613053,-3.0982772939055607,0
-8.3033089613053,-3.0982772939055607,0
-8.3033089613053,-3.0982772939055607,0
-8.302751884544584,-3.097956281765992,0
-8.3033089613053,-3.0982772939055607,0
-8.302751884544584,-3.097956281765992,0
-8.302505727609155,-3.0972588699774146,0
-8.303062808747077,-3.0975799123103336,0
-8.302505727609155,-3.0972588699774146,0
-8.301145390889062,-3.0959192527495887,0
-8.299227938013392,-3.094258351642022,0
-8.29786754438961,-3.0929183419006137,0
-8.297375090448147,-3.091522552136187,0
-8.296882601489028,-3.0901265208249367,0
-8.297439713267394,-3.090447774511322,0
-8.297750576188996,-3.090070982348731,0
-8.296325489710663,-3.0898052671385496,0
-8.296882601489028,-3.0901265208249367,0
-8.297128850345793,-3.0908245666739127,0
-8.297685957746955,-3.091145790166948,0
-8.297128850345793,-3.0908245666739127,0
-8.296882601489028,-3.0901265208249367,0
-8.296325489710663,-3.0898052671385496,0
-8.295146678352332,-3.0902377789374604,0
-8.293721631268856,-3.089972335467449,0
-8.292296601694204,-3.089707012770848,0
-8.291117851616765,-3.0901399472766897,0
-8.289692861436974,-3.089874896320259,0
-8.289692861436974,-3.089874896320259,0
-8.289692861436974,-3.089874896320259,0
-8.289446595071382,-3.089176729697874,0
-8.289446595071382,-3.089176729697874,0
-8.289446595071382,-3.089176729697874,0
-8.290560766101638,-3.0898188747504154,0
-8.289135780299054,-3.089553853987338,0
-8.285728788836854,-3.0887031928351956,0
-8.282257397792943,-3.0889288491688767,0
-8.280521754797462,-3.0890420396559435,0
-8.277918355962342,-3.0892122782868316,0
-8.276429075631,-3.090024299650036,0
-8.274318332088846,-3.091591716939554,0
-8.274875330059842,-3.0919121855987832,0
-8.274500067556524,-3.0933652952472013,0
-8.274435536658611,-3.0944407069324598,0
-8.274370988251874,-3.0955159978443127,0
-8.274617188959366,-3.0962137115664117,0
-8.275795693913238,-3.095779086232845,0
-8.275174151912712,-3.096533938678821,0
-8.275795693913238,-3.095779086232845,0
-8.276288077819402,-3.0971743929036375,0
-8.276288077819402,-3.0971743929036375,0
-8.275912688377094,-3.098626626944842,0
-8.275912688377094,-3.098626626944842,0
-8.27733738090684,-3.098889624753319,0
-8.276780426707909,-3.0985694580276153,0
-8.27733738090684,-3.098889624753319,0
-8.276715795134244,-3.099644175265773,0
-8.27733738090684,-3.098889624753319,0
-8.277712792235178,-3.097437541678879,0
-8.281041902945976,-3.1043531319465867,0
-8.280795807291438,-3.1036561428649385,0
-8.28141747185375,-3.102902135832826,0
-8.280860530786438,-3.1025820596871796,0
-8.2812879898461,-3.1050500606415277,0
-8.281534067991807,-3.1057469289497686,0
-8.281780137383105,-3.1064437368713005,0
-8.281780137383105,-3.1064437368713005,0
-8.282090987173087,-3.1060668541286542,0
-8.282090987173087,-3.1060668541286542,0
-8.279798556312524,-3.105861025237404,0
-8.277195354451699,-3.10603262256914,0
-8.275952060344729,-3.107540878180183,0
-8.273102929163219,-3.107016633777663,0
-8.272235256490498,-3.1070742555951725,0
-8.272792123145301,-3.107393818453833,0
-8.274773542259236,-3.107975412933696,0
-8.27452748599956,-3.1072786955922176,0
-8.273970610590348,-3.1069590723468554,0
-8.273659800195226,-3.107336226829675,0
-8.27483830077189,-3.106901571302755,0
-8.273659800195226,-3.107336226829675,0
-8.273348989800102,-3.1077133813124913,0
-8.2744627231097,-3.1083525070298084,0
-8.274773542259236,-3.107975412933696,0
-8.273659800195226,-3.107336226829675,0
-8.274592231380595,-3.1062047633812195,0
-8.27428142098547,-3.1065819178640393,0
-8.27347846305334,-3.1055653961170826,0
-8.272986280498682,-3.1041714783404935,0
-8.272247941008597,-3.102080148775327,0
-8.273180280272626,-3.100948051266476,0
-8.273866462601232,-3.0991185419690463,0
-8.274798788733644,-3.097986353880138,0
-8.274617188959366,-3.0962137115664117,0
-8.273814020921323,-3.09519574053855,0
-8.275549488828538,-3.095081342317391,0
-8.275057052395901,-3.0936856733263713,0
-8.27425383183138,-3.0926673399782807,0
-8.274500067556524,-3.0933652952472013,0
-8.274500067556524,-3.0933652952472013,0
-8.274810821047964,-3.0929877482508026,0
-8.274500067556524,-3.0933652952472013,0
-8.275057052395901,-3.0936856733263713,0
-8.274746294527256,-3.0940631901294147,0
-8.274500067556524,-3.0933652952472013,0
-8.274500067556524,-3.0933652952472013,0
-8.275057052395901,-3.0936856733263713,0
-8.275057052395901,-3.0936856733263713,0
-8.275057052395901,-3.0936856733263713,0
-8.275057052395901,-3.0936856733263713,0
-8.275057052395901,-3.0936856733263713,0
-8.274500067556524,-3.0933652952472013,0
-8.274500067556524,-3.0933652952472013,0
-8.274810821047964,-3.0929877482508026,0
-8.274810821047964,-3.0929877482508026,0
-8.275367810264546,-3.0933081565233245,0
-8.274810821047964,-3.0929877482508026,0
-8.274810821047964,-3.0929877482508026,0
-8.27567856813319,-3.0929306397202794,0
-8.275367810264546,-3.0933081565233245,0
-8.275367810264546,-3.0933081565233245,0
-8.275121574539401,-3.0926102012544074,0
-8.27567856813319,-3.0929306397202794,0
-8.274810821047964,-3.0929877482508026,0
-8.274564580945611,-3.092289762788532,0
-8.27425383183138,-3.0926673399782807,0
-8.274564580945611,-3.092289762788532,0
-8.274564580945611,-3.092289762788532,0
-8.275432328030838,-3.0922326542580088,0
-8.274564580945611,-3.092289762788532,0
-8.275121574539401,-3.0926102012544074,0
-8.274564580945611,-3.092289762788532,0
-8.274810821047964,-3.0929877482508026,0
-8.275121574539401,-3.0926102012544074,0
-8.274810821047964,-3.0929877482508026,0
-8.275121574539401,-3.0926102012544074,0
-8.275121574539401,-3.0926102012544074,0
-8.274810821047964,-3.0929877482508026,0
-8.274564580945611,-3.092289762788532,0
-8.27425383183138,-3.0926673399782807,0
-8.27425383183138,-3.0926673399782807,0
-8.27425383183138,-3.0926673399782807,0
-8.274564580945611,-3.092289762788532,0
-8.273386097877772,-3.092724539088863,0
-8.273943082717148,-3.093044917168031,0
-8.27425383183138,-3.0926673399782807,0
-8.273943082717148,-3.093044917168031,0
-8.27425383183138,-3.0926673399782807,0
-8.27425383183138,-3.0926673399782807,0
-8.27425383183138,-3.0926673399782807,0
-8.27425383183138,-3.0926673399782807,0
-8.273943082717148,-3.093044917168031,0
-8.27425383183138,-3.0926673399782807,0
-8.27425383183138,-3.0926673399782807,0
-8.273943082717148,-3.093044917168031,0
-8.27425383183138,-3.0926673399782807,0
-8.27425383183138,-3.0926673399782807,0
-8.27425383183138,-3.0926673399782807,0
-8.273632333602917,-3.0934224943577817,0
-8.273321584488686,-3.0938000715475305,0
-8.273632333602917,-3.0934224943577817,0
-8.274189314065087,-3.093742842243598,0
-8.273632333602917,-3.0934224943577817,0
-8.273632333602917,-3.0934224943577817,0
-8.273943082717148,-3.093044917168031,0
-8.273386097877772,-3.092724539088863,0
-8.273386097877772,-3.092724539088863,0
-8.273075353140747,-3.0931021464719635,0
-8.273075353140747,-3.0931021464719635,0
-8.273386097877772,-3.092724539088863,0
-8.273386097877772,-3.092724539088863,0
-8.27387856057365,-3.0941203892399933,0
-8.273321584488686,-3.0938000715475305,0
-8.273075353140747,-3.0931021464719635,0
-8.27387856057365,-3.0941203892399933,0
-8.273075353140747,-3.0931021464719635,0
-8.273632333602917,-3.0934224943577817,0
-8.273075353140747,-3.0931021464719635,0
-8.272764608403723,-3.093479753855064,0
-8.273075353140747,-3.0931021464719635,0
-8.273075353140747,-3.0931021464719635,0
-8.273075353140747,-3.0931021464719635,0
-8.273075353140747,-3.0931021464719635,0
-8.273386097877772,-3.092724539088863,0
-8.272518372678574,-3.0927817985861434,0
-8.273075353140747,-3.0931021464719635,0
-8.273075353140747,-3.0931021464719635,0
-8.272518372678574,-3.0927817985861434,0
-8.273075353140747,-3.0931021464719635,0
-8.273075353140747,-3.0931021464719635,0
-8.272518372678574,-3.0927817985861434,0
-8.273075353140747,-3.0931021464719635,0
-8.273075353140747,-3.0931021464719635,0
-8.273075353140747,-3.0931021464719635,0
-8.273075353140747,-3.0931021464719635,0
-8.273075353140747,-3.0931021464719635,0
-8.273075353140747,-3.0931021464719635,0
-8.272829113038393,-3.0924041610096893,0
-8.273386097877772,-3.092724539088863,0
-8.27425383183138,-3.0926673399782807,0
-8.274564580945611,-3.092289762788532,0
-8.275121574539401,-3.0926102012544074,0
-8.274564580945611,-3.092289762788532,0
-8.275121574539401,-3.0926102012544074,0
-8.275121574539401,-3.0926102012544074,0
-8.275121574539401,-3.0926102012544074,0
-8.27567856813319,-3.0929306397202794,0
-8.275989326001834,-3.0925531229172343,0
-8.275121574539401,-3.0926102012544074,0
-8.275989326001834,-3.0925531229172343,0
-8.275121574539401,-3.0926102012544074,0
-8.275121574539401,-3.0926102012544074,0
-8.274564580945611,-3.092289762788532,0
-8.275989326001834,-3.0925531229172343,0
-8.275432328030838,-3.0922326542580088,0
-8.27654632397283,-3.0928735915764634,0
-8.275121574539401,-3.0926102012544074,0
-8.275989326001834,-3.0925531229172343,0
-8.277478610710384,-3.0917411317473835,0
-8.279214174916145,-3.091627397779975,0
-8.279524945916409,-3.091249971556987,0
-8.280146487916937,-3.0904951191110115,0
-8.279589454928288,-3.090174408904966,0
-8.27872165969379,-3.090231185308614,0
-8.279835716916674,-3.0908725453339994,0
-8.280457258917203,-3.090117692888022,0
-8.28194662241547,-3.089306245198511,0
-8.283189723925354,-3.0877966610799685,0
-8.284679131195688,-3.086985515323981,0
-8.285546996465492,-3.0869292220139677,0
-8.283811274680295,-3.0870418690206964,0
-8.284122050057766,-3.0866644729910604,0
-8.285857780597375,-3.086551886371039,0
-8.285857780597375,-3.086551886371039,0
-8.286104081980618,-3.0872502945402402,0
-8.286104081980618,-3.0872502945402402,0
-8.285546996465492,-3.0869292220139677,0
-8.286168564729259,-3.086174550728108,0
-8.286414870489708,-3.0868729890906614,0
-8.287593546154636,-3.086439541297832,0
-8.288150644801384,-3.08676070440416,0
-8.288707743448128,-3.087081867510488,0
-8.289264842094878,-3.0874030306168194,0
-8.289511130346504,-3.088101348205967,0
-8.28920031995138,-3.088478502688785,0
-8.288086140166708,-3.087836297249533,0
-8.28783984753788,-3.087137949467037,0
-8.289757409843713,-3.0887996054084077,0
-8.289757409843713,-3.0887996054084077,0
-8.290068224616043,-3.0884224811189434,0
-8.289757409843713,-3.0887996054084077,0
-8.290068224616043,-3.0884224811189434,0
-8.287464536885288,-3.0885907269885795,0
-8.289511130346504,-3.088101348205967,0
-8.289757409843713,-3.0887996054084077,0
-8.289511130346504,-3.088101348205967,0
-8.288086140166708,-3.087836297249533,0
-8.28920031995138,-3.088478502688785,0
-8.290625318885581,-3.0887436140319195,0
-8.290314499736045,-3.089120708128032,0
-8.290314499736045,-3.089120708128032,0
-8.289757409843713,-3.0887996054084077,0
-8.291182413155123,-3.0890647469448957,0
-8.290314499736045,-3.089120708128032,0
-8.290314499736045,-3.089120708128032,0
-8.290625318885581,-3.0887436140319195,0
-8.289757409843713,-3.0887996054084077,0
-8.290068224616043,-3.0884224811189434,0
-8.289757409843713,-3.0887996054084077,0
-8.290314499736045,-3.089120708128032,0
-8.290314499736045,-3.089120708128032,0
-8.290314499736045,-3.089120708128032,0
-8.290625318885581,-3.0887436140319195,0
-8.290625318885581,-3.0887436140319195,0
-8.290068224616043,-3.0884224811189434,0
-8.290314499736045,-3.089120708128032,0
-8.290068224616043,-3.0884224811189434,0
-8.290314499736045,-3.089120708128032,0
-8.290625318885581,-3.0887436140319195,0
-8.290314499736045,-3.089120708128032,0
-8.291182413155123,-3.0890647469448957,0
-8.291182413155123,-3.0890647469448957,0
-8.291428679520713,-3.089762913567281,0
-8.291985769413047,-3.090084016286905,0
-8.291428679520713,-3.089762913567281,0
-8.291428679520713,-3.089762913567281,0
-8.291428679520713,-3.089762913567281,0
-8.291739507424664,-3.089385879857872,0
-8.291739507424664,-3.089385879857872,0
-8.292296601694204,-3.089707012770848,0
-8.292296601694204,-3.089707012770848,0
-8.291985769413047,-3.090084016286905,0
-8.291674937131894,-3.0904610198029605,0
-8.292542859305383,-3.0904051190065296,0
-8.293721631268856,-3.089972335467449,0
-8.292542859305383,-3.0904051190065296,0
-8.292542859305383,-3.0904051190065296,0
-8.293410790233287,-3.0903492785968023,0
-8.293099949197718,-3.090726221726154,0
-8.293099949197718,-3.090726221726154,0
-8.293099949197718,-3.090726221726154,0
-8.293721631268856,-3.089972335467449,0
-8.294589575328377,-3.0899165856377806,0
-8.294835828562348,-3.0906146616801085,0
-8.295146678352332,-3.0902377789374604,0
-8.295392927209097,-3.0909358247864365,0
-8.295950025855841,-3.0912569878927645,0
-8.295950025855841,-3.0912569878927645,0
-8.296817987424191,-3.0912013588365035,0
-8.29650712450259,-3.0915781509990925,0
-8.29675335585053,-3.0922760760746613,0
-8.298735519089579,-3.09286280342441,0
-8.298670848121056,-3.0939372489223977,0
-8.30040681502982,-3.0938262927433957,0
-8.298359963313423,-3.094313890118226,0
-8.298049078505787,-3.0946905313140576,0
-8.298049078505787,-3.0946905313140576,0
-8.297802877798297,-3.0939928175919533,0
-8.297245792283167,-3.0936717450656825,0
-8.297802877798297,-3.0939928175919533,0
-8.298359963313423,-3.094313890118226,0
-8.29860615964371,-3.0950115736469765,0
-8.297738193698153,-3.0950671725098857,0
-8.296870236507011,-3.0951228317595003,0
-8.29742730889052,-3.0954438137057174,0
-8.297984381274027,-3.095764795651931,0
-8.298541453657535,-3.0960857775981463,0
-8.297181116937441,-3.0947461603703186,0
-8.297802877798297,-3.0939928175919533,0
-8.297802877798297,-3.0939928175919533,0
-8.29817842044283,-3.09254164031808,0
-8.297491997367867,-3.094369488981135,0
-8.298787628101792,-3.0967833101601343,0
-8.299344696108092,-3.097104261912996,0
-8.297738193698153,-3.0950671725098857,0
-8.29538053596384,-3.0959319545608874,0
-8.295691412017064,-3.095555252978352,0
-8.297491997367867,-3.094369488981135,0
-8.298852347219583,-3.09570919678902,0
-8.298359963313423,-3.094313890118226,0
-8.299163240781631,-3.0953326159798955,0
-8.298359963313423,-3.094313890118226,0
-8.29755666833639,-3.093295043483149,0
-8.297310450120072,-3.0925972089876375,0
-8.29960350254396,-3.0928073253349098,0
-8.29755666833639,-3.093295043483149,0
-8.29891704882855,-3.0946349626444984,0
-8.298049078505787,-3.0946905313140576,0
-8.297245792283167,-3.0936717450656825,0
-8.298670848121056,-3.0939372489223977,0
-8.298113758228723,-3.0936161462027734,0
-8.29755666833639,-3.093295043483149,0
-8.298424638659151,-3.09323947481359,0
-8.298424638659151,-3.09323947481359,0
-8.296999578444055,-3.0929739407635246,0
-8.295328308767054,-3.0920106326046515,0
-8.295639167311448,-3.091633810248707,0
-8.29706422314934,-3.091899314105424,0
-8.29817842044283,-3.09254164031808,0
-8.298553936824131,-3.091090281884094,0
-8.298864808500145,-3.090713550108209,0
-8.298553936824131,-3.091090281884094,0
-8.2979321934721,-3.0918437454358667,4
-8.298864808500145,-3.090713550108209,4
-8.299046399520007,-3.092486132035228,4
-8.300536156966864,-3.091677401747422,4
-8.299732800708938,-3.0906581324054123,4
-8.29960350254396,-3.0928073253349098,4
-8.299046399520007,-3.092486132035228,4
-8.30040681502982,-3.0938262927433957,4
-8.299849716383072,-3.0935051296370677,4
-8.299046399520007,-3.092486132035228,4
-8.298489296496054,-3.0921649387355483,4
-8.296882601489028,-3.0901265208249367,4
-8.29663634387785,-3.089428414589257,4
-8.297193460033423,-3.089749698468994,4
-8.297685957746955,-3.091145790166948,4
-8.294900420741154,-3.0895396727017825,4
-8.294654154375563,-3.088841506079394,4
-8.296014635543473,-3.0901821196878476,4
-8.295522111566704,-3.088785846829781,4
-8.296014635543473,-3.0901821196878476,4
-8.296196261580988,-3.0919549431616833,4
-8.295574535737785,-3.092708527486865,4
-8.296377835092027,-3.093727404315297,4
-8.296196261580988,-3.0919549431616833,4
-8.296014635543473,-3.0901821196878476,4
-8.294771218874718,-3.091689529885027,4
-8.296260884400239,-3.0908801655368237,4
-8.298864808500145,-3.090713550108209,4
-8.298553936824131,-3.091090281884094,4
-8.299175680176159,-3.0903368183323217,4
-8.298929426942188,-3.089638742289994,4
-8.298800172549274,-3.0917882371530148,4
-8.298489296496054,-3.0921649387355483,4
-8.2979321934721,-3.0918437454358667,4
-8.2979321934721,-3.0918437454358667,4
-8.2979321934721,-3.0918437454358667,4
-8.297621321796086,-3.092220477211752,4
-8.29786754438961,-3.0929183419006137,4
-8.29786754438961,-3.0929183419006137,4
-8.299046399520007,-3.092486132035228,4
-8.299046399520007,-3.092486132035228,4
-8.299046399520007,-3.092486132035228,4
-8.298800172549274,-3.0917882371530148,4
-8.298243065148116,-3.0914670136599813,4
-8.297996825045765,-3.090769028197709,4
-8.297128850345793,-3.0908245666739127,4
-8.296571742944632,-3.090503343180881,4
-8.296571742944632,-3.090503343180881,4
-8.297128850345793,-3.0908245666739127,4
-8.297685957746955,-3.091145790166948,4
-8.297128850345793,-3.0908245666739127,4
-8.297128850345793,-3.0908245666739127,0
-8.297621321796086,-3.092220477211752,0
-8.297310450120072,-3.0925972089876375,0
-8.297621321796086,-3.092220477211752,0
-8.2979321934721,-3.0918437454358667,0
-8.2979321934721,-3.0918437454358667,0
-8.29706422314934,-3.091899314105424,0
-8.29706422314934,-3.091899314105424,0
-8.297375090448147,-3.091522552136187,0
-8.297375090448147,-3.091522552136187,0
-8.297685957746955,-3.091145790166948,0
-8.297128850345793,-3.0908245666739127,0
-8.297128850345793,-3.0908245666739127,0
-8.296571742944632,-3.090503343180881,0
-8.296817987424191,-3.0912013588365035,0
-8.297128850345793,-3.0908245666739127,0
-8.299175680176159,-3.0903368183323217,0
-8.299357279950435,-3.092109460646048,0
-8.299914387351595,-3.0924306841390816,0
-8.298864808500145,-3.090713550108209,0
-8.299357279950435,-3.092109460646048,0
-8.299111048602496,-3.0914115355704794,0
-8.298307692344572,-3.0903922662284717,0
-8.299357279950435,-3.092109460646048,0
-8.300471494752754,-3.092751907632115,0
-8.301831914639777,-3.0940920985336344,0
-8.299849716383072,-3.0935051296370677,0
-8.299357279950435,-3.092109460646048,0
-8.299292617736326,-3.093183966530738,0
-8.298735519089579,-3.09286280342441,0
-8.299849716383072,-3.0935051296370677,0
-8.299292617736326,-3.093183966530738,0
-8.299292617736326,-3.093183966530738,0
-8.300782383937596,-3.092375296629637,0
-8.301028602153915,-3.0930731311251485,0
-8.298424638659151,-3.09323947481359,0
-8.298800172549274,-3.0917882371530148,0
-8.29755666833639,-3.093295043483149,0
-8.294888152057682,-3.0945366478900933,0
-8.295756091739998,-3.0944808678670697,0
-8.297245792283167,-3.0936717450656825,0
-8.297621321796086,-3.092220477211752,0
-8.299357279950435,-3.092109460646048,0
-8.299914387351595,-3.0924306841390816,0
-8.298800172549274,-3.0917882371530148,0
-8.297128850345793,-3.0908245666739127,0
-8.298929426942188,-3.089638742289994,0
-8.299732800708938,-3.0906581324054123,0
-8.297621321796086,-3.092220477211752,0
-8.295017450222657,-3.092387454960594,0
-8.297310450120072,-3.0925972089876375,0
-8.29650712450259,-3.0915781509990925,0
-8.29706422314934,-3.091899314105424,0
-8.29817842044283,-3.09254164031808,0
-8.29997904081129,-3.091356117867683,0
-8.300782383937596,-3.092375296629637,0
-8.299046399520007,-3.092486132035228,0
-8.2979321934721,-3.0918437454358667,0
-8.299046399520007,-3.092486132035228,0
-8.29997904081129,-3.091356117867683,0
-8.301585709555077,-3.093394354618182,0
-8.300095921467772,-3.094202873552522,0
-8.301339495715963,-3.0926965503160204,0
-8.300160605567914,-3.0931285186345914,0
-8.30040681502982,-3.0938262927433957,0
-8.30040681502982,-3.0938262927433957,0
-8.298981732928691,-3.0935606077265696,0
-8.296624040176727,-3.0944251482307514,0
-8.296870236507011,-3.0951228317595003,0
-8.299785027905724,-3.0945794543616447,0
-8.300095921467772,-3.094202873552522,0
-8.301521012323317,-3.0944686189560535,0
-8.298852347219583,-3.09570919678902,0
-8.297673492089185,-3.0961414066544073,0
-8.298541453657535,-3.0960857775981463,0
-8.297673492089185,-3.0961414066544073,0
-8.298230560095488,-3.096462358407269,0
-8.29791966653344,-3.0968389392163953,0
-8.298230560095488,-3.096462358407269,0
-8.298230560095488,-3.096462358407269,0
-8.300031219858807,-3.095277107697042,0
-8.301210110006856,-3.0948451393784744,0
-8.299849716383072,-3.0935051296370677,0
-8.299849716383072,-3.0935051296370677,0
-8.299849716383072,-3.0935051296370677,0
-8.300160605567914,-3.0931285186345914,0
-8.299849716383072,-3.0935051296370677,0
-8.298981732928691,-3.0935606077265696,0
-8.299849716383072,-3.0935051296370677,0
-8.299538827198232,-3.093881740639546,0
-8.299849716383072,-3.0935051296370677,0
-8.299849716383072,-3.0935051296370677,0
-8.300160605567914,-3.0931285186345914,0
-8.300717708591868,-3.093449711934271,0
-8.300963913676568,-3.0941474558497255,0
-8.301521012323317,-3.0944686189560535,0
-8.301521012323317,-3.0944686189560535,0
-8.302078110970061,-3.0947897820623833,0
-8.30238901766373,-3.094413291833316,0
-8.30238901766373,-3.094413291833316,0
-8.30238901766373,-3.094413291833316,0
-8.302142816956238,-3.0937155781112153,0
-8.300653015737314,-3.094524006465498,0
-8.299538827198232,-3.093881740639546,0
-8.298981732928691,-3.0935606077265696,0
-8.300717708591868,-3.093449711934271,0
-8.301028602153915,-3.0930731311251485,0
-8.300717708591868,-3.093449711934271,0
-8.301274811615823,-3.093770905233953,0
-8.301274811615823,-3.093770905233953,0
-8.30238901766373,-3.094413291833316,0
-8.302946120687682,-3.094734485132996,0
-8.303192308263556,-3.095432108275041,0
-8.303438487085016,-3.096129671030381,0
-8.303684657152065,-3.0968271733990154,0
-8.303684657152065,-3.0968271733990154,0
-8.303995581354556,-3.096450803943357,0
-8.304241747044399,-3.0971482761186415,0
-8.30510976989364,-3.0970930697693113,0
-8.303995581354556,-3.096450803943357,0
-8.304552675624098,-3.096771936856335,0
-8.304552675624098,-3.096771936856335,0
-8.305420702850547,-3.0967167607003567,0
-8.305420702850547,-3.0967167607003567,0
-8.305420702850547,-3.0967167607003567,0
-8.306288738831405,-3.0966616449310838,0
-8.306288738831405,-3.0966616449310838,0
-8.307091998790785,-3.0976802500193408,0
-8.307649097437533,-3.0980014131256723,0
-8.307649097437533,-3.0980014131256723,0
-8.30820619608428,-3.0983225762320004,0
-8.30876329473103,-3.09864373933833,0
-8.309320393377774,-3.098964902444658,0
-8.309631356975128,-3.09858880472917,0
-8.309631356975128,-3.09858880472917,0
-8.309320393377774,-3.098964902444658,0
-8.309631356975128,-3.09858880472917,0
-8.309074253951174,-3.09826761142949,0
-8.309320393377774,-3.098964902444658,0
-8.309631356975128,-3.09858880472917,0
-8.310745563023035,-3.099231191328533,0
-8.310745563023035,-3.099231191328533,0
-8.310745563023035,-3.099231191328533,0
-8.311859769070942,-3.0998735779278945,0
-8.31217075017712,-3.0994976009858153,0
-8.31217075017712,-3.0994976009858153,0
-8.312727857578281,-3.0998188244788487,0
-8.312416872094897,-3.1001947712275744,0
-8.314217934561217,-3.099012298305759,0
-8.314217934561217,-3.099012298305759,0
-8.314775055093996,-3.0993336123788477,0
-8.314775055093996,-3.0993336123788477,0
-8.313906944700626,-3.0993882148611345,0
-8.313660814028434,-3.0986909842326664,0
-8.314217934561217,-3.099012298305759,0
-8.313103693495655,-3.0983696701595758,0
-8.313038843061666,-3.0994428777301195,0
-8.31217075017712,-3.0994976009858153,0
-8.313038843061666,-3.0994428777301195,0
-8.313038843061666,-3.0994428777301195,0
-8.312727857578281,-3.0998188244788487,0
-8.313906944700626,-3.0993882148611345,0
-8.312727857578281,-3.0998188244788487,0
-8.313284964979442,-3.100140047971884,0
-8.313284964979442,-3.100140047971884,0
-8.313842072380602,-3.1004612714649173,0
-8.31471017839677,-3.100406638789279,0
-8.315578293167345,-3.1003520665003457,0
-8.315267290175134,-3.1007278924756623,0
-8.315267290175134,-3.1007278924756623,0
-8.31471017839677,-3.100406638789279,0
-8.3141530666184,-3.1000853851028936,0
-8.3144640608562,-3.0997094987408698,0
-8.31471017839677,-3.100406638789279,0
-8.315267290175134,-3.1007278924756623,0
-8.31471017839677,-3.100406638789279,0
-8.313906944700626,-3.0993882148611345,0
-8.31334982854505,-3.099066930981394,0
-8.313595954840034,-3.0997641314165065,0
-8.31334982854505,-3.099066930981394,0
-8.312792712389477,-3.098745647101655,0
-8.312727857578281,-3.0998188244788487,0
-8.31471017839677,-3.100406638789279,0
-8.31471017839677,-3.100406638789279,0
-8.31217075017712,-3.0994976009858153,0
-8.312481731283299,-3.0991216240437343,0
-8.313906944700626,-3.0993882148611345,0
-8.312481731283299,-3.0991216240437343,0
-8.312727857578281,-3.0998188244788487,0
-8.312727857578281,-3.0998188244788487,0
-8.312727857578281,-3.0998188244788487,0
-8.312973975118851,-3.1005159645272578,0
-8.314088181166758,-3.101158351126619,0
-8.31464528419071,-3.101479544426299,0
-8.315202387214665,-3.1018007377259806,0
-8.314891379845246,-3.1021765335079454,0
-8.315448478491993,-3.102497696614277,0
-8.31569456101491,-3.103194595115866,0
-8.31625165528445,-3.1035157280288423,0
-8.316808749553992,-3.1038368609418185,0
-8.318480032362613,-3.1048002596807507,0
-8.31984026402975,-3.1061391522681223,0
-8.321822597979857,-3.1067270571586096,0
-8.322379692249399,-3.107048190071586,0
-8.320708409440776,-3.106084791332659,0
-8.319594220901692,-3.105442525506703,0
-8.318726084245084,-3.1054969468288736,0
-8.318726084245084,-3.1054969468288736,0
-8.319594220901692,-3.105442525506703,0
-8.319594220901692,-3.105442525506703,0
-8.319594220901692,-3.105442525506703,0
-8.319037126632153,-3.105121392593727,0
-8.31990526766597,-3.1050670014649047,0
-8.321330520478156,-3.105333864022475,0
-8.32188762350211,-3.1056550573221546,0
-8.32213366225296,-3.106351653890222,0
-8.322936786518937,-3.107369322984562,0
-8.323182803383755,-3.1080657685858686,0
-8.32398589700929,-3.1090832263267423,0
-8.324166783298898,-3.1108509471240495,0
-8.324723855682405,-3.111171929070265,0
-8.325526892404252,-3.112188994297558,0
-8.326018794817694,-3.1135809796996057,0
-8.322300213817606,-3.113102098613574,0
-8.32118612157707,-3.1124604970413685,0
-8.3206290754568,-3.112139696255266,0
-8.32007202933653,-3.111818895469167,0
-8.321432077160996,-3.1131565199357443,0
-8.322300213817606,-3.113102098613574,0
-8.322792098722218,-3.1144939632422073,0
-8.325953611716006,-3.1146518925753757,0
-8.32651066221348,-3.11497272355483,0
-8.326756582779755,-3.115668504902386,0
-8.326756582779755,-3.115668504902386,0
-8.327067712710956,-3.1152935545342846,0
-8.327067712710956,-3.1152935545342846,0
-8.327067712710956,-3.1152935545342846,0
-8.327067712710956,-3.1152935545342846,0
-8.328181813705903,-3.1159352164931917,0
-8.325577285551496,-3.116097665239195,0
-8.325577285551496,-3.116097665239195,0
-8.325266159997502,-3.11647264580065,0
-8.326134322917351,-3.1164184056385906,0
-8.325823192986151,-3.1167933560066956,0
-8.326134322917351,-3.1164184056385906,0
-8.325577285551496,-3.116097665239195,0
-8.323038028042905,-3.1151898049764704,0
-8.324086884655278,-3.1169019571042202,0
-8.324889803192548,-3.1179182071110016,0
-8.326003842906605,-3.1185594463629798,0
-8.325757957357983,-3.117863906562242,0
-8.325266159997502,-3.11647264580065,0
-8.325266159997502,-3.11647264580065,0
-8.32551206305495,-3.117168306374797,0
-8.325823192986151,-3.1167933560066956,0
-8.325577285551496,-3.116097665239195,0
-8.325823192986151,-3.1167933560066956,0
-8.325266159997502,-3.11647264580065,0
-8.32390617345393,-3.1151354440410017,0
-8.323595061031554,-3.1155105151825158,0
-8.324152094020205,-3.115831225388561,0
-8.324152094020205,-3.115831225388561,0
-8.324463210819786,-3.1154561844404007,0
-8.324217285876305,-3.114760372899493,0
-8.323349136088073,-3.1148147036416045,0
-8.322300213817606,-3.113102098613574,0
-8.322611308731155,-3.1127269066986525,0
-8.322300213817606,-3.113102098613574,0
-8.322611308731155,-3.1127269066986525,0
-8.321873402584515,-3.110638566275357,0
-8.321627416360144,-3.1099423320275186,0
-8.32131633895542,-3.110317644715847,4
-8.320824348997851,-3.1089250554467576,4
-8.320824348997851,-3.1089250554467576,4
-8.320267276614343,-3.1086040735005422,4
-8.320202211697232,-3.1096758015968256,4
-8.319023019521932,-3.110105686574089,4
-8.31871195524883,-3.110481089842475,4
-8.31846596464725,-3.1097848254012828,4
-8.31759785425388,-3.1098394278835677,4
-8.31759785425388,-3.1098394278835677,4
-8.316729752614918,-3.1098940907525545,4
-8.316483753258927,-3.109197765924657,4
-8.316794800023203,-3.108822241882864,4
-8.318285008322334,-3.1080166215103393,4
-8.317727940316033,-3.107695669757476,4
-8.318103999470944,-3.1062480552991705,4
-8.31803898708031,-3.107320145715681,4
-8.316924842313295,-3.106678181823252,4
-8.316367769929787,-3.1063571998770367,4
-8.316367769929787,-3.1063571998770367,4
-8.317857956342888,-3.1055514285377495,4
-8.316989837195102,-3.1056059706333308,4
-8.316743785312632,-3.104909283485206,4
-8.316743785312632,-3.104909283485206,4
-8.316186699797505,-3.1045882109589336,4
-8.316808749553992,-3.1038368609418185,4
-8.31625165528445,-3.1035157280288423,4
-8.317987902334433,-3.1034067042243887,4
-8.317184716787562,-3.102388612423116,4
-8.316627609386401,-3.1020673889300827,4
-8.318298931589883,-3.1030310594091848,4
-8.319037126632153,-3.105121392593727,4
-8.319529212888266,-3.1065146461165654,4
-8.320267276614343,-3.1086040735005422,4
-8.321005261550699,-3.1106929574041775,4
-8.320940157238727,-3.111764413760291,4
-8.32379055781014,-3.1122974142349698,4
-8.324904676313915,-3.112939196967286,4
-8.324347617062028,-3.112618305601128,4
-8.324036513394066,-3.1129934371293455,4
-8.324036513394066,-3.1129934371293455,4
-8.323479458519385,-3.1126725759565392,4
-8.32316835922863,-3.113047737678105,4
-8.323414306058142,-3.1137437001857755,4
-8.323414306058142,-3.1137437001857755,4
-8.32366024413324,-3.1144396023067404,4
-8.324282460223579,-3.113689399637014,4
-8.324036513394066,-3.1129934371293455,4
-8.32379055781014,-3.1122974142349698,4
-8.32379055781014,-3.1122974142349698,4
-8.323544593471802,-3.111601330953892,4
-8.32379055781014,-3.1122974142349698,4
-8.324282460223579,-3.113689399637014,4
-8.324839510721054,-3.1140102306164685,4
-8.324593568268748,-3.11331429830215,4
-8.32316835922863,-3.113047737678105,4
-8.322922403644704,-3.112351714783733,4
-8.322365348770022,-3.112030853610925,4
-8.322857259937875,-3.1134228993996746,4
-8.32316835922863,-3.113047737678105,4
-8.322611308731155,-3.1127269066986525,4
-8.322922403644704,-3.112351714783733,4
-8.322676439306363,-3.11165563150265,4
-8.32180829389534,-3.1117099924381186,4
-8.322300213817606,-3.113102098613574,4
-8.322611308731155,-3.1127269066986525,4
-8.322054258233678,-3.112406075719198,4
-8.322922403644704,-3.112351714783733,4
-8.322676439306363,-3.11165563150265,4
-8.322119380054477,-3.1113347401364937,4
-8.322054258233678,-3.112406075719198,4
-8.32180829389534,-3.1117099924381186,4
-8.320694184145975,-3.111068270092508,4
-8.318154904751353,-3.1101602588630204,4
-8.31387950086853,-3.1093621168518553,4
-8.306014857048485,-3.0820487192628274,4
-8.305211286307436,-3.0810279704465557,4
-8.304032348010114,-3.0814596066382496,4
-8.303475135555999,-3.081137658504762,12
-8.30316428138881,-3.0815145110540563,12
-8.302542573054435,-3.082268216152647,12
-8.301920864720056,-3.0830219212512375,12
-8.301052824361989,-3.0830770068271605,12
-8.300495638171112,-3.082755239853787,12
-8.299563101932787,-3.083885978661785,12
-8.299563101932787,-3.083885978661785,12
-8.299005928873527,-3.083564302268467,12
-8.29869508783796,-3.083941245397817,12
-8.29869508783796,-3.083941245397817,12
-8.298137919155906,-3.083619599197853,12
-8.297023581791802,-3.0829763067979226,12
-8.297023581791802,-3.0829763067979226,12
-8.296712753887853,-3.0833533405073315,12
-8.295909244427698,-3.0823330143979923,12
-8.295598425278161,-3.082710108494105,12
-8.295598425278161,-3.082710108494105,12
-8.295041260973317,-3.0823884924874942,12
-8.291880211963424,-3.082233763649665,12
-8.290326225645906,-3.084119988964039,12
-8.28859039005334,-3.0842318509436097,12
-8.28859039005334,-3.0842318509436097,12
-8.288901178562432,-3.083854545494029,12
-8.290015428382404,-3.0844972340269123,12
-8.290015428382404,-3.0844972340269123,12
-8.290883354933099,-3.0844413634238315,12
-8.290883354933099,-3.0844413634238315,12
-8.290947820172914,-3.0833654988382886,12
-8.291504958214519,-3.0836869336847883,12
-8.292372902274046,-3.08363118385512,12
-8.292191009226928,-3.0818565185867914,12
-8.292191009226928,-3.0818565185867914,12
-8.292191009226928,-3.0818565185867914,12
-8.291012267903902,-3.0822895134793384,12
-8.290701475017606,-3.0826667887355654,12
-8.290701475017606,-3.0826667887355654,12
-8.289340827515844,-3.081325027779725,12
-8.289094456097297,-3.0806261365168854,12
-8.287423002577619,-3.079661560237218,12
-8.285687193248293,-3.0797736033769016,12
-8.284883653147691,-3.0787530659140945,12
-8.28432650635167,-3.0784315706808894,12
-8.286062298172173,-3.078319406767802,12
-8.286062298172173,-3.078319406767802,12
-8.284883653147691,-3.0787530659140945,12
-8.283212212759633,-3.0777885802144826,12
-8.283212212759633,-3.0777885802144826,12
-8.280919335424006,-3.0775796716013026,12
-8.282280017943418,-3.0789216741039596,12
-8.282590749548822,-3.0785439761408,12
-8.283705025632035,-3.0791868458337994,12
-8.286619453722606,-3.078640962387709,12
-8.287176609273036,-3.078962518007618,12
-8.287798125010326,-3.078207484401526,12
-8.291762679103167,-3.079382509155341,12
-8.29548096245321,-3.079859337093419,12
-8.297527779151954,-3.0793714981717706,12
-8.299263824850435,-3.0792610854731084,12
-8.300131860831295,-3.079205969703837,12
-8.300689073285412,-3.079527917837323,12
-8.300442688735243,-3.0788289359944265,12
-8.300507118957405,-3.0777528298620656,12
-8.300260712521204,-3.0770536970524063,12
-8.299392667785932,-3.0771087524349756,12
-8.298771038241274,-3.077863001013908,12
-8.29821382140995,-3.0775410226870683,12
-8.297656604578627,-3.0772190443602288,12
-8.297345798560709,-3.0775962290363985,12
-8.295984954084652,-3.0762531093797065,12
-8.29505257542576,-3.0773849351483875,12
-8.296724186524877,-3.078350598388738,12
-8.296413380506959,-3.078727783064908,12
-8.295856181184458,-3.0784059255114755,12
-8.29505257542576,-3.0773849351483875,12
-8.294184583216968,-3.077440352851184,12
-8.292384247366936,-3.078627837869478,12
-8.29095910836212,-3.078361760339071,12
-8.28984475348919,-3.0777183471657317,12
-8.289287576052725,-3.077396640579062,12
-8.288237541971794,-3.0756763664395557,12
-8.287433909949854,-3.0746551949163514,12
-8.287498191346995,-3.073578062210011,12
-8.287187455364382,-3.0739557299798186,12
-8.286630260419091,-3.07363390261974,12
-8.287744650309673,-3.0742775573398973,12
-8.288237541971794,-3.0756763664395557,12
-8.288301845254967,-3.0745993846999777,12
-8.287187455364382,-3.0739557299798186,12
-8.286630260419091,-3.07363390261974,12
-8.2872517236299,-3.0728785066934226,12
-8.286448039081485,-3.0718569728499947,12
-8.286758761932477,-3.0714792145001315,12
-8.285022908831085,-3.0715909557062915,12
-8.284219206773841,-3.070569301089451,12
-8.283040596767012,-3.0710032017825633,12
-8.282236890332564,-3.0699815169723745,12
-8.271191248322323,-3.0764264670511725,12
-8.271748351346275,-3.0767476603508523,12
-8.271191248322323,-3.0764264670511725,12
-8.269209290811979,-3.075841158788979,12
-8.269519939250461,-3.0754628871521277,12
-8.271009000721477,-3.074649356121311,12
-8.271009000721477,-3.074649356121311,12
-8.271319653537166,-3.0742711146778117,12
-8.273301681082811,-3.0748569060336397,12
-8.274169476317311,-3.074800129629992,12
-8.275347955007943,-3.074365323136309,12
-8.27510148729085,-3.0736657676197225,12
-8.276590653814822,-3.0728529612293585,12
-8.27863701528409,-3.072361982199075,12
-8.280372737069285,-3.072249335192348,12
-8.282419194837093,-3.071759020415813,12
-8.283287090747343,-3.0717029384592696,12
-8.284712194734507,-3.0719687744428583,12
-8.285580112530788,-3.071912843453074,12
-8.286448039081485,-3.0718569728499947,12
-8.287626701614794,-3.071423434477106,12
-8.287626701614794,-3.071423434477106,12
-8.287937428842993,-3.0710457063205965,12
-8.288248156071191,-3.070667978164085,12
-8.287444423373504,-3.069646112193782,12
-8.288623099038432,-3.069212664400954,12
-8.288933821889422,-3.068834906051091,12
-8.290423246668581,-3.068023881068509,12
-8.290980502894765,-3.0683461311355185,12
-8.292405755706946,-3.068612993693085,12
-8.293273761047365,-3.0685576665703493,12
-8.296124345461449,-3.069091935165824,12
-8.296553065156594,-3.071568631805624,12
-8.298782090061325,-3.0728576320736636,12
-8.29921063466821,-3.075333120979378,12
-8.302618484062888,-3.076189700028566,12
-8.303668544407062,-3.077910155328187,12
-8.305029406391942,-3.079253395758288,12
-8.307258343752544,-3.080541792159284,12
-8.308930046772993,-3.08150808946003,12
-8.310044515453292,-3.082152287660529,12
-8.313206186026514,-3.082311303954377,12
-8.31456700423933,-3.083654242450951,12
-8.317171545525358,-3.0834918842850065,12
-8.320333434958908,-3.083652410246467,4
-8.321758937271866,-3.0839209938251155,4
-8.32318445709365,-3.0841896981771697,4
-8.32318445709365,-3.0841896981771697,4
-8.322627178981435,-3.0838672971433994,4
-8.32182358197715,-3.082846367167015,4
-8.322134541197295,-3.082470239258173,4
-8.320709016998302,-3.082201504712767,4
-8.319840788420354,-3.0822552919745405,4
-8.318415294861811,-3.0819867687825973,4
-8.318104357527698,-3.082363047658202,4
-8.31723615521299,-3.0824170160800897,4
-8.319348106864151,-3.0808579321557907,4
-8.320216335442097,-3.0808041448940173,4
-8.320216335442097,-3.0808041448940173,4
-8.319905393730778,-3.0811803935762665,4
-8.319348106864151,-3.0808579321557907,4
-8.31928351030814,-3.0819328909407684,4
-8.318415294861811,-3.0819867687825973,4
-8.318104357527698,-3.082363047658202,4
-8.316925222256085,-3.0827933251490425,4
-8.31456700423933,-3.083654242450951,4
-8.312830687154044,-3.0837627831617738,4
-8.310472591699076,-3.0846245458775474,4
-8.308982667918368,-3.0854321288179687,4
-8.30854251996341,-3.0879582044901124,4
-8.309345963765464,-3.088978077699167,4
-8.31039563016105,-3.090695815597085,4
-8.311199025813833,-3.0917153566792663,4
-8.311134297941624,-3.0927894096636734,4
-8.311691453492056,-3.093110965283582,4
-8.312805764592923,-3.0937540765233997,4
-8.314166258892454,-3.095094780711909,4
-8.314658599026549,-3.0964897854491777,4
-8.314217934561217,-3.099012298305759,4
-8.314088181166758,-3.101158351126619,4
-8.31426936510641,-3.1029281250718785,4
-8.315007573280301,-3.1050185488364797,4
-8.31518863903538,-3.1067875075612292,12
-8.315615660374382,-3.109252489180353,12
-8.31790890977257,-3.1094639642284765,12
-8.319580074396614,-3.1104265477468935,12
-8.321251239020658,-3.1113891312653124,12
-8.322611308731155,-3.1127269066986525,12
-8.322792098722218,-3.1144939632422073,12
-8.323840977220625,-3.11620626633672,12
-8.32551206305495,-3.117168306374797,12
-8.325381565535377,-3.1193092263257753,12
-8.325250997980502,-3.1214496631831175,12
-8.32598849704693,-3.123535195624651,12
-8.325857780667032,-3.1256746059080136,12
-8.325726994251827,-3.1278135330977452,4
-8.327397830585381,-3.128773852114742,4
-8.328135053887797,-3.1308574823750828,4
-8.328872198400497,-3.1329405691550853,4
-8.329363584303564,-3.1343289917415618,4
-8.330788640141453,-3.134594495598277,4
-8.33023172533738,-3.134274600612743,4
-8.329674810533309,-3.1339547056272092,4
-8.3302972629928,-3.1332061333985024,4
-8.3302972629928,-3.1332061333985024,4
-8.330542955944331,-3.1339003446917424,4
-8.329986036763053,-3.1335804195128567,4
-8.328806673876699,-3.1340091269493815,4
-8.329674810533309,-3.1339547056272092,4
-8.3302972629928,-3.1332061333985024,4
-8.330608489222545,-3.13283184728415,4
-8.331476647765188,-3.1327775769287403,4
-8.332033580078086,-3.133097592687685,4
-8.332590512390986,-3.133417608446628,4
-8.333147444703883,-3.133737624205571,4
-8.333704377016783,-3.1340576399645137,4
-8.333704377016783,-3.1340576399645137,4
-8.33221371348817,-3.134860120228401,4
-8.330968738533885,-3.136356781592177,4
-8.328118679384584,-3.1358261361989737,4
-8.32885564005461,-3.1379079548581785,4
-8.3297237635796,-3.1378534429559526,4
-8.330280647743226,-3.1381731265880184,4
-8.331394416070477,-3.1388124938521536,4
-8.332819450022335,-3.139077846742106,4
-8.33368760856498,-3.1390235763866983,4
-8.33232818668105,-3.137690269569495,4
-8.332082541878789,-3.13699639040313,4
-8.332950700421431,-3.1369421200477206,4
-8.333573214161813,-3.1361939705259463,4
-8.334818241642578,-3.1346976714823995,4
-8.332590512390986,-3.133417608446628,4
-8.33178787837214,-3.1324033210077413,4
-8.33178787837214,-3.1324033210077413,4
-8.33178787837214,-3.1324033210077413,4
-8.33091971545229,-3.1324575611697973,4
-8.33091971545229,-3.1324575611697973,4
-8.331165417158237,-3.133151832849739,4
-8.330854186551285,-3.13352608877074,4
-8.330854186551285,-3.13352608877074,4
-8.330362783139392,-3.1321375454108544,4
-8.33178787837214,-3.1324033210077413,4
-8.33067400499193,-3.131763229103152,4
-8.330051561286854,-3.1325118617185606,4
-8.33091971545229,-3.1324575611697973,4
-8.330362783139392,-3.1321375454108544,4
-8.330051561286854,-3.1325118617185606,4
-8.330608489222545,-3.13283184728415,4
-8.330608489222545,-3.13283184728415,4
-8.330051561286854,-3.1325118617185606,4
-8.330608489222545,-3.13283184728415,4
-8.330362783139392,-3.1321375454108544,4
-8.330608489222545,-3.13283184728415,4
-8.330362783139392,-3.1321375454108544,4
-8.329805850826492,-3.1318175296519133,4
-8.329805850826492,-3.1318175296519133,4
-8.330051561286854,-3.1325118617185606,4
-8.330051561286854,-3.1325118617185606,4
-8.329740339434315,-3.132886178026265,4
-8.330608489222545,-3.13283184728415,4
-8.330051561286854,-3.1325118617185606,4
-8.330362783139392,-3.1321375454108544,4
-8.329805850826492,-3.1318175296519133,4
-8.329805850826492,-3.1318175296519133,4
-8.330051561286854,-3.1325118617185606,4
-8.330051561286854,-3.1325118617185606,4
-8.330051561286854,-3.1325118617185606,4
-8.329494633351162,-3.1321918761529712,4
-8.330051561286854,-3.1325118617185606,4
-8.329494633351162,-3.1321918761529712,4
-8.330051561286854,-3.1325118617185606,4
-8.330051561286854,-3.1325118617185606,4
-8.329183415875828,-3.1325662226540274,4
-8.329740339434315,-3.132886178026265,4
-8.328872198400497,-3.1329405691550853,4
-8.328626492317344,-3.1322462672817863,4
-8.32615306573701,-3.1302719627594264,4
-8.325415816171356,-3.1281881513389713,4
-8.325726994251827,-3.1278135330977452,4
-8.325170048807308,-3.1274934267587433,4
-8.325792396213842,-3.126744129889582,4
-8.325366175903637,-3.124284673653925,4
-8.324006408220393,-3.1229489815618905,4
-8.324006408220393,-3.1229489815618905,4
-8.325366175903637,-3.124284673653925,0
-8.327528669527066,-3.126635287245241,0
-8.331558301668633,-3.1267386744828265,0
-8.33527688266872,-3.1272175555688584,0
-8.339241349217431,-3.1283919764556263,0
-8.3429601840955,-3.1288726087560903,0
-8.34667915028976,-3.1293541468571178,0
-8.350332644486702,-3.130904605072672,0
-8.351446710464003,-3.131546025484763,0
-8.353920522238512,-3.1335229870221237,0
-8.356394290240956,-3.135499646625963,0
-8.358933779741495,-3.136409107136359,0
-8.360539074042423,-3.1384378631742447,0
-8.36121001556431,-3.1415848277789387,0
-8.361323805912969,-3.1444102669570793,0
-8.36112601110095,-3.1476075163946877,0
-8.355160975786136,-3.1508010122666104,0
-8.357700018811606,-3.1517073930550747,0
-8.356208768737314,-3.152505827409758,0
-8.355406432368515,-3.1514935931188255,0
-8.353358350657079,-3.1519727061616702,0
-8.354472110229917,-3.1526120130391,0
-8.35534043510641,-3.152558890031079,0
-8.35534043510641,-3.152558890031079,0
-8.355028990016336,-3.1529316664778175,0
-8.355028990016336,-3.1529316664778175,0
-8.35509499165565,-3.151866399758916,0
-8.356274770376626,-3.15144056069086,0
-8.354783550942784,-3.152239206399008,0
-8.353046918698626,-3.152345573188466,0
-8.35162174467616,-3.152079254111243,0
-8.351442245961024,-3.1503211046066006,0
-8.349526106247321,-3.1486692615047165,0
-8.348789592052363,-3.1465905225674415,0
-8.346316445613251,-3.1446181504196247,0
-8.3449570762558,-3.143285205922645,0
-8.34154987031048,-3.142433065296242,0
-8.339010954224005,-3.1415275601149926,0
-8.337897159633512,-3.140888011690743,0
-8.337897159633512,-3.140888011690743,0
-8.337897159633512,-3.140888011690743,0
-8.337897159633512,-3.140888011690743,0
-8.337897159633512,-3.140888011690743,0
-8.337897159633512,-3.140888011690743,0
-8.337897159633512,-3.140888011690743,0
-8.337897159633512,-3.140888011690743,0
-8.337897159633512,-3.140888011690743,0
-8.337897159633512,-3.140888011690743,0
-8.339322263620673,-3.1411538476743317,0
-8.339010954224005,-3.1415275601149926,0
-8.339010954224005,-3.1415275601149926,0
-8.338454056928757,-3.1412077859028678,0
-8.338454056928757,-3.1412077859028678,0
-8.337897159633512,-3.140888011690743,0
-8.338454056928757,-3.1412077859028678,0
-8.338454056928757,-3.1412077859028678,0
-8.338454056928757,-3.1412077859028678,0
-8.33876536194822,-3.140834043268857,0
-8.339010954224005,-3.1415275601149926,0
-8.338454056928757,-3.1412077859028678,0
-8.338454056928757,-3.1412077859028678,0
-8.338142751909295,-3.1415815285368787,0
-8.338142751909295,-3.1415815285368787,0
-8.33876536194822,-3.140834043268857,0
-8.339076666967683,-3.1404603006348424,0
-8.339076666967683,-3.1404603006348424,0
-8.339076666967683,-3.1404603006348424,0
-8.339076666967683,-3.1404603006348424,0
-8.33876536194822,-3.140834043268857,0
-8.33876536194822,-3.140834043268857,0
-8.338208460275768,-3.14051423886338,0
-8.337897159633512,-3.140888011690743,0
-8.338519760918025,-3.1401404660360157,0
-8.338519760918025,-3.1401404660360157,0
-8.338208460275768,-3.14051423886338,0
-8.338831061560281,-3.1397666932086494,0
-8.338831061560281,-3.1397666932086494,0
-8.338831061560281,-3.1397666932086494,0
-8.33969927700661,-3.139712815366819,0
-8.33969927700661,-3.139712815366819,0
-8.33969927700661,-3.139712815366819,0
-8.339944882414011,-3.1404064227930117,0
-8.339502112512328,-3.1429144126471513,0
-8.339567851519249,-3.1418473343271174,0
-8.339567851519249,-3.1418473343271174,0
-8.339813430663412,-3.142540760593196,0
-8.339813430663412,-3.142540760593196,0
-8.339813430663412,-3.142540760593196,0
-8.339813430663412,-3.142540760593196,0
-8.339813430663412,-3.142540760593196,0
-8.339256537745372,-3.142221016574423,0
-8.339813430663412,-3.142540760593196,0
-8.340124748814494,-3.142167108539242,0
-8.339813430663412,-3.142540760593196,0
-8.338699644827335,-3.1419012725556517,0
-8.339567851519249,-3.1418473343271174,0
-8.339567851519249,-3.1418473343271174,0
-8.337520141870367,-3.1423290138049023,0
-8.337208836850905,-3.142702756438915,0
-8.337208836850905,-3.142702756438915,0
-8.336651957064486,-3.142383103000199,0
-8.337454407240656,-3.14339612231829,0
-8.33863391019762,-3.1429683810690356,0
-8.338945223971496,-3.14259469882173,0
-8.33863391019762,-3.1429683810690356,0
-8.33863391019762,-3.1429683810690356,0
-8.339502112512328,-3.1429144126471513,0
-8.339813430663412,-3.142540760593196,0
-8.339256537745372,-3.142221016574423,0
-8.339256537745372,-3.142221016574423,0
-8.339256537745372,-3.142221016574423,0
-8.339813430663412,-3.142540760593196,0
-8.339747678524873,-3.1436077483331744,0
-8.340304562688498,-3.143927431965242,0
-8.339993235783002,-3.1443010236324938,0
-8.34037032358145,-3.142860504611969,0
-8.339322263620673,-3.1411538476743317,0
-8.339076666967683,-3.1404603006348424,0
-8.339322263620673,-3.1411538476743317,0
-8.339567851519249,-3.1418473343271174,0
-8.339256537745372,-3.142221016574423,0
-8.337454407240656,-3.14339612231829,0
-8.33863391019762,-3.1429683810690356,0
-8.338568158059081,-3.1440353688090177,0
-8.338945223971496,-3.14259469882173,0
-8.34005900105316,-3.1432341264725707,0
-8.339010954224005,-3.1415275601149926,0
-8.34005900105316,-3.1432341264725707,0
-8.339747678524873,-3.1436077483331744,0
-8.339502112512328,-3.1429144126471513,0
-8.340615889593995,-3.14355384029799,0
-8.340124748814494,-3.142167108539242,0
-8.34068164610974,-3.1424868827513652,0
-8.34117277813483,-3.1438735541234113,0
-8.340124748814494,-3.142167108539242,0
-8.34117277813483,-3.1438735541234113,0
-8.340124748814494,-3.142167108539242,0
-8.34005900105316,-3.1432341264725707,0
-8.339813430663412,-3.142540760593196,0
-8.338699644827335,-3.1419012725556517,0
-8.339813430663412,-3.142540760593196,0
-8.338388335430665,-3.1422749849963107,0
-8.339502112512328,-3.1429144126471513,0
-8.338142751909295,-3.1415815285368787,0
-8.339502112512328,-3.1429144126471513,0
-8.339436355996583,-3.143981370193778,0
-8.338699644827335,-3.1419012725556517,0
-8.34037032358145,-3.142860504611969,0
-8.338945223971496,-3.14259469882173,0
-8.339813430663412,-3.142540760593196,0
-8.340124748814494,-3.142167108539242,0
-8.34154987031048,-3.142433065296242,0
-8.342106771982934,-3.1427528697017184,0
-8.34092721649949,-3.14318024863074,0
-8.341861197215977,-3.142059473628988,0
-8.340992968638028,-3.1421132608907634,0
-8.341304291166317,-3.1417396390301597,0
-8.34092721649949,-3.14318024863074,0
-8.34037032358145,-3.142860504611969,0
-8.338208460275768,-3.14051423886338,0
-8.337340262338262,-3.1405682374786164,0
-8.337028966073213,-3.1409420404993327,0
-8.338699644827335,-3.1419012725556517,0
-8.338208460275768,-3.14051423886338,0
-8.338699644827335,-3.1419012725556517,0
-8.339633573017341,-3.140780135233671,0
-8.34068164610974,-3.1424868827513652,0
-8.339813430663412,-3.142540760593196,0
-8.339747678524873,-3.1436077483331744,0
-8.339567851519249,-3.1418473343271174,0
-8.338945223971496,-3.14259469882173,0
-8.34005900105316,-3.1432341264725707,0
-8.339747678524873,-3.1436077483331744,0
-8.339747678524873,-3.1436077483331744,0
-8.340304562688498,-3.143927431965242,0
-8.338256839907999,-3.144409020862973,0
-8.337388655102117,-3.1444631100582683,0
-8.338256839907999,-3.144409020862973,0
-8.337765716637325,-3.1430224098776307,0
-8.336209169653978,-3.1448909720809297,0
-8.336274921792516,-3.1438239843409512,0
-8.333604707157665,-3.145053873727216,0
-8.335341006734128,-3.1449452122429875,0
-8.334784153210947,-3.144625739964386,0
-8.335095453853203,-3.1442519671370217,0
-8.335652311753591,-3.144571469608975,0
-8.333604707157665,-3.145053873727216,0
-8.332425278613211,-3.1454821282634544,0
-8.333293410892615,-3.145427676747932,0
-8.332425278613211,-3.1454821282634544,0
-8.332425278613211,-3.1454821282634544,0
-8.33155715508822,-3.145536640165684,0
-8.33155715508822,-3.145536640165684,0
-8.330443491813924,-3.144897997542003,0
-8.328150465653273,-3.144688062354845,0
-8.328952837039726,-3.145700538192596,0
-8.327527934404065,-3.1454360911032087,0
-8.329509655545255,-3.146019768924379,0
-8.32957538579776,-3.1449526302176416,0
-8.330443491813924,-3.144897997542003,0
-8.330197934555795,-3.1442047222426854,0
-8.332802305130768,-3.1440411865360005,0
-8.330754770570149,-3.1445240737478777,0
-8.331934172851364,-3.1440956380515246,0
-8.331000323451072,-3.1452173188538435,0
-8.331934172851364,-3.1440956380515246,0
-8.331311606584503,-3.14484342525307,0
-8.331934172851364,-3.1440956380515246,0
-8.332802305130768,-3.1440411865360005,0
-8.330754770570149,-3.1445240737478777,0
-8.33168860683882,-3.1434023023655016,0
-8.332245455984793,-3.143721744450751,0
-8.331377328082596,-3.143776226159627,0
-8.332245455984793,-3.143721744450751,0
-8.332802305130768,-3.1440411865360005,0
-8.332245455984793,-3.143721744450751,0
-8.326971120275743,-3.1451168905647773,0
-8.327904904017934,-3.143994756862174,0
-8.327527934404065,-3.1454360911032087,0
-8.328150465653273,-3.144688062354845,0
-8.32634859778095,-3.145864979699848,0
-8.32721666877946,-3.1458101054773913,0
-8.324546764926277,-3.1470421385916687,0
-8.322499444848779,-3.1475265052778063,0
-8.322433714596272,-3.148593643984544,0
-8.32267922370513,-3.1492865871569897,0
-8.320697695161034,-3.1487042378433188,0
-8.32125445238567,-3.149023045868171,0
-8.322613462812178,-3.1503535145102646,0
-8.322858950035005,-3.1510463067159478,0
-8.322236418785796,-3.151794335464311,0
-8.32539722704933,-3.151947403667764,0
-8.32577431047057,-3.150506854453889,0
-8.326019793316188,-3.151199616466217,0
-8.326510732744188,-3.1525849593307633,0
-8.32539722704933,-3.151947403667764,0
-8.324906270112503,-3.1505619400298084,0
-8.32149995711732,-3.1497159588472634,0
-8.320631956154113,-3.1497713161633563,0
-8.31896171074344,-3.1488150732489117,0
-8.318093731666266,-3.1488705815317637,0
-8.316423499387216,-3.147914429197378,0
-8.315064471451876,-3.1465838397818757,0
-8.313083034829116,-3.1460021245286036,0
-8.31172398063054,-3.1446713539529902,0
-8.312591911558442,-3.144615513543263,0
-8.313459851240758,-3.1445597335202393,0
-8.314884561279328,-3.144822852102127,0
-8.312903094016121,-3.144240925495387,0
-8.310610483690091,-3.1440338586766945,0
-8.309808147321291,-3.143021624385762,0
-8.307204446458922,-3.1431897796753443,0
-8.307204446458922,-3.1431897796753443,0
-8.307335521769756,-3.141052845246863,0
-8.305910877389284,-3.1407901795652613,0
-8.305354124541854,-3.1404714017337607,0
-8.303372753577186,-3.139890139380773,0
-8.303061641154812,-3.1402652105222835,0
-8.302816005106964,-3.1395713917426242,0
-8.303127113152133,-3.13919629040776,0
-8.302570360304703,-3.1388775125762596,0
-8.302570360304703,-3.1388775125762596,0
-8.302570360304703,-3.1388775125762596,0
-8.302259256636741,-3.1392526441044772,0
-8.301702508166517,-3.1389338964663303,0
-8.301145759696295,-3.1386151488281815,0
-8.301456854609842,-3.13823995691326,0
-8.301456854609842,-3.13823995691326,0
-8.301702508166517,-3.1389338964663303,0
-8.302013607457273,-3.138558734744759,0
-8.299721176596714,-3.1383529058535107,0
-8.301211192298757,-3.1375459569734865,0
-8.30232470674803,-3.138183573023193,0
-8.30232470674803,-3.138183573023193,0
-8.301276607392392,-3.136476644345384,0
-8.30207904443694,-3.137489573083421,0
-8.301522282835098,-3.1371707348652134,0
-8.30183337337144,-3.1367955127569402,0
-8.301522282835098,-3.1371707348652134,0
-8.30183337337144,-3.1367955127569402,0
-8.302144463907783,-3.136420290648669,0
-8.30239013935049,-3.1371143811685,0
-8.303880203201805,-3.136307764415349,0
-8.302701234264038,-3.1367391892535785,0
-8.302946905329538,-3.137433249580056,0
-8.303503671308588,-3.137752117991612,0
-8.303503671308588,-3.137752117991612,0
-8.304060437287637,-3.138070986403168,0
-8.304928315689061,-3.1380147836732135,0
-8.304371545332806,-3.1376958850683057,0
-8.304682653377974,-3.1373207837334416,0
-8.304993761423141,-3.1369456823985757,0
-8.302766644980467,-3.1356698464321227,0
-8.304436982312474,-3.1366267234069625,0
-8.304993761423141,-3.1369456823985757,0
-8.304993761423141,-3.1369456823985757,0
-8.30530486946831,-3.1365705810637117,0
-8.304748085980435,-3.1362515918787466,0
-8.305059189648398,-3.1358764603505307,0
-8.304502401783315,-3.135557440972212,0
-8.303945613918234,-3.135238421593895,0
-8.304256708831781,-3.134863229678974,0
-8.303945613918234,-3.135238421593895,0
-8.303945613918234,-3.135238421593895,0
-8.303945613918234,-3.135238421593895,0
-8.303323424091136,-3.135988805423736,0
-8.303323424091136,-3.135988805423736,0
-8.303077735516808,-3.1352946243238495,0
-8.302520952028935,-3.1349756351388827,0
-8.301964168541055,-3.1346566459539176,0
-8.302275250322985,-3.134281363458939,0
-8.302209865869798,-3.1353508874405094,0
-8.302209865869798,-3.1353508874405094,0
-8.302275250322985,-3.134281363458939,0
-8.302586332104914,-3.1339060809639623,0
-8.302275250322985,-3.134281363458939,0
-8.303143124347205,-3.134225130535633,0
-8.302586332104914,-3.1339060809639623,0
-8.30283203818807,-3.1346003828372577,0
-8.303454210506342,-3.1338498782340096,0
-8.30283203818807,-3.1346003828372577,0
-8.303143124347205,-3.134225130535633,0
-8.303634519004685,-3.1356136135088164,0
-8.302897413886843,-3.1335307984689855,0
-8.303699916589494,-3.1345441801073015,0
-8.302897413886843,-3.1335307984689855,0
-8.301964168541055,-3.1346566459539176,0
-8.301342004977197,-3.135407210943873,0
-8.300228455510272,-3.1347693533473517,0
-8.300228455510272,-3.1347693533473517,0
-8.299671680776811,-3.1344504245490885,0
-8.302029539862627,-3.1335870313922918,0
-8.3027170397304,-3.1317666102938944,0
-8.302029539862627,-3.1335870313922918,0
-8.302275250322985,-3.134281363458939,0
-8.303143124347205,-3.134225130535633,0
-8.302520952028935,-3.1349756351388827,0
-8.302897413886843,-3.1335307984689855,0
-8.30283203818807,-3.1346003828372577,0
-8.301161674592821,-3.1336433247023034,0
-8.299982749427121,-3.1340750514740527,0
-8.301718462457902,-3.133962344080622,0
-8.301718462457902,-3.133962344080622,0
-8.302275250322985,-3.134281363458939,0
-8.302897413886843,-3.1335307984689855,0
-8.30060488672774,-3.1333243053239848,0
-8.302340617267348,-3.133211718703963,0
-8.301783820647852,-3.132892638938941,0
-8.30209489367537,-3.1325172960572587,0
-8.301538092678667,-3.132198186098881,0
-8.300981291681966,-3.131879076140507,0
-8.300670227408862,-3.1322544794088945,0
-8.300981291681966,-3.131879076140507,0
-8.300735550581162,-3.1311845327203933,0
-8.300735550581162,-3.1311845327203933,0
-8.299065134459433,-3.130227112265212,0
-8.299065134459433,-3.130227112265212,0
-8.298508329085527,-3.129907972113484,0
-8.298819371472597,-3.1295324178783375,0
-8.298819371472597,-3.1295324178783375,0
-8.300489800725941,-3.130489928913578,0
-8.302782367279907,-3.130696693798745,0
-8.304829236505128,-3.130209217197324,0
-8.30514031390985,-3.1298339045089936,0
-8.306253985938561,-3.13047260751938,0
-8.305697149924205,-3.130153256014186,0
-8.306008231706134,-3.129777973519209,0
-8.302912969852436,-3.128556498488221,0
-8.30514031390985,-3.1298339045089936,0
-8.303780870139892,-3.1285004467250275,0
-8.304583477895497,-3.1295145530038013,0
-8.302912969852436,-3.128556498488221,0
-8.304026641881142,-3.1291952014986073,0
-8.302667189356772,-3.1278616833279393,0
-8.303535089644228,-3.127805631564746,0
-8.302421400106692,-3.1271668077809487,0
-8.302240837730368,-3.1254013212917116,0
-8.301553508573647,-3.127222919930846,0
-8.299260920133651,-3.127016004078916,0
-8.300685625795017,-3.1272790924674503,0
-8.299260920133651,-3.127016004078916,0
-8.300128789780663,-3.1269597409622563,0
-8.299260920133651,-3.127016004078916,0
-8.300439827790527,-3.126584156533756,0
-8.298769306615844,-3.1256260114381202,0
-8.299882987398966,-3.126264774835212,0
-8.301553508573647,-3.127222919930846,0
-8.304402998686097,-3.127749640188256,0
-8.30415720943602,-3.127054764641267,0
-8.304468269331917,-3.1266793311795293,0
-8.306138843033077,-3.1276378385953922,0
-8.303224029748332,-3.128181065026485,0
-8.303780870139892,-3.1285004467250275,0
-8.302110348965208,-3.12754230162939,0
-8.299637176262856,-3.125569748321464,0
-8.299882987398966,-3.126264774835212,0
-8.299260920133651,-3.127016004078916,0
-8.30124246180937,-3.1275984439726408,0
-8.302045078319392,-3.128612610638122,0
-8.303535089644228,-3.127805631564746,0
-8.30582777000556,-3.1280131814770744,0
-8.304402998686097,-3.127749640188256,0
-8.306695700933464,-3.1279573410673454,0
-8.304959847832071,-3.1280690822735053,0
-8.304959847832071,-3.1280690822735053,0
-8.304402998686097,-3.127749640188256,0
-8.302110348965208,-3.12754230162939,0
-8.302110348965208,-3.12754230162939,0
-8.302110348965208,-3.12754230162939,0
-8.300996668182087,-3.126903538232302,0
-8.300439827790527,-3.126584156533756,0
-8.299326147007406,-3.125945393136666,0
-8.299637176262856,-3.125569748321464,0
-8.299080331494089,-3.1252503364295645,0
-8.299637176262856,-3.125569748321464,0
-8.30124246180937,-3.1275984439726408,0
-8.306138843033077,-3.1276378385953922,0
-8.30415720943602,-3.127054764641267,0
-8.300685625795017,-3.1272790924674503,0
-8.299637176262856,-3.125569748321464,0
-8.301618752956227,-3.1261524297620067,0
-8.300194021031622,-3.12588916021336,0
-8.299882987398966,-3.126264774835212,0
-8.302421400106692,-3.1271668077809487,0
-8.302045078319392,-3.128612610638122,0
-8.302045078319392,-3.128612610638122,0
-8.303780870139892,-3.1285004467250275,0
-8.30582777000556,-3.1280131814770744,0
-8.305516696978044,-3.128388524358755,0
-8.304337710531453,-3.1288198284235733,0
-8.303224029748332,-3.128181065026485,0
-8.300374583407947,-3.1276546467025987,0
-8.302486648866477,-3.1260963478054595,0
-8.301929795343298,-3.1257768755268582,0
-8.302551880117438,-3.125025767056563,0
-8.302928131869434,-3.123579481105754,0
-8.301011650733617,-3.1219252829223922,0
-8.302060222827565,-3.1236354724822455,0
-8.301257505641797,-3.1226206113696637,0
-8.301749189194908,-3.1240110871040976,0
-8.301683979829981,-3.1250818188197567,0
-8.302421400106692,-3.1271668077809487,0
-8.304648779181761,-3.1284444553485393,0
-8.303780870139892,-3.1285004467250275,0
-8.304337710531453,-3.1288198284235733,0
-8.303780870139892,-3.1285004467250275,0
-8.303715573230832,-3.1295705745736413,0
-8.304337710531453,-3.1288198284235733,0
-8.304337710531453,-3.1288198284235733,0
-8.304402998686097,-3.127749640188256,0
-8.302486648866477,-3.1260963478054595,0
-8.302667189356772,-3.1278616833279393,0
-8.303158741593686,-3.1292512532618026,0
-8.302667189356772,-3.1278616833279393,0
-8.301799297823724,-3.1279177954778348,0
-8.30124246180937,-3.1275984439726408,0
-8.299571953766309,-3.126640389457064,0
-8.30124246180937,-3.1275984439726408,0
-8.301864555337925,-3.126847395889051,0
-8.301553508573647,-3.127222919930846,0
-8.301553508573647,-3.127222919930846,0
-8.30124246180937,-3.1275984439726408,0
-8.301553508573647,-3.127222919930846,0
-8.301799297823724,-3.1279177954778348,0
-8.301553508573647,-3.127222919930846,0
-8.301799297823724,-3.1279177954778348,0
-8.302667189356772,-3.1278616833279393,0
-8.301799297823724,-3.1279177954778348,0
-8.302421400106692,-3.1271668077809487,0
-8.30124246180937,-3.1275984439726408,0
-8.301799297823724,-3.1279177954778348,0
-8.302421400106692,-3.1271668077809487,0
-8.301799297823724,-3.1279177954778348,0
-8.302978244875462,-3.12748621967285,0
-8.302110348965208,-3.12754230162939,0
-8.30148824668224,-3.128293289326278,0
-8.300996668182087,-3.126903538232302,0
-8.30124246180937,-3.1275984439726408,0
-8.301799297823724,-3.1279177954778348,0
-8.30148824668224,-3.128293289326278,0
-8.30148824668224,-3.128293289326278,0
-8.301553508573647,-3.127222919930846,0
-8.301553508573647,-3.127222919930846,0
-8.301553508573647,-3.127222919930846,0
-8.301553508573647,-3.127222919930846,0
-8.302421400106692,-3.1271668077809487,0
-8.301553508573647,-3.127222919930846,0
-8.301864555337925,-3.126847395889051,0
-8.301553508573647,-3.127222919930846,0
-8.302110348965208,-3.12754230162939,0
-8.301553508573647,-3.127222919930846,0
-8.30124246180937,-3.1275984439726408,0
-8.30124246180937,-3.1275984439726408,0
-8.30124246180937,-3.1275984439726408,0
-8.301553508573647,-3.127222919930846,0
-8.301553508573647,-3.127222919930846,0
-8.301553508573647,-3.127222919930846,0
-8.302110348965208,-3.12754230162939,0
-8.301553508573647,-3.127222919930846,0
-8.301799297823724,-3.1279177954778348,0
-8.302912969852436,-3.128556498488221,0
-8.301799297823724,-3.1279177954778348,0
-8.302667189356772,-3.1278616833279393,0
-8.302356133838082,-3.128237146983029,0
-8.303535089644228,-3.127805631564746,0
-8.301799297823724,-3.1279177954778348,0
-8.30415720943602,-3.127054764641267,0
-8.304533522468908,-3.125608901397392,0
-8.303043502389656,-3.1264158200840626,0
-8.301553508573647,-3.127222919930846,0
-8.30124246180937,-3.1275984439726408,0
-8.300996668182087,-3.126903538232302,0
-8.300996668182087,-3.126903538232302,0
-8.300685625795017,-3.1272790924674503,0
-8.301553508573647,-3.127222919930846,0
-8.300931415045094,-3.1279739680144374,0
-8.30124246180937,-3.1275984439726408,0
-8.301553508573647,-3.127222919930846,0
-8.301553508573647,-3.127222919930846,0
-8.302110348965208,-3.12754230162939,0
-8.301799297823724,-3.1279177954778348,0
-8.302110348965208,-3.12754230162939,0
-8.30124246180937,-3.1275984439726408,0
-8.302110348965208,-3.12754230162939,0
-8.300685625795017,-3.1272790924674503,0
-8.301864555337925,-3.126847395889051,0
-8.301683979829981,-3.1250818188197567,0
-8.301995017839843,-3.1247062343912564,0
-8.300439827790527,-3.126584156533756,0
-8.300374583407947,-3.1276546467025987,0
-8.300128789780663,-3.1269597409622563,0
-8.299882987398966,-3.126264774835212,0
-8.300194021031622,-3.12588916021336,0
-8.30050505466428,-3.1255135455915077,0
-8.299637176262856,-3.125569748321464,0
-8.300194021031622,-3.12588916021336,0
-8.300194021031622,-3.12588916021336,0
-8.299948205518305,-3.1251941035062583,0
-8.30001340612882,-3.124123311403892,0
-8.300570264029208,-3.1244428138758487,0
-8.30001340612882,-3.124123311403892,0
-8.300635455885308,-3.1233719613867788,0
-8.300389609731543,-3.122676693326211,0
-8.300389609731543,-3.122676693326211,0
-8.300389609731543,-3.122676693326211,0
-8.298407989266106,-3.122093709952143,0
-8.30070063023258,-3.1223009881243,0
-8.300389609731543,-3.122676693326211,0
-8.300946480763553,-3.1229962863782212,0
-8.301257505641797,-3.1226206113696637,0
-8.30156853052004,-3.122244936361108,0
-8.304237458256164,-3.121006170129279,0
-8.304302615094613,-3.119935076093393,0
-8.305416435948343,-3.120574805677755,0
-8.304613644350063,-3.119559431278187,0
-8.304302615094613,-3.119935076093393,0
-8.305170559154135,-3.119879326263721,0
-8.30510539793848,-3.1209503901062554,0
-8.305973346375207,-3.120894670469937,0
-8.305416435948343,-3.120574805677755,0
-8.305416435948343,-3.120574805677755,0
-8.304302615094613,-3.119935076093393,0
-8.303991585839162,-3.1203107209085985,0
-8.304302615094613,-3.119935076093393,0
-8.303745704667747,-3.1196152113012108,0
-8.302631883814016,-3.1189754817168467,0
-8.301207055590865,-3.118711547914449,0
-8.29953633744189,-3.117752044117962,0
-8.298733510825954,-3.116736428171576,0
-8.29848758150527,-3.1160405864373146,0
-8.298241643430167,-3.1153446843163497,0
-8.299109543717627,-3.1152886325531544,0
-8.29855262015914,-3.114968677180917,0
-8.29848758150527,-3.1160405864373146,0
-8.297373751897126,-3.115400796466247,0
-8.29743877304217,-3.11432876643644,0
-8.298371676965846,-3.113200563870034,0
-8.298190681246076,-3.111432088238919,0
-8.297387732068357,-3.1104156268786696,0
-8.29769868253409,-3.110039438583126,0
-8.297452670046479,-3.1093430231751675,0
-8.297517590515774,-3.1082702986982618,0
-8.297452670046479,-3.1093430231751675,0
-8.29732277658141,-3.111488109808761,0
-8.29732277658141,-3.111488109808761,0
-8.297076781602625,-3.110791815174215,0
-8.297076781602625,-3.110791815174215,0
-8.297076781602625,-3.110791815174215,0
-8.297076781602625,-3.110791815174215,0
-8.2965198317809,-3.1104716786418614,0
-8.297141723957953,-3.1097192416640684,0
-8.297206648804455,-3.108646547380511,0
-8.296960618808017,-3.107950011199149,0
-8.297271556142128,-3.107573732323546,0
-8.296714580057166,-3.1072534146310815,0
-8.296714580057166,-3.1072534146310815,0
-8.296714580057166,-3.1072534146310815,0
-8.296960618808017,-3.107950011199149,0
-8.297582493476241,-3.107197453447945,0
-8.297271556142128,-3.107573732323546,0
-8.297893430810355,-3.1068211745723424,0
-8.297271556142128,-3.107573732323546,0
-8.296157603972201,-3.106933096938617,0
-8.296649681473903,-3.10832629007475,0
-8.295781781186449,-3.1083823418379453,0
-8.297271556142128,-3.107573732323546,0
-8.297582493476241,-3.107197453447945,0
-8.297893430810355,-3.1068211745723424,0
-8.297893430810355,-3.1068211745723424,0
-8.298204368144468,-3.1064448956967396,0
-8.298450415649732,-3.1071415526515125,0
-8.297893430810355,-3.1068211745723424,0
-8.297828532227093,-3.107894050016011,0
-8.298204368144468,-3.1064448956967396,0
-8.297893430810355,-3.1068211745723424,0
-8.297958311884791,-3.105748178355263,0
-8.30111913765715,-3.105901367332125,0
-8.30111913765715,-3.105901367332125,0
-8.30074327985374,-3.1073503706846353,0
-8.300808187191414,-3.1062775556276705,0
-8.298761357361052,-3.1067653039692615,0
-8.299940238754687,-3.106333275263987,0
-8.298761357361052,-3.1067653039692615,0
-8.299940238754687,-3.106333275263987,0
-8.300251184843212,-3.1059570567750896,0
-8.30056213093174,-3.1055808382861922,0
-8.29969418249501,-3.1056365579225105,0
-8.301430088122881,-3.1055251790365794,0
-8.302479194236025,-3.107239052185408,0
-8.30118402310879,-3.1048284013083975,0
-8.301313741485599,-3.102682106940719,0
-8.300199675508301,-3.10204068652863,0
-8.299396529356288,-3.1010228664675257,8
-8.297349721411956,-3.101510765775881,8
-8.297168379892867,-3.0997399048699386,8
-8.29580815698014,-3.0984010726692706,8
-8.294694073494018,-3.0977595314837707,8
-8.293826155697733,-3.097815462473555,8
-8.2917794790696,-3.0983042675824777,8
-8.290665430601127,-3.097662967943794,8
-8.289797552199703,-3.0977191706737504,8
-8.289240532342674,-3.097398551047762,8
-8.287504810557477,-3.097511198054489,8
-8.286326126138135,-3.0979445854606134,8
-8.285704452821411,-3.098698532106024,8
-8.28459046563383,-3.0980576551742747,8
-8.283165659296714,-3.0977938723386362,8
-8.281248504071089,-3.0961350243790253,8
-8.28062690078967,-3.0968894541180703,8
-8.280069915950293,-3.0965690760389,8
-8.279448321423287,-3.0973235661646488,8
-8.278515929632777,-3.0984553013532725,8
-8.276534256640861,-3.097871955658981,8
-8.275174151912712,-3.096533938678821,8
-8.274124778789968,-3.094818223735503,8
-8.273321584488686,-3.0938000715475305,8
-8.273075353140747,-3.0931021464719635,8
-8.273075353140747,-3.0931021464719635,8
-8.272518372678574,-3.0927817985861434,8
-8.272829113038393,-3.0924041610096893,8
-8.273386097877772,-3.092724539088863,8
-8.275989326001834,-3.0925531229172343,8
-8.275367810264546,-3.0933081565233245,8
-8.27623556172698,-3.093251078186155,8
-8.277167848464533,-3.092118618357077,8
-8.276300083870478,-3.092175606114189,8
-8.275989326001834,-3.0925531229172343,8
-8.276481788697712,-3.09394897306837,8
-8.276171022074655,-3.0943264294847115,8
-8.276106464913504,-3.0954016600098555,8
-8.275549488828538,-3.095081342317391,8
-8.275238722205483,-3.0954587987337323,8
-8.274681750497725,-3.0951385112346195,8
-8.27387856057365,-3.0941203892399933,8
-8.273632333602917,-3.0934224943577817,8
-8.272829113038393,-3.0924041610096893,8
-8.272582864181627,-3.0917061151607133,8
-8.272336606570448,-3.0910080089250336,8
-8.271533342233862,-3.089989373643421,8
-8.270665625789082,-3.090046693527409,8
-8.270665625789082,-3.090046693527409,8
-8.269862348320872,-3.0890279676657393,8
-8.269305350349876,-3.088707499006512,8
-8.268437651413919,-3.0887649396639105,8
-8.26714172740716,-3.086349095530313,8
-8.266584720681749,-3.08602856648438,8
-8.26602771395634,-3.0857080374384473,8
-8.264849366581904,-3.086143749732699,8
-8.265031325287115,-3.08791886790131,8
-8.26354231634258,-3.088732761252354,8
-8.262364003985795,-3.08916871509342,8
-8.264034892845828,-3.0901293964306475,8
-8.264902543632513,-3.0900716236463754,8
-8.265148818752518,-3.090769850655464,8
-8.26588759158605,-3.0928641693625067,8
-8.266626285629869,-3.0949579445892077,8
-8.270032449800027,-3.095802899197775,8
-8.271703286133583,-3.0967632182147753,8
-8.27424183891192,-3.0976662173477845,8
-8.275848061180636,-3.0997013743763517,8
-8.27931904952155,-3.0994729402542625,8
-8.282168530879584,-3.0999996001249635,8
-8.283036326114084,-3.0999428237213174,8
-8.285639764344063,-3.099772856830601,8
-8.287310718862194,-3.100733991068111,8
-8.289292540679135,-3.1013183633363823,8
-8.290652627898455,-3.1026562595431315,8
-8.292323582416586,-3.1036173937806417,8
-8.295484254986714,-3.103769525990174,8
-8.297155248899703,-3.104730931967852,8
-8.298826242812694,-3.105692337945534,0
-8.29938324078369,-3.1060128066047614,0
-8.300873077020265,-3.105204619797295,0
-8.30118402310879,-3.1048284013083975,0
-8.300316065917649,-3.1048840605580104,0
-8.300316065917649,-3.1048840605580104,0
-8.302298054068435,-3.1054695801736703,0
-8.300316065917649,-3.1048840605580104,0
-8.300316065917649,-3.1048840605580104,0
-8.300627007628968,-3.104507811875763,0
-8.299759054815034,-3.1045635013187276,0
-8.299759054815034,-3.1045635013187276,0
-8.299759054815034,-3.1045635013187276,4
-8.299759054815034,-3.1045635013187276,4
-8.299202043712418,-3.104242942079445,4
-8.299759054815034,-3.1045635013187276,4
-8.299759054815034,-3.1045635013187276,4
-8.299759054815034,-3.1045635013187276,4
-8.299759054815034,-3.1045635013187276,4
-8.299759054815034,-3.1045635013187276,4
-8.299759054815034,-3.1045635013187276,4
-8.299759054815034,-3.1045635013187276,4
-8.299759054815034,-3.1045635013187276,4
-8.299759054815034,-3.1045635013187276,4
-8.299759054815034,-3.1045635013187276,4
-8.300316065917649,-3.1048840605580104,4
-8.300627007628968,-3.104507811875763,4
-8.300627007628968,-3.104507811875763,4
-8.30118402310879,-3.1048284013083975,4
-8.300069992149146,-3.1041872224431266,4
-8.300627007628968,-3.104507811875763,4
-8.300316065917649,-3.1048840605580104,4
-8.300316065917649,-3.1048840605580104,4
-8.300873077020265,-3.105204619797295,4
-8.300873077020265,-3.105204619797295,4
-8.299759054815034,-3.1045635013187276,4
-8.299759054815034,-3.1045635013187276,4
-8.299759054815034,-3.1045635013187276,4
-8.299759054815034,-3.1045635013187276,4
-8.299759054815034,-3.1045635013187276,4
-8.299759054815034,-3.1045635013187276,4
-8.299759054815034,-3.1045635013187276,4
-8.299759054815034,-3.1045635013187276,4
-8.299759054815034,-3.1045635013187276,4
-8.299448117480921,-3.1049397801943304,4
-8.298891110755513,-3.1046192511483994,4
-8.298891110755513,-3.1046192511483994,4
-8.299202043712418,-3.104242942079445,4
-8.300380929483259,-3.1038109435675256,4
-8.300134842583137,-3.103114014872583,4
-8.300691866817372,-3.103434664691923,4
-8.300134842583137,-3.103114014872583,4
-8.300134842583137,-3.103114014872583,4
-8.300134842583137,-3.103114014872583,4
-8.300134842583137,-3.103114014872583,4
-8.300134842583137,-3.103114014872583,4
-8.300134842583137,-3.103114014872583,4
-8.300134842583137,-3.103114014872583,4
-8.300134842583137,-3.103114014872583,4
-8.300134842583137,-3.103114014872583,4
-8.300134842583137,-3.103114014872583,4
-8.300380929483259,-3.1038109435675256,4
-8.300251184843212,-3.1059570567750896,4
-8.300627007628968,-3.104507811875763,4
-8.299137180146808,-3.105316059069933,4
-8.300251184843212,-3.1059570567750896,4
-8.300069992149146,-3.1041872224431266,4
-8.29938324078369,-3.1060128066047614,4
-8.29969418249501,-3.1056365579225105,4
-8.300937949340288,-3.104131563193512,4
-8.298826242812694,-3.105692337945534,4
-8.29938324078369,-3.1060128066047614,4
-8.300380929483259,-3.1038109435675256,4
-8.299137180146808,-3.105316059069933,4
-8.300937949340288,-3.104131563193512,4
-8.29969418249501,-3.1056365579225105,4
-8.300627007628968,-3.104507811875763,4
-8.300251184843212,-3.1059570567750896,4
-8.29938324078369,-3.1060128066047614,4
-8.300627007628968,-3.104507811875763,4
-8.29938324078369,-3.1060128066047614,4
-8.298826242812694,-3.105692337945534,4
-8.300627007628968,-3.104507811875763,4
-8.299137180146808,-3.105316059069933,4
-8.298826242812694,-3.105692337945534,4
-8.30118402310879,-3.1048284013083975,4
-8.30465593941749,-3.104606368176988,4
-8.305212972406139,-3.1049270783830334,4
-8.30118402310879,-3.1048284013083975,4
-8.298826242812694,-3.105692337945534,4
-8.298269244841698,-3.1053718692863086,4
-8.299202043712418,-3.104242942079445,4
-8.297958311884791,-3.105748178355263,4
-8.297958311884791,-3.105748178355263,4
-8.299759054815034,-3.1045635013187276,4
-8.298826242812694,-3.105692337945534,4
-8.297647378927886,-3.1061244874242178,4
-8.298580177798605,-3.104995560217356,4
-8.297958311884791,-3.105748178355263,4
-8.298891110755513,-3.1046192511483994,4
-8.298826242812694,-3.105692337945534,4
-8.297958311884791,-3.105748178355263,4
-8.299137180146808,-3.105316059069933,4
-8.297958311884791,-3.105748178355263,4
-8.298515305478581,-3.1060686168211387,4
-8.298515305478581,-3.1060686168211387,4
-8.298515305478581,-3.1060686168211387,4
-8.298204368144468,-3.1064448956967396,4
-8.299137180146808,-3.105316059069933,4
-8.297958311884791,-3.105748178355263,4
-8.298204368144468,-3.1064448956967396,4
-8.299137180146808,-3.105316059069933,4
-8.298515305478581,-3.1060686168211387,4
-8.298515305478581,-3.1060686168211387,4
-8.298826242812694,-3.105692337945534,4
-8.298515305478581,-3.1060686168211387,4
-8.299137180146808,-3.105316059069933,4
-8.299137180146808,-3.105316059069933,4
-8.298204368144468,-3.1064448956967396,4
-8.297647378927886,-3.1061244874242178,4
-8.299137180146808,-3.105316059069933,4
-8.29969418249501,-3.1056365579225105,4
-8.298826242812694,-3.105692337945534,4
-8.299448117480921,-3.1049397801943304,4
-8.300873077020265,-3.105204619797295,4
-8.300873077020265,-3.105204619797295,4
-8.300937949340288,-3.104131563193512,4
-8.300937949340288,-3.104131563193512,4
-8.30118402310879,-3.1048284013083975,4
-8.30118402310879,-3.1048284013083975,4
-8.300627007628968,-3.104507811875763,4
-8.300627007628968,-3.104507811875763,4
-8.300069992149146,-3.1041872224431266,4
-8.300069992149146,-3.1041872224431266,4
-8.299512976669323,-3.103866633010492,4
-8.299512976669323,-3.103866633010492,4
-8.300316065917649,-3.1048840605580104,4
-8.300316065917649,-3.1048840605580104,4
-8.299759054815034,-3.1045635013187276,4
-8.299759054815034,-3.1045635013187276,4
-8.299202043712418,-3.104242942079445,4
-8.299202043712418,-3.104242942079445,4
-8.299202043712418,-3.104242942079445,4
-8.300937949340288,-3.104131563193512,4
-8.300937949340288,-3.104131563193512,4
-8.300937949340288,-3.104131563193512,4
-8.300380929483259,-3.1038109435675256,4
-8.300380929483259,-3.1038109435675256,4
-8.300380929483259,-3.1038109435675256,4
-8.300380929483259,-3.1038109435675256,4
-8.300380929483259,-3.1038109435675256,4
-8.29982390962623,-3.1034903239415375,4
-8.29982390962623,-3.1034903239415375,4
-8.29982390962623,-3.1034903239415375,4
-8.29982390962623,-3.1034903239415375,4
-8.29982390962623,-3.1034903239415375,4
-8.299512976669323,-3.103866633010492,4
-8.29982390962623,-3.1034903239415375,4
-8.29982390962623,-3.1034903239415375,4
-8.29982390962623,-3.1034903239415375,4
-8.29982390962623,-3.1034903239415375,4
-8.29982390962623,-3.1034903239415375,4
-8.29982390962623,-3.1034903239415375,4
-8.29982390962623,-3.1034903239415375,4
-8.29982390962623,-3.1034903239415375,4
-8.299266889769202,-3.1031697043155493,4
-8.299266889769202,-3.1031697043155493,4
-8.299266889769202,-3.1031697043155493,4
-8.298645032609802,-3.103922382840162,4
-8.298269244841698,-3.1053718692863086,4
-8.298269244841698,-3.1053718692863086,4
-8.297958311884791,-3.105748178355263,4
-8.297893430810355,-3.1068211745723424,4
-8.297893430810355,-3.1068211745723424,4
-8.297958311884791,-3.105748178355263,4
-8.297893430810355,-3.1068211745723424,4
-8.298515305478581,-3.1060686168211387,4
-8.297958311884791,-3.105748178355263,4
-8.297958311884791,-3.105748178355263,4
-8.297958311884791,-3.105748178355263,4
-8.297712246870702,-3.1050514006270813,4
-8.298269244841698,-3.1053718692863086,4
-8.299137180146808,-3.105316059069933,4
-8.299137180146808,-3.105316059069933,4
-8.299137180146808,-3.105316059069933,4
-8.298891110755513,-3.1046192511483994,4
-8.298645032609802,-3.103922382840162,4
-8.297841930229854,-3.102904864712583,4
-8.297103603871388,-3.100813625727472,4
-8.295989546648503,-3.1001722657020867,4
-8.294875489425618,-3.0995309056767013,4
-8.294318460814175,-3.0992102256640077,4
-8.295497267795298,-3.098777683671747,4
-8.29438319306359,-3.0981362028729524,4
-8.294694073494018,-3.0977595314837707,4
-8.294694073494018,-3.0977595314837707,4
-8.294694073494018,-3.0977595314837707,4
-8.29438319306359,-3.0981362028729524,4
-8.294940230429445,-3.0984569432723497,4
-8.295315834354874,-3.0970061887054072,4
-8.295872884852347,-3.0973270196848617,4
-8.295872884852347,-3.0973270196848617,4
-8.295872884852347,-3.0973270196848617,4
-8.295562000044713,-3.09770366088069,4
-8.296119046164982,-3.0980244616667925,4
-8.295004953924446,-3.097382860094587,4
-8.293269118331878,-3.097494722074158,4
-8.294694073494018,-3.0977595314837707,4
-8.294137031750955,-3.09743876089102,4
-8.294137031750955,-3.09743876089102,4
-8.293579990007894,-3.0971179902982726,4
-8.290794781292583,-3.0955141373345256,4
-8.287077088865425,-3.0950413854990035,4
-8.285470595209903,-3.093004356482597,4
-8.282685408380624,-3.0914006544856125,4
-8.281014296283058,-3.090438433287419,4
-8.279096904688279,-3.088777954886785,4
-8.276933167938193,-3.0864187663834244,4
-8.274704965948294,-3.08513544246561,4
-8.274147915450818,-3.0848146114861557,4
-8.273344519798034,-3.0837950704039763,0
-8.271116300299308,-3.082511625712751,0
-8.27086992888076,-3.0818127344499118,0
-8.270312869628867,-3.08149184308375,0
-8.269509421449607,-3.0804719396813454,0
-8.269820091774122,-3.080093819011257,0
-8.26926302376782,-3.0797728672583933,0
-8.269820091774122,-3.080093819011257,0
-8.270623548707796,-3.081113782800365,0
-8.271491295793027,-3.0810566742698455,0
-8.272294739595083,-3.0820765474789003,0
-8.271737675965987,-3.0817556259193886,0
-8.271116300299308,-3.082511625712751,0
-8.27037715978042,-3.0804147707641185,0
-8.266970514117542,-3.0795664948868016,0
-8.266541895098147,-3.0770904926941025,0
-8.265181291368453,-3.075749033671787,0
-8.263884793947634,-3.073329234209039,0
-8.26258819147386,-3.0709087101058437,0
-8.261912631999065,-3.0677298915145084,0
-8.261236897436008,-3.0645498651890826,0
-8.262725731292285,-3.063734764103952,0
-8.262479123504582,-3.063034242400086,0
-8.264525156683357,-3.0625409988683856,0
-8.264525156683357,-3.0625409988683856,0
-8.264278535764035,-3.061840386584466,0
-8.264525156683357,-3.0625409988683856,0
-8.265392908145792,-3.062483920531214,0
-8.266571242388608,-3.062048117656909,0
-8.268370750946602,-3.0608549260950344,0
-8.270170294522252,-3.0596619760799815,0
-8.27228046027314,-3.058090573267963,0
-8.273212221745908,-3.0569544902366133,0
-8.273769486726504,-3.057276800690328,0
-8.27196987311555,-3.058469267611745,0
-8.27259104743073,-3.0577118789241773,0
-8.271723208424165,-3.0577683533943034,0
-8.270855378172012,-3.0578248882511314,0
-8.27228046027314,-3.058090573267963,0
-8.275441281668293,-3.058243732051473,0
-8.278602208116402,-3.058397615475437,0
-8.28089531306677,-3.0586080941429348,0
-8.284367071796034,-3.0583849740508438,0
-8.28697098276432,-3.0582182680421717,0
-8.287592314658934,-3.0574619663152856,0
-8.28877098156945,-3.0570284581357505,0
-8.289392322218475,-3.05627221679557,0
-8.291749726074809,-3.0554056835301395,0
-8.291256344165557,-3.0540034927750295,0
-8.293056413005989,-3.0528141659622463,0
-8.293431036437152,-3.0513566480843988,0
-8.293001463186732,-3.0488740637409055,0
-8.292507923698041,-3.0474707860251122,0
-8.29362277757252,-3.048117641240612,0
-8.292626896659256,-3.050331974132334,0
-8.292937558229356,-3.04995379307554,0
-8.292316235089155,-3.0507101551891296,0
-8.293558881369556,-3.04919743096195,0
-8.293001463186732,-3.0488740637409055,0
-8.293312120379625,-3.0484958524907597,0
-8.292261140822077,-3.046769056587163,0
-8.290405850775581,-3.044016409190764,0
-8.290844028987593,-3.041476746510096,0
-8.288988471931496,-3.038722257319211,0
-8.288000850180506,-3.0359119579119476,0
-8.287323644876048,-3.0327217866201632,0
-8.285714647458382,-3.030667487006264,0
-8.282927009393436,-3.0290468767320107,0
-8.281190937431717,-3.0291571082705566,0
-8.278713829620676,-3.0271574111389388,0
-8.27982887609224,-3.0278055948619347,0
-8.277845824280263,-3.02721273826168,0
-8.277598783149113,-3.026509227415943,0
-8.275926213441764,-3.025536951831448,0
-8.275368690205983,-3.0252128599699493,0
-8.273385673411656,-3.0246202449165107,0
-8.272270635694506,-3.02397212158022,0
-8.269356378314988,-3.0245191825670474,0
-8.267126372915993,-3.023223418988099,0
-8.265143474306242,-3.0226316191551703,0
-8.262666362117994,-3.0206318918302006,0
-8.261551359418496,-3.0199840100407283,0
-8.25901100760827,-3.019068601439937,0
-8.256781019718098,-3.0177729586343975,0
-8.25795918324986,-3.017335978219352,0
-8.258763852669748,-3.018364305567042,0
-8.258763852669748,-3.018364305567042,0
-8.25802233532771,-3.01625105562813,0
-8.25802233532771,-3.01625105562813,0
-8.257775145371536,-3.015546518208419,0
-8.25746482084634,-3.0159270241533367,0
-8.257154496321142,-3.0163075300982563,0
-8.25795918324986,-3.017335978219352,0
-8.25795918324986,-3.017335978219352,0
-8.255729160342035,-3.0160400938669962,0
-8.254987551078656,-3.0139262098676873,0
-8.253067760774695,-3.012249185510015,0
-8.253504096182748,-3.0096968114280465,0
-8.251210934328693,-3.00948594024697,0
-8.250469075564546,-3.007370335226584,0
-8.248796427067479,-3.006397516161746,0
-8.248117326432592,-3.0031942711484323,0
-8.247496887488111,-3.0039567323191783,0
-8.247312394380305,-3.002164132199608,0
-8.246197242855786,-3.0015152238361544,0
-8.245702477749264,-3.000103491981731,0
-8.244834704400796,-3.00016041935214,0
-8.244587308715914,-2.99945446284487,0
-8.244771898122263,-3.0012477272181926,0
-8.24402972419924,-2.9991299482764404,0
-8.244771898122263,-3.0012477272181926,0
-8.246012670958262,-2.9997220802362428,0
-8.244277124261327,-2.9998359349770602,0
-8.242914555165893,-2.998480919139581,0
-8.241736636757699,-2.9989195903823536,0
-8.240374063285055,-2.9975645443515173,0
-8.236655766803395,-2.9970876258333856,0
-8.235850755961394,-2.9960569434042164,0
-8.235850755961394,-2.9960569434042164,0
-8.234488151848307,-2.994701686019921,0
-8.234488151848307,-2.994701686019921,0
-8.23399320289911,-2.993288686044698,0
-8.232257848799263,-2.993403869293017,0
-8.23151535971737,-2.991283916429902,0
-8.230337620774645,-2.9917238256001166,0
-8.229842593035729,-2.9903102821445575,0
-8.230337620774645,-2.9917238256001166,0
-8.22953252676572,-2.9906925694972593,0
-8.230337620774645,-2.9917238256001166,0
-8.229842593035729,-2.9903102821445575,0
-8.230337620774645,-2.9917238256001166,0
-8.230647695799068,-2.9913415986341185,0
-8.230337620774645,-2.9917238256001166,0
-8.23040018192961,-2.990634826906337,0
-8.230337620774645,-2.9917238256001166,0
-8.227797242701175,-2.9908082358392107,0
-8.226867070154386,-2.991955279057432,0
-8.225441896131919,-2.991688959980209,0
-8.225194382262462,-2.9909821882524295,0
-8.222901631865822,-2.990774155246461,0
-8.221166479117478,-2.990890727388983,0
-8.220546434121589,-2.9916559059614336,0
-8.219121347643254,-2.991390190751252,0
-8.21819130641266,-2.9925381397700423,0
-8.217633787554085,-2.992214078101897,0
-8.21670375945511,-2.993362117700743,0
-8.216456258717272,-2.9926554365530187,0
-8.21608374072246,-2.994127477433306,0
-8.21602121020794,-2.99521668748055,0
-8.215091168977345,-2.99636463649934,0
-8.214408571580904,-2.998218874152272,0
-8.214408571580904,-2.998218874152272,0
-8.215213459861118,-2.9992487111675743,0
-8.213973352360515,-3.0007789475390663,0
-8.213290663042736,-3.002632551131601,0
-8.213228009966436,-3.0037209157649833,0
-8.213228009966436,-3.0037209157649833,0
-8.21198786744818,-3.0052509105896554,0
-8.210500381771517,-3.006075311227285,0
-8.210747724929922,-3.006780905414331,0
-8.210437689300358,-3.0071634041204973,0
-8.21099505933391,-3.0074864392146665,0
-8.2100649393136,-3.008633844753117,0
-8.209382118679622,-3.0104865425450846,0
-8.208451985527692,-3.011633857503476,0
-8.206964539245892,-3.0124585298812754,0
-8.206717261745588,-3.011753388594519,0
-8.205477119227332,-3.0132833834191928,0
-8.205414339212037,-3.0143708724453564,0
-8.203864139178183,-3.0162832150094374,0
-8.201262250479322,-3.016463870346854,0
-8.199217683664743,-3.0169672286515663,0
-8.198534836767529,-3.0188197452834196,0
-8.19729474677575,-3.020350102428319,0
-8.196611847352056,-3.0222022567399485,0
-8.194567411853674,-3.022706520845226,0
-8.194630261904273,-3.0216195149127003,0
-8.19314304761442,-3.022445787538169,0
-8.191655859587804,-3.023272241323756,0
-8.19103584960957,-3.0240376614430247,0
-8.189858697212518,-3.02448161652244,0
-8.190105834642214,-3.0251857916219276,0
-8.188928695376783,-3.0256298372813983,0
-8.186017357594036,-3.026197037234189,0
-8.184530296506413,-3.027024366626989,0
-8.183910330300243,-3.0277900886797795,0
-8.185644493799906,-3.027666692839647,0
-8.184777407672868,-3.0277283605663623,0
-8.184467420192574,-3.0281111913994057,0
-8.184404526369912,-3.0291978953984113,0
-8.183474550797417,-3.030346297317486,0
-8.183411626334307,-3.0314327899630253,0
-8.182791633864895,-3.0321983308557012,0
-8.182975719892493,-3.033988122993515,0
-8.183532757258348,-3.0343088633929103,0
-8.183779780880672,-3.035012253465238,0
-8.183159753393609,-3.0357775528110977,0
-8.183096741386368,-3.036863441589592,0
-8.184457756573478,-3.038207738787019,0
-8.183837694068762,-3.0389727965860605,0
-8.183527662816406,-3.0393553254855803,0
-8.184888612345418,-3.0406991697827266,0
-8.184825508416841,-3.0417844245008254,0
-8.185072440117827,-3.0424871805127527,0
-8.18420541089447,-3.042549240753047,0
-8.184699248033207,-3.0439545716167924,0
-8.18426285134426,-3.0465065229918284,0
-8.183022586264219,-3.048035672402639,0
-8.18147225491417,-3.049947109166151,0
-8.17936503940049,-3.0515388622975923,0
-8.177814729936475,-3.053450450027869,0
-8.17713132713403,-3.055299132103986,0
-8.176137818666714,-3.057529829792635,0
-8.176631305628923,-3.058932745188198,0
-8.175454341451756,-3.0593779985817626,0
-8.175454341451756,-3.0593779985817626,0
-8.175764416476179,-3.0589957716157645,0
-8.17403066443393,-3.0591220056310107,0
-8.174340730703939,-3.058739718278309,0
-8.173290420858994,-3.057017541957606,0
-8.17044309308658,-3.0565057372162165,0
-8.169329482338762,-3.055867456912763,0
-8.166792251476805,-3.0549735761721344,0
-8.165121848486699,-3.05401624629701,0
-8.162521496187336,-3.0542074995010715,0
-8.160541162620621,-3.0536333929725696,0
-8.157877789559606,-3.0549104745684197,0
-8.155524456505363,-3.055805087651459,0
-8.15292440623325,-3.055998424196826,0
-8.149147873276693,-3.0566403354045075,0
-8.148528029632306,-3.057406902871163,0
-8.147661411866368,-3.0574718012865674,0
-8.144504928282904,-3.057348564115152,0
-8.144131898154924,-3.0588170723732233,0
-8.142151997931663,-3.058245954986594,0
-8.140418902470394,-3.0583767180046824,0
-8.138129194232304,-3.058189669378539,0
-8.136023221845287,-3.0597899974220244,0
-8.13453701431294,-3.060623214518518,0
-8.13336068920793,-3.0610728761415142,0
-8.133050833043834,-3.0614566127751246,0
-8.132740976879738,-3.061840349408735,0
-8.13336068920793,-3.0610728761415142,0
-8.131317938934066,-3.0615887646874125,0
-8.132184381611744,-3.0615226585379176,0
-8.13162778634375,-3.0612049676670967,0
-8.131317938934066,-3.0615887646874125,0
-8.1306982441147,-3.062356358728044,0
-8.128655563876144,-3.0628727303675802,0
-8.127726047910336,-3.0640243025886402,0
-8.126549823481074,-3.064474658658739,0
-8.125063786659783,-3.0653090532959695,0
-8.12500065209076,-3.066394096660602,0
-8.12431782270237,-3.0682467340658626,0
-8.123698145391831,-3.069014448879903,0
-8.123634958296329,-3.0700991299243103,0
-8.122395586166425,-3.0716344387789825,0
-8.121156214036521,-3.073169747633653,0
-8.119670242873328,-3.074004595171168,0
-8.11812104959698,-3.0759238822062667,0
-8.11576888963409,-3.0768265871077105,0
-8.113973184868584,-3.0780460166926993,0
-8.112177515120731,-3.0792656878245097,0
-8.111311330698241,-3.0793335753817868,0
-8.112114231726686,-3.0803497046151627,0
-8.110135342638133,-3.0797855618929066,0
-8.109269180101675,-3.079853600416948,0
-8.10895937208685,-3.0802376691774356,0
-8.108649564072028,-3.0806217379379195,0
-8.106980539901986,-3.0796739189687585,0
-8.105431565485965,-3.081594715671473,0
-8.103699354220417,-3.081731577746716,0
-8.101474111222146,-3.0804686645350294,0
-8.099002304208234,-3.078505531553004,0
-8.098199411934203,-3.077489462706337,0
-8.096650722036609,-3.079412221976945,0
-8.093496370152733,-3.0793036889680785,0
-8.089722717398086,-3.07996546740155,0
-8.086815170276207,-3.0805588147973992,0
-8.082978698111404,-3.0823078105168644,0
-8.079761736923292,-3.083287944074902,0
-8.075432565693461,-3.0836394592022103,0
-8.072588634633327,-3.083151084502175,0
-8.071722852913837,-3.0832217498478656,0
-8.070111641256137,-3.086233779552426,0
-8.068809996866898,-3.0888600798621244,0
-8.066762598626164,-3.094425510222628,0
-8.066452956945188,-3.0948107263305005,0
-8.066016792248188,-3.0973642779532042,0
-8.066263159289528,-3.098063139022692,0
-8.067684857809995,-3.098305484578221,0
-8.06941624616071,-3.098162946152751,0
-8.070528307377408,-3.0987905380095064,0
-8.072569438084848,-3.0982634779232683,0
-8.073125481824817,-3.0985773644317014,0
-8.074237569304756,-3.0992051374485694,0
-8.075659368500975,-3.0994481774511993,0
-8.077081185206017,-3.09969133822724,0
-8.078812748644996,-3.0995500075358624,0
-8.079924871142586,-3.1001780220995485,0
-8.079924871142586,-3.1001780220995485,0
-8.080480932391382,-3.1004920293813907,0
-8.081346740374109,-3.1004215451958146,0
-8.082522308222387,-3.0999666601228775,0
-8.08394421684877,-3.100210454959317,0
-8.08481005984915,-3.1001402123205573,0
-8.08481005984915,-3.1001402123205573,0
-8.084992907127292,-3.1019214597396783,0
-8.087280689394497,-3.102095223290826,0
-8.087280689394497,-3.102095223290826,0
-8.089814808062602,-3.1029676365579917,0
-8.089632026442558,-3.1011868420391586,0
-8.089568524188184,-3.1022693491621993,0
-8.090188122709005,-3.101501090867817,0
-8.091363826250689,-3.101047141788804,0
-8.092722324544033,-3.102374077808678,0
-8.091856411508349,-3.102443837353798,0
-8.092166223900378,-3.102059798786666,0
-8.09303214131327,-3.1019900694348976,0
-8.093341958082506,-3.1016060610611156,0
-8.093898067480575,-3.101920400469835,0
-8.093341958082506,-3.1016060610611156,0
-8.09396159162098,-3.1008380443135515,0
-8.094207888627018,-3.1015364222894064,0
-8.095629946078423,-3.1017812436998184,0
-8.095629946078423,-3.1017812436998184,0
-8.095320116177566,-3.1021651614935433,0
-8.095320116177566,-3.1021651614935433,0
-8.095320116177566,-3.1021651614935433,0
-8.096805732787029,-3.1013278682944954,0
-8.095566395674776,-3.1028634186959856,0
-8.098164266098026,-3.102655045861191,0
-8.100325140155032,-3.104994487912169,0
-8.101437367705579,-3.1056232271163076,0
-8.099459161461247,-3.105063794557008,0
-8.100078891298265,-3.1042964420631947,0
-8.100881253930305,-3.1053088575142382,0
-8.101437367705579,-3.1056232271163076,0
-8.101747245755707,-3.10523964144946,0
-8.10459150948354,-3.1057303108442653,0
-8.106879707585367,-3.105906942763877,0
-8.10830189635297,-3.106152669974861,0
-8.109724102629395,-3.106398517959253,0
-8.111638736584048,-3.108039974547962,0
-8.114419436776615,-3.1096127283588757,0
-8.116643996930668,-3.110870931407609,0
-8.119424697123234,-3.112443685218526,0
-8.121403135359511,-3.1130047180254987,0
-8.124493897444882,-3.1141951542903605,0
-8.125168205038602,-3.117365337582946,0
-8.12732868076981,-3.1197020320388695,0
-8.12948906895689,-3.1220381226277496,0
-8.131959492773529,-3.123991714510458,0
-8.134740017877835,-3.1255632605872847,0
-8.137210376036379,-3.1275163995697106,0
-8.140301068086444,-3.128706352740938,0
-8.144258128401672,-3.1298296864756754,0
-8.147659171240173,-3.130639314862096,0
-8.15025828916729,-3.1304395471326973,0
-8.153038967473822,-3.132012149976852,0
-8.15297455038328,-3.13308834668927,0
-8.154953220611507,-3.133650979743914,0
-8.157488052764275,-3.1345283145274987,0
-8.161135200011726,-3.136034992382271,0
-8.16125188807112,-3.1388804195596087,0
-8.164588596986002,-3.140766818332139,0
-8.167925305900887,-3.142653217104673,0
-8.16952894561774,-3.1446705600554044,0
-8.173551245938345,-3.1447233734279507,0
-8.175465297724525,-3.146360814300804,0
-8.178802032902649,-3.1482473942334526,0
-8.180961637569755,-3.1505780802122754,0
-8.184052732322819,-3.151770811171909,0
-8.186277204932741,-3.1530284103535973,0
-8.189989491509817,-3.1534638733990725,0
-8.193947462284008,-3.154593487351084,0
-8.19821615590919,-3.155345342953229,0
-8.20186371899126,-3.1568548891764685,0
-8.205511334599812,-3.1583647977199316,0
-8.208602836433087,-3.1595603366613254,0
-8.212561271191174,-3.160693151108674,0
-8.216830555739245,-3.1614490828133786,0
-8.219366070736235,-3.16233112775992,0
-8.222457817693078,-3.1635283575290405,0
-8.225549608421987,-3.1647258892316827,0
-8.229573926634806,-3.1647926217396236,0
-8.232109647360506,-3.1656760857737183,0
-8.235201630686504,-3.166874945983862,0
-8.240027917582776,-3.1679513765411436,0
-8.243430960804666,-3.1687748032895477,0
-8.24714503328201,-3.1692225852227462,0
-8.249435730768777,-3.1694164575465003,0
-8.251660816187616,-3.170678283797507,0
-8.253640615735131,-3.17124870673703,0
-8.256176721655008,-3.1721348277861274,0
-8.259269147078866,-3.173336737524849,0
-8.262361616274788,-3.174538949197091,0
-8.266076266543397,-3.1749907166527898,0
-8.26892364684229,-3.175502883714408,4
-8.272082200844448,-3.175640402341445,4
-8.275797196912373,-3.1760945550719732,4
-8.279267117214888,-3.17585875377193,4
-8.284651487629379,-3.177263140939802,4
-8.288121740599589,-3.177029634334529,4
-8.29190334673854,-3.1764227172221204,4
-8.29363860453984,-3.1763068697200545,4
-8.294572270097456,-3.175183920796938,4
-8.294261048244916,-3.175558237104644,4
-8.293949826392378,-3.1759325534123484,4
-8.2951286990316,-3.17550046432037,4
-8.294261048244916,-3.175558237104644,4
-8.293949826392378,-3.1759325534123484,4
-8.293949826392378,-3.1759325534123484,4
-8.293949826392378,-3.1759325534123484,4
-8.29370462368798,-3.1752417237745654,0
-8.294261048244916,-3.175558237104644,0
-8.29370462368798,-3.1752417237745654,0
-8.29370462368798,-3.1752417237745654,0
-8.293459412229165,-3.174550833750075,0
-8.29377062532729,-3.1741764570556636,0
-8.294327058638643,-3.1744930307724495,0
-8.295194713802534,-3.174435288181529,0
-8.297175261852367,-3.1750108741842915,0
-8.298599389722469,-3.175269977050327,0
-8.300023535101396,-3.1755292006897697,0
-8.301447697989149,-3.1757885451026233,0
-8.303183148387541,-3.175674026108057,0
-8.302626684435742,-3.175357241037805,0
-8.304362161097373,-3.175242903203351,0
-8.302937950060343,-3.174983226663622,0
-8.303805688391162,-3.1749260577463954,0
-8.302626684435742,-3.175357241037805,0
-8.303494418389352,-3.175300041927226,0
-8.302070220483944,-3.1750404559675545,0
-8.306031579216004,-3.1761934395742166,0
-8.3095026901187,-3.1759658508659907,0
-8.307210635697901,-3.175762618603036,0
-8.30925750054592,-3.1752751118082614,0
-8.305852470072253,-3.1744379772779308,0
-8.304428228394784,-3.1741780893847356,0
-8.30467343547639,-3.1748689492158757,0
-8.304918633803585,-3.175559748660307,0
-8.30460735504736,-3.1759336724544323,0
-8.303739612339339,-3.1759908111783073,0
-8.303183148387541,-3.175674026108057,0
-8.30287187838573,-3.176048010288886,0
-8.303183148387541,-3.175674026108057,0
-8.303183148387541,-3.175674026108057,0
-8.303739612339339,-3.1759908111783073,0
-8.303494418389352,-3.175300041927226,0
-8.304050886718358,-3.17561685719083,0
-8.303739612339339,-3.1759908111783073,0
-8.303739612339339,-3.1759908111783073,0
-8.303739612339339,-3.1759908111783073,0
-8.304296076291136,-3.1763075962485576,0
-8.305163823376363,-3.1762504877180344,0
-8.308568775060312,-3.177087078768027,0
-8.306521932098324,-3.177574736529559,0
-8.310238206310562,-3.1780377057189497,0
-8.31117216076381,-3.1769167495570834,0
-8.309926888159481,-3.178411357772905,0
-8.30738969669238,-3.1775177487724484,0
-8.309059101679393,-3.178468194563255,0
-8.30738969669238,-3.1775177487724484,0
-8.30912525214373,-3.1774039544183346,0
-8.30825747004085,-3.177460821402038,0
-8.309059101679393,-3.178468194563255,0
-8.308191323953722,-3.178525091740312,0
-8.31097364371271,-3.1801090170915653,0
-8.310728506666404,-3.179418640354063,0
-8.310728506666404,-3.179418640354063,0
-8.309615570008397,-3.178785009826859,0
-8.309926888159481,-3.178411357772905,0
-8.30850263335039,-3.1781513792996527,0
-8.310105852855415,-3.180165823688567,0
-8.310284765024873,-3.1819199272840013,0
-8.311530107664506,-3.1804258021618157,0
-8.311530107664506,-3.1804258021618157,0
-8.311284974995413,-3.179735455617667,0
-8.311662487382891,-3.178297865352313,0
-8.312152778984323,-3.1796787396007247,0
-8.31079468339398,-3.1783545813692555,0
-8.310728506666404,-3.179418640354063,0
-8.30912525214373,-3.1774039544183346,0
-8.310238206310562,-3.1780377057189497,0
-8.3101720383374,-3.179101825090461,0
-8.30738969669238,-3.1775177487724484,0
-8.30738969669238,-3.1775177487724484,0
-8.308436474131641,-3.1792155590578712,0
-8.307634860001922,-3.1782083066700615,0
-8.30732355498246,-3.178582049304074,0
-8.30732355498246,-3.178582049304074,0
-8.30732355498246,-3.178582049304074,0
-8.307634860001922,-3.1782083066700615,0
-8.307078396050127,-3.177891521599811,0
-8.306767095407869,-3.1782652944271756,0
-8.30732355498246,-3.178582049304074,0
-8.307568705160381,-3.179272516621632,0
-8.308125160357765,-3.1795892413051767,0
-8.308926748224245,-3.1805963125328756,0
-8.309483199044422,-3.1809130070230687,0
-8.310350981147305,-3.1808561400393636,0
-8.310039649864603,-3.181229701513262,0
-8.310039649864603,-3.181229701513262,0
-8.3097283185819,-3.181603262987162,0
-8.310039649864603,-3.181229701513262,0
-8.310039649864603,-3.181229701513262,0
-8.3097283185819,-3.181603262987162,0
-8.3097283185819,-3.181603262987162,0
-8.31059610068478,-3.181546396003455,0
-8.310529871430727,-3.182610092668039,0
-8.31133140677073,-3.183616801575507,0
-8.312132924601903,-3.1846233897095644,0
-8.311576491290552,-3.1843068159927785,0
-8.311887844459287,-3.183933405485643,0
-8.31133140677073,-3.183616801575507,0
-8.311887844459287,-3.183933405485643,0
-8.311887844459287,-3.183933405485643,0
-8.312132924601903,-3.1846233897095644,0
-8.312377995990108,-3.185313313546784,0
-8.312377995990108,-3.185313313546784,0
-8.312377995990108,-3.185313313546784,0
-8.312377995990108,-3.185313313546784,0
-8.312377995990108,-3.185313313546784,0
-8.312377995990108,-3.185313313546784,0
-8.312132924601903,-3.1846233897095644,0
-8.311821567055961,-3.184996770023348,0
-8.312934424924254,-3.185629857070216,4
-8.314358657847311,-3.185889684576704,4
-8.31460371172669,-3.1865794876405147,4
-8.31460371172669,-3.1865794876405147,4
-8.314848756851653,-3.187269230317616,4
-8.314848756851653,-3.187269230317616,4
-8.314848756851653,-3.187269230317616,4
-8.314848756851653,-3.187269230317616,4
-8.315405181408591,-3.1875857436476984,4
-8.31651803052247,-3.188218770307861,4
-8.317074455079409,-3.1885352836379397,4
-8.318988734480332,-3.1901742945651126,4
-8.3184323143006,-3.189857811428384,4
-8.318988734480332,-3.1901742945651126,4
-8.319856577864103,-3.190117850288342,4
-8.32183728787058,-3.1906945534451374,4
-8.319856577864103,-3.190117850288342,4
-8.322082276091859,-3.19138390360866,4
-8.320101574839796,-3.19080726083857,4
-8.32152585153492,-3.1910673902785813,4
-8.32065799501953,-3.1911237439752984,4
-8.323751549762676,-3.192333443598905,4
-8.325420823433491,-3.1932829835891443,4
-8.326467136888859,-3.194977593379228,4
-8.327335037176317,-3.1949215416160364,4
-8.326778616996585,-3.194605058479306,4
-8.32789145735605,-3.195238024752763,4
-8.32789145735605,-3.195238024752763,4
-8.32789145735605,-3.195238024752763,4
-8.325354305283806,-3.194344687492478,4
-8.32566577663712,-3.1939720922058505,4
-8.327335037176317,-3.1949215416160364,4
-8.32789145735605,-3.195238024752763,4
-8.327646521661247,-3.194549036909468,4
-8.32789145735605,-3.195238024752763,4
-8.327090097104307,-3.1942325235793856,4
-8.323930011079858,-3.1940844372790558,4
-8.325420823433491,-3.1932829835891443,4
-8.32368505787623,-3.1933953286623495,4
-8.32622219681685,-3.194288575342579,4
-8.324552936277655,-3.193339125932395,4
-8.327401577212033,-3.1938599886794616,4
-8.327156624008406,-3.1931708800627554,4
-8.328825923942462,-3.194120601213113,4
-8.326845148277886,-3.1935434451560294,4
-8.3291374128046,-3.1937481266998944,4
-8.326845148277886,-3.1935434451560294,4
-8.328514435080324,-3.1944930757263297,4
-8.329315795332063,-3.1954985768997055,4
-8.329693850493157,-3.194064730610034,4
-8.331363163558834,-3.1950145423404432,4
-8.330250288181716,-3.1943813345201697,4
-8.332542622743732,-3.194586499157669,4
-8.329693850493157,-3.194064730610034,4
-8.327713057319757,-3.1934874537795412,4
-8.330806725870275,-3.1946979384303074,4
-8.328514435080324,-3.1944930757263297,4
-8.329448901666739,-3.1933756521866794,4
-8.330005343732502,-3.193692286290167,4
-8.327646521661247,-3.194549036909468,4
-8.330005343732502,-3.193692286290167,4
-8.330561785798267,-3.1940089203936566,4
-8.330005343732502,-3.193692286290167,4
-8.329448901666739,-3.1933756521866794,4
-8.3291374128046,-3.1937481266998944,4
-8.328024537427481,-3.193114918879619,4
-8.327713057319757,-3.1934874537795412,4
-8.327713057319757,-3.1934874537795412,4
-8.328024537427481,-3.193114918879619,4
-8.330628330211193,-3.1929473976504372,4
-8.330628330211193,-3.1929473976504372,4
-8.330071879391014,-3.192630703160244,4
-8.329760390528877,-3.193003177673461,4
-8.329760390528877,-3.193003177673461,4
-8.329760390528877,-3.193003177673461,4
-8.329760390528877,-3.193003177673461,4
-8.32826949063111,-3.193804027496327,4
-8.32795800614618,-3.1941765322028974,4
-8.32795800614618,-3.1941765322028974,4
-8.327335037176317,-3.1949215416160364,4
-8.327090097104307,-3.1942325235793856,4
-8.327023552691385,-3.195294046322605,4
-8.327023552691385,-3.195294046322605,4
-8.327023552691385,-3.195294046322605,4
-8.326467136888859,-3.194977593379228,4
-8.325287769625296,-3.1954062706223993,4
-8.325287769625296,-3.1954062706223993,4
-8.324307974319614,-3.1926499569289835,4
-8.322393716804724,-3.1910110969685697,4
-8.320346563061076,-3.191496611002096,4
-8.319790147258551,-3.191180158058719,4
-8.319790147258551,-3.191180158058719,4
-8.319233731456025,-3.190863705115344,4
-8.320346563061076,-3.191496611002096,4
-8.319790147258551,-3.191180158058719,4
-8.320346563061076,-3.191496611002096,4
-8.32065799501953,-3.1911237439752984,4
-8.320101574839796,-3.19080726083857,4
-8.319233731456025,-3.190863705115344,4
-8.319790147258551,-3.191180158058719,4
-8.319478719677305,-3.1915530552788685,4
-8.319478719677305,-3.1915530552788685,4
-8.319478719677305,-3.1915530552788685,4
-8.319790147258551,-3.191180158058719,4
-8.318922308251985,-3.1912366325288453,4
-8.319233731456025,-3.190863705115344,4
-8.318365896826664,-3.1909202097788203,4
-8.318120899850971,-3.1902307992285905,4
-8.317809485401346,-3.1906037870287953,4
-8.318054477999832,-3.1912931673856733,4
-8.31614025112539,-3.1896545187787257,4
-8.316941663903606,-3.1906603822723305,4
-8.31607385116028,-3.1907170379025693,4
-8.316630253831185,-3.191033400265889,0
-8.316941663903606,-3.1906603822723305,0
-8.316941663903606,-3.1906603822723305,0
-8.316941663903606,-3.1906603822723305,0
-8.31607385116028,-3.1907170379025693,0
-8.316941663903606,-3.1906603822723305,0
-8.316630253831185,-3.191033400265889,0
-8.316630253831185,-3.191033400265889,0
-8.317186656502091,-3.1913497626292084,0
-8.316630253831185,-3.191033400265889,0
-8.316630253831185,-3.191033400265889,0
-8.316630253831185,-3.191033400265889,0
-8.316630253831185,-3.191033400265889,0
-8.316941663903606,-3.1906603822723305,0
-8.316630253831185,-3.191033400265889,0
-8.316630253831185,-3.191033400265889,0
-8.31749807095172,-3.190976774829,0
-8.31749807095172,-3.190976774829,0
-8.31749807095172,-3.190976774829,0
-8.318299461843907,-3.1919824873558476,0
-8.316941663903606,-3.1906603822723305,0
-8.31749807095172,-3.190976774829,0
-8.31749807095172,-3.190976774829,0
-8.31749807095172,-3.190976774829,0
-8.319790147258551,-3.191180158058719,0
-8.31749807095172,-3.190976774829,0
-8.319478719677305,-3.1915530552788685,0
-8.31700806824592,-3.1895978933418405,0
-8.318922308251985,-3.1912366325288453,0
-8.31749807095172,-3.190976774829,0
-8.319478719677305,-3.1915530552788685,0
-8.318054477999832,-3.1912931673856733,0
-8.320035131102625,-3.1918694780288916,0
-8.321326428402061,-3.1942534077891462,0
-8.32194932733662,-3.193507915282371,0
-8.32330708588206,-3.1948297486257182,0
-8.321014978934782,-3.1946261540425347,0
-8.322505734384734,-3.1938243078390443,0
-8.323618548480958,-3.194457092952387,0
-8.323373599654538,-3.193768014529031,0
-8.324419891223872,-3.195462473352354,0
-8.322194280540248,-3.194197023899079,0
-8.320703529467503,-3.1949989002959214,0
-8.32163787786934,-3.1938806615357613,0
-8.320703529467503,-3.1949989002959214,0
-8.32163787786934,-3.1938806615357613,0
-8.321571372851277,-3.194942456019149,0
-8.321014978934782,-3.1946261540425347,0
-8.319657233520964,-3.1933044112792466,0
-8.31823300935232,-3.193044644159462,0
-8.318054477999832,-3.1912931673856733,0
-8.318054477999832,-3.1912931673856733,0
-8.318054477999832,-3.1912931673856733,0
-8.316630253831185,-3.191033400265889,0
-8.317186656502091,-3.1913497626292084,0
-8.31513963407464,-3.1918361824633,0
-8.317431640346165,-3.192039082599379,0
-8.316007433686346,-3.191779436253004,0
-8.316007433686346,-3.191779436253004,0
-8.316630253831185,-3.191033400265889,0
-8.316630253831185,-3.191033400265889,0
-8.31607385116028,-3.1907170379025693,0
-8.318365896826664,-3.1909202097788203,0
-8.317875894120867,-3.189541328291657,0
-8.317875894120867,-3.189541328291657,0
-8.318365896826664,-3.1909202097788203,0
-8.32065799501953,-3.1911237439752984,0
-8.318365896826664,-3.1909202097788203,0
-8.319790147258551,-3.191180158058719,0
-8.318677315653499,-3.1905472521719673,0
-8.320591542527943,-3.192185900778915,0
-8.321571372851277,-3.194942456019149,0
-8.320770030108362,-3.1939370756191803,0
-8.321014978934782,-3.1946261540425347,0
-8.32163787786934,-3.1938806615357613,0
-8.323863488552966,-3.195146110989038,0
-8.322260776803898,-3.1931351690289844,0
-8.320902978863602,-3.191813063945471,0
-8.32065799501953,-3.1911237439752984,0
-8.320168001068144,-3.1897449228748407,0
-8.320413002421041,-3.1904343636184223,0
-8.320168001068144,-3.1897449228748407,0
-8.321280858936435,-3.190378009921705,0
-8.320168001068144,-3.1897449228748407,0
-8.320969426977982,-3.190750876948501,0
-8.319611572133997,-3.1894283793514067,0
-8.320969426977982,-3.190750876948501,0
-8.320168001068144,-3.1897449228748407,0
-8.32183728787058,-3.1906945534451374,0
-8.322082276091859,-3.19138390360866,0
-8.32152585153492,-3.1910673902785813,0
-8.32065799501953,-3.1911237439752984,0
-8.320035131102625,-3.1918694780288916,0
-8.317988038639866,-3.192355414769347,0
-8.317676615435825,-3.192728342182848,0
-8.317676615435825,-3.192728342182848,0
-8.31823300935232,-3.193044644159462,0
-8.31823300935232,-3.193044644159462,0
-8.316430922619666,-3.1942200518368526,0
-8.314383926455452,-3.194706652831057,0
-8.313761097556199,-3.195452628431468,0
-8.31456238339543,-3.1964576163178595,0
-8.315430161121103,-3.1964007191408026,0
-8.315430161121103,-3.1964007191408026,0
-8.315430161121103,-3.1964007191408026,0
-8.315118733539856,-3.19677361636095,0
-8.315986515642736,-3.196716749377245,0
-8.317722106111734,-3.1966031965699493,0
-8.315986515642736,-3.196716749377245,0
-8.31456238339543,-3.1964576163178595,0
-8.314873806599469,-3.1960846889043566,0
-8.313761097556199,-3.195452628431468,0
-8.3149402897315,-3.1950227434542047,0
-8.315073203469087,-3.1928984902336772,0
-8.317431640346165,-3.192039082599379,0
-8.318054477999832,-3.1912931673856733,0
-8.318922308251985,-3.1912366325288453,0
-8.318922308251985,-3.1912366325288453,0
-8.319478719677305,-3.1915530552788685,0
-8.319790147258551,-3.191180158058719,0
-8.319790147258551,-3.191180158058719,0
-8.319233731456025,-3.190863705115344,0
-8.319233731456025,-3.190863705115344,0
-8.319233731456025,-3.190863705115344,0
-8.318922308251985,-3.1912366325288453,0
-8.318922308251985,-3.1912366325288453,0
-8.318922308251985,-3.1912366325288453,0
-8.318922308251985,-3.1912366325288453,0
-8.317431640346165,-3.192039082599379,0
-8.316563827602838,-3.1920957382296162,0
-8.318054477999832,-3.1912931673856733,0
-8.318677315653499,-3.1905472521719673,0
-8.318299461843907,-3.1919824873558476,0
-8.317743059172999,-3.191666124992526,0
-8.317431640346165,-3.192039082599379,0
-8.318922308251985,-3.1912366325288453,0
-8.318922308251985,-3.1912366325288453,0
-8.318743728750224,-3.189484823628179,0
-8.318365896826664,-3.1909202097788203,0
-8.318789403268813,-3.1933609461360764,0
-8.320213631814664,-3.1936207434492125,0
-8.318789403268813,-3.1933609461360764,0
-8.317431640346165,-3.192039082599379,0
-8.315517448489373,-3.1904006755392516,0
-8.31558383970007,-3.1893380960287043,0
-8.315027428274753,-3.1890216732786794,0
-8.316962122340529,-3.185719898846102,0
-8.316272998529127,-3.1875291182108114,0
-8.315961605965533,-3.187902256977779,0
-8.315405181408591,-3.1875857436476984,0
-8.315405181408591,-3.1875857436476984,0
-8.314848756851653,-3.187269230317616,0
-8.315160140660833,-3.186896031163947,0
-8.31460371172669,-3.1865794876405147,0
-8.314292332294716,-3.1869527169875376,0
-8.313735907737776,-3.1866362036574554,0
-8.312623058623899,-3.1860031769972963,0
-8.314848756851653,-3.187269230317616,0
-8.315650213401941,-3.1882753957447445,0
-8.317074455079409,-3.1885352836379397,0
-8.315961605965533,-3.187902256977779,0
-8.316206633581672,-3.188591878881473,0
-8.31589523664087,-3.1889649874550887,0
-8.31651803052247,-3.188218770307861,0
-8.316272998529127,-3.1875291182108114,0
-8.316339345967753,-3.1864662367667407,0
-8.316829427463272,-3.1878456617342454,0
-8.318810124338126,-3.188422274310984,0
-8.315471524470015,-3.186522832010276,0
-8.31571656959498,-3.187212574687379,0
-8.316272998529127,-3.1875291182108114,0
-8.316272998529127,-3.1875291182108114,0
-8.315650213401941,-3.1882753957447445,0
-8.314537373042473,-3.187642429471289,0
-8.314537373042473,-3.187642429471289,0
-8.314225989233291,-3.18801562862496,0
-8.315650213401941,-3.1882753957447445,0
-8.314782405035817,-3.188332081568337,0
-8.314225989233291,-3.18801562862496,0
-8.314113595213522,-3.1851998211261936,0
-8.313735907737776,-3.1866362036574554,0
-8.314225989233291,-3.18801562862496,0
-8.312245371148155,-3.18743955952856,0
-8.312934424924254,-3.185629857070216,0
-8.31342453268301,-3.187009463197832,0
-8.312245371148155,-3.18743955952856,0
-8.31200032602319,-3.1867498168514583,0
-8.31200032602319,-3.1867498168514583,0
-8.312623058623899,-3.1860031769972963,0
-8.312311692323545,-3.1863764969243764,0
-8.312623058623899,-3.1860031769972963,0
-8.31151020951002,-3.1853701503371354,0
-8.31151020951002,-3.1853701503371354,0
-8.310953784953082,-3.1850536370070532,0
-8.310953784953082,-3.1850536370070532,0
-8.310953784953082,-3.1850536370070532,0
-8.31151020951002,-3.1853701503371354,0
-8.31151020951002,-3.1853701503371354,0
-8.311198851964079,-3.185743530650919,0
-8.312311692323545,-3.1863764969243764,0
-8.312311692323545,-3.1863764969243764,0
-8.312311692323545,-3.1863764969243764,0
-8.312311692323545,-3.1863764969243764,0
-8.312311692323545,-3.1863764969243764,0
-8.312311692323545,-3.1863764969243764,0
-8.312311692323545,-3.1863764969243764,0
-8.312868112503278,-3.1866929800611032,0
-8.313179483180837,-3.1863196903273767,0
-8.312623058623899,-3.1860031769972963,0
-8.312623058623899,-3.1860031769972963,0
-8.312623058623899,-3.1860031769972963,0
-8.312623058623899,-3.1860031769972963,0
-8.312868112503278,-3.1866929800611032,0
-8.312868112503278,-3.1866929800611032,0
-8.312311692323545,-3.1863764969243764,0
-8.31206663406696,-3.185686663667216,0
-8.312377995990108,-3.185313313546784,0
-8.312377995990108,-3.185313313546784,0
-8.31324579122461,-3.185256537143136,0
-8.31380222453596,-3.18557311085992,0
-8.314047282792545,-3.186262944117079,0
-8.314047282792545,-3.186262944117079,0
-8.314047282792545,-3.186262944117079,0
-8.313490853858399,-3.1859464005936466,0
-8.313490853858399,-3.1859464005936466,0
-8.312934424924254,-3.185629857070216,0
-8.312377995990108,-3.185313313546784,0
-8.312377995990108,-3.185313313546784,0
-8.312199197628022,-3.1835599949785074,0
-8.311086313496492,-3.1829267267715284,0
-8.310529871430727,-3.182610092668039,0
-8.310529871430727,-3.182610092668039,0
-8.309907191356496,-3.1833570948424246,0
-8.307926564516944,-3.1827809653593206,0
-8.307548999602984,-3.184218193304451,0
-8.307237668320283,-3.1845917547783475,0
-8.306992583800458,-3.1839017403610743,0
-8.306992583800458,-3.1839017403610743,0
-8.310397360396143,-3.1847371236769746,0
-8.312444282147844,-3.184250009395779,0
-8.312444282147844,-3.184250009395779,0
-8.313000719836406,-3.1845666133059183,0
-8.312444282147844,-3.184250009395779,0
-8.312444282147844,-3.184250009395779,0
-8.311887844459287,-3.183933405485643,0
-8.311887844459287,-3.183933405485643,0
-8.312020346739459,-3.18180631409,0
-8.312888150728371,-3.1817495980730577,0
-8.312888150728371,-3.1817495980730577,0
-8.313133257134227,-3.1824397634570936,0
-8.313133257134227,-3.1824397634570936,0
-8.313444610302962,-3.182066352949956,0
-8.313444610302962,-3.182066352949956,0
-8.313133257134227,-3.1824397634570936,0
-8.313133257134227,-3.1824397634570936,0
-8.31368971233161,-3.1827564881406385,0
-8.313133257134227,-3.1824397634570936,0
-8.312020346739459,-3.18180631409,0
-8.312576801936842,-3.182123038773547,0
-8.312576801936842,-3.182123038773547,0
-8.312576801936842,-3.182123038773547,0
-8.312020346739459,-3.18180631409,0
-8.312020346739459,-3.18180631409,0
-8.313133257134227,-3.1824397634570936,0
-8.314312427423493,-3.182009727513069,0
-8.314312427423493,-3.182009727513069,0
-8.314312427423493,-3.182009727513069,0
-8.314312427423493,-3.182009727513069,0
-8.313755963471698,-3.1816929424428206,0
-8.313755963471698,-3.1816929424428206,0
-8.313133257134227,-3.1824397634570936,0
-8.312444282147844,-3.184250009395779,0
-8.312132924601903,-3.1846233897095644,0
-8.312689357913257,-3.18493996342635,0
-8.31368971233161,-3.1827564881406385,0
-8.312576801936842,-3.182123038773547,0
-8.311775231579189,-3.1811160883192624,0
-8.311775231579189,-3.1811160883192624,2
-8.311218772004597,-3.180799333442364,2
-8.311775231579189,-3.1811160883192624,2
-8.312265453145315,-3.182496479474038,2
-8.311642755562257,-3.183243360875018,2
-8.31206663406696,-3.185686663667216,2
-8.311198851964079,-3.185743530650919,2
-8.30921824701056,-3.185167552134578,2
-8.307794079745602,-3.1849081775283707,2
-8.305502200413063,-3.1847061529995084,2
-8.302342674671053,-3.1845619314482683,2
-8.300362214165348,-3.1839869493125477,2
-8.299739630389663,-3.1847346157406875,2
-8.299117046613976,-3.1854822821688256,2
-8.296514107385544,-3.185655691101701,2
-8.293599981322224,-3.186203657889097,2
-8.289884565042472,-3.1857466065967515,2
-8.285858058226378,-3.185664777412681,2
-8.281831726498542,-3.185584155962699,2
-8.27842792601992,-3.1847555057643557,2
-8.275580484440132,-3.184242915995805,2
-8.272978228055923,-3.1844210350916313,2
-8.270687184769837,-3.18422477749305,2
-8.267217719696804,-3.1844637189017284,2
-8.265105925625077,-3.186023889786707,2
-8.262192898240603,-3.1865794351055214,2
-8.260392326021417,-3.187765289682794,2
-8.258035631272545,-3.1886367142712935,2
-8.257168391943274,-3.1886973252306756,2
-8.255745012575492,-3.188443385427881,2
-8.253699522170333,-3.188940372935262,2
-8.25338845789723,-3.1893157762036495,2
-8.254500720465428,-3.189944756954606,2
-8.25412361953536,-3.191385185395074,2
-8.252078177279472,-3.1918825050293336,2
-8.251409012903444,-3.1887477989256556,2
-8.249806572541186,-3.1867387289534452,2
-8.24876020655934,-3.185043756843136,2
-8.245979484480742,-3.183470852065458,2
-8.242576808944198,-3.182649961558642,2
-8.239174220951785,-3.1818296749188733,2
-8.236949713324213,-3.180571834190367,2
-8.233547247893583,-3.1797523929644633,2
-8.232500698069064,-3.1780561527333564,2
-8.230521428163541,-3.177489383189453,2
-8.227986066368778,-3.176608395010245,2
-8.225205475606376,-3.1750363960331356,2
-8.223537121148937,-3.1740931966468686,2
-8.222114056940024,-3.1738414307654317,2
-8.219824086069544,-3.173652570538154,2
-8.21704356096524,-3.1720810244613293,2
-8.213641493860406,-3.1712643308304784,2
-8.210239514299706,-3.1704482410666746,2
-8.207459076739532,-3.168877298856895,2
-8.203501149737406,-3.167747986838405,2
-8.198987257785028,-3.1663053317918255,2
-8.195029549643227,-3.1651775294409514,2
-8.190205280639173,-3.1641150180190607,2
-8.184825160492242,-3.162739948596238,2
-8.179690724542429,-3.162059030079952,2
-8.176109119327602,-3.1594839152042944,2
-8.17332901005792,-3.1579152374959314,2
-8.169061472015265,-3.157171352938784,2
-8.16566053422972,-3.156362449192816,2
-8.161458118007861,-3.1545472290529624,2
-8.16052686866826,-3.155686844706528,2
-8.159414903750108,-3.1550599171035216,2
-8.156505378130868,-3.15563961710415,2
-8.155639022997324,-3.155706327120688,2
-8.15397114127819,-3.154766388616469,2
-8.150880983247323,-3.1535801190342205,2
-8.147790868988523,-3.152394151385492,2
-8.14383454404399,-3.151275890133933,2
-8.140253218970384,-3.148702707632822,2
-8.136297034096465,-3.1475854125685334,2
-8.1334528141407,-3.1470950451072497,2
-8.128566202842007,-3.1471230420467506,2
-8.12714418916267,-3.1468785225698586,2
-8.12492057448523,-3.1456268412852157,2
-8.122322362639869,-3.145832859038535,2
-8.120654691026647,-3.144894369815221,2
-8.11929716009595,-3.1435741065261933,2
-8.116827804317705,-3.141627881821437,2
-8.113492408564785,-3.1397505410545836,2
-8.109601113519716,-3.1375603101599214,2
-8.105955682137235,-3.136065468099238,2
-8.102064417732608,-3.133875448558044,2
-8.097243230281965,-3.132834193256146,2
-8.093907939582003,-3.130957577129747,2
-8.090016767098714,-3.1287681916489483,2
-8.086371585217005,-3.1272750706093433,2
-8.081550861750255,-3.126237015802788,2
-8.079199726053698,-3.1271467859486606,2
-8.078953726697703,-3.126450461120763,2
-8.076912508446135,-3.126976917339954,2
-8.07364125839695,-3.124021507872845,2
-8.072529564865603,-3.1233964522576816,2
-8.072037452346251,-3.122003017574727,2
-8.071235523057656,-3.120993591265556,2
-8.069504257268726,-3.1211369751048874,2
-8.066907424243428,-3.121352503764168,2
-8.064930163475712,-3.120799592968954,2
-8.063262662573548,-3.1198622812863803,2
-8.06035627978861,-3.1204636601139306,2
-8.058998538751998,-3.1191419475439943,2
-8.05646556691201,-3.118277444935119,2
-8.05417876513907,-3.1181104446948815,2
-8.052201679459614,-3.117558741633756,2
-8.048493739448647,-3.117153260587079,2
-8.046207112763966,-3.1169874680809286,2
-8.04194361926016,-3.1162714821812703,2
-8.039410962579044,-3.1154091534937596,2
-8.037434100137126,-3.1148589902936017,2
-8.03601301880278,-3.114620902000741,2
-8.03403620451013,-3.114071070927457,2
-8.03205941648072,-3.1135214210142887,2
-8.029590200773088,-3.111576162496803,2
-8.027120941293386,-3.109630602045794,2
-8.022365444700391,-3.1075219362969886,2
-8.019959236622789,-3.104490758807657,2
-8.017799238007093,-3.102157355427128,2
-8.016687693300767,-3.101533326385942,2
-8.014710988438285,-3.1009842501464675,2
-8.012487916534457,-3.0997363128375035,2
-8.011067019042788,-3.099499492665439,2
-8.008781031430264,-3.099338108388718,2
-8.006185761067705,-3.099564416074756,2
-8.002479112332665,-3.0991678420669952,2
-7.998216879464344,-3.0984605518527886,2
-7.994510506493322,-3.098065880026221,2
-7.9908042648384905,-3.09767211400022,2
-7.988272282247182,-3.0968144350889553,2
-7.984875450281383,-3.0960338527074143,2
-7.9825900404601215,-3.0958764539531938,2
-7.980058197939424,-3.095019741229203,2
-7.978328542962501,-3.0951742362221673,2
-7.975303756253203,-3.092918352078291,2
-7.971414146432654,-3.0907397456242514,2
-7.9675870233545565,-3.0874716271894442,2
-7.962895050901967,-3.0842806052843574,2
-7.95875867571428,-3.081400390165772,2
-7.955980295441183,-3.079843638831557,2
-7.953201915168086,-3.078286887497338,2
-7.949250002447758,-3.077199061144862,2
-7.945360331346316,-3.0750200319838896,2
-7.94085292641404,-3.0736221234853627,2
-7.937456943626309,-3.07284739861416,2
-7.933196588579598,-3.0721530613480734,2
-7.9295539761181315,-3.070677663806247,2
-7.927084585322236,-3.068731197554671,2
-7.923442021010041,-3.0672561321397165,2
-7.922824532302776,-3.0680389436298903,2
-7.920046414662072,-3.0664840038968073,2
-7.917576997602936,-3.0645373564851166,2
-7.9144901793806675,-3.0633741244306485,2
-7.911650362894687,-3.0629141314817403,2
-7.909119260121894,-3.0620625214342816,2
-7.906896818535812,-3.0608189319680434,2
-7.9046743769497265,-3.0595753425018035,2
-7.90214334421224,-3.058724215547983,2
-7.899859370114728,-3.0585767202133063,2
-7.898439606319557,-3.0583477201194746,2
-7.898131037054185,-3.058740333598653,2
-7.899489220188658,-3.0600650956971656,2
-7.901155972588505,-3.060997244316505,2
-7.897760904636941,-3.060228829855925,2
-7.89578561798938,-3.05968953626258,2
-7.8955386031214685,-3.058986206576959,2
-7.894427452363729,-3.058364894937476,2
-7.89288367744261,-3.0552399541879733,2
-7.88683506325873,-3.0558164053990744,2
-7.880478413828678,-3.0567891536783307,2
-7.87510890840762,-3.055487303134745,2
-7.87257844032978,-3.054640071123364,2
-7.870295114058836,-3.0544970444048207,2
-7.868320225737069,-3.0539604984065356,2
-7.864926015717989,-3.053198001842997,2
-7.8612847514361395,-3.051731903853666,2
-7.857951850690956,-3.0498717732976033,2
-7.854618949945768,-3.0480116427415425,2
-7.8509777907168745,-3.0465462693926657,2
-7.848139392445817,-3.0460960590898907,2
-7.844437383549721,-3.0457314900355303,2
-7.841846394095162,-3.0459873268200823,2
-7.838700052499271,-3.0459340476458596,2
-7.835801058438987,-3.046586392852028,2
-7.833518493801986,-3.046448619776781,2
-7.83123598169146,-3.0463112090217574,2
-7.828645386185493,-3.046569763208012,2
-7.825807618232178,-3.046123900747965,2
-7.82358612212271,-3.044886833045819,2
-7.819945803317474,-3.0434272568205767,2
-7.816552849556673,-3.042673425749138,2
-7.813220684182186,-3.0408183676762537,2
-7.8101965190362215,-3.038566770988403,2
-7.80630896212554,-3.0364023252165744,2
-7.803840083462809,-3.0344593915872125,2
-7.8004473835799875,-3.033707311730204,2
-7.795944066958629,-3.0323376038226932,2
-7.792304085198298,-3.0308803524855747,2
-7.7883563133153615,-3.0298210890443364,2
-7.785211481855729,-3.0297782265766457,2
-7.781819245956802,-3.02902934721498,2
-7.777871789232737,-3.0279722576951045,2
-7.773616686833883,-3.0273141524517317,2
-7.769856839788686,-3.028071160718241,2
-7.767575579559232,-3.027942385261966,2
-7.765294371856261,-3.0278139721259194,2
-7.762705522855706,-3.0280845734597293,2
-7.759006293485765,-3.0277391771840545,2
-7.755614845484017,-3.026995732625794,2
-7.753333909167851,-3.026869191477587,2
-7.7516682729556745,-3.025944742163075,2
-7.748584610699327,-3.024803279515586,2
-7.745500992215042,-3.0236621188016155,2
-7.742972616441929,-3.0228293192126188,2
-7.7407518206855075,-3.0215970824468315,2
-7.739393755735608,-3.020273135568827,2
-7.736062535837737,-3.018424599260035,2
-7.732483587587285,-3.0158678117491977,2
-7.729767238827165,-3.0132184083255815,2
-7.7287164606211185,-3.011493001316188,2
-7.727110395931837,-3.0094589312483055,2
-7.725444694061563,-3.008534029033509,2
-7.722668524277775,-3.006992525342188,2
-7.718415050199757,-3.0063456520258587,2
-7.716442044076803,-3.005822089169042,2
-7.712803428004915,-3.0043742581578314,2
-7.709472155580566,-3.0025253595288106,2
-7.705526353440576,-3.0014796830960915,2
-7.70269104547734,-3.001050789300015,2
-7.699052657020192,-2.999604528343122,2
-7.6956623076972885,-2.9988686623162817,2
-7.693134400285275,-2.998039093415974,2
-7.689496182539183,-2.9965940099998196,2
-7.687216379919513,-2.9964752889298474,2
-7.68407434987207,-2.996451750207603,2
-7.68037728721937,-2.996121299641297,2
-7.677483515166498,-2.99680966551672,2
-7.676007138840059,-2.997710696882395,2
-7.674837869792001,-2.998209030189237,2
-7.672003349725944,-2.9977855711965677,2
-7.667999735700092,-2.997861653244833,2
-7.6654134342337485,-2.998149827109657,2
-7.663134226914169,-2.998035212335596,2
-7.6603000307613955,-2.9976139876509933,2
-7.657465904643929,-2.9971932460600303,2
-7.654690741617648,-2.995658686839727,2
-7.651797862514909,-2.9963532121590077,2
-7.648160852877823,-2.994916462108078,2
-7.6439688894251985,-2.993173343693428,2
-7.640945713527914,-2.9909285707031863,2
-7.637308813320992,-2.9894925754860626,2
-7.635030148775023,-2.989381704687677,2
-7.63422696760536,-2.9883636430797598,2
-7.631948359963077,-2.9882531647949566,2
-7.630896955816493,-2.9865234401361906,2
-7.629597258657691,-2.9840815693329414,2
-7.626573912049348,-2.981835618801963,2
-7.623550512914526,-2.9795893059507534,2
-7.622250518105675,-2.977145381999552,2
-7.61953364408077,-2.974492355373661,2
-7.618233430411591,-2.972046921754842,2
-7.616933111689455,-2.9696007634955723,2
-7.615077602782631,-2.9668466064315613,2
-7.612973455064265,-2.963377917948236,2
-7.611175661744755,-2.9595013381494883,2
-7.61042994228443,-2.957359102592406,2
-7.609261710634323,-2.957864591723734,2
-7.60914574544049,-2.960105753604225,2
-7.605757120736965,-2.9593817837581753,2
-7.603536710174718,-2.958152204007387,2
-7.599841713563512,-2.957836004703351,2
-7.598425048830572,-2.957628381502923,2
-7.595285303684948,-2.957620603710563,2
-7.593313632609992,-2.9571062498261877,2
-7.593065015684485,-2.956391869373638,2
-7.590786924552575,-2.9562849539044027,2
-7.588815310381304,-2.9557709925336066,2
-7.5856758541313125,-2.9557652075024947,2
-7.582594240407627,-2.9546378753438614,2
-7.5780385571453515,-2.954427486447548,2
-7.573789416501816,-2.95381050454996,2
-7.570650428612924,-2.953807950207537,2
-7.568372832105352,-2.953704446587107,2
-7.56609528812426,-2.9536013052869023,2
-7.563511521060509,-2.9539069611026925,2
-7.56092783278647,-2.954213160398817,2
-7.559760362770305,-2.9547239031734414,2
-7.559454104669992,-2.955132458742611,2
-7.557176792680847,-2.9550309176900775,2
-7.5545933013811055,-2.955338475687057,2
-7.551206287489589,-2.954625616994642,2
-7.548374262431266,-2.9542193682127618,2
-7.545542307408246,-2.9538136025245176,2
-7.543265306200766,-2.9537142051999954,2
-7.540739626786885,-2.952900004715991,2
-7.539074988577804,-2.951982439485798,2
-7.537659107364839,-2.951780220895426,2
-7.535439607261555,-2.95055692136191,2
-7.532914019769011,-2.9497433549383025,2
-7.5309433335655305,-2.949235794558186,2
-7.527308087942684,-2.9478112124282188,2
-7.524227752363313,-2.9466926967284497,2
-7.522008322295332,-2.9454698802885684,2
-7.519176910045924,-2.9450678585760066,2
-7.516345567831822,-2.9446663199570793,2
-7.5140691269067785,-2.944570787381645,2
-7.511486791189567,-2.9448863164236236,2
-7.508043799461732,-2.945307867226786,2
-7.5052127724065025,-2.944908502529225,2
-7.501215251452164,-2.94502661372384,2
-7.497217905586088,-2.9451459326525438,2
-7.493832428094073,-2.9444436718267752,2
-7.491556516811022,-2.9443517926469642,2
-7.489280658054452,-2.944260275787384,2
-7.485895408177174,-2.943559585015926,2
-7.483064958913208,-2.943164205840864,2
-7.47992881620857,-2.9431812771774126,2
-7.476849574930835,-2.9420703098157066,2
-7.473770377425165,-2.9409596443875277,2
-7.4721063038757265,-2.9400459740997746,2
-7.470193228206606,-2.938415266344471,2
-7.4674763804449364,-2.935762420878694,2
-7.465868853768667,-2.9337182662311516,2
-7.4628461943817515,-2.931477056056478,2
-7.459268760644767,-2.9289307154455244,2
-7.455996823374156,-2.9259705656221087,2
-7.452724763541762,-2.923009570384828,2
-7.4508113158100855,-2.9213762961945857,2
-7.448037597261963,-2.9198517007805265,2
-7.445818622423463,-2.9186320244492805,2
-7.442795604105614,-2.916388338419722,2
-7.440825929036842,-2.915887752703979,2
-7.438912367497796,-2.914253693486577,2
-7.434169004521348,-2.9122287237102427,2
-7.431644668909879,-2.911423792585383,2
-7.4294257115802065,-2.9102042370275463,2
-7.427817405761173,-2.9081547079633054,2
-7.426153161500679,-2.9072398601348137,2
-7.424239464268228,-2.9056048649234896,2
-7.422325732018124,-2.9039696281653473,2
-7.421271990443247,-2.902223780256474,2
-7.420772970691962,-2.9007827004636493,2
-7.420024375406933,-2.898620627874129,2
-7.418776541510291,-2.895015965824168,2
-7.41697365749957,-2.89110427115674,2
-7.41542019144315,-2.8879124823253264,2
-7.413616830316912,-2.883997496582502,2
-7.412007605284502,-2.8819416269142817,2
-7.41034296707542,-2.881024061684087,2
-7.4084838513503986,-2.8782450252978116,2
-7.40520972985372,-2.8752698089916144,2
-7.403295170311581,-2.8736288656898967,2
-7.3993556976122585,-2.8726268488445506,2
-7.397691006876696,-2.871708921294127,2
-7.394611537984221,-2.8705963838781035,2
-7.392946860380278,-2.869678546907739,2
-7.389922450110744,-2.8674252593921583,2
-7.386593068639623,-2.865589404291317,2
-7.384373480992208,-2.864365500890754,2
-7.382818513553943,-2.8611633557395137,2
-7.3802939940998,-2.8603571564938584,2
-7.37721460399704,-2.8592451625581763,2
-7.374994981331971,-2.8580210176107954,2
-7.3725252534911725,-2.856072226471097,2
-7.369141146064804,-2.855379416164583,2
-7.366312018717214,-2.8549931553818997,2
-7.362013859995772,-2.855558590409993,2
-7.356910931178688,-2.855095003643294,2
-7.354441352162908,-2.85314723907757,2
-7.350502886221093,-2.8521521667032452,2
-7.347369562437476,-2.8521886825586513,2
-7.343986142232534,-2.851500612608442,2
-7.340853024177621,-2.851538547551405,2
-7.3382748117889784,-2.8518825187312125,2
-7.335392100937053,-2.8526471832078037,2
-7.333923599205189,-2.8536025324142003,2
-7.332455123736567,-2.8545580627807094,2
-7.33043193082156,-2.85520885522452,2
-7.3284087904330315,-2.855860009988561,2
-7.325830985124594,-2.856206789150127,2
-7.323503433816915,-2.857279241077995,2
-7.320371099281976,-2.8573225806310134,2
-7.316379706416806,-2.8574829625187963,2
-7.312388488639897,-2.8576445521406715,2
-7.3083974459512495,-2.8578073494966336,2
-7.303493306198557,-2.8592349743379994,2
-7.299252491001874,-2.8586754201964144,2
-7.295816607857473,-2.8591460050036535,2
-7.2915219509012665,-2.8597355947135537,2
-7.287782042031893,-2.8606301336996225,2
-7.284901143343476,-2.861407298224048,2
-7.281716035087413,-2.8626071488065055,2
-7.27938983195935,-2.863688900286867,2
-7.276204951318025,-2.8648903209236423,2
-7.272465773442145,-2.865789902199534,2
-7.269585439413373,-2.8665709616664046,2
-7.266455061489762,-2.866627797647883,2
-7.263020561542629,-2.867107923554439,2
-7.25928199209846,-2.8680117017062994,2
-7.2552934487947525,-2.868191739466404,2
-7.250196433583714,-2.8677689439186125,2
-7.2453498387072806,-2.8680729684845048,2
-7.240199401948548,-2.8688022153500157,2
-7.235907612062631,-2.869411581705652,2
-7.23192010177967,-2.8695987450968907,2
-7.227020650015185,-2.8710587070185287,2
-7.223033555566845,-2.8712487387782346,2
-7.218742641122239,-2.8718641438043218,2
-7.2161143776349395,-2.873383406278675,2
-7.213236052743976,-2.8741783244942347,2
-7.210911941920643,-2.875274508396977,2
-7.207783665056172,-2.8753458371875418,2
-7.204047634391801,-2.8762671274837146,2
-7.200919602650896,-2.8763401471020096,2
-7.197737926124766,-2.8775636692726376,2
-7.195414288039738,-2.878663114057428,2
-7.19278683871286,-2.8801879924953013,2
-7.190213235522711,-2.880563757275045,2
-7.187085737801006,-2.8806404604823133,2
-7.185673949276163,-2.880466472676307,2
-7.183404384942605,-2.880418373857278,2
-7.1802771104584355,-2.880496616925516,2
-7.177703874953634,-2.8808749179468442,2
-7.1740690710176995,-2.880636457014324,2
-7.170296100998402,-2.880757319519706,2
-7.167934410144408,-2.8821806088736146,2
-7.164716780705026,-2.8826020542791007,2
-7.1609464210722376,-2.88272533874758,2
-7.157177019379452,-2.8828495120098605,2
-7.1536589356256,-2.8825698296860907,2
-7.150444563182227,-2.8829942969904856,2
-7.147481125501793,-2.883014553191316,2
-7.1461246824550395,-2.882822397981185,2
-7.144412182623267,-2.8808181323683684,2
-7.1427526269785355,-2.879922383026196,2
-7.141896161526149,-2.8789200502411862,2
-7.140040171958035,-2.8795384725631497,2
-7.138380760004304,-2.878642856540047,2
-7.13666758961453,-2.876637968771572,2
-7.13470444240182,-2.875038180900461,2
-7.132741103601112,-2.873438215270591,2
-7.13174311218939,-2.8750603924476454,2
-7.129888487685777,-2.875680081300768,2
-7.128034150564169,-2.876300036792033,2
-7.1269824007163995,-2.8768129422237116,2
-7.125128518616291,-2.877433319892029,2
-7.122917023078655,-2.8762401428677364,2
-7.1215620887874085,-2.8760493875078392,2
-7.119903538979679,-2.8751545713991558,2
-7.118244989171954,-2.8742597552904705,2
-7.114927889556501,-2.8724701230731036,2
-7.112467686466438,-2.871683223597959,2
-7.109454872925465,-2.8705982742850367,2
-7.105585258653104,-2.868510681109271,2
-7.1041752966553045,-2.867209476352217,2
-7.102516818693078,-2.8663147269030684,2
-7.099007931163253,-2.8660435769997523,2
-7.099865139019144,-2.867046598599961,2
-7.09936853816329,-2.867859909172978,2
-7.097101488052101,-2.865555793914943,2
-7.09765421824551,-2.8658539548519464,2
-7.0981506275133635,-2.865040466520167,2
-7.096548757858693,-2.86525763297794,2
-7.095443297471874,-2.8646613111039336,2
-7.092736350606389,-2.8642825112052197,2
-7.091191711920276,-2.86561217128588,2
-7.08774189939351,-2.866455225933514,2
-7.090143195120014,-2.8661280763966257,2
-7.08774189939351,-2.866455225933514,2
-7.0839884713502705,-2.8665942198323613,2
-7.079683726075122,-2.8664363637650574,2
-7.075875102685828,-2.865464752727835,2
-7.0731714128163485,-2.86508897472803,2
-7.070410515926816,-2.863600725325181,2
-7.067344566610798,-2.8614070819828523,2
-7.065382784462592,-2.859808560642902,2
-7.062374736673132,-2.8587280330791174,2
-7.059061516714692,-2.856942000476632,2
-7.053105478027337,-2.8558960609136594,2
-7.051261750091257,-2.8565258597962284,2
-7.047516033465036,-2.856672008485143,2
-7.044569407631647,-2.8567078630171157,2
-7.040825391348929,-2.856855589315021,2
-7.037880082683041,-2.85689266593846,2
-7.037082333006214,-2.8570042044067208,2
-7.036284631226389,-2.857115787314676,2
-7.035240975971641,-2.857636203053941,2
-7.035121580643515,-2.8554066385201065,2
-7.034629673693673,-2.8562243041827315,2
-7.034443393934316,-2.8577478970611168,2
-7.032848373550665,-2.8579714183945413,2
-7.030702059883606,-2.8578981119816547,2
-7.028250358511066,-2.8571191005514613,2
-7.0255531826336055,-2.8567493663494794,2
-7.022059478452822,-2.8564923038278476,2
-7.019608663174786,-2.855714114531917,2
-7.018200090189989,-2.854414198525868,2
-7.01495286635113,-2.8537487920095135,2
-7.011399991373283,-2.852377436057555,2
-7.008153653628924,-2.8517128516754653,2
-7.004907794854566,-2.8510487116902716,2
-7.002519862391102,-2.8513882599006326,2
-7.000683390850542,-2.852024791396218,2
-6.998051564483158,-2.8527750833445555,2
-6.9967050600639356,-2.852592149370073,2
-6.995175700520864,-2.853935985711802,2
-6.993095814046388,-2.854983705342258,2
-6.990771794182999,-2.856441946512245,2
-6.988386663694042,-2.856784094444464,2
-6.986796816186401,-2.8570124152643928,2
-6.984962811341351,-2.8576512354040027,2
-6.9825787585348955,-2.8579943832292454,2
-6.980745400299343,-2.8586338033046665,2
-6.977873823118559,-2.859798683024156,2
-6.974941063466708,-2.8598474028463414,2
-6.972864865061241,-2.860898544332917,2
-6.970483111310794,-2.861243825263271,2
-6.968895514962163,-2.8614742347486253,2
-6.967064264194614,-2.8621156101704006,2
-6.964133875444272,-2.862166529757234,2
-6.961204061457929,-2.862217982620347,2
-6.9585183808604985,-2.861858913943932,2
-6.955283538396171,-2.861204995087407,2
-6.952111985870916,-2.8616691914745402,2
-6.947049963884057,-2.8616604254134312,2
-6.943024891571923,-2.861125022056477,2
-6.940162319027165,-2.8622982564376596,2
-6.936751446761506,-2.8631774405531534,2
-6.933827069084679,-2.8632339373210662,2
-6.929562892568643,-2.863113721671075,2
-6.924508653844305,-2.863112177059568,2
-6.92031097636635,-2.8641130541124564,2
-6.916841388325136,-2.8638783669746743,2
-6.913130420972512,-2.8640567566585844,2
-6.910210737201693,-2.8641176085161035,2
-6.908388179739672,-2.864767049741591,2
-6.906017705732756,-2.8651227962189054,2
-6.903647662798838,-2.865478942653432,2
-6.901826111173819,-2.8661293171124065,2
-6.898360881759614,-2.8658986739863987,2
-6.893865456147698,-2.866200934152511,2
-6.8893063813692095,-2.8653847457772894,2
-6.885537225108024,-2.8644497530445143,2
-6.882557412600145,-2.8633954226779057,2
-6.879577839577263,-2.8623413145097505,2
-6.8755031519195935,-2.860700483440594,2
-6.873071758875111,-2.8599403144389015,2
-6.869785840206745,-2.8581796124596366,2
-6.866433015375794,-2.855297440040129,2
-6.864242211342213,-2.8541234609618584,2
-6.862839314151937,-2.852828811059057,2
-6.86150370630024,-2.8526559871140176,2
-6.859552964410568,-2.8510677091225816,2
-6.855650905867218,-2.8478906198634313,2
-6.853699589213542,-2.8463018085957152,2
-6.849556797968288,-2.843538396094072,2
-6.84760500234461,-2.841949140429458,2
-6.845344514122441,-2.8396511134089355,2
-6.843700836333255,-2.838770095823957,2
-6.842057158544071,-2.837889078238973,2
-6.841200549400684,-2.83688661213489,2
-6.841200549400684,-2.83688661213489,2
-6.839487043731903,-2.8348814132885884,2
-6.840035008173798,-2.835175152476449,2
-6.838251123809927,-2.8320452613123877,2
-6.839038192455728,-2.8319238127932866,2
-6.836705146224959,-2.8284990714491176,2
-6.833132348312202,-2.822234622953559,2
-6.832345375460405,-2.82235616035204,2
-6.829532204941827,-2.8197600168342003,2
-6.827815346483042,-2.8177517072096077,2
-6.824048249792861,-2.8168186253834975,2
-6.819971430718688,-2.8151758167481447,2
-6.816608595414709,-2.8122843564334534,2
-6.815128278670316,-2.8098584815784875,2
-6.812074974162332,-2.807676570314282,2
-6.810593555786939,-2.8052496733464487,2
-6.808088048081352,-2.80336134573119,2
-6.8049595512297625,-2.8000502759603965,2
-6.80402506751076,-2.7979161627270948,2
-6.802778418660753,-2.795070056260366,2
-6.79995921312016,-2.7924683133416046,2
-6.798398866435148,-2.7889087915713766,2
-6.796912993638741,-2.7864777617123835,2
-6.795663183586726,-2.7836287222261262,2
-6.7930012322234115,-2.7794764559769227,2
-6.7915897135731065,-2.7781738069299475,2
-6.790101302235693,-2.775740421767397,2
-6.787590477963089,-2.7738471613465627,2
-6.785079414205486,-2.7719536787272805,2
-6.783431066458789,-2.7710683282725377,2
-6.781782718712089,-2.770182977817795,2
-6.78068382021429,-2.769592744181299,2
-6.778486023218691,-2.7684122769083093,2
-6.775503121354303,-2.767355080181707,2
-6.77322706660709,-2.7650426102619754,2
-6.7707151167549835,-2.7631483055084285,2
-6.767653406323477,-2.7609585950786535,2
-6.765611258955653,-2.758226115745611,2
-6.762783719337037,-2.755616640320815,2
-6.759640757591407,-2.752292149763681,2
-6.757361637436185,-2.7499768357037997,2
-6.75453222983456,-2.7473656271310993,2
-6.752171115961712,-2.7439148441286694,2
-6.750124538121377,-2.741178254124316,2
-6.748077241826039,-2.738440997524611,2
-6.746579346882596,-2.735998813303466,2
-6.744296706297866,-2.73368023292638,2
-6.7427976857749226,-2.731237004372524,2
-6.74184840188288,-2.7290891592750555,2
-6.739797920437031,-2.726348947435975,2
-6.737829983524309,-2.724744715595877,2
-6.736095355278476,-2.7227199188463445,2
-6.730907974786968,-2.720476055510014,2
-6.728071670017326,-2.717858447621973,2
-6.7255522961302,-2.715957254716498,2
-6.721698775249884,-2.7138845932765268,2
-6.717845254369566,-2.7118119318365537,2
-6.714860173191669,-2.7107527131040605,2
-6.71210777801966,-2.709272351746163,2
-6.7077898670160785,-2.7080428865706434,2
-6.7045733930513025,-2.7074060103351805,2
-6.702139796744809,-2.7066437971077555,2
-6.700488718869105,-2.705755913590693,2
-6.696954715309309,-2.70440206687654,2
-6.692870687736617,-2.7027525700678616,2
-6.6893372828893245,-2.7013992788498307,2
-6.687136133103719,-2.7002157007985517,2
-6.686123012186556,-2.700764446840104,2
-6.685109987063391,-2.701313281761035,2
-6.684240948648468,-2.700299283557433,2
-6.6825903018457655,-2.699411799997577,2
-6.679839223841256,-2.6979326607311513,2
-6.678419658494933,-2.696622545816279,2
-6.677230959068487,-2.6948895995677873,2
-6.676272910025419,-2.692733622007072,2
-6.675083563989469,-2.6910000758227675,2
-6.673805015737377,-2.6881243725225907,2
-6.673396176458208,-2.6862632895816727,2
-6.671104507288954,-2.6839363323230483,2
-6.669132523079721,-2.6823283453291573,2
-6.666609676660083,-2.6804239305461675,2
-6.664406994170474,-2.6792389304248125,2
-6.6619741163189845,-2.6784773837927354,2
-6.661423469645082,-2.678181155982241,2
-6.660001629191251,-2.676868930182101,2
-6.658579645046418,-2.6755565710628915,2
-6.65761742896434,-2.673396727249159,2
-6.6553232691510775,-2.671067459126661,2
-6.652937153044161,-2.667593478606122,2
-6.650090789904491,-2.6649665383832097,2
-6.6485753167620025,-2.662508044795887,2
-6.6479320671849464,-2.6610665046515365,2
-6.64783975166379,-2.6599214589558233,2
-6.649079092491822,-2.658945570930735,2
-6.6476103705509155,-2.660345667919829,2
-6.646874302534203,-2.657758615463024,2
-6.645127939523334,-2.655722930989473,2
-6.642922957977719,-2.654535797763005,2
-6.639708735171948,-2.653901010192964,2
-6.6374105041136735,-2.651567964696831,2
-6.635985574303334,-2.6502528725366936,2
-6.633780496963718,-2.6490656504308436,2
-6.6310241502891945,-2.6475816227985316,2
-6.628819072949575,-2.6463944006926816,2
-6.626291101550927,-2.6444852308628786,2
-6.624542487381053,-2.6424474577239057,2
-6.620131757937814,-2.640072480235929,2
-6.619066353715551,-2.636757502916881,2
-6.6170884063298026,-2.635143983181605,2
-6.615014311662889,-2.6323818625754214,2
-6.6140427556657855,-2.6302133530221656,2
-6.612519068187772,-2.6277472380280287,2
-6.610994805945758,-2.6252805897576135,2
-6.611352990417831,-2.623279460287389,2
-6.610607055619092,-2.6206832532544713,2
-6.610867344569496,-2.6175319008646625,2
-6.60878855599657,-2.614765425168873,2
-6.607813551415454,-2.6125937159579458,2
-6.6070652217667085,-2.6099952869405385,2
-6.605990884753918,-2.6066720216193318,2
-6.605339875862842,-2.605223282245227,2
-6.603583550275948,-2.603178354316185,2
-6.602280382965785,-2.6002798090154187,2
-6.60185523475807,-2.5984035943601036,2
-6.600550822125909,-2.5955038936273986,2
-6.601131011572836,-2.5930717114809294,2
-6.602690205000387,-2.5928149492594894,2
-6.603469873559665,-2.592686634808304,2
-6.603596808935859,-2.5911079811541775,2
-6.605609783301149,-2.589998179276982,2
-6.606616414174792,-2.5894434116574523,2
-6.606516578824619,-2.588291388930431,2
-6.606416647680441,-2.5871392773240274,2
-6.607876772109823,-2.585731203410605,2
-6.606896379116195,-2.5835544947345657,2
-6.604455861693186,-2.582785859971956,2
-6.605688999859699,-2.5818042170070292,2
-6.60370128148592,-2.5801816315750212,2
-6.601159779184732,-2.5782599075328285,2
-6.599951537782234,-2.5765088298908747,2
-6.596957188534812,-2.575441012078393,2
-6.5940874995560765,-2.5727924297265155,2
-6.591872842816434,-2.571596319682694,2
-6.589228152375061,-2.568519462135191,2
-6.585474984035866,-2.5648434830132203,2
-6.5828284256114875,-2.561764892317811,2
-6.579730433202382,-2.5595415188229644,2
-6.576940445503356,-2.5568558608691756,2
-6.574768860421932,-2.55444253568521,2
-6.571999168903833,-2.552945718155234,2
-6.570082407626797,-2.551289587597326,2
-6.567567662474873,-2.550550810107273,2
-6.563989038137707,-2.5479962569045043,2
-6.5620282794386755,-2.5475571750473236,2
-6.559302458403585,-2.5448424332094106,2
-6.556321450255959,-2.541367990697193,2
-6.554659569687001,-2.540469447278925,2
-6.551080678340234,-2.5379130522816684,2
-6.5494624450167525,-2.5357950446944937,2
-6.548142936621113,-2.533216518778902,2
-6.546568096665122,-2.5298772958083866,2
-6.545291832811955,-2.52607652793548,2
-6.54422723138763,-2.524255770319641,2
-6.5426519230705384,-2.520913316660433,2
-6.540137015961974,-2.5201734220163505,2
-6.538518187338401,-2.5180513081332663,2
-6.536600625032568,-2.5163896521918954,2
-6.535237092951689,-2.515027993816913,2
-6.5344276042273925,-2.5139664235883856,2
-6.533873534607576,-2.5136661542818217,2
-6.531060016378536,-2.5133875629933122,2
-6.529099227039058,-2.5129482697826635,2
-6.528631432021061,-2.5102020370872076,2
-6.527055348938414,-2.506854239204653,2
-6.5265873087968505,-2.5041063156814722,2
-6.5252664959936615,-2.5015187921469035,2
-6.524287000457011,-2.49724400951712,2
-6.5227102476617596,-2.493891592051666,2
-6.521133319778247,-2.4905379668521235,2
-6.520408875660729,-2.4870219489027168,2
-6.51908737563611,-2.4844296850118432,2
-6.518831593223485,-2.4836658780416396,2
-6.518021574857196,-2.4826006544174835,2
-6.516955721551799,-2.4807712615028983,2
-6.515932364286555,-2.477714463567761,2
-6.515719021010397,-2.4757228590634224,2
-6.516102383464812,-2.472805085032368,2
-6.517039968741276,-2.470188637075209,2
-6.514566769775685,-2.468215902607163,2
-6.512946181515076,-2.4660816509964683,2
-6.512732514325634,-2.4640878121840633,2
-6.512817112457345,-2.461630284741256,2
-6.511750659474654,-2.4597967553374076,2
-6.511792897259618,-2.4585675689090714,2
-6.509831495111227,-2.458124048629111,2
-6.508466667377212,-2.456753453021859,2
-6.50684569392243,-2.454616544396167,2
-6.50496849595716,-2.4517127792716913,2
-6.5047543866698545,-2.44971589093071,2
-6.504027802098334,-2.446185108432042,2
-6.503301042438552,-2.4426531181992885,2
-6.5025322244592765,-2.440351552322312,2
-6.504195615164491,-2.441260512447112,2
-6.505048274018751,-2.4410993274313384,2
-6.505346469304604,-2.440635155707298,2
-6.505388378799076,-2.4394037047775434,2
-6.499289086949529,-2.436069522479114,2
-6.500099897590205,-2.4371402111000258,2
-6.50065437429023,-2.4374432883883497,2
-6.498949126617018,-2.4377661415135314,2
-6.497500230393284,-2.4388567267447137,2
-6.496862096660952,-2.441017668469936,2
-6.495669508114629,-2.442875683873595,2
-6.494775066704887,-2.444269195426342,2
-6.491961180790495,-2.443988067896239,2
-6.4891473649114095,-2.4437074234597755,2
-6.485779238666146,-2.4431248490823734,2
-6.482411199965016,-2.4425428785720165,2
-6.479299560862634,-2.4427289722945353,2
-6.475377360620349,-2.4418460984172192,2
-6.472265940378293,-2.4420337018073486,2
-6.4731182884508875,-2.4418703730635656,2
-6.473970645277894,-2.441707104706486,2
-6.474566676918663,-2.440776285403521,2
-6.475377360620349,-2.4418460984172192,11
-6.475162708559431,-2.4398454661005555,11
-6.4757170714520855,-2.4401477583617197,11
-6.476825797237395,-2.440752342884048,11
-6.47733844760987,-2.4422874447758183,11
-6.478488885915361,-2.4416592196675424,11
-6.477934523022705,-2.4413569274063764,11
-6.479895662538706,-2.441798636085206,11
-6.481087865890855,-2.439937963666548,11
-6.479168360105313,-2.4382629018767705,11
-6.479210028853428,-2.437029790312639,11
-6.479251680092715,-2.4357965579751024,11
-6.480360493422156,-2.436401746364476,11
-6.480914900086875,-2.4367043405591637,11
-6.481767348835222,-2.4365417062624815,11
-6.482023713416318,-2.437309528948539,11
-6.483174221757112,-2.436681786933896,11
-6.484283052595378,-2.437287096096677,11
-6.481385916728891,-2.4394727955618833,11
-6.479681054249857,-2.439798305702066,11
-6.476611132044859,-2.438751619987329,3
-6.472605611815172,-2.440335090011679,3
-6.472009606437642,-2.441266090474757,3
-6.472563947444264,-2.4415682317691605,3
-6.472563947444264,-2.4415682317691605,3
-6.472009606437642,-2.441266090474757,3
-6.471157267119462,-2.4414294796052456,3
-6.470561270496345,-2.442360540455031,3
-6.470817595682583,-2.443128091400917,3
-6.471413601060114,-2.4421970909378388,3
-6.471413601060114,-2.4421970909378388,3
-6.471967933312321,-2.442499171845535,3
-6.47367262945751,-2.442172514357967,3
-6.474823010859313,-2.4415438967361105,3
-6.4764860601424195,-2.442450501779433,3
-6.47767819345926,-2.4405893462671386,3
-6.47942471155479,-2.4390306339827674,3
-6.480533481112168,-2.439635520438621,3
-6.480533481112168,-2.439635520438621,11
-6.482751020226917,-2.440845293350325,11
-6.483305405005605,-2.44114773657825,11
-6.48249469504068,-2.440077742404439,11
-6.484968559341668,-2.442055066262027,11
-6.486929808287833,-2.4424975297746627,11
-6.486160885255597,-2.440195239257232,11
-6.4853501534046405,-2.43912509411666,11
-6.483686933410477,-2.4382173115325987,11
-6.484241340075198,-2.4385199057272864,11
-6.482578120081037,-2.437612123143225,11
-6.482578120081037,-2.437612123143225,11
-6.48232175987715,-2.436844330650521,11
-6.481767348835222,-2.4365417062624815,11
-6.481767348835222,-2.4365417062624815,11
-6.48291785279881,-2.4359139340544864,11
-6.482065390918844,-2.4360764777711132,11
-6.483430581961002,-2.4374495794265982,11
-6.4828761709190745,-2.4371469550385587,11
-6.483472272595149,-2.4362166188292296,11
-6.48232175987715,-2.436844330650521,11
-6.480658526751366,-2.4359364574864006,11
-6.481212937793293,-2.43623908187444,11
-6.481469306751598,-2.437006934753853,11
-6.482023713416318,-2.437309528948539,11
-6.482023713416318,-2.437309528948539,11
-6.482023713416318,-2.437309528948539,11
-6.482578120081037,-2.437612123143225,11
-6.484497678393056,-2.439287547253228,11
-6.4828344715305155,-2.4383798552492237,11
-6.481129574033829,-2.4387051238425865,11
-6.480277138417104,-2.438867848719328,11
-6.479979096333481,-2.439333077210696,11
-6.479681054249857,-2.439798305702066,11
-6.479681054249857,-2.439798305702066,11
-6.481087865890855,-2.439937963666548,11
-6.480235434651337,-2.4401007187366393,11
-6.480235434651337,-2.4401007187366393,11
-6.481642250669542,-2.440240406894473,11
-6.4813441954543,-2.4407055448057857,11
-6.481046140239055,-2.4411706827170967,11
-6.480664572439321,-2.4441008360225798,11
-6.480920858230699,-2.444868115228294,11
-6.482625711955323,-2.4445425447014095,11
-6.437105523387426,-2.404599120746864,11
-6.437105523387426,-2.404599120746864,11
-6.435144484547178,-2.404158106515137,11
-6.435401291226137,-2.4049289787297727,11
-6.435103638713895,-2.4053968944294937,11
-6.434805986201653,-2.4058648101292146,11
-6.435401291226137,-2.4049289787297727,11
-6.435103638713895,-2.4053968944294937,11
-6.435658089150679,-2.405699790557703,11
-6.435955746040127,-2.405231905051334,11
-6.435658089150679,-2.405699790557703,11
-6.4362125395874665,-2.4060026866859126,11
-6.43646932438039,-2.406773407933784,11
-6.4370237704399695,-2.4070762738686415,11
-6.437578216499551,-2.407379139803501,11
-6.437280542101276,-2.4078469045364628,11
-6.438132662559129,-2.4076820057383586,11
-6.438173565296097,-2.4064436103375826,11
-6.438471239694372,-2.4059758456046243,11
-6.439323377661051,-2.405811067579931,11
-6.440175524382143,-2.405646349941941,11
-6.439877841229455,-2.4061140542881976,11
-6.440134617267966,-2.4068847151493653,11
-6.44043230479786,-2.4064170409964625,11
-6.440689076459165,-2.4071876716642784,11
-6.441243535650365,-2.4074906281791932,11
-6.441243535650365,-2.4074906281791932,11
-6.4420956955030775,-2.4073260011212625,11
-6.441797994841564,-2.407793584694108,11
-6.442352454032763,-2.408096541209023,11
-6.443204622639889,-2.407931974537796,11
-6.443163658622029,-2.4091699472316392,11
-6.443677123154922,-2.410710665086933,11
-6.442999627462325,-2.414120630272926,11
-6.443471909117034,-2.416897811154451,11
-6.443133064972194,-2.4186021294936975,11
-6.442157540327592,-2.4224774137511194,11
-6.441223089131018,-2.4251154801484986,11
-6.436706126637865,-2.4251721816463068,3
-6.4341500016334585,-2.425668508481632,3
-6.433297977474149,-2.425834071533483,3
-6.433297977474149,-2.425834071533483,3
-6.435002034547179,-2.425503005816486,3
-6.435299761471933,-2.425035603403753,3
-6.435597488396684,-2.424568200991022,3
-6.43474544672855,-2.424733643269464,3
-6.431378471688608,-2.424159009743706,3
-6.430310928781488,-2.4223179621951463,3
-6.430351980343477,-2.421080593368348,3
-6.42954100774616,-2.4200087875934013,3
-6.427919010025043,-2.4178648137232788,3
-6.427148931410281,-2.4155545521608506,3
-6.426892221029865,-2.4147843441999655,3
-6.4263378668916245,-2.4144821123255067,3
-6.4263378668916245,-2.4144821123255067,3
-6.428257630932352,-2.4161589555230663,3
-6.429663991721076,-2.4162955035722664,3
-6.428555283444594,-2.415691039823347,3
-6.427744218925937,-2.4146185999880014,3
-6.428123676912114,-2.4116738934867286,3
-6.426758157579466,-2.4102985273298216,3
-6.425690220723753,-2.408454762379556,3
-6.425392611983577,-2.4089229800128003,3
-6.423986233686027,-2.408786311190191,3
-6.422620666204108,-2.4074106129064106,3
-6.421214309792591,-2.407274095050564,3
-6.419253590488417,-2.4068352849335515,3
-6.416995345610993,-2.406865266123477,3
-6.416440973963925,-2.4065629134756072,3
-6.4155890592347795,-2.4067292313612665,3
-6.413628427474738,-2.406291025111301,3
-6.412222180493384,-2.406155262089259,3
-6.409409739057153,-2.405884098365405,3
-6.408260390676094,-2.4065198416183975,3
-6.405745544848419,-2.405780369681242,3
-6.404339398542817,-2.405645301106304,3
-6.401270286121029,-2.404604201161737,3
-6.400756515183679,-2.4030613697717857,3
-6.3982417437685175,-2.40232241112162,3
-6.397430495407185,-2.4012487031654803,3
-6.397470982309532,-2.400007439396239,3
-6.397727911550273,-2.4007791570247363,3
-6.397133079264099,-2.401718249306221,3
-6.397727911550273,-2.4007791570247363,3
-6.396619229537028,-2.4001748744359315,3
-6.396362291541875,-2.3994030964207287,3
-6.394996645270235,-2.3980268546566066,3
-6.393847524503917,-2.398664167963915,3
-6.3932931834972955,-2.3983620266695116,3
-6.3935501390012766,-2.3991339254581234,3
-6.392441465742444,-2.3985297032560204,3
-6.391075819470808,-2.397153461491902,3
-6.3891154459659525,-2.396717036649717,3
-6.386343762818874,-2.395206481144461,3
-6.383572079671795,-2.393695925639209,3
-6.383098244108764,-2.390908026117632,3
-6.38351614484183,-2.386707955551609,3
-6.380744220948391,-2.38519573941198,3
-6.378269533732572,-2.3832127392041667,3
-6.375160319602618,-2.3834155600438383,3
-6.375377387881549,-2.385432859090951,3
-6.375417472080894,-2.3841888175333033,3
-6.374565881265032,-2.384357369727029,3
-6.374565881265032,-2.384357369727029,3
-6.374268662096242,-2.3848282745686227,3
-6.373971442927447,-2.385299179410218,3
-6.3736742237586546,-2.3857700842518117,3
-6.373119869620412,-2.385467852377353,3
-6.372565515482172,-2.3851656205028924,3
-6.373417084412,-2.3849969173424057,3
-6.372308367381101,-2.384392393206781,3
-6.372051210525621,-2.383619105523964,3
-6.371536870551418,-2.382072348998218,3
-6.369319383963146,-2.380862938406743,3
-6.3665075815990715,-2.380596182912319,3
-6.364764604663638,-2.38217932161867,3
-6.3619130069958505,-2.3831586004431458,3
-6.3596158247472,-2.384440533849011,3
-6.358507204014849,-2.3838366739671386,3
-6.35769569739833,-2.382761184603213,3
-6.356289962550142,-2.3826289542033887,3
-6.354924123681417,-2.381251383931767,3
-6.352706864707885,-2.3800435433946063,3
-6.350489605734355,-2.378835702857451,3
-6.348826661504205,-2.377929822454581,3
-6.34734144110155,-2.380290385333007,3
-6.3445302165287405,-2.3800276153610813,3
-6.342016071054115,-2.3792929743602897,3
-6.340353231876923,-2.3783878185978775,3
-6.338610985934983,-2.379975999594052,3
-6.33716576218754,-2.381091917047783,3
-6.3365320450566145,-2.38328332386544,3
-6.334789864772775,-2.384871957761902,3
-6.332493522947781,-2.3861596882914053,3
-6.329049141526487,-2.3880921898862226,3
-6.325941616998256,-2.3883066653598686,3
-6.323942485587644,-2.389123430661071,3
-6.32279447225458,-2.389768382886503,3
-6.319944380345847,-2.3907580482241553,3
-6.318796428293676,-2.3914034231565218,3
-6.317905676869053,-2.3928223877052215,3
-6.318123090947301,-2.3948420720271635,3
-6.317826165051347,-2.395314999823359,3
-6.317826165051347,-2.395314999823359,3
-6.317529239155394,-2.395787927619555,3
-6.316381322120875,-2.3964335440987377,3
-6.315490557564633,-2.3978524180673837,3
-6.314639588312104,-2.39802525771713,3
-6.3137886278139845,-2.3981981577535834,3
-6.311829598111538,-2.3977710022705434,3
-6.308425913698503,-2.3984636893770332,3
-6.305833503910038,-2.400230265599774,3
-6.304131775510888,-2.400577394180175,3
-6.302687203967222,-2.4016978104433946,3
-6.302093483491512,-2.4026445718363547,3
-6.3026474524355764,-2.402944146695816,3
-6.303201421379645,-2.4032437215552758,3
-6.302607683395107,-2.4041903621748286,3
-6.303458516954234,-2.40401658653116,3
-6.301163129360264,-2.405310899211454,3
-6.300569400130141,-2.4062576002177103,3
-6.3011233384337615,-2.4065569637237054,3
-6.298867811801602,-2.4066056949853856,3
-6.296098164055569,-2.4051091793889334,3
-6.294257090755995,-2.4058673702571163,3
-6.292169690399103,-2.4058487246627642,3
-6.292851497061267,-2.4073260387574518,3
-6.292638568567937,-2.4077655127549242,3
-6.2907644319833755,-2.407307704240928,3
-6.290892406821127,-2.4084858352857434,3
-6.289146532456316,-2.409206424454702,3
-6.286421879323439,-2.410507622922843,3
-6.2841233226622215,-2.410930095594491,3
-6.2848894603189605,-2.410789226930916,3
-6.2841233226622215,-2.410930095594491,3
-6.2854429089673705,-2.411088054463267,3
-6.2849740786955355,-2.409171310810798,3
-6.286081119683358,-2.4097690991945697,3
-6.287954489915918,-2.4102261966735306,3
-6.287400945473507,-2.4099272802617993,3
-6.28620911846961,-2.4109472524592306,3
-6.286506593494016,-2.4088897956821054,3
-6.286081119683358,-2.4097690991945697,3
-6.285868382778028,-2.410208750950803,3
-6.285017435156712,-2.411967357975735,3
-6.282634499603919,-2.4140079689659473,3
-6.28054949409703,-2.4139915453560885,3
-6.278380229441069,-2.4155933711640216,3
-6.2787207256476485,-2.4163316504739996,3
-6.280336876934202,-2.414431308211544,3
-6.280124259771371,-2.4148710710670027,3
-6.279145912076307,-2.415452080323396,3
-6.279061173957229,-2.41706988534429,3
-6.277657759576006,-2.4185305758505127,3
-6.2763393227988615,-2.4183736835342913,3
-6.274340085196551,-2.4167404103568657,3
-6.272128302276916,-2.4155469666944374,3
-6.269492003486624,-2.4152337153382692,3
-6.271022410817097,-2.4149502448632223,3
-6.27165932831408,-2.413630089722897,3
-6.270681746971014,-2.4142118100143257,3
-6.270469465087187,-2.414651883947613,3
-6.270553293163263,-2.413033234572614,3
-6.26736392890056,-2.412421511201611,3
-6.265538273756188,-2.414764504899365,3
-6.264008489086716,-2.415048553090381,3
-6.262819583799826,-2.4160712361088983,3
-6.260101612298464,-2.417378633913776,3
-6.257596257959936,-2.4182462688631983,3
-6.256536764420801,-2.4204484161172246,3
-6.255689169589495,-2.422210133920448,3
-6.255477270881667,-2.4226505633712527,3
-6.254713144898934,-2.422793298501798,3
-6.252209251418907,-2.4236622888617596,3
-6.249577311255627,-2.4233530815173676,3
-6.249917663771208,-2.4240912275082813,3
-6.2472031887508574,-2.425401869410516,3
-6.2483901781577424,-2.4243774088044105,3
-6.247414847973682,-2.424961217761261,3
-6.246779870305205,-2.4262831727090255,3
-6.245804707760646,-2.4268671372047965,3
-6.244066257430858,-2.427594614525683,3
-6.241859168417234,-2.426405525952859,3
-6.239781012181366,-2.42639545721865,3
-6.238125839112151,-2.425503774108101,3
-6.23562556185563,-2.4263761196646474,3
-6.235073933293227,-2.4260789808405114,3
-6.234862681194901,-2.4265200102271294,3
-6.233466163981697,-2.427987100048693,3
-6.230967012304681,-2.42886048993795,3
-6.228468435391668,-2.4297344131034873,3
-6.226310618118739,-2.431346859997296,3
-6.223683946625475,-2.431042541018792,3
-6.221397891081291,-2.43147661244949,2
-6.221057658308211,-2.430738577557806,2
-6.22042512338674,-2.4320627989297545,2
-6.2174592489058975,-2.431021400512895,2
-6.21428300842123,-2.4304218536169184,2
-6.211998533478053,-2.4308573915573835,2
-6.209244102683534,-2.429375141512665,2
-6.206279377730695,-2.428334809648364,2
-6.204286127253406,-2.4267070914321742,2
-6.2022926851881115,-2.4250791954572257,2
-6.199328151823272,-2.4240390413516835,2
-6.19733449422148,-2.4224109453981306,2
-6.193478123469657,-2.420335639796612,2
-6.19258597475217,-2.4193001994426506,2
-6.190933172584458,-2.4184107160967496,2
-6.1887294363608465,-2.4172247383022185,2
-6.1867351082010495,-2.4155960201930053,2
-6.183561741536392,-2.41499913967842,6
-6.181909011214183,-2.4141097229920554,6
-6.180521330997502,-2.4155850119364004,6
-6.177690783543933,-2.4157285660567513,6
-6.175962152099172,-2.4164651535140607,6
-6.174784406813312,-2.4174981909803126,6
-6.172714704397966,-2.417495965851364,6
-6.170303643630039,-2.4167546614980164,6
-6.167209195598942,-2.4145345765402197,6
-6.164114460185843,-2.4123142249442786,6
-6.160260436387027,-2.4102410968875656,6
-6.15695698741661,-2.408464129981809,6
-6.155513449621719,-2.4071317730021633,6
-6.152552388789388,-2.406094840774136,6
-6.152001813960988,-2.4057986796231745,6
-6.149934147168151,-2.405798343181049,6
-6.148417246791712,-2.4060943456486346,6
-6.146007503191289,-2.4053542633867604,6
-6.144563893550896,-2.4040218397475783,6
-6.141676243197111,-2.4013565925120055,6
-6.1383730816087,-2.399579892244388,6
-6.135484569108911,-2.396913845094394,6
-6.1338328446237025,-2.3960253616415166,6
-6.131973939285184,-2.3955816849488976,6
-6.129084708330392,-2.392914971203556,6
-6.126331714445878,-2.391434054349533,6
-6.123234895513276,-2.3892117696270887,6
-6.119380536435457,-2.3871383304925455,6
-6.117315599771627,-2.387140527112736,6
-6.1152509504897985,-2.3871429903710712,6
-6.11139726196998,-2.385070173392185,6
-6.108576557349936,-2.3852228598688026,2
-6.106374737006326,-2.3840386596618632,2
-6.103554894532286,-2.3841921460529,2
-6.100252595089875,-2.3824162456997,2
-6.096744575652651,-2.381086507517301,2
-6.096055201264469,-2.379602171951614,2
-6.093714270030576,-2.377229508471965,2
-6.091923362809585,-2.3751524950868426,2
-6.090411539515163,-2.3754532081615576,2
-6.090477238576688,-2.373817738363943,2
-6.089030970652788,-2.3724828483219724,2
-6.086763594938655,-2.372934251231717,2
-6.083255623398435,-2.3716045574890057,2
-6.081539564916205,-2.3723528103649034,2
-6.076867355044162,-2.372068686080988,2
-6.073092107538119,-2.372824468339859,2
-6.070622843589187,-2.373725588595594,2
-6.069663439157674,-2.3743241737493275,2
-6.066785800627132,-2.3761204624868064,2
-6.065136159661428,-2.3752339121604376,2
-6.061491352338429,-2.3727178660302837,2
-6.059291735256828,-2.3715357100490806,2
-6.0561964250797296,-2.3693148251768648,2
-6.05365077968803,-2.3673892571014985,2
-6.051654870927229,-2.365759072482522,2
-6.049108770514032,-2.363833082230105,2
-6.047316139001033,-2.3617544690161463,2
-6.044708769998824,-2.3614680592326565,2
-6.043405229188714,-2.3613249876599802,2
-6.0405949900632026,-2.3614873842088357,2
-6.038598722074904,-2.3598568662921853,2
-6.037152214666005,-2.3585217540517647,2
-6.034402453829001,-2.3570438368768087,2
-6.0320587685176,-2.354668618114994,2
-6.0302646521976015,-2.352588627270652,2
-6.027717234616895,-2.350661414926762,2
-6.026269769267996,-2.3493254138925472,2
-6.023316659337687,-2.348295858653037,2
-6.020913836853779,-2.3475621979263455,2
-6.0187136450081775,-2.346379508668864,2
-6.01576108589337,-2.3453504644857865,2
-6.0122587661991655,-2.344026014626479,2
-6.009856686118764,-2.3432930427149827,2
-6.007656781655157,-2.3421106200956388,2
-6.006208765490757,-2.3407741080049878,2
-6.004155084621953,-2.340786747952297,2
-6.0036051324545525,-2.3404911645173065,2
-6.001203603189653,-2.3397587036622447,2
-6.002101691135154,-2.340799654537747,2
-6.0010570682643465,-2.3385633522376033,2
-5.999755467282746,-2.338422080472368,2
-5.997152552701547,-2.3381398035800345,2
-5.996254249219543,-2.3370986527259276,2
-5.996657259337139,-2.3361985069989153,2
-5.994201598136247,-2.337112248126571,2
-5.990499737160249,-2.3362396931580527,2
-5.987898020004051,-2.335958527257967,2
-5.98564530077196,-2.3364235287128103,2
-5.983044397864765,-2.336143118287451,2
-5.981891726658475,-2.3371994199313484,2
-5.9798410872491825,-2.337214881798964,2
-5.97689255148239,-2.3361895705498377,2
-5.975444726905987,-2.3348532362179455,2
-5.9734471896471835,-2.3332215406495127,2
-5.970899867860478,-2.3312944171850027,2
-5.96745342834277,-2.3283253873916596,2
-5.96455600700096,-2.325651074459353,2
-5.962607931720635,-2.322368844038442,2
-5.961708406865128,-2.321326559972242,2
-5.958209655497432,-2.3200054208698297,2
-5.956060075158309,-2.317173263312423,2
-5.954459704583087,-2.3146360003748168,2
-5.951057745755842,-2.310011814001246,2
-5.950205288028808,-2.3073167730980764,2
-5.948602690243078,-2.304777443714892,2
-5.9464492302469445,-2.301941686542609,2
-5.94499750206503,-2.300601730375993,2
-5.943346567880326,-2.299713980177998,2
-5.942093614628201,-2.297921418085558,2
-5.93899030565208,-2.2956931117851322,2
-5.93568800620967,-2.2939172114319337,2
-5.931835323526855,-2.2918453276865343,2
-5.931284940286451,-2.2915493442943333,2
-5.932078986271611,-2.2897379429178457,2
-5.928776112065199,-2.287961509288369,2
-5.925671461973073,-2.28573195867663,2
-5.921663503162431,-2.282456613263193,2
-5.918558086718303,-2.280226351616415,2
-5.915099505311062,-2.2772460563616885,2
-5.911795768958646,-2.2754688228177926,2
-5.908886900233801,-2.272783888799612,2
-5.907276231803552,-2.270237071328687,2
-5.9062158029226985,-2.2679861039308875,2
-5.9038560242192535,-2.2655959534332766,2
-5.9014957665458105,-2.2632053585387695,2
-5.90098488270786,-2.2612495968385993,2
-5.899292126116196,-2.262019469623617,2
-5.896655100545061,-2.2634019705043613,2
-5.894058412573877,-2.263125470771712,2
-5.892760212279288,-2.2629873542244567,2
-5.891068772855128,-2.263758449100944,2
-5.891304700234361,-2.2616438873223412,2
-5.890006619682271,-2.26150588187431,2
-5.888669614491732,-2.2630281880105283,2
-5.8875683690409275,-2.2624357768292302,2
-5.887017746315523,-2.2621395712385812,2
-5.885523597014149,-2.2624566825588523,2
-5.884226043329061,-2.262319165947412,2
-5.883675492449159,-2.2620230270162978,2
-5.883871872528944,-2.2615681991059766,2
-5.884264632688511,-2.2606585432853343,2
-5.882574390689355,-2.2614307491540693,2
-5.8814732889295485,-2.260838471291839,2
-5.880175950780961,-2.2607011546590012,2
-5.879074896918157,-2.260108921236462,2
-5.878169983650132,-2.2590616377051536,2
-5.878524369986755,-2.2598128045251933,2
-5.879429211409274,-2.260860021396967,2
-5.878366124244915,-2.2586065875963808,2
-5.878878708426372,-2.260563926905542,2
-5.876480603796978,-2.259834643488304,2
-5.8753796457281755,-2.259242498945145,2
-5.874082690755589,-2.259105537829825,2
-5.871684969302196,-2.2583766099301066,2
-5.869054529568579,-2.2597652212682107,2
-5.87038825381461,-2.2582398710132363,2
-5.87172216964864,-2.2567146985170243,2
-5.86987485538415,-2.256281776229349,2
-5.870229505154272,-2.257033187467684,2
-5.86889582880524,-2.2585585821623475,2
-5.868345469513336,-2.258262620989992,2
-5.867244750929533,-2.257670698645283,2
-5.866144032345732,-2.2570787763005704,2
-5.863942595178123,-2.2558949316111523,2
-5.861581738792173,-2.2535037812205196,2
-5.862878071103761,-2.2536401646198723,2
-5.860871768693933,-2.2520003365881944,2
-5.859770858522129,-2.2514082364847248,2
-5.857959595076082,-2.2493123362314105,2
-5.853715852577205,-2.2481516859156425,2
-5.850963577147695,-2.246671435656971,2
-5.848566861531305,-2.245943440990736,2
-5.847076304504943,-2.2462638852877497,2
-5.845425154783735,-2.2453759351111504,2
-5.8428342623495695,-2.2451048125809745,2
-5.840243753091405,-2.2448340455683145,2
-5.836747588161716,-2.2435153062091544,2
-5.834352189712831,-2.2427885336343945,2
-5.830662350883866,-2.24192713302803,2
-5.8260348768099455,-2.2416845154144465,2
-5.82383449337634,-2.2405016483982028,2
-5.82199034031386,-2.2400716591300593,2
-5.8203087437232295,-2.2408518863628153,2
-5.818077506295694,-2.241336819018562,2
-5.816783952010116,-2.241203013121222,2
-5.816202858466788,-2.2425749627200826,2
-5.816752690891688,-2.242870435055849,2
-5.816234047739716,-2.240907474125919,2
-5.815877793420093,-2.2401545741579785,2
-5.8149715390360655,-2.239106046315351,2
-5.815134239198915,-2.2403163961353183,2
-5.814746987194365,-2.2412311625202967,2
-5.815296843567765,-2.241526657075907,2
-5.81565302604189,-2.242279490384316,2
-5.813453696342286,-2.2410976010412504,2
-5.811966971075931,-2.241421600513453,2
-5.80954378404113,-2.2423654717508334,2
-5.8076707647102275,-2.2436051264018086,2
-5.8061542391839485,-2.2455979032191795,2
-5.805218040848997,-2.246218019402651,2
-5.803569764947801,-2.245332735607443,2
-5.801178868816928,-2.2446101403635303,2
-5.800436296484255,-2.2447728733545134,2
-5.799174362544605,-2.242971978820222,2
-5.798268563182081,-2.2419238731546507,2
-5.796100111424906,-2.2390742063594384,2
-5.7940948627490805,-2.237435356000937,2
-5.790797592491684,-2.2356641218151747,2
-5.7865657284488385,-2.234514492542493,2
-5.785274257682767,-2.2343826197716634,2
-5.781949821500453,-2.234282607114009,2
-5.780438756232188,-2.2362804500560216,2
-5.778598650466218,-2.235854215941673,2
-5.7774726818375015,-2.2369352927126673,2
-5.774891656185364,-2.236673324758602,2
-5.771398481477462,-2.2366461181031827,2
-5.7678102208841935,-2.2349980943781294,2
-5.763623916858716,-2.2330754000322344,2
-5.7618297865620836,-2.2322513881697095,2
-5.7586688028766595,-2.2329909243263693,2
-5.7574941230188745,-2.234095144219655,2
-5.755315467774501,-2.2341911801755927,2
-5.75394849441626,-2.235755666693228,3
-5.748992805408225,-2.23567568930752,3
-5.748800553276551,-2.236135632311715,3
-5.747027536268245,-2.2369674792872605,3
-5.745019568947569,-2.234951240860628,3
-5.743438754428407,-2.235323533176169,3
-5.742050200314676,-2.235235817763485,3
-5.741281026312874,-2.2370768842608815,3
-5.742669613521626,-2.23716434077744,3
-5.740896439311975,-2.237997417509579,3
-5.740319558810622,-2.239378217382624,3
-5.741686887940329,-2.237810947731653,3
-5.741708187388149,-2.2394653502790263,3
-5.73933679186055,-2.2400251479569935,3
-5.740939046481365,-2.241306157880299,3
-5.740746761254671,-2.241766359780616,3
-5.739956283668171,-2.241953056092653,3
-5.737392499491939,-2.242973864721325,3
-5.735790186954837,-2.2416933078662353,3
-5.735020930215484,-2.2435350216039414,3
-5.733439842662406,-2.243909449812511,3
-5.7308758144104,-2.2449321678001013,3
-5.728119339593469,-2.246416349806612,3
-5.724956816989598,-2.2471679246330574,3
-5.7215806311105375,-2.246725913690737,3
-5.718011957297783,-2.246745690387497,3
-5.715233897588487,-2.246577702825709,3
-5.719999262249788,-2.2471025425163624,3
-5.717413653242286,-2.246473058573633,3
-5.717221243909263,-2.246934231334418,3
-5.71662293571689,-2.2466616318825707,3
-5.714828011139765,-2.2458438335270294,3
-5.711259130483134,-2.2458652283245684,3
-5.710275908476531,-2.246515718720646,3
-5.709870034438445,-2.2457817523359225,3
-5.708459994717405,-2.244041090666565,3
-5.707070886262082,-2.243957711763965,3
-5.705681761259253,-2.2438744623094298,3
-5.705083436519365,-2.243601992305644,3
-5.703095961955384,-2.2432464670194143,3
-5.699120938363622,-2.242535998963241,3
-5.697731730623238,-2.2424533967490152,3
-5.697346663744542,-2.2433776839915165,3
-5.695936706761053,-2.241636375081846,3
-5.694719357680711,-2.2394323400346465,3
-5.6919202922419,-2.237607652222378,3
-5.689526993282362,-2.2365177722072414,3
-5.6865353695829395,-2.235155422188317,3
-5.685551804215498,-2.235808598631687,3
-5.683969881013155,-2.2361895639673968,3
-5.683371539725757,-2.235917223411672,3
-5.680785525304259,-2.2352909109464694,3
-5.679588834455716,-2.2347462945590575,3
-5.676810104572253,-2.234583549643787,3
-5.6732199823840865,-2.2329500888257314,3
-5.669051688988773,-2.232707524829573,3
-5.6660800037044545,-2.2330102244611414,3
-5.668666241517339,-2.233634789377504,3
-5.668858965253056,-2.2331711571035378,3
-5.668473517781624,-2.2340984216514705,3
-5.66627274398768,-2.232546462739112,3
-5.663473633043216,-2.2307221309090153,3
-5.662682497693186,-2.230913972781524,3
-5.658513881621424,-2.2306739330225795,3
-5.655907568876472,-2.228385386402236,3
-5.653706881956957,-2.226832747887551,3
-5.6525101331921235,-2.2262885845683513,3
-5.651120540722127,-2.2262089920215757,3
-5.650734853311798,-2.2271381335664096,3
-5.6497309317046245,-2.2261295289228578,3
-5.646739018423769,-2.224769444245023,3
-5.642570030033028,-2.2245323170674762,3
-5.642184235063882,-2.225462300024713,3
-5.643766820166636,-2.2250761567665176,3
-5.642975531752134,-2.225269196033601,3
-5.642570030033028,-2.2245323170674762,3
-5.641971634966225,-2.2242603972179538,3
-5.64156614565775,-2.223523421165787,3
-5.6403693637979,-2.222979516742715,3
-5.6403693637979,-2.222979516742715,3
-5.639770972867975,-2.222707564531179,3
-5.638381264565405,-2.2226288781208314,3
-5.635987684298197,-2.221541198722754,3
-5.6332081849555085,-2.2213844731423755,3
-5.630814571593277,-2.2202970526404187,3
-5.6288263730757215,-2.219947190706911,3
-5.6256413265082745,-2.2190539421425814,3
-5.622070178842744,-2.2190930713246413,3
-5.618093525321225,-2.218395353902592,3
-5.614696011036205,-2.216299166947005,3
-5.611703870227087,-2.2149408621800255,3
-5.608518608542008,-2.2140492964405034,3
-5.607727051230469,-2.2142444392385983,3
-5.605931741923731,-2.213429650550502,3
-5.602341123310261,-2.211800073174313,3
-5.6021290196379105,-2.210594286925689,3
-5.601742686874683,-2.211528476944949,3
-5.599947377567949,-2.2107136882568525,3
-5.600526913944687,-2.2093121119698242,3
-5.599542124061493,-2.2099748675697963,3
-5.5963567589544745,-2.209084110880667,3
-5.594580250421517,-2.2099432713973375,3
-5.59297812818078,-2.208661225889534,3
-5.592572911906224,-2.2079221139443383,3
-5.590970831034268,-2.2066397448163784,3
-5.589773958163107,-2.20609655235765,3
-5.592554169048734,-2.206247711671354,3
-5.59415623337318,-2.2075302102473717,3
-5.59394424967028,-2.206323485500297,3
-5.5931525972105565,-2.206519372624749,3
-5.591974471333771,-2.2076505500769876,3
-5.591164071879678,-2.2061720672904706,3
-5.590353705520602,-2.2046933256078294,3
-5.589156857470712,-2.204149938977004,3
-5.5899485347517,-2.2039538576804585,3
-5.587766743754145,-2.204074424044185,3
-5.589755281495657,-2.2044216322924175,3
-5.589368774983573,-2.20535718151633,3
-5.590970831034268,-2.2066397448163784,3
-5.588789015215445,-2.2067605053521966,3
-5.586781775985216,-2.204738571210825,3
-5.585584903114057,-2.204195378752095,3
-5.583384451996562,-2.202640895602526,3
-5.585566313321035,-2.202519779084536,3
-5.584369465271143,-2.201976392453714,3
-5.581975769171359,-2.200889619192065,3
-5.578173472983924,-2.1980509222796503,3
-5.577363330016244,-2.1965704330481692,3
-5.575568107583935,-2.1957549647577483,3
-5.575181394227972,-2.196692132082438,3
-5.573404467870379,-2.197554561162679,3
-5.572806039708555,-2.1972829002092826,3
-5.572806039708555,-2.1972829002092826,3
-5.570412327061263,-2.1961962563957,3
-5.568810440622547,-2.1949123662530123,3
-5.566610159117031,-2.1933565562608024,3
-5.563442754997647,-2.1941463182655934,3
-5.560486784376451,-2.19614710916553,3
-5.559694875430317,-2.196345002734942,3
-5.558884856568961,-2.194863542642995,3
-5.556702548461711,-2.194988154258663,3
-5.554115201965637,-2.1943722623624673,3
-5.551122854312641,-2.193015575696265,3
-5.546123714212193,-2.1896334597910094,3
-5.543307217306078,-2.186124110946828,3
-5.542884631617376,-2.1836998525394833,3
-5.53906525146035,-2.1791737761858485,3
-5.536654103208871,-2.1764025037023647,3
-5.534841461719889,-2.1739022772939833,3
-5.532043215382835,-2.1720711818026377,3
-5.528840327797202,-2.169496476045932,3
-5.5276263295876795,-2.167266227766138,3
-5.525831256082963,-2.166449594443158,3
-5.524229911575208,-2.165161464876432,3
-5.523016074703905,-2.162929954478029,3
-5.5216085584781744,-2.161169551979187,3
-5.519990307886562,-2.1581926514045726,3
-5.520360863933503,-2.1555608555471792,3
-5.51816147185666,-2.153998087721627,3
-5.515962112874838,-2.1524350609999487,3
-5.511967936874708,-2.150053394510328,3
-5.507586087763023,-2.148616403333005,3
-5.5036085820447305,-2.1479253524861583,3
-5.5008441809704145,-2.149471540114467,3
-5.500262472732958,-2.1508901064596575,3
-5.497093480052593,-2.151692295478421,3
-5.493924354992151,-2.1524955200816827,3
-5.490949049939969,-2.1528265364768533,3
-5.489380892931422,-2.1549208355902536,3
-5.490771631316498,-2.1549914638587246,3
-5.486599366518734,-2.154779967397495,3
-5.487391738795154,-2.1545784492823383,3
-5.484205753156504,-2.153692546895538,3
-5.483396942263392,-2.1522016370950503,3
-5.484965306115816,-2.1501057198808695,3
-5.4841729338394,-2.1503072379960297,3
-5.485951659738728,-2.149430731439022,3
-5.485563680498231,-2.15037780154047,3
-5.485353293630068,-2.1491585850553925,3
-5.48515929987294,-2.1496321524681328,3
-5.4839625593818635,-2.1490879244249044,3
-5.483574555320104,-2.150035188698446,3
-5.482588164465298,-2.1507104683984366,3
-5.480210948350985,-2.1513157994322807,3
-5.478027688761896,-2.1514478543115256,3
-5.475844379530278,-2.151580297534956,3
-5.474065393007667,-2.1524588428989446,3
-5.471898236948192,-2.154285947017092,3
-5.467531204797201,-2.1545540696655117,3
-5.464360937958551,-2.155366226185061,3
-5.461190538739816,-2.1561794182891116,3
-5.457825872730046,-2.157468313698926,3
-5.4566610662642745,-2.1603163200265367,3
-5.450093098981116,-2.1590337458811995,3
-5.446680023097439,-2.1552382702626733,3
-5.444285863667369,-2.1541551215467685,3
-5.444884403524888,-2.154425908725745,3
-5.444690186376375,-2.1549012236873235,3
-5.4454829433824035,-2.154696695904722,3
-5.4458872743651625,-2.1554427333212445,3
-5.446485818359559,-2.1557134881382076,3
-5.447084362353955,-2.155984242955167,3
-5.447084362353955,-2.155984242955167,3
-5.44768290634835,-2.1562549977721286,3
-5.448864027324488,-2.15510039022063,3
-5.449656747098619,-2.154896153696164,3
-5.44866983499724,-2.1555755110101167,3
-5.447262637311079,-2.153812616636074,3
-5.440888870628921,-2.152054856977223,3
-5.441487406349562,-2.1523256765182133,3
-5.441083116735577,-2.151579315481534,3
-5.441681648319339,-2.1518501673845414,3
-5.443072945182886,-2.1519164267809128,3
-5.443881549232122,-2.153408954682181,3
-5.44467430623815,-2.1532044268995794,3
-5.444868527523539,-2.152729079575982,3
-5.445062748808931,-2.1522537322523885,3
-5.443655646270951,-2.1504900935519906,3
-5.440500378415608,-2.1530059399685992,3
-5.438137764144358,-2.1553180676529955,3
-5.436163575896375,-2.1566796301382603,3
-5.433979269677264,-2.1568198726074392,3
-5.431794913815629,-2.1569605034208035,3
-5.429610508311459,-2.1571015225783547,3
-5.428623290081141,-2.1577832746814547,3
-5.428833308767203,-2.159005371385918,3
-5.42904334400078,-2.1602273386423168,3
-5.433654024982939,-2.164560278642824,3
-5.432068188294426,-2.1649718584452415,3
-5.429689371208502,-2.1655897135791022,3
-5.427310479658779,-2.1662081512292453,3
-5.425335910818061,-2.1675726910199433,3
-5.425351724766246,-2.1692700055999374,3
-5.425740316264617,-2.1683181459201855,3
-5.428119282278139,-2.1676991257537654,3
-5.426727604821853,-2.167635843662824,3
-5.426517499261362,-2.1664144265606886,3
-5.425918810476251,-2.1661448044142713,3
-5.425918810476251,-2.1661448044142713,3
-5.424527124746216,-2.166081587047362,3
-5.425530210704126,-2.167096728818052,3
-5.4243328165864,-2.166557613973282,3
-5.423734119527532,-2.166288056550897,3
-5.424317056417621,-2.1648598786870856,3
-5.421129300195377,-2.1639878272429396,3
-5.417552795273416,-2.164068865235137,3
-5.413167504279606,-2.162658799254748,3
-5.40879764250437,-2.1629490575218018,3
-5.405819483006681,-2.1633024037077053,3
-5.404831892457384,-2.1639870683922062,3
-5.403828843731368,-2.1629716353633714,3
-5.404412152940438,-2.161540544918161,3
-5.403798034936758,-2.159570598524306,3
-5.406387317491525,-2.1601713449972255,3
-5.403798034936758,-2.159570598524306,3
-5.403004872516728,-2.159778297784433,3
-5.399832140099058,-2.160609742065253,3
-5.39764698168317,-2.160756651109633,3
-5.3960758295752775,-2.1628743803222914,3
-5.394699122144157,-2.1645150146625163,3
-5.395088094235264,-2.1635601776773363,3
-5.394893608189712,-2.1640375961699263,3
-5.396495461533405,-2.165321745208738,3
-5.395103420031896,-2.165261310975165,3
-5.394115664007497,-2.165947270140286,3
-5.392513785842537,-2.1646633152735664,3
-5.39152599258624,-2.165349565696827,3
-5.39032839989839,-2.1648120042288035,3
-5.387155104865371,-2.1656478497437366,3
-5.384969586541141,-2.16579757428347,3
-5.382574301880375,-2.164723228035797,3
-5.379984444299634,-2.1641269798830383,3
-5.378786793695493,-2.1635898714832322,3
-5.379789871379648,-2.1646050779779564,3
-5.378397631308021,-2.164546197121128,3
-5.377005374688878,-2.1644874457123624,3
-5.3760022970047245,-2.16347223921764,3
-5.375208861550776,-2.163682074370792,3
-5.374595016581015,-2.1617099920839085,3
-5.374385419856459,-2.1604845944538607,3
-5.371391334714895,-2.15914149983419,3
-5.36977467268426,-2.156152172245603,3
-5.3715562033865645,-2.155253724242053,3
-5.371137233328849,-2.1528011814331176,3
-5.371541357467731,-2.1535488369504208,3
-5.371137233328849,-2.1528011814331176,3
-5.371122428778786,-2.151095970521334,3
-5.370912989255579,-2.1498693431346947,3
-5.36970075335589,-2.1476253086362753,3
-5.3676951771504395,-2.1455903649646526,3
-5.366273783035217,-2.1421175024625363,3
-5.3632657165822195,-2.1390627568899827,3
-5.360661732899333,-2.136755990454887,3
-5.360063044114224,-2.1364863683084714,3
-5.3582669777588965,-2.135677501869221,3
-5.359868289171631,-2.136965890332071,3
-5.357278745993575,-2.136367182666131,3
-5.354883957758117,-2.1352889529765893,3
-5.353282667029772,-2.134000402703661,3
-5.354270952574497,-2.1333103012005505,3
-5.355259221571714,-2.1326203291455013,3
-5.356456574320669,-2.1331597676104295,3
-5.356261790419934,-2.1336395161681363,3
-5.355857897946189,-2.1328900483779645,3
-5.357055250695145,-2.133429486842889,3
-5.357264375815657,-2.13465857374271,3
-5.359464355329113,-2.1362167461620523,3
-5.3604959127458205,-2.140651209310599,3
-5.361498613974115,-2.141669360748736,3
-5.362097335854246,-2.1419387239990257,3
-5.362292065975575,-2.1414593961475195,3
-5.36289078371883,-2.1417287917598298,3
-5.36348950146208,-2.1419981873721365,3
-5.36289078371883,-2.1417287917598298,3
-5.363684223309654,-2.141518924244661,3
-5.3642829369160285,-2.141788352218983,3
-5.363684223309654,-2.141518924244661,3
-5.36308550970328,-2.141249496270337,3
-5.364477654626727,-2.1413091214535207,3
-5.364477654626727,-2.1413091214535207,3
-5.364073667004803,-2.140560397989706,3
-5.363878945157229,-2.1410396611171834,3
-5.364477654626727,-2.1413091214535207,3
-5.364672372337422,-2.1408298906880603,3
-5.365271077670039,-2.1410993833864147,3
-5.365076364096222,-2.14157858178986,3
-5.365076364096222,-2.14157858178986,3
-5.365076364096222,-2.14157858178986,3
-5.364672372337422,-2.1408298906880603,3
-5.365480364128777,-2.142327208167629,3
-5.365090945254895,-2.1432855402504885,3
-5.364088219205334,-2.1422675829844433,3
-5.364492223374766,-2.143016177000195,3
-5.365285654691835,-2.1428063742090586,3
-5.365285654691835,-2.1428063742090586,3
-5.365285654691835,-2.1428063742090586,3
-5.365285654691835,-2.1428063742090586,3
-5.365076364096222,-2.14157858178986,3
-5.364477654626727,-2.1413091214535207,3
-5.364881650522403,-2.142057780193305,3
-5.364073667004803,-2.140560397989706,3
-5.362847276044828,-2.136606071743058,3
-5.361635486927916,-2.134358542146961,3
-5.360618535491147,-2.1316308432869526,3
-5.360423772274798,-2.132110430034583,3
-5.361022427964887,-2.1323803110771227,3
-5.357834369750583,-2.1315106220601123,3
-5.353852801618535,-2.130851350712536,3
-5.351249111653951,-2.1285422865743353,3
-5.351443936923463,-2.1280622143964703,3
-5.352237413746188,-2.127852055623162,3
-5.352223238001514,-2.126141925685012,3
-5.353016698276727,-2.125931896359763,3
-5.353030882295155,-2.1276419615738824,3
-5.3524322348788225,-2.127372015807312,3
-5.352627056011459,-2.1268919759914606,3
-5.3524322348788225,-2.127372015807312,3
-5.353448942239815,-2.1301016240262385,3
-5.353643750961819,-2.129621681296438,3
-5.356427974618667,-2.1297414494550555,3
-5.358195354397564,-2.1271326773412618,3
-5.357207143316636,-2.1278221963280934,3
-5.356204673753481,-2.1268022326170843,3
-5.354033368405824,-2.128661795836832,3
-5.356233182444175,-2.1302212627367965,3
-5.355634526754088,-2.129951381694257,3
-5.35443721537391,-2.129411619609174,3
-5.354632019959034,-2.128931709241387,3
-5.354228177127826,-2.1281818531070282,3
-5.3528360652994,-2.128121969027717,3
-5.3512349400461545,-2.126832124274168,3
-5.348840350380819,-2.12575234120788,3
-5.347448201320496,-2.1256927483867116,3
-5.346250898214075,-2.1251529215776,3
-5.342074326926777,-2.1249751139745534,3
-5.338301375079302,-2.125548910054711,3
-5.3355168039247385,-2.1254318603053974,3
-5.33412449352619,-2.125373529602836,3
-5.331339823086566,-2.125257256541895,3
-5.3269677191236955,-2.125565055021376,3
-5.323792885172226,-2.1264129392060926,3
-5.320812926132801,-2.126780362868761,3
-5.320631660213207,-2.128975386925095,3
-5.319252867795804,-2.1306323317211557,3
-5.3166764495955245,-2.131751973945315,3
-5.313682467875898,-2.130408070275257,3
-5.311092225565538,-2.1298148317899415,3
-5.310089689812344,-2.128795385871184,3
-5.308501950160162,-2.1292218522007573,3
-5.30631536452152,-2.1293799261405013,3
-5.303529908075159,-2.129269801862515,3
-5.300926048498599,-2.1269620645669534,3
-5.3025139039833515,-2.126534692100945,3
-5.304115215396086,-2.1278230805637968,3
-5.301719980377852,-2.126748345971933,3
-5.300522362868735,-2.126210978676003,3
-5.298725936605059,-2.125404927732106,3
-5.297918614987866,-2.1239023676060196,3
-5.296135545367111,-2.1248128542793534,3
-5.2933499482669095,-2.1247038303098975,3
-5.290967929237761,-2.125346733643795,3
-5.287179717783692,-2.1242188786338723,3
-5.284784366932888,-2.1231450501784455,3
-5.283391456687093,-2.1230914119681383,3
-5.279811480924867,-2.123199601691379,3
-5.276231381056313,-2.123308762275089,3
-5.274825358243376,-2.1215366770886277,3
-5.272429924655022,-2.1204634958735156,3
-5.267053042751321,-2.119769388646663,3
-5.262470212696325,-2.1188606243263433,3
-5.2577045860770415,-2.120158858008109,3
-5.257301078332915,-2.1194063805504904,3
-5.254710066563332,-2.1188191614000687,3
-5.250725768092098,-2.118181248982756,3
-5.247731207209611,-2.116841875994872,3
-5.245934470680119,-2.1160382522021433,3
-5.245140083744335,-2.116255530618872,3
-5.243160318985412,-2.1176607171010993,3
-5.244175235078423,-2.1204043380727597,3
-5.245177671546555,-2.1214245606798947,3
-5.246180124562205,-2.122444653838965,3
-5.245984670487303,-2.122929645043193,3
-5.246583632306329,-2.1231971312965836,3
-5.245972083303606,-2.1212070880910687,3
-5.24438325151575,-2.1216420979927477,3
-5.24438325151575,-2.1216420979927477,3
-5.24537313389521,-2.1209395047516324,3
-5.223591154126211,-2.1083399094287856,3
-5.220999803132667,-2.107755343963639,3
-5.219997581782167,-2.1067334385316965,3
-5.219398653058159,-2.106465693382182,3
-5.219398653058159,-2.106465693382182,3
-5.218787765955847,-2.1044704722541834,3
-5.2161964273729335,-2.103885809702991,3
-5.21598886185526,-2.102644522323308,3
-5.213201825121672,-2.1025467603352617,3
-5.210426531648761,-2.1041781571505123,3
-5.208433989409775,-2.1038622753333307,3
-5.206245691103829,-2.104033747147515,3
-5.2028594195172975,-2.103670634799105,3
-5.199069871851783,-2.102553232720208,3
-5.194692869825893,-2.1028993478260993,3
-5.193299094972689,-2.102852473277041,3
-5.191697957308813,-2.101562725609538,3
-5.190304161771225,-2.1015160128705563,3
-5.190096844466202,-2.1002727837699418,2
-5.187309228569758,-2.1001795524640734,2
-5.186111255289173,-2.0996449683014795,2
-5.182724561741129,-2.099285156878654,2
-5.179936788643337,-2.0991931553293757,2
-5.176953036087198,-2.099590254960301,2
-5.174372286576123,-2.100743780214744,2
-5.17019024219983,-2.100608787558272,2
-5.166595974860353,-2.0990077534797997,2
-5.164602853458511,-2.098696402344796,2
-5.16221770694993,-2.099363771362448,2
-5.159625445843327,-2.0987863255407238,2
-5.157229184879462,-2.0977196167287193,2
-5.154429912596772,-2.0958965470172277,2
-5.152425809119727,-2.0938500824680695,2
-5.152425809119727,-2.0938500824680695,2
-5.152229738650071,-2.094339895612613,2
-5.152817950059038,-2.0928704561789786,2
-5.152414980108993,-2.0921137716593368,2
-5.151805147910457,-2.0901102982173754,2
-5.1504002544650955,-2.0883293782006724,2
-5.1487993029607075,-2.0870381742424673,2
-5.14718773756322,-2.0840089766507255,2
-5.146382004507004,-2.0824939895106667,2
-5.146175287049228,-2.0812460679177978,2
-5.145968586138961,-2.079998016876864,2
-5.140577818072018,-2.0775915143707753,2
-5.138780895383036,-2.076789346868745,2
-5.1385951244037855,-2.0790196131600105,2
-5.134205973703221,-2.077639740940132,2
-5.132605216632079,-2.0763470159671975,2
-5.133007983875125,-2.077105286225601,2
-5.133007983875125,-2.077105286225601,2
-5.132997671974087,-2.075364930164927,2
-5.131396964545475,-2.074071816847807,2
-5.129001051079321,-2.0730023896264953,2
-5.126202436560165,-2.0711741743545318,2
-5.124002833502567,-2.0696130569917717,2
-5.1226085911822015,-2.0695698393504696,2
-5.122009616952541,-2.0693024501831268,2
-5.118632105937968,-2.0706918296512242,6
-5.116039786915078,-2.070114836897716,6
-5.1158334748713,-2.0688637438273236,6
-5.112435898533116,-2.0667680423019714,6
-5.112435898533116,-2.0667680423019714,6
-5.111836911892823,-2.0665007502206745,6
-5.112828635182794,-2.0657837558826397,6
-5.112426029277975,-2.065024223505631,6
-5.11081568839624,-2.061985446757287,6
-5.109814170314923,-2.060958039782701,6
-5.1100105675979055,-2.0604656700389263,6
-5.108007597625313,-2.0584103382975094,6
-5.105415402708747,-2.057832374683535,6
-5.103216068548193,-2.056269153789767,6
-5.100221362874992,-2.054930913472427,6
-5.096028774932513,-2.0530573770281535,6
-5.093829523509504,-2.0514935088940724,6
-5.090628977396566,-2.0489004862365636,6
-5.087830892397738,-2.047068128626613,2
-5.086820402763706,-2.0442898802983116,2
-5.085613428972266,-2.042004681316117,2
-5.08361104643628,-2.039944754168488,2
-5.082001963165325,-2.0368961393674176,2
-5.081590720794873,-2.034383144313434,2
-5.080777344123641,-2.0311069276126723,2
-5.080562904450174,-2.0280983913373944,2
-5.078158838533064,-2.0252717150832904,2
-5.07495941765082,-2.0226698899575553,2
-5.072957663920226,-2.020605043783565,2
-5.07155475203921,-2.018808622361412,2
-5.0693563859080015,-2.017237828756004,2
-5.065960518100246,-2.0151287617182305,2
-5.062761486084494,-2.012523894563035,2
-5.0609568577273265,-2.009960982930531,2
-5.059947878053606,-2.0071709224665586,2
-5.058545342628445,-2.005371556100993,2
-5.056937831370961,-2.0023106437340115,2
-5.054936731267018,-2.0002406843615645,2
-5.05273077116332,-1.9969082728512664,2
-5.049532500333038,-1.994297451085206,2
-5.0461295349781015,-1.990422882700674,2
-5.044128815466895,-1.9883499460227956,2
-5.043317693393929,-1.9850560920235587,2
-5.041112498612577,-1.981717693540384,2
-5.039710662319726,-1.97991285799419,2
-5.038104309387954,-1.9768428842628563,2
-5.036702605475183,-1.975037013132166,2
-5.033702295667597,-1.9719215887804555,2
-5.03330078603533,-1.9711534804693258,2
-5.033694896128356,-1.9701584498608327,2
-5.031899239323902,-1.9693463795820456,2
-5.029505030251304,-1.968263619210326,2
-5.026512268910551,-1.9669101687456774,2
-5.0223224030335025,-1.9650153380951725,2
-5.021322440418144,-1.9639757630027415,2
-5.020125344155595,-1.963434318092851,2
-5.018928247893053,-1.962892873182959,2
-5.016731230383925,-1.9613115295604846,2
-5.014534245969816,-1.9597299270418826,2
-5.011548462206797,-1.9601429164224395,2
-5.008161243275307,-1.9597872149755933,2
-5.005175265079044,-1.960201725370883,2
-5.003583611940696,-1.9606588061671655,2
-5.00218918759772,-1.9606170124545503,2
-5.00079474670723,-1.9605753481899928,2
-4.999400289269236,-1.9605338133735,2
-4.99840713048275,-1.961262037330929,2
-4.995216817670181,-1.9604099856123938,2
-4.990230632935528,-1.9587475464398771,2
-4.9864416106534595,-1.9576260343850045,2
-4.983053775327212,-1.957275154878472,2
-4.981257907542007,-1.9564647350624789,2
-4.9798568531190135,-1.9546537830953454,2
-4.978850686522025,-1.9518417164607964,2
-4.977844619210096,-1.9490288731378769,2
-4.978640627801882,-1.948798908811053,2
-4.979640362888974,-1.9498402638143375,2
-4.978430651819295,-1.9457554539209951,2
-4.978029535190387,-1.9449842712183862,2
-4.97683243065409,-1.9444428910325282,2
-4.977227326753852,-1.943441711641082,2
-4.975431694770668,-1.9426294471902015,2
-4.974827012984681,-1.9405856830388757,2
-4.973025342494969,-1.9379996325652549,2
-4.971624780360401,-1.9361848295182718,2
-4.972612268822459,-1.933679939318722,2
-4.9728037859246275,-1.931404722187855,2
-4.971804348692718,-1.9303610371194502,2
-4.97080492800832,-1.9293172226029807,2
-4.970601507641954,-1.928043508483718,2
-4.9697996549768835,-1.926498165773074,2
-4.969195374468022,-1.924451262506242,2
-4.968393596266749,-1.9229053372793175,2
-4.966999184334403,-1.9228634464806547,2
-4.966400752035701,-1.9225918178892751,2
-4.966197447501905,-1.9213171976335754,2
-4.96519817160822,-1.9202722504465601,2
-4.964797328013237,-1.9194989318509297,2
-4.962606903352228,-1.919687037741106,2
-4.962804492055946,-1.9191853477368515,2
-4.9618052492572815,-1.9181401416537138,2
-4.960207611391818,-1.9168230157210573,2
-4.958214754750136,-1.9165095934170608,2
-4.954629748544804,-1.91665713535121,2
-4.952829012989419,-1.9140637710620751,2
-4.951429108618383,-1.91224382245462,2
-4.949831570037977,-1.9109259198335877,2
-4.947838663753769,-1.91061288587378,2
-4.9452420602604334,-1.908248385602942,2
-4.945439777207355,-1.9077456923762082,2
-4.943041014767267,-1.9048775280181687,2
-4.942832978980251,-1.901818895342819,2
-4.941631168011991,-1.899493308565214,2
-4.942229517573143,-1.8997655843969081,2
-4.942031763394324,-1.9002685688817813,2
-4.943025617176236,-1.8995349081057409,2
-4.941828926327689,-1.8989902917183237,2
-4.942026684643384,-1.8984872748714352,2
-4.941626105808567,-1.8977118851068067,2
-4.940627202233863,-1.8966640253383957,2
-4.9374327952472115,-1.8940229774498114,2
-4.935632932572991,-1.8914227847753988,2
-4.934831948652205,-1.889870646041489,2
-4.932834406262961,-1.887772855335669,2
-4.9320335050797315,-1.8862200693614497,2
-4.930040784955008,-1.885905579110938,2
-4.931039518917734,-1.8869547657219865,2
-4.928245910020417,-1.8850873924112115,2
-4.928844201665282,-1.8853601213111197,2
-4.929239933414308,-1.8843524047925317,2
-4.928636989116896,-1.882295048594676,2
-4.927435835912167,-1.8799643162566007,2
-4.926842176235464,-1.8814763764647147,2
-4.924251189287149,-1.880888963142203,2
-4.925245262323569,-1.8801535871793362,2
-4.925042801712795,-1.878872365072466,2
-4.926036858201707,-1.878137118557662,2
-4.926032317244854,-1.8763516174852946,2
-4.92782703084122,-1.877171066303628,2
-4.928830231297001,-1.8800063365033264,2
-4.9308182201685025,-1.8785368143341845,2
-4.930026740122937,-1.8805523768194252,2
-4.928609544805649,-1.8715835955372206,2
-4.927611059055575,-1.8705324672052388,2
-4.927808966298864,-1.8700282853257875,2
-4.926216758818924,-1.8704897026321525,2
-4.9272152445689965,-1.8715408309641361,2
-4.92641467433597,-1.8699854560286742,2
-4.927210778075938,-1.8697547473754899,2
-4.927012866695771,-1.8702589616169547,2
-4.92641467433597,-1.8699854560286742,2
-4.927012866695771,-1.8702589616169547,2
-4.92641467433597,-1.8699854560286742,2
-4.925614137197961,-1.8684298221970863,2
-4.925011565219529,-1.8663695534178295,2
-4.9244090428836245,-1.8643088962943875,2
-4.923014775741999,-1.8642658728251789,2
-4.924008828094031,-1.8635306586723903,2
-4.92261456508928,-1.8634876028411664,3
-4.922606012695898,-1.859912458358444,3
-4.922205843411952,-1.859133864754277,3
-4.9202051210985704,-1.855239925872974,3
-4.9196111635666835,-1.8567543161462101,3
-4.918419071591275,-1.8579947477629446,3
-4.9178209371477575,-1.8577207891064411,3
-4.919215191878756,-1.8577639096616991,3
-4.918819220190832,-1.85877350317719,3
-4.918819220190832,-1.85877350317719,3
-4.918617061572117,-1.8574899186431821,3
-4.916624668260722,-1.857172871793443,3
-4.915824420704142,-1.8556149726207671,3
-4.915626410038916,-1.8561199635506043,3
-4.918617061572117,-1.8574899186431821,3
-4.918221081610437,-1.8584995768827053,3
-4.9186254319428855,-1.8610664870545897,3
-4.917033141725396,-1.8615285516012694,3
-4.918617061572117,-1.8574899186431821,3
-4.915626410038916,-1.8561199635506043,3
-4.9162204420346,-1.854604990761091,3
-4.915428399373688,-1.8566249544804432,3
-4.914632250128065,-1.8568560191157975,3
-4.91523038870846,-1.857129945410282,3
-4.917024804449646,-1.8579517242937342,3
-4.917028960676886,-1.8597402350335468,3
-4.916637161763715,-1.862538209840789,3
-4.916637161763715,-1.862538209840789,3
-4.917631305127056,-1.8618022837236587,3
-4.915836814922075,-1.8609810873564854,3
-4.912445857587972,-1.858833606606252,3
-4.912441779961405,-1.8570444809881455,3
-4.9092490029045095,-1.8543906824654357,3
-4.90665445543932,-1.8520100982728707,3
-4.903858063758106,-1.848343470033118,3
-4.901659967858635,-1.8449495383312584,3
-4.900063806858455,-1.8436208591590493,3
-4.898863956770157,-1.8412799327860743,3
-4.897865946761005,-1.840225082822304,3
-4.8994620374342635,-1.8415543121487765,3
-4.899065759617402,-1.8425663004534165,3
-4.897069714777828,-1.8404567946979693,3
-4.893481230793174,-1.8388105185217558,3
-4.890494317662583,-1.8392323427325614,3
-4.892486781300896,-1.8395488394280353,3
-4.892883150129066,-1.8385361391590536,3
-4.893081334543153,-1.8380297890245618,3
-4.892883150129066,-1.8385361391590536,3
-4.893279518957236,-1.8375234388900719,3
-4.893679411070382,-1.8383042007492811,3
-4.893877591347589,-1.8377978829768047,3
-4.894273951902004,-1.8367852474318518,3
-4.894075771624797,-1.8372915652043282,3
-4.893077823668808,-1.8362362298103232,3
-4.892278089085043,-1.8346743177477194,3
-4.889882462398143,-1.8317816229818913,3
-4.888488149750856,-1.8317389554948544,3
-4.886489144241658,-1.8278315863771013,3
-4.88728213011065,-1.8258042441182027,3
-4.887077383141284,-1.822719883640488,3
-4.8876721473642935,-1.8211991827742207,3
-4.888465166328309,-1.819171581619198,3
-4.887662620002509,-1.815810641161729,3
-4.887458117108922,-1.8127243713250998,3
-4.885661315724088,-1.8101002307591774,3
-4.884657847705961,-1.8054460295250525,3
-4.882861311081291,-1.8028198177901338,3
-4.881467246646661,-1.8027752085821636,3
-4.8794752918442885,-1.802454731358777,3
-4.879078600339669,-1.803469955864971,3
-4.87867906813487,-1.8026863785104101,3
-4.8812660519204165,-1.8014840836985364,3
-4.882657246696722,-1.7997301175798555,3
-4.883651749968411,-1.7989913759673737,3
-4.884445066787608,-1.7969614447472324,3
-4.884841725197207,-1.7959464791371609,3
-4.8848389134551695,-1.7941474507422939,3
-4.888224535551924,-1.794515643927145,3
-4.889621308306655,-1.796360090580368,3
-4.891814222033249,-1.7979735373222727,3
-4.893799982462445,-1.7947004237140725,3
-4.895392074109813,-1.7942399125441444,3
-4.895989840371227,-1.7945167514200282,3
-4.89957341108005,-1.7943804391052716,3
-4.888833987290509,-1.8019851660088442,3
-4.889227627114195,-1.7991727901046861,3
-4.888629807073372,-1.7988963719350028,3
-4.888233206580059,-1.7999108844768568,3
-4.888233206580059,-1.7999108844768568,3
-4.8886327387848585,-1.8006944618314193,3
-4.889630115851746,-1.80175426318357,3
-4.890029668740931,-1.8025376787280525,3
-4.892811553594488,-1.7990336946565932,3
-4.890414509293279,-1.7943310654966602,3
-4.890612809539936,-1.793823809225735,3
-4.8872216756548,-1.7898566854767317,3
-4.88741724689697,-1.7875497535706284,3
-4.887414513755607,-1.7857501102974656,3
-4.887210776184363,-1.7826578534879598,3
-4.887406463259104,-1.7803500154454195,3
-4.887604813148293,-1.7798423708303055,3
-4.885214045957817,-1.7787326852616498,3
-4.882423974090804,-1.7768376424275782,3
-4.8794355357870955,-1.77545037365668,3
-4.880033223447837,-1.7757278274108597,3
-4.878041744386385,-1.7754036285556847,3
-4.878242612299303,-1.7766973100385428,3
-4.880035712513424,-1.7775293800429388,3
-4.8814295039141395,-1.7775761251439377,3
-4.880831807979643,-1.7772987361137904,3
-4.880630911108577,-1.7760052811650393,3
-4.878639436184004,-1.775681049947849,3
-4.876246275076122,-1.7727690674207572,3
-4.875643907139388,-1.7688861783372989,3
-4.874843230682243,-1.7655106102487998,3
-4.873445065134478,-1.7618560350293748,3
-4.872047065061812,-1.758200165329324,2
-4.871645875303814,-1.7556085305775593,2
-4.869255571443624,-1.7544952204631628,2
-4.869452073483242,-1.7521810071035588,2
-4.869053037703749,-1.7513935463071295,2
-4.868254990966028,-1.749818430542181,2
-4.868453522877827,-1.7493093619983853,2
-4.866462349945314,-1.7489827683540593,2
-4.86546580852769,-1.747916429874767,2
-4.863673179917608,-1.747080670600596,2
-4.862079128724979,-1.7457354868004558,2
-4.859887567757344,-1.7441114576794696,2
-4.85829357034412,-1.7427658531731272,2
-4.856499317275858,-1.7401217776056281,2
-4.855102442433889,-1.7364571054373492,2
-4.853707254103265,-1.7346002641321672,2
-4.854501861628258,-1.7325602359631738,2
-4.854699013157655,-1.7302409417671303,2
-4.8546975376270645,-1.7284314604412412,2
-4.854495992600928,-1.7253220517634915,2
-4.855091997887202,-1.7237916422925608,2
-4.856285401252791,-1.7225409519168977,2
-4.8572801196421125,-1.7218005274796067,2
-4.858076165465798,-1.72157027189464,2
-4.85986688003627,-1.7205999802165728,2
-4.859468158659471,-1.7198100599069601,2
-4.857477387004078,-1.719480327147128,2
-4.855883943932451,-1.7181303861306993,2
-4.8548878906663795,-1.7170602289335744,2
-4.854289240447862,-1.7149692809635777,2
-4.852098539950761,-1.7133385205433562,2
-4.849907872548673,-1.7117075012270107,2
-4.8471198980785815,-1.7097960508510521,2
-4.844929301003415,-1.708164481380443,2
-4.844132172652511,-1.7065821812480433,2
-4.843335077396624,-1.7049996222195158,2
-4.841144596154031,-1.7033671466124698,2
-4.840147886459125,-1.700481100410375,2
-4.838553993802542,-1.697313652288205,2
-4.8375574992252695,-1.694425923261301,2
-4.83675995438443,-1.6910258571270305,2
-4.836560418546087,-1.6897217550751673,2
-4.834966361749096,-1.6847345668681797,2
-4.833095958748002,-1.6811619329185277,2
-4.831907049227702,-1.6792178080131563,2
-4.829825217138772,-1.6761601924249128,2
-4.828937832552354,-1.6736648125790374,2
-4.826253486424363,-1.6717064737059495,2
-4.8250648751483425,-1.6697605492082648,2
-4.821186389872098,-1.667238113997362,2
-4.819696465971678,-1.6658421633744656,2
-4.817006495926687,-1.6652662321909801,2
-4.816113730062682,-1.664151795959608,2
-4.812530994153688,-1.6624614285447485,2
-4.809545380896189,-1.6610527890323663,2
-4.8059626449871935,-1.6593624216175051,2
-4.801782786426699,-1.6573903263001704,2
-4.797898409319098,-1.6562519153618016,2
-4.794315643080175,-1.6545617309563312,2
-4.792235094958151,-1.6514963679706725,2
-4.7910471812704465,-1.6495462342570644,2
-4.79046278250939,-1.6464907845185088,2
-4.788684381084751,-1.6428704148998943,2
-4.787509737226175,-1.6381432651812275,2
-4.784531163282269,-1.6353436775411456,2
-4.782753388676118,-1.631719525728517,2
-4.782471626946265,-1.6281061107052377,2
-4.780687460064964,-1.625869002820039,2
-4.774093465973063,-1.6283186291259817,2
-4.7726043660356545,-1.6269177067480456,2
-4.771719165203972,-1.6244091502262492,2
-4.770525192870316,-1.6238440473368065,2
-4.767540262036174,-1.6224312901131999,2
-4.7642603451379415,-1.6201818593572916,2
-4.76128251933223,-1.6173777574856398,2
-4.758304814846227,-1.6145729235764428,2
-4.755916971278669,-1.6134421077662626,2
-4.75532723167993,-1.6117673576296898,2
-4.753543651177214,-1.6095267115629923,2
-4.752357082116273,-1.6075684644331965,2
-4.751465357579754,-1.6064477448795067,2
-4.748782891907233,-1.604478059424375,2
-4.745798289647295,-1.6030633195990678,2
-4.742813687387361,-1.601648579773757,2
-4.738922372065927,-1.6019005069317966,2
-4.737441403319481,-1.5991020480882003,2
-4.733565253447605,-1.5965655211544423,2
-4.730572964835641,-1.5965456336571062,2
-4.726386724109972,-1.59596052126407,2
-4.725789788493023,-1.5956776648037003,2
-4.724293558252249,-1.5956682395816362,2
-4.721905795564496,-1.5945369357464205,2
-4.720114973548682,-1.5936884578700088,2
-4.718029625472671,-1.5920005308189236,2
-4.714448011770969,-1.5903033920567147,2
-4.714153526150671,-1.5894636988695154,2
-4.712362734464783,-1.5886150379837183,2
-4.712370744336033,-1.5872182335556069,2
-4.7114793837586415,-1.5860953178892654,2
-4.707595380720139,-1.5849546498351135,2
-4.704905168035731,-1.5843801827267274,2
-4.701912363815012,-1.5843634063889898,2
-4.700113370168339,-1.5849127089907569,2
-4.697423005834299,-1.5843391569293122,2
-4.694732601060354,-1.5837658488803878,2
-4.692336499927146,-1.584033332074986,2
-4.68934336207723,-1.584018568840511,2
-4.688157738299006,-1.5820546179181267,2
-4.686963806405252,-1.5814892710161654,2
-4.688460390495173,-1.581496561128711,2
-4.689662645669419,-1.5806632125055522,2
-4.688460390495173,-1.581496561128711,2
-4.687863429603283,-1.5812138571761665,2
-4.688157738299006,-1.5820546179181267,2
-4.688166086854439,-1.580655769885185,2
-4.688460390495173,-1.581496561128711,2
-4.683978976670865,-1.5800759037612657,2
-4.682482347086054,-1.5800688881628044,2
-4.681574254012883,-1.5817438820732974,2
-4.679161051369785,-1.5848115014589457,2
-4.677050495867867,-1.5873210945567457,2
-4.676756166952192,-1.5864804558210466,2
-4.677647537639562,-1.5876033104842566,2
-4.676159130235488,-1.58619820939197,2
-4.677361592664235,-1.5853636102046629,2
-4.677967018376275,-1.5842467645882792,2
-4.679161051369785,-1.5848115014589457,2
-4.680060765557599,-1.584535538590785,2
-4.680657776999368,-1.5848179375276832,2
-4.6824655387654595,-1.5828672552631087,2
-4.67977486607716,-1.5822955637971052,2
-4.679186309345571,-1.5806136762944085,2
-4.6794890272565794,-1.5800552229846527,2
-4.68069143408046,-1.5792209593145543,2
-4.680405660974717,-1.5769802219817617,2
-4.6807168892007684,-1.5750219445889986,2
-4.680128484118809,-1.5733391420393623,2
-4.678951795274603,-1.5699728049025374,2
-4.68044836419956,-1.5699801865197767,2
-4.6816421747736054,-1.5705462654592868,2
-4.680759718800305,-1.5680211465878973,2
-4.679860070327335,-1.5682967129357177,2
-4.676849669207922,-1.571083061942364,2
-4.677766611280315,-1.5680062003440334,2
-4.679271816895014,-1.5666129953391437,2
-4.676607640654513,-1.5618360058252705,2
-4.677810098028271,-1.5610014371395255,2
-4.6787184944007105,-1.559324613135157,2
-4.678130443167898,-1.557639675475997,2
-4.677542432374992,-1.5559544938043217,2
-4.677827634267111,-1.558198677813916,2
-4.677230804804903,-1.5579151808206912,2
-4.676642794011997,-1.5562299991490143,2
-4.675751989483263,-1.5551037283105646,2
-4.675155175186022,-1.5548201398126444,2
-4.672473968205463,-1.5528428594679191,2
-4.673373636898383,-1.5525671711138358,3
-4.671289299819932,-1.5508731437498167,3
-4.670701481116563,-1.5491868030186815,3
-4.668314325027348,-1.5480518389957147,3
-4.668020451060574,-1.5472084551191951,3
-4.666523957960434,-1.547200615978488,3
-4.665036531223997,-1.5457895975826617,3
-4.6635674394144715,-1.541571000614013,3
-4.664467158657271,-1.5412950072442833,3
-4.66297987346049,-1.5398831348046453,3
-4.662686105648465,-1.5390391103952688,3
-4.662676897745104,-1.5404431436941977,3
-4.670719502634231,-1.5463811155428662,3
-4.6689291962271735,-1.5455295265068667,3
-4.668635347535341,-1.5446859901225238,3
-4.6689291962271735,-1.5455295265068667,3
-4.668047680481605,-1.5429987343444491,3
-4.666542121017764,-1.5443940744588627,3
-4.6665512328763565,-1.542990620689661,3
-4.6665512328763565,-1.542990620689661,3
-4.6671571135373,-1.5418710299324605,3
-4.667460053867773,-1.5413112345538593,3
-4.6671571135373,-1.5418710299324605,3
-4.666266566812942,-1.5407432035142126,3
-4.6662757342764,-1.5393394142278023,3
-4.667799724711925,-1.535135916010839,3
-4.666606328646878,-1.5345673359430272,3
-4.666918557760518,-1.5326030192404652,3
-4.666331163676119,-1.5309141163778985,3
-4.664256833189105,-1.5278112364677447,3
-4.663054143285908,-1.5286472082254612,3
-4.660364436100279,-1.5280696909606117,3
-4.657987195612719,-1.5255264234196684,3
-4.657693599670278,-1.524681361957093,3
-4.657106438115321,-1.5229910560225584,3
-4.654416751149647,-1.522413416751455,3
-4.652030140999116,-1.5212751585595043,3
-4.650249805798579,-1.5190149304883143,3
-4.64786323608795,-1.5178764282838468,3
-4.646973119037556,-1.5167460092326053,3
-4.644880023949664,-1.5164533005282657,3
-4.643686739094351,-1.5158840494260328,3
-4.642200020056201,-1.5144687608111553,3
-4.641603382683533,-1.514184104758474,3
-4.638903785171195,-1.515014738503785,3
-4.635910677651207,-1.5149997922599194,3
-4.631724143736243,-1.5144164489576308,3
-4.62783086707954,-1.5146802107227497,3
-4.627527562789947,-1.5152422022140044,3
-4.629014352597922,-1.5166570638069743,3
-4.628417654565398,-1.5163727737730692,3
-4.626627560467826,-1.5155199036713505,3
-4.6266176499211635,-1.516928176687765,3
-4.626294595308067,-1.5203062871899373,3
-4.627204477846924,-1.518620495725564,3
-4.628681528977818,-1.5214425932817495,3
-4.627174958516413,-1.522844033709088,3
-4.626881494003655,-1.5219981792058324,3
-4.626881494003655,-1.5219981792058324,3
-4.625688006948829,-1.5214301481661856,3
-4.62631434563157,-1.517490168179016,3
-4.627204477846924,-1.518620495725564,3
-4.632594540793059,-1.5183628040104065,3
-4.633504317177172,-1.5166776530788901,3
-4.632907634309612,-1.5163932715402915,3
-4.632907634309612,-1.5163932715402915,3
-4.635010761263882,-1.5152769751906678,3
-4.633807575971877,-1.516115936101718,3
-4.632897799587763,-1.5178010870332361,3
-4.631978223866717,-1.5208938399467407,3
-4.6316847644089485,-1.520047954941921,3
-4.632281477606435,-1.5203321534711325,3
-4.634971563916146,-1.5209073831186366,3
-4.6358715005234234,-1.5206300781816253,3
-4.635284571497905,-1.5189383691751157,3
-4.631988023203652,-1.5194862379647507,3
-4.629288076897154,-1.520318976318018,3
-4.6289652042636185,-1.5236959887638655,3
-4.629581531299937,-1.5211648918244034,3
-4.628407774348659,-1.517780863780093,3
-4.6287308542366965,-1.5144026007700955,3
-4.63081430669228,-1.5161019659079233,3
-4.629611050630443,-1.5169413538408776,3
-4.630511027677622,-1.5166638048913548,3
-4.629620930847183,-1.515533263833854,3
-4.627527562789947,-1.5152422022140044,3
-4.624847427466802,-1.5132584555375743,3
-4.623360708428654,-1.5118431669226986,3
-4.620984034099731,-1.5092964832065157,3
-4.620984034099731,-1.5092964832065157,3
-4.620104171335177,-1.5067557170324637,3
-4.618931162522097,-1.5033671747565887,3
-4.618941346038104,-1.501957254655684,3
-4.62164141366431,-1.5011237842648661,3
-4.622844806210814,-1.500283572789666,3
-4.622248204223061,-1.4999987032260318,3
-4.623158390061185,-1.4983110816677812,3
-4.623178837973004,-1.49549075344094,3
-4.622278860925828,-1.4957683023904664,3
-4.622885681814505,-1.494643038342243,3
-4.62170284838955,-1.492662250556183,3
-4.620530425955057,-1.4892701700988091,3
-4.619640819458432,-1.488136670389542,3
-4.619347754289713,-1.487288406262678,3
-4.6184581831780065,-1.4861546930424598,3
-4.61638609205059,-1.4830383009391674,3
-4.614314152572806,-1.4799209937889355,3
-4.612524695403703,-1.4790642804900767,3
-4.609835195472575,-1.478485512661079,3
-4.6092280813946065,-1.47961254580005,3
-4.607449232360487,-1.4773433502688569,3
-4.603252368334871,-1.4781708116128485,3
-4.603577409558177,-1.4747807139957736,3
-4.603870287692349,-1.4756301066805229,3
-4.604759671769507,-1.4767649484586371,3
-4.608945781065492,-1.4773508538923554,3
-4.608935142600581,-1.4787635191340733,3
-4.608935142600581,-1.4787635191340733,3
-4.610138752511562,-1.477921996091597,3
-4.609835195472575,-1.478485512661079,3
-4.610138752511562,-1.477921996091597,3
-4.609542266788527,-1.4776364249919762,3
-4.60864221391653,-1.477914431464967,3
-4.608349295342457,-1.4770652827927364,3
-4.608349295342457,-1.4770652827927364,3
-4.609249348214451,-1.4767872763197403,3
-4.611342342202592,-1.4770805950553765,3
-4.610442309550546,-1.4773584795221097,3
-4.609835195472575,-1.478485512661079,3
-4.610138752511562,-1.477921996091597,3
-4.609238704694553,-1.478199972063024,3
-4.610442309550546,-1.4773584795221097,3
-4.6107458665895305,-1.476794962952626,3
-4.611342342202592,-1.4770805950553765,3
-4.611331723957633,-1.4784931382908386,3
-4.610431686250601,-1.4787710532591376,3
-4.611331723957633,-1.4784931382908386,3
-4.610442309550546,-1.4773584795221097,3
-4.608349295342457,-1.4770652827927364,3
-4.60804572313851,-1.477628890866912,3
-4.6068420778426145,-1.4784706274203447,3
-4.605941994640691,-1.478748816902728,3
-4.606234923324742,-1.4795979045718326,3
-4.605041901328795,-1.4790270673882393,3
-4.605334830012843,-1.4798761550573456,3
-4.605638412326769,-1.4793124859800368,3
-4.605041901328795,-1.4790270673882393,3
-4.60295946492576,-1.477321571435919,3
-4.602070070738627,-1.4761867906609343,3
-4.6008663243429755,-1.47702913724566,3
-4.600877068962628,-1.4756158314710834,3
-4.5990767913490505,-1.4761728814702693,3
-4.597276473295572,-1.476730175481972,3
-4.59428305236634,-1.4767171203351133,3
-4.592786311571796,-1.4767107757710711,3
-4.589489070744213,-1.4772628232750638,3
-4.589771108213963,-1.4795261012641205,3
-4.587992259179842,-1.4772569057329275,3
-4.58829596786846,-1.4766924741165024,3
-4.58618084771255,-1.4792296101271667,3
-4.584380246579752,-1.479788612226491,3
-4.581993899288586,-1.4786487679531817,3
-4.579900379581716,-1.4783586213802682,3
-4.577503055141456,-1.4786334859535089,3
-4.577199280737995,-1.4791983140902722,3
-4.576895506334534,-1.4797631422270374,3
-4.576884579735317,-1.4811775460579408,3
-4.575387555861456,-1.4811729095815203,3
-4.574498090904495,-1.4800385558284415,3
-4.573597674073376,-1.4803187584140893,3
-4.573901468696791,-1.4797538082710666,3
-4.574509057943615,-1.4786239079850194,3
-4.573619638481539,-1.4774892797178598,3
-4.572133637251664,-1.4760696598808067,3
-4.573923443214925,-1.4769242685717074,3
-4.573337868926142,-1.4752243851458768,3
-4.57394549861287,-1.4740942408473146,3
-4.570962589773851,-1.4726692829978525,3
-4.569769426238246,-1.4720992998580673,3
-4.569183983379148,-1.47039862339156,3
-4.568587411721321,-1.4701135708185369,3
-4.566797696747836,-1.469258413099471,3
-4.564411410116524,-1.4681182028073856,3
-4.5620364039335755,-1.465561453574871,3
-4.560550660508078,-1.4641402781580215,3
-4.5620364039335755,-1.465561453574871,3
-4.5620477046018895,-1.4641447926281863,3
-4.559357547522348,-1.4635699900025934,3
-4.556386171881083,-1.460726968134468,3
-4.555789625498196,-1.460441763053625,3
-4.552210347200866,-1.4587305325685591,3
-4.549239163649137,-1.455886351640979,3
-4.5480229741579254,-1.4581522525259984,3
-4.546525803689416,-1.4581485005949535,3
-4.544712991990501,-1.4601296539225963,3
-4.542303537863928,-1.4618261816991236,3
-4.539297380649844,-1.4632384499433098,3
-4.537800038311749,-1.4632357350654601,3
-4.536922495786602,-1.460680968673243,3
-4.535132659493408,-1.4598265429917312,3
-4.536922495786602,-1.460680968673243,3
-4.5390048513098264,-1.462386952650597,3
-4.537507514026725,-1.4623842072711852,3
-4.536618382698956,-1.4612478404148384,3
-4.53542514839352,-1.460678284296959,3
-4.534231914088084,-1.4601087281790814,3
-4.533038679782647,-1.4595391720612003,3
-4.533027020210197,-1.4609579986189765,3
-4.531822106112362,-1.4618073910651308,3
-4.532442062629929,-1.4592543940022615,3
-4.531248828324495,-1.4586848378843822,3
-4.5318337656848104,-1.4603885645073564,3
-4.532137914157371,-1.459821479254808,3
-4.532137914157371,-1.459821479254808,3
-4.529447256634036,-1.459249696284111,3
-4.52796155870343,-1.4578282463531842,3
-4.524381825457194,-1.4561197610089316,3
-4.523504646891167,-1.453562798504061,3
-4.519304593168243,-1.4544095063353346,3
-4.519608847795546,-1.4538417805499293,3
-4.518719868117412,-1.4527044986466464,3
-4.519925004634713,-1.4518537641316485,3
-4.519632662329251,-1.451001138281045,3
-4.521434375559364,-1.4504354258375027,3
-4.52113012093206,-1.4510031516229063,3
-4.521434375559364,-1.4504354258375027,3
-4.519328397591972,-1.4515689250695782,3
-4.516357345469926,-1.4487239511013215,3
-4.513654623975116,-1.4495734348135692,3
-4.51124411841108,-1.4512763069155454,3
-4.509442192871477,-1.4518433004248,3
-4.509149885950926,-1.4509904610632454,3
-4.506154625006129,-1.4509885084859135,3
-4.503768035075549,-1.4498501282877054,3
-4.505570061714909,-1.4492825247471544,3
-4.505886537018307,-1.4472925867303044,3
-4.507676403641426,-1.4481468294024253,3
-4.507372047914368,-1.4487151652191237,3
-4.5058744275519444,-1.44871412792733,3
-4.505557977523484,-1.4507039134363602,3
-4.504961330040839,-1.4504193183868104,3
-4.500784797662325,-1.4484271530399457,3
-4.5007969627335545,-1.4470052763257062,3
-4.498982680033183,-1.4489953056086584,3
-4.498373857369334,-1.450132648276476,3
-4.498069446037407,-1.450701319610383,3
-4.497180521964141,-1.4495637021898897,3
-4.497180521964141,-1.4495637021898897,3
-4.496279427764657,-1.4498479919851963,3
-4.4974727732798225,-1.450416877068653,3
-4.499579337625807,-1.4492798396550803,3
-4.4986661187949935,-1.4509857621521114,3
-4.4974727732798225,-1.450416877068653,3
-4.49687610052224,-1.4501324345269264,3
-4.496900481214578,-1.4472883760828008,3
-4.497789364847943,-1.4484262375158146,3
-4.496583854261546,-1.449279229146594,3
-4.493283843300638,-1.4498479915080047,3
-4.491189332816159,-1.4495638232417587,3
-4.4921027184615685,-1.4478568941930963,3
-4.491530608375882,-1.4447272951509174,3
-4.489448495492068,-1.4430198470984603,3
-4.48465050020962,-1.4435897682807255,3
-4.482543551684566,-1.444729123813211,3
-4.480448950210302,-1.44444550457513,3
-4.4789634544792065,-1.4430228345816136,3
-4.478074666890613,-1.4418843936188743,3
-4.477477989078041,-1.4415999815787082,3
-4.477173405876529,-1.4421696899658158,3
-4.475675446829923,-1.4421706962788505,3
-4.474786674406289,-1.4410321638114176,3
-4.474189991538729,-1.440747782272819,3
-4.47358077458583,-1.4418875040626773,3
-4.474177467563365,-1.4421718245981463,3
-4.47389792220261,-1.4398935093377254,3
-4.47299662580361,-1.4401790191956199,3
-4.471803260068489,-1.439610256118419,3
-4.47090194344954,-1.4398958879825727,3
-4.469403923743082,-1.4398972603143854,3
-4.467918503836803,-1.4384741327973973,3
-4.466712487751625,-1.4393301745846419,3
-4.464617714407778,-1.439047592399758,3
-4.462827605145243,-1.4381948138027365,3
-4.461329494449004,-1.4381967351627125,3
-4.458625210962966,-1.4390556438584348,3
-4.457736494144195,-1.4379167758737896,3
-4.456847797545379,-1.4367777858828852,3
-4.455959121166515,-1.4356386738857267,3
-4.455083292282234,-1.433073567463099,3
-4.453902774041699,-1.431078809960436,3
-4.45270940830658,-1.430510046883235,3
-4.451224165324875,-1.4290858518114842,3
-4.450640441161633,-1.4273748048130024,3
-4.451250072623534,-1.426232581894844,3
-4.450361583279216,-1.4250923413397913,3
-4.450374592533413,-1.4236653708642582,3
-4.449764930741585,-1.4248077767918037,3
-4.448571625666316,-1.4242386476958266,3
-4.447670127067809,-1.4245253776163072,3
-4.449473114154852,-1.4239519787784793,3
-4.4482928739386445,-1.4219555436897586,3
-4.445575293064104,-1.4242431614501996,3
-4.447086524224272,-1.4228135985802695,3
-4.447404460419149,-1.4208148456112362,3
-4.446211195783787,-1.4202454725027476,3
-4.445017931148421,-1.4196760993942537,3
-4.4450310718322985,-1.4182483358780402,3
-4.445044232736127,-1.4168204503555675,3
-4.444765713537896,-1.4145359432775262,3
-4.44477893004659,-1.4131077222378448,3
-4.445415257385243,-1.4091074711589613,3
-4.444262127554795,-1.4042505067812172,3
-4.441292915448313,-1.4013944302434336,3
-4.441001376885911,-1.4005369546440534,3
-4.443082463607199,-1.4022505945141308,3
-4.441584464120691,-1.4022518448396823,3
-4.438283416887284,-1.4028268600218379,3
-4.437965005523553,-1.4048284801379474,3
-4.439144725076016,-1.406828056887825,3
-4.438534790314847,-1.4079721098998625,3
-4.43793821865702,-1.4076870573268394,3
-4.436440092795815,-1.4076890701915055,3
-4.436731692018073,-1.408546179772113,3
-4.43430521497698,-1.4116938962664882,3
-4.432528772117058,-1.4094101819905305,3
-4.429240734137846,-1.4085582266971564,3
-4.425634112925319,-1.409708928573087,3
-4.4268273674507075,-1.410278362684707,3
-4.426840826598816,-1.4088486775699227,3
-4.4286575963531885,-1.4068436415171721,3
-4.4277694507480465,-1.4057013268557252,3
-4.425674611689356,-1.4054191411911816,3
-4.423871270753164,-1.405994675138535,3
-4.423288223958288,-1.4042795409303874,3
-4.422095030092752,-1.403709740799993,3
-4.420888235539451,-1.404570479828191,3
-4.420874655071632,-1.4060008969805278,3
-4.420583136729183,-1.4051432993748882,3
-4.4199865246314545,-1.4048584908143837,3
-4.420291628496708,-1.4042856407661208,3
-4.420596732361963,-1.4037127907178597,3
-4.419695021453965,-1.4040008017040524,3
-4.416698335002604,-1.404007450567951,3
-4.415505100697169,-1.4034378944500698,3
-4.415518772154769,-1.4020069282695715,3
-4.414935866899551,-1.4002909400176122,3
-4.415837613192464,-1.4000027155204666,3
-4.4152273144721725,-1.4011489646451576,3
-4.414325558069285,-1.4014372501454329,3
-4.415823916459926,-1.4014338342087918,3
-4.4167256576978495,-1.4011456402132083,3
-4.417918851563384,-1.4017154403436045,3
-4.418542791411346,-1.3991384080478042,3
-4.418278808073628,-1.3954177190217116,3
-4.417071947805484,-1.396278854570248,3
-4.413770177708821,-1.3968582314761466,3
-4.4134650030737355,-1.3974315085463154,3
-4.4134650030737355,-1.3974315085463154,3
-4.414671924001732,-1.396570006979001,3
-4.415282263161927,-1.395423513841795,3
-4.416197771902217,-1.3937037741359841,3
-4.418028789382799,-1.3902642947243677,3
-4.416849610714035,-1.3882614543070755,3
-4.414754892975049,-1.3879785366049813,3
-4.414754892975049,-1.3879785366049813,3
-4.414754892975049,-1.3879785366049813,3
-4.412341030899105,-1.3897016617458675,3
-4.411161887615254,-1.387698607817624,3
-4.409386293993283,-1.3854097692788105,3
-4.409386293993283,-1.3854097692788105,3
-4.409095033455211,-1.3845506160933763,3
-4.407902021569241,-1.3839797179066515,3
-4.406098468323558,-1.3845565329197225,3
-4.404600155427808,-1.3845596743422792,3
-4.403101822312104,-1.3845629377711006,3
-4.4031158880587515,-1.3831295924685598,3
-4.402533468082362,-1.3814106760663964,3
-4.402547584378887,-1.3799770257482074,3
-4.399259768819137,-1.3791237283859896,3
-4.397775617714801,-1.37769294497628,3
-4.3954038922189405,-1.3751164002283218,3
-4.391810659384696,-1.3748378440113722,3
-4.38763518855362,-1.3728392733359378,3
-4.386427807621731,-1.3737035505456294,3
-4.3834452779068,-1.3722763050788256,3
-4.381655760077841,-1.3714199577987358,3
-4.380462748191869,-1.3708490596120146,3
-4.380171740403185,-1.369988381348346,3
-4.377771211100653,-1.370282583913566,3
-4.374177578922373,-1.3700064373202228,3
-4.3717769080801805,-1.3703014939292508,3
-4.370554693043498,-1.3726037526793124,3
-4.369056026298599,-1.3726090292113966,3
-4.3690706076540025,-1.371172572749261,3
-4.3720824618393515,-1.369725929241735,3
-4.369376176578136,-1.3705969165570533,2
-4.3672809685053355,-1.3703169575067289,2
-4.366378832978361,-1.370607530624353,2
-4.363687017862819,-1.3700427325119602,2
-4.362188285403077,-1.3700484055643791,2
-4.361286099326225,-1.3703392836976498,2
-4.3598020392116705,-1.3689079512597804,2
-4.358899832914867,-1.3691989513993086,2
-4.35680447319243,-1.368919907395922,2
-4.355887493450686,-1.3706485230570387,2
-4.354999989828993,-1.3695023346968824,2
-4.355596571596799,-1.3697873262667741,2
-4.355290906627896,-1.370363561988711,2
-4.354970513708942,-1.3723771387181571,2
-4.354373911721188,-1.372092269154523,2
-4.354082979757326,-1.3712311333673846,2
-4.3522784256240605,-1.3718139876902526,2
-4.350473831050893,-1.3723970860256358,2
-4.348683979592737,-1.371542751848816,2
-4.347490745287301,-1.3709731957309383,2
-4.34273271294018,-1.3672565626971505,2
-4.340622185483754,-1.3684175133373948,2
-4.340637115633317,-1.366978952267301,2
-4.339458862027323,-1.3649705300636832,2
-4.337378265639851,-1.3632539315418342,2
-4.336781668707085,-1.3629690314766343,2
-4.336490893447841,-1.3621069501410012,2
-4.335909373259284,-1.3603826044603355,2
-4.3356337354041035,-1.358080711490448,2
-4.331136719116856,-1.3581026719011948,2
-4.326930220284474,-1.3589882692273765,2
-4.3251252010923285,-1.3595739296941876,2
-4.3236108510046805,-1.3610223120294958,2
-4.319709900876482,-1.3613323751697237,2
-4.316711414849461,-1.3613498825906323,2
-4.316130046310537,-1.3596246218630252,2
-4.314936761455222,-1.3590553707607906,2
-4.312244193146496,-1.358495117381528,2
-4.310469640852013,-1.356199995520397,2
-4.307195865763974,-1.3539135053634617,2
-4.305405968810929,-1.3530594457007243,2
-4.3045187785984815,-1.3519113662435593,2
-4.303937693138874,-1.350184397428336,2
-4.303372240472136,-1.3470146278255335,2
-4.3037095956457545,-1.3435502283970138,2
-4.3040313685763785,-1.341528324740425,2
-4.30375663050903,-1.3392210024920352,2
-4.303175818018765,-1.33749238659232,2
-4.301998524860453,-1.3354781690914237,2
-4.300530951831703,-1.33259888110155,2
-4.2990476196353935,-1.33116315643837,2
-4.298160813602017,-1.3300127588622939,2
-4.296677537010572,-1.3285766986819034,2
-4.294597805026015,-1.3268548843925085,2
-4.292824364828855,-1.3245530521871576,2
-4.2886329477956675,-1.323999173396306,2
-4.2868596086982595,-1.3216967311596601,2
-4.285392672597977,-1.3188135999726427,2
-4.283909628535968,-1.3173761367202808,2
-4.282442879470235,-1.3144918769753744,2
-4.280976251724207,-1.311606885192914,2
-4.27831692550145,-1.308149104126727,2
-4.278366235109242,-1.3038061525176659,2
-4.2763202254345,-1.2991839128926976,2
-4.274870848077439,-1.2948463598219817,2
-4.273711528171356,-1.2913752193090797,2
-4.272535630189678,-1.289352583376342,2
-4.271343032812707,-1.2887791840613172,2
-4.268684904622063,-1.285314174124311,2
-4.267202623863216,-1.2838721051356892,2
-4.265737280084091,-1.2809793659558117,2
-4.262449348259626,-1.2801267701295806,2
-4.26307956134746,-1.2775118853920677,2
-4.262210723511323,-1.2749045953055553,2
-4.26193819447365,-1.272583943873423,2
-4.262261928739546,-1.2705502056097586,2
-4.261086652521369,-1.2685238179845673,2
-4.260814295353281,-1.2662021294992414,2
-4.26204099921914,-1.2638727853597853,2
-4.262671566156122,-1.2612557655127503,2
-4.262399365692653,-1.2589331314789174,2
-4.260917706697308,-1.2574873107978455,2
-4.260338906092192,-1.2557465552754064,2
-4.259164049438006,-1.2537176360203546,2
-4.257682506707379,-1.252271113803296,2
-4.255315593559917,-1.2496655315658067,2
-4.251756639084141,-1.2464831948411792,2
-4.249696781027229,-1.2432929889514774,2
-4.245524388683732,-1.2412758428231783,2
-4.242544108438377,-1.239835024160108,2
-4.241676665778874,-1.2372193156417577,2
-4.240502390448288,-1.235186888706771,2
-4.236637134075147,-1.2325846309012274,2
-4.235156031128456,-1.2311354550480456,2
-4.231254929350623,-1.231446433235213,2
-4.229448838501064,-1.2320385600337271,2
-4.228256746622872,-1.2314621105622408,2
-4.2267576249290695,-1.2314701322351436,2
-4.226161573934986,-1.2311819380009652,2
-4.224391480139754,-1.2288599137598286,2
-4.222314391913827,-1.2271221471521265,2
-4.223542693155833,-1.2247831645182465,2
-4.221158630719158,-1.2236295335377232,2
-4.219081684032888,-1.2218909128862094,2
-4.218503914645288,-1.220143935044586,2
-4.21583106355958,-1.2181162356135236,2
-4.213447082002711,-1.2169621166079665,2
-4.210448717295398,-1.216978891991321,2
-4.208353494057636,-1.2166990244456883,2
-4.204451745241359,-1.217013906833131,2
-4.2005683285814435,-1.2158697005974783,2
-4.196359024230825,-1.2167722262920346,2
-4.190975960158374,-1.215639213892004,2
-4.187688301303247,-1.2147849709812828,2
-4.185304036667061,-1.2136325600633455,2
-4.182035043597489,-1.2113172154262628,2
-4.177555176599451,-1.2098872245800418,2
-4.165250436709844,-1.2105644490737042,2
-4.166172997158132,-1.2088021596852307,2
-4.166191951077991,-1.207339319369689,2
-4.163807605561999,-1.2061873964767837,2
-4.161115694401689,-1.20562317789412,2
-4.159019839290446,-1.2053471230440653,2
-4.156308761900789,-1.2062470258426572,2
-4.153597593521349,-1.2071474776694124,2
-4.151790097385176,-1.2077480839028922,2
-4.148482625262263,-1.2083618665736982,2
-4.145463542444341,-1.2098521273186496,2
-4.142444338306717,-1.2113431201011533,2
-4.140040386777436,-1.2116579722256287,2
-4.137328672459313,-1.2125617182213624,2
-4.135213100125052,-1.213753109423111,2
-4.13371291182882,-1.2137675669261476,2
-4.132808946396256,-1.2140691816101707,2
-4.130693247687303,-1.2152613353510358,2
-4.128577488318495,-1.216453855110677,2
-4.125865379711318,-1.2173599802284496,2
-4.123768736021981,-1.21708868362248,2
-4.119863858168248,-1.2174224464784302,2
-4.116266657168568,-1.2171678339897198,2
-4.112977208847759,-1.2163243886328772,2
-4.10970714917576,-1.2140154798259353,2
-4.106725554633572,-1.212582591569669,2
-4.1037635206097836,-1.2096832028101066,2
-4.10051328431555,-1.2059062074185078,2
-4.096955249847557,-1.2027183194091204,2
-4.093397356919223,-1.1995295773559231,2
-4.090435868834115,-1.1966268944273803,2
-4.089859514843102,-1.194871376147658,2
-4.0883788567353445,-1.1934195161567906,2
-4.0866101075668695,-1.1910893784994574,2
-4.083628917423711,-1.1896540501180226,2
-4.077050142101793,-1.1879664273667885,2
-4.073472653270146,-1.1862443993278387,2
-4.068394399873656,-1.1845403059703,2
-4.065433477947186,-1.1816342068665175,2
-4.062184778369248,-1.177847938999271,2
-4.060704443780709,-1.1763941269082636,2
-4.057456037392059,-1.1726060899502677,2
-4.055688016141833,-1.1702715600676292,2
-4.052727700813898,-1.1673618007760922,2
-4.050672144551616,-1.164145638054885,2
-4.048308254286864,-1.1615218158817449,2
-4.046540617215708,-1.159184967880197,2
-4.043868387893504,-1.1571535167566829,2
-4.038748698275802,-1.158396394122338,2
-4.036364009020637,-1.157246545335827,2
-4.034000361395304,-1.1546212590875857,2
-4.0319032526470835,-1.1543527686255608,2
-4.029518583611873,-1.1532027978327921,2
-4.025920412054534,-1.1529540416444917,2
-4.02112976443993,-1.1521311541036159,2
-4.017552639567404,-1.1504069299520125,2
-4.013666751018446,-1.1492776389814665,2
-4.008897210748511,-1.146978917458517,2
-4.006490994584693,-1.147307434283947,2
-4.005585967604688,-1.14761545429654,2
-4.002583447697397,-1.1476573019660226,2
-3.9995808469102982,-1.147699637660537,2
-3.9965781652433954,-1.1477424613800906,2
-3.9953856891861292,-1.1471683300275117,2
-3.993288064829157,-1.1469029507250834,2
-3.991786658280864,-1.1469247591051985,2
-3.9890711072269873,-1.1478516557884912,2
-3.9851629082462665,-1.148205458172404,2
-3.9815418702084973,-1.1494431505106668,2
-3.978229671671981,-1.1500854521444062,2
-3.974917351815755,-1.1507284858156979,2
-3.970986827238299,-1.1525654730587576,2
-3.9673651623820465,-1.1538069475910397,2
-3.96493612523269,-1.155621638428956,2
-3.9634342536255165,-1.1556462529530158,2
-3.961601505054672,-1.1577477044515696,2
-3.962816089344191,-1.156839962512274,2
-3.962197925062865,-1.1580336720715305,2
-3.9615797607815395,-1.1592273816307888,2
-3.962197925062865,-1.1580336720715305,2
-3.9624852679853824,-1.158916463969554,2
-3.963103422156733,-1.1577228154134254,2
-3.962197925062865,-1.1580336720715305,2
-3.9627943450710585,-1.1583196396914914,2
-3.962507007203527,-1.1574368172919005,2
-3.9600995677326587,-1.1577727154959714,2
-3.9552845068113562,-1.1584456099604399,2
-3.952898725678825,-1.157302349511891,2
-3.951131280697208,-1.1549643424508869,2
-3.949363916595395,-1.152625847364849,2
-3.946403803466975,-1.1497148680107223,2
-3.9437309726012213,-1.147687046573406,2
-3.94074892311013,-1.1462569034579548,2
-3.938076168069191,-1.1442286244971616,2
-3.9369055727697315,-1.1421739924231247,2
-3.935160938663671,-1.138349872352764,2
-3.9325107872437925,-1.1348367309467626,2
-3.932246194536985,-1.1324681920581607,2
-3.9316722770500956,-1.1306979720242882,2
-3.930502076039682,-1.128640960828207,2
-3.9307051901649945,-1.115279120419924,2
-3.927988107449817,-1.1162152590772987,2
-3.925935326375841,-1.112982350997111,2
-3.9238826969515,-1.109748527869984,2
-3.9212340165330755,-1.1062265105086748,2
-3.9212569082884396,-1.104739909474283,2
-3.91915876832271,-1.1044776413314512,2
-3.9198008404119538,-1.101791199923312,2
-3.9201333804666145,-1.0997043279340506,2
-3.918654481494613,-1.0982418533986902,2
-3.9162929215792435,-1.0956039700042517,2
-3.917244864387248,-1.0923159155724012,2
-3.9160989300888875,-1.0887640069163513,2
-3.912855240003868,-1.0849475119985517,2
-3.9105408891057944,-1.0793278250941096,2
-3.9091092800308918,-1.074883059023703,2
-3.9064623890781522,-1.0713502441085172,2
-3.9044116805491775,-1.0681048303868295,2
-3.9029571089490815,-1.0651470923727224,2
-3.8997147483258594,-1.061322575543425,2
-3.896186530946533,-1.0566062993561012,2
-3.8947324496802533,-1.0536456026902226,2
-3.8926825701692813,-1.0503951867119348,2
-3.8912527556150547,-1.0459395925860857,2
-3.8901090859512326,-1.0423740192290811,2
-3.888631455781173,-1.0409038888009956,2
-3.8868680042399237,-1.0385417855039343,2
-3.884484568621737,-1.0373843723293952,2
-3.882696991908098,-1.036516312448489,2
-3.880623624153202,-1.0347560966892182,2
-3.8773585992490602,-1.0324168083239016,2
-3.874093635004778,-1.0300771539398088,2
-3.8711388902734125,-1.0271337819240483,2
-3.869375913901017,-1.0247688114799054,2
-3.867327409346734,-1.021510099076039,2
-3.8661604233085676,-1.0194336888848508,2
-3.865254400495969,-1.0197477177056768,2
-3.866470642821488,-1.0188299712531794,2
-3.8644471328974976,-1.0140719691640356,2
-3.863019668912603,-1.0096021918106342,2
-3.861592457677096,-1.005130889379,2
-3.8616671989285685,-1.0006344843982689,2
-3.8596448061568847,-0.9958697414633413,2
-3.8585036235470653,-0.9922891613365348,2
-3.856766981376735,-0.9884168182924888,2
-3.854720124748477,-0.9851481623785521,2
-3.854460192740426,-0.9827515010473551,2
-3.8538898845148353,-0.9809595028963347,2
-3.8527240459589063,-0.9788761688499772,2
-3.8515836519271858,-0.975290830479091,2
-3.8498224346905516,-0.9729152454904586,2
-3.848992836440363,-0.9687227123095319,2
-3.8493544201705614,-0.9651121188817253,2
-3.8485251757695185,-0.9609174505912712,2
-3.8467901259203536,-0.9570354995543706,2
-3.84655671009393,-0.9531303675669385,2
-3.8451068446874856,-0.9501442325961573,2
-3.8448220494788234,-0.9492460679095593,2
-3.843631251677513,-0.9486618100375264,2
-3.842181573305618,-0.9456745465088545,2
-3.8410686407382446,-0.9405750336891483,2
-3.840188608388541,-0.9393837640164655,2
-3.8381179096672042,-0.9376074434310677,2
-3.8366425896265746,-0.9361233737879449,2
-3.8342612366633677,-0.9349533939687742,2
-3.832812134560081,-0.9319626532617349,2
-3.831026165332567,-0.931084893883277,2
-3.8292664443723226,-0.9287002804315136,2
-3.826911501436001,-0.9260224704889737,2
-3.8254627835117887,-0.9230294116630198,2
-3.8234453648481086,-0.9182346551884901,2
-3.821401713082123,-0.9149466612825758,2
-3.8184520637784747,-0.9119725436896609,2
-3.8184786709498812,-0.9104635240052659,2
-3.8172882168877393,-0.9098771920268405,2
-3.816097762825599,-0.9092908600484115,2
-3.8166929898566693,-0.909584026037626,2
-3.817341532330312,-0.9068585426267557,2
-3.816462071194227,-0.9056638262772694,2
-3.815582630278092,-0.904468987921522,2
-3.815298401228068,-0.9035674070596844,2
-3.813228622514515,-0.901785535189525,2
-3.8129712432753102,-0.8993734705681824,2
-3.812402916604942,-0.897569515803827,2
-3.8112394791682203,-0.8954716935142706,2
-3.8082637231369567,-0.8940035759508511,2
-3.8074114606058576,-0.8912962712339088,2
-3.8056801362827066,-0.8873918405438701,2
-3.803299672997351,-0.8862164924493268,2
-3.802758822956296,-0.8828982717314577,2
-3.800716793841392,-0.8796004868232963,2
-3.7977686711440626,-0.8766171577578596,2
-3.7941982491853743,-0.8748524885315554,2
-3.7915615490880636,-0.8712581824620713,2
-3.7892363019207025,-0.8670527163791437,2
-3.7862886948321286,-0.8640662761541194,2
-3.7830575310069072,-0.8601741983591609,2
-3.7821788584489227,-0.8589747237655896,2
-3.7809888492257073,-0.8583857076494734,2
-3.7777024440075593,-0.8575239003507225,2
-3.775350210544701,-0.854829741569537,2
-3.7732816399732343,-0.8530405798254286,2
-3.7709295733249775,-0.8503454144926099,2
-3.7682381626084585,-0.8497781762550467,2
-3.766792684931435,-0.8467655659261641,2
-3.763817813523037,-0.8452921105889359,2
-3.7608710657823927,-0.8423004850979225,2
-3.7594259166795734,-0.8392858921673394,2
-3.7573577100672324,-0.8374945343105775,2
-3.755912763163929,-0.8344787213174083,2
-3.751776633018558,-0.8308942975162665,2
-3.749425390333311,-0.8281941604284118,2
-3.746791055970297,-0.8245855796266817,2
-3.7453180966089743,-0.8230872657528732,2
-3.7408421219515517,-0.8216337887018828,2
-3.7357711780674396,-0.8198855900818849,2
-3.732825441324355,-0.8168878642779447,2
-3.731352618447705,-0.8153887268618956,2
-3.7286900694271576,-0.8132988652421069,2
-3.7268765578554905,-0.8139357683375028,2
-3.7235902132971948,-0.8130735950199757,2
-3.7200208528859484,-0.8113025204650999,2
-3.717075419442134,-0.8083029645672823,2
-3.7135061196907415,-0.8065315239936268,2
-3.709341936647448,-0.8044648433243644,2
-3.7058018827711017,-0.8011684612495777,2
-3.7031396067198976,-0.7990769525453043,2
-3.6992876550746754,-0.7963944146216466,2
-3.6963133397149406,-0.7949176041123085,2
-3.692149298211307,-0.7928500693992362,2
-3.6903942581697784,-0.790437211498622,2
-3.6874496133040626,-0.7874328973567231,2
-3.684192822975069,-0.7850439219426217,2
-3.681530926047948,-0.7829501256209976,2
-3.6794937143364326,-0.7796232727217376,2
-3.6774566542745504,-0.7762955047755451,2
-3.6733230010732107,-0.7726961352077293,2
-3.6709438318647365,-0.7715129787126411,2
-3.6685646626562622,-0.770329822217553,2
-3.6658730497402328,-0.7697638040425758,2
-3.6628990629547022,-0.7682850109315336,2
-3.6587354814549613,-0.7662147005760822,2
-3.6545416279176504,-0.7656755235393824,2
-3.6488454427692734,-0.7651637366691268,2
-3.6458409615267104,-0.7652174189456868,2
-3.6425541771844756,-0.7643578992642848,2
-3.638108135880442,-0.7613753324993695,2
-3.636323637654378,-0.7604886971656022,2
-3.633036772432341,-0.7596296655092338,2
-3.6300932093340172,-0.7566188240325058,2
-3.6280573422492566,-0.7532838577170544,2
-3.62480125456357,-0.750890642585464,2
-3.62185804531439,-0.7478776659992104,2
-3.618038241107218,-0.7436526786763213,2
-3.616879641293835,-0.7415256663894088,2
-3.614218679539462,-0.7394262272783294,2
-3.611557768334965,-0.7373264831516035,2
-3.6076762422404904,-0.7361708693307794,2
-3.605297174131774,-0.7349871028043999,2
-3.6026051113218287,-0.7344237992686704,2
-3.599036478828829,-0.7326483324884858,2
-3.5963756687240878,-0.7305479783304669,2
-3.5924939859249907,-0.7293933100581498,2
-3.586827911054577,-0.7273513659192083,2
-3.5832907941261496,-0.7240372624353668,2
-3.5803485756545808,-0.7210183075424457,2
-3.578314442430642,-0.7176728791903262,2
-3.576906945647602,-0.713082620656623,2
-3.5757493113368923,-0.7109497825708679,2
-3.573683763648134,-0.709142380891107,2
-3.5734661244386743,-0.7051420535204613,2
-3.571119380692581,-0.7024147700400825,2
-3.568146051055468,-0.7009320117256426,2
-3.566988770593902,-0.6987970385303619,2
-3.564610147324114,-0.6976105878662917,2
-3.564047613669775,-0.6957716783088674,2
-3.558350159719458,-0.6952675473313334,2
-3.55597151622972,-0.6940812186735243,2
-3.554219812480147,-0.6916482297402489,2
-3.550370762397929,-0.6889481839184928,2
-3.546521783085538,-0.6862477110748344,2
-3.542326797230956,-0.6857153663886137,2
-3.5387588926561975,-0.6839355073831186,2
-3.535753046566928,-0.6839974250821328,2
-3.5321850813323152,-0.6822179320954138,2
-3.52921177697014,-0.6807350212731507,2
-3.5265521750074864,-0.6786273772411846,2
-3.5226705073733555,-0.6774726174641739,2
-3.519978110934213,-0.6769113270317124,2
-3.516691003072756,-0.6760537594504434,2
-3.514874084439306,-0.6767112206004029,2
-3.514906990125528,-0.675164195966472,2
-3.5107113167926,-0.6746359994930433,2
-3.5077379113306684,-0.6731536987020732,2
-3.5044175793187637,-0.6738450773533042,2
-3.502600428155871,-0.6745039415752352,2
-3.4998415682508615,-0.6770406351124674,2
-3.4973965067901425,-0.6789520159102693,2
-3.495265274103641,-0.6802379009592503,2
-3.4910026267510776,-0.6828107691135408,2
-3.4888712120850176,-0.6840977522188503,2
-3.487367636946953,-0.6841326457701928,2
-3.4855831842157805,-0.683245735922343,2
-3.4847075244305312,-0.6820280823962506,2
-3.4822951057966662,-0.6823940246414857,2
-3.4792877937609266,-0.6824647877942382,2
-3.475966369871651,-0.6831627547834351,2
-3.4720499615907254,-0.6835660917083111,2
-3.4672244368446528,-0.6843021244115697,2
-3.463307684824551,-0.6847075354428398,2
-3.459985694776641,-0.6854089186072727,2
-3.457258512195814,-0.6864059993907823,2
-3.456696969319088,-0.684561111526687,2
-3.455473725835448,-0.6855211026462005,2
-3.4533747619067015,-0.6852638062584013,2
-3.4491432813245506,-0.6863001423169965,2
-3.446729983122811,-0.6866713918344747,2
-3.44550657282457,-0.6876323895056213,2
-3.4442496805715006,-0.6901438889890645,2
-3.445753882528054,-0.690105213243708,2
-3.4475722671079705,-0.6894389066400066,2
-3.448514875637919,-0.6875556480461995,2
-3.44550657282457,-0.6876323895056213,2
-3.4472580642646538,-0.6900666595046072,2
-3.449357205117975,-0.6903228883376489,2
-3.44939061124799,-0.6887728440488221,2
-3.4494240375979537,-0.687222677753736,2
-3.4494574841678673,-0.6856723894523924,2
-3.4485483272628237,-0.6860053292432919,2
-3.448762225781307,-0.6900282277717693,2
-3.4502663670780045,-0.6899899180451854,2
-3.448514875637919,-0.6875556480461995,2
-3.448862535161128,-0.6853775458771239,2
-3.4491432813245506,-0.6863001423169965,2
-3.450299768153034,-0.6884399042579226,2
-3.450299768153034,-0.6884399042579226,2
-3.4499855804746797,-0.6890675656178331,2
-3.4499855804746797,-0.6890675656178331,2
-3.4481672464446405,-0.689733567205888,2
-3.4466965213879313,-0.6882217716405137,2
-3.4457873290979713,-0.6885549249423644,2
-3.44550657282457,-0.6876323895056213,2
-3.4455400547794017,-0.6860818876933266,2
-3.445854282897658,-0.6854539823209009,2
-3.4452593237809435,-0.685159199748762,2
-3.445292841120688,-0.683608484425509,2
-3.4453263786803827,-0.6820576470960056,2
-3.4432608865964944,-0.6802499098990396,2
-3.4432608865964944,-0.6802499098990396,2
-3.4426659527547194,-0.6799549748190756,2
-3.442351684196561,-0.6805831242040163,2
-3.4411618064030307,-0.6799933150472199,2
-3.43846775192789,-0.6794420291279604,2
-3.4348643838430792,-0.6792246285480985,2
-3.433045807173624,-0.6798920942112563,2
-3.4321702232131877,-0.6786739831616959,2
-3.4316090139656605,-0.6768270821943343,2
-3.431047845158032,-0.6749799372144558,2
-3.430138536603353,-0.6753137920522931,2
-3.4304529062612676,-0.6746850326360594,2
-3.428353704748094,-0.6744291698217957,2
-3.427444370918476,-0.6747631771674545,2
-3.4253451188554287,-0.6745076193688373,2
-3.4223364520829556,-0.6745865569409109,2
-3.419013258947949,-0.6752951994777305,2
-3.4156899444932307,-0.6760045740520919,2
-3.4135904801206944,-0.6757502973191887,2
-3.4108959808066217,-0.6752016955376163,2
-3.408830483667744,-0.6733939888422107,2
-3.406135943913771,-0.6728456310731552,2
-3.4094595262828413,-0.6721346399158641,2
-3.4052263927196798,-0.6731809499860955,2
-3.4037559254673475,-0.6716675988409246,2
-3.401375907020922,-0.6704895666086941,2
-3.398681286387145,-0.6699416968646705,2
-3.395111228387579,-0.6681748315257128,2
-3.393080153431269,-0.6648109497269896,2
-3.3894758147887973,-0.6645994054475395,3
-3.389790497855957,-0.663968754934297,3
-3.3886004987427203,-0.6633796778150547,3
-3.38702703285705,-0.6665332353969102,3
-3.3879367458107534,-0.6661969404339025,3
-3.3828618590361472,-0.6644725330343171,3
-3.3801670109279165,-0.6639260358607046,3
-3.379571981041371,-0.6636316803104698,3
-3.3774721223797854,-0.6633797826996073,3
-3.37481174194901,-0.6612768359085912,3
-3.371836592516283,-0.6598050581574189,3
-3.3676713833104657,-0.6577445693057768,3
-3.3658862936508314,-0.6568615026550759,3
-3.365851593443937,-0.6584193553444493,3
-3.3643119431422903,-0.6600203980107437,3
-3.363402012824114,-0.6603580045410311,3
-3.3622118923911675,-0.6597696594593376,3
-3.3607416121733866,-0.6582551797562761,3
-3.3595862778821264,-0.6561084634586081,3
-3.3572409343676597,-0.6533727310448327,3
-3.354230872418551,-0.6534600870487441,3
-3.3509406607945795,-0.6526212474281632,3
-3.349715627845253,-0.653592036101557,3
-3.3595862778821264,-0.6561084634586081,3
-3.3578359693091926,-0.6536670560935018,3
-3.3536358273670412,-0.6531658230032029,3
-3.351535710901077,-0.6529154809721387,3
-3.349435564105182,-0.6526653219504599,3
-3.3464253100665413,-0.6527538370138313,3
-3.344010050529521,-0.6531369211383904,3
-3.3403695406787097,-0.6544921055036212,3
-3.3379191007109554,-0.6564359399661885,3
-3.3376740859719405,-0.6539492685177635,3
-3.3373590136707207,-0.654582267651481,3
-3.3370789853155642,-0.6536553399894327,3
-3.3361688022479967,-0.6539944715979527,3
-3.332843071509103,-0.6547184259202083,3
-3.3298323423016036,-0.6548098081306595,3
-3.328046949342699,-0.6539285715738323,3
-3.3262967418695197,-0.6514865541774277,3
-3.3253864577021925,-0.6518262958172407,3
-3.3229707229963257,-0.6522122470888743,3
-3.322060403444084,-0.6525522022396384,3
-3.319995042789877,-0.6507436720019868,3
-3.318489556866419,-0.6507900951447638,3
-3.3181743430255413,-0.6514239483222912,3
-3.3181743430255413,-0.6514239483222912,3
-3.3181743430255413,-0.6514239483222912,3
-3.3181743430255413,-0.6514239483222912,3
-3.3175439153437853,-0.6526916546773478,3
-3.3184190241353626,-0.6539126328739844,3
-3.317753390747928,-0.6567412420748795,3
-3.3162478188896802,-0.6567881837442524,3
-3.3135165872636154,-0.6578096962810331,3
-3.3122556914601997,-0.6603453530036649,3
-3.310714782466592,-0.6619539905595531,3
-3.307703335450821,-0.6620497039921762,3
-3.304026007353219,-0.6649755212023631,3
-3.301574354188391,-0.6669266760404433,3
-3.3016448970294263,-0.6638040773080913,3
-3.3019248950546523,-0.6647311879795268,3
-3.3024849214350365,-0.6665852263130123,3
-3.301259079687659,-0.6675608952367487,3
-3.2994379047544697,-0.6682440387041257,3
-3.297301394660696,-0.6695617673865843,3
-3.293378794019697,-0.6700024687281374,3
-3.290611456900127,-0.672590313389259,3
-3.2872839316405624,-0.6733250957669643,3
-3.2839562850612936,-0.6740606101822202,3
-3.283640914515793,-0.6746954089082529,3
-3.2818193452935507,-0.6753809314976706,3
-3.280908545517468,-0.6757237842970785,3
-3.2784914864047945,-0.676117726978644,3
-3.277265245313382,-0.6770958055259868,3
-3.274252635650413,-0.6771985343184728,3
-3.271239945107645,-0.6773017511359978,3
-3.2681917202849906,-0.6789678534010584,3
-3.265529808192909,-0.6768741485841296,3
-3.2658808090630593,-0.6746758848808305,3
-3.2686136178453236,-0.6736448558558852,3
-3.2695245338861234,-0.673301301520496,3
-3.267142776523892,-0.6721337618264993,3
-3.264374387966857,-0.6747279508130628,3
-3.2631479092910176,-0.6757074629339428,3
-3.262201388200504,-0.6776143297387751,3
-3.262516895230675,-0.6769787074704983,3
-3.260414918529193,-0.6767395900152167,3
-3.257401874137278,-0.6768449419422637,3
-3.2537576235954777,-0.6782226974653227,3
-3.249833258763733,-0.6786740438529328,3
-3.245593129097438,-0.6797625680886146,3
-3.241352797231629,-0.6808523123868824,3
-3.237112263166308,-0.681943276747738,2
-3.232591604701069,-0.6821078929762692,2
-3.22898210997103,-0.6819274602927461,2
-3.2271952460106714,-0.6810550996912248,2
-3.2250926323807274,-0.6808198254330886,2
-3.224217139410076,-0.6796011653553666,2
-3.2217987255606655,-0.6800032824562532,2
-3.219100404675812,-0.6794777398575427,2
-3.215138781813339,-0.6815023727262286,2
-3.2114927923557346,-0.6828906207875214,2
-3.2078466411385183,-0.6842798448988852,2
-3.2045162042059765,-0.685032196177815,2
-3.201221716062319,-0.6842191608809127,2
-3.197331449893918,-0.6831162842653384,2
-3.1955442674693266,-0.6822458452623934,2
-3.1943528125196003,-0.6816655525937652,2
-3.193757085044737,-0.6813754062594484,2
-3.1907784476704197,-0.6799246745878751,2
-3.1868880652372997,-0.6788224995082892,2
-3.183033990497197,-0.6761527722417764,2
-3.1797757089467993,-0.673772794789242,2
-3.176517488056259,-0.6713924513179261,2
-3.1738916157428374,-0.6677328108970002,2
-3.1712659254089814,-0.6640720724197422,2
-3.1686036897976777,-0.6619803197029466,2
-3.1656252798978155,-0.6605282154609657,2
-3.163521993954488,-0.6602969979109208,2
-3.160506725367936,-0.6604157705264129,2
-3.157528239643254,-0.6589641238078947,2
-3.154866064691804,-0.6568720050723282,2
-3.153395314360157,-0.6553603620147754,2
-3.160021619448031,-0.6554127191056001,2
-3.155778062499998,-0.6565219234021047,2
-3.152799627325196,-0.6550699716679436,2
-3.1510495816116233,-0.6526269782214733,2
-3.149895283592869,-0.6504740091030605,2
-3.1484246646909,-0.6489615730048257,2
-3.145762762708795,-0.6468678071847691,2
-3.1419096079764746,-0.6441925286334929,2
-3.136865230823865,-0.6409355543416169,2
-3.133849628608118,-0.6410563400603682,2
-3.1308339455125616,-0.6411776138041549,2
-3.1287678266101846,-0.6393736588012011,2
-3.125193856050055,-0.6376304016732703,2
-3.1222531035249528,-0.6346026013266002,2
-3.1186791936246756,-0.6328589781798915,2
-3.1175632252940595,-0.6291262562486999,2
-3.1149017529859186,-0.6270298977956497,2
-3.110415648132925,-0.625637545880183,2
-3.109262224627056,-0.6234792999910841,2
-3.1077921112238727,-0.6219638137363912,2
-3.1063220281506148,-0.6204481444723076,2
-3.106955559594887,-0.6191617101565665,2
-3.105764357394552,-0.6185798924097039,2
-3.1036607630969737,-0.6183505354551055,2
-3.101835948572557,-0.6190556400490212,2
-3.09913666218503,-0.6185359232491532,2
-3.0970710184515067,-0.6167291010991249,2
-3.093497320860717,-0.6149841968867005,2
-3.0902023423832414,-0.6141741202415698,2
-3.087224235782644,-0.6127201859057045,2
-3.0839291814803502,-0.6119105667840419,2
-3.0830548865418077,-0.6106846778354971,2
-3.083093190955015,-0.6091050775305415,2
-3.083410153821676,-0.6084606708116489,2
-3.082497579744871,-0.6088142296602399,2
-3.0807491111874956,-0.606361719725605,2
-3.0783667067868237,-0.6051980842318816,2
-3.0762628799598044,-0.6049701303492512,2
-3.0732848491840272,-0.603515738489925,2
-3.070585355541997,-0.6029972722542052,2
-3.0670116882811342,-0.6012521850323953,2
-3.06367788472671,-0.6020248503533772,2
-3.061295379226282,-0.600861824890945,2
-3.0588741901885648,-0.601280687350819,2
-3.0552229435436367,-0.6027006570393283,2
-3.0503801812891265,-0.6035407000779838,2
-3.0467285706850777,-0.6049628658791502,2
-3.0433940442673943,-0.6057398929238698,2
-3.0409723851158095,-0.6061615920292507,2
-3.038032633478295,-0.6031277523727887,2
-3.0337848050655616,-0.6042627304914063,2
-3.0298151902673585,-0.6063355863337776,2
-3.026201676822012,-0.6061794023941385,2
-3.0225490754403506,-0.607607546501967,2
-3.0195701347667647,-0.6061586449242693,2
-3.0162346984512762,-0.606941162250628,2
-3.01317751619022,-0.6086613132882164,2
-3.0098418321803315,-0.6094453251912402,2
-3.008054316126543,-0.6085768992915614,2
-3.0053143191516156,-0.6096513015414153,2
-3.004440115202854,-0.6084248635647089,2
-3.0029309037533807,-0.6084937663606169,2
-3.0029309037533807,-0.6084937663606169,2
-2.9980856038949923,-0.6093491211847208,2
-2.9962979816864586,-0.6084813358178955,2
-2.9962587471554976,-0.6100665484107441,2
-2.995941192855261,-0.6107145238126996,2
-2.9947101849103444,-0.6117213653354874,2
-2.9953453036207893,-0.6104253535284521,2
-2.9934791567454724,-0.6127283288645344,2
-2.994114285565894,-0.6114322560543695,2
-2.9928440279250488,-0.6140244016747012,2
-2.9934791567454724,-0.6127283288645344,2
-2.9891900111467997,-0.6154610862206322,2
-2.9901427650372856,-0.6135166109866077,2
-2.9868062520093943,-0.6143056251462298,2
-2.9850184326563394,-0.6134390293404284,2
-2.981999393048879,-0.6135805561231322,2
-2.978662612106632,-0.6143711868656805,2
-2.976278751869474,-0.6132163358225711,2
-2.9729417889476615,-0.6140080646214443,2
-2.96960470470615,-0.6148005254578717,2
-2.968173947153632,-0.611699094572776,2
-2.9657900262566166,-0.6105446095484428,2
-2.963366532144457,-0.6109773807217884,2
-2.9606647738678866,-0.6104725791870269,2
-2.958916426630225,-0.6080193372148397,2
-2.957207869972178,-0.6039775274776922,2
-2.9538704217715406,-0.6047721844267748,2
-2.952758032372296,-0.601017867387819,2
-2.9494603242014,-0.6002242615875879,2
-2.9461625654806287,-0.5994309608029997,2
-2.943500673608497,-0.5973371339798135,2
-2.9411968393695016,-0.5930024632691016,2
-2.936309029348047,-0.5954627956999321,2
-2.9342431631950614,-0.5936573156187475,2
-2.930349277655388,-0.5925762781234507,2
-2.928879432166557,-0.5910591752858299,2
-2.924985501131994,-0.5899784123046192,2
-2.922323760909496,-0.5878836704344916,2
-2.920020604038868,-0.5835449125141174,2
-2.920020604038868,-0.5835449125141174,2
-2.9197024380851087,-0.5841965786053933,2
-2.9182731768089862,-0.5810861192571668,2
-2.9150157546065145,-0.5787009565386416,2
-2.911399597402541,-0.5785607249173044,2
-2.910485405729638,-0.5789240442665751,2
-2.9096117628845235,-0.5776942206161966,2
-2.9108442115009705,-0.5766786861474866,2
-2.909652342042241,-0.5761008946071566,2
-2.9075462606906584,-0.5758865444223549,2
-2.906354381121959,-0.5753088138851545,2
-2.904248259330469,-0.5750947077128732,2
-2.9015054720022686,-0.5761859468264063,2
-2.8991216319850572,-0.5750309737770358,2
-2.89518674266869,-0.575545824422214,2
-2.8922068668223577,-0.5741025656339716,2
-2.8885901636797016,-0.5739656281816128,2
-2.886165350215725,-0.5744063602633265,2
-2.882548465093505,-0.5742705208672962,2
-2.881037989897079,-0.5743470490543636,2
-2.8786539476803537,-0.573193296067581,2
-2.875992404602382,-0.5710973646364312,2
-2.873330912074289,-0.569001128189635,2
-2.8727760013415704,-0.5671162222727428,2
-2.8707106053024507,-0.5653079055460459,2
-2.8692412299274856,-0.5637879660629164,2
-2.8662613288062175,-0.5623448597824989,2
-2.8626854474606933,-0.5606131322459973,2
-2.860065565307833,-0.556917347470975,2
-2.8580418150288587,-0.5535092689051009,2
-2.855699499452088,-0.5507552660541055,2
-2.8527613553006983,-0.54771172690009,2
-2.8497817069288196,-0.5462670955414417,2
-2.8464832607297,-0.5454779429696472,2
-2.843461885717872,-0.5456335614752099,2
-2.840121591559095,-0.5464453908051752,2
-2.837100034567703,-0.5466021073670664,2
-2.834993250572815,-0.5463919968997502,2
-2.8310984955752367,-0.5453162056735721,2
-2.8275226142297143,-0.5435844781370722,2
-2.8233507526599375,-0.5415641293444864,2
-2.8212858216796945,-0.5397530064738447,2
-2.8194978961718995,-0.5388870512009003,2
-2.8177099706640973,-0.5380210959279541,2
-2.814411049296126,-0.5372348105032323,2
-2.8111120773782794,-0.5364488300941588,2
-2.8084822788199144,-0.5354145566354731,2
-2.8060803051242384,-0.535350244032859,2
-2.803303057156148,-0.5343881556305234,2
-2.8015955418265044,-0.5345646606000933,2
-2.797805253158586,-0.5340199275697017,2
-2.7940151271284606,-0.5334755228410888,2
-2.7919892083665925,-0.5343105618867607,2
-2.789269221569395,-0.5349055712845203,2
-2.7864924289871222,-0.5339444021271778,2
-2.785479664771538,-0.5343623156121531,2
-2.7827600845688174,-0.5349581457643744,2
-2.780677636506125,-0.534237564367972,2
-2.7765701153980853,-0.5343537291865186,2
-2.774169426540965,-0.5342920101679987,2
-2.7696865823691788,-0.5335103006962854,2
-2.7655798419225377,-0.5336280413633947,2
-2.7604613456146296,-0.5341657309865369,2
-2.7556613991129524,-0.5340451820051975,2
-2.752567618047248,-0.5337454031494708,2
-2.7490978471028473,-0.5325464039661743,2
-2.747333753681044,-0.5311671900031438,2
-2.744934121969571,-0.5311076049462216,2
-2.741464351025172,-0.5299086057629268,2
-2.7379945800807732,-0.5287096065796302,2
-2.7354772383268084,-0.5255293912075398,2
-2.7333952293861543,-0.5248096962259545,2
-2.7323246185036343,-0.5236693300244131,2
-2.7309365800156424,-0.5231894677096669,2
-2.728854522283651,-0.5224696742375485,2
-2.7264551995839845,-0.5224107129540112,2
-2.7236791876631123,-0.5214511196452314,2
-2.720526291355691,-0.5195905003490715,2
-2.717433160841157,-0.5192920347004826,2
-2.7129521870039763,-0.5185141006992922,2
-2.7104931310389837,-0.5168930514285375,2
-2.707777437879491,-0.5174967279934002,2
-2.7063291131576843,-0.5154536614653722,2
-2.704186557762746,-0.5131702369876532,2
-2.701727078939493,-0.5115483341322644,2
-2.697562768310167,-0.5101083532258865,2
-2.6930208576880013,-0.5077659018042766,2
-2.6891728036720437,-0.5056630532382549,2
-2.6860186550536262,-0.5037999060183544,2
-2.6839979732286583,-0.5046455163814727,2
-2.681599577564402,-0.5045884264181026,2
-2.679579155959903,-0.5054345620640746,2
-2.6778749909687747,-0.5056178300503991,2
-2.6751608266045217,-0.5062245926520301,2
-2.6707429851625193,-0.5070156081453394,2
-2.6670195045038714,-0.5080472442297683,2
-2.6636743557081264,-0.5099828281874572,2
-2.658942111723576,-0.5114404539807484,2
-2.656291551404099,-0.5136171181520552,2
-2.653956987477521,-0.515130389380861,2
-2.6519383223611737,-0.5159800706861013,2
-2.648217021048941,-0.5170161060144327,2
-2.644811683602052,-0.5173886827399166,2
-2.6417845641716085,-0.5186649775274077,2
-2.6400821394048517,-0.5188517583428212,2
-2.6391356627576066,-0.5208449903769097,2
-2.6391980470189367,-0.5224124296832038,2
-2.6381891861103597,-0.5228382224109964,2
-2.6375582016788623,-0.5241670437670578,2
-2.6372427094631163,-0.5248314544450867,2
-2.6339010248523387,-0.5267740312307794,2
-2.6325769319484777,-0.5278647599194581,2
-2.6332701380035157,-0.5281030495679069,2
-2.6332701380035157,-0.5281030495679069,2
-2.630559730572257,-0.5287173959407525,2
-2.627849518306352,-0.5293321362757322,2
-2.627471706884389,-0.5284292389681831,2
-2.625076954306671,-0.5283795029647766,2
-2.6226822993116308,-0.528329963942447,2
-2.620665650903902,-0.5291837161898059,2
-2.61827122360177,-0.5291346367899727,2
-2.6141757051627756,-0.5292750302801856,2
-2.610458518586677,-0.5303193716436567,2
-2.606048776506711,-0.5311267365658114,2
-2.603025316426585,-0.5324104181434475,2
-2.59962410997961,-0.532791333734238,2
-2.5959084196712006,-0.5338386954741221,2
-2.5914368788259523,-0.5330798029764079,2
-2.5873437511624964,-0.5332250225028403,2
-2.5845726834305047,-0.5322754095683031,2
-2.58110884876551,-0.5310883934001254,2
-2.580037701178277,-0.5299469438026936,2
-2.577266568391165,-0.5289971995474385,2
-2.5757524602781725,-0.525379832205827,2
-2.572981067270595,-0.5244295626677182,2
-2.5698955482047197,-0.5241464615426246,2
-2.5658032987853456,-0.5242934538986965,2
-2.5617113746415505,-0.5244411028583311,2
-2.5586264085441677,-0.5241591179593037,2
-2.554469904528851,-0.5227348955385622,2
-2.550313400513538,-0.5213106731178208,2
-2.5458432908808586,-0.5205546696758034,2
-2.54137337641353,-0.5197990601959255,2
-2.5369036571115533,-0.5190438446781922,2
-2.532120820105586,-0.5189578330445332,2
-2.5276515887169833,-0.5182036024321519,2
-2.5238751893165006,-0.5176869063741147,2
-2.521863712790555,-0.5185510986182091,2
-2.519785899904935,-0.5178398738226555,2
-2.5186470985919076,-0.5151203479411262,2
-2.5168153026529794,-0.5121629592034598,2
-2.5139775082306084,-0.5096371413049887,2
-2.5128377310908316,-0.5069156456127502,2
-2.511004829214915,-0.5039560244229531,2
-2.507540669274338,-0.5027683516512091,2
-2.504769341321879,-0.5018182134338112,2
-2.503315942300958,-0.49976490389012085,2
-2.4989142182641366,-0.5005884540902326,2
-2.4958305532690908,-0.5003090956054752,2
-2.4930593554268636,-0.4993592200295094,2
-2.4912249735470375,-0.49639661129347523,2
-2.488385113624709,-0.4938666239623437,2
-2.4842278289479935,-0.49244082569304126,2
-2.4797585487680536,-0.4916864965901233,2
-2.476294226189683,-0.49049849551659186,2
-2.471825222493992,-0.48974472452670703,2
-2.4676681329826238,-0.4883193202195404,2
-2.4642038917231517,-0.48713148329690625,2
-2.462055644005499,-0.4848365682567408,2
-2.4599770016671414,-0.4841236691220878,2
-2.4572054785493265,-0.48317313694255226,2
-2.4541225616881217,-0.48289528864600584,2
-2.4499653745940826,-0.4814696873577695,2
-2.4485092757858187,-0.47941092800446583,2
-2.4456671226706224,-0.4768763116181738,2
-2.4408166156750895,-0.47521219087024136,2
-2.4389778588386637,-0.47224075081621564,2
-2.437902856735761,-0.47109152046650493,2
-2.437831738825002,-0.4695064513543983,2
-2.435752657364606,-0.46879266580492995,2
-2.4343666030576756,-0.4683168087719505,2
-2.431594494443811,-0.46736509470598975,2
-2.427818648011815,-0.4668495148740224,2
-2.4260502772160866,-0.46546166657407007,2
-2.424281808837682,-0.46407362129305163,2
-2.422130731222447,-0.461772993801846,2
-2.417972275553627,-0.4603448317596932,2
-2.413741417135494,-0.4573290070213467,2
-2.411589526331305,-0.4550267380212212,2
-2.41044077158541,-0.45228712007050653,2
-2.4086713761715917,-0.4508972034693155,2
-2.4068288786659497,-0.44791821247425645,2
-2.4043659031301736,-0.44628925113050855,2
-2.402669349587704,-0.4464878836403283,2
-2.4019027974841585,-0.4446600271453356,2
-2.399586383935164,-0.44620993685324883,2
-2.3979633553427764,-0.4479984973415725,2
-2.3958837859689996,-0.44728372688675044,2
-2.392727636905745,-0.4454165415549092,2
-2.3896450778476837,-0.4451394155222843,2
-2.388568400575524,-0.44398680366419363,2
-2.38718198846545,-0.44351022436728726,2
-2.3858694753723775,-0.44462432814299113,2
-2.3830967812624646,-0.4436714321906088,2
-2.3796309136250713,-0.4424803122501295,2
-2.376165045987678,-0.441289192309652,2
-2.3720060048228078,-0.43985984838107584,2
-2.3691586310344945,-0.43731469350752583,2
-2.3663109319705953,-0.43476888203040254,2
-2.364156178741263,-0.4324608349188743,2
-2.362310200786876,-0.4294748182656374,2
-2.360154862061494,-0.4271655892676893,2
-2.358074804774347,-0.4264498339075171,2
-2.3553013950581487,-0.425495493427281,2
-2.352219193803233,-0.42521908965858657,2
-2.348828396174939,-0.4256210165635608,2
-2.345746520195606,-0.425345269398429,2
-2.344668574348667,-0.42419009678642183,2
-2.3412782321061965,-0.42459294293639616,2
-2.338196648874886,-0.4243177867144752,2
-2.3391984187757355,-0.42387768002889636,2
-2.3412020561601103,-0.4229976636388102,2
-2.338813646456277,-0.42296073140498436,2
-2.3378118765554277,-0.42340083809056495,2
-2.3364253343351216,-0.42292399615223175,2
-2.335038792114812,-0.42244715421389856,2
-2.3357320632249667,-0.42268557518306515,2
-2.335038792114812,-0.42244715421389856,2
-2.3340371197966387,-0.4228874578805488,2
-2.3340371197966387,-0.4228874578805488,2
-2.33265061010389,-0.42241068160257456,2
-2.3295692870930473,-0.4221360506635108,2
-2.326179855622213,-0.4225407353034729,2
-2.3251784272607274,-0.42298153142279915,2
-2.3251784272607274,-0.42298153142279915,2
-2.323792047678209,-0.42250501778624994,2
-2.3234070314020627,-0.42158757670966196,2
-2.3227138253470265,-0.42134928706121144,2
-2.3230988578869507,-0.42226676096797355,2
-2.3227138253470265,-0.42134928706121144,2
-2.323715204917173,-0.4209083924513486,2
-2.324100237457099,-0.42182586635811425,2
-2.323021982598359,-0.4206700699727204,2
-2.321635537960727,-0.42019342501545687,2
-2.321327413236954,-0.4208727077643051,2
-2.321327413236954,-0.4208727077643051,2
-2.3209423156419113,-0.4199551025368251,2
-2.321327413236954,-0.4208727077643051,2
-2.320634207181918,-0.420634418115851,2
-2.3209423156419113,-0.4199551025368251,2
-2.321327413236954,-0.4208727077643051,2
-2.321019288513181,-0.4215519905131533,2
-2.321019288513181,-0.4215519905131533,2
-2.3167831876123515,-0.42559288873401435,2
-2.3140108838331397,-0.4246407807059178,2
-2.3122396180847105,-0.42324708863420746,2
-2.309775146281247,-0.42161510691404835,2
-2.308311517343217,-0.41954114718813607,2
-2.3058467365279505,-0.41790854169458846,2
-2.303381825602445,-0.4162756735596105,2
-2.300609131492532,-0.41532277760722813,2
-2.2978364373826174,-0.4143698816548458,2
-2.2957569168001832,-0.41365520969056035,2
-2.2922910491627917,-0.4124640897500811,2
-2.2877461785328137,-0.4101156632359988,2
-2.2859739044300778,-0.40871993569323095,2
-2.284894755063478,-0.40756233364802164,2
-2.284430001073602,-0.40504242346477604,2
-2.2826573691677225,-0.40364597365808486,2
-2.2818850922139013,-0.40180656094028855,2
-2.281419801519313,-0.3992855673611544,2
-2.2813406330378534,-0.3976842473107407,2
-2.278874063206871,-0.39604803049756754,2
-2.277794230761547,-0.3948890495848669,2
-2.2764073632656583,-0.394411551042964,2
-2.274554343094879,-0.3914113189224775,2
-2.274474637908705,-0.389808915476177,2
-2.2723142248842176,-0.38748944346256486,2
-2.2709271296954157,-0.3870114852981654,2
-2.2694599715173034,-0.38493040142354396,2
-2.268379521048372,-0.3837701729640628,2
-2.2659920709075116,-0.38373517771076493,2
-2.2629914939647087,-0.3850650513494198,2
-2.2595238373116064,-0.383870320089315,2
-2.259136820590621,-0.3829488409007844,2
-2.2583626895659723,-0.3811056855426518,2
-2.256894815781573,-0.3790231571401783,2
-2.256814037185972,-0.3774185869021025,2
-2.254958512393195,-0.37441329893413844,2
-2.253877443900656,-0.3732518229278803,2
-2.2507151308650837,-0.37137219495841656,2
-2.249633883470972,-0.37021035782019496,2
-2.249858708713372,-0.36792141615561746,2
-2.2460836429427786,-0.36740741217221284,2
-2.2436145847535816,-0.3657661723417398,2
-2.2412272159316178,-0.3657313412393375,2
-2.239063973009552,-0.36340615677468335,2
-2.23620662952459,-0.36084087700176504,2
-2.2330431942882534,-0.35895898374999646,2
-2.226575432341944,-0.35909507820371545,2
-2.224716915013799,-0.3560837494829272,2
-2.2229408677142874,-0.3546804053387689,2
-2.221247631982777,-0.35488573520498434,2
-2.2191660621641613,-0.3541669266382197,2
-2.216473707527811,-0.35481771450909605,2
-2.2144753396078976,-0.3557083678769857,2
-2.21208865386466,-0.3556749156420711,2
-2.209008306680568,-0.35540225451371477,2
-2.2073155751262092,-0.35560860211545986,2
-2.2022377707938414,-0.35622843284498096,2
-2.1988528931811775,-0.3566423099348981,2
-2.1950796164262947,-0.3561319172711208,2
-2.193387389049093,-0.35633928260839554,2
-2.189614388778457,-0.3558294480576496,2
-2.186230356882316,-0.3562450323168438,2
-2.1838448746587353,-0.35621400951513493,2
-2.1841496165164376,-0.35552789808917495,2
-2.1827624562725223,-0.3550498086040612,2
-2.183676584262951,-0.3529912773451205,2
-2.181595697523065,-0.3522738476458489,2
-2.181511357159824,-0.350662087598705,2
-2.1804286460255824,-0.349497295744424,2
-2.1782630285917524,-0.3471673180737209,2
-2.176097150937453,-0.3448368151201624,2
-2.1749292211958924,-0.3420584903891015,2
-2.174065382760867,-0.3385927410249483,2
-2.1749785349245467,-0.3365322399553019,2
-2.173895075656464,-0.33536593791281355,2
-2.1728115513332646,-0.33419950454961445,2
-2.1714236754830623,-0.33371997053665226,2
-2.1708151025392937,-0.33509403187855824,2
-2.1695126567255425,-0.33622845753469477,2
-2.1679060220225796,-0.33805011084285574,2
-2.1676017680782547,-0.3387372071741641,2
-2.1677352595323587,-0.334822388485728,2
-2.1678684257108802,-0.33090691319371857,2
-2.167392953890511,-0.32836536792290616,2
-2.1676113549401297,-0.3260634583378579,2
-2.167829658407074,-0.32376135177173815,2
-2.1663554580125695,-0.32166605242986357,2
-2.165357249879362,-0.32211334892451404,2
-2.1618865844271102,-0.32091254408140557,2
-2.160802263178727,-0.3197445020394607,2
-2.1566373670533494,-0.3183033392466612,2
-2.1504767377402825,-0.31775814831065397,2
-2.148003922618093,-0.3161093247089717,2
-2.144533257165838,-0.3149085198658632,2
-2.1417567248040363,-0.3139478759913761,2
-2.138286059351783,-0.3127470711482676,2
-2.1371137871811765,-0.3099599807595723,2
-2.136635452935673,-0.30741265737735546,2
-2.1340740851314273,-0.3041435707123181,2
-2.129820424894863,-0.3010817180638412,2
-2.126172377594255,-0.29663982898099306,2
-2.1232178616242727,-0.2924368861501634,2
-2.117965131274204,-0.289820589996884,2
-2.1154900392229266,-0.2881671701702224,2
-2.1124094643459266,-0.28789404941936425,2
-2.1076375565995793,-0.287830099665598,2
-2.1042548258057696,-0.2882483103390623,2
-2.101566716015787,-0.2889076668865016,2
-2.0988788013911552,-0.2895674173960838,2
-2.096885377660117,-0.2904680511382125,2
-2.095194435121469,-0.29067801005958493,2
-2.092898920528736,-0.29227010654674856,2
-2.094981612548116,-0.29299118039582694,2
-2.093985030792828,-0.293441759908319,2
-2.09268614674672,-0.2945833753735254,2
-2.090995480692319,-0.2947938924079345,2
-2.089304879693037,-0.29500454076304905,2
-2.0872224316303463,-0.2942839593666502,2
-2.087916580984576,-0.29452415316544744,2
-2.0899990290472665,-0.29524473456184985,2
-2.0887003401665094,-0.29638674398920095,2
-2.087401716340869,-0.2975288847372646,2
-2.086405394806045,-0.2979799895326103,2
-2.083024778303532,-0.2984024681292681,2
-2.0791626398547933,-0.29627118862874724,2
-2.0740023167024493,-0.2952829362911036,2
-2.06875186328147,-0.2926712363627999,2
-2.0639840865350383,-0.2926156254743493,2
-2.0587335355313847,-0.2900037285649777,2
-2.0539663117534452,-0.289949233902588,2
-2.0518843028127964,-0.2892295389210062,2
-2.0498934487588674,-0.2901353598313232,2
-2.0482041163343627,-0.290348568940356,2
-2.046816207956603,-0.2898689692670402,2
-2.047117566948234,-0.289176029163972,2
-2.0478115374008894,-0.28941586183081114,2
-2.046030952506987,-0.2880033580668755,2
-2.045245566947134,-0.2861374842252822,2
-2.047144826992298,-0.2836052610082458,2
-2.04397563437813,-0.2817117458733236,2
-2.045363835503915,-0.28219193648985197,2
-2.045180549903712,-0.2789389348953506,2
-2.0440015933198588,-0.2761383513033273,2
-2.043123475286702,-0.2726437770425303,2
-2.042939311442426,-0.26938900261839294,2
-2.044143706527077,-0.26661514107470907,2
-2.043288262152254,-0.257540540547879,2
-2.0422000538606433,-0.2563646520932945,2
-2.038935038655124,-0.25283619880526587,2
-2.0374527226348,-0.25072451720436817,2
-2.036571758440285,-0.2472241976623497,2
-2.0317085006418623,-0.24553433805454006,2
-2.028929496185622,-0.24456870399293607,2
-2.0258499621904935,-0.24429768437349608,2
-2.022470093821818,-0.24472167315836124,2
-2.0192969653730835,-0.24282021312025748,2
-2.015917454807555,-0.24324492416905308,2
-2.0136272259430577,-0.2448476904642014,2
-2.0113371922439143,-0.2464508507214873,2
-2.0099480152913785,-0.24596869029425505,2
-2.005874794493657,-0.2461540939590634,2
-2.0027020726393996,-0.24425345467542314,2
-1.9993237981210914,-0.24468066081777273,2
-1.996151011211719,-0.24277989021341995,2
-1.9926782314681688,-0.24157481744711617,2
-1.988810628389622,-0.2394325070066472,2
-1.9860323395396637,-0.23846831747289343,2
-1.9834582371963112,-0.2351735247781619,2
-1.9792905111733514,-0.23372664953431688,2
-1.975613756352331,-0.23485260672131147,2
-1.9722367504087952,-0.23528237361757753,2
-1.9702490190004749,-0.23619449792214553,2
-1.9661779938129413,-0.2363843336610394,2
-1.9628017360032537,-0.23681561074551283,2
-1.9591266238239253,-0.2379448837805267,2
-1.956744378092413,-0.23792039418432154,2
-1.9530698676729177,-0.23905088193593294,2
-1.9503889790008984,-0.23972481508258703,2
-1.9474093823332517,-0.24109703965138962,2
-1.9451242765592038,-0.24271014745273511,2
-1.9428393659505065,-0.24432364921622352,2
-1.9391664493813714,-0.24545735432532112,2
-1.9351952151473188,-0.2472901387808495,2
-1.932612442259515,-0.2496036391357599,2
-1.9327090292484943,-0.2512401203072514,2
-1.9304251757854392,-0.2528557560323357,2
-1.9258580543553894,-0.25608820936892585,2
-1.92426852914814,-0.2579444000247726,2
-1.919702481127512,-0.2611790201531399,2
-1.9164276894405567,-0.26325662746262246,2
-1.913846803151138,-0.2655739361182299,2
-1.9115645760660094,-0.26719285486115396,2
-1.9095809106024841,-0.2681131867103286,2
-1.9065088742095604,-0.2678573018031347,2
-1.902445346624237,-0.26806227225427115,2
-1.9000670204635082,-0.268045694731061,2
-1.8952134396137073,-0.26637536907940706,2
-1.89204457227512,-0.2644825105480493,2
-1.88956894351913,-0.26282800732550093,2
-1.8870931846529029,-0.261173241461524,2
-1.885110722709042,-0.262096002743899,2
-1.883328332535644,-0.2606798548301583,2
-1.8809504129693924,-0.2606640980614081,2
-1.8783729095460515,-0.2629882353941273,2
-1.8754000460829925,-0.2643740516567874,2
-1.8737159018040508,-0.2645977335927352,2
-1.8723293921113022,-0.26412095731475915,2
-1.8703478084115126,-0.2650454914267666,2
-1.867574919136251,-0.2640922015122431,2
-1.8648020298609858,-0.2631389115977214,2
-1.862029140585724,-0.26218562168319615,2
-1.859553528093512,-0.26053115129082727,2
-1.8591575500301882,-0.25959158267399296,2
-1.857077785491068,-0.25887641825703156,2
-1.85628563419907,-0.25699688706121826,2
-1.8559884549986911,-0.2576982645201351,2
-1.8548990594512063,-0.2565199794625279,2
-1.8545029024863116,-0.2555800497137355,2
-1.853809598848601,-0.25534156308421174,2
-1.852720073190877,-0.2541630153851777,2
-1.8521259099554737,-0.2555661642651508,2
-1.8514326225815392,-0.2553277104658065,2
-1.8493527604597446,-0.25461234906777364,2
-1.8468765624714791,-0.25295669678898136,2
-1.842816303905776,-0.2531682661059804,2
-1.8401428477808448,-0.2538572026441681,2
-1.838459581745978,-0.25408265740974656,2
-1.8353899686561537,-0.2538316641991365,2
-1.8300442273983997,-0.2552119010483551,2
-1.8256888876598332,-0.25612908291728154,2
-1.8223235591097584,-0.2565824218816477,2
-1.8171757753311741,-0.2556194816115607,2
-1.814403601662196,-0.2546676362248874,2
-1.8103459453011599,-0.25488445837043017,2
-1.805198763282407,-0.25392273281694067,2
-1.8007447873186866,-0.2531992969119017,2
-1.7959950958947193,-0.2531801931818407,2
-1.7923357758449896,-0.2543413443200926,2
-1.7896654911570025,-0.2550366827430661,2
-1.7869954016343677,-0.25573241512818434,2
-1.7854153744741676,-0.2576077786082198,2
-1.7830413419511402,-0.25759986825210746,2
-1.7804732064646132,-0.25994291576758854,2
-1.7776097133209792,-0.2629910177219692,2
-1.7716808681976683,-0.26579672797247866,2
-1.7698063290968769,-0.268378853060689,2
-1.779780504586732,-0.2597056438546659,2
-1.7758274207302573,-0.26157506678929465,2
-1.7752362825577848,-0.26298432208245615,2
-1.7726689277326564,-0.2653289454464982,2
-1.7703973371591175,-0.26696933512610244,2
-1.7685228956410022,-0.2695516571953842,2
-1.7675349987438036,-0.27001976802314864,2
-1.7655593025320861,-0.2709561866597401,2
-1.7596329945583289,-0.2737670184180825,2
-1.7583500652796076,-0.2749408402883091,2
-1.7588484852924147,-0.2775287089408618,2
-1.7588484852924147,-0.2775287089408618,2
-1.7595406829931441,-0.27776496311825305,2
-1.7599374905092056,-0.2787062060741867,2
-1.7589499351513727,-0.2791750063356915,2
-1.7572702634117032,-0.2794077165707005,2
-1.7558859655929258,-0.2789354051969877,2
-1.7539111150977256,-0.2798735310028597,2
-1.7552953478613862,-0.2803457110558565,2
-1.7543079388775666,-0.2808148067889711,2
-1.7526284785670345,-0.28104794381629716,2
-1.7492697531113102,-0.2815146118330958,2
-1.747193599131169,-0.2808067357157391,2
-1.7431432126794348,-0.28103823295103325,2
-1.7389910998844993,-0.27962287467846103,2
-1.7379019970850376,-0.27844518056406287,2
-1.7369150434870342,-0.27891519554217403,2
-1.7349412338737,-0.2798554224794607,2
-1.7341469682904105,-0.27797162336045744,2
-1.7343394611397738,-0.275617415301209,2
-1.7332501306474022,-0.2744392615643161,2
-1.731968469943455,-0.2756156441884574,2
-1.7290080970628203,-0.27702667402813574,2
-1.7294949880063228,-0.27396547454945974,2
-1.7273160342735512,-0.27160857613246314,2
-1.7265210856115356,-0.2697233981459668,2
-1.7244446876747066,-0.2690150295759359,2
-1.722368289737874,-0.2683066610058997,2
-1.720291891801045,-0.26759829243586886,2
-1.7175233612186034,-0.26665380100915925,2
-1.7145638665820453,-0.26806660367847535,2
-1.7118989814687477,-0.26877284172067917,2
-1.7102205945676392,-0.26900814553978236,2
-1.708542272721651,-0.2692435806795981,2
-1.709130776161894,-0.2678290068975375,2
-1.7099263103199611,-0.26971536677045727,2
-1.711795531164956,-0.26712250621390154,2
-1.7084387248351796,-0.2675930481917508,2
-1.7063625708550365,-0.2668851720743959,2
-1.7046843140641617,-0.26712073853492413,2
-1.7016220847300918,-0.26688465022531105,2
-1.6986639074596486,-0.2683001121390749,2
-1.6966919519171437,-0.26924408171670144,2
-1.6962940059365401,-0.2683005406482817,2
-1.6946161394763628,-0.26853689503309397,2
-1.6935261909603838,-0.26735749374941875,2
-1.6901706532053815,-0.2678305964811827,2
-1.687801076957859,-0.2678316815939592,2
-1.6848440706795174,-0.26924950728056807,2
-1.6824747871800163,-0.2692511833365536,2
-1.6799163774334467,-0.2716138632987217,2
-1.6779455278279283,-0.2725600653284772,2
-1.673501521560853,-0.27185675432280654,2
-1.6718245496085338,-0.27209491436742717,2
-1.6712375099084174,-0.2735124428655453,2
-1.6709439900583583,-0.27422120711460707,2
-1.6713421149405363,-0.27516510931499205,2
-1.6716356510543733,-0.2744563778961133,2
-1.6706504702082992,-0.2749299713636635,2
-1.6698744343713479,-0.27870876640939457,2
-1.6668347121575415,-0.28414390660143063,2
-1.6648648709063298,-0.2850921441022507,2
-1.6609255787346164,-0.2869894070281731,2
-1.6566934497915629,-0.289596813070645,2
-1.652357350103781,-0.2905528330406355,2
-1.6483149329038564,-0.2908004170633465,2
-1.6443777224958733,-0.292701882252107,2
-1.6423043984133123,-0.2919997185857923,2
-1.6385558588665798,-0.2915392606233702,2
-1.635791491811613,-0.2906031737223316,2
-1.6320431799577957,-0.29014317538240775,2
-1.627896726958019,-0.2887392420119248,2
-1.6244413494582073,-0.2875692975365194,2
-1.6216770474583555,-0.2866333419561933,2
-1.6179291421990172,-0.28617416437073473,2
-1.6147662924587323,-0.284293453005386,2
-1.6130917275457346,-0.2845364719164145,2
-1.6107261847154462,-0.28454569891342985,2
-1.609636431364816,-0.28336669159190286,2
-1.6065799268810252,-0.28314215950508625,2
-1.6056756729547033,-0.2795948271475872,2
-1.6044788587412988,-0.27675819601967433,2
-1.6063387604408152,-0.2741465237708951,2
-1.608704661074242,-0.27413801903779955,2
-1.6085191453861505,-0.2765063112435904,2
-1.608704661074242,-0.27413801903779955,2
-1.6089968960857437,-0.27342666120464365,2
-1.6081987922505636,-0.2715351141635409,2
-1.6085978604319315,-0.27248092051427086,2
-1.6088900791796537,-0.2717695298509373,2
-1.609581366108749,-0.27200394553833895,2
-1.6091822979273758,-0.27105813918760724,2
-1.6052194902810868,-0.2672821381408159,2
-1.6009640085012524,-0.26421660851235806,2
-1.5972151762064968,-0.2637555596067269,2
-1.5958324397105237,-0.26328639993014313,2
-1.591792006691655,-0.26353798923462257,2
-1.5893183946442857,-0.2618875569541981,2
-1.5862613209282195,-0.2616618758111393,2
-1.5837875787706146,-0.2600111808892862,2
-1.581313706502776,-0.2583602233260045,2
-1.5768740589285262,-0.25766571080814415,2
-1.5750913922708847,-0.25624900478137214,2
-1.571051935078767,-0.25650256389655546,2
-1.5689779279174818,-0.25579902136274946,2
-1.5659213909061283,-0.25557442361557925,2
-1.5629739965212899,-0.25701165193762954,2
-1.5613003423799228,-0.25725650933864763,2
-1.5599178335768578,-0.2567878092845586,2
-1.5568618007426611,-0.2565642292729198,2
-1.5540968481916426,-0.2556269604854595,2
-1.5507501254049636,-0.25611785717392443,2
-1.5496585667748448,-0.2549352057025871,2
-1.5499494193651149,-0.2542210573042709,2
-1.5510410105227947,-0.25540377443596185,2
-1.5487860090040328,-0.257077650897541,2
-1.54831370667047,-0.26016829904625105,2
-1.5480228378164202,-0.26088241461438955,2
-1.54831370667047,-0.26016829904625105,2
-1.548495156413761,-0.25779179929585894,2
-1.5465312026506215,-0.2587519213212648,2
-1.544567378997714,-0.2597123059880939,2
-1.5435855159625937,-0.2601925968120433,2
-1.5420221754398469,-0.2621016440551269,2
-1.5408591554094642,-0.26495902557268103,2
-1.539477232102449,-0.26449150740501715,2
-1.539477232102449,-0.26449150740501715,2
-1.5391865096224127,-0.2652059184447637,2
-1.5382048580164263,-0.26568663606103193,2
-1.5390052387806907,-0.2675827793271175,2
-1.5391146253638919,-0.2692450978490104,2
-1.539986890386679,-0.2671020617108457,2
-1.5391146253638919,-0.2692450978490104,2
-1.5386424043492255,-0.2723359101486107,2
-1.5387516282946354,-0.2739979003687232,2
-1.5384608407594822,-0.27471218008775544,2
-1.5382791795870592,-0.27708825304582874,2
-1.5376975719891934,-0.27851674682353433,2
-1.5384972371471743,-0.2804114455617679,2
-1.537806600769251,-0.2801783430815057,2
-1.5374067681902606,-0.2792309937123889,2
-1.5367161155485576,-0.27899785840194546,2
-1.5348256724218547,-0.2759220840409409,2
-1.5367885853031265,-0.27495986088411684,2
-1.5354071173819293,-0.2744932619614495,2
-1.5340256494607303,-0.27402666303877865,2
-1.5326441815395295,-0.2735600641161131,2
-1.5306814638236084,-0.27452268123507473,2
-1.528609359524486,-0.27382297983214343,2
-1.5290094685877236,-0.27477088731429156,2
-1.5322440887400717,-0.2726121894641409,2
-1.5308625882913152,-0.27214552488111465,2
-1.5287903376181795,-0.27144552800657706,2
-1.5280995873937986,-0.27121219571506217,2
-1.5271183098547336,-0.27169366842543496,2
-1.525046107972937,-0.2709937700414322,2
-1.525046107972937,-0.2709937700414322,2
-1.525046107972937,-0.2709937700414322,2
-1.5243553740123374,-0.27076047058009856,2
-1.52326433582315,-0.26957886967447564,2
-1.5205013349256369,-0.26864554050842493,2
-1.517047583803743,-0.2674788790508593,2
-1.5155558022639308,-0.26534809028612294,2
-1.5148650195119941,-0.2651146923342562,2
-1.5138840347209506,-0.26559675598783805,2
-1.5138840347209506,-0.26559675598783805,2
-1.5138840347209506,-0.26559675598783805,2
-1.5104302022801637,-0.264429930379384,2
-1.5079571919926238,-0.26278071281555526,2
-1.5062856033512162,-0.2630297396492356,2
-1.5029426212337533,-0.26352818727873384,2
-1.5019619454545197,-0.26401087470570594,2
-1.5002906007698034,-0.26426039399206047,2
-1.498619321140204,-0.2645100445991275,2
-1.4962574376602316,-0.264526658386286,2
-1.4945863044046455,-0.2647766044649611,2
-1.4922245998262476,-0.2647935793840812,2
-1.4881920872678496,-0.26506115698544974,2
-1.4842712707492929,-0.26699571499403696,2
-1.4827787573394193,-0.2648634488712762,2
-1.481397614693801,-0.2643975065521751,2
-1.479036430556338,-0.26441553203700785,2
-1.474314355029442,-0.2644521739498824,2
-1.4729333099665034,-0.2639864286118545,2
-1.4702831598371553,-0.2647224107956969,2
-1.4682116898254218,-0.26402398976972385,2
-1.4658510261288953,-0.26404306582026393,2
-1.4632013151215855,-0.2647799344189252,2
-1.459460045484155,-0.26433415154625095,2
-1.454514512822449,-0.26103670132395607,2
-1.45244314039339,-0.2603384772790527,2
-1.4510622254406833,-0.25987299458244806,2
-1.449279656365718,-0.2584564855367475,2
-1.4473839763021168,-0.2553701398582948,2
-1.4449105594200944,-0.2537201015400061,2
-1.4428389430343476,-0.25302138504242677,2
-1.4397882284559458,-0.25280854049912804,2
-1.4374281502554709,-0.2528287984360915,2
-1.4353566314523967,-0.25213027891958006,2
-1.4325946063816364,-0.25119891956423324,2
-1.4298325813108725,-0.2502675602088882,2
-1.4265542460701877,-0.24671221900474372,2
-1.424656533034188,-0.2436217695539895,2
-1.4213771243840778,-0.24006426155806793,2
-1.417521182435209,-0.23794549035552137,2
-1.415046415659516,-0.23629272713242422,2
-1.4099238244749,-0.23538064080869248,2
-1.4068734189083045,-0.23516842003878047,2
-1.403823143451941,-0.2349564619102935,2
-1.4001977984369507,-0.2361861952912392,2
-1.3981260356771887,-0.23548718332205176,2
-1.3947887133548864,-0.23599705585363573,2
-1.3920264931187738,-0.23506530253614955,2
-1.3893800836586419,-0.23580883566102706,2
-1.3864465460136763,-0.2372740352950764,2
-1.384259167643286,-0.2349001308456664,2
-1.3809776121743216,-0.23133828926619593,2
-1.3767178204930026,-0.2282640596404626,2
-1.3732648825600684,-0.22709903969181866,2
-1.3691213570405463,-0.2257010157534456,2
-1.366815565689505,-0.2216465720331211,2
-1.3649131198937567,-0.21854656900045377,2
-1.3616287833185527,-0.21497911346047438,2
-1.3611070573101625,-0.212344199162267,2
-1.3589169140973052,-0.20996471358252222,2
-1.3560356465931545,-0.20735114061716864,2
-1.3548222433249677,-0.2044810227072773,2
-1.3524631572150252,-0.2045032832851259,2
-1.3510813640182437,-0.2040360277588853,2
-1.3517722606166345,-0.2042696555220047,2
-1.3522266240017444,-0.20114279568651128,2
-1.3511309831630456,-0.19995190384039496,2
-1.3503215272099904,-0.19803744133476187,2
-1.3481298552018899,-0.19565486971824875,2
-1.3493933004731389,-0.19444171729428916,2
-1.348702224973172,-0.19420772839920808,2
-1.347724980851348,-0.1946973429938268,2
-1.344388536773124,-0.1952089883550414,2
-1.343459675748882,-0.1916119839376087,2
-1.3415532778547927,-0.18850400317158922,2
-1.341028868322832,-0.1858636718939426,2
-1.3383834834807935,-0.18660927332005883,2
-1.3361905428979153,-0.1842241409496328,2
-1.3341169748586665,-0.1835214848306439,2
-1.3313522174729968,-0.18258461000532122,2
-1.3285874600873306,-0.18164773518000565,2
-1.3254170964810577,-0.1797518562722331,2
-1.3216755666231599,-0.1793055481167034,2
-1.3185050403790974,-0.1774093409071522,2
-1.3175284305446642,-0.1779002358787256,2
-1.3158606801551453,-0.17815701063450717,2
-1.314072483812577,-0.17672914234707804,2
-1.3114722618398407,-0.17338162438582394,2
-1.3098045765054422,-0.1736385304623198,2
-1.306512579690235,-0.1700556119083121,2
-1.3048876827133782,-0.16621460539138333,2
-1.3030986731818537,-0.16478509559503252,2
-1.302285899417841,-0.16286393573300195,2
-1.300211745882537,-0.16216009772758788,2
-1.2998052614178572,-0.16119932081550203,2
-1.298015910346967,-0.15976912158540557,2
-1.2953720543001666,-0.1605178090482955,2
-1.2926065162531,-0.15957935837441184,2
-1.2892716334976768,-0.16009415543275374,2
-1.2866283304193722,-0.16084395912170812,2
-1.2831314981919082,-0.16377461931435633,2
-1.2818711430387069,-0.1649940094722151,2
-1.2824402600541536,-0.16354030211749127,2
-1.2765035289480764,-0.16070429819673748,2
-1.2770723532154964,-0.15924999989880284,2
-1.2756897793573128,-0.15878116852399948,2
-1.2736159185700355,-0.15807792146179978,2
-1.27154205778276,-0.15737467439960007,2
-1.2695909849327371,-0.15836079792630287,2
-1.2708507708536683,-0.15714025871220016,2
-1.2704437334204908,-0.1561783655740463,2
-1.2683698238418781,-0.15547502002130997,2
-1.2665800661765125,-0.15404400003675178,2
-1.2665800661765125,-0.15404400003675178,2
-1.2639379015627465,-0.1547961018381958,2
-1.262271257110216,-0.15505510904610986,2
-1.2596294015082563,-0.15580783462094416,2
-1.2572717140833234,-0.15583291859413073,2
-1.2543462758003958,-0.15731446765703083,2
-1.2517050056944878,-0.15806837511828675,2
-1.2482493029190902,-0.15689777403931338,2
-1.244509887352491,-0.15645573380698075,2
-1.242560278242598,-0.15744481204974115,2
-1.241301858479119,-0.15866810899882822,2
-1.2404508664795202,-0.16085408701035142,2
-1.2478419402103338,-0.1559352242975951,2
-1.2457684697537594,-0.15523276515967765,2
-1.2441024595886176,-0.1554930527445446,2
-1.244793600143696,-0.15572717296034,2
-1.243818763061192,-0.15622164642136482,2
-1.2410542658959898,-0.15528529687889936,2
-1.2378465622982073,-0.15749832867431834,2
-1.2360212373932526,-0.16017979788239245,2
-1.2333812195983445,-0.16093623326738538,2
-1.2317158111930322,-0.16119773556885875,2
-1.2286686095909367,-0.1609919823440933,2
-1.2272867513390384,-0.1605245954971437,2
-1.2261882480752018,-0.15932792553963004,2
-1.2260639801340396,-0.15763556740449047,2
-1.2237077564492314,-0.15766360609373464,2
-1.219969739567638,-0.1572243892567453,2
-1.2181800632211655,-0.1557935334230791,2
-1.2163902892920149,-0.15436248060834323,2
-1.2144755155516407,-0.15123759230043987,2
-1.209921260721071,-0.14887022277341444,2
-1.206748896669957,-0.14697030575370107,2
-1.203576369981052,-0.14507006043220017,2
-1.202194218981127,-0.14460208264203622,2
-1.2023513055831874,-0.14217640328439174,2
-1.2015344333468185,-0.14024697021740096,2
-1.2023824978661644,-0.1380550827737661,2
-1.2011567991809091,-0.13516014524899944,2
-1.2002133983380734,-0.13153379065206927,2
-1.197730646046793,-0.12986490781137938,2
-1.1977604396447603,-0.12574076390541222,2
-1.1962510769596442,-0.12357448571781582,2
-1.194050037014728,-0.12117300391854258,2
-1.1932317660933496,-0.11924074745621027,2
-1.1924133650617357,-0.11730822835244936,2
-1.1906209889279147,-0.1158719227091698,2
-1.1876002793766087,-0.1115353610522174,2
-1.1863717507937785,-0.10863471107640876,2
-1.1851429294629163,-0.10573347015738577,2
-1.1839138153840327,-0.10283163829515374,2
-1.1836317940258656,-0.10356361348034682,2
-1.183759477360658,-0.1052628659529482,2
-1.1822482768684903,-0.10309287795519673,2
-1.1828122545297113,-0.10162879626409804,2
-1.1840680558247367,-0.10040021365628604,2
-1.1839402098521532,-0.09870063288189534,2
-1.1839402098521532,-0.09870063288189534,2
-1.1845041875133724,-0.09723655119079488,2
-1.1834023664385764,-0.09603318387688375,2
-1.1834023664385764,-0.09603318387688375,2
-1.1849401890917761,-0.09407262608387867,2
-1.1849401890917761,-0.09407262608387867,2
-1.185350154005203,-0.0950404286541442,2
-1.1842482353477344,-0.09383686435916161,2
-1.1846582165249444,-0.09480469975961014,2
-1.1849401890917761,-0.09407262608387867,2
-1.1849401890917761,-0.09407262608387867,2
-1.1856321428358143,-0.09430838780859219,2
-1.1863500519259311,-0.09041225770523731,2
-1.1878880534806981,-0.08845206104419212,2
-1.1880418873269178,-0.08601981565086447,2
-1.185555264256191,-0.0843431192277091,2
-1.1847347164057265,-0.08240626654040106,2
-1.1825296105160135,-0.0799965771965212,2
-1.1824009838820277,-0.0782954205735713,2
-1.1804771837441983,-0.07515231151664992,2
-1.1803483131535248,-0.07345066244102405,2
-1.1788346568306967,-0.07127571708633162,2
-1.1782948292360675,-0.06860426279955512,2
-1.1763698906336941,-0.06545885563014409,2
-1.1751370684131555,-0.06254953848723765,2
-1.1739039534445865,-0.05963963040111331,2
-1.1744668902239415,-0.05817344757859644,2
-1.1732113979407188,-0.059402653959796936,2
-1.1750075635350896,-0.06084660903465,2
-1.1775187757944447,-0.05838865589474018,2
-1.1778003092392364,-0.05765569580419694,2
-1.1773892058612656,-0.056685595121443555,2
-1.1771076886802518,-0.05741858804216804,2
-1.1771076886802518,-0.05741858804216804,2
-1.1771076886802518,-0.05741858804216804,2
-1.1747483586136163,-0.057440356167337114,2
-1.1719779414327913,-0.05649205643993227,2
-1.1700299912283736,-0.057484483360886074,2
-1.169467249614371,-0.05895106014554763,2
-1.1673896318941033,-0.058240229312136904,2
-1.1661344811502445,-0.05947012512708305,2
-1.1651606849496083,-0.05996669971952251,2
-1.1629319331704622,-0.06169356408905813,2
-1.159599782729945,-0.0622138766173741,2
-1.156679125998096,-0.06370507775272216,2
-1.154732184147992,-0.06469954014474233,2
-1.153477667691524,-0.06593071633664849,2
-1.1515309535343263,-0.06692563835116339,2
-1.1530664504670955,-0.06496038584264419,2
-1.1540398563370324,-0.06446302332592424,2
-1.155143385108639,-0.06566983780856361,2
-1.155143385108639,-0.06566983780856361,2
-1.1538888523883895,-0.06690098117029564,2
-1.1531965733687706,-0.06666456284201239,2
-1.1559656894472568,-0.06761023615514539,2
-1.140525026571611,-0.07727969870275153,2
-1.1408059419927952,-0.07654549106542596,2
-1.1376064678672826,-0.07877513493111898,2
-1.1360719792888219,-0.08074242291069744,2
-1.1331539084978655,-0.08223884404441506,2
-1.134407384072471,-0.08100556672109249,2
-1.1305168832383288,-0.08300132018223572,2
-1.1263462151168486,-0.08573279146891544,2
-1.1227374428928574,-0.08699597880165477,2
-1.1202317277908715,-0.08946502854186633,2
-1.1175958084683177,-0.09022973713181592,2
-1.1145490134607048,-0.09002480466151219,2
-1.1119134682050742,-0.09079026834556636,2
-1.1084558137761729,-0.08961572764518344,2
-1.1043066284614973,-0.08820627880472642,2
-1.1008489740325942,-0.08703173810434528,2
-1.0978027482572497,-0.08682795469028548,2
-1.0944766154150347,-0.08736041438461406,2
-1.0904592932264006,-0.08765865537261064,2
-1.086442296313347,-0.0879575529641734,2
-1.0838083936994174,-0.08872633249624684,2
-1.0813226163452079,-0.08705134324237207,2
-1.0788367088807682,-0.08537609134707225,2
-1.07676245776279,-0.08467205636058672,2
-1.0748203950464443,-0.08567636780612808,2
-1.0720548569993742,-0.08473791713224621,2
-1.070260203936467,-0.08329701526398736,2
-1.0685979344405414,-0.0835648537898912,2
-1.0672151654170055,-0.08309562845295027,2
-1.0658323963934713,-0.08262640311600933,2
-1.0622288448425987,-0.08390012893602083,2
-1.058904956401907,-0.08443711919496444,2
-1.0568310468232944,-0.08373377364222812,2
-1.0519788175126816,-0.08625046168819495,2
-1.04921393001678,-0.085313324221449,2
-1.0451998280564272,-0.08561806558476981,2
-1.042847312513274,-0.08565358955469371,2
-1.0398037377339406,-0.08545515745971599,2
-1.035511550249982,-0.08649981891140612,2
-1.0305287914432153,-0.0873115092035448,2
-1.0252680121679631,-0.08886325090476532,2
-1.0197295051722488,-0.09115563495828027,2
-1.015161232609529,-0.0929442546102841,2
-1.0101811573263308,-0.09376136188186024,2
-1.0045109173148035,-0.09434631874834487,2
-1.0000882979173689,-0.09368617942728363,2
-0.997190701578905,-0.0910396449628017,2
-0.9937368691381181,-0.08987281935434766,2
-0.9890365545477788,-0.0899533880459309,2
-0.9869643526659786,-0.08925348966192637,2
-0.9850273317211844,-0.09026797846277645,2
-0.9850273317211844,-0.09026797846277645,2
-0.9848921507841819,-0.08855359127792362,2
-0.9837884105834469,-0.08734635000296365,2
-0.9815738245559764,-0.08910180945788859,2
-0.9806054441938112,-0.08960931649973602,2
-0.9789464274537227,-0.08988372106132658,2
-0.9779781284104558,-0.09039139225406956,2
-0.9788110188238157,-0.08816887425397724,2
-0.9753575116586095,-0.08700270524908937,2
-0.9738404074145919,-0.08482079989657443,2
-0.9721872114619394,-0.08092266886921529,2
-0.9715017453202854,-0.07651571759287279,6
-0.9686019533716284,-0.07386475105431067,6
-0.9690155451078173,-0.07483987475436038,6
-0.9699837790959691,-0.07433207224090665,6
-0.9658383019229451,-0.07293010868112404,6
-0.9628013936475632,-0.06856084816647723,6
-0.9607284598957051,-0.06785947242444479,6
-0.958378481502109,-0.06790011790220163,6
-0.956305596541581,-0.06719884065070225,6
-0.953818680722831,-0.06552155328433962,6
-0.9524367248882548,-0.06505396945631681,6
-0.9507779033135169,-0.06532876798004672,6
-0.9500869416600075,-0.06509500889621478,6
-0.9496728132191059,-0.06411880180027474,6
-0.9514688649670244,-0.06556252706387866,6
-0.953681531868547,-0.0638031936479031,6
-0.9517457469709676,-0.06482017754230718,6
-0.9513316347938456,-0.06384400327655015,6
-0.9542353609315501,-0.06231862592547266,6
-0.9525763929828006,-0.06259312897759628,6
-0.952853274986742,-0.06185077945602302,6
-0.9525763929828006,-0.06259312897759628,6
-0.952853274986742,-0.06185077945602302,6
-0.9521622320143397,-0.061616856221300864,6
-0.9500891030971275,-0.060915086517130845,6
-0.9477392060224243,-0.0609558961457779,6
-0.9455269457153825,-0.06271605031621164,6
-0.9449734744555212,-0.06420134030256541,6
-0.9435915836760636,-0.06373388779526046,6
-0.9459411717389585,-0.06369245439321958,6
-0.9449734744555212,-0.06420134030256541,6
-0.9456644198452491,-0.06443506655621967,6
-0.9466321333924679,-0.0639262134770533,6
-0.9473230950459737,-0.06415997256088701,6
-0.9469089015499552,-0.06318363414423445,6
-0.9460785970774879,-0.06541137214269277,6
-0.9482908573845297,-0.0636512179722537,6
-0.9477372560144346,-0.06513624531717888,6
-0.9370954304124517,-0.06655544680837444,6
-0.9354371780699822,-0.06683139438834651,6
-0.9326738518968867,-0.06589740861872784,6
-0.9303249143851549,-0.06594015522789931,6
-0.929219694180512,-0.06472992640670228,6
-0.9278380310939625,-0.06426293352189205,6
-0.9263181148616617,-0.06625963734132334,6
-0.9246602203223322,-0.06653630718522052,6
-0.9217590801255202,-0.06806690453466224,6
-0.9187199941492423,-0.067877533568927,6
-0.91540488814932,-0.06843225212421444,2
-0.9101566645116037,-0.07000933872316573,2
-0.9087754568108721,-0.06954326508335384,2
-0.9061517027951567,-0.07033253064675016,2
-0.903942744035291,-0.07209934934340723,2
-0.9013193966140527,-0.07288943566126882,2
-0.9011821680863896,-0.07535520066675083,2
-0.9013207644170205,-0.07707648218906726,2
-0.8998703784336595,-0.07882520762156986,2
-0.8991133464063221,-0.08079563722894534,2
-0.8969752408998435,-0.08230099766875831,2
-0.8965370921426352,-0.08141161800338814,2
-0.894465525897175,-0.08071397903957944,2
-0.8954752537196136,-0.078086457863348,2
-0.8943467880890754,-0.07696436755186298,2
-0.8930358601968322,-0.0742847678958718,2
-0.8923454515118188,-0.07405212503810787,2
-0.8913996132434221,-0.07448741759533561,2
-0.8902040953306383,-0.07556873749958193,2
-0.8899515461130338,-0.07622571169355297,2
-0.887812883612078,-0.07773151815794499,2
-0.886179260915334,-0.07792342318435352,2
-0.8847308713144582,-0.07966197550732801,2
-0.8828444355606191,-0.0805110660025079,2
-0.8807052014074337,-0.0820173302289664,2
-0.8778751080441918,-0.08329131809640344,2
-0.8754827237056766,-0.08545503775388141,2
-0.8750447508414627,-0.08456551723864258,2
-0.8734104978614905,-0.0847579269770744,2
-0.8706475300692436,-0.08382844594133587,2
-0.8683224032214625,-0.08378859105823011,2
-0.8669408900098414,-0.08332387401534014,2
-0.864177863586594,-0.08239443992955309,2
-0.8621055937691615,-0.08169736436521546,2
-0.857707933264459,-0.08096064519257595,2
-0.8535633056830925,-0.0795665644888306,2
-0.8501785683902092,-0.0761997653673756,2
-0.8490504398879111,-0.0750774050936478,2
-0.8479223700166099,-0.0739549978699614,2
-0.8461036754592399,-0.07260012648742808,2
-0.8445385121886915,-0.07058749449917201,2
-0.842536402096389,-0.06768452037145067,2
-0.8412252098451418,-0.06501377565279931,2
-0.8400976529950732,-0.06389095761700325,2
-0.8385332372697434,-0.06187772701681027,2
-0.8390404757363754,-0.06056206495548899,6
-0.8388572507521808,-0.05901380962294489,6
-0.8407453868049579,-0.05816335757905122,6
-0.8398013334363181,-0.05858857186350974,6
-0.838927732947802,-0.056807652834809375,6
-0.8379359864390921,-0.05319867729074268,6
-0.8369620584827064,-0.049510700448941236,6
-0.8359877401956233,-0.045821935682859305,6
-0.8344645045068493,-0.043627653353084384,6
-0.8336317262944295,-0.04166611237161355,6
-0.8323823150191156,-0.038723308446728666,6
-0.8301677436099091,-0.03629451193901545,6
-0.82684539858273,-0.032650332272098126,6
-0.8247611761225926,-0.027741883593437322,6
-0.8240580312529566,-0.023299245913165123,6
-0.8225328764382382,-0.02110108962233781,6
-0.821972345052691,-0.018387842518446718,6
-0.8222461532023679,-0.01763928809315729,6
-0.8221026940017566,-0.015908190347497353,6
-0.8229240696594484,-0.013662428581092456,6
-0.8233280478566183,-0.010433860852891996,6
-0.8223630991518647,-0.010948295062386038,6
-0.8212544798173713,-0.009731204733904875,6
-0.8211107116049536,-0.00799948321485111,6
-0.8206931840342016,-0.007016414611626942,6
-0.8202756239358884,-0.006033280348043846,6
-0.8204053548613466,-0.003552380630313934,6
-0.8192963777237114,-0.0023345680379076583,6
-0.8187345289720476,0.0003813383104347423,6
-0.8185903216375952,0.0021139462443038326,6
-0.8187196134410151,0.004595732376849071,6
-0.8192667418269899,0.006093826132781643,6
-0.818848807661757,0.007077715490463987,6
-0.8200874344059557,0.008340966766677838,6
-0.8193959035201761,0.008575874906753711,6
-0.818012841748617,0.00904569118690901,6
-0.8164851823119008,0.011248903325206783,6
-0.815648923650734,0.01321746996486084,6
-0.8148125348793354,0.01518629924593995,6
-0.8142493850253381,0.01790483200855597,6
-0.8154878328679658,0.019168444416729713,6
-0.8149244715848383,0.021887403971664554,6
-0.8146342353726617,0.025356296819378343,6
-0.8161460685067077,0.027369317237480928,6
-0.8171112936957083,0.027883193333941847,6
-0.8188966584951825,0.030645326290368757,6
-0.8177860875071854,0.03186635624026479,6
-0.8187514102788604,0.032380035355656034,6
-0.818332760507344,0.03336536924119038,6
-0.8195714685704374,0.03462845636651046,6
-0.8202635036333721,0.03439253049090141,6
-0.8215023092791451,0.03565542063515004,6
-0.8217756945705617,0.03640482864507888,6
-0.8212289239877268,0.03490601262522297,6
-0.8199901346057334,0.033643089650796654,6
-0.820135382822059,0.03190838058550938,6
-0.8231767782549806,0.03171434773443593,6
-0.823595314180043,0.03072924366015073,6
-0.8245607833257314,0.03124262730393923,6
-0.8260732832747255,0.033254301684722876,6
-0.8277309175935841,0.03353149681147549,6
-0.8282779809244438,0.03502972188812237,6
-0.8288250442553018,0.03652794696476569,6
-0.8293721075861633,0.038026172041412565,6
-0.8322693444759697,0.039564648633671595,6
-0.8329615584404753,0.03932836162610087,6
-0.8348932448656985,0.04035361872546517,6
-0.8358591368696473,0.04086614878461248,6
-0.836132782381533,0.041615031511685885,6
-0.8366800734053008,0.0431127969658327,6
-0.8379197085038079,0.04437401277098729,6
-0.8388857306179887,0.044886280188705996,6
-0.8397067647363166,0.04713273138885654,6
-0.8405277988546445,0.04937918258900709,6
-0.8403826644847783,0.05111366184304522,6
-0.8398185713315911,0.053834098756002646,6
-0.8403658298277996,0.05533192987050839,6
-0.8404940970131314,0.05781578430429413,6
-0.8439402675684047,0.06084871050268248,6
-0.8440685022261754,0.06333263059682537,6
-0.8443421477380593,0.06408151332389878,6
-0.8443421477380593,0.06408151332389878,6
-0.8457276816040551,0.06360670685663017,6
-0.8472585287414933,0.061397060003358206,6
-0.8496105075799285,0.06143366736916711,6
-0.852510232827953,0.06296712094413337,6
-0.8538793548952288,0.06670972891969207,6
-0.8522198014504276,0.06643640775399007,6
-0.851253161312636,0.06592538788304836,6
-0.8508340724190813,0.06691160818340336,6
-0.8509793856905183,0.0651767677974,6
-0.8505603130607433,0.06616295526757732,6
-0.8502865537024036,0.06541430235175127,6
-0.849593721714287,0.06565183690610077,6
-0.8523482638011064,0.06891986822563467,6
-0.8522028692107746,0.07065487276252824,6
-0.8520574095653224,0.07239000862013079,6
-0.8521856116955373,0.07487399437462727,6
-0.8531523819435609,0.07538475160414393,6
-0.852313716243069,0.07735817711020054,6
-0.8510554737356557,0.08031880782196232,6
-0.8509096400232821,0.08205469877366944,6
-0.8486841718820184,0.08450549150091646,6
-0.8478448881579208,0.08648016455375007,6
-0.8470054743235931,0.08845510024801406,6
-0.8454726430050936,0.09066875238304739,6
-0.8457461096154066,0.09141799624208247,6
-0.8465665094463475,0.0936657278191948,6
-0.8455997066707628,0.09315503625003885,6
-0.8439396165212472,0.09288279848022718,6
-0.8411663369152809,0.09383687631903292,6
-0.8435196981749531,0.09387069311967622,6
-0.8443399028405416,0.09611881865892435,6
-0.8455801234351004,0.09737885257765733,6
-0.8466737947110019,0.10037622197594054,6
-0.848040883805881,0.10412293372379722,6
-0.8478941230580936,0.10586069599567338,6
-0.84928131582957,0.10538254085020604,6
-0.8498481087701037,0.10265665412762814,6
-0.8470739183925069,0.10361257045642525,6
-0.846800516837309,0.10286319527667587,6
-0.8472206303489536,0.1018749066750857,6
-0.8465271152821128,0.10211382009692649,6
-0.8462335612589804,0.10558941030103597,6
-0.8434592407711481,0.1065455892712599,6
-0.8446994613657068,0.10780562318998577,6
-0.8491142237122773,0.11134562963790451,6
-0.8531297080938618,0.11164758043606327,6
-0.8571455177510323,0.11194887463065228,6
-0.8596273901527169,0.1144660534124089,6
-0.8633506866686265,0.11824083667968921,6
-0.8661068713971432,0.12150555215120562,6
-0.867475180275461,0.12524980163568422,6
-0.8716202166809346,0.128033013283531,6
-0.8753649342395473,0.12758027041303777,6
-0.8746707360939787,0.12782056270237518,6
-0.8721676703424937,0.12953045043589206,6
-0.8713266301302411,0.13150866914799764,6
-0.87117973927222,0.1332466940613024,6
-0.87117973927222,0.1332466940613024,6
-0.8696644744807696,0.13124060081084643,6
-0.8716003244334622,0.1322574533845362,6
-0.8716003244334622,0.1322574533845362,6
-0.8725682982011467,0.13276578118084892,6
-0.8729888508348331,0.13177660616443987,6
-0.8731157193351482,0.13426328399357068,6
-0.8714534173116633,0.13399551112802222,6
-0.8717270953511047,0.13474432819473847,6
