-2.926960162278851,-3.0276004243632073,2
-2.9294149076153726,-3.0263885967959467,2
-2.9318695784880973,-3.025177351744965,2
-2.934924124095094,-3.0260474755073794,2
-2.9355241229356874,-3.0281278734603063,2
-2.9365495824620993,-3.027146966885466,2
-2.9379678090638137,-3.02882358412605,2
-2.9389932354952037,-3.0278429364473354,2
-2.937760552477256,-3.029400904160644,2
-2.9379678090638137,-3.02882358412605,2
-2.937760552477256,-3.029400904160644,2
-2.9379678090638137,-3.02882358412605,2
-2.937356887531781,-3.028649656459617,2
-2.9389932354952037,-3.0278429364473354,2
-2.936745965999748,-3.028475728793179,2
-2.936745965999748,-3.028475728793179,2
-2.93696412045648,-3.0259921326441894,2
-2.938196820021936,-3.0244340354828196,2
-2.933702305852293,-3.025699426002415,2
-2.9290223556577004,-3.0237293901557116,2
-2.928007876739013,-3.0228033733758455,2
-2.9251607242355355,-3.021354861632327,2
-2.9229245056747217,-3.020080180469197,2
-2.9196739364384214,-3.017878479303718,2
-2.9182560945663187,-3.016198852395684,2
-2.914590838408051,-3.015153150504041,2
-2.910522165516957,-3.0133542591904394,2
-2.9074678060694517,-3.012482679137328,2
-2.9080902460032885,-3.010745476387031,2
-2.9070992837660015,-3.0059934447799,2
-2.905290234421434,-3.00164409357658,2
-2.9012339900452044,-2.997926952202823,2
-2.897972473296207,-2.997631915495928,2
-2.896347676829606,-2.9965272461953543,2
-2.8902518828747734,-2.992861952587109,2
-2.889066845477508,-2.986763101067588,2
-2.879905752836221,-2.984132827140783,2
-2.8752400927513904,-2.98022997832693,2
-2.8701718143511066,-2.975567694222118,2
-2.865311781251119,-2.9703203555609967,2
-2.8606471595225553,-2.9664093838812438,2
-2.8580096340364722,-2.9643650086682225,2
-2.8549694612767915,-2.961561424698349,2
-2.854190347560145,-2.9561961512193644,2
-2.846876408909779,-2.952154070636345,2
-2.841186513814291,-2.9492225492407336,2
-2.834872581950238,-2.948040722333417,2
-2.8261299821582693,-2.9442246760784716,2
-2.8173876305789527,-2.940406688102591,2
-2.808867992295429,-2.934069441036584,2
-2.8007225410354213,-2.93235609016328,2
-2.791162065116927,-2.928941073849355,2
-2.7828228117308615,-2.9258787671706337,2
-2.7757346352550396,-2.919293576692029,2
-2.767589378428278,-2.9175787048039954,2
-2.7627357078459642,-2.912281593362959,2
-2.7574961456788376,-2.9042731724366515,2
-2.752017644047463,-2.900731968990897,2
-2.7448853354946934,-2.8999550878284825,2
-2.737752844919317,-2.8991796305947535,2
-2.7296080638334743,-2.897461037074926,2
-2.7204673383750713,-2.892850410380131,2
-2.7123225448785977,-2.8911319139463547,2
-2.7072464216237755,-2.888352022788462,2
-2.7003391347444747,-2.8850378245312456,2
-2.691182571984104,-2.8823721141974143,2
-2.682811606762206,-2.883199931498762,2
-2.675887378034627,-2.881839290260661,2
-2.668997579071439,-2.8765672631982753,2
-2.6604513959121405,-2.874079719954917,2
-2.6539634954477123,-2.8695727591742006,2
-2.6499176263603896,-2.8657744538654466,2
-2.648714586739498,-2.8634584786064607,2
-2.6466918259446928,-2.861557966747432,2
-2.6452974166817445,-2.8578740068178874,2
-2.6398041119677895,-2.8562696292292085,2
-2.639403214593397,-2.8554967313397785,2
-2.6392117994456843,-2.854129102651388,2
-2.639421273398609,-2.8535344365764637,2
-2.638410054339431,-2.852582918528343,2
-2.6382005721127495,-2.8531776493273,2
-2.6386376532876135,-2.8500254398978537,2
-2.636633538734632,-2.8461580378692997,2
-2.6354311692879087,-2.843836819963796,2
-2.6311774520405358,-2.840620462457858,2
-2.629747322307402,-2.8408579853014473,2
-2.6283356030140794,-2.839130462610404,2
-2.625284201434024,-2.838235743716174,2
-2.62429178581802,-2.8353161057419367,2
-2.621641107863498,-2.8351956439417894,2
-2.620877151666207,-2.8297117960378326,2
-2.6207049205544006,-2.826373070117901,2
-2.6166430983325384,-2.824520587306546,2
-2.6146405351086415,-2.8206410495221625,2
-2.6146405351086415,-2.8206410495221625,2
-2.6111891214459906,-2.8189665072671737,2
-2.6085576813067846,-2.8168745275292792,2
-2.609587335627035,-2.8158608058706704,2
-2.608996239346933,-2.8137107648602786,2
-2.666960578265426,-2.786835001400984,2
-2.6661597349984802,-2.7852817623585473,2
-2.6694185255451757,-2.7855981256336904,2
-2.667570457304313,-2.7870170842953375,2
-2.6655128861523885,-2.7890309355660214,2
-2.663054802355685,-2.7902688792798322,2
-2.660997090549918,-2.7922838308590467,2
-2.658156962464526,-2.7907803684131256,2
-2.657528478552587,-2.7925648520681357,2
-2.657128044508479,-2.791788329632965,2
-2.657719430370012,-2.793936105302267,2
-2.655871051863336,-2.795357491115082,2
-2.653640753174299,-2.794036499907703,2
-2.6556801041827853,-2.793986205518939,2
-2.6548606519059117,-2.7943995653878844,2
-2.654041191355283,-2.7948129899808585,2
-2.655279666001803,-2.793209715445782,2
-2.656709046960099,-2.7929780501270045,2
-2.6552982584642226,-2.7912432459824608,2
-2.6514291503696175,-2.790748230186612,2
-2.6475599926324858,-2.79025360273495,2
-2.6438815633213935,-2.791131976066257,2
-2.641041418688488,-2.789628643068397,2
-2.638201315424359,-2.7881249864503825,2
-2.635990184223724,-2.7848330274595234,2
-2.6360092027845248,-2.782863224708599,2
-2.634408211246063,-2.7797513098051105,2
-2.6364475498439166,-2.7797011125023943,2
-2.636657201682578,-2.779105054860798,2
-2.6364475498439166,-2.7797011125023943,2
-2.6374386664803726,-2.7826309121495107,2
-2.640050041428747,-2.7867008822282617,2
-2.6420894296691326,-2.786650296581355,2
-2.6404692706422725,-2.78550934946135,2
-2.6376293038951033,-2.7840046248968235,2
-2.634389126495215,-2.7817216303482812,2
-2.6348084467200454,-2.7805293856170312,2
-2.6352277669448743,-2.7793371408857777,2
-2.6317781031814302,-2.777648909498211,2
-2.6273184407376853,-2.7749996132679353,2
-2.6252983937345533,-2.7730778719267057,2
-2.621868352516035,-2.7694151129339453,2
-2.618209227210299,-2.768321450535259,2
-2.618838592277159,-2.766530073770932,2
-2.616589465323681,-2.7671773966617597,2
-2.6151795414352144,-2.7654358288559635,2
-2.6131598336560433,-2.7635114338294606,2
-2.6107402172162146,-2.760806406391808,2
-2.6075208661926226,-2.7565394668915513,2
-2.6043018047504614,-2.752270262050205,2
-2.598643996611969,-2.747266706296548,2
-2.5966450738403175,-2.743358689938482,2
-2.5952358325366465,-2.7416117824001223,2
-2.5932169190379657,-2.7396811738666305,2
-2.592796912091462,-2.740878790692463,2
-2.592607197200426,-2.7394978612156855,2
-2.591408091750088,-2.737151109679912,2
-2.588379969714717,-2.734253255158743,2
-2.5873706287979488,-2.7332870447555617,2
-2.5880007881452993,-2.7314894544842527,2
-2.5882108412610805,-2.7308902577271486,2
-2.587980321677346,-2.7334705839406155,2
-2.587959880030663,-2.7354515192248883,2
-2.587160575682166,-2.733886241512666,2
-2.585920706907908,-2.7355004220469823,2
-2.585310997480999,-2.7353170123099915,2
-2.584890874701925,-2.736515535272261,2
-2.5832717954001048,-2.7353661416661943,2
-2.580622850797276,-2.735232120181532,2
-2.576733818165687,-2.736713994418011,2
-2.5751147388638636,-2.735564600811946,2
-2.5720660883073805,-2.734648361177374,2
-2.5688072729394236,-2.7343321920743264,2
-2.5653590570831213,-2.732632633981318,2
-2.5641604728793546,-2.730281804831586,2
-2.5629410374780264,-2.7299151148056637,2
-2.5590724961356486,-2.7294156654136827,2
-2.557874073270108,-2.727063574145344,2
-2.556255204949043,-2.7259125300764886,2
-2.557474615529106,-2.7262794142745026,2
-2.557474615529106,-2.7262794142745026,2
-2.5568649102390744,-2.7260959721754965,2
-2.556255204949043,-2.7259125300764886,2
-2.556255204949043,-2.7259125300764886,2
-2.556255204949043,-2.7259125300764886,2
-2.5580843208191375,-2.7264628563735105,2
-2.556465464908701,-2.7253117152186057,2
-2.557474615529106,-2.7262794142745026,2
-2.556276291948622,-2.7239265463177897,2
-2.5540689666753362,-2.7206048142726225,2
-2.5520721123424597,-2.716680616906782,2
-2.5490665293506947,-2.7117854195594564,2
-2.5464605406168896,-2.7076733141364624,2
-2.544232475841728,-2.706334847440683,2
-2.5434340319637663,-2.7047628384292253,2
-2.5448851494114155,-2.7025401085153113,2
-2.5430996471738787,-2.698006552719484,2
-2.5398631598687675,-2.695694691253072,2
-2.538665829138898,-2.6933340564126294,2
-2.5343990793925357,-2.6920406738211113,2
-2.55241045390245,-2.7041516990168564,2
-2.5510024081563927,-2.702395438856005,2
-2.54549473059512,-2.702724521474785,2
-2.547113110764638,-2.7038793842614783,2
-2.545683568468119,-2.704112311698861,2
-2.543245210638279,-2.70337491875709,2
-2.541416442265902,-2.702821874050759,2
-2.5381797563906687,-2.7005115659610954,2
-2.535153620056521,-2.6975981776724645,2
-2.5316848343103313,-2.697880558086206,2
-2.5284264574513955,-2.6975609586095093,2
-2.525168039223681,-2.697241682752969,2
-2.521299990169732,-2.696738382281138,2
-2.5186510786619234,-2.6966041019003484,2
-2.5156031106902415,-2.695682522533213,2
-2.5147829385966727,-2.696101513392863,2
-2.5133753272227555,-2.6943418552203795,2
-2.5139627582293436,-2.6965205689765455,2
-2.5147829385966727,-2.696101513392863,2
-2.512954145403027,-2.695548662858629,2
-2.5117127625315856,-2.6971746878906373,2
-2.513752175593236,-2.6971239080716387,2
-2.512721396042293,-2.6981464321984774,2
-2.5125108092693047,-2.698749803655586,2
-2.51026075565526,-2.6994043756378936,2
-2.5121339526250708,-2.6959678155283573,2
-2.5141733408654545,-2.6959172298814504,2
-2.513752175593236,-2.6971239080716387,2
-2.5119233575783273,-2.6965712517094964,2
-2.5133531563612515,-2.69633631782715,2
-2.5123223726734327,-2.697358874316004,2
-2.5139627582293436,-2.6965205689765455,2
-2.5131425695882648,-2.6969396892842585,2
-2.51356374313424,-2.6957329463700397,2
-2.5139627582293436,-2.6965205689765455,2
-2.5131425695882648,-2.6969396892842585,2
-2.511524350756977,-2.69578356437896,2
-2.510704145568388,-2.6962028141347343,2
-2.5113137515733577,-2.6963870329221145,2
-2.5113137515733577,-2.6963870329221145,2
-2.5109147488888865,-2.6955993132295646,2
-2.5106819540224983,-2.698197438551583,2
-2.510704145568388,-2.6962028141347343,2
-2.5113137515733577,-2.6963870329221145,2
-2.510704145568388,-2.6962028141347343,2
-2.5104935422478913,-2.6968063150399075,2
-2.5100501564716406,-2.7000078441810516,2
-2.5065363712389157,-2.7042842953688098,2
-2.505926707317661,-2.7041005296496454,2
-2.5043083436956586,-2.702945537414891,2
-2.502900645447312,-2.7011865588447304,2
-2.5002737103677664,-2.6990593368719065,2
-2.5023356086936115,-2.697011634932954,2
-2.5002737103677664,-2.6990593368719065,2
-2.5017259820042526,-2.696827577955652,2
-2.5023356086936115,-2.697011634932954,2
-2.5002737103677664,-2.6990593368719065,2
-2.5015153249043482,-2.697431499567026,2
-2.5025239377306683,-2.6984034056849406,2
-2.5017259820042526,-2.696827577955652,2
-2.5011387247465198,-2.6946475049948315,2
-2.5005515171313135,-2.6924670436898257,2
-2.4987451802437235,-2.689917497569743,2
-2.499166560633576,-2.6887091365547473,2
-2.4983687952035236,-2.687131820172741,2
-2.498391330110252,-2.685134509708602,2
-2.4977592222935776,-2.686947342489237,2
-2.496329365594365,-2.687182729439801,2
-2.497548519688017,-2.6875516200827807,2
-2.4959079438357374,-2.688391414074953,2
-2.4934696025534073,-2.687653891685118,2
-2.4906324240617117,-2.6861273551221085,2
-2.4871857098919605,-2.6844160496174556,2
-2.4823319469636402,-2.6809406847062025,2
-2.478298802911663,-2.6770428338376178,2
-2.4744767999742674,-2.67253727500184,2
-2.4698347076808584,-2.6684500597854033,2
-2.4660133542332368,-2.6639394201131843,2
-2.4615828622478126,-2.659240904745829,2
-2.457551174376732,-2.65533166244777,2
-2.4555590981374333,-2.6513700869539694,2
-2.453778287119036,-2.6467998326325084,2
-2.456450693289158,-2.644929294561548,2
-2.4550208572743344,-2.6451645197020337,2
-2.4546463172815276,-2.642364408846097,2
-2.45384970190344,-2.6407780958237694,2
-2.454881205407954,-2.639749908344209,2
-2.454881205407954,-2.639749908344209,2
-2.457366279528511,-2.6364798002755148,2
-2.4557732307949447,-2.6333057503021706,2
-2.454976756070696,-2.6317183369713124,2
-2.455398922467282,-2.6305038271733636,2
-2.4568525427258514,-2.6282615182400413,2
-2.458095054964865,-2.626626658377786,2
-2.458354087243384,-2.6220022585877114,2
-2.4588243268265266,-2.616769633038192,2
-2.4600908756588176,-2.613125715300157,2
-2.4593188305312097,-2.609526169702038,2
-2.4577266422681774,-2.6063453884294585,2
-2.454518332570773,-2.6019920747097007,2
-2.459529934413892,-2.6089187529929845,2
-2.4573044014077947,-2.607560480743688,2
-2.4585469095099306,-2.6059256532434514,2
-2.458124676923301,-2.6071406808336484,2
-2.4585469095099306,-2.6059256532434514,2
-2.455127462834824,-2.6021800151288694,2
-2.4508635509864636,-2.6008644321946868,2
-2.4498564729417165,-2.5998805197689983,2
-2.4484514843481655,-2.598100344078656,2
-2.4454304363734156,-2.595147150510895,2
-2.445455002487016,-2.593133950297121,2
-2.44383895965332,-2.591960802971643,2
-2.4402091330491054,-2.588816918213393,2
-2.437213362730894,-2.5838449581651872,2
-2.4346156477521923,-2.5796681287110914,2
-2.4318068371645687,-2.5760986512420168,2
-2.43002995204297,-2.5714976853678024,2
-2.4282533151340253,-2.5668947777726494,2
-2.4264769264377293,-2.562289928456565,2
-2.4259186162469284,-2.5580623839075045,2
-2.4270010804785294,-2.552993491989527,2
-2.427635347745287,-2.551163766236776,2
-2.4268404698557706,-2.549563861167913,2
-2.4266544781545303,-2.5481538058771385,2
-2.426096602335871,-2.543922863316446,2
-2.425141535785107,-2.538890026500388,2
-2.425218423658512,-2.532825474745078,2
-2.4246868100732506,-2.526568063544234,2
-2.423943985046497,-2.52091891046485,2
-2.4232014247799007,-2.5152676862164647,2
-2.4218245020983655,-2.5114469320471944,2
-2.423887914521398,-2.5093873856105535,2
-2.4237023696029336,-2.5079738352220993,2
-2.4220620502370593,-2.508811622769308,2
-2.4229082363513754,-2.5063681049904396,2
-2.4220880808053185,-2.5067869664020286,2
-2.4222735967656384,-2.5082007433245916,2
-2.4222735967656384,-2.5082007433245916,2
-2.4222735967656384,-2.5082007433245916,2
-2.422882214056875,-2.5083926966336865,2
-2.4220620502370593,-2.508811622769308,2
-2.4220620502370593,-2.508811622769308,2
-2.4222735967656384,-2.5082007433245916,2
-2.4235168412319794,-2.506560155385582,2
-2.4216649794744054,-2.5080087900154933,2
-2.4243369843674074,-2.5061413910600425,2
-2.424151468407082,-2.5047276141374795,2
-2.4241254461125834,-2.506752205780728,2
-2.423728383623679,-2.505949308302881,2
-2.4241254461125834,-2.506752205780728,2
-2.424151468407082,-2.5047276141374795,2
-2.4243890620514286,-2.502091948877423,2
-2.4234095700408975,-2.4990712119666103,2
-2.423647262970306,-2.4964347700181797,2
-2.4228795119215984,-2.4928016326479217,2
-2.422297218916926,-2.4905827252684407,2
-2.419863179987253,-2.4898115463824357,2
-2.4172175242020817,-2.4896517970954086,2
-2.4172438733099106,-2.4876246488529343,2
-2.4164765359489575,-2.4839882752811207,2
-2.4155241625054806,-2.4789343707929383,2
-2.414572020727146,-2.473878654031889,2
-2.413011716714106,-2.4686274241400277,2
-2.4120600672242,-2.4635678562991288,2
-2.4102885890015617,-2.458924593270586,2
-2.408729104090277,-2.453666955699651,2
-2.406958142977336,-2.449019647419167,2
-2.405187430077042,-2.4443703974177495,2
-2.404633438786407,-2.440109066924453,2
-2.403286811793885,-2.43423029114987,2
-2.40212501404001,-2.4297706643924286,2
-2.4017834173378496,-2.42489182024123,2
-2.400013883447661,-2.4202333470653805,2
-2.398852697951668,-2.415768930729639,2
-2.3966874708790495,-2.4102968482487963,2
-2.3949187023112053,-2.405632388100072,2
-2.3929382300134368,-2.4015800371526534,2
-2.390957964559547,-2.3975260681044546,2
-2.389797879472983,-2.3930530434725767,2
-2.3874220821748864,-2.388184203000785,2
-2.385442478621407,-2.3841250560301006,2
-2.382431048886957,-2.3810966207761872,2
-2.377596038424583,-2.377474558848446,2
-2.373157018999823,-2.3746637761605776,2
-2.368901707719896,-2.3732809125960657,2
-2.366257925940257,-2.3731065033159986,2
-2.364829930835942,-2.373327327359565,2
-2.36343059321713,-2.3715029451559815,2
-2.3630636071627347,-2.3686437412596497,2
-2.3618766020792368,-2.3662023308283935,2
-2.360294044467146,-2.362946210783619,2
-2.357312624977162,-2.357861986903469,2
-2.356154972374597,-2.353369933406448,2
-2.353752838379302,-2.350528144091081,2
-2.351987788864383,-2.3458345904903766,2
-2.3508307319721844,-2.341337876863115,2
-2.348246072979041,-2.3370589128879455,2
-2.3442338615274814,-2.33299731022068,2
-2.3416497155071525,-2.328714333355583,2
-2.340676383307297,-2.3256454094036183,2
-2.3389127486044963,-2.320940787993594,2
-2.335721640043957,-2.3164529130131797,2
-2.3343536323335474,-2.3125624187003986,2
-2.3309505139141447,-2.308689047710441,2
-2.327122515306476,-2.3060514160006367,2
-2.322869462761691,-2.3046508827756345,2
-2.3182214492618023,-2.3024310121688885,2
-2.3152139288766413,-2.299371994810283,2
-2.3128141073959014,-2.296512115128225,2
-2.309989041681675,-2.2948908225836853,2
-2.3077715590392973,-2.293469573852134,2
-2.3049465719257434,-2.2918476664293,2
-2.3021216261809663,-2.2902254353863114,2
-2.2991147263274367,-2.2871615637253715,2
-2.2938289581730142,-2.2867987000504844,2
-2.289789082086566,-2.2847745367466405,2
-2.287571826972451,-2.2833515081042304,2
-2.2857492639164008,-2.2827499203745756,2
-2.2831374160292857,-2.280504674131043,2
-2.2819535508358513,-2.278038700929981,2
-2.2809514494547987,-2.27701585699959,2
-2.280343953257381,-2.276815133584277,2
-2.2780956329950257,-2.2774561458820717,2
-2.2787031374661986,-2.2776568045733523,2
-2.2791289608625416,-2.2764136867536564,2
-2.278339808411559,-2.274768992655275,2
-2.276761602794654,-2.2714788277701423,2
-2.27454467035699,-2.2700532748905164,2
-2.276611384008305,-2.2679679035654665,2
-2.2746389579373805,-2.263852608497807,2
-2.273487130058406,-2.259314989282892,2
-2.26947994904995,-2.255214034404718,2
-2.2675081848794303,-2.2510935614145655,2
-2.2651105145750154,-2.248216853484422,2
-2.262105625243983,-2.245137253883925,2
-2.2591008848405387,-2.2420564892508708,2
-2.2558831624120046,-2.2395978336819287,2
-2.253091850816425,-2.2358914648870787,2
-2.2494802637053386,-2.23260489600227,2
-2.2476906935824665,-2.229924186633168,2
-2.2444734593054836,-2.2274617123463916,2
-2.243291356421885,-2.224981952926706,2
-2.241075569899305,-2.2235474357687792,2
-2.2429298227721013,-2.2220800958938813,2
-2.2449972645138665,-2.219989028854094,2
-2.243996056698368,-2.218959194728342,2
-2.2429948654303775,-2.2179292311545318,2
-2.2415997432897896,-2.216071872057098,2
-2.2377431864816817,-2.215478669906071,2
-2.2340998971432153,-2.214261125711861,2
-2.233492682253468,-2.2140582016794923,2
-2.2333121181355757,-2.21260568742432,2
-2.2335254435215024,-2.2119808923129156,2
-2.232918241042393,-2.2117778711944993,2
-2.235166482704072,-2.2111374737750022,2
-2.2355931169284133,-2.20988801300026,2
-2.235806434040585,-2.2092632826128877,2
-2.2364136158353087,-2.2094664655413805,2
-2.235839215993007,-2.2071858114362293,2
-2.2340177078407333,-2.2065759713926116,2
-2.2362658584911053,-2.2059362859374545,2
-2.2356586973807673,-2.2057329411988853,2
-2.2336567368062976,-2.2036697131256737,2
-2.2310476978590383,-2.2014024930735765,2
-2.229259257103738,-2.1987129488742276,2
-2.2286851551166205,-2.1964299647039613,2
-2.226289780779247,-2.1935352958551864,2
-2.2259292317063224,-2.1906257366626622,2
-2.2239018164707094,-2.1864776229657608,2
-2.2213425768633464,-2.1823258051100822,2
-2.219807384884911,-2.1798344326969428,2
-2.2163947863263083,-2.1781849204858137,2
-2.211745635892676,-2.1754998702064157,2
-2.206157870115451,-2.1732356796030903,2
-2.1998451658606886,-2.1707665023024543,2
-2.1939609586424798,-2.1670447167309206,2
-2.189313493850035,-2.1643583166402998,2
-2.186841650666439,-2.1622862310797153,2
-2.1821949187614678,-2.1595992441146485,2
-2.178059140655254,-2.157743336707542,2
-2.174138094773051,-2.1552607378278505,2
-2.168767465090747,-2.1523679308037593,2
-2.16318251360142,-2.1501014866025603,2
-2.1570877809332956,-2.147003023844295,2
-2.1520133141947433,-2.1455680348007036,2
-2.146429066277392,-2.143301027200039,2
-2.1412755726900112,-2.1397796037551853,2
-2.1378665799377696,-2.1381272041217834,2
-2.134673140243507,-2.1358474557164193,2
-2.1310490341657733,-2.134822052730316,2
-2.1261908680304202,-2.132759116302827,2
-2.121548592081286,-2.1300685611411314,2
-2.1177089476033206,-2.129670495189499,2
-2.1127126575641313,-2.130322621321527,2
-2.108656639194219,-2.1305525614412364,2
-2.105325222173615,-2.130987758220499,2
-2.1025024723428505,-2.132255865605993,2
-2.0968561811628508,-2.1347927142013816,2
-2.093091400732874,-2.136484416097863,2
-2.089542378569364,-2.1375486048975354,2
-2.09038861726661,-2.1605178463814845,2
-2.087192832332434,-2.158239975974345,2
-2.0844297658666573,-2.1547061168995043,2
-2.0785490765083114,-2.1509815143306295,2
-2.0768817409878224,-2.151200415581531,2
-2.0726049220856257,-2.1520619064942323,2
-2.0702118125958737,-2.152076490084692,2
-2.0683276634509493,-2.1529237495316007,2
-2.066443397044031,-2.153771102878423,2
-2.0647755924755558,-2.1539903797289686,2
-2.065501219867322,-2.154194814764301,2
-2.066010297474147,-2.1550273967208398,2
-2.0629669962928414,-2.1569268553620145,2
-2.0589809316248466,-2.159250495388619,2
-2.0540517077109346,-2.1619986337128623,2
-2.048178840845365,-2.1651716576718716,2
-2.0428139229399136,-2.169178167374069,2
-2.038023482528562,-2.16921071495179,2
-2.0330156275250513,-2.169872101962568,2
-2.0272810457985653,-2.1703299342496827,2
-2.0198760650819505,-2.1710091209228803,2
-2.012978930721207,-2.172521875501687,2
-2.006080623740509,-2.1740355690796047,2
-2.0008517190229735,-2.1753287064206877,2
-1.9953310340287764,-2.1751605162720864,2
-1.989374288599306,-2.1762509909386605,2
-1.9829080551460265,-2.1765092122983862,2
-1.9760049990545028,-2.1780267088227117,2
-1.9712086955433694,-2.1780639513959983,2
-1.9686644167527625,-2.1808040439111043,2
-1.9693911874489878,-2.1810075634223,2
-1.9656112215905726,-2.18271142535729,2
-1.9627759393840236,-2.183989568295802,2
-1.9576132066690484,-2.18737943381592,2
-1.9550674181302448,-2.1901207352923837,2
-1.95106709147203,-2.1924557958956985,2
-1.9472846631117111,-2.194161629728825,2
-1.9401556029868416,-2.1963148438547044,2
-1.934408606146567,-2.196782617794927,2
-1.930334485456079,-2.1970270537134375,2
-1.924586447915594,-2.197495661015374,2
-1.9191272884173767,-2.199427919829791,2
-1.9133778583906906,-2.1998976421931715,2
-1.9127910244137993,-2.2038814990207936,2
-1.9108273500565645,-2.2026427231410626,2
-1.9104594990510257,-2.2059964846243183,2
-1.908855447956448,-2.2083144263395713,2
-1.9047083833831522,-2.2064675567989216,2
-1.901797606845392,-2.205656436601341,2
-1.9001229424501709,-2.2058812065966986,2
-1.899245837944811,-2.2084025269732805,2
-1.8977903030984358,-2.2079970842493815,2
-1.896115433494721,-2.208222018569579,2
-1.8946598693328465,-2.2078165993206564,2
-1.8942211411871739,-2.209077400358815,2
-1.8933436848958287,-2.2115990024351326,2
-1.8929748078478266,-2.2149535855426077,2
-1.8910103712876207,-2.213715420012303,2
-1.8885375606925585,-2.211644109125988,2
-1.8873707279954601,-2.21270245876444,2
-1.8854064526705017,-2.2114641641217556,2
-1.8839506246691329,-2.2110589561476317,2
-1.883800437437495,-2.2137836786605227,2
-1.8828529248399821,-2.214211662992362,2
-1.8823444921741306,-2.2133785645863107,2
-1.881327714788931,-2.2117122973492727,2
-1.8798027685773686,-2.2092127204313847,2
-1.8803110546657251,-2.2100459362123246,2
-1.882564046797711,-2.212748011479876,2
-1.8824947966677676,-2.2106537481735096,2
-1.8823444921741306,-2.2133785645863107,2
-1.8814662736798144,-2.215900777012049,2
-1.8788429826981279,-2.2165544233884003,2
-1.8762195158234416,-2.217208210614622,2
-1.8731564999691184,-2.2191234561783784,2
-1.8698734018122352,-2.22166967739817,2
-1.8708904430369273,-2.2233357333604093,2
-1.8703128628453811,-2.220408289485567,2
-1.8674689618821496,-2.221693334067554,2
-1.8655728813291699,-2.2225501478304377,2
-1.8650644340055695,-2.2217170611618755,2
-1.8657926851344904,-2.221919395186692,2
-1.8657926851344904,-2.221919395186692,2
-1.8606949272320517,-2.2205030570129765,2
-1.8587985535240836,-2.221360105525637,2
-1.8567505707827738,-2.224943015087609,2
-1.8548538746043164,-2.225800321825025,2
-1.8527370521500508,-2.2272886394309452,2
-1.850179977144169,-2.230038978773866,2
-1.8464538561210198,-2.2338494401160673,2
-1.8434558396492982,-2.2378623528579737,2
-1.8411862355417359,-2.242077470512317,2
-1.8389164262256834,-2.2462927524915077,2
-1.8351199264258824,-2.248009854313988,2
-1.8320520002254916,-2.2499290319365297,2
-1.8306621829914373,-2.2516206812538204,2
-1.8270848860292315,-2.252707511669602,2
-1.8236596231750948,-2.25106814064889,2
-1.8181148261830415,-2.2509192586695423,2
-1.813145703875108,-2.253699346438596,2
-1.8337302997425748,-2.2497013510439245,2
-1.829933096370798,-2.2514190162658725,2
-1.829933096370798,-2.2514190162658725,2
-1.828102572194899,-2.2543730511823252,2
-1.8245248941312084,-2.255460186772817,2
-1.8202176164256443,-2.2563460681874705,2
-1.814960099781171,-2.2576621171069036,2
-1.809193124428388,-2.2581458892445063,2
-1.8034255334501257,-2.2586301543566467,2
-1.7974365116563558,-2.2597464749738005,2
-1.791734374450927,-2.262328043401931,2
-1.787932363337335,-2.2640495585202416,2
-1.782228467201973,-2.266632535447041,2
-1.7776955372490555,-2.2681538527635183,2
-1.772211005186529,-2.270106429171239,2
-1.7681193391699424,-2.2703649148639755,2
-1.763806022471604,-2.27125563212406,2
-1.7600007866531282,-2.2729797294899328,2
-1.7556865611743184,-2.27387117447433,2
-1.751593458698288,-2.2741308104409814,2
-1.7465483583534098,-2.274822022411076,2
-1.744423180981956,-2.2763170303856732,2
-1.7435364609929547,-2.2788460505549786,2
-1.742871421001201,-2.2807428156819576,2
-1.7403024439027561,-2.2835026858658765,2
-1.7386852594646651,-2.2858311443711905,2
-1.7366244805080857,-2.2894243007609827,2
-1.734785278944507,-2.2923852842708694,2
-1.73345475922852,-2.2961791666494964,2
-1.7347597110840187,-2.2993096487984843,2
-1.7370173790380878,-2.3020079798070743,2
-1.7384787769842447,-2.3024087275354113,2
-1.7375264419871623,-2.3028405735011024,2
-1.7383230491233093,-2.3051378868191073,2
-1.7380355342517362,-2.303673143720154,2
-1.7377480780111636,-2.3022083536712437,2
-1.7373048059631593,-2.303472793330963,2
-1.7344475811056768,-2.3047685072903725,2
-1.7318774900182756,-2.3075292695234424,2
-1.7314998622938482,-2.310890859911801,2
-1.7293728527037118,-2.3123873350725113,2
-1.7301696943638483,-2.3146844605906924,2
-1.727820784910218,-2.3168133668560653,2
-1.7235000660484054,-2.317710011548053,2
-1.7208630554132256,-2.318374644214023,2
-1.722325332824349,-2.3187746876930255,2
-1.7235000660484054,-2.317710011548053,2
-1.7210193402686382,-2.315645038905746,2
-1.7205101307420687,-2.3148125625866083,2
-1.7186042001814528,-2.3156772639420353,2
-1.7169200815378325,-2.3159096046177385,2
-1.7152359042632153,-2.316141992243397,2
-1.7123765247165608,-2.317439431613675,2
-1.7106921568911986,-2.3176719718266856,2
-1.7095168813304156,-2.318737082258753,2
-1.7078323815853107,-2.318969728109165,2
-1.708341547138632,-2.3198022396407705,2
-1.7097389277714026,-2.3181045337792003,2
-1.710979305319034,-2.3191370083628655,2
-1.7106921568911986,-2.3176719718266856,2
-1.7102480933247257,-2.3189370453108076,2
-1.7090727884484416,-2.32000217921785,2
-1.7074533027436871,-2.3223324805089263,2
-1.7065650583487422,-2.3248627213770767,2
-1.7052326917563239,-2.328658082679306,2
-1.7044098131877163,-2.3332856972883853,2
-1.7033651080443608,-2.3385456843146795,2
-1.7002818058647904,-2.3404771745630892,2
-1.7015232094548836,-2.341508827522528,2
-1.7003473475841222,-2.3425744074541477,2
-1.698883809606544,-2.34217537339919,2
-1.6967539124397604,-2.3436741608452163,2
-1.6923630346675385,-2.342477269955147,2
-1.6919186193150768,-2.3437426251390026,2
-1.6893437498013526,-2.346507213793462,2
-1.6855269050453074,-2.348240607250549,2
-1.684128000006595,-2.3499395338109625,2
-1.6815522656856547,-2.352704814977269,2
-1.6780216898924785,-2.355903949219865,2
-1.6750004408878674,-2.3599354658816942,2
-1.6711814267849014,-2.361670596487139,2
-1.6680943429059703,-2.363605115007685,2
-1.667361943633951,-2.3634061026922275,2
-1.667649311928031,-2.3648709631660747,2
-1.6689567116276898,-2.3679994851544155,2
-1.668289297080527,-2.369898151754599,2
-1.6676870871244542,-2.3738943212080876,2
-1.6648217272160242,-2.3751965494738396,2
-1.6602031597692708,-2.3746367259965506,2
-1.6565397709229934,-2.37364277948072,2
-1.6554552678137924,-2.3698810282384724,2
-1.656252446602167,-2.372177883794409,2
-1.6577824937105365,-2.3746733760661574,2
-1.6598229669386875,-2.3780003704454664,2
-1.657912257951752,-2.3788688982222794,2
-1.6545358123248146,-2.3793401525674724,2
-1.6524021188009268,-2.380841980023126,2
-1.6495353517485452,-2.382145335087815,2
-1.6463809672203489,-2.3819840292159675,2
-1.6503330289004037,-2.384441791569129,2
-1.6491546458967328,-2.3855093903488402,2
-1.6465102037825812,-2.386179973921692,2
-1.642686909616776,-2.387918531873897,2
-1.6403293814064632,-2.390054339782747,2
-1.6410624989081999,-2.390252776961244,2
-1.6391505293548114,-2.3911223141621036,2
-1.6358365326620756,-2.3936932780085183,2
-1.6344345348382259,-2.3953946811790914,2
-1.62891988110057,-2.397371378126522,2
-1.6277404867121863,-2.398439786792972,2
-1.6230223228486782,-2.402713890958319,2
-1.621332238501033,-2.402951008792005,2
-1.6235970594368325,-2.4056436119060063,2
-1.62168380000149,-2.406514182005889,2
-1.6238845156774069,-2.4071084019549165,2
-1.6188136909822362,-2.407820213218047,2
-1.6127854450509211,-2.408967943355524,2
-1.6074901114128526,-2.4103142749963418,2
-1.6031512609149594,-2.4112254389621057,2
-1.5968340196793775,-2.410909611487007,2
-1.5900690504399577,-2.411861791868253,2
-1.5844845309468827,-2.4117447184838507,2
-1.578389526703031,-2.4107961899418466,2
-1.5737621352911049,-2.410243432432882,2
-1.5722323080489709,-2.407747764098797,2
-1.57121256979838,-2.4060838678345196,2
-1.5663612704112868,-2.4061651494661955,2
-1.5617338057106167,-2.405612450644675,2
-1.5597563530688898,-2.4043847080045193,2
-1.5609386643494165,-2.4033139635777783,2
-1.5582275372114758,-2.4018882297837028,2
-1.558003262792571,-2.4025225623615665,2
-1.553436620015903,-2.4040708759025335,2
-1.5529879246006004,-2.4053396584331495,2
-1.5543948620860153,-2.403634299728811,2
-1.5551287564484753,-2.403832114820398,2
-1.5546801196641677,-2.405100850401059,2
-1.5510712938828828,-2.406212928155483,2
-1.5529879246006004,-2.4053396584331495,2
-1.548135423278051,-2.405421902538915,2
-1.5449750583880757,-2.4052653855625454,2
-1.5415900233199604,-2.4057435180762408,2
-1.5398974178394091,-2.40598265475802,2
-1.5377555306335697,-2.4074910434699746,2
-1.5370214603781154,-2.4072933692282543,2
-1.5357779753875995,-2.4062633829922397,2
-1.5343098641921937,-2.4058680110338226,2
-1.5353888266721007,-2.409634199046881,2
-1.5345945794336178,-2.4073349959931605,2
-1.5351040088264298,-2.4081672962499656,2
-1.5331864400127486,-2.4090413171715888,2
-1.532002912139017,-2.4101130358099088,2
-1.5305946114829005,-2.4118194861007147,2
-1.5291262071325065,-2.4114243488920764,2
-1.5274330299997239,-2.411663943335924,2
-1.5264740257266407,-2.412101129859069,2
-1.5245559292339745,-2.412975573330293,2
-1.5241062957227083,-2.4142451070602,2
-1.5253500885259648,-2.4152748468089467,2
-1.5255149921380564,-2.412538339857191,2
-1.5277777463311857,-2.415232597957127,2
-1.5251253010858292,-2.41590959019892,2
-1.5277777463311857,-2.415232597957127,2
-1.5253500885259648,-2.4152748468089467,2
-1.5253500885259648,-2.4152748468089467,2
-1.5277777463311857,-2.415232597957127,2
-1.5275530028642983,-2.4158673061346363,2
-1.5297559172026318,-2.4164597654603277,2
-1.5293065182153533,-2.417729111390411,2
-1.525634847740637,-2.416741796555815,2
-1.5263691818355802,-2.4169392595227333,2
-1.5265939399602182,-2.4163045396077365,2
-1.5271636635980546,-2.4192382747766317,2
-1.5240614382639368,-2.421184918123222,2
-1.5245109838287085,-2.4199154548182484,2
-1.5228173669634373,-2.4201554013867614,2
-1.524795874963127,-2.4213822989277194,2
-1.52265263924434,-2.4228917674886485,2
-1.5200595941212924,-2.425670910629359,2
-1.5179159479855233,-2.4271807078399785,2
-1.5150374840490777,-2.428493429420815,2
-1.512443603434308,-2.43127324159839,2
-1.510074378339933,-2.4334184160233896,2
-1.507989824513734,-2.437030610620189,2
-1.505395137722747,-2.4398110683596563,2
-1.5047201597768662,-2.441715791504116,2
-1.5018401128034764,-2.443029780733754,2
-1.5013301410739324,-2.442197914764037,2
-1.502065149425352,-2.442394837806466,2
-1.5008201986598895,-2.4413660253193434,2
-1.500085204966222,-2.441169090539425,2
-1.4991251160196786,-2.44160714563675,2
-1.5015551923535568,-2.4415629600992617,2
-1.4998601243710965,-2.441804068679179,2
-1.4976550993168374,-2.4412132995518903,2
-1.4947150659111639,-2.440425607382174,2
-1.4910400241540689,-2.4394409921700273,2
-1.487080662914785,-2.4369890750863448,2
-1.483631185458547,-2.435369094397311,2
-1.4775259354478276,-2.4344287703600536,2
-1.4740766485423347,-2.4328086370836637,2
-1.4738510402682294,-2.43344403777302,2
-1.4726067197859916,-2.432414720573874,2
-1.4706275082143332,-2.431188386432387,2
-1.4696668622733124,-2.4316268875542892,2
-1.4696668622733124,-2.4316268875542892,2
-1.4676877093326475,-2.4304005064628456,2
-1.4691576087734912,-2.430794446447617,2
-1.4698925584939122,-2.4309914164400013,2
-1.4696090305301936,-2.429523480744063,2
-1.4707953433763183,-2.428449531982851,2
-1.469777012269672,-2.4267845089196367,2
-1.468023965966598,-2.42492232806422,2
-1.467966486009466,-2.4228186395542597,2
-1.4645184010394274,-2.4211975438037783,2
-1.4632747401559172,-2.4201676984176324,2
-1.4617482548806606,-2.417669353936077,2
-1.4619741856252535,-2.417033695021967,2
-1.4612394850865744,-2.416836525492272,2
-1.458696075848625,-2.4126720311485705,2
-1.4557012155384665,-2.409778525983402,2
-1.4529890330425612,-2.4083536372885277,2
-1.4526507954363606,-2.4047797946972267,2
-1.4523686892743388,-2.4033107204648623,2
-1.4513522050441274,-2.4016442184780473,2
-1.4498833316457418,-2.4012494568690563,2
-1.446719273002909,-2.4010958977398893,2
-1.4437814675751497,-2.400306421471857,2
-1.44174937857969,-2.3969727132488963,2
-1.4404520927271527,-2.3938360923932045,2
-1.4379678197720214,-2.391773960223219,2
-1.435483781340876,-2.3897116402534078,2
-1.43198484171646,-2.3859815506479816,2
-1.4277524474620673,-2.382053293826301,2
-1.424028104772038,-2.378958440585384,2
-1.42301367262675,-2.3772902953501216,2
-1.4215455028003454,-2.3768949703416613,2
-1.4218791818464656,-2.380472463292012,2
-1.4220526748997404,-2.3777290781717575,2
-1.4227867744706924,-2.3779267289384993,2
-1.421825762085934,-2.378365523497626,2
-1.420410865442566,-2.380077255658442,2
-1.4162860729122073,-2.3803622680761123,2
-1.4133493228424108,-2.3795719467088787,2
-1.4104125727726142,-2.3787816253416487,2
-1.406234653636714,-2.3769594632151545,2
-1.4020569103938048,-2.3751371602387916,2
-1.3977040177719378,-2.376059568718931,2
-1.392616439269137,-2.3767847959318864,2
-1.3909204625062035,-2.3770266322361167,2
-1.3887693995492114,-2.3785423686161273,2
-1.3868457037962543,-2.3794212958081147,2
-1.383453163960418,-2.379905437916129,2
-1.3839083674164776,-2.3786314439404386,2
-1.3835047661600157,-2.3820138331591423,2
-1.3857079883110917,-2.3826060459975658,2
-1.3853770356063695,-2.3790263698742766,2
-1.3853770356063695,-2.3790263698742766,2
-1.387124981012633,-2.3808926353758366,2
-1.3866699241340665,-2.3821665119766386,2
-1.3871768030784715,-2.3830008545565136,2
-1.3854804452140588,-2.383242996035454,2
-1.3874043168600068,-2.3823639279936017,2
-1.3852011386821843,-2.3817716799427124,2
-1.3885937078335164,-2.381287514359718,2
-1.388873102311889,-2.382758760027528,2
-1.3920380990506924,-2.3829115679574038,2
-1.3940138513934812,-2.3841406721462715,2
-1.3966717053483872,-2.383459348771071,2
-1.3984202077491314,-2.3853251682480536,2
-1.3996617286012238,-2.3863567273075823,2
-1.3971787455280378,-2.3842935622385717,2
-1.3962170295713054,-2.3847329201971625,2
-1.3975110320879622,-2.38787217025037,2
-1.3982454834449012,-2.388069539317378,2
-1.3984727627024416,-2.387432800554288,2
-1.4016377301257492,-2.387585631959137,2
-1.403560956830722,-2.386707080366797,2
-1.4059912823463456,-2.3866626952919994,2
-1.4103443948344552,-2.3857401107495235,2
-1.4144700668297823,-2.385454394082519,2
-1.4186489826926447,-2.3872757580597668,2
-1.4215862604414244,-2.388065656877398,2
-1.4231087881243258,-2.3905671704809563,2
-1.4255927386089748,-2.392629560875701,2
-1.4273968447749148,-2.396600571261221,2
-1.4303893158719116,-2.3994959896370833,2
-1.4341167806625723,-2.402588342792864,2
-1.4378447731322161,-2.4056802733990423,2
-1.439424854060995,-2.410285416825113,2
-1.440044523572741,-2.4153288735732676,2
-1.4397036057744685,-2.4208107844933693,2
-1.4395894395547533,-2.4256563791999817,2
-1.4403806966123476,-2.427957976701437,2
-1.4397583175930286,-2.4319702969396655,2
-1.4400975519261952,-2.435543341381722,2
-1.4397585396353474,-2.4410237264282646,2
-1.4400984482249886,-2.444596230945832,2
-1.4387415445599778,-2.4484112408044965,2
-1.4352903081738102,-2.4467926686141297,2
-1.4294084867846806,-2.46332590387523,2
-1.4313898823610067,-2.46455048913087,2
-1.4305425986395548,-2.4691976466589836,2
-1.4289019031713384,-2.471544932096508,2
-1.4282809459537145,-2.475556113798312,2
-1.4283963749159572,-2.479763115218587,2
-1.4265294115749079,-2.4827463295324677,2
-1.4241521247183329,-2.484897959576367,2
-1.4227950451603313,-2.4887131102848965,2
-1.4213800312549658,-2.490424936345624,2
-1.421211785675995,-2.493164119444849,2
-1.4175291218891815,-2.4921856077269346,2
-1.4165663212589923,-2.492625834259707,2
-1.4167925891318216,-2.4919899053833525,2
-1.41605605637446,-2.4917942030397704,2
-1.4185497396047477,-2.493848799741878,2
-1.418155255468447,-2.4972238882424804,2
-1.4175347233255557,-2.5012347295571047,2
-1.4176511783302619,-2.5054409093531564,2
-1.4175418491678649,-2.510282630688428,2
-1.4198700424760808,-2.515074203841845,2
-1.4227102302832613,-2.52069602319151,2
-1.4252068157479396,-2.5227482958708123,2
-1.4262888563552316,-2.5265120190112,2
-1.4290716961250265,-2.5300300442135057,2
-1.4325924464806352,-2.5337426684354334,2
-1.4351508799117791,-2.537895131853002,2
-1.4381611748321106,-2.540776277442351,2
-1.4399834126341329,-2.5447327685540913,2
-1.4435068307001373,-2.548443256553039,2
-1.4413553426684107,-2.5499593333202277,2
-1.443055995253415,-2.549713752757036,2
-1.4438550355759734,-2.552009117651883,2
-1.4443673085721809,-2.5528391408358395,2
-1.4453303290686126,-2.5523987382407345,2
-1.4453303290686126,-2.5523987382407345,2
-1.446067975814934,-2.5525935485351603,2
-1.4462933202495485,-2.551958359120606,2
-1.447993899545807,-2.5517128372448568,2
-1.443404258760248,-2.553279566905921,2
-1.443404258760248,-2.553279566905921,2
-1.4457810472533428,-2.5511283359366477,2
-1.446518664684163,-2.55132316970605,2
-1.447993899545807,-2.5517128372448568,2
-1.447993899545807,-2.5517128372448568,2
-1.44940741836073,-2.550002208408001,2
-1.4499197060146862,-2.5508322198544704,2
-1.4486698449031525,-2.5498073394261276,2
-1.4488951600222695,-2.5491721734865536,2
-1.4486698449031525,-2.5498073394261276,2
-1.450882565275876,-2.5503919463717413,2
-1.4523577121910218,-2.5507816843354814,2
-1.4540580716210396,-2.5505363385220665,2
-1.4562087388188,-2.549020919054257,2
-1.458646422524648,-2.5489706417600253,2
-1.4603465327729221,-2.5487254954839234,2
-1.4596090472618464,-2.54853055607712,2
-1.4596090472618464,-2.54853055607712,2
-1.4603465327729221,-2.5487254954839234,2
-1.460121422862299,-2.549360497098654,2
-1.4593839226934762,-2.5491655694293396,2
-1.4610840182840032,-2.548920434890727,2
-1.4627840552435298,-2.548675347302069,2
-1.4659589459632159,-2.548820232426932,2
-1.4707341453059328,-2.553554063243169,2
-1.4769223944155883,-2.556577640822196,2
-1.4843617505454745,-2.560625101143005,2
-1.49003809310266,-2.5628183621008525,2
-1.4969009976877068,-2.5639374747601753,2
-1.504277025418432,-2.565885929829097,2
-1.5133522839324645,-2.567589942871251,2
-1.5230070574609744,-2.572219850439712,2
-1.533043533568259,-2.573484904597896,2
-1.5425651275999321,-2.5739220248451495,2
-1.5528909507974689,-2.5766503549161754,2
-1.555394806505877,-2.5786968058009823,2
-1.5605579233131373,-2.580060806511648,2
-1.5634398171629584,-2.5787453383584076,2
-1.5663214471732871,-2.5774300814799673,2
-1.564778076170656,-2.574945258585636,2
-1.5642636778007795,-2.574116937337571,2
-1.564195453713296,-2.5720218524069836,2
-1.562652610389648,-2.5695366069630516,2
-1.561110030905489,-2.567051150244321,2
-1.5610422465504907,-2.5649557131890646,2
-1.560616202103537,-2.5593024669523547,2
-1.5626251736520285,-2.553601079644398,2
-1.5548979508645804,-2.5480891579243696,2
-1.5532244491770033,-2.5414091063111393,2
-1.5528683144587152,-2.537849595193798,2
-1.5500789080171629,-2.5343368283865217,2
-1.545527601991866,-2.5289689701671296,2
-1.542226933938819,-2.524625370289167,2
-1.5381259356812649,-2.5179874384153766,2
-1.5379321687844172,-2.511693450931862,2
-1.5345066175207283,-2.50315042031397,2
-1.5304111305769688,-2.4965080751443534,2
-1.5289105649481858,-2.4870850844354493,2
-1.5264523142437731,-2.478098223875687,2
-1.52757412607078,-2.4749262088616995,2
-1.493830267083574,-2.527040011837842,2
-1.4895088493952233,-2.5210333255823336,2
-1.4858636995347059,-2.5131208832833423,2
-1.4861897543750295,-2.507650874176992,2
-1.4860664102280818,-2.5034502110007306,2
-1.4852685278677331,-2.5011539188442615,2
-1.4831620731877688,-2.4957300436985594,2
-1.4802171147782772,-2.494946295325118,2
-1.4759642289901436,-2.4910344475129342,2
-1.4725085952791357,-2.4894193965692395,2
-1.4744314115671227,-2.4885411736265883,2
-1.4746566533974903,-2.487906066374455,2
-1.4803637819739688,-2.4831707842586326,2
-1.4856194008472485,-2.479706538271298,2
-1.4905882817096767,-2.4747769270980946,2
-1.49572045383176,-2.4671121000969194,2
-1.499605711049952,-2.458420033432132,2
-1.5019762260262812,-2.4562738261081094,2
-1.5047359336913573,-2.45075676751698,2
-1.509130033992383,-2.442897470608555,2
-1.5140935647762621,-2.437972143618806,2
-1.5175263888530388,-2.4305518525443084,2
-1.5193250401601048,-2.4254736237247734,2
-1.5241216005892184,-2.4232864586727096,2
-1.5286927432949664,-2.421734541722646,2
-1.5284680584590777,-2.4223692029502004,2
-1.5286927432949664,-2.421734541722646,2
-1.5370383629393167,-2.416333441454473,2
-1.543118531364641,-2.4082402427843217,2
-1.549603358580466,-2.405817415347199,2
-1.5582275372114758,-2.4018882297837028,2
-1.5654431660046235,-2.399665694048325,2
-1.5700082404020943,-2.398118636418669,2
-1.5733910474922936,-2.3976422880032917,2
-1.578240881104442,-2.3975621801205076,2
-1.582132897721209,-2.397918308024268,2
-1.5855149719239332,-2.3974425464833313,2
-1.5844954681973338,-2.3957784624192318,2
-1.5851669722565944,-2.393876521059644,2
-1.589058299959138,-2.394233200625381,2
-1.5897917985623664,-2.3944313326291677,2
-1.5912587957688142,-2.394827596636741,2
-1.5922159971387142,-2.3943918538247324,2
-1.5936829650296644,-2.394788141307288,2
-1.5958834168660907,-2.395382572531112,2
-1.5988173526479912,-2.3961751474962156,2
-1.6001587777295736,-2.3923725324258402,2
-1.6002215051610094,-2.3944720189147723,2
-1.602645337293625,-2.39443283354756,2
-1.604335670823012,-2.394195516176559,2
-1.60698278064757,-2.3935227963807275,2
-1.6101396863086705,-2.3936820834044816,2
-1.6132964747077825,-2.393841464328144,2
-1.613583212718634,-2.395306829514011,2
-1.6143165940598578,-2.3955050554177095,2
-1.6133599057111923,-2.3959403874176086,2
-1.6152732530930312,-2.3950697468927906,2
-1.6143165940598578,-2.3955050554177095,2
-1.6133599057111923,-2.3959403874176086,2
-1.6190995960707237,-2.39332874754289,2
-1.6227023095704887,-2.3922215643213427,2
-1.622989282105328,-2.393686741707386,2
-1.6232763132711696,-2.3951518721434777,2
-1.6198329041232054,-2.393527032134033,2
-1.6215865074207585,-2.3953887669648726,2
-1.6241688377289591,-2.39261820392856,2
-1.6271018940458895,-2.393411483142998,2
-1.631214212831459,-2.3931364593283906,2
-1.6316602112208631,-2.391869836495731,2
-1.6352618547049165,-2.3907635101108724,2
-1.6383529254917022,-2.388825798993345,2
-1.6409979392580816,-2.3881547576584268,2
-1.6429097329184845,-2.387285361307436,2
-1.6440883944193914,-2.3862175395154335,2
-1.6438010261253169,-2.38475267904159,2
-1.6474659540352832,-2.3857453931210824,2
-1.6457772035428384,-2.3859814428432813,2
-1.6438010261253169,-2.38475267904159,2
-1.641824936654288,-2.383523844814963,2
-1.6398489351297627,-2.3822949401634084,2
-1.639784756581129,-2.380196615685879,2
-1.6438307421288982,-2.3778249928046122,2
-1.6471433756509395,-2.375255120544667,2
-1.6468562858540974,-2.3737900370585336,2
-1.6483217586546068,-2.374187521764954,2
-1.6497228770134864,-2.3724868228437117,2
-1.652876382076716,-2.3726488329648916,2
-1.652940897753588,-2.3747468874801765,2
-1.656094446790064,-2.3749088623888888,2
-1.659025275129082,-2.3757039257016395,2
-1.6613809857784592,-2.373569573241415,2
-1.661826134018396,-2.372303631183115,2
-1.6622712822583292,-2.3710376891248153,2
-1.6619838699910066,-2.3695728638634392,2
-1.6648491859261867,-2.368270670810153,2
-1.6629390046182326,-2.3691387760373654,2
-1.665136642166761,-2.3697354608590615,2
-1.668289297080527,-2.369898151754599,2
-1.6711541732832238,-2.36859631082598,2
-1.6749735978031755,-2.366860851570845,2
-1.6726191477202512,-2.3689941946070228,2
-1.6743064910687497,-2.3687592716837607,2
-1.6735087406281473,-2.3664628738898923,2
-1.672998724925355,-2.365631043132643,2
-1.6703565694201146,-2.36629979565722,2
-1.6693366552765294,-2.3646360402428126,2
-1.6700041137969421,-2.3627373384301613,2
-1.6714688537099747,-2.3631354100110276,2
-1.672201223666491,-2.36333444580146,2
-1.672201223666491,-2.36333444580146,2
-1.6733784487079522,-2.362267774283369,2
-1.6736008762504255,-2.361634920629111,2
-1.6750655282169653,-2.362033062634911,2
-1.6762426213386803,-2.360966496754221,2
-1.6786618509379636,-2.360930996958526,2
-1.677419655829402,-2.3598999778234884,2
-1.676909772046356,-2.359068041428838,2
-1.6778643936523512,-2.3586343644148755,2
-1.676909772046356,-2.359068041428838,2
-1.6778643936523512,-2.3586343644148755,2
-1.675380296590209,-2.356572091395023,2
-1.6763349181962077,-2.3561384143810624,2
-1.6756676795420375,-2.3580369401313774,2
-1.6750004408878674,-2.3599354658816942,2
-1.6757327228978856,-2.36013457209706,2
-1.6773545391848046,-2.35780240454525,2
-1.6771321556155794,-2.358435222987044,2
-1.6771321556155794,-2.358435222987044,2
-1.6813950573920238,-2.355435159747344,2
-1.6816173823302503,-2.354802388255507,2
-1.6827290070213845,-2.351638530796313,2
-1.6828863032615118,-2.3489081156013025,2
-1.683043716763633,-2.346177606506382,2
-1.6853969062801042,-2.3440452728942507,2
-1.6870180336527998,-2.3417136570044175,2
-1.6901025817410744,-2.3397811690694503,2
-1.6943629037536176,-2.3367831716278005,2
-1.6976687653954077,-2.3342187220877335,2
-1.6964277429068009,-2.3331867639535844,2
-1.69782587108479,-2.331488459480079,2
-1.6982702278062547,-2.33022315124618,2
-1.701862666223649,-2.329124196004356,2
-1.7052326917563239,-2.328658082679306,2
-1.7025290254128524,-2.3272263745033754,2
-1.702751145142587,-2.326593767336382,2
-1.7044360699624264,-2.3263607810987885,2
-1.7071396483593997,-2.3277925596996525,2
-1.7118157104210319,-2.330456059949414,2
-1.7164262307633322,-2.331022327308114,2
-1.7193519582055394,-2.331821475267006,2
-1.7238959547592927,-2.330291296146404,2
-1.7269104611991573,-2.326265178729477,2
-1.7309436505316498,-2.323903802676023,2
-1.734245129506352,-2.3213428626451407,2
-1.7364385016497899,-2.3219429630761113,2
-1.7402488969960768,-2.3202147341141437,2
-1.742153918776225,-2.3193507604830277,2
-1.7440588232943774,-2.3184868807518217,2
-1.744568428580184,-2.319319040158762,2
-1.7452326330802173,-2.3174229440686496,2
-1.7464732158363425,-2.3184552543274677,2
-1.748666192220547,-2.319055671670638,2
-1.7497728332768663,-2.315895804957673,2
-1.752119866538564,-2.3137684010908846,2
-1.7537358636989477,-2.3114408933221693,2
-1.756082486543665,-2.3093138181050694,2
-1.759669047203527,-2.3082195695963,2
-1.7620151130537653,-2.3060929404037775,2
-1.766043216147196,-2.3037356372589777,2
-1.7683214390114355,-2.2995136179611553,2
-1.7711087541402541,-2.2961241688823826,2
-1.7708205356967035,-2.2946599891828967,2
-1.7729443792129658,-2.2931660493197903,2
-1.7741167525393564,-2.29210326291053,2
-1.776749556400441,-2.291441998903876,2
-1.7774798009832864,-2.291642736630198,2
-1.7796705347318245,-2.2922449498091737,2
-1.7839843351358962,-2.2913538452119546,2
-1.7894693948773988,-2.2894008462546314,2
-1.7942235211218378,-2.287247661232964,2
-1.8001481151852339,-2.284033215675594,2
-1.8054099118925482,-2.2827137394094006,2
-1.809211336696162,-2.2809926937906457,2
-1.8111118732049825,-2.280132311831135,2
-1.8146236284478565,-2.2769482485242953,2
-1.81550518890905,-2.2744233599510864,2
-1.817336724469662,-2.271468515147898,2
-1.8198976251481565,-2.26871511232037,2
-1.8239171094849063,-2.266364710819049,2
-1.8269177936670324,-2.262349661854161,2
-1.830427086408001,-2.2591675704454595,2
-1.8315281575195268,-2.25601216397828,2
-1.8329179307803276,-2.254320549873455,2
-1.8348165324662133,-2.2534617172624802,2
-1.8375955806243383,-2.2500788881274545,2
-1.839425225335269,-2.247125557460336,2
-1.8434413237318967,-2.244777867318952,2
-1.8469480660244635,-2.24159781823332,2
-1.8507430414183172,-2.2398819371096863,2
-1.854826425806463,-2.2396300830981843,2
-1.7937437465040915,-2.249722444834811,2
-1.7975443504737374,-2.2480020565154373,2
-1.802956891407172,-2.2439574117117758,2
-1.8111304320637096,-2.2434482809688934,2
-1.8145549766881235,-2.2450882271265638,2
-1.8220658519083237,-2.2464739600374575,2
-1.8301693216009483,-2.2438712232875897,2
-1.8360844760736974,-2.240664336673076,2
-1.8446931977005399,-2.2388972453643508,2
-1.8500143212414173,-2.2396799786845136,2
-1.8599272618362868,-2.2410439563992277,2
-1.8621943741264388,-2.236830834117997,2
-1.8643107861637187,-2.235342845161769,2
-1.8674446498426782,-2.2355205835180882,2
-1.8683233960159775,-2.2329979485427476,2
-1.8702196524619517,-2.232140993929999,2
-1.8726245907555192,-2.232116938185987,2
-1.8747401966165782,-2.230629594791651,2
-1.8754685796652435,-2.2308318231790665,2
-1.8764165173374856,-2.230403498460049,2
-1.8776537288112394,-2.2314385083413164,2
-1.8791104949085682,-2.231842965116149,2
-1.8803477943288112,-2.232877904572481,2
-1.882243464464807,-2.23202141945929,2
-1.8827524101518929,-2.232854107053228,2
-1.8830419771083857,-2.2343172069037394,2
-1.8840600443755413,-2.2359824412417506,2
-1.8850782289046908,-2.23764758167985,2
-1.8842008312443408,-2.2401691368062107,2
-1.885877210596247,-2.239942993524652,2
-1.8879921128853354,-2.2384562135297816,2
-1.8894490548756604,-2.2388605294547475,2
-1.8928013445314917,-2.2384086184912775,2
-1.8966626824786488,-2.2387893129593195,2
-1.9003048175882142,-2.2398002788340676,2
-1.9043849186404813,-2.239551054020083,2
-1.9091930949286748,-2.2395043040807785,2
-1.9121065684923337,-2.240313264580399,2
-1.9125442412800453,-2.2390533086414415,2
-1.9132007504616144,-2.237163374733006,2
-1.9153137619010216,-2.2356781088742057,2
-1.9169171827123765,-2.233360671870976,2
-1.9161889902144509,-2.2331582908962027,2
-1.9143666890359974,-2.236105741081378,2
-1.9150949548226652,-2.236308063368707,2
-1.9186642633114204,-2.235227629884381,2
-1.9228892894632743,-2.2322578963160247,2
-1.9256575202022965,-2.2288837294478103,2
-1.9274787953382901,-2.2259371008868616,2
-1.9302464397673358,-2.222563403518203,2
-1.9321393835619354,-2.2217091015779484,2
-1.934250767991152,-2.2202251385804157,2
-1.936361976527376,-2.2187413164327534,2
-1.9379637996440344,-2.216425158815813,2
-1.9381102051763186,-2.2137034645750617,2
-1.9382567279705931,-2.2109816764344004,2
-1.939349444164927,-2.2078329603358995,2
-1.9411696053119627,-2.204887223824107,2
-1.9423340781113971,-2.203830763921367,2
-1.942115564188029,-2.2044604836660895,2
-1.9429896198815015,-2.2019416046871996,2
-1.9426993053797865,-2.200479103448629,2
-1.9435734197042578,-2.197960177519784,2
-1.945393273038551,-2.195014687495256,2
-1.9459772340965493,-2.1910331312154625,2
-1.9489609739203022,-2.1870316507877536,2
-1.9496164717171585,-2.185142526766052,2
-1.9511420335542002,-2.187641610709406,2
-1.9521592213563874,-2.189307549296755,2
-1.9529581297591978,-2.191603019829003,2
-1.9516506127975433,-2.188474591740569,2
-1.950633483626353,-2.1868086062032663,2
-1.9500534702483954,-2.1838831107515855,2
-1.9490366342321952,-2.182216890464506,2
-1.9496922199755495,-2.180327696017873,2
-1.949620976391678,-2.1782350290099988,2
-1.949112704961074,-2.1774018014915697,2
-1.9476590756221288,-2.1769948328941098,2
-1.9476590756221288,-2.1769948328941098,2
-1.946424062810797,-2.1759580623895047,2
-1.9456972627990723,-2.1757545663532856,2
-1.945915893984436,-2.175124752708653,2
-1.945915893984436,-2.175124752708653,2
-1.9431567851110074,-2.171587724511806,2
-1.940109179296801,-2.1665867396277587,2
-1.9409843489792316,-2.1640669685997125,2
-1.9416407262410544,-2.1621771403286782,2
-1.9441876141110654,-2.1594349585405475,2
-1.9443362622790126,-2.1567114684639925,2
-1.9457189558468286,-2.1550255235663105,2
-1.945430151093305,-2.1535618133663803,2
-1.9455789898119953,-2.150838170702473,2
-1.9474690606877,-2.1499861693100417,2
-1.947617928721888,-2.147262503171156,2
-1.949437928633678,-2.1443168957717393,2
-1.9493681508247533,-2.1422230550149735,2
-1.951257781967973,-2.1413714057472113,2
-1.9526400211455552,-2.1396858247116874,2
-1.9516255596847678,-2.1380177029514016,2
-1.9539524238832158,-2.135906449869351,2
-1.950303947135012,-2.1487083432837313,2
-1.9513975427943144,-2.145558922935898,2
-1.952709857585475,-2.1417796185184947,2
-1.954748122238895,-2.1382044909116704,2
-1.956856047439242,-2.1367232979615185,2
-1.9582379348308372,-2.1350379986257266,2
-1.9605641834038074,-2.13292723851821,2
-1.9618759705159903,-2.1291483566504077,2
-1.9614482257700967,-2.123496471962415,2
-1.9625416015631583,-2.1203472276769126,2
-1.9626908360410837,-2.117623268100804,2
-1.9623334993873396,-2.1140647194575486,2
-1.9639337101515597,-2.1117498529643903,2
-1.9650272325221128,-2.108600491304003,2
-1.9653955672333847,-2.1052463424836123,2
-1.966707882024549,-2.1014670380662093,2
-1.9670764512598122,-2.0981127014460004,2
-1.9686075877870817,-2.0937034307966105,2
-1.971369662271334,-2.0903341936737405,2
-1.973625326859164,-2.0861302383713483,2
-1.9756621110798864,-2.0825562962509014,2
-1.9774800589067514,-2.0796123320999307,2
-1.9771928371901701,-2.0781473542512003,2
-1.9788605684698979,-2.0779281360880972,2
-1.9802409900865463,-2.0762440105011954,2
-1.9823457638707591,-2.07476534111116,2
-1.9856806108047387,-2.074327397759493,2
-1.989452192430468,-2.0726302496681583,2
-1.9917747179350762,-2.070522470882823,2
-1.9948212438212618,-2.068620429994091,2
-1.997867417921464,-2.0667186708050913,2
-2.0016373578792486,-2.0650228373125117,2
-2.0046827697764797,-2.063121688472936,2
-2.0072913883509607,-2.062479791322982,2
-2.0091758306508734,-2.0616322971262946,2
-2.010841993551411,-2.061414334874506,2
-2.01062383141403,-2.0620437729194947,2
-2.0141741434594866,-2.0609785512207957,2
-2.0167821317507464,-2.0603371587828647,2
-2.018378238345118,-2.0580255787865998,2
-2.0200439908286683,-2.0578079451845017,2
-2.020628318330404,-2.053826095467482,2
-2.0226601775473085,-2.0502560971433095,2
-2.023750255346741,-2.0471094937928136,2
-2.0255638644797695,-2.0441690039385616,2
-2.0268718698925916,-2.040393150342899,2
-2.0284672582572405,-2.0380821454835907,2
-2.0257917641082273,-2.036627877853979,2
-2.0262971039889415,-2.03746345287019,2
-2.0278925509845855,-2.0351524010609268,2
-2.0289826287840196,-2.032005797710429,2
-2.0301418834246494,-2.030953516353744,2
-2.0313010794342805,-2.029901281947012,2
-2.0322422452262803,-2.0294783799478715,2
-2.0313010794342805,-2.029901281947012,2
-2.030003617688756,-2.026764801941189,2
-2.030370706491322,-2.0234116508073594,2
-2.03008376327198,-2.0219464499463378,2
-2.0293607303018693,-2.021739937375468,2
-2.0285689748807894,-2.019438738948633,2
-2.028064104048058,-2.0186027883327746,2
-2.027341129708944,-2.0183962288119535,2
-2.027845985883923,-2.0192321911652993,2
-2.027845985883923,-2.0192321911652993,2
-2.027341129708944,-2.0183962288119535,2
-2.0271229968870603,-2.0190256433819656,2
-2.025895181030714,-2.017983109770306,2
-2.0234397252110075,-2.015897901697125,2
-2.0212708901401584,-2.0152781527097208,2
-2.020261588207175,-2.0136058993533386,2
-2.017656165022075,-2.0142452377307123,2
-2.0162781619340873,-2.0159274266319436,2
-2.01410919494349,-2.015307783281939,2
-2.0122263649960175,-2.016153986354846,2
-2.010998783663661,-2.0151112649433642,2
-2.010057310058926,-2.015534413429773,2
-2.009183430258446,-2.018053151558796,2
-2.0088297726998157,-2.014491656805827,2
-2.0085437968919386,-2.013025681270536,2
-2.0077534779303097,-2.010723332569789,2
-2.005736163946299,-2.0073777929580032,2
-2.0022736928025324,-2.0036185004801723,2
-1.9988119252307381,-1.999858644602872,2
-1.994409285021936,-1.9965214559749338,2
-1.9904452263813113,-1.9919235836837288,2
-1.9869856867874347,-1.9881619437081142,2
-1.983242677860833,-1.982932321086606,2
-1.9800040414034843,-1.978539048155577,2
-1.97893331657877,-1.9747662636737537,2
-1.9788689328216442,-1.9726681035210678,2
-1.9790239717683544,-1.9699394958993501,2
-1.9787404291468853,-1.968471571940901,2
-1.9782375810835795,-1.967634001551577,2
-1.9777988529379051,-1.968894802589734,2
-1.9779541410663555,-1.966165995430707,2
-1.9774513662917972,-1.9653283663539352,2
-1.9786763092292503,-1.9663732005134182,2
-1.9789597785619737,-1.9678411831593117,2
-1.979965533319584,-1.9695162769880081,2
-1.9796178268072335,-1.965950016814542,2
-1.9858727601259556,-1.9753693459059285,2
-1.9822611864240063,-1.9743339073668054,2
-1.9824159175579776,-1.9716055462323538,2
-1.9830737019637485,-1.9697145911623863,2
-1.984453654532416,-1.9680308411751284,2
-1.9812814539171129,-1.965734085148334,2
-1.976445904689177,-1.9636530377754617,2
-1.9762264819853428,-1.9642834852444935,2
-1.9707324594374036,-1.9640939446035688,2
-1.9652380264724822,-1.9639047326123293,2
-1.9600259781668221,-1.9651843718411666,2
-1.9545305484749367,-1.9649959579991734,2
-1.9501968359255901,-1.9637532909023605,2
-1.94507862354115,-1.9602036153216993,2
-1.941907610203554,-1.9579059085583062,2
-1.9359096988920985,-1.956879630889766,2
-1.9366319256859903,-1.9570867890225223,2
-1.935627929858315,-1.955410286695157,2
-1.936129913114403,-1.9562485495963298,2
-1.93540770097826,-1.9560413797260843,2
-1.936129913114403,-1.9562485495963298,2
-1.9348443094881826,-1.9531025739619778,2
-1.935664065956157,-1.9484774594380347,2
-1.9348808706607628,-1.9461694063176793,2
-1.9339760901483523,-1.9396592815223883,2
-1.9361796981463488,-1.933347294839141,2
-1.9376231550071754,-1.9337624092539052,2
-1.9373421188608653,-1.9322924781848503,2
-1.937782811144963,-1.9310301043231792,2
-1.9391654753972816,-1.9293441829004756,2
-1.93938580688158,-1.9287130077071293,2
-1.940107418049994,-1.9289206588144214,2
-1.940107418049994,-1.9289206588144214,2
-1.9408290292184116,-1.9291283099217136,2
-1.9431533429684524,-1.927019099162731,2
-1.948461909563484,-1.9209079971639333,2
-1.9521672752134016,-1.9171141561060256,2
-1.9570943004648989,-1.914367778405122,2
-1.957693769421823,-1.9103738038620595,2
-1.9591359950316907,-1.91078990422589,2
-1.959295270067992,-1.9080579044698762,2
-1.9632188564862894,-1.9036345784170265,2
-1.9657608486679852,-1.9008963169501918,2
-1.9695241633230154,-1.8992057888026022,2
-1.9681811090551662,-1.8939561011833153,2
-1.9679996106946103,-1.887652289421581,2
-1.9682196783394215,-1.8870213255030333,2
-1.969320016563472,-1.8838665059102997,2
-1.9709207110334255,-1.8815512520800084,2
-1.9706404224323357,-1.880080722399022,2
-1.9743417718589065,-1.8762900974130776,2
-1.9743417718589065,-1.8762900974130776,2
-1.9731814032293187,-1.8773432708189226,2
-1.9733412938910977,-1.8746107780883712,2
-1.9712405216724829,-1.876086243143936,2
-1.9678591441202187,-1.8744117300814285,2
-1.9643173335694435,-1.8754701440365622,2
-1.961435989792589,-1.8746354549612523,2
-1.9566140136406442,-1.8725435386736464,2
-1.9499106146851766,-1.8712966986600144,2
-1.9443685517707578,-1.8689959105662695,2
-1.9381064167516175,-1.8664862389288963,2
-1.9318445455719644,-1.8639763560167246,2
-1.9263032155450208,-1.8616749810485373,2
-1.920983243044839,-1.8587416092627755,2
-1.9147222659879048,-1.8562310103637785,2
-1.9084615527704614,-1.8537202001899828,2
-1.9045831902546713,-1.8512034217425875,2
-1.8999850194736485,-1.8484775484767635,2
-1.8944454337188859,-1.8461747767473948,2
-1.8881859517523978,-1.8436629806245293,2
-1.881482816636419,-1.8424159293360987,2
-1.8757216534886538,-1.840745330486632,2
-1.8714007811278304,-1.8394923813495332,2
-1.8692403449474213,-1.8388659067809812,2
-1.8656396179800687,-1.8378217825000647,2
-1.8634791817996543,-1.8371953079315162,2
-1.8603232512862533,-1.8348855232920336,2
-1.8571676139278352,-1.832575503902774,2
-1.8545097970246616,-1.831107080861532,2
-1.852074686161206,-1.829005581153746,2
-1.8491945150043083,-1.828169953079323,2
-1.8475317527016468,-1.828385192233684,2
-1.8465890038727082,-1.8288093618816301,2
-1.8451488596632633,-1.8283915947943736,2
-1.845646225728272,-1.8292335550045529,2
-1.8449261389657998,-1.8290246831984138,2
-1.8449261389657998,-1.8290246831984138,2
-1.8430404654149317,-1.8298731633441694,2
-1.8430404654149317,-1.8298731633441694,2
-1.8434859654408537,-1.828606939586134,2
-1.8417712931258556,-1.8267140299847515,2
-1.8400053264239933,-1.822712478653088,2
-1.8372971092566814,-1.8191346978947465,2
-1.836526123866582,-1.8168168674461285,2
-1.8343156392080164,-1.8140807534607397,2
-1.8335450935503985,-1.8117625708874545,2
-1.8308890209194164,-1.8102927510850364,2
-1.8286793864103146,-1.8075559563252916,2
-1.826693322748147,-1.8041853923871543,2
-1.8315583263162587,-1.8083925703487829,2
-1.8269665902872472,-1.8056615443253285,2
-1.8240378950581366,-1.8027150561352236,2
-1.821382584630122,-1.801244625983383,2
-1.8187273914641011,-1.799774101931627,2
-1.8160723155600778,-1.7983034839799608,2
-1.8141369599747925,-1.797042031271662,2
-1.8136408691339838,-1.796199049899947,2
-1.808380135520867,-1.7953679581254764,2
-1.8061727436474335,-1.7926293675299299,2
-1.8056768726728674,-1.7917862100958821,2
-1.803566631548108,-1.7932692575692801,2
-1.8014078663511341,-1.7926414449269945,2
-1.7964187879246776,-1.7932877962144822,2
-1.7949795231801957,-1.7928693248778895,2
-1.7937641664108863,-1.7918168144006597,2
-1.7897181153106043,-1.7920387730279117,2
-1.7868395271906508,-1.7912018773046885,2
-1.782344839306063,-1.7926925715125996,2
-1.7785221245287204,-1.7922809487612739,2
-1.7744750034127321,-1.7925037642252182,2
-1.7701565056073196,-1.7912489136149148,2
-1.767772865023714,-1.7912559147875395,2
-1.7670531007317294,-1.7910467847566434,2
-1.76538913649361,-1.7912629863850942,2
-1.7627808403896168,-1.7919046253102948,2
-1.7601723683926256,-1.7925464050853606,2
-1.7573391529287505,-1.793822893037932,2
-1.753785748098153,-1.7948905913467925,2
-1.7514472749621373,-1.7970111405200608,2
-1.7491085673021303,-1.7991318774931475,2
-1.7462742525070425,-1.8004092457573915,2
-1.7439350464835535,-1.802530381805104,2
-1.740380014642767,-1.8035993829752304,2
-1.7370495064026308,-1.804033852030182,2
-1.7325486182900232,-1.8055295111959033,2
-1.726831523258637,-1.8059733406587473,2
-1.7213389664856464,-1.8057826262689307,2
-1.7175119863032116,-1.8053744191268795,2
-1.7131897947449364,-1.8041225263637823,2
-1.7088676031866648,-1.802870633600687,2
-1.7054912532424638,-1.8011920945794841,2
-1.6997284484267592,-1.799522810328778,2
-1.6941913544894067,-1.7972180432262945,2
-1.6896006298451098,-1.794486207316103,2
-1.6852362317046374,-1.7911183955796002,2
-1.6811406598051803,-1.7892302922404166,2
-1.6760570397094519,-1.7856529161859314,2
-1.6729084087552764,-1.7833372862769696,2
-1.6690399255626183,-1.7808125967620505,2
-1.6658919102339205,-1.7784964738785547,2
-1.6617976575319169,-1.7766073141653695,2
-1.6562634071979563,-1.7743002699900359,2
-1.6552764143596495,-1.7726101521755346,2
-1.6562230474921922,-1.7721828720930297,2
-1.65500956691481,-1.7711288592172192,2
-1.6528094452851079,-1.7683844468271737,2
-1.6498897352564157,-1.7654307635563686,2
-1.6462505687484743,-1.7622677037673995,2
-1.6454913388734411,-1.759940459852677,2
-1.6427997875672578,-1.7563493335694425,2
-1.640828557547536,-1.7529668912925267,2
-1.637911060839011,-1.7500114356608947,2
-1.6347668711829204,-1.7476922492927986,2
-1.6335547098029934,-1.7466371800429847,2
-1.6327969896761516,-1.7443087271669029,2
-1.632569798365104,-1.7449453955050576,2
-1.6340090337940865,-1.7453638903166286,2
-1.632569798365104,-1.7449453955050576,2
-1.6304489010564893,-1.7464369761328928,2
-1.6292368276230587,-1.7453818364581473,2
-1.6270778865330904,-1.7447541646657285,2
-1.6244266509594247,-1.7432804714919694,2
-1.621320710293178,-1.7430803732192803,2
-1.6172303272370279,-1.7411881148090185,2
-1.6129125330035876,-1.7399327007992493,2
-1.6097696918604534,-1.7376124345821715,2
-1.6049602334265423,-1.735510494479037,2
-1.6013262557619097,-1.732343279618993,2
-1.5974648669199887,-1.7298129091594419,2
-1.5943233156587997,-1.7274916100433373,2
-1.5923929143928266,-1.7262261900637856,2
-1.5935684684508526,-1.725160856619432,2
-1.5950073520938464,-1.7255796331307316,2
-1.5964462357368419,-1.7259984096420364,2
-1.5957267939153414,-1.7257890213863831,2
-1.5983410264078675,-1.725142628778178,2
-1.5973936457301043,-1.7255705074726162,2
-1.59762161390187,-1.7249332170475498,2
-1.5957267939153414,-1.7257890213863831,2
-1.5933404269903377,-1.7257982057319463,2
-1.5933404269903377,-1.7257982057319463,2
-1.591673443255834,-1.7260168252831125,2
-1.5900064008903296,-1.7262354917842337,2
-1.5876197994413328,-1.7262448639296188,2
-1.587391655376571,-1.726882295204554,2
-1.5866721402663302,-1.7266729656363466,2
-1.5833376451183376,-1.7271106272882815,2
-1.5826529930578133,-1.7290230971754212,2
-1.579283341705116,-1.7273391941217895,2
-1.5594537438114315,-1.6475551675604443,2
-1.5558635704236856,-1.6465025922875132,2
-1.552732059720876,-1.6441732529915072,2
-1.5488828661265046,-1.6416331169411826,2
-1.5452635315535748,-1.63845417632972,2
-1.542133032235478,-1.6361240271469786,2
-1.539002826072366,-1.633793643214462,2
-1.5365907571910515,-1.6316736921741057,2
-1.533461108022422,-1.6293428622170119,2
-1.5296139665129722,-1.626801082918238,2
-1.526025039033934,-1.6257475099587495,2
-1.5222060912982016,-1.6253328706727768,2
-1.5188747329085928,-1.6257680205020861,2
-1.517208965767292,-1.6259856658416751,2
-1.5157732775136807,-1.6255643305577898,2
-1.5147979229284374,-1.623864893177096,2
-1.5138499266251983,-1.6242932648460684,2
-1.5148252812104417,-1.625992702226764,2
-1.513186755089139,-1.628338250515931,2
-1.511778293197784,-1.6300448299191146,2
-1.5079854871508473,-1.6317589738943923,2
-1.5041650736401682,-1.6313455083573114,2
-1.5013198974527384,-1.6326315741008361,2
-1.4974990735250753,-1.6322184372134423,2
-1.49416572168154,-1.6326551833412424,2
-1.4893958314349245,-1.632671274959515,2
-1.4846255894023255,-1.6326876482775248,2
-1.4803424676678656,-1.6335541863104552,2
-1.477007972519873,-1.63399184796239,2
-1.473673242847891,-1.6344296974141486,2
-1.4717492909916778,-1.6331591129394738,2
-1.4707746106629145,-1.631459135634291,2
-1.4693381308908346,-1.6310384341748083,2
-1.468619891004792,-1.630828083445067,2
-1.4669272053139757,-1.6289175676103174,2
-1.4664651713466679,-1.6301970312558414,2
-1.4681326387869014,-1.6299780243675404,2
-1.4664149693695023,-1.6259377980099199,2
-1.464235676401774,-1.6231767066481382,2
-1.4596713357064974,-1.6204237432579074,2
-1.456288045725291,-1.6166010448649892,2
-1.4529054593160549,-1.6127777830726,2
-1.4504729359527335,-1.6085244946253,2
-1.449013773720731,-1.6059722398571878,2
-1.44778641999085,-1.6027796194419128,2
-1.4470455709336338,-1.600437656716096,2
-1.44605043612286,-1.5966043420039675,2
-1.4455416887227592,-1.5936217788812108,2
-1.4455190648938352,-1.5914901786226245,2
-1.4471632195909248,-1.5891401231377156,2
-1.4476040222155042,-1.5857279441721612,2
-1.4478132948352016,-1.5829559078414785,2
-1.4484860671971553,-1.5789032341163818,2
-1.4491590154521,-1.5748504195414181,2
-1.4498321396000335,-1.5707974641165876,2
-1.4500201662192573,-1.5658927242033602,2
-1.4506721616287148,-1.559706971296075,2
-1.4515778418239975,-1.555013051612148,2
-1.4536639864233756,-1.5492498664250824,2
-1.4550336207511485,-1.543274945484585,2
-1.456403518918405,-1.5372998132692857,2
-1.4570574344930414,-1.5311125227509503,2
-1.4570162323740448,-1.5268460826868413,2
-1.4555432409627862,-1.5221551851667972,2
-1.4531229568202662,-1.5178920959162596,2
-1.4509354925645788,-1.5129878311318237,2
-1.449716288543394,-1.5097886846727135,2
-1.447065852224437,-1.5061646347330893,2
-1.4434679765967129,-1.5029685104378672,2
-1.4420177409341264,-1.5004091075390065,2
-1.4410510637365643,-1.498702721564877,2
-1.4400845038009962,-1.4969962416908391,2
-1.440298496216018,-1.4942204258887273,2
-1.4400295164759953,-1.4905911236623286,2
-1.4404762701468563,-1.487174179276277,2
-1.4409231703952106,-1.483757117515335,2
-1.4423179790003129,-1.4799117545103506,2
-1.4420499080407563,-1.476281724559641,2
-1.4408169774445678,-1.470943853186176,2
-1.4407822833663282,-1.4666722016769906,2
-1.4395677551672232,-1.463469310958919,2
-1.4393011353248593,-1.4598381189968066,2
-1.4380706232573353,-1.454498310937673,2
-1.4356606728281758,-1.4502269467574536,2
-1.4334843191465758,-1.4453137849564257,2
-1.4320233764053754,-1.4406132392204984,2
-1.4307961183582272,-1.4352708254388258,2
-1.4295696811450505,-1.4299277543577773,2
-1.4297725120912173,-1.4250111595807518,2
-1.4306898745128187,-1.420307885118163,2
-1.431141245374759,-1.4168872434231048,2
-1.4311119160328207,-1.4126112959929777,2
-1.431796810353573,-1.4085489153645518,2
-1.4298599604925606,-1.402989225734684,2
-1.4307788033468576,-1.3982847657857178,2
-1.4319589013072118,-1.3972157937198002,2
-1.4309842873456784,-1.393366046523198,2
-1.4285831315661959,-1.3890876398496346,2
-1.4276095436471223,-1.3852370710288096,2
-1.427103237169666,-1.3801028365414325,2
-1.428503762297055,-1.3762528959157745,2
-1.4289577129229016,-1.3728301884226664,2
-1.4289321945958164,-1.368551189245423,2
-1.4303329835626961,-1.3647010373449646,2
-1.4324466623370675,-1.3610655203577018,2
-1.4333804630173237,-1.3584987993740185,2
-1.4343267297061288,-1.3580718127287348,2
-1.435739808788563,-1.3563615360165429,2
-1.436685987530872,-1.3559346197961943,2
-1.4366734922068236,-1.3537949089327732,2
-1.4371279558538994,-1.3503717906275536,2
-1.4378160162485312,-1.3463068747015239,2
-1.437558308317838,-1.3426685463461538,2
-1.4387137820738296,-1.3373198591161728,2
-1.438211462504226,-1.332182432031809,2
-1.4391340724001331,-1.3274749555481922,2
-1.4412360473689212,-1.3216990938731037,2
-1.4426261292571834,-1.315707799135577,2
-1.4442611012815973,-1.3112153801147528,2
-1.4463632081701316,-1.305439412802265,2
-1.4479873705116812,-1.2988059331067952,2
-1.4503231914097725,-1.2923880742735836,2
-1.4519477934838072,-1.2857542424534465,2
-1.4526279904032169,-1.2795459066175,2
-1.4540297467815613,-1.2756949800427755,2
-1.4549542328693974,-1.2709860011605763,2
-1.4554018004527158,-1.265418688271172,2
-1.455616137732207,-1.2604928795653514,2
-1.4577194318984468,-1.254715961516263,2
-1.4588785994073028,-1.2493643164390758,2
-1.4609912228237079,-1.2457296445510107,2
-1.4609729161093625,-1.2414448705292251,2
-1.462375288113181,-1.2375934509799649,2
-1.463535071247513,-1.2322413129282435,2
-1.4646950889058363,-1.2268889870767001,2
-1.466089113728703,-1.220894534954656,2
-1.4660640721858371,-1.2144654372363046,2
-1.468644152936852,-1.2095469588318206,2
-1.4695713213928379,-1.2048358319891541,2
-1.4702648637857685,-1.2007665262422709,2
-1.4704831733153672,-1.1958375366769598,2
-1.4697588366202723,-1.1913326345971686,2
-1.4706798418999742,-1.1844767262958715,2
-1.4704246042074285,-1.178686703100901,2
-1.4699360482645591,-1.1735382545144546,2
-1.4722762664874818,-1.1671168744345728,2
-1.4727313681540206,-1.161543528475871,2
-1.4746037772563518,-1.1564062366121401,2
-1.4762421352208914,-1.1519111062313794,2
-1.4776464420476412,-1.1480581373335834,2
-1.4774063449955595,-1.1465554234580058,2
-1.4774003870277674,-1.1444104776745316,2
-1.4799869534255539,-1.1416365225039211,2
-1.4806832661331324,-1.1375649983716372,2
-1.481859362527885,-1.1364992306401955,2
-1.4835093139575228,-1.1362942500511402,2
-1.48515920675616,-1.1360893164120398,2
-1.48632916929013,-1.1328787437469892,2
-1.4879788568802788,-1.1326739744327359,2
-1.488680746454163,-1.1307477012586382,2
-1.4884293930652177,-1.1249545676291088,2
-1.4881897504033716,-1.1234514898913766,2
-1.4900730493988252,-1.122604911218822,2
-1.4914826106213965,-1.1208974515039714,2
-1.4919505663194865,-1.1196132459129284,2
-1.4931260470887597,-1.1185479711560191,2
-1.4943014692270413,-1.1174827433490648,2
-1.494997752619117,-1.1134112426917575,2
-1.4947528995346975,-1.109762620558616,2
-1.4949815936724224,-1.1069750320551286,2
-1.4959124705390217,-1.1022609356277666,2
-1.4992038796398521,-1.099708059251764,2
-1.5010807955927774,-1.0967168751829117,2
-1.5036594105688472,-1.0917995705273196,2
-1.5048242066534936,-1.086443418254392,2
-1.5059892372621313,-1.081087078181639,2
-1.5066865173811674,-1.0770147793750855,2
-1.509264927148747,-1.0720976390443404,2
-1.5101964049830716,-1.06738306137993,2
-1.512302337544213,-1.061604030582835,2
-1.511821887336799,-1.0564490911650228,2
-1.5144041883294932,-1.0536785516036868,2
-1.5174541518652909,-1.0496240412010884,2
-1.5193299245137588,-1.0466337726563726,2
-1.5230850092498311,-1.0428001180360873,2
-1.5263676900682182,-1.0381045142620113,2
-1.5284726991911448,-1.0323262229267183,2
-1.5291705949356622,-1.0282534311456324,2
-1.5296347473551286,-1.0248225543602434,2
-1.5308043434453609,-1.021612275132414,2
-1.5326791633401147,-1.0186227695244767,2
-1.5338452932799598,-1.0132655491400584,2
-1.5345437899922079,-1.0091922761219259,2
-1.53547952549539,-1.0066240057897087,2
-1.536649194874368,-1.0034136678744314,2
-1.5382867320049396,-0.99891919479305,2
-1.5413336320710975,-0.994867137525631,2
-1.5446169794097262,-0.9923207167685284,2
-1.5464938583109173,-0.9914792791161187,2
-1.5488413821998623,-0.9915011991161684,2
-1.5497829946458594,-0.9932276561963302,2
-1.5511855425426724,-0.9893760957972013,2
-1.5516530585082773,-0.9880922423308274,2
-1.5521205744738822,-0.9868083888644499,2
-1.5535231223706951,-0.9829568284653245,2
-1.5537509154641853,-0.9780202447446875,2
-1.5577336312437922,-0.9735495696615803,2
-1.5546832727634818,-0.9733049628309445,2
-1.5584320400095422,-0.9694763670683795,2
-1.559834587906355,-0.9656248066692541,2
-1.561707267769691,-0.9626370147346996,2
-1.5654548330802918,-0.9588093814462226,2
-1.5663896304875085,-0.9562418623132931,2
-1.5656833590612607,-0.9538722108511415,2
-1.5677944132837531,-0.9545382290198248,2
-1.5682644279882823,-0.9554020913843093,2
-1.5699054675062492,-0.9552042471885098,2
-1.5706091522470818,-0.95542625324474,2
-1.5720165217287434,-0.9558702653571949,2
-1.5738910260745254,-0.955030729177988,2
-1.5767056477758548,-0.9559188473028133,2
-1.5760019923505233,-0.9556968177716065,2
-1.5774061741790408,-0.9539936657151848,2
-1.5799839381909173,-0.9533764759793826,2
-1.5818579734887201,-0.9525373153998213,2
-1.5802142739965817,-0.9505875728771382,2
-1.5811452094941814,-0.9458734294998195,2
-1.581142314996022,-0.9437260305811623,2
-1.5820763502002713,-0.9411591217976571,2
-1.581134159180536,-0.9372834112755868,2
-1.581601264729155,-0.9359998864589016,2
-1.5825354758263952,-0.9334328368255296,2
-1.5837057091213662,-0.9323717640896501,2
-1.5851094072441523,-0.9306689993703614,2
-1.586277024538207,-0.9274603047035335,2
-1.5888505162234807,-0.9246968193730343,2
-1.5911878098180257,-0.9204274979949059,2
-1.5932938295109444,-0.9189478309183148,2
-1.5958690137589162,-0.9183327069805607,2
-1.5982080438894126,-0.9162117117827151,2
-1.5996108332317327,-0.9145096747877375,2
-1.601949482260748,-0.9123889847646058,2
-1.6052237271369574,-0.9098498529881134,2
-1.6082642873191197,-0.9079525892573663,2
-1.6113044957152898,-0.906055607226353,2
-1.6150467032111067,-0.9043819810627927,2
-1.6192546091115947,-0.9014259568814786,2
-1.620653111469558,-0.8975776360292897,2
-1.621116428397304,-0.8941474282807711,2
-1.6218157235495347,-0.892223232642209,2
-1.6246210599739417,-0.8909690693935399,2
-1.6260221929905754,-0.889268358734812,2
-1.6271902129653792,-0.8882090583597577,2
-1.6257891532374984,-0.8899097103310432,2
-1.6262581125840612,-0.8907744177947272,2
-1.6262610803709663,-0.8929217580259401,2
-1.625323073731339,-0.8911924135235054,2
-1.6239162836381382,-0.8885982207075198,2
-1.6229760127835835,-0.884720972574403,2
-1.6232043188983063,-0.8797839780416545,2
-1.6250718245760876,-0.8768003294406856,2
-1.6253005850810442,-0.8718629710457808,2
-1.6259980850663283,-0.8677904961768945,2
-1.626695760944603,-0.8637178804581414,2
-1.6273936127158724,-0.8596451238895177,2
-1.6283248706839597,-0.8549307222874454,2
-1.6290230888989647,-0.8508576722816024,2
-1.6306558036299634,-0.8463670608340692,2
-1.6306533272850245,-0.8420696103242591,2
-1.6271484619991181,-0.8409487228658783,2
-1.628548547394022,-0.8370991343648875,2
-1.630416097045046,-0.834115450551451,2
-1.6301812845190042,-0.8304587882384027,2
-1.6299467651479507,-0.8268018911755828,2
-1.6294791180773238,-0.8237864161339239,2
-1.6283111575482376,-0.8205462354135875,2
-1.6273770576062017,-0.8166640457976406,2
-1.626676722568483,-0.8142896406524773,2
-1.6262101308558172,-0.8112733205116207,2
-1.6271440557195813,-0.810856216831997,2
-1.6259769229459788,-0.8097650900162545,2
-1.6264436982878756,-0.8106315463657872,2
-1.6266772657199358,-0.8099897722199554,2
-1.6259769229459788,-0.8097650900162545,2
-1.6262109671622547,-0.8069732173293165,2
-1.624110796726093,-0.8041487670023972,2
-1.623178572975986,-0.8002650749878697,2
-1.622946882550579,-0.7966059125896887,2
-1.622247969314559,-0.794230368908103,2
-1.6231843281794553,-0.7895118826598875,2
-1.6238871049545374,-0.7854351822949948,2
-1.6217892064695416,-0.7826089126572953,2
-1.6213232519616163,-0.7817417990083868,2
-1.6196916597705293,-0.779782361319862,2
-1.6178262949388973,-0.7784648621020178,2
-1.6157292905766134,-0.7756378764774965,2
-1.6136326380003254,-0.7728106091532414,2
-1.6122359617542479,-0.7702083174699084,2
-1.6103712418635912,-0.7688903018025535,2
-1.6085066099194236,-0.7675722157102598,2
-1.6003607053702975,-0.755615656110308,2
-1.6017633627928696,-0.7539137247527314,2
-1.603400335192724,-0.7515694206373897,2
-1.6031738922416245,-0.7479060562181772,2
-1.6020141107367358,-0.7446593259790308,2
-1.602487394934112,-0.7412211367380515,2
-1.602726320180956,-0.738425355467303,2
-1.6029653626897993,-0.7356294802966481,2
-1.6020412446751422,-0.7317392974507548,2
-1.6018163994187322,-0.7280746536452511,2
-1.6015918473173087,-0.7244097750899687,2
-1.6013675883708736,-0.7207446617849094,2
-1.601143622579432,-0.7170793137300713,2
-1.6002214100722032,-0.713187605010619,2
-1.5983663866901718,-0.7097121079216304,2
-1.5972102549648959,-0.7064624550477436,2
-1.5941879444955322,-0.7040456714593653,2
-1.592099251077192,-0.7012120306786311,2
-1.5895476373050634,-0.6975088465887822,2
-1.5881579967787296,-0.6949009209107739,2
-1.5872388623988858,-0.6910067473186512,2
-1.5856220676132402,-0.6868857435623585,2
-1.5837706207220723,-0.6834073825260791,2
-1.5828529081439306,-0.6795120703975304,2
-1.581002399348728,-0.676032958161958,2
-1.57915235960151,-0.6725534703267435,2
-1.5773027889022728,-0.6690736068918799,2
-1.5754536872510236,-0.6655933678573724,2
-1.5740671688253176,-0.6629829420942261,2
-1.572218888008038,-0.6595020457603411,2
-1.5717662211573504,-0.6564745750050172,2
-1.5706162750023474,-0.6532199689108111,2
-1.5701641358306446,-0.6501920756058865,2
-1.5694764797462017,-0.6478075175328186,2
-1.5701837340563873,-0.6458769484377793,2
-1.5687990185338716,-0.6432650789634966,2
-1.5683375053240294,-0.6423944088554467,2
-1.5664917456396505,-0.6389114936734668,2
-1.5658049397046803,-0.6365262548260429,2
-1.5660513843769959,-0.6337244522234897,2
-1.5662872970489694,-0.6330808000794299,2
-1.5641958988684923,-0.6323990419381182,2
-1.5627908522327605,-0.6341028865063869,2
-1.5632520722876109,-0.6349737913642155,2
-1.5634880289328326,-0.6343301040076916,2
-1.5637239855780507,-0.633686416651166,2
-1.5630268235357292,-0.6334591874123721,2
-1.5625656474541252,-0.6325882473420794,2
-1.5630376193755637,-0.6313008256790749,2
-1.5625874443422862,-0.6282713595506344,2
-1.5595856038273972,-0.6236884674862786,2
-1.5544821556021784,-0.6205817095143491,2
-1.551706252753398,-0.6175128697398531,2
-1.5494035237615087,-0.6131556458282628,2
-1.5477982939401844,-0.6090253811932218,2
-1.5454969574344926,-0.6046670422201839,2
-1.5436564159089237,-0.6011799484921561,2
-1.5411197676989907,-0.5974647804261313,2
-1.5350873489293217,-0.5947711588625744,2
-1.5309220176842135,-0.591243940289198,2
-1.5276907285648615,-0.5872995241362879,2
-1.5242231016988033,-0.5839991005146139,2
-1.5216894876430054,-0.5802815027883863,2
-1.5210233715287522,-0.5757299794026487,2
-1.5187281912778339,-0.5713667106842681,2
-1.516196438756218,-0.5676476222969491,2
-1.5139026509915006,-0.5632832385171227,2
-1.5118470478499173,-0.5582733832824616,2
-1.5093172741244771,-0.5545527103341374,2
-1.506550488395856,-0.5514765698415403,2
-1.50378414239972,-0.5484000772242759,2
-1.501714020349942,-0.5455515650450948,2
-1.5003576166778618,-0.5407673075382657,2
-1.498526221587948,-0.5372728896171566,2
-1.49689706950479,-0.5374612147094489,2
-1.49761069993599,-0.5355255398067342,2
-1.496951399675229,-0.5309685584886541,2
-1.4958166975796594,-0.5277017454059845,2
-1.4953777503824668,-0.524663288361042,2
-1.4958723909207983,-0.5212079975987205,2
-1.494738612263447,-0.5179404450542489,2
-1.493605185392079,-0.5146726108100435,2
-1.4940813787453635,-0.5133818087502338,2
-1.4936243068336044,-0.5125075821830425,2
-1.4924721103067,-0.5114044948661025,2
-1.4920151116836902,-0.5105302096114688,2
-1.4927295776066067,-0.5085938656718856,2
-1.494139094855928,-0.5068864411695024,2
-1.4953103981666072,-0.5058245115969306,2
-1.4955485241587478,-0.5051790870920474,2
-1.492987162168511,-0.5057831425777604,2
-1.4862751120248703,-0.5028482537386729,2
-1.4832566488073766,-0.5025781061321748,2
-1.4825616121387224,-0.5023491749574891,2
-1.4816281709806933,-0.502765891299978,2
-1.4813897664913132,-0.503411538817149,2
-1.4797612007181282,-0.5035993944098838,2
-1.4804562813600324,-0.5038282903721019,2
-1.4802178622129034,-0.5044739496267638,2
-1.4774374810142987,-0.5035584127278483,2
-1.4934830486155484,-0.5023268541288832,2
-1.4913981584758318,-0.5016398845424934,2
-1.489551540905751,-0.5003073730763372,2
-1.487943327825052,-0.4983292140930047,2
-1.487725070819657,-0.49680901135895184,2
-1.485660679949918,-0.493955909821608,2
-1.4814916032424588,-0.4925814072493644,2
-1.4780382237088716,-0.489269574788473,2
-1.4764521369083372,-0.4851239809929133,2
-1.473933283206243,-0.4813945636153534,2
-1.4711762448810113,-0.47831061769262817,2
-1.4679639228894548,-0.47435101322907336,2
-1.4645133576437637,-0.47103692717030654,2
-1.4615187796363713,-0.46859793625291246,2
-1.4578300297675408,-0.4659293216489875,2
-1.4550752487357226,-0.462843568152973,2
-1.4523209074363912,-0.4597574625322931,2
-1.4498063337971399,-0.456024617807973,2
-1.4465980866599342,-0.4520617503224962,2
-1.4440847442716365,-0.44832791964910435,2
-1.43970451956727,-0.445427521660692,2
-1.4355643996512235,-0.4418801146063913,2
-1.436283482765221,-0.4399400733578016,2
-1.4356144859958366,-0.43754057346135333,2
-1.434782053018747,-0.42927753847689765,2
-1.435073079643395,-0.42429031922910454,2
-1.4358183492341539,-0.4201795918838638,2
-1.4358183492341539,-0.4201795918838638,2
-1.4362722110987818,-0.42105638896112296,2
-1.4362722110987818,-0.42105638896112296,2
-1.4360323848077048,-0.42170317501472,2
-1.4353386673365023,-0.4214731874660327,2
-1.4332834961911676,-0.418612703048165,2
-1.428427781705496,-0.41700254372009127,2
-1.4247459209789124,-0.41432841249637953,2
-1.423145256639181,-0.41234420870625854,2
-1.4217580269052696,-0.4118840692840422,2
-1.4164221907894614,-0.4115678576628081,2
-1.4146089126778776,-0.4080589322054031,2
-1.4111686371723042,-0.40473660642942555,2
-1.411649462374415,-0.4034420953231219,2
-1.4091158845556322,-0.40187418532588737,2
-1.4068511191348367,-0.39748656131802207,2
-1.404799231325379,-0.3946234477026369,2
-1.4022950353727435,-0.3908822928361708,2
-1.4025644780539572,-0.3880620741135168,2
-1.4016883641687663,-0.3841334509914418,2
-1.4006011609176703,-0.378678885503243,2
-1.398099192942949,-0.37493594653846074,2
-1.395356870998171,-0.3718402161768726,2
-1.3937598857535516,-0.3698530662770363,2
-1.3921630764019266,-0.3678657755273331,2
-1.389180649668834,-0.3654170542316315,2
-1.3873431052456624,-0.36407727725983996,2
-1.3839095136738422,-0.36074959918891736,2
-1.3818620378469753,-0.357882952589371,2
-1.3781880336740997,-0.35520253007160285,2
-1.376141290734699,-0.3523352965976123,2
-1.3743046111187525,-0.35099482711397023,2
-1.3706315157263447,-0.3483136768718893,2
-1.3671681318713915,-0.34715957231989414,2
-1.3634630308756854,-0.3466537679575641,2
-1.3593068823032493,-0.345268912920103,2
-1.3535234285240811,-0.3440709040513319,2
-1.3488831714136555,-0.3439831893176919,2
-1.343099160640012,-0.34278562647349986,2
-1.3380076800598601,-0.3418190019145957,2
-1.334335727971908,-0.33913693614837825,2
-1.3320495398429184,-0.3369161835532708,2
-1.3295211508674445,-0.33534411848496504,2
-1.3253999247904478,-0.33178158180745854,2
-1.3205513926020078,-0.3301656711098211,2
-1.3159456035967896,-0.3279006385982939,2
-1.3118257113749916,-0.32433703380929835,2
-1.3065279638285041,-0.321840605250415,2
-1.3021660759687084,-0.31892552366337235,2
-1.2968689000744487,-0.31642863734242255,2
-1.2938927615158722,-0.3139748806639808,2
-1.2904302571258874,-0.3128200718626477,2
-1.2860696151747995,-0.3099039925890512,2
-1.2814658489390034,-0.3076373403040513,2
-1.2777983528068848,-0.3049517063412104,2
-1.2739262606918675,-0.30073493030465137,2
-1.2698111615541432,-0.29716748735678067,2
-1.2673251412108275,-0.29341177800406193,2
-1.2639035103625655,-0.2900745221421932,2
-1.2586098376704253,-0.2875748305613932,2
-1.254944979933212,-0.2848870838505455,2
-1.2512804739819838,-0.28219905543996404,2
-1.247168584891389,-0.27862904198202365,2
-1.2432604269764749,-0.27659086310964476,2
-1.2395970056987053,-0.2739019661248818,2
-1.2363813340040366,-0.2720947607502584,2
-1.2315370085896937,-0.27047548139330324,2
-1.2276295542467537,-0.26843673912145327,2
-1.2223382414522774,-0.2659351578049396,2
-1.2186761980029548,-0.26324515749622,2
-1.214322547798357,-0.26032347944041234,2
-1.2118435778325356,-0.25656212435553094,2
-1.2103022997720814,-0.25238064905637714,2
-1.3213332612494977,-0.2968390824943423,2
-1.3162834310717884,-0.29368938878798545,2
-1.312898305755903,-0.2881731836372712,2
-1.3092335066496883,-0.28548538997646844,2
-1.3013800843197512,-0.2835884627575975,2
-1.2942181954563505,-0.2819232719732643,2
-1.2882351000135976,-0.2791901537595258,2
-1.283227228051068,-0.27385714441844833,2
-1.276389506983831,-0.267178195923897,2
-1.2708965297563477,-0.2631431250358869,2
-1.2621494991098867,-0.25948130046067597,2
-1.254786063075473,-0.25628252620493797,2
-1.2488061337066032,-0.2535468726935921,2
-1.2470181255550852,-0.25001771180531307,2
-1.2438051215708192,-0.24820837020770625,2
-1.2429541017526997,-0.24425965250462234,2
-1.2362845004514806,-0.24129077189765447,2
-1.2298601927818869,-0.23767072715372706,2
-1.2272263096823064,-0.23018872870375695,2
-1.2210493623870065,-0.22591586483693327,2
-1.2167463917585124,-0.22080388734050516,2
-1.215208910055173,-0.216619372031726,2
-1.2136266118755081,-0.21462046116799982,2
-1.2100171241942217,-0.2097386590200827,2
-1.2068539056633423,-0.20573973396867729,2
-1.2052263805903731,-0.2059267561997018,2
-1.2017717180963476,-0.20476566784180505,2
-1.1999447272527899,-0.20341743987799532,2
-1.1969818979307174,-0.2009530255596239,2
-1.1965837579080105,-0.197881891345558,2
-1.1952491279153818,-0.19522991487167296,2
-1.1944067561694407,-0.19127427205012992,2
-1.1935648241559829,-0.18731827710392324,2
-1.1922788656277845,-0.18247760922539769,2
-1.1907474522327188,-0.1782882345962058,2
-1.1889704080777896,-0.17475029406622156,2
-1.1870248300920032,-0.17169652716970063,2
-1.1860838688160449,-0.16807509709953194,2
-1.1844519458865772,-0.16421990794553487,2
-1.1833844234765891,-0.15890149068507498,2
-1.1810605955944204,-0.15481063829689568,2
-1.1787361171610833,-0.15071847270158045,2
-1.1757201241057462,-0.1463914317963706,2
-1.1724212477119451,-0.14279462607689553,2
-1.1685577756333103,-0.14066065450174214,2
-1.16441220087761,-0.13925849396088807,2
-1.1615212076334984,-0.13662528854884215,2
-1.1604210779917423,-0.13542533557348868,2
-1.1591933788616497,-0.13252635993677941,2
-1.1582470830661116,-0.12889416156809475,2
-1.1570187496486302,-0.1259939055544237,2
-1.1563533204829408,-0.12162740105788039,2
-1.1563787065967457,-0.11749436017356274,2
-1.1547394974941998,-0.11362446309963659,2
-1.1553270397259574,-0.10802366354423754,2
-1.1557613661351045,-0.10485635692894313,2
-1.156195562434016,-0.10168878767222367,2
-1.1555276611738883,-0.09731729298856173,2
-1.1552696922996333,-0.09391353521480639,2
-1.153909105425404,-0.08930480144840125,2
-1.1518559467835257,-0.0844590584104985,2
-1.1511859800234419,-0.08008339429418143,2
-1.148569201523486,-0.07670245521130425,2
-1.1456709383700758,-0.07405457470951227,2
-1.142491434519897,-0.07214024524147433,2
-1.1383388338115878,-0.07072390206355195,2
-1.13557043333938,-0.06977967327826562,2
-1.1330827205954463,-0.06810077723316432,2
-1.1301833515050532,-0.06545066427923629,2
-1.1297717927412663,-0.06447964435148812,2
-1.1283874623949277,-0.06400726731741813,2
-1.1290796275680925,-0.06424345583444868,2
-1.1290796275680925,-0.06424345583444868,2
-1.1276952972217575,-0.06377107880038224,2
-1.1283874623949277,-0.06400726731741813,2
-1.1285369212845442,-0.06156619060609714,2
-1.127021264516877,-0.059387207139462106,2
-1.1252249688122689,-0.05794298942318221,2
-1.123577432654777,-0.05405628329791412,2
-1.1224900033790561,-0.04869768189908008,2
-1.1222262771269662,-0.04528230224217111,2
-1.1226548461582766,-0.042103373743721306,2
-1.122803036473119,-0.039659736278485624,2
-1.1240720585751127,-0.03427355581290392,2
-1.1254732202874003,-0.03059562328881249,2
-1.1275672627791415,-0.027155323809603615,2
-1.129661467908674,-0.023715352632182274,2
-1.1300895002352735,-0.02053534073784391,2
-1.1303697488415096,-0.01979978706320651,2
-1.12883600839689,-0.021768585230992343,2
-1.129676705424263,-0.01956182571653642,2
-1.1298243102430519,-0.017117006364875564,2
-1.1289984929281296,-0.015169516699762298,2
-1.1267862309755685,-0.012745382077383738,2
-1.1262401743535069,-0.010061353832281128,2
-1.125546968298469,-0.009823064183827057,2
-1.1258270380031359,-0.009087149377224435,2
-1.1270804322588432,-0.0078537079030081,2
-1.1254138691252074,-0.008112879261812367,2
-1.1245874337866741,-0.006164142049918553,2
-1.1218143493460584,-0.0052104581732557165,2
-1.1200144430824732,-0.0037589521573675455,2
-1.1168278319607836,-0.0018302759013675285,2
-1.115307474960927,0.00035819548683058144,2
-1.112813842201371,0.002049041716874811,2
-1.1087878188908658,0.0017683648743265223,2
-1.1061486956038173,0.0010101238295199266,2
-1.1060145392849048,0.002722442713132267,2
-1.1064282773951053,0.0017470235414727142,2
-1.1067078591863968,0.0024839232534290545,2
-1.1076807771429547,0.002982270675506271,2
-1.1093470800561214,0.0032419673171659724,2
-1.1083741133082263,0.002743718385625371,2
-1.107960375198024,0.003719137557281371,2
-1.1058803179108754,0.004434892917457134,2
-1.1028274239860636,0.004652136704661913,2
-1.100333498478479,0.006343573877924058,2
-1.0978394428606641,0.008035273692605926,2
-1.0957593367821765,0.008751127543314752,2
-1.0935443425147149,0.011180777635662054,2
-1.0906356542788398,0.013849702281817144,2
-1.089527913188423,0.015065019780667654,2
-1.088420107042884,0.01628046860023069,2
-1.0880057183815168,0.01725720097902439,2
-1.0877349336492586,0.020686828933367707,2
-1.0878784725232489,0.0231398558296263,2
-1.086634623460414,0.026071431833496916,2
-1.0862199420510201,0.02704875515549965,2
-1.0871925835233345,0.027547660690606435,2
-1.0863631231218704,0.029502504315683353,2
-1.0878862612279683,0.027308418966979886,2
-1.0869136034918725,0.026809546262052564,2
-1.0866420706257713,0.03024068440459793,2
-1.0892812427041623,0.03099882695886791,2
-1.09039722788512,0.033951153352376195,2
-1.090540343900848,0.036405033833277756,2
-1.0923502019517901,0.039117724541021914,2
-1.0920639048652063,0.0342100948999331,2
-1.0931800201563977,0.03716215865201633,2
-1.0947110608136672,0.039136406629419085,2
-1.0965212604039678,0.041848407903417595,2
-1.0972224665928554,0.045778254600001844,2
-1.0973654524983552,0.04823239772232668,2
-1.0984815677895448,0.05118446147440814,2
-1.0986243910572515,0.05363893289852051,2
-1.098767116742284,0.05609360130370078,2
-1.0986307648131781,0.057810352261398634,2
-1.0987733115966378,0.060265381798544126,2
-1.0987733115966378,0.060265381798544126,2
-1.099883101923238,0.05904592769721262,2
-1.098494347828959,0.05952723453980724,2
-1.0991887248760968,0.05928658111850993,2
-1.0989097448446383,0.058548466689952505,2
-1.0991887248760968,0.05928658111850993,2
-1.099604105628,0.058307846098836436,2
-1.0991887248760968,0.05928658111850993,2
-1.0977999707818196,0.05976788796110455,2
-1.0976634562149243,0.061484967220586384,2
-1.0976634562149243,0.061484967220586384,2
-1.0964112166875442,0.06024919480369917,2
-1.0971055937346819,0.06000854138240186,2
-1.0977999707818196,0.05976788796110455,2
-1.099467704907557,0.06002469554706735,2
-1.1005774789703775,0.058805274275911756,2
-1.1014081428915006,0.05684800121763445,2
-1.1004347695491248,0.0563505730405538,2
-1.1009928271947178,0.057826604916595414,2
-1.1005774789703775,0.058805274275911756,2
-1.098494347828959,0.05952723453980724,2
-1.0932181651092971,0.06219087181035299,2
-1.0919661370110436,0.06095467260114873,2
-1.0922394588928572,0.057519923138976026,2
-1.0893201683184657,0.05602596426863826,2
-1.0862644444960718,0.05624892050689034,2
-1.0823728377249502,0.054255399497876056,2
-1.0777876508318656,0.05250092323141864,2
-1.0744541992890095,0.051983237117374514,2
-1.0730660632183433,0.05246329641319214,2
-1.0709838591123422,0.0531833853569168,2
-1.067235156927822,0.053644171621122894,2
-1.0661253828650032,0.054863592892271384,2
-1.0640431787589986,0.055583681835996046,2
-1.0618233378853414,0.05802311532151272,2
-1.0589091037007616,0.06070323505850084,2
-1.0555784153548569,0.06436425660694312,2
-1.0546062130045808,0.06386446465701567,2
-1.0537738576504196,0.06582515205385242,2
-1.0533576311820028,0.06680559424280119,2
-1.0518308337255853,0.06900706638164777,2
-1.0500259670093453,0.0704685856019509,2
-1.0494709653087249,0.0731706704451831,2
-1.0496101292261102,0.07563252865943504,2
-1.0487769932105486,0.07759479190483276,2
-1.0482214873327749,0.08029789448359637,2
-1.0483602771832423,0.0827605077919511,2
-1.0462768045024617,0.08348315748959045,2
-1.0465544996953664,0.08422386550224203,2
-1.0458604495693251,0.08027957352715553,2
-1.0415554299635872,0.07926081508623106,2
-1.0422498070107231,0.0790201616649302,2
-1.0469707082544915,0.0874277449362797,2
-1.0462761360420032,0.08766879231971991,2
-1.0447476471525512,0.08987367879711883,2
-1.0441911817118026,0.0925787183564104,2
-1.0443292234284272,0.09504284185296896,2
-1.0437724164483164,0.09774857084600441,2
-1.0434929143304092,0.10119579577597015,2
-1.0402986608780154,0.09895561342301207,2
-1.042520614397457,0.10069620080711772,2
-1.041408465822876,0.10192041528431517,2
-1.0409910846261372,0.1029031884159366,2
-1.041408465822876,0.10192041528431517,2
-1.0409910846261372,0.1029031884159366,2
-1.0416859170590929,0.10266161574964094,2
-1.0423807494920485,0.10242004308334707,2
-1.041408465822876,0.10192041528431517,2
-1.0409910846261372,0.1029031884159366,2
-1.0394613596894686,0.10511056998689661,2
-1.038071629768437,0.10559384664019511,2
-1.036681899847407,0.10607712329349361,2
-1.0357097300246902,0.10557726568321257,2
-1.0370994274181609,0.10509405469026767,2
-1.0357097300246902,0.10557726568321257,2
-1.0364045787214238,0.10533566018673923,2
-1.0368220900283998,0.10435262441369275,2
-1.0368220900283998,0.10435262441369275,2
-1.035014881327955,0.10581887117968414,2
-1.0334848148519207,0.10802694218438802,2
-1.0305685981317971,0.10652677841033231,2
-1.0283474578013134,0.10478454951730676,2
-1.0283474578013134,0.10478454951730676,2
-1.0302914071160458,0.10578505266214933,2
-1.0286246162895036,0.10552634092584512,2
-1.0276526741596932,0.10502602369306402,2
-1.0290422414429319,0.1045430753415495,2
-1.0283474578013134,0.10478454951730676,2
-1.0254276939318085,0.10747583151495732,2
-1.0218173929125687,0.10621573021898811,2
-1.0193152704602717,0.10792371380216004,2
-1.0188974176139354,0.10890743900895394,2
-1.0188923091417514,0.1131020364777875,2
-1.018333143913658,0.11581252584669244,2
-1.015830224536181,0.1175221181086119,2
-1.0140221375916614,0.11899013770423394,2
-1.0127673592692084,0.12194377558799374,2
-1.0108172280728684,0.1251400367037565,2
-1.0098384047189484,0.12883789542925506,2
-1.0077530291760013,0.12956438625777267,2
-1.0055254792710038,0.13201938124785073,2
-1.0053832398538312,0.13374801673013081,2
-1.003155267090575,0.13620386530485007,2
-1.0025939062522902,0.13891878674784053,2
-1.003289177807284,0.13867632766672955,2
-1.0055173782634483,0.1362200194695138,2
-1.0067655355822538,0.13746403226117465,2
-1.0055173782634483,0.1362200194695138,2
-1.0067655355822538,0.13746403226117465,2
-1.0057853623346595,0.14116461589148166,2
-1.006195602086823,0.14438054400099887,2
-1.004938432988828,0.1473390079209871,2
-1.0034046746349166,0.149554531376193,2
-1.0024232165487685,0.1532577085905924,2
-1.0010321204702848,0.15374374297888238,2
-1.00187072111566,0.15177044879353474,2
-1.0000603735058267,0.15324303178396015,2
-0.9995079756553906,0.1517555750058346,2
-1.0035380323831333,0.15202810996413874,2
-1.0024329114066806,0.14905385301145202,2
-1.00201370866667,0.15004030312305083,2
-1.003814312627247,0.15277167420230775,2
-1.001737444686336,0.14929670605470058,2
-1.0027091916507924,0.1497974172496228,2
-1.00187072111566,0.15177044879353474,2
-1.0002034749032944,0.15151265630222532,2
-0.9952021265969115,0.15073849090400593,2
-0.9924308002899647,0.14750434032858983,2
-0.9906311558923608,0.14477103226880494,2
-0.9893837467073983,0.1435255092889367,2
-0.9888316416049872,0.14203746156759678,2
-0.9899460345810969,0.1408087165257772,2
-0.9888316416049872,0.14203746156759678,2
-0.9892508118174383,0.14105107711635156,2
-0.9886986741874715,0.1395630950553688,2
-0.9889747430024549,0.14030708608586195,2
-0.9899460345810969,0.1408087165257772,2
-0.9913364801084086,0.1403239953446267,2
-0.9914794351318665,0.1385939153344964,2
-0.9909271673916642,0.13710619591494222,2
-0.9927364578558446,0.135635746886118,2
-0.9920413164110826,0.13587794332579683,2
-0.9924602751944072,0.13489198566687577,2
-0.9942694192845725,0.13342183210965075,2
-0.993155400375386,0.13464982205737108,2
-0.9942694192845725,0.13342183210965075,2
-0.9959359010993154,0.13368116761934878,2
-0.9960695190680013,0.13615422092443907,2
-0.9963457667845557,0.13689785082296524,2
-0.9963457667845557,0.13689785082296524,2
-0.9996791532722895,0.13741566825772722,2
-0.9992602270165261,0.1384015602562947,2
-0.9980212766422571,0.13295467679083828,2
-0.9956596371189796,0.13293757055099853,2
-0.994554581197642,0.1299631822775993,2
-0.9951157793981356,0.12724858913639459,2
-0.996095383413456,0.12354915456233506,2
-0.9973509911886485,0.12059384233947057,2
-0.9995775977944525,0.11814075149973924,2
-1.0023569925813955,0.1171743295138512,2
-1.0058244036322925,0.12016437949924175,2
-1.0066541226087118,0.12239329938412169,2
-1.0067959229038461,0.12066555031665516,2
-1.0080440802226533,0.1219095631083249,2
-1.0094340378365878,0.12142582683252279,2
-1.0087390590296206,0.12166769497042296,2
-1.0074908691832576,0.12042374783911569,2
-1.0070725121597661,0.12140849078143745,2
-1.0077674747029555,0.12116665547371852,2
-1.0070725121597661,0.12140849078143745,2
-1.0065193336479297,0.11992260985187464,2
-1.0062427443920114,0.11917966938709235,2
-1.0061078415847717,0.11670920966609799,2
-1.006802706545285,0.11646757133944874,2
-1.007915782155278,0.11524148554207869,2
-1.009305479548745,0.11475827454913379,2
-1.0086106308520115,0.1149998800456089,2
-1.0086106308520115,0.1149998800456089,2
-1.0098588532259338,0.11624376151655724,2
-1.0091639720016392,0.11648543267338773,2
-1.0088873014268245,0.11574265635949743,2
-1.009305479548745,0.11475827454913379,2
-1.010418457576069,0.1135323857328352,2
-1.0108365543790914,0.11254816807336887,2
-1.011254618654558,0.11156401607425437,2
-1.0120906496228166,0.10959590905710215,2
-1.012790785693305,0.10515934495983537,2
-1.0137673158543592,0.10146611528949023,2
-1.014743455684716,0.09777367354342736,2
-1.0139126632988713,0.0955469204503192,2
-1.0159961847709873,0.09482417226214679,2
-1.0140532763381227,0.0938215679858807,2
-1.0147477509679366,0.09358071758351372,2
-1.0143302233971827,0.09456378618673611,2
-1.0128049401177464,0.09257791632617973,2
-1.0125320443852193,0.08764323461808665,2
-1.0151726330579152,0.08421423215402157,2
-1.0160070701758102,0.082249342494352,2
-1.0186441116991247,0.08301178580199142,2
-1.0203098616438044,0.08327259866971914,2
-1.021698485627848,0.0827915544685478,2
-1.0215611757812848,0.08032595361396133,2
-1.0222554389819685,0.08008553000390961,2
-1.0225326625252755,0.0808271900917319,2
-1.0228098860685844,0.08156885017955773,2
-1.023224419458451,0.08477611112197181,2
-1.0247504508717284,0.08676047079432436,2
-1.0265538196747706,0.08948626074325183,2
-1.0289145321626378,0.08950523830325707,2
-1.0319698493905491,0.08928310281947027,2
-1.0329417264652392,0.08978355137296212,2
-1.0344684084296905,0.09176659783817698,2
-1.0347457946107887,0.09250792962421528,2
-1.0343285760518377,0.09349037445405273,2
-1.034048716130787,0.0969383216479418,2
-1.03265937654046,0.09742081037695982,2
-1.0312700369501329,0.09790329910597606,2
-1.0301579371668872,0.09912741509264222,2
-1.0296001868875848,0.10183504823602796,2
-1.0300142161002999,0.10504332691397167,2
-1.0311229801632926,0.10801022990669296,2
-1.0329266742419154,0.1107353632520578,2
-1.034035503360025,0.11370213492406478,2
-1.0318139889626217,0.11196066112513847,2
-1.0312596394586837,0.11047714396842068,2
-1.0309824647067156,0.10973538539006178,2
-1.0309824647067156,0.10973538539006178,2
-1.030287567218645,0.10997708937706996,2
-1.0347304984307737,0.11346023395598692,2
-1.0355580364152672,0.11987784187758521,2
-1.035140085986253,0.12086176406545235,2
-1.0368075761553008,0.12111906410408757,2
-1.0384751313794673,0.12137623282201027,2
-1.039724817493516,0.12261715957690633,2
-1.0415331321309473,0.12114868035878246,2
-1.0436187028392414,0.12042179556812904,2
-1.0447316971303415,0.11919587392165454,2
-1.046676882492294,0.12019388197293779,2
-1.0468172190473002,0.11846908762153419,2
-1.0468172190473002,0.11846908762153419,2
-1.0458446263663213,0.11797008359588546,2
-1.0461220450749806,0.11871134972157193,2
-1.0461220450749806,0.11871134972157193,2
-1.0445946637680272,0.11672971495402606,2
-1.0425092882250802,0.11745620578254368,2
-1.044176924768145,0.11771321034957438,2
-1.0432044134060607,0.11721404217303544,2
-1.0444543109492415,0.11845454213561268,2
-1.0432044134060607,0.11721404217303544,2
-1.0450090833114416,0.11993720570768929,2
-1.0447316971303415,0.11919587392165454,2
-1.04236883782362,0.11918122994519287,2
-1.040560653296426,0.12064944652189169,2
-1.0415331321309473,0.12114868035878246,2
-1.041392519091696,0.12287403282322273,2
-1.040697296328041,0.1231163934137971,2
-1.0391660751236813,0.1253267953611683,2
-1.0394432986669884,0.12606845544899414,2
-1.0390252343915218,0.12705260744810865,2
-1.039161519619995,0.12952027660393384,2
-1.040688478068688,0.1315027649561209,2
-1.0397109558171032,0.1351979972673476,2
-1.039428558746497,0.1386510659690714,2
-1.0372006185107985,0.14110684888343172,2
-1.0372006185107985,0.14110684888343172,2
-1.0376132490385022,0.1443179509567205,2
-1.0356679986214292,0.14332007422614979,2
-1.0373362043967678,0.14357592973693478,2
-1.036640607566186,0.1438190454216155,2
-1.0362280258298249,0.14060784485778832,2
-1.0351139743930755,0.14183590046586048,2
-1.0326087292951733,0.1435501874432905,2
-1.0305220363861132,0.14427933751625943,2
-1.02746294596143,0.1445090896014385,2
-1.0275978487686714,0.14697954932243462,2
-1.0263413627494025,0.149936634374928,2
-1.0275905772138554,0.15117851320499653,2
-1.0282862553633283,0.15093523336942738,2
-1.0303732898117524,0.1502053938627128,2
-1.0320483442836395,0.14626313907557886,2
-1.0321834259924518,0.14873323766461155,2
-1.0328721741264744,0.1526882322778551,2
-1.0330070281423769,0.1551587904893843,2
-1.0320269199499013,0.15885924279897878,2
-1.032295912375421,0.16380180374989095,2
-1.0314575068954,0.16577470397309746,2
-1.0306272512142698,0.16354686748410252,2
-1.0296625806392754,0.15884758636875773,2
-1.0268872209150874,0.15562157767758933,2
-1.023416508317009,0.15263819221841857,2
-1.022997500742349,0.1536242483678798,2
-1.0232741713171638,0.15436702468176833,2
-1.0242465688327886,0.15486642266955286,2
-1.0260491081830931,0.15759388695757792,2
-1.0278517776436313,0.16032108860417793,2
-1.030073747426849,0.16206164315810412,2
-1.0324382656390458,0.16207293845636705,2
-1.0348028814339187,0.16208403677354966,2
-1.0364716401777425,0.16233877605827374,2
-1.0384173785081874,0.16333566788349252,2
-1.0398093528307477,0.1628478606655719,2
-1.0400862998898077,0.1635900788664273,2
-1.0409171410669895,0.16581673346899706,2
-1.0381329322014068,0.16679287318769553,2
-1.0381329322014068,0.16679287318769553,2
-1.0373022861895738,0.1645658246229864,2
-1.037998289614631,0.16432188818384397,2
-1.0389712075711923,0.1648202356059194,2
-1.0404980196458755,0.1668030194297092,2
-1.0409171410669895,0.16581673346899706,2
-1.0404980196458755,0.1668030194297092,2
-1.0409171410669895,0.16581673346899706,2
-1.0399441580553148,0.1653185173676377,2
-1.037998289614631,0.16432188818384397,2
-1.0370254041856306,0.1638234751014167,2
-1.0364716401777425,0.16233877605827374,2
-1.035498819803859,0.16184023165512507,2
-1.0336954835283763,0.15911437604584044,2
-1.0334186340519924,0.15837196086391359,2
-1.0327301624022134,0.15441640813763513,2
-1.0334259381343625,0.1541729313209963,2
-1.0334259381343625,0.1541729313209963,2
-1.0337028201383056,0.154915280842566,2
-1.0343986121342343,0.1546717711957477,2
-1.0330070281423769,0.1551587904893843,2
-1.0337028201383056,0.154915280842566,2
-1.033283893882544,0.15590117284113347,2
-1.0311964691034206,0.15663180027212675,2
-1.032864935099223,0.15688713050005987,2
-1.0339797021422505,0.15565763036413927,2
-1.0343986121342343,0.1546717711957477,2
-1.0331490561304193,0.15343058179942837,2
-1.032034386670066,0.15465988495427752,2
-1.0330070281423769,0.1551587904893843,2
-1.0339797021422505,0.15565763036413927,2
-1.0352293069374046,0.156898721269922,2
-1.0342565841461937,0.15639997988570897,2
-1.0330070281423769,0.1551587904893843,2
-1.0324532966620499,0.15367402578588596,2
-1.0314806877172948,0.1531750545904238,2
-1.0312038382409092,0.15243263940849694,2
-1.0296776116622794,0.15044867369828552,2
-1.0300964403353667,0.14946297868078773,2
-1.0306571180949256,0.14674943610529212,2
-1.0284353434770548,0.14500848758922125,2
-1.029272708075208,0.14303768849744003,2
-1.0280234448194179,0.14179590815790277,2
-1.0290022844371176,0.1380980166022283,2
-1.0276114160515455,0.13858359136801823,2
-1.0278882980554886,0.13932594088958794,2
-1.0280299519766078,0.13759848729372948,2
-1.0295623116455097,0.13538578723386685,2
-1.0333317876126014,0.12233021045339498,2
-1.0322185656285967,0.12355659172236955,2
-1.0311052785894752,0.12478310431205841,2
-1.0322185656285967,0.12355659172236955,2
-1.0311052785894752,0.12478310431205841,2
-1.03249565906167,0.12429851445161866,2
-1.0334679589946187,0.12479810942047642,2
-1.0352764200060651,0.12332933473074625,2
-1.0376391979938848,0.12334414285809814,2
-1.0402793296352453,0.12410034843184015,2
-1.0411110978478426,0.12632513171424087,2
-1.0412518409973295,0.12459951660837199,2
-1.0429196564419616,0.1248561600434428,2
-1.0431969613041652,0.1255976559803731,2
-1.0444468913749017,0.1268380902825914,2
-1.0450054711069416,0.12412878280011341,2
-1.0462554824965764,0.12536905295143796,2
-1.0459781125792578,0.1246276883352202,2
-1.0465328524138968,0.1261104175676575,2
-1.0487557004411947,0.1278491992919495,2
-1.0495879077758286,0.1300730961595331,2
-1.0490331028860744,0.12859049824781188,2
-1.0493105053309506,0.12933179720367072,2
-1.048892489846823,0.13031585071225038,2
-1.0506975175553386,0.1330382919829809,2
-1.0515297248899742,0.13526218885056274,2
-1.05208452977973,0.13674478676228752,2
-1.0519437378389096,0.13847050035868946,2
-1.053194139559242,0.13970998258573175,2
-1.051661958791911,0.14192232151363093,2
-1.052916737114364,0.13896868362986936,2
-1.0534715420041199,0.14045128154159414,2
-1.053330668744401,0.14217715928888985,2
-1.0523576206776042,0.14167907450823947,2
-1.0527758963822045,0.14069449571680792,2
-1.0515255109256465,0.13945498065958617,2
-1.0519437378389096,0.13847050035868946,2
-1.0516663516578095,0.1377291685726476,2
-1.0531982234133341,0.1355174534181387,2
-1.0538937714525733,0.13527443622399637,2
-1.0545893194918143,0.1350314190298505,2
-1.0554254155151899,0.13306318069198042,2
-1.0565389139834451,0.13183624130997806,2
-1.0594611824749443,0.1291399034648535,2
-1.0625207282854436,0.12890923213467786,2
-1.0657203829580428,0.12695422607559337,2
-1.069475558126685,0.12648037340037988,2
-1.073230895933115,0.12600619242338418,2
-1.0760128929247283,0.12503451760895246,2
-1.075456917042871,0.12355428347007802,2
-1.0743439390155523,0.12478017228637128,2
-1.0735088188189277,0.12674644081353748,2
-1.073230895933115,0.12600619242338418,2
-1.075177805255663,0.12700072047575972,2
-1.077820408991462,0.12775193586238665,2
-1.0804632078926115,0.12850275728687066,2
-1.078793993762968,0.1282489372471467,2
-1.0782367964521598,0.1309554541644644,2
-1.0776794039759974,0.1336623650439197,2
-1.0764260893936743,0.13661304821162545,2
-1.0767039960157057,0.13735332943195466,2
-1.0767039960157057,0.13735332943195466,2
-1.0780954824248852,0.13686650711938597,2
-1.076981902637737,0.13809361065228565,2
-1.0782353148027397,0.135142730503512,2
-1.0773997392202954,0.13710991827567298,2
-1.0775396041257057,0.1353860759994383,2
-1.0760101247912353,0.13340867632490827,2
-1.0735072395868333,0.13093391413366007,2
-1.071838188094981,0.13067976579214857,2
-1.071838188094981,0.13067976579214857,2
-1.071560330264285,0.1299393860812792,2
-1.071838188094981,0.13067976579214857,2
-1.0725337686617795,0.13043668293764554,2
-1.0725337686617795,0.13043668293764554,2
-1.071282472433591,0.12919900637041515,2
-1.0703090828274338,0.12870161102351219,2
-1.0686402102371524,0.12844710155004435,2
-1.0676669019498917,0.12794954205224762,2
-1.0669714027019896,0.1281924607558551,2
-1.066415849678389,0.12671137303233948,2
-1.0657203829580428,0.12695422607559337,2
-1.0653026602219402,0.12793768864096045,2
-1.0650249162377001,0.12719707911884548,2
-1.0657203829580428,0.12695422607559337,2
-1.066275903454084,0.12843537945946437,2
-1.0659981432060626,0.12769480276752887,2
-1.0646071772378178,0.1281805745143867,2
-1.0653026602219402,0.12793768864096045,2
-1.0666936261901885,0.1274519168940973,2
-1.067806783119078,0.1262256669458388,2
-1.0666936261901885,0.1274519168940973,2
-1.068084592158435,0.12696614514724125,2
-1.0697533996936013,0.12722078594142516,2
-1.070448898941505,0.12697786723781768,2
-1.0708665240949315,0.12599460165352028,2
-1.0721192043898657,0.12304519886277454,2
-1.0758743795585062,0.1225713461875646,2
-1.0796297173649378,0.12209716521056713,2
-1.0822723861558554,0.12284824927648152,2
-1.0850543831474706,0.12187657446204803,2
-1.0875581157139038,0.12016534069121221,2
-1.0907571848904531,0.11821151651855288,2
-1.0939560914292095,0.11625802064767043,2
-1.0943730985590285,0.11527600261015714,2
-1.0935377685787895,0.11305840913682808,2
-1.0933992373032755,0.11477955933842843,2
-1.0953469923423391,0.11577238022152692,2
-1.0974333437120354,0.11504391958230897,2
-1.0992411379085336,0.11357649092989597,2
-1.098685843459883,0.11627916671633898,2
-1.099798252254935,0.11505442695628432,2
-1.0985457037157467,0.11381927831279093,2
-1.0982671628063247,0.1130802774694164,2
-1.0985457037157467,0.11381927831279093,2
-1.0989625807353338,0.11283752291670268,2
-1.0985457037157467,0.11381927831279093,2
-1.0985457037157467,0.11381927831279093,2
-1.0982671628063247,0.1130802774694164,2
-1.0982671628063247,0.1130802774694164,2
-1.0986840235621322,0.11209855490350407,2
-1.0997962371918266,0.11087420910559587,2
-1.101465630223041,0.11112766801335461,2
-1.1021610318882686,0.11088494629082035,2
-1.1007702285578151,0.11137038973589242,2
-1.1007702285578151,0.11137038973589242,2
-1.103135088309374,0.11138099560040615,2
-1.1021610318882686,0.11088494629082035,2
-1.1017442524513577,0.11186650470583892,2
-1.1017442524513577,0.11186650470583892,2
-1.0999365721013188,0.11333370354700101,2
-1.1007702285578151,0.11137038973589242,2
-1.101327440486891,0.11284812878121464,2
-1.1028587413646278,0.11482185147575841,2
-1.10536432635638,0.11729116385739502,2
-1.1068958874545878,0.11926436126909223,2
-1.1074532294938972,0.1207418376729823,2
-1.1063406092697168,0.12196700422535756,2
-1.1070362548916357,0.121723790050142,2
-1.1063406092697168,0.12196700422535756,2
-1.1070362548916357,0.121723790050142,2
-1.1056449636478014,0.12221021840056956,2
-1.1056449636478014,0.12221021840056956,2
-1.1055065299549636,0.12393117162110201,2
-1.1068978862539094,0.12344461194996192,2
-1.1074551632381038,0.12492221967456629,2
-1.108569717206489,0.1278774351237768,2
-1.10898843038761,0.13107625871033868,2
-1.1088498015294217,0.13279760589301226,2
-1.108711107616113,0.13451908439639837,2
-1.1087120817973535,0.13870140337850678,2
-1.1080166622228305,0.14312844672403813,2
-1.1055108316288784,0.144843915587888,2
-1.1037009719324242,0.1463155136729597,2
-1.1028654939326596,0.14828250446404923,2
-1.1010554065432991,0.14975456217161742,2
-1.0998017504216087,0.15270593477306882,2
-1.1010545103899254,0.15394065662424516,2
-1.098131121343176,0.15245497095886584,2
-1.0984093532407933,0.1531945955756271,2
-1.0975733548000957,0.15516263693242394,2
-1.0985478015518986,0.15565789831772925,2
-1.0984093532407933,0.1531945955756271,2
-1.0974349390165479,0.15269926852996463,2
-1.09604257436329,0.15318786367216575,2
-1.0946502097100304,0.15367645881437042,2
-1.092839764517528,0.15514923878586373,2
-1.091307274738389,0.15736220148715319,2
-1.0890783261483854,0.15982001987257632,2
-1.088241709684075,0.16178930877615016,2
-1.0876828859953438,0.16449910871130946,2
-1.0858717251965544,0.16597333321065122,2
-1.0836418983624672,0.16843292442571212,2
-1.0821082375912336,0.17064825089984303,2
-1.0804333132295767,0.1745902430455537,2
-1.0795956558834003,0.17656163308054929,2
-1.0773697177380583,0.17482908909015293,2
-1.0800145008202673,0.17557590523287203,2
-1.0788991320174084,0.1768066200853955,2
-1.0797320712221055,0.1790290395949512,2
-1.0802873640252368,0.18051065260132404,2
-1.081539294540816,0.18174704879159798,2
-1.0802873640252368,0.18051065260132404,2
-1.079868388978138,0.18149664309042635,2
-1.0795907588403502,0.18075580375706402,2
-1.0812616318754724,0.1810062751185928,2
-1.0802873640252368,0.18051065260132404,2
-1.080146019115924,0.18223748242379045,2
-1.0802822230255007,0.18470531573051474,2
-1.0793024238448243,0.18840514426671895,2
-1.0786056722859243,0.18865059089406522,2
