-0.7457306522706073,0.11226876033773969,4
-0.7438021860736619,0.11123700286305116,4
-0.7454594300618229,0.11151498591408426,4
-0.748081053522462,0.11230855223085712,4
-0.7493166877312873,0.11357784425989692,4
-0.7502810834675486,0.11409339469545543,4
-0.7497384764121886,0.11258617414992678,4
-0.7502810834675486,0.11409339469545543,4
-0.7538969320810089,0.11115801210777754,4
-0.7538969320810089,0.11115801210777754,4
-0.7551618102103408,0.10818398668322615,4
-0.7585053306780303,0.10449706212401999,4
-0.7618482656496681,0.10081131945123722,4
-0.76323412479125,0.10033585638039888,4
-0.7625411952204608,0.10057358791581805,4
-0.761726211227991,0.0983149238893013,4
-0.7610333304485355,0.09855255693418385,4
-0.761726211227991,0.0983149238893013,4
-0.7647694607317419,0.09811714839788976,4
-0.7663046015068851,0.09589883437751823,4
-0.7712774068807811,0.09673061673884575,4
-0.7769437598490807,0.09732342001797001,4
-0.7804085703408266,0.09613443403908839,4
-0.784417679320967,0.09644925426717954,4
-0.7844427597139987,0.09221434133926465,4
-0.783626214398728,0.0899588290098734,4
-0.7853086851539306,0.08600160366137821,4
-0.7849124322518737,0.08275744159843512,4
-0.7846641273534853,0.07777312066058961,4
-0.7852324165617066,0.07504421356159696,4
-0.7876057188601813,0.07085349177070199,4
-0.7866636874658237,0.06610851104701787,4
-0.7866862469730815,0.06187868679674935,4
-0.7875479600941997,0.0556744521350776,4
-0.7875696413573756,0.05144640071444684,4
-0.7877378556754344,0.045481046644432865,4
-0.7888699778163755,0.04003222791533645,4
-0.7897285845556699,0.03383426381773802,4
-0.7923885612986776,0.026181838988195594,4
-0.7929720262584024,0.01923801253993851,4
-0.7942458836393591,0.01206157606409164,4
-0.7957915161975979,0.00563779778583573,4
-0.7977540420391982,-0.0017677687186878899,4
-0.799297202502995,-0.008186556809825163,4
-0.7998749426124405,-0.015118827035287552,4
-0.7990700112810281,-0.021582068904873353,4
-0.7993725120282313,-0.029260004499921166,4
-0.8004942904056094,-0.03468794323555002,4
-0.8006512827160215,-0.04063064448246223,4
-0.8001912975061316,-0.04598858643437609,4
-0.7997912465410302,-0.05106310912467471,4
-0.8005910375248035,-0.05505284935149746,4
-0.7997554761973955,-0.05923587962841914,4
-0.7983016045982225,-0.06097882177224534,4
-0.7983016045982225,-0.06097882177224534,4
-0.7983016045982225,-0.06097882177224534,4
-0.7987380090832463,-0.061869598198796893,0
-0.7972840788530782,-0.06361258729257813,0
-0.8003017212366004,-0.0638833921984574,0
-0.8016113304509069,-0.06655540456591069,0
-0.8029212035047042,-0.06922720565856544,0
-0.8026669686459105,-0.0698855296637575,0
-0.8032861876981432,-0.07232489007254372,0
-0.8045965884309183,-0.07499626861559783,0
-0.8081633341147914,-0.07991229728117588,0
-0.805764822837002,-0.08208092320901628,0
-0.8034780283053244,-0.08800478288176095,0
-0.8012621410440008,-0.09172214537918855,0
-0.800612267202693,-0.09745145909051978,0
-0.8000334472092323,-0.10097415825164369,0
-0.8011625138074958,-0.10209576732608383,0
-0.8004709510254653,-0.10186405436652812,0
-0.8014165434577958,-0.10143760764573351,0
-0.7997793882434348,-0.10163234140697064,0
-0.8016705731080958,-0.10077944796538318,0
-0.8021786324086939,-0.09946312860468609,0
-0.8016705731080958,-0.10077944796538318,0
-0.8014871282576603,-0.09923136869517357,0
-0.8012330839496116,-0.0998895401130131,0
-0.800541565140831,-0.09965779194098978,0
-0.8010496830724279,-0.09834142563033588,0
-0.8007956241066285,-0.09899960878566283,0
-0.800541565140831,-0.09965779194098978,0
-0.7996667040858583,-0.09787788233633421,0
-0.800541565140831,-0.09965779194098978,0
-0.8010496830724279,-0.09834142563033588,0
-0.8010496830724279,-0.09834142563033588,0
-0.800612267202693,-0.09745145909051978,0
-0.8017411725657109,-0.09857319727733582,0
-0.8007956241066285,-0.09899960878566283,0
-0.8007956241066285,-0.09899960878566283,0
-0.799920792367157,-0.09721967570603063,0
-0.7996667040858583,-0.09787788233633421,0
-0.7996667040858583,-0.09787788233633421,0
-0.8001041199555949,-0.09876784887615031,0
-0.8009790396415628,-0.10054771153085085,0
-0.8001041199555949,-0.09876784887615031,0
-0.8003581935791431,-0.09810965398333416,0
-0.8013037420382272,-0.09768324247500892,0
-0.7824338051539694,-0.14859422503304032,0
-0.7816716722298214,-0.15056873928655534,0
-0.7792006120137422,-0.15494517698846977,0
-0.7779303171847491,-0.1582360927651063,0
-0.7731260830164359,-0.16257911946532566,0
-0.7685750869799559,-0.16626462030960099,0
-0.7652248563305619,-0.16886459922859665,0
-0.7606724384923851,-0.17255123860929444,0
-0.7556802302290571,-0.17534981292337903,0
-0.7506871425007606,-0.17814909148679803,0
-0.7473346105847067,-0.18075091319155234,0
-0.742849098451277,-0.18223425973140728,0
-0.7381083840475959,-0.18437670495072567,0
-0.7355182635529243,-0.18500378938967543,0
-0.7338763152544914,-0.18520236130978773,0
-0.7324185593517125,-0.18694841388817451,0
-0.7308903359110648,-0.1909006115172076,0
-0.729801287270087,-0.19574136718739155,0
-0.7259365185948337,-0.19966285343718226,0
-0.7232747432845876,-0.20249703366338423,0
-0.7194089339091256,-0.20641935327489058,0
-0.7146637488918568,-0.20856537842832346,0
-0.710357196337533,-0.21160039590999524,0
-0.7058655572648327,-0.21308864872021438,0
-0.702322837933588,-0.2141477903996556,0
-0.6992191175090241,-0.21609563097011453,0
-0.6944707810756263,-0.21824417968366205,0
-0.6892111899522426,-0.2217116065304925,0
-0.6853400891292267,-0.22563816337549625,0
-0.6807023261374816,-0.23154286135808633,0
-0.6765744693227642,-0.23612976105637173,0
-0.6724459089360764,-0.24071722415413,0
-0.6692673676220515,-0.24487469580943966,0
-0.6651375613266595,-0.2494631565937535,0
-0.6598716820287613,-0.25293561882332405,0
-0.6543491200279146,-0.2570683652187391,0
-0.6504724785756029,-0.2609993588345496,0
-0.6482425052170484,-0.26472800105882044,0
-0.646708213468127,-0.2686850580082645,0
-0.6435262862139819,-0.27284524102351426,0
-0.641295770518699,-0.27657431753487316,0
-0.6374170036927147,-0.28050701308657366,0
-0.6335376212412562,-0.2844402016128118,0
-0.6296576231643183,-0.2883738831135805,0
-0.6264734679322554,-0.2925358502271447,0
-0.6230329524677298,-0.2973578432817945,0
-0.621056554369245,-0.3004286896878732,0
-0.6167338196595153,-0.3034766653572998,0
-0.6132919263665428,-0.30829976173590623,0
-0.6084556210424203,-0.3126684700618636,0
-0.6057809762281536,-0.3155129558033263,0
-0.6014556031235241,-0.3185630442207561,0
-0.5968732688187082,-0.3222736398163164,0
-0.593243753216699,-0.3255520021090561,0
-0.5896137099357155,-0.3288307869513911,0
-0.5850292355994746,-0.3325430962203342,0
-0.5820239520000161,-0.33825680470064867,0
-0.5781357748988842,-0.34219703572023086,0
-0.5744318488244033,-0.34768470044812894,0
-0.5714254072627352,-0.35339933619006914,0
-0.5670224136385045,-0.3586612975527377,0
-0.5638300647244971,-0.3628298259226028,0
-0.560637305393497,-0.3669986829421532,0
-0.5569308581861154,-0.37248836651814976,0
-0.5527819528431834,-0.37709212125051295,0
-0.5483756172520717,-0.3823567587606487,0
-0.5440399837228274,-0.38541506342031795,0
-0.5396320650947768,-0.3906809685792556,0
-0.5373920511778465,-0.3944176509834296,0
-0.5358509875486757,-0.39838013065275035,0
-0.5329114956650098,-0.40189143834137653,0
-0.5306709540690999,-0.4056285432951512,0
-0.5274739293330128,-0.4098008159239779,0
-0.5242764941799418,-0.41397341720249514,0
-0.5215212972961787,-0.41903212338697493,0
-0.5178803926228426,-0.4223196057085943,0
-0.5149387607077571,-0.425832627070605,0
-0.5117397132022461,-0.4300065194729008,0
-0.5082831621598167,-0.43484135334041696,0
-0.5058546318111397,-0.4370340176455425,0
-0.5026544116856702,-0.44120884904695146,0
-0.49875349700026206,-0.4451592799443951,0
-0.49396573122082543,-0.4473394025031112,0
-0.4905780939948219,-0.4499693354938028,0
-0.48763317874385415,-0.45348498605332566,0
-0.48347253254360467,-0.4580981425143058,0
-0.47982604326772815,-0.4613900968191995,0
-0.47547821449093775,-0.4644581670696404,0
-0.4722739634843709,-0.4686362262804984,0
-0.468625847198302,-0.4719294834466581,0
-0.46516311058560156,-0.476769270534497,0
-0.4631023787182613,-0.48205736565573254,0
-0.4601541801314184,-0.4855756454127711,0
-0.45746327987300006,-0.4884331480294364,0
-0.45311143487285754,-0.4915044343518371,0
-0.4494604603256498,-0.4947999803283345,0
-0.44580895809945886,-0.4980959488544361,0
-0.4438182393797572,-0.5011782627871764,0
-0.44252918263146057,-0.5044842025496177,0
-0.4407960700529241,-0.5069054928547168,0
-0.4399510691348638,-0.511096082074495,0
-0.4360402164953232,-0.5150544709894191,0
-0.4340488088613945,-0.5181373365841413,0
-0.4313550503418373,-0.5209971280111425,0
-0.42866099866728824,-0.5238571541879224,0
-0.4264110614539778,-0.5276017828720843,0
-0.4246054585681467,-0.5322308380013006,0
-0.42235524285759496,-0.5359756896977554,0
-0.420291579440363,-0.5412661323167711,0
-0.41752512540501563,-0.5463338528927366,0
-0.41693812638736105,-0.5498631015726723,0
-0.4153903788244371,-0.5538309335369345,0
-0.41480361433077384,-0.55735999441705,0
-0.4142169964146074,-0.5608889379222752,0
-0.4140757974993772,-0.5653014392983735,0
-0.4081214852563164,-0.5663899655417897,0
-0.40587014089905793,-0.5701357210248883,0
-0.40277394220123774,-0.578071948352882,0
-0.39885699193792057,-0.5820352200631902,0
-0.394939426049131,-0.5859989847480307,0
-0.39313269451658783,-0.5906289436638961,0
-0.3897305021453743,-0.5932705319810765,0
-0.38703183327974955,-0.5961342554668612,0
-0.3836288347323151,-0.5987764893459335,0
-0.37996713071250277,-0.6020806271643124,0
-0.3747089691270542,-0.6033971925332562,0
-0.3700833504880947,-0.6071424489335673,0
-0.3683453568789883,-0.6095676478224732,0
-0.36475252270235536,-0.6106669199764969,0
-0.361605239446412,-0.6126496443639908,0
-0.35716473664131954,-0.6179416419607797,0
-0.3566475895360597,-0.6192652385646014,0
-0.3542039617054442,-0.6214699924833038,0
-0.35465004030510805,-0.6223530221671751,0
-0.35465004030510805,-0.6223530221671751,0
-0.35465004030510805,-0.6223530221671751,0
-0.35465004030510805,-0.6223530221671751,0
-0.35561329532553465,-0.6219124317722446,0
-0.3572811731827574,-0.6216930962342548,0
-0.356389015983428,-0.6199270368665122,0
-0.356389015983428,-0.6199270368665122,0
-0.3566475895360597,-0.6192652385646014,0
-0.3552383731779649,-0.6188227053757469,0
-0.35497977030983385,-0.6194845271526379,0
-0.3552383731779649,-0.6188227053757469,0
-0.35497977030983385,-0.6194845271526379,0
-0.35453376499891753,-0.6186014387813206,0
-0.35472116744170457,-0.6201463489295254,0
-0.3561304424307963,-0.620588835168423,0
-0.35542580493624953,-0.6203675920489733,0
-0.3542751474730377,-0.619263272295699,0
-0.35542580493624953,-0.6203675920489733,0
-0.35497977030983385,-0.6194845271526379,0
-0.356389015983428,-0.6199270368665122,0
-0.35472116744170457,-0.6201463489295254,0
-0.3552383731779649,-0.6188227053757469,0
-0.3566475895360597,-0.6192652385646014,0
-0.35772729575567297,-0.6225760907056586,0
-0.35880735376126793,-0.625886661146982,0
-0.36188468250057504,-0.6261096709980283,0
-0.3639284206013329,-0.6289793106572432,0
-0.36597251048807955,-0.6318486686167262,0
-0.3623782105364999,-0.6329491145196418,0
-0.3599349344918714,-0.6351535867386104,0
-0.35871320852306354,-0.6362558932730291,0
-0.3553061351212783,-0.6389013901740128,0
-0.3516401217231291,-0.6422089788141339,0
-0.3489372900566572,-0.6450760357467704,0
-0.3464927241300746,-0.6472815408647623,0
-0.34501177966765795,-0.6490461621506025,0
-0.3430840383758529,-0.6499283288895317,0
-0.34063891545479663,-0.6521342800321026,0
-0.33871088100799795,-0.6530166815208034,0
-0.3373001109284619,-0.652575392505776,0
-0.3337023224325186,-0.6536786319310508,0
-0.3306217983038273,-0.6534581808525921,0
-0.32561244820987056,-0.6541207650872369,0
-0.3227191652887278,-0.6554453532693625,0
-0.3210491327423295,-0.6556664142182225,0
-0.31860204568284445,-0.6578739381843075,0
-0.3190486666192385,-0.6587565335810872,0
-0.3157081031629758,-0.659199054553433,0
-0.3125548102297486,-0.6611865913113792,0
-0.30991942660476113,-0.6618499211160849,0
-0.3072838670867757,-0.6625133917706556,0
-0.3043889131821924,-0.6638393180265147,0
-0.30008198726261526,-0.6647249177414345,0
-0.2959618188448534,-0.6671559440540733,0
-0.2926192912501566,-0.6676000378499314,0
-0.2880515784577806,-0.6691492082275889,0
-0.2851549535697604,-0.6704764725571835,0
-0.2822580648422477,-0.6718039481615801,0
-0.27750212877311675,-0.6718088656904087,0
-0.2736387310047981,-0.673579537412273,0
-0.2690686143415135,-0.6751306327381119,0
-0.26669003068147035,-0.6751335844770612,0
-0.26308529441228146,-0.6762423874720795,0
-0.2580675014546383,-0.67691173250034,0
-0.25561475650386,-0.6791237871371401,0
-0.25085609409333287,-0.6791308878389088,0
-0.24539061018358588,-0.6789184943070783,0
-0.24152369455539713,-0.6806919830262785,0
-0.23676383020941216,-0.6807000462021389,0
-0.23438376611667344,-0.6807041834274674,0
-0.23174317899062657,-0.6813716800407317,0
-0.2279496624502002,-0.6809366762115019,0
-0.22653642986875333,-0.6804973590946091,0
-0.22486263028075193,-0.6807214365781213,0
-0.22292817573969614,-0.681608979086965,0
-0.22292817573969614,-0.681608979086965,0
-0.22196090449592099,-0.6820527855538536,0
-0.21958022477770456,-0.682057415753718,0
-0.21931956982465017,-0.6827208807790548,0
-0.21816684561876265,-0.6816182160117155,0
-0.21772085496559868,-0.6807351159029107,0
-0.21437264016411461,-0.6811837638444658,0
-0.20908903272560941,-0.6825207054941558,0
-0.20451154321435006,-0.6840777047769162,0
-0.20045545155569044,-0.6843077035840679,0
-0.1956921866118293,-0.6843184898573558,0
-0.19252705021704664,-0.6863155105063452,0
-0.19103669547947533,-0.6880876672600618,0
-0.18883922608770476,-0.6896405645299595,0
-0.18567329817445,-0.6916382190033481,0
-0.18153860392697396,-0.6940808771674956,0
-0.17863318438927855,-0.6954151839904377,0
-0.17520478396203387,-0.6980777589377851,0
-0.1703612454459229,-0.7003025426418006,0
-0.16648588695404598,-0.7020827921546129,0
-0.16402499229457312,-0.7043013728352516,0
-0.1608563380399186,-0.7063012104815751,0
-0.1579489397060474,-0.7076371018655205,0
-0.15459533085276433,-0.7080900692029921,0
-0.15168740483991172,-0.7094263831365399,0
-0.1490409692718302,-0.7100985630078789,0
-0.1461325595532479,-0.711435264278558,0
-0.14277798328850366,-0.7118890062902992,0
-0.13826956882891217,-0.7112409755838538,0
-0.1337609784763263,-0.7105930857272824,0
-0.12951433295874892,-0.709280697946344,0
-0.12668323594702713,-0.708405772759054,0
-0.1233276629553206,-0.7088603129200415,0
-0.11900171127694925,-0.7097611478955645,0
-0.11467531986609636,-0.7106623349957566,0
-0.11061094657899595,-0.7108989654841462,0
-0.10743717676978015,-0.7129028995140985,0
-0.10337212922620687,-0.713140069926979,0
-0.0995694369346225,-0.7127124137658072,0
-0.09576659806553955,-0.7122848749795203,0
-0.090467130942125,-0.7136345165922151,0
-0.08860569438734522,-0.7123138717273392,0
-0.08506528405900227,-0.7112214476795629,0
-0.08294103786199969,-0.7105659932508956,0
-0.07940062753365673,-0.7094735692031193,0
-0.07630519647377021,-0.7092650551508797,0
-0.07444405307397872,-0.7079441755362286,0
-0.07231980687697614,-0.7072887211075631,0
-0.06738148361663931,-0.7117391223563274,0
-0.06137068040717786,-0.7128728848819996,0
-0.05465073977408785,-0.7137890076973186,0
-0.04997277831181712,-0.717576178670523,0
-0.04458547421742942,-0.7211458742582213,0
-0.03822483057098758,-0.7251642356332155,0
-0.03415411047837047,-0.7254059484543021,0
-0.03194539859276624,-0.7269678483781927,0
-0.02876391880733742,-0.7289779563273111,0
-0.024081574677984108,-0.732768636809702,0
-0.020552438460242684,-0.7376615947222973,0
-0.018606550874611827,-0.7385582924724936,0
-0.015423502709994708,-0.7405696563329283,0
-0.00958452075564864,-0.7432608059575152,0
-0.006928762858908755,-0.7439404508718042,0
-0.0035636036990602804,-0.7444026673505348,0
-0.0009074647008411318,-0.7450826174395324,0
0.0013038269486713716,-0.7466465831614713,0
0.0020131256075455184,-0.7464290725634974,0
0.0020131256075455184,-0.7464290725634974,0
0.0024581341914959864,-0.7455451860429338,0
0.000511044670410854,-0.7446475258186478,0
0.0034317229252920356,-0.7459940513675445,0
0.004057318098533713,-0.7435597967664354,0
0.004585986194868497,-0.7448926190365395,0
0.0024581341914959864,-0.7455451860429338,0
0.002193844116579413,-0.7448788101203494,0
0.0009560239388655134,-0.7437636158231093,0
0.0019295540416610635,-0.7442124341977632,0
0.002374503994614585,-0.7433285007272463,0
0.002374503994614585,-0.7433285007272463,0
0.0016652639667409375,-0.743546058275177,0
0.0016652639667409375,-0.743546058275177,0
0.0018458945292785245,-0.7419957254070972,0
0.0018458945292785245,-0.7419957254070972,0
0.0022069797613593067,-0.7388949188210674,0
0.0012335082895624794,-0.7384461473963704,0
-0.003717127480308946,-0.7339858866569209,0
-0.00911154058318786,-0.7304104983871067,0
-0.009904102995204056,-0.7284116171066142,0
-0.011669667831037955,-0.725964340001072,0
-0.01564501456818057,-0.7219543061349452,0
-0.01935566081342799,-0.7186109768410951,0
-0.016563710666696707,-0.7678097002146362,0
-0.01903791456267534,-0.7655804618940678,0
-0.022485076909221746,-0.7629028629609138,0
-0.023985618782660367,-0.761122548652402,0
-0.027432136188231482,-0.7584454661687605,0
-0.032296781863562884,-0.7562037804807176,0
-0.03345180733611386,-0.7573046024622982,0
-0.03274250867723971,-0.7570870918643227,0
-0.03389757812303884,-0.7581878786334375,0
-0.03389757812303884,-0.7581878786334375,0
-0.033634050251089675,-0.7588536442065994,0
-0.03318826480641768,-0.7579703797729493,0
-0.03566094429645261,-0.7557423621512296,0
-0.03371534986581182,-0.7566388251516472,0
-0.029378082404859285,-0.7575487214686074,0
-0.02601342160848752,-0.7580105388727194,0
-0.022121060127243908,-0.7598044038726677,0
-0.01751875504615441,-0.7613812747241511,0
-0.012833801837397019,-0.7651740444795649,0
-0.00841195142584894,-0.7683013890489985,0
-0.003015647473295857,-0.7718782914548861,0
0.0016718122106222921,-0.7756730683209021,0
0.0048578212406305,-0.7776868031540971,0
0.00999250282867159,-0.7805994658603801,0
0.013443637425320176,-0.7832802456530299,0
0.01715947251386929,-0.7866277300179512,0
0.021321781961319175,-0.7890925016112025,0
0.025666217061756313,-0.7900081375602426,0
0.030985911879419348,-0.7913739769076269,0
0.03577717312473894,-0.791407181784729,0
0.04038765723002413,-0.7929906021550224,0
0.044915038817414654,-0.7923577597592324,0
0.048732125018961625,-0.7919416298121664,0
0.05281423418290743,-0.7921924626621344,0
0.05574049704032902,-0.7935434601943072,0
0.06008820081889077,-0.7944617136033703,0
0.06372571181586295,-0.7955967616235906,0
0.06762868550771373,-0.7973991245655085,0
0.07232763686720212,-0.8012031036228304,0
0.07481001978738,-0.8034388914622106,0
0.07897971674055349,-0.8059095787498727,0
0.08199328888997215,-0.8094802077074483,0
0.08651430671282334,-0.8148366793308117,0
0.08979411841783502,-0.8190752452970003,0
0.09307434053983421,-0.8233141399128723,0
0.0973318598062356,-0.8280048694380522,0
0.1008784973768222,-0.8329118419124075,0
0.10487179985705453,-0.8369362542024437,0
0.10691109435845725,-0.8400574661734321,0
0.10992792052825173,-0.8436307008535469,0
0.11027821535546067,-0.8465156635650235,0
0.11267951852716429,-0.8465368084117824,0
0.1146345818639567,-0.8474408538300331,0
0.11543140968106691,-0.8494431507197966,0
0.1164938467705472,-0.8521128799061479,0
0.11808750240476584,-0.8561174736856731,0
0.11933089252727136,-0.8572371282286984,0
0.12128654217404033,-0.8581416431465101,0
0.12208350191089501,-0.8601440456736693,0
0.12359275048751073,-0.8619313320505952,0
0.12349636574733047,-0.8656988432089001,0
0.12411212326941978,-0.8692511208420761,0
0.12490899505977637,-0.8712534529443037,0
0.12623711471037424,-0.8745906731146906,0
0.12801222174110194,-0.877045591325512,0
0.12907477609257967,-0.8797154144117734,0
0.12871187329956513,-0.8828147655491776,0
0.13075272152240558,-0.8859372216939878,0
0.1322624391470022,-0.8877248836705594,0
0.13403789796371868,-0.890180083581118,0
0.13723940023490577,-0.8922062249400877,0
0.13928092271422088,-0.8953292210093906,0
0.14087519397391546,-0.8993343077634499,0
0.1430986662132252,-0.9009080273386694,0
0.1434484040459587,-0.9037925440255687,0
0.14406373649331172,-0.9073444812715685,0
0.1470847840949503,-0.9109210963484848,0
0.14672085525947054,-0.9140196258616697,0
0.14751799088931783,-0.9160221692386976,0
0.14813298620843973,-0.9195738365224528,0
0.1489300778650371,-0.9215763446870167,0
0.14999286674050438,-0.9242463555731018,0
0.15203509279179528,-0.9273699150418686,0
0.1559531346500833,-0.929184344122385,0
0.15915778833740113,-0.9312130090414712,0
0.16191472175711752,-0.9341233890456717,0
0.16512006435866056,-0.9361526056267326,0
0.16877386011527484,-0.937300693997134,0
0.17224591132039713,-0.9399982231864534,0
0.17492029921668895,-0.9406927864491461,0
0.17741282529948776,-0.9429366966308503,0
0.18088594652031986,-0.9456350826568567,0
0.18382720425543653,-0.9469980876401838,0
0.18444357740299822,-0.9505508582478956,0
0.1859564171282333,-0.9523410203096017,0
0.185592048560272,-0.955439197698114,0
0.18737108386785195,-0.9578972615559653,0
0.18772102690907744,-0.96078194256771,0
0.18780474505246048,-0.962998698308331,0
0.1852956387537521,-0.9667359211160189,0
0.23956322005617992,-1.0245767361353568,0
0.24179544297191669,-1.026157462991458,0
0.24590987247340657,-1.0264341770044734,0
0.24626041648236097,-1.0293193392532611,0
0.24875989033840185,-1.0315688130047054,0
0.24902661359973166,-1.0322371373504495,0
0.2521436185655439,-1.0380403089712313,0
0.25347730816093517,-1.0413819893874,0
0.2536444219771994,-1.04581524264389,0
0.25301114614324227,-1.0482433468008114,0
0.2535445047194038,-1.0495799250673663,0
0.25309443921188723,-1.0504597621542562,0
0.25774511486618223,-1.0520753667191372,0
0.25819516571594825,-1.051195517894758,0
0.25819516571594825,-1.051195517894758,0
0.2574783769471072,-1.051407030635902,0
0.2574783769471072,-1.051407030635902,0
0.2574783769471072,-1.051407030635902,0
0.2574783769471072,-1.051407030635902,0
0.2564948649169292,-1.0509502190313018,0
0.2560447994094126,-1.0518300561181917,0
0.2560447994094126,-1.0518300561181917,0
0.2567615881782608,-1.0516185433770442,0
0.25631150801299185,-1.0524983687264484,0
0.2560447994094126,-1.0518300561181917,0
0.2560447994094126,-1.0518300561181917,0
0.255328010640568,-1.0520415688593339,0
0.25352739682451464,-1.0555606355071543,0
0.25279262069581776,-1.0617521544387483,0
0.25279262069581776,-1.0617521544387483,0
0.25234221806006296,-1.0626317215633918,0
0.2540241650554922,-1.0688567331800805,0
0.2550903545288321,-1.0715294671635895,0
0.25517278279025746,-1.073745190005189,0
0.2567719790537719,-1.0777542205555228,0
0.2578381098961131,-1.080426907589077,0
0.25925289389772743,-1.0859832427353542,0
0.26218459247892945,-1.0933330029652542,0
0.264583254954454,-1.0993464431533528,0
0.26448015696502125,-1.1031085785417396,0
0.26778147158848675,-1.1073643634041535,0
0.2703651472936368,-1.1118309802333552,0
0.2698912166687357,-1.1186861167776456,0
0.2740966052418372,-1.1211853848508007,0
0.2772137861006456,-1.1269886973214476,0
0.2807831724983867,-1.1319138863785891,0
0.28499036397467314,-1.1344145981628824,0
0.28847949145790786,-1.1371258015267838,0
0.29125033508185183,-1.1400473204079606,0
0.2913316933275727,-1.142262186412868,0
0.2933840039104876,-1.1453938212740056,0
0.29570318433223264,-1.1491938978557759,0
0.2977558027278864,-1.1523257792041797,0
0.30007532027786255,-1.1561261257481998,0
0.3038333696848472,-1.1595074140811796,0
0.3068726808423108,-1.1630986540692803,0
0.31233730456508013,-1.1667302649109708,0
0.317269009444173,-1.1690256496107772,0
0.32094786995236113,-1.1701938090872108,0
0.3244417025731714,-1.1729087801850469,0
0.3269492381914141,-1.1751647095553945,0
0.3295386890498513,-1.1796359509552268,0
0.33159407776015826,-1.1827700506890366,0
0.33508934684041236,-1.1854861720607914,0
0.33687798297389193,-1.187951923973877,0
0.33866673636936184,-1.1904177697868779,0
0.3409084135334961,-1.1920060673233213,0
0.34341753218867765,-1.1942632643424709,0
0.34421932898285235,-1.1962695402409729,0
0.34627586099761487,-1.1994045554989192,0
0.3483325395898653,-1.2025396881317523,0
0.34940171924409924,-1.2052148165630001,0
0.35001778457892563,-1.208767340683444,0
0.3508196253463467,-1.2107736517944119,0
0.35162146611376954,-1.2127799629053833,0
0.35269058713700474,-1.215455044386676,0
0.3534924279044276,-1.2174613554976457,0
0.3535736249148993,-1.2196760923901753,0
0.35194613689365895,-1.2216388165755934,0
0.3520270847223923,-1.2238533539308136,0
0.3498649335852946,-1.224478455213161,0
0.3491442165395977,-1.2246868223072767,0
0.35112000593411885,-1.2256074645348463,0
0.35021280988384795,-1.227361481238967,0
0.349839734612706,-1.230452686559067,0
0.3497335145226437,-1.234212321862314,0
0.34935994088802325,-1.2373031281077917,0
0.3502412490514857,-1.2415227910876023,0
0.35157647771056943,-1.244865703940107,0
0.3531787521014671,-1.2488771993631111,0
0.3552352694584773,-1.252012202883563,0
0.35926886609196274,-1.2560688815306147,0
0.3642117108606442,-1.2583731867219896,0
0.3671777695078333,-1.2597560515365487,0
0.3723087496067734,-1.260516033454163,0
0.37428653245522625,-1.2614382719802268,0
0.3784292660709152,-1.2617376510843226,0
0.38401557380942464,-1.2616220096735695,0
0.3888806221655088,-1.2617143010698406,0
0.393024323192666,-1.2620144548482024,0
0.4001368824971596,-1.2636997153015095,0
0.40192988663997653,-1.2661689649862922,0
0.4058069230367991,-1.2658008413688648,0
0.4109419047013425,-1.2665640276209533,0
0.41508743794717873,-1.2668656485854335,0
0.4180574541867266,-1.2682516825219956,0
0.42373010380577014,-1.2703548978623793,0
0.4289497710251524,-1.2733356145293566,0
0.43272589343721535,-1.2767313751861646,0
0.4374104138350088,-1.2783740816129399,0
0.43974296212425124,-1.2821848627845949,0
0.44568791960716503,-1.2849608744539989,0
0.4491978171213802,-1.2876887098396832,0
0.45415334084333914,-1.2900031679589645,0
0.4583869309263946,-1.2925250189607826,0
0.4624357423038159,-1.2965938811213196,0
0.4662164379337099,-1.2999933038746665,0
0.470451816262198,-1.30251658685013,0
0.4736959432687975,-1.3045768608268506,0
0.4760320240756606,-1.3083904707333325,0
0.479091445665377,-1.3119978145562161,0
0.4816134045090852,-1.3142652936156516,0
0.48485888002863753,-1.3163266474413504,0
0.48874431531589835,-1.3159652494050693,0
0.4927976852533984,-1.3200377619246595,0
0.4945974173032113,-1.3225123991168495,0
0.49666636443176415,-1.325657356027902,0
0.49927368308678766,-1.3301429054267135,0
0.5010738255535863,-1.332617871268594,0
0.5034123688623602,-1.3364334530732158,0
0.5060202445118609,-1.3409194484966065,0
0.507820812053394,-1.3433947547256668,0
0.5101598683833952,-1.3472107473424018,0
0.5134924333287003,-1.351491556531169,0
0.5156461539585919,-1.3568541142820418,0
0.5189793638448705,-1.361135439920325,0
0.5215885293763254,-1.3656224682427407,0
0.5244671738260092,-1.3707800275588191,0
0.5275321360450196,-1.3743918081525095,0
0.5301420198061955,-1.3788794116118837,0
0.5324827764351348,-1.3826967657773288,0
0.5348237089570667,-1.3865142607926426,0
0.5380760882766111,-1.3885811429756139,0
0.5423233247244141,-1.391113921579608,0
0.5467572453852778,-1.3921012148984389,0
0.5524559857983498,-1.3942253229690813,0
0.5569747532492961,-1.3974302758151804,0
0.5619498450667813,-1.3997604034821531,0
0.5671954858182016,-1.402761918979479,0
0.573167530822106,-1.4055596215283863,0
0.576423897049505,-1.4076296963083426,0
0.5811318991619245,-1.4092912061923535,0
0.5871064066677398,-1.412090880639397,0
0.5925415752356162,-1.41354918792441,0
0.5982477324699129,-1.415679235164438,0
0.6029584755814827,-1.4173429399588695,0
0.6066734088110781,-1.4185399853955083,0
0.6136487977801757,-1.4218103803715127,0
0.6200843787633499,-1.4237390325858374,0
0.6245271673626327,-1.4247334270854584,0
0.6306936505290661,-1.425991853480836,0
0.6373163408000355,-1.4263753607971772,0
0.6417607417517619,-1.4273710464205784,0
0.645934520480802,-1.427695285526184,0
0.6525589403662106,-1.428080177866219,0
0.6574599002084618,-1.4282012261103176,0
0.6619060894056137,-1.4291983437073643,0
0.6670792398497376,-1.4299920943805748,0
0.6717978541727643,-1.43166210220655,0
0.6757904160292849,-1.4335362046806814,0
0.6793283538182102,-1.4362864938826512,0
0.6840486244669215,-1.4379578280448726,0
0.6895847340337884,-1.4416466826199787,0
0.69485004548498,-1.4446639498274205,0
0.6991173044185359,-1.4472127618412607,0
0.7039290325023373,-1.451107049138253,0
0.7084695813689788,-1.4543294438928722,0
0.7134660735006655,-1.456676708293653,0
0.7180080588267508,-1.4599002533221874,0
0.7212789215683628,-1.4619819364786775,0
0.7252776396796552,-1.463860968698146,0
0.7296426611818418,-1.4626433728776433,0
0.7345525036202609,-1.4627715340400211,0
0.7380075734152722,-1.4633057482757224,0
0.743918224028226,-1.4639045712796186,0
0.7483741899442737,-1.4649095177817664,0
0.7528305955928012,-1.465914816408585,0
0.7561047270125361,-1.4679991170251014,0
0.7613805040968362,-1.4710247647996226,0
0.76547418284534,-1.4751295554137123,0
0.7710245690601809,-1.4788298423030124,0
0.7750287984852697,-1.4807132878183147,0
0.7803078295899475,-1.483741541315375,0
0.7845863163595865,-1.4862993442457224,0
0.7905952988921232,-1.48912662526668,0
0.7958768951029569,-1.492156932824301,0
0.8008859928991754,-1.4945142914655438,0
0.8061692747512037,-1.4975459488343894,0
0.8111799116111129,-1.4999045399119666,0
0.816191281358499,-1.502263717863995,0
0.8197457384310596,-1.5050272352159642,0
0.8249398641146577,-1.5058377822358011,0
0.8280401515098568,-1.5094778501777615,0
0.830137974404833,-1.5126459299419643,0
0.8319621555807402,-1.515140145265656,0
0.8345155992702775,-1.5174328364512668,0
0.8364323225547334,-1.522150873483902,0
0.838075228227126,-1.5261949052261645,0
0.8397181338995168,-1.5302389369684253,0
0.8416348571839762,-1.5349569740010622,0
0.8431858803465389,-1.5367777122213777,0
0.8448288739654259,-1.5408218143885737,0
0.8467456998541287,-1.5455399335836333,0
0.8483886934730158,-1.5495840357508275,0
0.850761623862013,-1.5534271537044297,0
0.8528608685586914,-1.556596372005055,0
0.8564204265280626,-1.5593639740031655,0
0.8602543737617285,-1.562806039053715,0
0.8650931160777784,-1.566721958542768,0
0.8691104788463804,-1.568615920848135,0
0.8721238087355694,-1.570036639064428,0
0.87531948414399,-1.5699083976988373,0
0.8787895048434482,-1.570454584173227,0
0.8812550382732649,-1.5705271626963881,0
0.8879216871348525,-1.5709458707419692,0
0.8901131244553646,-1.570344220962463,0
0.8955940838325454,-1.571839196162827,0
0.9003451504128623,-1.573535190789249,0
0.9053714710646936,-1.575906340979964,0
0.9103985246039965,-1.5782780780451198,0
0.9152450941582586,-1.582200265353249,0
0.9220104267254197,-1.5848477131156287,0
0.9274959886359291,-1.5863463738875119,0
0.9317952014632951,-1.5889207736271782,0
0.9387443892978755,-1.5900204707690353,0
0.9452386012788736,-1.5919960729390024,0
0.9501764986497534,-1.5921466996551494,0
0.9548393031843627,-1.5916222999193899,0
0.960964795547083,-1.5906981853543147,0
0.9656279811831752,-1.5901740907932673,0
0.9710226279953229,-1.5894502327174695,0
0.9764174800159644,-1.5887265389665188,0
0.9810812226465373,-1.5882028904300505,0
0.9860211721023386,-1.588355160394645,0
0.990230100114573,-1.5887075459986573,0
0.9951707238268455,-1.588860355887748,0
0.9980963340070623,-1.5880611140289407,0
1.0002905416422152,-1.5874616826348387,0
1.0029397984197068,-1.5859864049000763,0
1.0036711863070096,-1.585786582697887,0
1.005133962081615,-1.5853869382935066,0
1.006970998103796,-1.5878914473949735,0
1.0119126771740312,-1.588045102383262,0
1.0134736969217268,-1.589873845571013,0
1.0176844718103961,-1.5902277100986275,0
1.0253752932991471,-1.5911357895430438,0
1.0348073839966538,-1.5923219741324193,0
1.0417688257097772,-1.5934314838150065,0
1.048631613032832,-1.5923122772557754,0
1.0554946641953773,-1.5911932819713392,0
1.0609946786468498,-1.5927035159072869,0
1.067404234388503,-1.5924616111373382,0
1.074091843831816,-1.5928971037920583,0
1.0814108529171556,-1.5909029898912799,0
1.0844398812560136,-1.592336278958193,0
1.0853481619797414,-1.5905831308282483,0
1.0847925529399092,-1.5892287350535295,0
1.0881741063851678,-1.5875543628408888,0
1.0889059779782002,-1.5873549279758343,0
1.0909255647280993,-1.5883106418202662,0
1.0959750446240708,-1.5907003372434545,0
1.1000151562198273,-1.5926125161316076,0
1.104333849196225,-1.5952025149940319,0
1.1060762030784321,-1.5954814887131725,0
1.1118600757003456,-1.5976737681193978,0
1.1169125604349563,-1.600065869727814,0
1.122141337038265,-1.60090416417143,0
1.1279275988733382,-1.603098356788351,0
1.1349010599410256,-1.6042174912118412,0
1.1406891393370255,-1.6064131392773877,0
1.1476644765966384,-1.6075337760994568,0
1.1546407519522148,-1.6086551641208189,0
1.1618970011746264,-1.6104554871779069,0
1.168037810885533,-1.6095436382887396,0
1.175295936299868,-1.6113454637444047,0
1.1824498960103451,-1.6109141596624141,0
1.1866729687508055,-1.6112778719432246,0
1.1921883445237071,-1.6128004067675459,0
1.1974247724722318,-1.6136448281803712,0
1.2029414674425851,-1.6151684193786995,0
1.2059798620833462,-1.6166092087010266,0
1.2102048696467307,-1.616974470330371,0
1.2154432324181865,-1.6178204410917338,0
1.2202289645759645,-1.6195441948794294,0
1.2242820336222415,-1.6214667497077766,0
1.2285085802493292,-1.6218332437734553,0
1.2330156430799715,-1.6228791071619462,0
1.2372428493057797,-1.623246129414623,0
1.24129767728199,-1.6251700927416426,0
1.2438860357307338,-1.6274907426258345,0
1.242979807091924,-1.6292455340042213,0
1.2489556700322062,-1.6298965770962717,0
1.252558805490711,-1.632699074648908,0
1.255040198605439,-1.6327843531350688,0
1.2596583455976962,-1.6360688861559733,0
1.2629820934993425,-1.6381929181724448,0
1.2648385217240552,-1.640712955971738,0
1.266025501090418,-1.6396377217159799,0
1.2677738646499002,-1.639921507805571,0
1.2703645390230562,-1.6422440122130109,0
1.2726746678771512,-1.6438871238226636,0
1.2755465913413424,-1.6468895844273561,0
1.2788720395419269,-1.6490149779925432,0
1.284227950542503,-1.6521047946189338,0
1.287835278117356,-1.6549106490933951,0
1.2914430454246872,-1.6577168556925308,0
1.297535489182625,-1.6606109699753375,0
1.3031756834283765,-1.664383172459182,0
1.3082544055345107,-1.6667962841727473,0
1.3127712157685512,-1.6678499529913609,0
1.3172884657350696,-1.6689039739346399,0
1.3220876243913509,-1.670638479262177,0
1.3267774724737063,-1.670135735193453,0
1.3337820079702354,-1.6712797530934331,0
1.3390360252181104,-1.6721382594929537,0
1.3442905701449632,-1.6729971884420713,0
1.3499986104927046,-1.6729790268767104,0
1.3555362074137793,-1.6745193557342173,0
1.3597752571011483,-1.674895861877939,0
1.3629974044050766,-1.6747888184173192,0
1.3676897149893446,-1.674288046246735,0
1.3716471637996825,-1.6739843144934632,0
1.3766222332231823,-1.6741647074814914,0
1.3827853080555048,-1.6732706878379773,0
1.387478424815992,-1.6727705612292816,0
1.390984181108621,-1.6733453637016318,0
1.3949425680149314,-1.6730423831476529,0
1.3987315815102814,-1.6742987498532393,0
1.4009371342435166,-1.673708403275553,0
1.4044437113701207,-1.674283863047279,0
1.4085164804316648,-1.676222193060724,0
1.4127589453746552,-1.676601434039359,0
1.416266372650723,-1.6771775745854463,0
1.4218111518690346,-1.6787236548125222,0
1.4265067751046772,-1.6782255353144304,0
1.4288275308271192,-1.6798771566035384,0
1.4314318075917765,-1.6822105534006866,0
1.4344884951038566,-1.683665991109173,0
1.4375454464554238,-1.685121640092456,0
1.4416217920078402,-1.687062834053192,0
1.4467178835470786,-1.6894898546911126,0
1.4494922812679079,-1.6902645028406322,0
1.454589472138359,-1.6926924037902218,0
1.4596873958962853,-1.6951208916142573,0
1.4637662625816006,-1.6970641044230863,0
1.4685816180510365,-1.6988115796758638,0
1.4731135990557576,-1.6998773967954968,0
1.4767418139235815,-1.7026999771916582,0
1.4821269671343238,-1.7058132101084187,0
1.4864925502512278,-1.7084407571978648,0
1.4913108812438,-1.7101906151608954,0
1.4956776516384132,-1.7128191129869403,0
1.5010658536610357,-1.7159347873013981,0
1.5064549351486338,-1.7190511658651904,0
1.5105392545167522,-1.720998745019891,0
1.5146240429328497,-1.7229466997742406,0
1.5197306880516983,-1.725382171404176,0
1.5258596296057831,-1.7283055120343676,0
1.53096788707707,-1.7307422747880832,0
1.534887626118305,-1.734253039361219,0
1.5390927477359178,-1.7384470701034864,0
1.5417065813532211,-1.7407881197434047,0
1.5453428433254963,-1.7436171440209751,0
1.5486945728708505,-1.745763582903777,0
1.5520466542022007,-1.7479103034863108,0
1.5548289671077313,-1.748691289879842,0
1.557729267974878,-1.7517164742630644,0
1.5578469920969873,-1.7539604609779555,0
1.5594398045032563,-1.7558146627791515,0
1.560580162188847,-1.7585467884565436,0
1.5617205198744308,-1.7612789141339356,0
1.5620056092958308,-1.7619619455532831,0
1.5627433293308997,-1.7617671939463015,0
1.5641688497266308,-1.7651824097304871,0
1.5641688497266308,-1.7651824097304871,0
1.5657619992611345,-1.7670368814939295,0
1.56502416196407,-1.7672315392009992,0
1.5658794742015072,-1.7692806686715077,0
1.5686131866300883,-1.7738674304371855,0
1.5696363038992907,-1.7743559567368212,0
1.572252951804483,-1.7766992599746079,0
1.57515502625931,-1.7797258645939866,0
1.578510361611034,-1.7818751908990595,0
1.5811278010346967,-1.7842191279612472,0
1.5844837813273944,-1.7863689707158326,0
1.588578478382125,-1.7883248600126844,0
1.5919352208777973,-1.7904753131166906,0
1.5975077618735742,-1.7920436241477624,0
1.601485746190905,-1.7917563366164586,0
1.6062023886392716,-1.7912750486774591,0
1.685463103136053,-1.7476284542725775,0
1.6876382749749084,-1.7508584727657528,0
1.6910025662115515,-1.7530149706765474,0
1.6940797012841227,-1.754486782182063,0
1.6972814203055542,-1.7582080735472765,0
1.6994575155826261,-1.7614388315022538,0
1.7019213240182491,-1.7653547218870962,0
1.7042611054994872,-1.767021578436811,0
1.7076272875858098,-1.7691795904836773,0
1.7114447810883533,-1.7704587631302129,0
1.7150994238784474,-1.7733025062188759,0
1.7180157163502443,-1.776340496202499,0
1.7208077180281691,-1.7771292410761976,0
1.7246266186746588,-1.77840954052167,0
1.7291847784199117,-1.7794963207964933,0
1.7340313988689307,-1.781268832113117,0
1.7371124915338552,-1.7827438127406356,0
1.7406447783530066,-1.7833398600679118,0
1.7424110097090786,-1.7836379541564842,0
1.7450418463157433,-1.785992619283535,0
1.7456182107288072,-1.7873636353425493,0
1.7497277414259873,-1.7893314029781777,0
1.7531354296385295,-1.7876779587082616,0
1.7537120578910823,-1.789049186042078,0
1.7569572911504086,-1.7889606291264943,0
1.7575340366649588,-1.790331950360219,0
1.7606534400667186,-1.7879929158983732,0
1.7606534400667186,-1.7879929158983732,0
1.7613926698499824,-1.787799373252751,0
1.764764377907845,-1.7899618103329367,0
1.766080704991646,-1.791139870620773,0
1.7676856246989612,-1.7930037675878108,0
1.769741474721009,-1.793988519979802,0
1.7700300380290273,-1.7946743331840231,0
1.7710219242543843,-1.7989825437801628,0
1.7706970143479595,-1.8021123184888168,0
1.7711114808022863,-1.8050486679267408,0
1.7704976851173537,-1.807492371206422,0
1.7729682800909714,-1.8114136960486267,0
1.7737080228954696,-1.811220564215116,0
1.773833750148782,-1.8134709595989538,0
1.7757275556346102,-1.8160209279949626,0
1.7784870363867356,-1.820628324266142,0
1.7790640750562723,-1.8219998802496509,0
1.7796411137258108,-1.8233714362331561,0
1.7803436304669304,-1.8269931880631844,0
1.7823631632060692,-1.831793551843031,0
1.7845459424168961,-1.8350296620929516,0
1.7877577459699534,-1.8387590288505358,0
1.7893637796662247,-1.840623817866728,0
1.7918356352062954,-1.8445461521329811,0
1.796077415855308,-1.8487695383350058,0
1.7975205255503877,-1.8521988391058812,0
1.7988001249342904,-1.8571921821318824,0
1.8015612326966064,-1.8618008812643314,0
1.8037452724738827,-1.8650380009382985,0
1.8079888267105702,-1.8692628073764848,0
1.8100095907006661,-1.8740641571054013,0
1.8126077158307865,-1.8802373210425767,0
1.8146284798208843,-1.8850386707714915,0
1.8159077713920464,-1.8900317673102283,0
1.818217098690159,-1.8955189302433642,0
1.8202377600760098,-1.9003201978098563,0
1.8216810896373303,-1.9037496746430662,0
1.8244436192013396,-1.9083595123119377,0
1.8267530637614495,-1.9138467691449854,0
1.8287738277515437,-1.9186481188739002,0
1.8293102104443335,-1.923831811948542,0
1.8283615962143411,-1.9293973553943786,0
1.8293507707560472,-1.9337033945550726,0
1.8315361150730283,-1.9369415588655503,0
1.8317825859448487,-1.9414383588869946,0
1.8352878191787472,-1.9458574356951157,0
1.8356994860029268,-1.948791543272657,0
1.838916537030297,-1.9525251120512657,0
1.8425881681520035,-1.9553824588895772,0
1.8432884862307066,-1.9590024500962713,0
1.8451860294426368,-1.9615554115519522,0
1.8481154259424528,-1.9646038948506614,0
1.849724581739359,-1.9664711839519917,0
1.853852053521873,-1.9684533182740438,0
1.8564935316546443,-1.9708165048180426,0
1.8615306619893381,-1.9710465943341084,0
1.8649161043584481,-1.9732200294414,0
1.8683018985135362,-1.9753937462484288,0
1.872944775423374,-1.9787611017148734,0
1.8753284540254356,-1.9811703220461894,0
1.8780364944014263,-1.9827258135194388,0
1.8807078110478734,-1.9858217416869337,0
1.8830897701101854,-1.9882316344328146,0
1.8839918880782918,-1.9887503514184015,0
1.886734105942276,-1.9887664018881974,0
1.8870226368246055,-1.9894527605860457,0
1.8903412550918048,-1.990841787072526,0
1.8912428770388257,-1.9913606980238505,0
1.8939840036564277,-1.9913771752182736,0
1.8945971939253354,-1.9912096886786088,0
1.8967990406861386,-1.9883125979895162,0
1.8992147804195731,-1.9891832049045384,0
1.9007290966144232,-1.9895348232819376,0
1.8822070413706058,-2.018195208097243,0
1.8848512458447786,-2.02056057781418,0
1.8886954897400763,-2.021861171377976,0
1.8944315620477017,-2.024920430088983,0
1.8986110772956444,-2.028370368877999,0
1.9012776321396974,-2.031468159116594,0
1.9030436562831152,-2.0340466116792317,0
1.903875898143916,-2.0376448054999905,0
1.90589677170275,-2.042448863798189,0
1.9076289490388945,-2.046566628053787,0
1.909938518820418,-2.052056980394582,0
1.912858203540143,-2.0573810487833004,0
1.916098612545854,-2.0618528107293734,0
1.9184398797099593,-2.0658046918954156,0
1.9204922191748715,-2.069070369536206,0
1.9216463427041894,-2.071815804327592,0
1.925172835554891,-2.076974881869157,0
1.9257177039158933,-2.079886264405342,0
1.928922877255303,-2.0858978811484388,0
1.9324158870475294,-2.0925961281414214,0
1.933266194042071,-2.0960756309948234,0
1.9305336095563455,-2.1013787483519604,0
1.9271895305802218,-2.105545944814848,0
1.9247585440526365,-2.110115937871509,0
1.921719468882511,-2.116154297453722,0
1.9189833449777858,-2.121458946926527,0
1.9168541646094504,-2.12529572555826,0
1.9144205755678882,-2.1298668451705574,0
1.9104605483570314,-2.1355058103570297,0
1.9086332261982246,-2.13860935203272,0
1.9065013392153567,-2.142447302282317,0
1.904368931729696,-2.146285477843037,0
1.901928382685977,-2.1495567293878253,0
1.8986841159875407,-2.154322754746074,0
1.8962501741692126,-2.1601966288427636,0
1.8938162323508898,-2.166070502939453,0
1.8925992614417257,-2.169007439987798,0
1.8904695623506917,-2.1741470798224007,0
1.8862524671594088,-2.1811205149006447,0
1.8836886099190018,-2.1857077087711687,0
1.8797788036328456,-2.1919443816312274,0
1.8775207122086535,-2.195796077261619,0
1.8742213831087433,-2.200562628703132,0
1.8691446415095,-2.20642397690124,0
1.8649810967348657,-2.2100822333967685,0
1.8605163554107804,-2.2144721961982814,0
1.8572245245947894,-2.2192325249786222,0
1.8560127087558165,-2.2221651839474124,0
1.8531559733746832,-2.2274771808591876,0
1.851208568515517,-2.2305892946280483,0
1.8490887109221212,-2.235720767219865,0
1.8458015665335736,-2.2404772068369745,0
1.8422132255955699,-2.2459653527600736,0
1.8399658543741602,-2.2498081519295674,0
1.8381505909901144,-2.2542050985720596,0
1.8359041570541983,-2.258047119908907,0
1.8346942157862003,-2.2609782232124047,0
1.8342175203246782,-2.263731816297449,0
1.8312388950284664,-2.267750472791029,0
1.8276568221871763,-2.2732334169583037,0
1.824122500308576,-2.275405995382357,0
1.8179176035833517,-2.280859836092782,0
1.8127500782312023,-2.28540202955174,0
1.8072843439271065,-2.290673449975131,0
1.8035852433392137,-2.294859018717352,0
1.8003178991066235,-2.2995990266198127,0
1.7967512328955664,-2.3050691851629637,0
1.794216841567735,-2.3096319259196694,0
1.7907813209659533,-2.3163877437836398,0
1.7880758242517771,-2.3229687252288773,0
1.7832297056674449,-2.3267624403654175,0
1.7783422213778124,-2.3338612222602766,0
1.7749577322379384,-2.3373039519667635,0
1.7724303119709326,-2.341860907593164,0
1.7693482495677113,-2.3445709100883168,0
1.765368572711136,-2.349471072818309,0
1.7610916241880972,-2.3550996846800807,0
1.7556636742052838,-2.360339748724913,0
1.7506663675512524,-2.366135175606251,0
1.748873247536885,-2.370513745952472,0
1.7431554655911814,-2.376476085082457,0
1.7397864416618773,-2.3799059805502836,0
1.735822405756906,-2.3847931631979886,0
1.7310078619774885,-2.38856067509726,0
1.725044952853736,-2.3919374515252727,0
1.7201056487224342,-2.3944140051188274,0
1.715761356566805,-2.395433271532495,0
1.710658562493764,-2.3999217459243205,0
1.7058549146581594,-2.4036802155190777,0
1.7007576857177078,-2.408164071529571,0
1.6968135085490381,-2.413034773848084,0
1.6909992605571489,-2.4176826738493418,0
1.6857476216281349,-2.4241709154043516,0
1.682238071251577,-2.4295936747706186,0
1.6790250895773706,-2.4342885683795945,0
1.6733558707360778,-2.4402106060555937,0
1.6701468725251996,-2.444902193875823,0
1.6666448790128996,-2.4503186819663796,0
1.663144525750205,-2.455733808849809,0
1.6561804985026676,-2.46326288502158,0
1.7462190354582159,-2.3849881381226794,0
1.7394826278492221,-2.3918465678511964,0
1.7325797427009846,-2.4007193977195556,0
1.7239848631767032,-2.407345399451817,0
1.7150567942525683,-2.4180003959219167,0
1.7105115127525465,-2.4243334413325144,0
1.7048238996835234,-2.430270743974196,0
1.697232641271622,-2.4392838453230663,0
1.6893527225036848,-2.4490182494662758,0
1.6758560808649356,-2.461360387764497,0
1.6656765529884368,-2.4735864479704794,0
1.6569455911398947,-2.485472363788915,0
1.6480976015447517,-2.4960609041823023,0
1.6409858424677601,-2.505588823840986,0
1.6350563747368323,-2.512208586259238,0
1.6264370244080162,-2.517460401592629,0
1.617074754533041,-2.526168493436437,0
1.6038618682803758,-2.536398905284953,0
1.5925152451286344,-2.546855279395851,0
1.5814746806948161,-2.556575912193914,0
1.5760116488822895,-2.563721333964489,0
1.571844597082869,-2.5692587449484847,0
1.568812085666817,-2.5751983644352645,0
1.5663606441047868,-2.579692267002777,0
1.5636198978029512,-2.584908007124575,0
1.5604599899195737,-2.589558855959954,0
1.555303016824972,-2.59596853641769,0
1.5510180585738027,-2.60020930119474,0
1.5458678807990047,-2.6066133423657885,0
1.5431352771648559,-2.6118223250664734,0
1.5389877326196792,-2.6173435474085203,0
1.5351314259656323,-2.6221413279164416,0
1.5318254265024045,-2.6287896590316038,0
1.5290978021974233,-2.633994509496354,0
1.5276545004172668,-2.637601023468065,0
1.5259225382810797,-2.6419288402341152,0
1.522490841180474,-2.6472869908762036,0
1.518644024542004,-2.6520768958285874,0
1.5166254523617972,-2.6571243138800664,0
1.5134863990805556,-2.661757855939065,0
1.5106368848604905,-2.6656693659856163,0
1.507500526275031,-2.6703006717757596,0
1.502798624512284,-2.6772454428066546,0
1.498675215068456,-2.6827466359580576,0
1.4952566985450453,-2.688093848328558,0
1.4904357773040324,-2.693742896828775,0
1.4854905643538743,-2.698100598106949,0
1.4808350076255756,-2.701736170143594,0
1.477584315989299,-2.705067864239826,0
1.4733476865211763,-2.70926852202105,0
1.4685412346249045,-2.71490556272979,0
1.4654243247133447,-2.7195207284925225,0
1.4603376480304426,-2.7258720715017883,0
1.4591947226749333,-2.728747559771076,0
1.4535708022177172,-2.7332375111305964,0
1.4491915374099857,-2.739432782933724,0
1.4449717205003214,-2.74361948834186,0
1.4408828148785702,-2.74909204752897,0
1.4369246448037032,-2.7558506063386794,0
1.4352165834474917,-2.760158588372253,0
1.433793198983981,-2.7637485734002283,0
1.4320851376277712,-2.7680565554338,0
1.4287001876409455,-2.773375911672657,0
1.4251899500791474,-2.7774047471366536,0
1.42237698999317,-2.781285921710001,0
1.4195652015140503,-2.785166123992541,0
1.4136910494058625,-2.7903454870079063,0
1.4114502549617498,-2.7927883340721245,0
1.4079486287103862,-2.7968100231986863,0
1.4037546457320218,-2.8009752895945095,0
1.4001290792535723,-2.803705339811785,0
1.3959393140599108,-2.8078671059606943,0
1.3946801810826042,-2.809444538201369,0
1.3900827360546444,-2.813031884613947,0
1.3885422652641939,-2.8153245428314104,0
1.3867198122768212,-2.8183329617856128,0
1.385872811239885,-2.8204811190575505,0
1.3828198790460569,-2.821772452849375,0
1.378921820386262,-2.8252103882478465,0
1.3761282503938457,-2.82907547140832,0
1.3736174827231427,-2.832224113228495,0
1.3705446252295808,-2.836802720856854,0
1.3653996183038473,-2.8418079766715945,0
1.3630214607510087,-2.8462410624490744,0
1.3598250145124275,-2.849527739480905,0
1.3567586008566046,-2.854100999509818,0
1.3532843902058005,-2.8580999370314757,0
1.350501598996507,-2.861956075116522,0
1.3467502097369142,-2.866666786982602,0
1.3416230112354768,-2.871657263977065,0
1.3374678084442326,-2.8757903475471487,0
1.3346916953940493,-2.8796409435745858,0
1.3306695127830679,-2.885058130800193,0
1.328992030365944,-2.889340736043682,0
1.325940027474518,-2.893902036895657,0
1.3231687765928122,-2.8977485979162445,0
1.3220513922668875,-2.9006028902459224,0
1.3209340079409628,-2.9034571825756004,0
1.3174786601606332,-2.9074404662152524,0
1.3151410481882806,-2.9085691658379833,0
1.3092019968557551,-2.915678631380148,0
1.3079362948969457,-2.9205322533421434,0
1.3039305733623667,-2.9259357798819003,0
1.3006117020025414,-2.9312002989191903,0
1.2986624303681928,-2.936190205969387,0
1.2956243695984284,-2.940739936560748,0
1.2927144082600979,-2.94657785442903,0
1.2902097835423447,-2.952992136615265,0
1.2871754719145319,-2.957538755876042,0
1.284950076117573,-2.963239562208935,0
1.282599568486674,-2.967649701923353,0
1.280249763819885,-2.9720592582632843,0
1.2777757846046391,-2.9751773701520925,0
1.274622102016501,-2.9784285585694334,0
1.2717474140277911,-2.9809664655916013,0
1.2679161369591085,-2.9843489804140226,0
1.2650439093448078,-2.986884845625493,0
1.2621727361766801,-2.9894198357752355,0
1.2595794445814548,-2.9912424682060657,0
1.2567102045646479,-2.9937758540759756,0
1.2541184946386839,-2.9955971739142164,0
1.2520800874841242,-2.9959958201253336,0
1.2504449666381259,-2.996972532163319,0
1.249489432004335,-2.997816264901852,0
1.2519304810836935,-2.9979962192775407,0
1.2532890677046762,-2.997730746824036,0
1.2524831980516602,-2.996574031795822,0
1.2504449666381259,-2.996972532163319,0
1.2478547212207474,-2.9987926366380506,0
1.2448617752982258,-3.0000341891405142,0
1.2437586845760134,-3.002876619522336,0
1.240088202753297,-3.0042494498153403,0
1.237097189982098,-3.0054893980379678,0
1.2346389102988002,-3.0085944812299505,0
1.2317781058513955,-3.011120866606042,0
1.227287101306814,-3.014619880398726,0
1.2241544490618423,-3.017853616196069,0
1.2202160443245411,-3.019930539736116,0
1.2180380480082178,-3.022321272013034,0
1.2153128412761731,-3.0261296220048735,0
1.2128626456802216,-3.029227996390281,0
1.2106871097383003,-3.031616686856502,0
1.2085122767605014,-3.03400479394824,0
1.2063381467468162,-3.0363923176654897,0
1.2037615505493715,-3.03820109495231,0
1.2022652493376,-3.0404570978063195,0
1.200366247620698,-3.0421345486880593,0
1.1983246105641872,-3.045806613591699,0
1.196959220640327,-3.049348470224688,0
1.193035343828111,-3.0514133373587153,0
1.1911389196463062,-3.053088649200676,0
1.187075043609921,-3.057145942702288,0
1.1841023079057678,-3.0583707231883146,0
1.1796393047651783,-3.0618464992306915,0
1.1777460439218999,-3.063519185887472,0
1.174504037955268,-3.0654491777549726,0
1.1708597415459074,-3.066800277348417,0
1.1701851932432064,-3.0669290757973986,0
1.1653253476317893,-3.0698214384134666,0
1.161816004554014,-3.072455037382605,0
1.159793414092082,-3.072840557667817,0
1.1575005575018498,-3.0739321157816875,0
1.1546678716191252,-3.076435166178392,0
1.1517021655561397,-3.0776541129195714,0
1.1492761716249564,-3.0774616646070037,0
1.1446938561043911,-3.0796419611914008,0
1.1434815874015456,-3.0811805017997607,0
1.1401129465120547,-3.0818210910268338,0
1.13512834054875,-3.083422495337178,0
1.1300136940196026,-3.0870080615432425,0
1.126784107085708,-3.0889277471281797,0
1.1232877688441008,-3.091550553669352,0
1.1203277450743894,-3.0927647848001136,0
1.1173681899474275,-3.0939786270145504,0
1.1132022827322743,-3.0967260997687696,0
1.10944411393176,-3.100047943644782,0
1.1072991569289279,-3.10241125732092,0
1.1051549028902201,-3.10477398762257,0
1.1027450105703043,-3.1078389152041908,0
1.1000698314512487,-3.111605748378535,0
1.0985995984921484,-3.11384011776207,0
1.0971297170151093,-3.1160741954583635,0
1.0928489415429699,-3.1207932389423334,0
1.0899123419274162,-3.125258769149738,0
1.086572397422957,-3.1291462821448146,0
1.0844352316057524,-3.1315031300870793,0
1.0830948048911289,-3.131753532033061,0
1.0800234862653628,-3.1349363684066134,0
1.0773582658046283,-3.13869493710909,0
1.074024823718247,-3.1425770538901876,0
1.0725609760165469,-3.14480612428882,0
1.0689654690498926,-3.1493874728629194,0
1.0679068993884187,-3.1521929561940425,0
1.0649824844842257,-3.1566483745770437,0
1.0644534339748617,-3.1580509217844455,0
1.0628526997902519,-3.1589990970872215,0
1.059123586839906,-3.1622968281512005,0
1.0544648317674117,-3.166416804326854,0
1.0510035831513047,-3.16901049075833,0
1.0458052996711178,-3.171270971251321,0
1.0428731601447119,-3.1724620618608554,0
1.0407500536098553,-3.174807242313424,0
1.0386276500391123,-3.1771518393915095,0
1.0349100188360065,-3.1804400420055714,0
1.0315768190540755,-3.181051219435709,0
1.028790704544102,-3.1835156212727984,0
1.027600227728886,-3.185036077272132,0
1.0248156948881757,-3.187499166516634,0
1.0229599254644626,-3.1891407398675664,0
1.020961763005598,-3.189505987889433,0
1.0194863243790433,-3.188473939074264,0
1.0157771287453485,-3.191755141194511,0
1.013257414061032,-3.1935167137626106,0
1.009146338047005,-3.19621868330702,0
1.0058469897202968,-3.2000725064256095,0
1.001999853157514,-3.2020736885117227,0
0.9985590490811411,-3.204650408468602,0
0.9948599292664504,-3.2079232488879015,0
0.992346365518161,-3.2096797169292586,0
0.9863977385671223,-3.214008140702539,0
0.9799357606386572,-3.2197260829863943,0
0.9763924487576894,-3.2242641160050027,0
0.9722994154893296,-3.2269511122709726,0
0.9663658436864573,-3.2312670421073726,0
0.9645240163843987,-3.232897045197687,0
0.9621674321766882,-3.2359177335475504,0
0.9604743831671811,-3.238818762982028,0
0.9562800722814302,-3.243466051404381,0
0.9524547861866228,-3.245449100266928,0
0.9494409934577597,-3.248584197161817,0
0.9477519279115842,-3.251481920807546,0
0.9454019047022992,-3.2544971643288836,0
0.9423916267940236,-3.2576293443513453,0
0.940704670140196,-3.26052531787362,0
0.9376967354456447,-3.263655553314468,0
0.9346902066793259,-3.2667846220063446,0
0.9330055932392227,-3.2696786509470037,0
0.9317254377145439,-3.2731497734237216,0
0.9313610407707085,-3.2758101724348343,0
0.9298245026590379,-3.279975811094136,0
0.9285440542326455,-3.2834471766435573,0
0.9281785442622894,-3.286108499330938,0
0.9273001519572563,-3.290158951612568,0
0.9275918505080494,-3.292705865754927,0
0.9259085258354922,-3.2955988251756985,0
0.9264554353664174,-3.297452195426276,0
0.9279158774251464,-3.2984966895637875,0
0.928862148381647,-3.3009313828154383,0
0.9291497463084255,-3.303481699975624,0
0.9286360438489485,-3.30487151017344,0
0.9291794385592897,-3.3067277972964426,0
0.92829425093446,-3.310783888864762,0
0.926752089109856,-3.3149541945199417,0
0.9263800181410726,-3.3176209620358463,0
0.9236677654606424,-3.3232948058303027,0
0.923693181346458,-3.3265444520125733,0
0.9200444406268247,-3.3297754839271327,0
0.9170523812052433,-3.3328925448275335,0
0.9138051693838776,-3.3367031010051704,0
0.9110724801467889,-3.3391231663814267,0
0.908226211420267,-3.3435137329675477,0
0.9052398928723147,-3.3466260296429873,0
0.9006921475499556,-3.3506538812646003,0
0.8977092852422413,-3.3537633096821597,0
0.8938194514051538,-3.3576761693842663,0
0.8901871131815717,-3.3608935892275174,0
0.8872091130423421,-3.3639989826382255,0
0.8840897743141216,-3.36582717565814,0
0.8802078488233498,-3.3697334723972947,0
0.8781405693554429,-3.372032323192869,0
0.8760739928516585,-3.37433059061396,0
0.8744054304255577,-3.3772112991705523,0
0.8702427609081447,-3.378561590848294,0
0.8679249568875544,-3.3815500963724165,0
0.8653202579043029,-3.3819877013618704,0
0.8618111649267775,-3.3832265985960923,0
0.859857816430365,-3.38355465649456,0
0.8572533517684917,-3.3839920670258525,0
0.8559511194375524,-3.384210772291498,0
0.855300003272081,-3.3843201249243204,0
0.8547947363820079,-3.3857029346283234,0
0.8534927383724416,-3.385921445435809,0
0.8520444224447346,-3.384866888088437,0
0.852695538610206,-3.3847575354556145,0
0.8520444224447346,-3.384866888088437,0
0.8513933062792631,-3.38497624072126,0
0.8500910739483256,-3.385194945986907,0
0.8499441702267507,-3.3839223639774545,0
0.8495449845422023,-3.383340895132763,0
0.8484943312101265,-3.382869070608132,0
0.8474434435566707,-3.38239744054167,0
0.8483467245244345,-3.38159707197317,0
0.8472955439692704,-3.381125684979404,0
0.846644017741399,-3.3812353779140096,0
0.8455925442845178,-3.380764233992947,0
0.8447922983444389,-3.379602851968855,0
0.8442429284391046,-3.377751523528973,0
0.84579814569714,-3.376841121724084,0
0.843441628052851,-3.3765910165666053,0
0.8419877469925474,-3.375541077600573,0
0.8375226001412202,-3.3743534002113904,0
0.8359675586242172,-3.375263656172656,0
0.8336088735072344,-3.375015349753175,0
0.8309997224179124,-3.375456649447699,0
0.826586704088843,-3.377496450010362,0
0.821369339195682,-3.3783782715667634,0
0.8159032657404772,-3.379948240800962,0
0.8108418845220662,-3.3820951091130507,0
0.804478388133397,-3.38446058546171,0
0.7990160638201438,-3.38602744336532,0
0.7951734457395787,-3.3899011197478686,0
0.7894680365772153,-3.3921514583333963,0
0.7844157938923253,-3.3942907427771853,0
0.7803348945507746,-3.3988439134493404,0
0.7758518805075205,-3.4028180460038175,0
0.773163478009808,-3.4052013587875347,0
0.7676298692148151,-3.4087036182028463,0
0.7643786819132004,-3.409246735276433,0
0.7616164761662798,-3.408420557488249,0
0.7594233235072565,-3.4042823911455287,0
0.7550281137897681,-3.401160430379072,0
0.7497406946020782,-3.403976632541827,0
0.7478658359696055,-3.402363309340126,0
0.7458350520554369,-3.4046318732770384,0
0.7401427648899173,-3.4068713222055163,0
0.7368130291440309,-3.4093558689938117,0
0.7319236828016535,-3.407607481168684,0
0.7302856995019251,-3.405315830426348,0
0.7277533980269268,-3.403817110227834,0
0.7236049049525413,-3.4051556371868,0
0.7216512049740729,-3.405483986772513,0
0.7182242338417506,-3.4047784888050554,0
0.7115749553296595,-3.4097391234516223,0
0.7051032766389156,-3.415946866088472,0
0.7026733656205479,-3.4176339125661492,0
0.6983992333018421,-3.422829192946347,0
0.6959051846035944,-3.426445709961797,0
0.6931736161888189,-3.430741089277829,0
0.6886018685173934,-3.438541348093091,0
0.685397252401243,-3.4441927991159087,0
0.6846820571362411,-3.446231573671964,0
0.6818516130854277,-3.4473382694393777,0
0.6801844643833572,-3.4520940488630476,0
0.6735774808789721,-3.457019583811446,0
0.6722173203845241,-3.459162606473587,0
0.6695637146105913,-3.4615170422203114,0
0.6673205419470882,-3.4644436128199754,0
0.663311227784785,-3.468937376523767,0
0.6608336401629398,-3.4725402328533708,0
0.6581203488152099,-3.476820444432798,0
0.6603337702729455,-3.480941790144543,0
0.6587398392039283,-3.4837605637766753,0
0.6581316036623086,-3.488981313074774,0
0.6569451766865644,-3.4923746522868626,0
0.6543010609282174,-3.494721212478046,0
0.6540977519447679,-3.5005186663958785,0
0.6547718314174453,-3.505537239372064,0
0.6545618442748875,-3.5113402353475056,0
0.655632766218389,-3.5169422217499964,0
0.654608473853413,-3.5215955031910386,0
0.6540595724035398,-3.5248907683436776,0
0.6543156033211872,-3.5293435263571755,0
0.6549711714054531,-3.534377461528127,0
0.6565017847321091,-3.5386344603390434,0
0.6595467848176728,-3.542014941679728,0
0.659311315225878,-3.547839084980236,0
0.6614680894918514,-3.552007440952538,0
0.6582735491947105,-3.55765053027441,0
0.6590657694405042,-3.5639655549993794,0
0.6594551720204755,-3.5697021249811627,0
0.6613541577712212,-3.57456616388502,0
0.6615794925890963,-3.579044395917684,0
0.657901242968137,-3.5860524047926923,0
0.6574009552199431,-3.5925780647696044,0
0.6603110525711919,-3.5979467430128533,0
0.6624876775903896,-3.6053693635487623,0
0.6657706580521427,-3.611341338565339,0
0.6681151587430172,-3.6148721545963998,0
0.6664689738206917,-3.6228812749074013,0
0.6644311600780739,-3.6303026550980046,0
0.6641868368713926,-3.6394048840869146,0
0.6611263712006874,-3.64633120200258,0
0.664320903327468,-3.6491058400823526,0
0.6620295774346676,-3.6572193543430593,0
0.6606089032585327,-3.664559578334268,0
0.6585577331976893,-3.6719920426400776,0
0.6570960607644771,-3.6760955519167613,0
0.658038750336976,-3.6818039555481743,0
0.6590820731430913,-3.6855526017831526,0
0.6632542674944659,-3.688859638104878,0
0.6654061132158287,-3.69115584008253,0
0.6681814837610673,-3.693365586875883,0
0.6694800681445763,-3.6996913854973386,0
0.6691433717199367,-3.705599534723646,0
0.669276333319857,-3.706883686993711,0
0.6704120295312084,-3.7086794304824426,0
0.6711502468710453,-3.706621550412013,0
0.6691631053124745,-3.7088538965163345,0
0.6705256090206504,-3.7067089292725797,0
0.6684058573442186,-3.707656831419591,0
0.7117428348670245,-3.687866334314183,0
0.712368644324286,-3.687777983162807,0
0.7114934233408565,-3.6885550653664616,0
0.7127449250946896,-3.6883784602927943,0
0.712994453781544,-3.687689632011436,0
0.7113663783555921,-3.6872660030278173,0
0.7114934233408565,-3.6885550653664616,0
0.7126181144307964,-3.6870892034959883,0
0.7126181144307964,-3.6870892034959883,0
0.7128675845373049,-3.686400423829168,0
0.7124953964078351,-3.6890672885741544,0
0.710618319518117,-3.689332050341033,0
0.710618319518117,-3.689332050341033,0
0.7103689665722932,-3.6900207327787715,0
0.7107451887623526,-3.690621258523299,0
0.7103689665722932,-3.6900207327787715,0
0.710618319518117,-3.689332050341033,0
0.7108676724639427,-3.6886433679032944,0
0.710618319518117,-3.689332050341033,0
0.7108676724639427,-3.6886433679032944,0
0.7124953964078351,-3.6890672885741544,0
0.7124910694455266,-3.685800141157344,0
0.7131170546438135,-3.6857116441623496,0
0.7134935111552494,-3.6863119754487155,0
0.713488715550195,-3.6830452169482264,0
0.7154840077595317,-3.6775353685299947,0
0.7181064567740201,-3.671936050825959,0
0.7182193412824205,-3.6666953880977804,0
0.7197151074753059,-3.6625635851585905,0
0.7197151074753059,-3.6625635851585905,0
0.7204629905717468,-3.660497683688993,0
0.7218392020802025,-3.6583413406427887,0
0.7243432094367783,-3.654716559155469,0
0.7279858420218606,-3.652885090429864,0
0.7283647589077038,-3.6534833799055324,0
0.7288723024480834,-3.655369419127254,0
0.7285008172827325,-3.6580357004977557,0
0.7290070134752131,-3.659922857853907,0
0.7297627383545482,-3.6611211869286997,0
0.7305179945911426,-3.662319904919812,0
0.7303946321844137,-3.664298524757923,0
0.7317765180030644,-3.6654082109940997,0
0.7329069419835488,-3.6672083297914675,0
0.7351655132941985,-3.66753971846048,0
0.7360428351868968,-3.6700316310261716,0
0.7401809437616826,-3.6700962161176083,0
0.7434393206666243,-3.6709416267323114,0
0.7469485736063088,-3.6710970909312213,0
0.7508312368795913,-3.671855414372601,0
0.7513263028068895,-3.673751808491426,0
0.7527000459578552,-3.674868252148718,0
0.7563250378765893,-3.6763221612925694,0
0.7611997741388699,-3.6776009237989644,0
0.765073826101716,-3.6783663935777806,0
0.7701979738901628,-3.678956425031899,0
0.7744389337685185,-3.680330150267162,0
0.7793025983459572,-3.6816181009216926,0
0.7841630995848625,-3.6829086767614054,0
0.7892773472953305,-3.6835069240728515,0
0.7943894861134382,-3.684106921507748,0
0.7974759960875808,-3.6869712048000043,0
0.8023241954544424,-3.688271989693199,0
0.8054027385019218,-3.6911428845629484,0
0.8082179864819246,-3.6947140321310474,0
0.8121712818700804,-3.696808233713469,0
0.8160174495896211,-3.6975968440135105,0
0.8186149274117991,-3.698559725889279,0
0.8222989525374906,-3.701359138853171,0
0.82571698789992,-3.704861040784273,0
0.829751928507461,-3.7082819809741387,0
0.8324383740919021,-3.710565524639808,0
0.8363661284504786,-3.7126809221618373,0
0.8387834795134808,-3.715669531365359,0
0.8418187902677623,-3.718576303765918,0
0.844492582498102,-3.720870348172312,0
0.8489340393161555,-3.7215959354965236,0
0.8518670259899537,-3.7231931302223913,0
0.8556836692165817,-3.724006242250791,0
0.8622471623444454,-3.723782031460914,0
0.8660604664915219,-3.7245979145181174,0
0.8704926676153661,-3.72533118293971,0
0.8760775026528016,-3.724575400355066,0
0.8822828749166192,-3.723735641927682,0
0.8849341722952104,-3.7260483543175855,0
0.8878509907943197,-3.727658966656602,0
0.8917368016272462,-3.7298091721895545,0
0.8952684164791176,-3.7313405729107902,0
0.9009259925237814,-3.7319189183437356,0
0.902594296866555,-3.7337036564148587,0
0.9048804437399269,-3.7354066549121008,0
0.9068942155926489,-3.7378174413614556,0
0.9097183757678788,-3.738110454626618,0
0.9113807634960018,-3.739900102766322,0
0.9130417452958941,-3.741690917654992,0
0.9129214718684686,-3.745061468199218,0
0.9140360633774396,-3.7482692201992496,0
0.9154202766309432,-3.750771469130564,0
0.9186552642001224,-3.753030784223636,0
0.9200350253475502,-3.7555367278600187,0
0.9229911354779929,-3.7585092271191876,0
0.9262165744512458,-3.760776466382344,0
0.9309457971413106,-3.762175987407076,0
0.9352620835450765,-3.761610956727351,0
0.9390956407119795,-3.7638045264303326,0
0.9444331573367233,-3.7651302320512663,0
0.9479190795209878,-3.7666995521140088,0
0.9526342429287133,-3.768110740628435,0
0.9570073950667375,-3.7688930125067444,0
0.9598702610698702,-3.7705483988374624,0
0.9630085482714925,-3.7714934692599673,0
0.9664828129674881,-3.7730724636162485,0
0.9693395280345882,-3.7747329544737074,0
0.9706278610453438,-3.77592027813089,0
0.9707434670848372,-3.7786133275816667,0
0.9741529577002588,-3.7788515823428632,0
0.9778410328526999,-3.77837689601067,0
0.9815291080051445,-3.7779022096784765,0
0.9848824358504196,-3.776792578507157,0
0.9898003380297489,-3.7761592744812393,0
0.9950520502307576,-3.7761616931270954,0
1.0003027079855844,-3.776164986834676,0
1.0049377492628508,-3.776248172763605,0
1.0098542455139459,-3.7756160354866584,0
1.015102384314023,-3.7756214196194744,0
1.0206329153734206,-3.7749107027137736,0
1.0237054326286437,-3.7745158599883837,0
1.025879472504231,-3.7749173994391825,0
1.0280530437370796,-3.7753193278063044,0
1.0293274346261807,-3.7765182217241,0
1.031784511144867,-3.7762031253764334,0
1.0332977848772558,-3.775327531582466,0
1.033342524480494,-3.7766848973503606,0
1.0346152165396472,-3.7778852010898287,0
1.0347899571679022,-3.783318164408316,0
1.034019957724368,-3.7881914081131534,0
1.0380683054346829,-3.789724977957226,0
1.037946243039217,-3.7958860014911693,0
1.0431722970499493,-3.7959097133057167,0
1.0456221096060947,-3.795600645161059,0
1.047133918829907,-3.794726266730601,0
1.0498711029745351,-3.793696965311492,0
1.053908847642747,-3.795239334387375,0
1.0578345168709298,-3.7926912298633084,0
1.0609334380820084,-3.793668969256954,0
1.0649319496992309,-3.7938494027981466,0
1.0692528481712191,-3.794675038846483,0
1.072091094651384,-3.797745350560925,0
1.0766649352490063,-3.796484831407806,0
1.0790813142081266,-3.7948090148889584,0
1.0815299551574107,-3.7945009190351104,0
1.0830447519787203,-3.793624061263092,0
1.0839475057233923,-3.7928241302254513,0
1.0842380406504013,-3.792101271765816,0
1.0848191105044247,-3.79065555484655,0
1.0836257046720519,-3.7921784415729025,0
1.082110673529371,-3.793055493803081,0
1.0827229509273764,-3.7929783726105377,0
1.0826913919013332,-3.7916100685710568,0
1.082401032715353,-3.792332781187067,0
1.0881412308057126,-3.788177327948505,0
1.09207756165633,-3.785620375578084,0
1.0923686238064292,-3.7848970795875854,0
1.0951113730836521,-3.7838631597871384,0
1.0942072134107441,-3.784664257573745,0
1.0963070049690593,-3.7823384257082537,0
1.0951113730836521,-3.7838631597871384,0
1.0944984513018703,-3.7839408157396246,0
1.0942072134107441,-3.784664257573745,0
1.0951113730836521,-3.7838631597871384,0
1.0939159755196162,-3.785387699407865,0
1.095141584761807,-3.785232581961054,0
1.09207756165633,-3.785620375578084,0
1.0911737534654833,-3.786421181677447,0
1.0911737534654833,-3.786421181677447,0
1.0936247376284918,-3.7861111412419817,0
1.0936247376284918,-3.7861111412419817,0
1.095141584761807,-3.785232581961054,0
1.0936247376284918,-3.7861111412419817,0
1.0954329398136196,-3.7845090428978523,0
1.0954329398136196,-3.7845090428978523,0
1.0990805517278677,-3.7826734419363106,0
1.0991101190222476,-3.784043398870171,0
1.099401825556118,-3.783319568119726,0
1.1030212761042186,-3.7801128434753615,0
1.1075482254047806,-3.7761022500155885,0
1.1083956522829919,-3.7725592451651124,0
1.1092125745813348,-3.7676470612134256,0
1.1085376477739786,-3.7649871854106784,0
1.1094439749195786,-3.764184288886076,0
1.1124252127565626,-3.7596817143988943,0
1.118806216872013,-3.755425464686615,0
1.1224967523988596,-3.7549487365437244,0
1.12530759905734,-3.75664729258631,0
1.1299056333366497,-3.7553666956280107,0
1.1320716477052422,-3.755774895270843,0
1.1357874741614271,-3.756671672923259,0
1.139796354499376,-3.7568435016908026,0
1.1443946231000588,-3.75556271027434,0
1.149312993922134,-3.754929017332101,0
1.1566227614545905,-3.7498512517262483,0
1.1676954224813105,-3.748420192235848,0
1.1704534026477376,-3.7473736326549023,0
1.1735094746054227,-3.7455979433386055,0
1.178095339952252,-3.742932950927953,0
1.1832989892493355,-3.7401862675579594,0
1.1891209497197615,-3.7373574556977633,0
1.1934144641489421,-3.735416828797497,0
1.1986418812864414,-3.734044915200858,0
1.2041703778127104,-3.731941392527318,0
1.208798916671892,-3.732029974670228,0
1.2130973518498962,-3.730085264148567,0
1.217410767816844,-3.7295226155813204,0
1.2220259661366821,-3.72822777456269,0
1.2247930262562825,-3.7271736797279775,0
1.2284909429063617,-3.726690826152998,0
1.2318861399180712,-3.7269409428620524,0
1.2355937065458846,-3.727844575164662,0
1.2420675131684895,-3.727694793236127,0
1.2466919514036565,-3.7277867783968635,0
1.2498448964905116,-3.727646255961954,0
1.2538837504412932,-3.7270869533846547,0
1.2583436430062829,-3.727045704839705,0
1.2613569091193266,-3.7274351826399386,0
1.2670308969582145,-3.724458102288395,0
1.2735463374221574,-3.7225174003749117,0
1.2789159165878239,-3.7202746610039377,0
1.2835609333207998,-3.7182478255522557,0
1.287602545936398,-3.7176873288259795,0
1.2930926588139986,-3.716695294634464,0
1.299608099277945,-3.714754592720981,0
1.3061235397418898,-3.7128138908074977,0
1.3104671667178547,-3.7115200895318416,0
1.314511381847426,-3.710958466249929,0
1.3203033008842802,-3.7092332176334892,0
1.3254980618372834,-3.7089716040089193,0
1.3292460922377796,-3.709140761791753,0
1.3322710696637046,-3.709525170091613,0
1.336319188564234,-3.7089618569762397,0
1.3402003488443075,-3.7103762674092486,0
1.3430626357726823,-3.7127365517062447,0
1.3454997200645007,-3.714580584459906,0
1.3481032945242628,-3.7144470964452,0
1.3489605704342758,-3.71547662542498,0
1.3496546873942386,-3.718482233181909,0
1.3509426312201622,-3.720025647938183,0
1.3504839121443926,-3.7227322374067278,0
1.3504556527834097,-3.725952802776213,0
1.3497021022858338,-3.7293895875005774,0
1.350993793731881,-3.7309313800167274,0
1.3529031471311193,-3.727792329307322,0
1.3530380987704724,-3.72903679336855,0
1.3521511060916485,-3.7312284606294153,0
1.3531732586109424,-3.730281167305325,0
1.35199080990696,-3.7332033001953615,0
1.3522621705934945,-3.735691597446655,0
1.352670773131674,-3.7394233673902164,0
1.352786053706156,-3.7438846791873246,0
1.3542214412385096,-3.7466671505377622,0
1.3571151144854046,-3.7490138485737603,0
1.3595779636655578,-3.7508467284266036,0
1.3624773103929115,-3.7531909705713087,0
1.3672835641563754,-3.752397220968911,0
1.372383920637727,-3.750873591546272,0
1.3757262191469444,-3.753726402124858,0
1.380243471119904,-3.7536603242936497,0
1.3866602389892844,-3.75045945413334,0
1.3924917162385313,-3.748717081871197,0
1.3977404012810588,-3.7484321260138085,0
1.4032817316336512,-3.7474179212073366,0
1.4091144580896042,-3.7456750081984875,0
1.4156762753525456,-3.7437142310635316,0
1.422378037140911,-3.7397874240277194,0
1.4290773005158606,-3.735861698485321,0
1.4347565454329718,-3.73288234249139,0
1.4421799027880855,-3.7287409158097127,0
1.4481437252219465,-3.7250358031891757,0
1.4562899794008004,-3.720679193583811,0
1.4619617811279468,-3.717703059539005,0
1.4679189411260332,-3.7140008309009023,0
1.4746017045623923,-3.7100822477212496,0
1.480112789761856,-3.7058728025160352,0
1.4820096029845136,-3.7059475127800603,0
1.4869466404242075,-3.7031916987526525,0
1.4918824286571866,-3.700436425471951,0
1.4953623254884807,-3.698115889074499,0
1.4983991143870785,-3.695286851836503,0
1.4992539399931957,-3.6931091088033234,0
1.5005507284258641,-3.69144036229517,0
1.501120508062714,-3.6899885786686113,0
1.50371325212358,-3.6866514461501048,0
1.5051664369107396,-3.686217880884719,0
1.505608399737289,-3.6867268774097415,0
1.5071887767313967,-3.6843328023661233,0
1.509210700149822,-3.6824479040964313,0
1.5105059270741048,-3.68077983352166,0
1.5125271217886151,-3.678895250687546,0
1.5143903586402487,-3.67577616254405,0
1.5213334962134084,-3.671142299705231,0
1.528307763794455,-3.6697032942362338,0
1.5328225173539956,-3.669638297898432,0
1.598264012658916,-3.6482015534069685,0
1.602618570193565,-3.646903020597634,0
1.6056918502788307,-3.647266520024848,0
1.6073142357892252,-3.6480625933484916,0
1.6109440747403596,-3.6469800320517898,0
1.616025849271944,-3.6454644462364065,0
1.6222140790994963,-3.6410596229556234,0
1.6259463343245528,-3.6380272766903694,0
1.6329578472888677,-3.63145836423074,0
1.6375138020529256,-3.626261748537738,0
1.6410669670016418,-3.6220040445948793,0
1.6446902996678396,-3.6209242996872746,0
1.6439656331346004,-3.6211402486687945,0
1.6442411018524474,-3.6204184349869255,0
1.6458939141595046,-3.6160875528957064,0
1.6461693828773516,-3.6153657392138356,0
1.646444851595195,-3.6146439255319667,0
1.6448235070903845,-3.613847401586069,0
1.6434785682084474,-3.6123286583982708,0
1.6427546303791214,-3.6125442919442143,0
1.6388588479112869,-3.6143445437291497,0
1.6339620973879008,-3.6170829186752833,0
1.63051249381925,-3.619390341965106,0
1.626891503415628,-3.6204690729726376,0
1.6249959393996853,-3.620393821961903,0
1.6215448784232098,-3.6227018761228873,0
1.6189253245276554,-3.6228422811892074,0
1.6135781269821656,-3.625075332181698,0
1.6096210773946389,-3.623693772111098,0
1.609453490230063,-3.622463435057572,0
1.609453490230063,-3.622463435057572,0
1.6085067879991612,-3.6182642835542627,0
1.6094541403261076,-3.6141410364639555,0
1.6077890696457828,-3.6101551076775227,0
1.611960529032583,-3.6076329520862664,0
1.6165754607040306,-3.6056191396177617,0
1.6209119047414298,-3.604328447635668,0
1.626081000965895,-3.6008696108744314,0
1.6320799386623328,-3.595243846014146,0
1.6373531688199474,-3.589834480757638,0
1.642791591829278,-3.5856564889858387,0
1.6483964568970375,-3.582709329952044,0
1.6546582671436916,-3.576367203939176,0
1.661530824537902,-3.5717638932892637,0
1.6679543923178315,-3.5666546278145503,0
1.6729332074558734,-3.5619752775649527,0
1.6788008409732953,-3.5583118024408034,0
1.6853865306384552,-3.5544352397864554,0
1.6910772599912693,-3.549545460677967,0
1.6976574323268068,-3.5456712863215714,0
1.7029692877325484,-3.543453533954647,0
1.7092727941938168,-3.540301691495717,0
1.715127363091085,-3.5366438716808677,0
1.7202603884718854,-3.5332006489807792,0
1.7263823582936801,-3.5288245078065437,0
1.7300731814962838,-3.5258100963070476,0
1.7330439185902389,-3.5230096510511473,0
1.7347527409387702,-3.5218628564578545,0
1.7374510802813692,-3.5197828955481736,0
1.7400550190930861,-3.5196492498156786,0
1.745086148702752,-3.518155586773016,0
1.7479610799082792,-3.5173020650343503,0
1.7534411470819489,-3.5163143793476,0
1.7597301835655266,-3.513168800538015,0
1.7652989777896178,-3.5102372555653645,0
1.7690730333298479,-3.5103951477918205,0
1.773116727956623,-3.5098337498210306,0
1.7761741327066467,-3.510204121237642,0
1.7818406812963374,-3.5104385938104823,0
1.7864219884872519,-3.508439336440821,0
1.7892154276311967,-3.509526542163382,0
1.7937156591627712,-3.5094678320060453,0
1.7968589802481372,-3.507895560816845,0
1.801440079237933,-3.5058963935716374,0
1.805035565004621,-3.504828702809359,0
1.8063954943670453,-3.506340957036681,0
1.8073026344447847,-3.5073489012104293,0
1.808398598201121,-3.5095779897437005,4
1.8091181638069749,-3.509364248811231,4
1.8108994214684593,-3.5062806471703336,4
1.8145724955257663,-3.503273918780291,4
1.8160108980335572,-3.50284675235093,4
1.8206663061463733,-3.498909966938058,4
1.8233526739247008,-3.4968351881843134,4
1.8274759868029928,-3.494333873872362,4
1.8293680634502163,-3.49441063446765,4
1.833035620177899,-3.491406294375558,4
1.8374204522991402,-3.4881892047199603,4
1.84161255697083,-3.4837526605383005,4
1.8467120099213723,-3.4803239704059443,4
1.8510916370146688,-3.4771091338616174,4
1.8530533903100341,-3.4752502815582815,4
1.8567129312946822,-3.472249411257554,4
1.8593911271791281,-3.470178169888511,4
1.8630485341023224,-3.46717822336341,4
1.8649386328389248,-3.467255840140986,4
1.8682641151671078,-3.466907597293737,4
1.8718517933918761,-3.465843286198375,4
1.8749166413318683,-3.4662104356658556,4
1.8777213753864537,-3.467292752136945,4
1.8556278363913723,-3.4961871113865417,4
1.858048625004951,-3.49482986540324,4
1.8613847776404295,-3.4944770036778756,4
1.8628240129526912,-3.4940494767507086,4
1.8664221012333506,-3.492980659432792,4
1.8707398071701444,-3.491698078651293,4
1.875516496374873,-3.4909171267209445,4
1.8754544190675304,-3.492849450077106,4
1.878134749013439,-3.4907772849324417,4
1.8815340720121227,-3.488491626697545,4
1.8842130486507678,-3.4864200473618094,4
1.8878106164286343,-3.4853514553550227,4
1.8878106164286343,-3.4853514553550227,4
1.8902288025282363,-3.4839953359273625,4
1.8938849602447245,-3.480995930148964,4
1.8944038347082603,-3.4795661819506876,4
1.8963609034784739,-3.4777093574475,4
1.8994964170219166,-3.476140465925212,4
1.900014666882102,-3.474710988100288,4
1.9015108265240404,-3.4723533683971226,4
1.90346633378587,-3.470497219827319,4
1.90346633378587,-3.470497219827319,4
1.9026894274481023,-3.472641233784689,4
1.9038106876402665,-3.474859372197157,4
1.9025166244981868,-3.4784323908260824,4
1.9025166244981868,-3.4784323908260824,4
1.9010780137892738,-3.4788596473798954,4
1.8991213614212992,-3.4807162916341845,4
1.897423417581173,-3.4818583772249116,4
1.8963869178608057,-3.4847173328747587,4
1.8987477632285028,-3.485291486471997,4
1.8960131114668943,-3.4892926178370267,4
1.8974531795836267,-3.488864730412054,4
1.8975991845582847,-3.49200986161601,4
1.899242754532425,-3.4927967647767595,4
1.9003699484564418,-3.49501233464237,4
1.9017567357630654,-3.4965129628155065,4
1.9062861154511381,-3.496441635235019,4
1.9072120977300422,-3.4974414231459523,4
1.9066439503279113,-3.5007979520466517,4
1.910198803502393,-3.5016533018220812,0
1.9110761894963435,-3.5045795775309685,0
1.9119551369986691,-3.507505177306477,0
1.912162750828152,-3.508718187934285,0
1.9135091657939753,-3.5121417439895595,0
1.9146490079358962,-3.514351838794772,0
1.9179583213032263,-3.5159160468622304,0
1.9208033943244,-3.5169809017209275,0
1.9231829777927025,-3.5175469441175693,0
1.9277327091400416,-3.5174668068719956,0
1.9322838978952106,-3.5173860387552622,0
1.9334330570371616,-3.5195921004912876,0
1.9345834653858134,-3.5217976214806086,0
1.9345015755980537,-3.5256439729293696,0
1.9344209350170072,-3.5294897836314263,0
1.9341263825226527,-3.532125309970315,0
1.9354972611198171,-3.535538276402592,0
1.9356748606141085,-3.538669731221102,0
1.9338941421314768,-3.543658551289509,0
1.930661904470627,-3.5490802156276935,0
1.9289179668595189,-3.5521476624607367,0
1.9271736128461754,-3.5552152895426854,0
1.9251741938245388,-3.5589958981102985,0
1.9239383562691188,-3.56063826068541,0
1.924845254771519,-3.5635517612533647,0
1.9260081031369705,-3.565751897306729,0
1.9281183784964604,-3.5689425384525766,0
1.9307055944703002,-3.5726270352156657,0
1.934311196667263,-3.573460417156147,0
1.9378561455904837,-3.5781309578513856,0
1.9411852567400665,-3.5815920478346293,0
1.9433424107252986,-3.582856944709235,0
1.9472388177964852,-3.5810564225509456,0
1.9496498396335795,-3.5816088561554817,0
1.950828927686226,-3.5838019625016706,0
1.9544487396094716,-3.584629193448368,0
1.958070425342786,-3.5854556132750055,0
1.9616939848861623,-3.5862812219815847,0
1.9618988587268866,-3.589400870497009,0
1.962834853335508,-3.5923017761729277,0
1.9645027494662166,-3.5949836010426512,0
1.967153552205506,-3.596735121047306,0
1.968325632146474,-3.600836712832354,0
1.9690010110429537,-3.6063584545616436,0
1.9706615347100307,-3.6109489225880136,0
1.971111186279776,-3.615265494516734,0
1.9727789449357012,-3.6198528307184326,0
1.974935043217176,-3.624929088223679,0
1.9753811219936992,-3.6311526585378147,0
1.9782818741157264,-3.6360043151142456,0
1.9816849487124255,-3.6394333883862497,0
1.98509312423651,-3.642860253609207,0
1.9897237977463078,-3.648461434230306,0
1.9936338459686045,-3.6523713626674965,0
1.993620387600176,-3.659998995711362,0
1.9960689416666586,-3.6662515381306164,0
1.9987711553838832,-3.671791707404246,0
2.0014806561402416,-3.677328722322093,0
2.003458932028142,-3.6830845251416715,0
2.0044597145365266,-3.6897682895905852,4
1.9877649405905302,-3.6484135810526954,4
1.9899550797547754,-3.653475103210196,4
1.9884657426773416,-3.6615461250846106,4
1.9894363880739228,-3.668242935047818,4
1.9879538175328122,-3.676311027877574,4
1.9879505943933786,-3.682028778553585,4
1.9847498658276574,-3.6893422553071833,4
1.9820409122059353,-3.697143166310891,4
1.9832765121639095,-3.703122713877004,4
1.9845145398089556,-3.7071957587421807,0
1.985264298554787,-3.7126853035113285,0
1.984281931125059,-3.7155208268039033,0
1.9860178049207367,-3.718173226040358,0
1.990469454902641,-3.7187381164443565,0
1.9929442903823613,-3.719262926904644,0
1.9998595997320656,-3.716546561949789,0
2.009007431871659,-3.7150624688182585,0
2.0191422825919147,-3.7126462908637556,0
2.032244089411787,-3.7093367561632213,0
2.0401407959119666,-3.7056907397455685,0
2.0489992579312073,-3.6992181223559957,0
2.055667882367615,-3.6972111113776496,0
2.0610947168406852,-3.6949435877826335,0
2.0650391142695312,-3.6931222919383835,0
2.0719689643232613,-3.692305084541699,0
2.0778966304889543,-3.6905210747831703,0
2.0862855283353667,-3.6873623123667247,0
2.0968680300608042,-3.681641765037565,0
2.1057564062925707,-3.6789671022665384,0
2.1146135336806076,-3.6744005144245353,0
2.1217504397089115,-3.6709856554895204,0
2.127404804592441,-3.6680170693674867,0
2.1345381712017364,-3.66460374254814,0
2.14311377336346,-3.6588561382584484,0
2.144557570424258,-3.6565211848547214,0
2.145496007418121,-3.6537046778213167,0
2.145460386350912,-3.651814645363812,0
2.1510688242118974,-3.6469604879446003,0
2.1546915469729093,-3.642070103401961,0
2.1585829905914906,-3.638366277960751,0
2.1607619683419834,-3.635810824290724,0
2.165155388759331,-3.632590017001519,0
2.1685377767411396,-3.628406237639634,0
2.1707140478770945,-3.625851955587475,0
2.170872418164315,-3.6213699269009343,0
2.1745224859981036,-3.618373157262731,0
2.1732810083364456,-3.618112509459383,0
2.1705651093736122,-3.6182946196154298,0
2.1707986776164887,-3.6175909434793336,0
2.1729735954451783,-3.6150372472361028,0
2.168820613907588,-3.617551404282331,0
2.168820613907588,-3.617551404282331,0
2.171696756967709,-3.6128864543196855,0
2.1728648584334884,-3.6093679609836418,0
2.1716253066321762,-3.6091064795291246,0
2.169918306043428,-3.6102524855334686,0
2.1698833095795713,-3.60836218270261,0
2.1703510706686764,-3.6069545600570656,0
2.170316490607064,-3.605064076977305,0
2.171321277009074,-3.606029752783515,0
2.1693807602277317,-3.607879412392844,0
2.1664011892844286,-3.6068727779295244,0
2.16589916043538,-3.606389782308632,0
2.165430670642362,-3.6077977203897547,0
2.165196425745851,-3.608501689430316,0
2.163556711470278,-3.613429472714248,0
2.1645276465145855,-3.612504350005116,0
2.1642934536683534,-3.613208296514564,0
2.166703293047192,-3.6099503383263087,0
2.1666691814380847,-3.6080596524665314,0
2.1666691814380847,-3.6080596524665314,0
2.163991454006151,-3.6101306910555575,0
2.164225750952941,-3.609426699483885,0
2.164225750952941,-3.609426699483885,0
2.1666691814380847,-3.6080596524665314,0
2.1656986107457357,-3.608984617457873,0
2.1661669964381964,-3.6075767244389745,0
2.1666691814380847,-3.6080596524665314,0
2.1681419371303186,-3.607617615502745,0
2.169146827632897,-3.6085832462467273,0
2.169146827632897,-3.6085832462467273,0
2.1679423763959917,-3.6102120225608445,0
2.1684450298483995,-3.610694747808383,0
2.1689128950380656,-3.6092870801006143,0
2.169649429035019,-3.609065994025384,0
2.169649429035019,-3.609065994025384,0
2.166703293047192,-3.6099503383263087,0
2.1669717536533604,-3.611137010083297,0
2.1689128950380656,-3.6092870801006143,0
2.1694155484904663,-3.609769805348156,0
2.1684450298483995,-3.610694747808383,0
2.169918306043428,-3.6102524855334686,0
2.169649429035019,-3.609065994025384,0
2.169684477549154,-3.6109562743251313,0
2.1704211676969507,-3.6107351206565585,0
2.1733679282881333,-3.6098505059822834,0
2.175811410823556,-3.6084834364338167,0
2.1757751651529915,-3.6065936743496625,0
2.175272199398915,-3.6061110842887985,0
2.172560204207034,-3.606291504611388,0
2.174302201259639,-3.607035801437899,0
2.174805167013723,-3.607518391498763,0
2.178991167104545,-3.606895393465683,0
2.1817045156036876,-3.606714387334163,0
2.1826740973407226,-3.6057898504339647,0
2.1817045156036876,-3.606714387334163,0
2.1804643391990197,-3.6064531762529963,0
2.1829070409802434,-3.6050864446712225,0
2.1867841187216968,-3.6013888378171313,0
2.1853494304598016,-3.603719848276123,0
2.1831399846197677,-3.6043830389084786,0
2.1848080329234207,-3.601348442437841,0
2.184109358155691,-3.603458592132732,0
2.1853494304598016,-3.603719848276123,0
2.187326244961991,-3.6037599282198354,0
2.1880627789589475,-3.6035388421446033,0
2.1912412860332218,-3.6019513399231755,0
2.1954281189285183,-3.6013279813922914,0
2.199152083460973,-3.6021101275823515,0
2.202646487622072,-3.6035942150128246,0
2.2097405042201004,-3.6001979217147237,0
2.215359266712479,-3.5972447468738213,0
2.2210226029201294,-3.5961777291390327,0
2.2227727718666053,-3.5969184885808403,0
2.224571053947365,-3.5995438730130935,0
2.2258155505252333,-3.599803214011901,0
2.232220729858348,-3.598512812028382,0
2.2379405072449963,-3.5993268143059893,0
2.2426980419840064,-3.6010621765969013,0
2.2454740256453967,-3.602759509275362,0
2.2465479534945914,-3.605600707502461,0
2.2458641130565056,-3.607704435830211,0
2.247796405893695,-3.6058583361366967,0
2.250466377833991,-3.603790654683472,0
2.258983163179913,-3.5980685105512027,0
2.2638638822172297,-3.5953370751878033,0
2.2682323185004414,-3.592127082832725,0
2.2713507929264445,-3.588660115245677,0
2.2769645065417166,-3.585709125922712,0
2.2855253971503977,-3.5818733416765696,0
2.294185112526602,-3.5735813043368907,0
2.299217193739466,-3.56827632572581,0
2.3061670978118265,-3.561131511070567,0
2.3110310566591536,-3.558407330725476,0
2.3135267122506633,-3.558923128740659,0
2.3197035283688443,-3.5583341497819525,0
2.3239637708342364,-3.5595844661207092,0
2.3268222208143534,-3.5631515532551905,0
2.329685043017946,-3.566716747776203,0
2.3300474210043234,-3.569768217144402,0
2.329228770379558,-3.5744383238259747,0
2.324791594390362,-3.582091546291416,0
2.3233860022346846,-3.5844099618583734,0
2.321019052286129,-3.5876493544097148,0
2.3182768012208435,-3.594161798088969,0
2.314054715625314,-3.6011193429633455,0
2.308715069385361,-3.611573503463269,0
2.3040403693320464,-3.619932114429375,0
2.299433925871167,-3.6301666308452862,0
2.2991320343245363,-3.6353133568428397,0
2.298608806350707,-3.6411584641649917,0
2.2966757701485605,-3.6493238120742344,0
2.2980167719595705,-3.6577657569087645,0
2.2995888436000342,-3.665505107100614,0
2.2960981910740763,-3.6722437739488107,0
2.293128513698889,-3.679457235092851,0
2.2939521464894455,-3.681103898204606,0
2.2982828650332294,-3.68232370741668,0
2.3002375768798267,-3.686786829593716,0
2.3034682236730823,-3.691495683977452,0
2.309304229333769,-3.6922593742802636,0
2.309473013691896,-3.6959972158899603,0
2.3121918982338485,-3.700227287970886,0
2.3157514880580123,-3.706096632958582,0
2.318173232289805,-3.70915244792565,0
2.321167046333624,-3.7082474651254334,0
2.323026089803694,-3.7152600222594945,0
2.3234282342035826,-3.718294277857545,0
2.321455412911874,-3.7245713957983,0
2.31895157076546,-3.7303780679479726,0
2.31917082518148,-3.729680587867886,0
2.3227026868677356,-3.729243009158534,0
2.3246409134367845,-3.727394340918167,0
2.3242031333086466,-3.7287889856427565,0
2.3288287686616087,-3.724865088026389,0
2.330984375836625,-3.722319750825994,0
2.338605334691504,-3.7174902170071373,0
2.3454731034600016,-3.7128889792195974,0
2.353521120085457,-3.7066694420853814,0
2.35716853335499,-3.7036738215339255,0
2.3660564224581826,-3.69909391780428,0
2.3739763433830063,-3.6954378525103344,0
2.382530415442208,-3.694113042611729,0
2.3925893395028943,-3.68791882754236,0
2.3995405114951467,-3.6851869386508103,0
2.409057606956175,-3.682940430772213,0
2.416007633842284,-3.6802090375651435,0
2.4213579023913923,-3.6804826800087653,0
2.4294807339444837,-3.6761362094041434,0
2.436331136632827,-3.6759559635186676,0
2.5480255405053036,-3.697541654053527,0
2.5530408282282053,-3.6991654422740385,0
2.5611277971758746,-3.697342518377873,0
2.5671562326826063,-3.695514888385034,0
2.5722303371841804,-3.694605193676356,0
2.578812487467463,-3.6932381859094416,0
2.5855954143175666,-3.691181696607467,0
2.591824105888321,-3.6886648103907014,0
2.598051964654598,-3.6861482846717433,0
2.6039227732390557,-3.682483435149715,0
2.613161570591096,-3.6790545138944424,0
2.621287525160959,-3.6747066914230526,0
2.628819426024805,-3.672423731109898,0
2.637300921318385,-3.669224885843848,0
2.6438528824767076,-3.670378968894097,0
2.6526984026895484,-3.668325428262003,0
2.659674246514264,-3.665582859623001,0
2.66492393528452,-3.666502611209612,0
2.6690351205219507,-3.6690225921904656,0
2.674852681744774,-3.6703968375403218,0
2.6825697441287275,-3.6699391777977084,0
2.6882037574272424,-3.6719954468842975,0
2.6951742921605764,-3.6717631991905613,0
2.7023394094774744,-3.670844151164193,0
2.708369614730831,-3.671523777885289,0
2.7149684211406715,-3.6726575829340504,0
2.7221422829045174,-3.6717347496807378,0
2.7300738110787854,-3.6705816827204103,0
2.7372519409655425,-3.669657001915855,0
2.740464593060281,-3.670562742056216,0
2.7457586286686357,-3.6714632971347534,0
2.7535068170825845,-3.6684841410149396,0
2.760123632851986,-3.667102127526924,0
2.7684402142212967,-3.6645772398592324,0
2.77448863703534,-3.6627409579190946,0
2.781478846737194,-3.6599921706929734,0
2.7886533851175415,-3.6565610217634283,0
2.794314464487126,-3.653589529127851,0
2.8020567712194904,-3.6506129190237804,0
2.8092262607227347,-3.647183955612176,0
2.8148828117180074,-3.64421442318341,0
2.8212933335538466,-3.641016256756636,0
2.829785603255271,-3.6378127475502406,0
2.8373393652364953,-3.635520324169729,0
2.8448931272177163,-3.6332279007892136,0
2.850724221438945,-3.6295802425062256,0
2.855798065651996,-3.626162637681345,0
2.8659742256180927,-3.6218231262846707,0
2.872912645254747,-3.616588734743985,0
2.881931043047487,-3.6113497664815117,0
2.8889001723861583,-3.6086101043560586,0
2.898309609193202,-3.6045047470800196,0
2.906030523260707,-3.6015373972632947,0
2.9131732589203168,-3.598120014843648,0
2.9199608702955686,-3.596061497741527,0
2.9275026607125127,-3.5937742565169497,0
2.9331847163818416,-3.593301706614696,0
2.9390971652641227,-3.5946348777459853,0
2.9438544024367523,-3.5950674879869524,0
2.9476844267998175,-3.5964062948023283,0
2.9500067176828466,-3.598202279489268,0
2.9559334283417087,-3.5995292770956624,0
2.959015884048572,-3.6010939465821767,0
2.9619270756970764,-3.603335322462808,0
2.960824434806799,-3.6049200279203557,0
2.9612336914189186,-3.606045753017323,0
2.961060345349381,-3.60672336065595,0
2.9623993131844664,-3.6069418076850948,0
2.963328660055481,-3.606034687335061,0
2.964084764957512,-3.60580512956143,0
2.9639116270890966,-3.606482647075607,0
2.965250907225858,-3.6067009589180756,0
2.9665903955637454,-3.6069191806360923,0
2.967000901382569,-3.60804436498635,0
2.969335684332677,-3.609834942206227,0
2.971844594106507,-3.6109475738207824,0
2.9755242265732775,-3.612954052054059,0
2.977692482040453,-3.61541928533679,0
2.9791053092592215,-3.61811378348869,0
2.9830365194026918,-3.6219168125926196,0
2.9886611970622425,-3.62457969378152,0
2.9903284126728025,-3.629069526123981,0
2.9927580833194902,-3.633327051897057,0
2.993672837547578,-3.638044864835253,0
2.9962006415728553,-3.6391493176558747,0
2.9999097865480806,-3.641143020748215,0
3.003961043237794,-3.641783491301224,0
3.0075066275960225,-3.644450566182991,0
3.0106330657890332,-3.6459961968792207,0
3.0143538179765734,-3.6479848755334174,0
3.0171481901590376,-3.650879390264217,0
3.0172362072187333,-3.6533493129242967,0
3.0180862629123197,-3.6555871092638945,0
3.018858797137984,-3.660969056235288,0
3.0199699036591348,-3.6649993027830163,0
3.022608835068187,-3.6685636744496577,0
3.0237994409678812,-3.669448914183299,0
3.026516518448215,-3.6698688648447924,0
3.031356879917137,-3.6702654928986753,0
3.0322869554920686,-3.6693580571130635,0
3.038059058144867,-3.668846528385725,0
3.041210376371456,-3.6703813892100534,0
3.046222782652933,-3.6701009729031284,0
3.052763950727357,-3.669354276155085,0
3.058977164763302,-3.6699546834837022,0
3.0662869818571004,-3.668972998963854,0
3.0727795163686977,-3.671357948080022,0
3.075946709930527,-3.672885936914957,0
3.081410221248806,-3.673713130690338,0
3.08469562103242,-3.677697974139951,0
3.0881485893045557,-3.6810077109044563,0
3.0903988760121592,-3.6834374351534738,0
3.0921647789525757,-3.687884548506137,0
3.0945818013442334,-3.689639526567845,0
3.095629094185629,-3.691189373488056,0
3.0967969875616745,-3.695195038591759,0
3.0970790146518574,-3.6969784087614457,0
3.1004303286910684,-3.6978241260174123,0
3.100874927442945,-3.6989345524888098,0
3.102209972905264,-3.702265291156303,0
3.1004750027146457,-3.7065339981730983,0
3.105368247267503,-3.706907734616413,0
3.1071905392623833,-3.7082198449690615,0
3.108532143059925,-3.7115477447163485,0
3.1075688928551735,-3.7155801346256805,0
3.1075353538733914,-3.7187052464671932,0
3.107214374572365,-3.720049331374746,0
3.1092015284412327,-3.7206875066601466,0
3.1057699677177553,-3.726097713458735,0
3.105160767343296,-3.7256611093990184,0
3.1033000956906456,-3.72747620628137,0
3.1033000956906456,-3.72747620628137,0
3.1026909994167404,-3.727039557159433,0
3.1014390076357543,-3.7292914834126236,0
3.1012782577338456,-3.7299636385219657,0
3.1003137583223896,-3.7339965691780055,0
3.1001530084204774,-3.7346687242873458,0
3.100601927345547,-3.7357772806763876,0
3.0991885090090214,-3.7387016549433856,0
3.0948183364647868,-3.74502299263008,0
3.094496420258732,-3.7463674830976625,0
3.091216292437135,-3.751109567856094,0
3.0902836663985127,-3.752018107666231,0
3.0913435033572654,-3.7535625245882684,0
3.0934976011113022,-3.7535258635619044,0
3.091793150986245,-3.7546707655417286,0
3.092564923022401,-3.754434425903156,0
3.0912772581981827,-3.759812387773488,0
3.0920494466365653,-3.7595758678860136,0
3.092178219065083,-3.762028148684802,0
3.0927898137524004,-3.7624637163133325,0
3.0936919197254475,-3.7646789815401647,0
3.093982639212303,-3.7664585890140216,0
3.0897967618980964,-3.7689869857235117,0
3.0874458768469566,-3.7728219951941373,0
3.085255065044098,-3.7759851424598896,0
3.080742639048964,-3.779860034905999,0
3.0788390593642276,-3.78480429923016,0
3.0775476469198892,-3.7901838833406085,0
3.07502971388303,-3.794693774185216,0
3.0732855307929405,-3.7989664692089686,0
3.0706037248374045,-3.8041498670296843,0
3.067792105447758,-3.8068814346738655,0
3.067920461474042,-3.8093338957215597,0
3.069762740776234,-3.8106373541269054,0
3.069277836506256,-3.8126549685416755,0
3.0714134378092695,-3.8157369078652366,0
3.073097413572693,-3.817711462417625,0
3.073067882462432,-3.8208348393634566,0
3.0742992957812234,-3.821702414704694,0
3.075048095042323,-3.8245866130917445,0
3.0761197474145128,-3.826125915451179,0
3.077487272251222,-3.829442594704311,0
3.079955720318985,-3.8311753120266125,0
3.0811905689562167,-3.8320414003144077,0
3.082562778318078,-3.8353560517673895,0
3.0850355986093128,-3.8370868764762154,0
3.0868913068836044,-3.8383845218544685,0
3.0879691532390545,-3.839921143011491,0
3.090145892864655,-3.839874680951077,0
3.091224936376527,-3.8414107838925045,0
3.0926235017816026,-3.8416034327975304,0
3.0905867253946013,-3.8440973314674896,0
3.09322555266597,-3.8451537254245896,0
3.096183901830546,-3.8448666653452914,0
3.09882481111309,-3.845922158057883,0
3.0995898500613848,-3.8487993267377476,0
3.1019293695498007,-3.848079830854598,0
3.1016256895433614,-3.8463058336278184,0
3.1036609044219787,-3.8438126108912485,0
3.1045989957399414,-3.8429017053142687,0
3.107095829811815,-3.8415115413752225,0
3.108191964417159,-3.8399296523067683,0
3.111772370375217,-3.840073631102335,0
3.1172283343658513,-3.8383960691173016,0
3.116755141408749,-3.840408614031702,0
3.1172283343658513,-3.8383960691173016,0
3.1159755618306804,-3.840648333337189,0
3.1179990467946155,-3.841270781905875,0
3.1198656856275946,-3.8425636957504494,0
3.1221927799458804,-3.848070765881925,0
3.123287457143398,-3.846489507684627,0
3.12718476387888,-3.848401760804329,0
3.1310851936311295,-3.8503126620572647,0
3.1332703468001917,-3.8533731517614775,0
3.1356141158097124,-3.855762410131973,0
3.1385857191937347,-3.8585802064238184,0
3.1415604455945356,-3.861396650848892,0
3.1461028673973033,-3.863729961560505,0
3.146419612023891,-3.8654983034779793,0
3.1459540704578686,-3.8675075363188025,0
3.146271283536965,-3.8692756754562616,0
3.149255847440582,-3.872087861501024,0
3.1476897135469883,-3.872570319281106,0
3.1495838683759985,-3.876961915971922,0
3.1502228749587893,-3.880496211508916,0
3.147881463058514,-3.8843271203170175,0
3.148996767013365,-3.8889581208777386,0
3.1488539038057866,-3.8927331270891816,0
3.150281859016946,-3.8960236477203942,0
3.148570051200686,-3.9002823283920076,0
3.1489060878791477,-3.9051529130715394,0
3.1457760917024515,-3.909227439067637,0
3.1454810148387935,-3.913670905285926,0
3.1450176593845107,-3.915679191820013,0
3.145172111202605,-3.915009762975318,0
3.1454810148387935,-3.913670905285926,0
3.1431216641939095,-3.9143989855230377,0
3.1426445340173714,-3.913302640997113,0
3.139511414823911,-3.9173785188599766,0
3.139511414823911,-3.9173785188599766,0
3.1400016430690663,-3.9215797873503746,0
3.1390599082315376,-3.9224922701052485,0
3.1379632531233987,-3.924074384484829,0
3.1354469001967296,-3.925472997591161,0
3.133717465937533,-3.92662871450511,0
3.1312005404577867,-3.9280275754536866,0
3.130257972815791,-3.928940418706361,0
3.128527913953242,-3.930096405993659,0
3.126010207719304,-3.9314956049089282,0
3.1252227685490332,-3.9317387264124406,0
3.123492189183686,-3.93289493901087,0
3.120973858346396,-3.9342944082994897,0
3.118767241860386,-3.9343538032186274,0
3.1181358160165935,-3.9339268199440607,0
3.1176606117004013,-3.932829641766965,0
3.1154548800691373,-3.932888653657189,0
3.115923700802764,-3.930878001356257,0
3.116079974380643,-3.9302077839226186,0
3.116710827671355,-3.9306350150394245,0
3.1182850814085477,-3.9301490424057484,0
3.115605550818639,-3.92911026777883,0
3.1171794922541487,-3.9286244303318334,0
3.1162362479585184,-3.9295375664889747,0
3.1174919353093387,-3.927284040526775,0
3.117810293494589,-3.9290516839797505,0
3.117810293494589,-3.9290516839797505,0
3.117966462971907,-3.9283815116083325,0
3.1173417850626386,-3.931062201094001,0
3.118753433689662,-3.928138592884835,0
3.118122632449225,-3.927711339236918,0
3.114970187755411,-3.9255743950639417,0
3.1143400111183297,-3.925146871042669,0
3.1135534047525297,-3.925389632048379,0
3.116387178959414,-3.9257590679550525,0
3.1152830472128414,-3.9242338250099795,0
3.112450105810421,-3.9238640286055038,0
3.1097771670042036,-3.925932994332154,0
3.110250237258935,-3.927031096284873,0
3.1115069656153516,-3.9247771197004173,0
3.1132365560253845,-3.923621335193129,0
3.1140230062403518,-3.9233786417807597,0
3.1151266174841297,-3.9249041100369606,0
3.115756846171493,-3.9253316115271204,0
3.1165435045875682,-3.9250888279902973,0
3.116699830215726,-3.9244185880255404,0
3.1130838032647112,-3.9274006223159983,0
3.1107235157147954,-3.92812910811314,0
3.110253445774461,-3.9301403011607743,0
3.110570450652439,-3.931908530422687,0
3.1097833758341267,-3.9321514942084104,0
3.108049535902982,-3.9301985244620496,0
3.1099400658142358,-3.9314810965258644,0
3.1110403644419335,-3.92989740496839,0
3.1094699958739014,-3.933492289573497,0
3.1097872610032766,-3.935260406179843,0
3.107111667632804,-3.937330520993248,0
3.1058536900696794,-3.9395850383244095,0
3.1039645989644455,-3.94141243719433,0
3.1034937482699156,-3.9434239682086574,0
3.1052263055458837,-3.942266899427942,0
3.1053869327454287,-3.944705391185723,0
3.106806266212004,-3.9448890501767586,0
3.106962956192117,-3.9442186524942144,0
3.106018202438378,-3.945132442053625,0
3.10633619627167,-3.946900243224391,0
3.1046029623420743,-3.94805760490957,0
3.1044507821344673,-3.951836644190198,0
3.100668644102754,-3.9554931542946115,0
3.1020893829268807,-3.9556762049456022,0
3.102094257051345,-3.9587846888258937,0
3.1006777677483335,-3.9617103924285484,0
3.099893537093582,-3.965062718807962,0
3.0984763711369325,-3.967988715315082,0
3.0975349820495595,-3.9720116421570566,0
3.098174405034584,-3.9755457574451487,0
3.100075709353682,-3.9768236655686238,0
3.102134432356813,-3.977430860573971,0
3.103246631896706,-3.9789526111965685,0
3.1062537521731315,-3.9786444394646097,0
3.10736730502029,-3.980165604278273,0
3.1076902956804062,-3.981931242462217,0
3.1043693269912396,-3.9835804123392755,0
3.104056883936046,-3.9849208021443374,0
3.1008915121711276,-3.985900047492219,0
3.101047941899843,-3.985229762465238,0
3.104056883936046,-3.9849208021443374,0
3.1034218145726946,-3.984495396047665,0
3.104213105463643,-3.9842506072418065,0
3.107211239643526,-3.980835731587465,0
3.1062640395266605,-3.98175058010918,0
3.105160565831916,-3.98333564606453,0
3.1043693269912396,-3.9835804123392755,0
3.103890635306321,-3.9824847437467383,0
3.1029431749380514,-3.9833997049240093,0
3.10357808815057,-3.983825178614021,0
3.1029431749380514,-3.9833997049240093,0
3.1030995005662056,-3.982729464959256,0
3.1023083658260973,-3.9829741861717753,0
3.1015172310859853,-3.9832189073842965,0
3.1023083658260973,-3.9829741861717753,0
3.1024647435045303,-3.982303923675909,0
3.1015172310859853,-3.9832189073842965,0
3.10026579325627,-3.9885811876001416,0
3.0999529337988427,-3.9899217576541037,0
3.09853535143996,-3.9928479344101255,0
3.0955332093885524,-3.996264544960148,0
3.092529818130444,-3.999681696256877,0
3.091423846022284,-4.001267843705641,0
3.0874690385746604,-4.005601668544216,0
3.0833548865826828,-4.010607040152083,0
3.0805100405129373,-4.0164635844511025,0
3.0814677361844574,-4.018654786449506,0
3.0833771603471583,-4.019929179719387,0
3.086081414819809,-4.020957252067742,0
3.0876692016296587,-4.020465421344753,0
3.086571643064964,-4.0251585205581435,0
3.0865821906698905,-4.0282645485471456,0
3.083727942101369,-4.031014569172678,0
3.0827763177107386,-4.031931332838978,0
3.0805586479636773,-4.035106106158912,0
3.076592597655697,-4.039444797717842,0
3.075640088410317,-4.040361944413057,0
3.0732543482737498,-4.041101447924339,0
3.0711911303447863,-4.0436067923995775,0
3.06833172879859,-4.04635904360528,0
3.066424940598342,-4.048194103053536,0
3.0645177359958566,-4.050029342750699,0
3.0619723390132414,-4.051440528217952,0
3.059268378240457,-4.053522922487813,0
3.0559262250875534,-4.055181262527766,0
3.0517876280660303,-4.05708662195374,0
3.0492406695750347,-4.058498483354381,0
3.0482856619162426,-4.059416711543006,0
3.047648510541709,-4.058992206690844,0
3.04701146326774,-4.058567656776457,0
3.046056351508387,-4.059485930027309,0
3.0455785446782215,-4.058389878405849,0
3.04701146326774,-4.058567656776457,0
3.0473305501568895,-4.060334984793855,0
3.0482856619162426,-4.059416711543006,0
3.0451011356484834,-4.060404248340385,0
3.046215435801358,-4.058814495913575,0
3.0474895303492993,-4.05966359574235,0
3.0517876280660303,-4.05708662195374,0
3.0522637878890606,-4.055072792765914,0
3.052422507830073,-4.054401516369971,0
3.047170495510425,-4.057896245193838,0
3.0457376810214676,-4.057718421761006,0
3.0436681129584002,-4.060226515032005,0
3.0414385757476197,-4.063406425445651,0
3.0430311511831754,-4.0629125218602855,0
3.0430311511831754,-4.0629125218602855,0
3.039846000312064,-4.063900329031018,0
3.037934319385542,-4.065737506403877,0
3.037297532362963,-4.065312843833928,0
3.0374571371587216,-4.064641184409066,0
3.0341121732907297,-4.066300741129108,0
3.0377763467502454,-4.063297865559347,0
3.038414765933293,-4.06061122785991,0
3.0385743707290516,-4.05993956843505,0
3.03666310620477,-4.061776565559008,0
3.0344317992844907,-4.064957242030488,0
3.035545143930527,-4.066478496968603,0
3.0369783227714393,-4.066656162683644,0
3.0357048528268464,-4.065806792481519,0
3.0333158335226713,-4.066547715452906,0
3.028537794914314,-4.068029561395681,0
3.025667775111117,-4.070786408948381,0
3.0271005375497992,-4.070964254912328,0
3.0207217330102054,-4.076054143630062,0
3.021042920512347,-4.074709968598061,0
3.02024621639233,-4.074957100639647,0
3.0213579995299895,-4.076479031511141,0
3.0189610499815274,-4.0803339810165635,4
3.014178326848022,-4.081817854759485,4
3.01273716571254,-4.084754238109589,4
3.0159264806060158,-4.083764628449833,4
3.016248084510398,-4.082420273168932,4
3.018639758378825,-4.081678201110792,4
3.0154440747494498,-4.085781161371196,4
3.0143248818703086,-4.087373031722601,4
3.0108202797580716,-4.086593668593725,4
3.0049152927789393,-4.089670742023708,4
3.0020275572789146,-4.095545851959642,4
3.002825510605639,-4.095298179171351,4
3.0004316506254725,-4.096041197536225,4
2.9978759476875254,-4.097456844163808,4
2.994197772702833,-4.100465780602905,4
2.9921277027387774,-4.099863497380138,4
2.9873393581750918,-4.101349804483238,4
2.98447258409103,-4.100994653302056,4
2.9812807707841387,-4.101985344455221,4
2.978886910803972,-4.102728362820095,4
2.9763482989594934,-4.1010260174378,4
2.9746088896484473,-4.099075458520504,4
2.974301878424125,-4.097302903284943,4
2.9692118317646212,-4.097014356978985,4
2.9653898418206452,-4.0975775241108785,4
2.964921039688825,-4.096477574606915,4
2.961100142800717,-4.09704026858544,4
2.9604676239010566,-4.096613758464242,4
2.959835209101957,-4.09618720328082,4
2.9580767307868214,-4.097355492555689,4
2.956950354969109,-4.098950472200659,4
2.9601386288569955,-4.097961313163161,4
2.956950354969109,-4.098950472200659,4
2.953597167156957,-4.100613588836518,4
2.9499133186917987,-4.103624981166906,4
2.9481535391196836,-4.104793833719594,4
2.9455961705727916,-4.106210201342783,4
2.9440014090254962,-4.106705051234888,4
2.941277981448195,-4.108795872140922,4
2.9380880419513637,-4.109785752174025,4
2.9343999253632944,-4.112798992055659,4
2.9313421415631424,-4.116239688365225,4
2.9294138045471954,-4.118084075694167,4
2.9276514745113786,-4.119254032271382,4
2.9265205182690757,-4.120850994654274,0
2.925688141105823,-4.124224162312995,0
2.927617623227924,-4.122379279299572,0
2.9282495695745148,-4.122806037263009,0
2.9237582425814885,-4.126069225575325,0
2.922959768751973,-4.126317123674742,0
2.9239248221146994,-4.125394546981353,0
2.9239248221146994,-4.125394546981353,0
2.9242236614451436,-4.127170639601616,0
2.923091924448652,-4.128767939951199,0
2.9229253449154413,-4.12944261854517,0
2.922793137168483,-4.126991824799823,0
2.922758765382234,-4.13011729713914,0
2.921126821333594,-4.133738836050648,4
2.921892276684126,-4.136615824481613,4
2.9202600723840924,-4.140237476048684,4
2.917194428991749,-4.143681574556277,4
2.9160610784365915,-4.145279573370356,4
2.9132930772182597,-4.150500282713807,4
2.915193600783173,-4.151778528803973,4
2.915193600783173,-4.151778528803973,4
2.912758602480423,-4.155649948552821,4
2.9121248343740582,-4.155223979178331,4
2.9121248343740582,-4.155223979178331,4
2.911024606398442,-4.153697046399801,4
2.9119920020237444,-4.15277345580634,4
2.910224154658305,-4.1539458006815035,4
2.9071896038846,-4.154265846309887,4
2.9087904032643195,-4.153768382808703,4
2.910057106672582,-4.154620682055489,4
2.913392474687356,-4.156075872865086,4
2.9138597153107924,-4.1571764983024355,4
2.917998918333865,-4.158381470307997,4
2.9197369222873633,-4.160332637565336,4
2.922111557112604,-4.162708534985967,4
2.9195115928353097,-4.167253934864291,4
2.9196489535599355,-4.169702498029475,4
2.9204229451562966,-4.172575791357945,4
2.92216636233886,-4.174524615379557,4
2.922139850144813,-4.1776466855208465,0
2.9218082525867786,-4.178995366775403,0
2.9219481117248165,-4.181442848447173,0
2.9216166182673433,-4.182791484639504,0
2.9254669235633415,-4.182216060582267,0
2.927073344373234,-4.181716163720905,0
2.9299558376416996,-4.182064510506033,0
2.93121065498444,-4.186032548651424,0
2.9291079308933625,-4.188554994241251,0
2.927335034650824,-4.1897295246343536,0
2.9274782250067446,-4.192175564314908,0
2.925561930207156,-4.190904145151912,0
2.922819139925892,-4.193003347631892,0
2.9265089035211034,-4.193099988559544,0
2.927621831764906,-4.194621423746559,0
2.926156831601432,-4.197568126346308,0
2.923247305636121,-4.2003420750135945,0
2.9211416667293904,-4.202865782345741,0
2.920645363448209,-4.204888331074205,0
2.9222553236771063,-4.204386902097179,0
2.919983625739963,-4.2075850627121625,0
2.919652756885842,-4.2089334285311395,0
2.918185518560353,-4.211881099968737,0
2.9167959405931114,-4.214804217452533,0
2.9221997628713865,-4.214978433637398,0
2.924268618325428,-4.214952978566902,0
2.9264480985946655,-4.216131534121107,0
2.9240336126792847,-4.216884220539345,0
2.925990004005264,-4.215655031970375,0
2.9279471310563956,-4.214425732550918,0
2.9255319094158665,-4.215178529819644,0
2.9247268355356866,-4.215429462242554,0
2.9251850527459453,-4.215905945918204,0
2.9240336126792847,-4.216884220539345,0
2.9256432699562005,-4.216382429593853,0
2.923687369113658,-4.217611544262494,0
2.9232287840408233,-4.217135116012088,0
2.9218530288223263,-4.215705831260875,0
2.9256432699562005,-4.216382429593853,0
2.9327596492124854,-4.217260029388095,0
2.9343680802808194,-4.216758423193424,0
2.9361970252543728,-4.218664949098651,0
2.9395219371681947,-4.218866135310732,0
2.9397590273689396,-4.216934579261897,0
2.9397590273689396,-4.216934579261897,0
2.9397590273689396,-4.216934579261897,0
2.9397590273689396,-4.216934579261897,0
2.939302404229842,-4.216457855410182,0
2.9413667227121216,-4.2164330839177175,0
2.9397590273689396,-4.216934579261897,0
2.9391933734858213,-4.215253604609414,0
2.9375849424174874,-4.215755210804085,0
2.935866990121692,-4.215052640098314,0
2.930125017254465,-4.21560452828119,0
2.9247268355356866,-4.215429462242554,0
2.9207014661348047,-4.216684124357098,4
2.916077745592169,-4.214405731076502,4
2.9172144794154917,-4.212806267740094,4
2.9185164915150352,-4.210532689087536,4
2.9190129509470566,-4.20851007276573,4
2.920645363448209,-4.204888331074205,4
2.920645363448209,-4.204888331074205,4
2.9190354032193113,-4.205389760051236,4
2.9206678157204635,-4.201768018359715,4
2.9237432966156263,-4.198319661471807,4
2.9244046179216383,-4.195623110082753,4
2.9224881669712133,-4.194351758513095,4
2.9244272263447257,-4.192502729774924,4
2.9224881669712133,-4.194351758513095,4
2.9216840196612317,-4.194602112503805,0
2.920548691195453,-4.19620096750017,0
2.91910588305284,-4.19602747004099,0
2.918443104339005,-4.1987246523012,0
2.91778032562517,-4.201421834561412,0
2.91778032562517,-4.201421834561412,0
2.917756728246772,-4.204542642960384,0
2.9212849611858758,-4.205311776964068,0
2.9233488706151434,-4.209027320663035,0
2.9264054907073422,-4.208697721842842,0
2.926735422656435,-4.207349761583895,0
2.926735422656435,-4.207349761583895,0
2.925765060165201,-4.208274636450788,0
2.922688173912487,-4.2117236016787345,0
2.9230050819932814,-4.214727464264325,0
2.9248384413177426,-4.216633325066599,0
2.9270179215869696,-4.217811880620806,0
2.9286268431387334,-4.217310200525807,0
2.9329821250514456,-4.219667865886681,0
2.9335519480437533,-4.221348212386378,0
2.9377919455486463,-4.222502569175662,0
2.9462631118566094,-4.224812612960134,0
2.9496928854052626,-4.226218678125772,0
2.9507179827072214,-4.228375951703084,0
2.951287315216099,-4.23005637210311,0
2.9581395050618866,-4.232869610939302,0
2.960990972299374,-4.23693379839856,0
2.964070823656641,-4.2390677415398095,0
2.97045302468975,-4.241406270308216,0
2.9776246041331405,-4.24349623146421,0
2.9827420426255067,-4.245609430680863,0
2.987855066766972,-4.2477232950004655,0
2.993871772759654,-4.250792048079894,0
3.0021474606182856,-4.2519108659963845,0
3.0075831851205237,-4.253300953808578,0
3.0125617960002344,-4.254214391669379,0
3.0219449030372907,-4.254361567519156,0
3.0304065257190267,-4.257893727508661,0
3.034916987098935,-4.258332178175452,0
3.042690927342509,-4.258981071070391,0
3.051030176086236,-4.256973800030396,0
3.0555284980011486,-4.257414079730301,0
3.058894508703329,-4.258829751938562,0
3.064962758736975,-4.258774226619536,0
3.1256967514396017,-4.286000559701362,0
3.1350136640137514,-4.28737838724404,0
3.140664550383786,-4.288060901195706,0
3.144316843051744,-4.288758283995898,0
3.151278250343502,-4.290879911442385,0
3.1589039419690366,-4.291551140711423,0
3.161974985425225,-4.294907089207209,0
3.1665933947621596,-4.297770632099143,0
3.1725230607459736,-4.302073177635409,0
3.1779054659754635,-4.304691977256891,0
3.1795525434149887,-4.305405226560035,0
3.1844908328329566,-4.307545417871447,0
3.191297717042154,-4.308469648772574,0
3.1970978745985583,-4.311571028846759,0
3.2032244111415054,-4.313948078161072,0
3.211543714286755,-4.314385168856711,0
3.2186523306899097,-4.314588782489446,0
3.226953608568948,-4.315028589022134,0
3.2343811240862586,-4.314508998874999,0
3.2421375936281436,-4.313264689991268,0
3.2488832900289033,-4.3141981399582985,0
3.2582511543404564,-4.31367245662657,0
3.2642781244251005,-4.310506638546141,0
3.272354474048015,-4.308538978081884,0
3.2770306810896983,-4.308277300346182,0
3.284256564635136,-4.310904602097832,0
3.2893489299325793,-4.311125744990893,0
3.2936747242994464,-4.311592019131131,0
3.300454652720493,-4.31374098969893,0
3.3056185267792273,-4.315172036767843,0
3.312721523423626,-4.316597175402984,0
3.318633943146729,-4.317785807061776,0
3.3215023961437815,-4.319951601244336,0
3.325297481893351,-4.324289504495029,0
3.3277420515205556,-4.3259736419789885,0
3.3340570185841116,-4.327647145000643,0
3.3398639618892147,-4.333188859242593,0
3.345160430697561,-4.337041285045174,0
3.3501194846421,-4.341619704365003,0
3.353815104074613,-4.34475191575854,0
3.3597638403725973,-4.3471557539417045,0
3.3645354880437424,-4.349321052889506,0
3.3717287752415217,-4.353173944161593,0
3.377326608381253,-4.356305808121025,0
3.381841669135138,-4.360405600655694,0
3.387668867361519,-4.361607072496458,0
3.394413133913446,-4.364982094461746,0
3.398407665260166,-4.367394113513768,0
3.403888006816633,-4.369323001453088,0
3.4091243914042657,-4.373184480045834,0
3.4178302409597023,-4.377770887785985,0
3.4256910214343286,-4.381393575677134,0
3.4315561303067526,-4.383810013866203,0
3.4393060407244676,-4.386228728082811,0
3.447457394894922,-4.389132479938022,0
3.4562440948765207,-4.390590193735129,0
3.4633086301727865,-4.394462483843283,0
3.4714209909102003,-4.39737211077456,0
3.4780534272390895,-4.400763982014604,0
3.4866389857322417,-4.405368513810167,0
3.494947481303633,-4.406352755369987,0
3.5018696329823378,-4.409025819899668,0
3.509597369825393,-4.412668553254747,0
3.5157707305980104,-4.415584070144716,0
3.5233901724221894,-4.4180224418485405,4
3.532855299737772,-4.420468983131046,4
3.539808740536156,-4.424358011663463,4
3.549561621267813,-4.426086041836923,4
3.5570454236216555,-4.427324171832765,4
3.5630745614638357,-4.429040740270489,4
3.5706211664980145,-4.431490086173001,4
3.5784753895273553,-4.433217928003183,4
3.5859176234101326,-4.434462321051813,0
3.5934291588787453,-4.436916950827769,0
3.6020449461842006,-4.439621094037777,0
3.606506587524084,-4.440612422844156,0
3.6120002362143637,-4.440643471759232,0
3.616134149738265,-4.442359334551385,0
3.622091431757312,-4.444086729387143,0
3.6283605008807207,-4.445091991997783,0
3.6343029457758718,-4.446821622318463,0
3.638736139076567,-4.447817237343861,0
3.6442721127637903,-4.449062587504292,0
3.6465593598294213,-4.450770428518416,0
3.653583616944296,-4.452752953213144,0
3.656895636729658,-4.453501604365801,0
3.6642965681838255,-4.455972898665692,0
3.6679197619692587,-4.4559995099686365,0
3.6720040140454344,-4.4577228551689885,0
3.6778205065180813,-4.458250784250209,0
3.6851180477877215,-4.459516977895561,0
3.6884795045798313,-4.461478858738818,0
3.6895056261290122,-4.4605194656514495,0
3.6880904455338204,-4.460991955116938,0
3.692475080974507,-4.461994886274795,0
3.692934054710655,-4.46369193424859,0
3.696289748322407,-4.465654683420704,0
3.6966075438488417,-4.464931645916568,0
3.7009838410711495,-4.465935833379998,0
3.7021473395834192,-4.467397098498099,0
3.700914171622731,-4.46472565207792,0
3.7006660455447076,-4.4666588708841335,0
3.7019008075765605,-4.469330077128248,0
3.699397315856153,-4.469550651399025,0
3.699397315856153,-4.469550651399025,0
3.699714130415714,-4.46882776169555,0
3.7034531198931298,-4.471278282818393,0
3.7053935102888396,-4.473713539931076,0
3.7095161634944915,-4.476651777579404,0
3.711770057686582,-4.478364643815823,0
3.7115287983766407,-4.480296828017444,0
3.7166623681450055,-4.482277963488569,0
3.71859969301925,-4.484713682478301,0
3.720687392667603,-4.4895681013148145,0
3.7226259437504297,-4.492003635553722,0
3.720916633454511,-4.493195596832528,0
3.719674880354841,-4.496083312829388,0
3.723013529667252,-4.498048630037889,0
3.72386941018436,-4.500231399228321,0
3.7216308419207103,-4.50407409276796,0
3.7192333154228585,-4.5054993797165555,0
3.7169207859807436,-4.508132538581984,0
3.7152225115621,-4.509322837103408,0
3.7153937318821626,-4.511738396186255,0
3.7152629747665564,-4.514874609487659,0
3.7175226321390014,-4.516586607395226,0
3.7191756369812126,-4.519740320191712,0
3.720528503700617,-4.523614410080528,0
3.7190241344608843,-4.527216849794634,0
3.721676529505096,-4.529415197071621,0
3.7253183824617686,-4.530659675310748,0
3.7276681869660138,-4.533578769181702,0
3.732869954732493,-4.536770307655891,0
3.7340437533968895,-4.538230020867106,0
3.7374709557699433,-4.541402674215069,0
3.738644386571764,-4.542862442851529,0
3.7432425673294603,-4.5474952343375925,0
3.7473514869989444,-4.550435541195103,0
3.754197085522854,-4.552444984084261,0
3.7593695469041215,-4.555640938103041,0
3.7627804407029863,-4.558816048636901,0
3.7672612524982796,-4.562245845627771,0
3.7702785502793574,-4.5649347361177846,0
3.773683435656146,-4.5681107519306625,0
3.77951443899158,-4.571077851249488,0
3.7828153210795428,-4.5730488587832365,0
3.7884422192251925,-4.577942544353846,0
3.7914476227829894,-4.58063322692681,0
3.796191541201786,-4.583348226300101,0
3.7990930640916183,-4.5848338821188594,0
3.797741891584618,-4.585296727591558,0
3.799679829563157,-4.58773235420588,0
3.805089401945903,-4.590217427324463,0
3.8069244402233515,-4.591447879383914,0
3.808573275956359,-4.59460222033319,0
3.8072272535254186,-4.5950642898524485,0
3.807614595879407,-4.595551452125477,0
3.810816357033282,-4.600653906389486,0
3.8176563357984286,-4.60388487428105,0
3.82399638546066,-4.6054249648762,0
3.8284229988364515,-4.608862927853295,0
3.8348492717630087,-4.611610705614456,0
3.8430861814161403,-4.615592611976384,0
3.846520293837628,-4.6156477118557255,0
3.853200967306723,-4.617682003730133,0
3.8598713406237017,-4.6197178475114224,0
3.8678587978489887,-4.621295981892798,0
3.8748876976181883,-4.62382332959138,0
3.8833265260863854,-4.627099657401633,0
3.8889101823492993,-4.6288833458121506,0
3.8961850218217933,-4.630698482404631,0
3.9042031550624685,-4.633492673164152,0
3.912863521683107,-4.636060466409619,0
3.921411669417399,-4.637424489206449,0
3.932004844741254,-4.643649360168316,0
3.942568613538654,-4.645541471137189,0
3.9531081034060627,-4.647437240172293,0
3.965207673984473,-4.64816353210335,4
3.9752221976141904,-4.6527093867714235,4
3.984755062648926,-4.655561611355862,4
3.9932509946981973,-4.65815417968625,4
4.003388571130166,-4.660785660131715,4
4.015437520094718,-4.662740257420264,4
4.024234224171806,-4.665833031431546,4
4.031923957952436,-4.66745602331194,4
4.041245894309661,-4.669119349888732,4
4.049546838393031,-4.670520618450807,4
4.057832332248218,-4.671924214873211,4
4.065104681564499,-4.6730645708756615,4
4.071726214040712,-4.674432617647904,4
4.076704262821345,-4.675762029431294,4
4.084865275704324,-4.675963702913261,4
4.0924483293379765,-4.6776027681149674,4
4.099310896683146,-4.67825934278439,4
4.107503934410953,-4.679676869418598,4
4.112088019311226,-4.680520116583388,4
4.117234613232647,-4.679928299888761,4
4.1246958835529846,-4.680365035698227,4
4.134903706477509,-4.677973585817387,4
4.1389939725170635,-4.675904356783024,4
4.102654688701932,-4.634540255600395,4
4.109102772881894,-4.6322724006926315,0
4.114468022273801,-4.6273104489141925,0
4.120922237496689,-4.625041670252326,0
4.130340842370835,-4.623573919600496,0
4.1355399180197345,-4.622974195570787,0
4.139446433932029,-4.622828485924602,0
4.144262683397972,-4.620520240895196,0
4.150404007928774,-4.618973760734185,0
4.157832006394958,-4.61697415299359,0
4.164920852504583,-4.6144801222727505,0
4.17041185067875,-4.613161258981206,0
4.179121863487694,-4.610709225714137,0
4.1842754259973205,-4.608895680791203,0
4.189780914233538,-4.608795312588624,0
4.194600474462661,-4.606486568732008,0
4.195853999164761,-4.603597079127276,0
4.195192861371833,-4.602605646655318,0
4.1997206424972795,-4.602236698734092,0
4.199060976154662,-4.60124504456115,0
4.205824035581305,-4.598254577076137,0
4.208709640239135,-4.595405440642882,0
4.206097236533129,-4.59265554543221,0
4.205769365295559,-4.592159422744427,0
4.20641539992214,-4.5919324525028316,0
4.2083225201425805,-4.586373496904148,0
4.20766246513665,-4.584161223007815,0
4.208642768086186,-4.585650089898376,0
4.206367452982878,-4.584615606892974,0
4.208316000436341,-4.5851538009348545,0
4.2079833261845465,-4.583437723626634,0
4.203757133831466,-4.581865397605908,0
4.205701859237575,-4.581183489226692,0
4.202448591781781,-4.57988046345281,0
4.200490826963193,-4.578122979893438,0
4.200158643194836,-4.576406828684888,0
4.1965677966529,-4.573388464606062,0
4.195913035144624,-4.572396071429839,0
4.193633203870288,-4.57258294715111,0
4.187434451176195,-4.571696723353206,0
4.1809121605760495,-4.5727550805369255,0
4.17502815868766,-4.572366956260577,0
4.170121250805753,-4.572247504078284,0
4.163560538275398,-4.570870293665383,0
4.157976429268086,-4.569761829246868,0
4.15434844940674,-4.567969738266516,0
4.148417462928773,-4.56636801479792,0
4.145114288783532,-4.565072508382402,0
4.1424643838955255,-4.563548941695448,0
4.137856408728563,-4.563929972320279,0
4.13257331699079,-4.563321676632498,0
4.12893579350321,-4.562751701857174,0
4.125263404090315,-4.559745623707856,0
4.121618768592928,-4.559176720487288,0
4.116974354230223,-4.55834256306283,0
4.112967492854128,-4.5560620350287895,0
4.111952610822467,-4.554578378111344,0
4.110599434780255,-4.552600168888082,0
4.1065855840152174,-4.550320693933717,0
4.101226916227091,-4.5472824285991535,0
4.097526446637577,-4.544280581243605,0
4.0951506634496155,-4.540819879033062,0
4.091134871551571,-4.539761374828645,0
4.084747608996352,-4.536462196934453,0
4.079698051454429,-4.533922880975213,4
4.079016068115546,-4.532934589267189,4
4.077311109768335,-4.530463859997129,4
4.075620396241455,-4.529211662766198,4
4.072891481919051,-4.525258643734757,4
4.070150284710049,-4.5200867970628735,4
4.071808563928055,-4.517681846269536,4
4.070086887542608,-4.512772279313349,4
4.068717504746324,-4.509575833652269,4
4.0690286163441876,-4.505191768356653,4
4.064278419598438,-4.4994908358583,4
4.060877188184243,-4.493327390438724,4
4.060189481082926,-4.487457247989921,4
4.066623358181591,-4.484646011134696,4
4.071367891383559,-4.48180304897128,4
4.075444420024525,-4.4779696889404885,4
4.079872464928034,-4.473408210758027,4
4.084979059786384,-4.469835541585885,4
4.08706900770699,-4.464249039639988,4
4.089504729510519,-4.459155963019908,0
4.094970586546246,-4.456074686914562,0
4.099738315891223,-4.454448908109288,0
4.1041998570898635,-4.451103061378085,0
4.109323517048303,-4.448748499318187,0
4.11477627445289,-4.44688987519525,0
4.1199028773119295,-4.444534869733383,0
4.124706268526019,-4.441683039530618,0
4.130877999167321,-4.438365777343677,0
4.136086471158432,-4.433557080229782,0
4.140866217347551,-4.431929490866473,0
4.146411879761484,-4.427615512334132,0
4.151328531047447,-4.422305260858355,0
4.15785081778516,-4.419480703469032,0
4.161688028249191,-4.416358556889918,0
4.168533404010994,-4.414030842716574,0
4.175693653199353,-4.412201209589703,0
4.056605450973404,-4.45270022154161,0
4.058335953877123,-4.45028438892499,0
4.062794572975893,-4.448159660744391,0
4.066553347691894,-4.4474906885150105,0
4.067906380312515,-4.448248241064716,0
4.070662044599274,-4.446093838310022,0
4.073439637218993,-4.442715453367018,0
4.075183873658876,-4.4402975515412155,0
4.081000307591747,-4.438929655382127,0
4.085138044841884,-4.436307751434075,0
4.088211055773119,-4.435871735372848,0
4.093724121839401,-4.432783346360944,0
4.096467667461894,-4.431851447788002,0
4.105647482381585,-4.431769986779191,0
4.111455700716931,-4.430403328450591,0
4.118596841852085,-4.429797252585146,0
4.122705538759469,-4.428400402380156,0
4.129191673144636,-4.4268019702886505,0
4.13969973047077,-4.426261118647465,0
4.144445531482791,-4.425859322030499,0
4.150511747967048,-4.426219992335046,0
4.159666772672566,-4.424921588144153,0
4.16676524174893,-4.42432194160723,0
4.172542191765334,-4.422959994424534,0
4.181991121730594,-4.422162830519131,0
4.187025310063721,-4.422263105566342,0
4.193159662143888,-4.420172153428037,0
4.2002874168047235,-4.418347416197886,0
4.2076634825666375,-4.418251467132354,0
4.215154279850733,-4.415696875092825,0
4.220910506942037,-4.414338050198982,0
4.226906584295179,-4.414709288250414,0
4.23316596804964,-4.4101581412312285,0
4.2401387715466825,-4.410798106801961,0
4.247030788698652,-4.412670922600345,0
4.251483031512773,-4.410547155124011,0
4.260241149437324,-4.408763029716482,0
4.26702810131421,-4.411872353808752,0
4.276365201056432,-4.4110920391781026,0
4.284578527582127,-4.407078273297191,0
4.292926148611155,-4.406031152555766,0
4.302882260927163,-4.400820381698674,0
4.315762665873674,-4.396416680203421,0
4.325349972386075,-4.391936632484564,0
4.341421598633932,-4.388845305154669,0
4.354191297745864,-4.38567896180707,0
4.367629348480641,-4.382282285752961,0
4.3741767971575385,-4.382440816326072,0
4.3795334652728855,-4.384804227170278,0
4.383362382982433,-4.385890887399613,0
4.386625561927033,-4.385971741543218,0
4.39028133512182,-4.38531828838269,0
4.393261031579666,-4.384896331858842,0
4.396914474978132,-4.38424322972487,0
4.400802573098474,-4.381113415986739,0
4.4039003326424115,-4.37945299281032,0
4.4052507694242635,-4.378990258188111,0
4.406999318394931,-4.377792384883076,0
4.408748603090746,-4.376594400727555,0
4.407951642987975,-4.378064788943691,0
4.4063239773831455,-4.378023770669264,0
4.405769519737198,-4.3770162648759925,0
4.404297954347786,-4.378717928027825,0
4.403465164291134,-4.377206835613656,0
4.404228256373777,-4.372754671165902,0
4.403242922106607,-4.3695003615480985,0
4.405247584449402,-4.3658225434995614,0
4.405222790372804,-4.362839400111882,0
4.409146693783857,-4.359704191649817,0
4.409664070604176,-4.3547435262093614,0
4.408696025878072,-4.351486611604997,0
4.41045485033769,-4.347300311038843,0
4.413314742354263,-4.345130204464477,0
4.413723032074337,-4.34439353234985,0
4.416858926705295,-4.342727363422934,0
4.419041883638911,-4.34078888281082,0
4.417953078167827,-4.338770841310836,0
4.417275260075705,-4.336015721244419,0
4.417547338822615,-4.336520250094498,0
4.417003181328791,-4.335511192394341,0
4.416592071328967,-4.336248289435854,0
4.418509693662902,-4.333804263844151,0
4.420148272524141,-4.333843637836283,0
4.419464838535692,-4.334076242977877,0
4.416047668593425,-4.3352392686858625,0
4.412907089706678,-4.33391926431165,0
4.41236195124598,-4.3329103544121494,0
4.412089382015633,-4.332405899462399,0
4.416738803032807,-4.332018624259861,0
4.4183784854817745,-4.332057831976254,0
4.416326712066116,-4.332755869102028,0
4.411677781532376,-4.333143070404237,0
4.41126642629084,-4.333880204395911,0
4.411539240762906,-4.334384622395497,0
4.4103094421051665,-4.333608502388413,0
4.410582379198093,-4.334112901912917,0
4.40948746734724,-4.335082659521273,0
4.408530237919855,-4.334810994463938,0
4.413179658937025,-4.334423719261398,0
4.416205779373943,-4.328021009973003,0
4.485027276153261,-4.327233182594409,0
4.488848444085551,-4.32533413139967,0
4.4916327977908,-4.321409205270189,0
4.491794881765124,-4.320164106063192,0
4.493579481268213,-4.31896080108406,0
4.493157335391118,-4.319699560882951,0
4.493579481268213,-4.31896080108406,0
4.493320400332312,-4.318454313875293,0
4.494260830702068,-4.3187285100188575,0
4.4919574562228775,-4.318918932955864,0
4.49059451211345,-4.319383552036433,0
4.489913040058735,-4.319615861576718,0
4.49121151025971,-4.322147835743506,0
4.490011017987182,-4.321367300191829,0
4.489491384665072,-4.320354547475281,0
4.490692122179318,-4.32113504607679,0
4.491373226371461,-4.3209027919617515,0
4.4916327977908,-4.321409205270189,0
4.491016535369688,-4.31864481071263,0
4.486146413745352,-4.318519816005743,0
4.484621630903316,-4.320229497343149,0
4.481271877770112,-4.31839548640181,0
4.4810109575213275,-4.317889276319272,0
4.484001199373019,-4.317465730938373,0
4.485886229221723,-4.318013495072716,0
4.485204144062717,-4.31824589698841,0
4.485464451207207,-4.318752199446356,0
4.483058316586082,-4.31719190429645,0
4.482276659427466,-4.315673107773101,0
4.481593838543308,-4.315905620539285,0
4.47870231034522,-4.318080493684803,0
4.476131271470027,-4.31776572266878,0
4.476392927443964,-4.318271821900826,0
4.47571022918066,-4.318504316191934,0
4.474765629701707,-4.318230748201152,0
4.473137841476024,-4.318189748401814,0
4.473296737308022,-4.316945129546941,0
4.469935212572395,-4.31511289221347,0
4.462042722431427,-4.315416283358962,0
4.458357029747152,-4.316074244439488,0
4.452197295149254,-4.318169020919761,0
4.444591450974212,-4.315987867026335,0
4.435864699326295,-4.314780387458637,0
4.426553595206094,-4.315556785371911,0
4.41791795471854,-4.316101779023912,0
4.4131269027472655,-4.314744192740523,0
4.408601307996538,-4.3138921329616355,0
4.401990734240641,-4.316729992409975,0
4.396220135845713,-4.315104103534168,0
4.395268522314659,-4.311844713268824,0
4.390592345287146,-4.30924914068499,0
4.383010759241369,-4.305843653576698,0
4.377491001521658,-4.3017386143859095,0
4.374860736771762,-4.301432766834479,0
4.372512948878594,-4.298643002396917,0
4.369460783493324,-4.299075877694209,0
4.367237852159803,-4.301020381183047,0
4.363630738645149,-4.3004458245873955,0
4.361825661458671,-4.301652214905214,0
4.36168699806834,-4.302893785371559,0
4.3591897808124465,-4.304334092561792,0
4.357108578390722,-4.305036563707237,0
4.355306321483997,-4.306242529098171,0
4.350585289885409,-4.306640593748581,0
4.349903965114716,-4.309859760168024,0
4.349771064904736,-4.3111004623055145,0
4.351040126900386,-4.314857545640606,0
4.351452095246216,-4.314120319273522,0
4.350759832555944,-4.314354254621021,0
4.351171923522635,-4.313617009778854,0
4.352012438693375,-4.315126938262862,0
4.351452095246216,-4.314120319273522,0
4.352012438693375,-4.315126938262862,0
4.3517322669697975,-4.314623628768192,0
4.354088491039043,-4.314425243070856,0
4.357135874210826,-4.3139930883017605,0
4.353956326554208,-4.315665834357857,0
4.355619552208029,-4.31570149485851,0
4.354927902622055,-4.315935337830599,0
4.355619552208029,-4.31570149485851,0
4.35547252593615,-4.313957446276188,0
4.35519296731686,-4.313454044406111,0
4.359635936409628,-4.31553923153888,0
4.363382351082077,-4.317859000647019,0
4.36060628626889,-4.315808919762443,0
4.356164543384704,-4.313723547878855,0
4.355885107386275,-4.313220127533695,0
4.356431815254965,-4.311241921902891,0
4.359345807733341,-4.312050543171612,0
4.35644397938313,-4.314226968224014,0
4.35519296731686,-4.313454044406111,0
4.35519296731686,-4.313454044406111,0
4.35865366766393,-4.312284460044028,0
4.35547252593615,-4.313957446276188,0
4.352836620626757,-4.313652448578527,0
4.354368294900048,-4.314928607990771,0
4.355060189727741,-4.314694728068517,0
4.353676400072345,-4.315162487913023,0
4.352704456141929,-4.314893039865526,0
4.3501992438670705,-4.313347672581848,0
4.425512086833283,-4.422955098283881,0
4.420858517507657,-4.424563676787843,0
4.418305503898672,-4.424246189934772,0
4.412529530986703,-4.423841789111206,0
4.407412713133187,-4.423208441212278,0
4.401520761689728,-4.424042192964892,0
4.393927670083972,-4.42185911766294,0
4.387170434056337,-4.421186672898109,0
4.380787153908365,-4.419782729041602,0
4.37143018572462,-4.41879983642993,0
4.361384020372078,-4.418050417288704,0
4.3530421378602355,-4.416109794347038,0
4.3412152514081725,-4.412355538479444,0
4.331955970447257,-4.408916570930167,0
4.322763619674401,-4.4042468408375,0
4.315102330070534,-4.4008533625324855,0
4.307129968286727,-4.39696123045346,0
4.301269198096836,-4.391141370260021,0
4.293740787902216,-4.385286514668879,0
4.284440776015511,-4.3806330056981775,4
4.2769870665869405,-4.377753774136359,4
4.267551211589655,-4.3743414107051155,4
4.258479380182489,-4.370199044663837,4
4.249595039930547,-4.367794630427834,0
4.240389817829964,-4.364893040424375,0
4.230471732734877,-4.362228489582185,0
4.221524487982471,-4.359833553063229,0
4.213639170069953,-4.356473828732971,0
4.207345855893156,-4.3543811740746285,0
4.197427504755609,-4.350495985033966,0
4.190328769636789,-4.349874993372415,0
4.1829122181908005,-4.348756364066361,0
4.174477249508989,-4.347375288768875,0
4.168663737675988,-4.347522066377358,0
4.162534248828695,-4.34717092921511,0
4.156550146718228,-4.344356530308371,0
4.1517288112573105,-4.3447697075758285,0
4.144878243817981,-4.344656847405341,0
4.139735168162421,-4.344572978230914,0
4.133815487466613,-4.3459564304090215,0
4.126245067643826,-4.346081662479474,0
4.118801886670788,-4.343746367117568,0
4.111143813734838,-4.345105484020266,0
4.107247969699671,-4.347015786539924,0
4.105972254484598,-4.351674820340092,0
4.100240208365605,-4.356016880997027,0
4.100881481579439,-4.357011306432264,0
4.099041968732429,-4.359443563396754,0
4.092794907282482,-4.360330818986748,0
4.088914145612922,-4.362238849071325,0
4.082662669812063,-4.363126769764271,0
4.077056881575949,-4.365008450789503,0
4.070653540933499,-4.3695812875549205,0
4.067432813469132,-4.372480916387193,0
4.061462020676025,-4.375092747823114,0
4.057306093937349,-4.375276035786026,0
4.04544515127462,-4.378046191756663,0
4.038479708891522,-4.379171317886614,0
4.027006066981315,-4.379987285833009,0
4.016520575755592,-4.382290938264715,0
4.007152884879805,-4.381180027950466,0
3.9966997239592814,-4.381037452663261,0
3.9855006132131585,-4.382357579958091,0
3.9746726172662257,-4.381725957939494,0
3.964871499394352,-4.3813555071316745,0
3.9550541955691543,-4.380987495034674,0
3.940667115745093,-4.379098924096624,0
3.930099917426073,-4.378973530635648,0
3.919875284046931,-4.378121367703981,0
3.9110617639739083,-4.375576649835892,0
3.9032916757918628,-4.373290609042517,0
3.8951382107247703,-4.372958165070761,0
3.8862766232751795,-4.370420689434804,0
3.878817239410509,-4.368633357840684,0
3.8695631803315997,-4.366830171033781,0
3.8638680409074873,-4.363842601324137,0
3.8549441620617344,-4.3613145110298195,0
3.8477898419549312,-4.360026738488729,0
3.8370341961769974,-4.361150416377374,0
3.83021559504272,-4.36035758411882,0
3.8212304265683983,-4.359059406514126,0
3.8147489742554797,-4.35631994253985,0
3.8028479570516076,-4.354758945849628,0
3.7934553572032215,-4.3541973110339836,0
3.7865745664929022,-4.352193170493351,0
3.781143086577938,-4.352152754711716,0
3.7778777853396974,-4.351397064552829,0
3.7746031441154635,-4.349422103351541,0
3.7702226153817655,-4.344756518594986,0
3.7709479857038595,-4.344517594975358,0
3.769491338457726,-4.343775653869912,0
3.76693691747953,-4.341562545002432,0
3.7651130377002175,-4.340330411710518,0
3.764376589899385,-4.338129647790252,0
3.7607263779235858,-4.335665750708062,0
3.7592623526252034,-4.333704242958898,0
3.7559782903956,-4.332951379487559,0
3.7523252789407913,-4.331708582480891,0
3.7504881145072844,-4.328037094200553,0
3.7446345697346075,-4.326294069445453,0
3.6227165096294414,-4.34787221098132,0
3.618196479960133,-4.345669001165319,0
3.614021590268724,-4.342738633901908,0
3.60612148623753,-4.339797026603746,0
3.6000354107154955,-4.335647680306778,0
3.59320238360025,-4.33174050924387,0
3.5863237207248773,-4.3266195357628146,0
3.583570980216866,-4.321994950805603,0
3.577036844215101,-4.316146912252547,0
3.573120727815674,-4.310061043702152,0
3.569267925380746,-4.306406992306737,0
3.5676842013236474,-4.303242841088938,0
3.5638009681150535,-4.298372696365215,0
3.559529411585604,-4.2930155371691185,0
3.5571733326168378,-4.288876710378705,0
3.5506475556341925,-4.284248090668715,0
3.5445276575559177,-4.281324518643011,0
3.539153730103976,-4.278158919183905,0
3.533773916850823,-4.274994206528733,0
3.5253398159187626,-4.271587533155575,0
3.5176735329266045,-4.269156218933064,0
3.5142019626034724,-4.267210928713412,0
3.511486172575367,-4.2650221330538045,0
3.50534152588439,-4.263322968143294,0
3.5018611268594455,-4.261379008129545,0
3.4953374968335957,-4.26041209978907,0
3.4892004734365862,-4.259932464572115,0
3.483763764105049,-4.256776324354975,0
3.4818458549279327,-4.256779036599568,0
3.4772465311645853,-4.257029130458875,0
3.472248951790828,-4.256793706327448,0
3.4680405263863747,-4.257530426682406,0
3.4676441100888447,-4.257044631565444,0
3.4652953073522,-4.255346065042469,0
3.4610824675968317,-4.256083450500377,0
3.4560728713789395,-4.255849836926988,0
3.4560728713789395,-4.255849836926988,0
3.4545782532681173,-4.257554973394226,0
3.4530183592590475,-4.256828588307801,0
3.45381487047986,-4.257799624289266,0
3.455739646425055,-4.257795877440081,0
3.4557726522367567,-4.25901158279167,0
3.456470636505909,-4.256335428818046,0
3.4545456153189953,-4.256339212617393,0
3.4560728713789395,-4.255849836926988,0
3.4587611527332527,-4.255601420707681,0
3.458395167209389,-4.256331718919027,0
3.4595877268651485,-4.257788605442702,0
3.4638308747733255,-4.258267331788183,0
3.4645935218364308,-4.258022791743636,0
3.46840675715195,-4.256800091520896,0
3.468010463475281,-4.256314277928849,0
3.469961746326671,-4.257527215610601,0
3.4684676186992753,-4.259232278177512,0
3.46959563818195,-4.258257532297028,0
3.470724148148058,-4.2572827125162185,0
3.468743905973305,-4.254853459805176,0
3.467584719991816,-4.254612223207841,0
3.4649288313449063,-4.256076437154146,0
3.456805087668375,-4.254389203554128,0
3.454943625687683,-4.256824767558289,0
3.443890894232542,-4.2609800859247855,0
3.4362185425996543,-4.262211720902284,0
3.4289037156513835,-4.262714332449093,0
3.42749902023138,-4.26684727697852,0
3.4244890402838983,-4.269039997053222,0
3.4241732274919343,-4.2709834141046805,0
3.4246211653508034,-4.272682124835853,0
3.4257424406862533,-4.271708395084877,0
3.42650484250764,-4.271463891990495,0
3.424935874555036,-4.270738874060132,0
3.4268642065051367,-4.270734591433573,0
3.426461168681243,-4.270249793971036,0
3.4256550930334626,-4.269280199045966,0
3.427180877643103,-4.268791045056542,0
3.42601507013525,-4.268550806113634,0
3.4244034093231264,-4.26661154236316,0
3.4216247147945644,-4.264432224420602,0
3.416105113762619,-4.2612885733588755,0
3.4109012029017727,-4.256201523720772,0
3.406462391521199,-4.25086956453648,0
3.403599537482176,-4.246261570202874,0
3.3995654806175146,-4.241414149829971,0
3.3920421150066957,-4.23706546842158,0
3.382189484977225,-4.233456633249451,0
3.372686654518276,-4.2291199385767975,0
3.366639391268638,-4.223068910438538,0
3.359033971502697,-4.217511913711345,0
3.352198065567933,-4.211709342335009,0
3.3429487357040486,-4.204217940803899,0
3.3345319883941293,-4.198912818728795,0
3.328078519979016,-4.1935981486287695,0
3.317252170787331,-4.187824298819983,0
3.312327041219156,-4.180799411605175,0
3.3054182776936507,-4.173787139278893,0
3.3016716874018854,-4.16577989444983,0
3.2971214738795034,-4.156802685194053,0
3.291399710469655,-4.148806780472862,0
3.2876836527716833,-4.140794935348387,0
3.283572159743045,-4.132297147306295,0
3.231307139667841,-3.972868720553114,0
3.234311367522693,-3.9626274486467796,0
3.233850689026724,-3.9547002241774205,0
3.237297452224073,-3.9424596781821073,0
3.243663697836773,-3.933662061155637,0
3.2474509405881307,-3.9231795828903735,0
3.257897538959643,-3.9125018187531104,0
3.2617286414947877,-3.9051109485646833,0
3.2733791371890497,-3.892202076922418,0
3.2757693053916412,-3.884636898154749,0
3.2789451430549974,-3.8768293639414004,0
3.2859898531545824,-3.8647252037566506,0
3.291224569971906,-3.8575247969553157,0
3.3000283123378935,-3.847362701458348,0
3.307828867088112,-3.8350290961555284,0
3.318111057228606,-3.821311905998593,0
3.3230304682253653,-3.815453128213516,0
3.3320762816687157,-3.8039811049759447,0
3.3402589413869777,-3.7896743842060623,0
3.3492078558117733,-3.7751337120955633,0
3.3594159784045914,-3.7614485837120863,0
3.368686946584475,-3.7486739553455592,0
3.3779429242838717,-3.735905815939507,0
3.3825902201747446,-3.7208330479283926,0
3.387587000317982,-3.7075144497648207,0
3.3933522733297607,-3.693960931422783,0
3.394681478106378,-3.684249252384431,0
3.394116609760477,-3.680080293509736,0
3.395379725491722,-3.674110387291501,0
3.3965024950306066,-3.6688038039864033,0
3.397414877302783,-3.6610802686673303,0
3.397766707609982,-3.656009664503003,0
3.3990307602462586,-3.6500393527247397,0
3.400435263175453,-3.6434056729711113,0
3.4016993158117295,-3.637435361192848,0
3.406181329634112,-3.6298604686096834,0
3.4098903222136343,-3.6225224564117973,0
3.415901201929522,-3.61448123832529,0
3.422045296949481,-3.6057797840880923,0
3.4288106159584544,-3.5975097292235603,0
3.4348019247692605,-3.58947698283545,0
3.437306135171273,-3.5843704611714813,0
3.442245291862882,-3.5779005650615403,0
3.4453727041645337,-3.5732245865879566,0
3.4489125667471576,-3.5665623570085625,0
3.450782176238331,-3.56103022646791,0
3.4511222952326577,-3.5559646918039505,0
3.4506993345874974,-3.551131734082734,0
3.453332023718154,-3.5453670265993384,0
3.4535356482407984,-3.5409631475461723,0
3.456304415440904,-3.5345369647008873,0
3.4565085084160607,-3.530132882867708,0
3.4589991336951336,-3.525032241824171,0
3.462525567305658,-3.518375825271873,0
3.4657738069448705,-3.5130449730524376,0
3.469019860472347,-3.507715067139733,0
3.471228492109713,-3.50394163520029,0
3.4750937396653114,-3.4990440073736533,0
3.4790935037819644,-3.4934855801185094,0
3.4839865439259725,-3.4870356465744763,0
3.487843359336292,-3.482141668788108,0
3.4934876637063432,-3.4754642728639293,0
3.497474467303416,-3.4699114558558666,0
3.501944751211113,-3.465452234577965,0
3.505790219660515,-3.460563168574179,0
3.5081987764584177,-3.459211217402377,0
3.5127979554969997,-3.454093630056148,0
3.5158799279046775,-3.4494373212440035,0
3.519581979195234,-3.4452129074890063,0
3.5251983846154893,-3.4385475882412706,0
3.527517277383687,-3.434123856371869,0
3.5314805542544434,-3.42858122342677,0
3.537486924234944,-3.419939386513944,0
3.539579918753155,-3.413105416902166,0
3.5405164337531936,-3.4084820289516617,0
3.5423405513001143,-3.402969590603563,0
3.543677909368803,-3.396364975985403,0
3.5461199196868627,-3.391285379001186,0
3.54957998919107,-3.3846576896176597,0
3.5539225082644954,-3.3771431804167005,0
3.5573763317351705,-3.370518194766703,0
3.5609602995434315,-3.3632343023016773,0
3.565909312376789,-3.3561575687782934,0
3.5704563370353455,-3.3510625576070527,0
3.573015322970285,-3.34532975417933,0
3.5752201401277084,-3.33784480870421,0
3.576146088921014,-3.333225994569599,0
3.576455914652694,-3.3281735730132667,0
3.5754888499308706,-3.325986426615165,0
3.5771637206876505,-3.3211411640004833,0
3.5793207704980716,-3.3173900603937874,0
3.580332791851802,-3.3158445816035567,0
3.5829713961125123,-3.3131879073781985,0
3.584729945116859,-3.3114170165390906,0
3.588509309711341,-3.3065565650485116,0
3.5900464367897307,-3.302373498791331,0
3.592460808409399,-3.297305865827992,0
3.59697993411816,-3.2922229313331908,0
3.6001359406621702,-3.2869320042455676,0
3.601668279114847,-3.2827510108507614,0
3.6030689117215573,-3.2792296002043724,0
3.607709489371242,-3.273491521590369,0
3.60972156051443,-3.270405746165844,0
3.6109886134651106,-3.267544729387934,0
3.6131297879402915,-3.2638004977706316,0
3.616626898641673,-3.2602673680397114,0
3.617409013873896,-3.256313386402791,0
3.617930424028714,-3.253677398644845,0
3.6212936427723825,-3.250804797969078,0
3.6228172367781113,-3.246627589801216,0
3.6248226454855264,-3.2435446983591287,0
3.6314106626408496,-3.2384619862695594,0
3.6382528265383662,-3.232064119221226,0
3.64222009267883,-3.2296303531853408,0
3.6405109245801555,-3.227666703691531,4
3.6434772560764124,-3.2267736173188553,4
3.644960421824539,-3.2263270741325165,4
3.6501515019429966,-3.2247641729803327,4
3.6559562067096714,-3.2236359607432767,4
3.6620168279280385,-3.2211918274896245,4
3.6658520238705776,-3.2194178019199455,4
3.669559677989504,-3.2183015566096635,12
3.6710630244365205,-3.2141331130446655,12
3.676650248288933,-3.2068778547180603,12
3.6838217529806627,-3.202242877057916,12
3.689746087928473,-3.2004603092906017,12
3.6951930176388004,-3.1938683513460226,12
3.700760098033058,-3.1866218125600625,12
3.704957932139127,-3.1828830981594898,12
3.7044683619458,-3.1817921385695147,12
3.7060718865789752,-3.1806909244173447,12
3.7081650855060424,-3.180680624792913,12
3.7105157996339244,-3.1756405473804836,12
3.7075598781935497,-3.176529127530607,12
3.712491643782606,-3.1725704536104438,4
3.7166823470003827,-3.168834825972322,4
3.7218571205718263,-3.1635658187515237,4
3.727151732525517,-3.15764236587602,4
3.7317044493034714,-3.1519423197803587,4
3.7374819169644375,-3.1471127330083704,4
3.7426427558705235,-3.145562922432701,4
3.743255741105841,-3.1422847234142797,4
3.7457096895768345,-3.1365973877721114,4
3.749759317898338,-3.133525398482705,4
3.755031340030744,-3.1276117241101353,4
3.7568689199982437,-3.1252040520087245,4
3.760542206123187,-3.120389518925956,4
3.7653196760449816,-3.1171002062571507,4
3.7713142826994464,-3.1109714841475746,4
3.7770626542541983,-3.1061544922676223,0
3.7815788837862456,-3.1004702404820073,0
3.7853573821649107,-3.095007592987219,0
3.7881593574804313,-3.0910750580637547,0
3.7913191302834974,-3.0851799297028855,0
3.7924117441087652,-3.0829969937169714,0
3.7941024567894317,-3.0775423026108832,0
3.797272758558485,-3.0753557812721457,0
3.7962856024287888,-3.0731773318835653,0
3.7984674988614486,-3.0688129019029535,0
3.8010220939711097,-3.0661925928935947,0
3.803814075632971,-3.0622643839437824,0
3.808186471603939,-3.0572449646558617,0
3.8110933989217877,-3.0526644279759374,0
3.8142551644450116,-3.050481601739694,0
3.8195873753394096,-3.0439393023676473,0
3.8232180843357497,-3.0391431997351166,0
3.8263750612332608,-3.0369624463612475,0
3.832921300653105,-3.0312952477221007,0
3.837652081474218,-3.0280261454614408,0
3.841534557709444,-3.025629082608244,0
3.8469915665721857,-3.022143355432682,0
3.8517170382647947,-3.0188765513455262,0
3.85582732380081,-3.0151757342766228,0
3.861508914847004,-3.010387649814346,0
3.8659974163896464,-3.0084285654187433,0
3.8692577317308228,-3.005600508752911,0
3.8747023526270503,-3.0021201439821876,0
3.8794164253084595,-2.9988582742087235,0
3.882443986572298,-2.9973361122143114,0
3.886927647438945,-2.995379123212196,0
3.891183707205922,-2.994725798301335,0
3.8956667434692207,-2.9927690796725734,0
3.900036291484355,-2.9914640579027605,0
3.9046309421857472,-2.9888564535351065,0
3.9084962938790255,-2.9864668034180095,0
3.914880065737737,-2.981472503414924,0
3.9175103085423864,-2.9782168776655915,0
3.9214825901486137,-2.9751783696097505,0
3.926291725279249,-2.971272778991258,0
3.930482238934843,-2.966934662444457,0
3.9351756997055887,-2.963681714991653,0
3.939977547797099,-2.959779278728945,0
3.943940512403305,-2.9567448037422874,0
3.9477921748730793,-2.954361079307846,0
3.953095252420521,-2.951544555665855,0
3.9591229965012005,-2.94851208304234,0
3.964823444558114,-2.9474290006241475,0
3.9692887316761087,-2.9454799651048376,0
3.9750977232046303,-2.9437473262834093,0
3.9793469643849946,-2.9430969529483217,0
3.979131959452957,-2.944395164510288,0
3.9852634583795314,-2.9407152083459103,0
3.993483787839093,-2.932711107830535,0
3.9998197775412585,-2.927737491388971,0
4.002207949268545,-2.9257917933802418,0
4.006363068734103,-2.9214689979901234,0
4.009896339607295,-2.9167150736006864,0
4.012386600571535,-2.914122613046704,0
4.015086349138201,-2.9102343292287074,0
4.018508578126362,-2.9061310427359253,0
4.022033520954839,-2.9013807233245306,0
4.023176225787882,-2.8985735333750124,0
4.02287188776674,-2.896197250019572,0
4.025051356475192,-2.8912312999681333,0
4.026402143553106,-2.8871288950946408,0
4.026307657486342,-2.883456630757399,0
4.028484419580263,-2.8784918523238225,0
4.029111945482484,-2.8746047880918084,0
4.029844059035078,-2.8700698798211253,0
4.031192555900695,-2.8659684663165983,0
4.032749395262584,-2.8605717252325356,0
4.033992107321403,-2.857118673982267,0
4.03688291769155,-2.8519425429141734,0
4.037821395829791,-2.846113163246242,0
4.039478867020815,-2.8400702904880823,0
4.039698352106278,-2.83445440391038,0
4.041864600043745,-2.8294941767615835,0
4.044133457720967,-2.8238869617564006,0
4.047429710223291,-2.816125042249599,0
4.049590701082529,-2.8111670907431847,0
4.053493915797301,-2.803842744133947,0
4.054322705357784,-2.798663416553733,0
4.054332390539155,-2.794343488426726,0
4.052912521760234,-2.7904468964399065,0
4.052209616073203,-2.786337690076257,0
4.050689688018231,-2.7830869819213007,0
4.052236273475064,-2.7776946794664497,0
4.054080014014474,-2.774681769660603,0
4.056234342437943,-2.7697267021366283,0
4.057881611774192,-2.7636882454765654,0
4.059527944205403,-2.757650194376538,0
4.061885410097197,-2.7514020523843037,0
4.064745719003582,-2.746239124548291,0
4.067810414584997,-2.739782581497309,0
4.0697488011714,-2.736126131095336,0
4.072602916094528,-2.730965884461739,0
4.075351974914771,-2.726453684646824,0
4.077791018404021,-2.7238833947077996,0
4.077697469242285,-2.7202107248105296,0
4.079630442599626,-2.716556617644276,0
4.080143751549777,-2.7133215657067904,0
4.080050722890835,-2.709648670498394,0
4.079958318835246,-2.7059755049166405,0
4.08128328897455,-2.701884275475077,0
4.0835209164840975,-2.6962905791375533,0
4.0843417944021,-2.6911146762864817,0
4.085664682530226,-2.687024348089432,0
4.086280028667048,-2.683142556137806,0
4.087704485529336,-2.6784056907066294,0
4.0912467797398016,-2.673045289401559,0
4.092668686138396,-2.6683095279949036,0
4.095602873030266,-2.662512049476753,0
4.0991376720004915,-2.657154892651919,0
4.102168326699136,-2.6507130849486877,0
4.105196170682692,-2.644272493925545,0
4.106712410826599,-2.6388933271094395,0
4.107118477562128,-2.636307268297374,0
4.107829094349302,-2.6317816653762627,0
4.108438194452592,-2.627902577158167,0
4.109453361291411,-2.621437430128008,0
4.108760136956356,-2.6173240329773844,0
4.111576151074921,-2.6121802791183324,0
4.111686728336817,-2.607214106661658,0
4.112498861807868,-2.602041989037529,0
4.112102844605673,-2.600307962004795,0
4.111413419941016,-2.59619292008294,0
4.110025614134251,-2.592282448930657,0
4.1091356024649635,-2.5894593774525347,0
4.108741979575612,-2.5877243139886144,0
4.108057759938905,-2.583607018955483,0
4.105773015946298,-2.5811922103031115,0
4.104291344846725,-2.5779249417802728,0
4.102113374616231,-2.574861342782496,0
4.101230858187183,-2.5720350268241354,0
4.099160026070752,-2.5683224797631663,0
4.0977892927556425,-2.5644046184059004,0
4.095413910587563,-2.562631615453979,0
4.093633467017366,-2.5613013900866726,0
4.091157296869312,-2.560174586402187,0
4.088890197921444,-2.5577521397025915,0
4.087809436750344,-2.556216780287887,0
4.085337118322975,-2.555088309301059,0
4.087041657776172,-2.5527382267238696,0
4.085962458113457,-2.5512021913757827,0
4.086066681411872,-2.5505545050549028,0
4.084779555655128,-2.550313617037448,0
4.0834926380995,-2.550072638895541,0
4.083910364097626,-2.547481533114217,0
4.081965824598097,-2.5431117465405606,0
4.079015334988597,-2.540887381650064,0
4.076867033417393,-2.537810939918014,0
4.076908729520632,-2.5334771551566533,0
4.075458444739574,-2.5301963003728183,0
4.074115506273703,-2.5262664074013372,0
4.071388713992917,-2.522740068253043,0
4.068771558239611,-2.5185636995481424,0
4.065839806730718,-2.5163312234570494,0
4.061952962064282,-2.5119064188119182,0
4.060996099197233,-2.5097148563157106,0
4.059669244267717,-2.505778001230386,0
4.0573323793064375,-2.503988325255021,0
4.056009792499836,-2.500049622618448,0
4.054474595074048,-2.4974080951126574,0
4.053523665938865,-2.4952139640695954,0
4.0541686807349855,-2.4913193293836926,0
4.055395881810529,-2.487872992405027,0
4.05731199087732,-2.484226185319315,0
4.058170761398774,-2.479033879818152,0
4.056856242385486,-2.475091684859102,0
4.054382868142987,-2.47025050618762,0
4.05101031755262,-2.466905958853898,0
4.045688330907069,-2.463509480211151,0
4.041203264645752,-2.462959054781548,0
4.0360332982646945,-2.462607364563315,0
4.03314578949335,-2.460355737026374,0
4.028311186929386,-2.458051164280338,0
4.024388513031752,-2.4542444400739143,0
4.02173240503047,-2.4506875036744873,0
4.019654475437097,-2.4475805998779805,0
4.017801128027184,-2.4431713387947607,0
4.015951111835154,-2.4387606357203246,0
4.01478859827683,-2.4341500708788786,0
4.0126099848040475,-2.4316893212875854,0
4.010657098620872,-2.4279257187250955,0
4.012123039555885,-2.4231708959970444,0
4.011204173392844,-2.420962885788523,0
4.011539797461332,-2.419009890605155,0
4.012558083487534,-2.416859129048266,0
4.013352516034178,-2.4160104093425137,0
4.010723682379339,-2.4124416666399995,0
4.009359191268381,-2.412836838889236,0
4.008789132704077,-2.4123832914327252,0
4.006622334644728,-2.4099174272788346,0
4.007184310606174,-2.406661308750918,0
4.00820301303461,-2.404510366945127,0
4.009109112069634,-2.403010738969371,0
4.010015002903543,-2.4015112011180655,0
4.0105761981107975,-2.39825542055684,0
4.010119731895212,-2.397150131179151,0
4.008189346242311,-2.3970899534828565,0
4.007165215775267,-2.3955300802174637,0
4.007390318461521,-2.394227497619621,0
4.009313818667998,-2.390577491115895,0
4.005799252446938,-2.3922127250309515,0
4.003983708349459,-2.3915002646667762,0
4.001714716952595,-2.389681208120365,0
3.9977479898796027,-2.3864961242684686,0
3.9943519980245483,-2.3837642949686177,0
3.990731632187149,-2.38233473283103,0
3.986549171478213,-2.38044817597668,0
3.982485143793973,-2.3779077818076644,0
3.977747146548694,-2.3755613913163387,0
3.9727829015110068,-2.3745180791073377,0
3.969293773067065,-2.3724291370013493,0
3.9673952794259293,-2.3686419894260204,0
3.966293144191777,-2.3640052884937717,0
3.963607036590602,-2.361063909048422,0
3.960690413074097,-2.359427455436645,0
3.9573337712303207,-2.3566785926155482,0
3.9537459888678654,-2.3552349260013727,0
3.9517476962020694,-2.3520935496023405,0
3.949634041478049,-2.349604681182319,0
3.9466110085514003,-2.348616860198158,0
3.944383032774752,-2.3467800491348925,0
3.940132003208827,-2.3455257447891764,0
3.9371143314609576,-2.344535603100404,0
3.934217435000374,-2.342890610196889,0
3.9322357984240064,-2.3397420238417723,0
3.928789090957828,-2.3376347188788813,0
3.925899221284972,-2.335986684275147,0
3.9233243785794762,-2.3361077351156023,0
3.9189701146704436,-2.335500688999627,0
3.915170554493276,-2.3353538370184257,0
3.9121667281197468,-2.334357702053655,0
3.906836740503575,-2.332169828737417,0
3.9034084588363243,-2.330054547760609,0
3.9006557602887817,-2.3277445646416126,0
3.897233464403673,-2.3256266925868374,0
3.8961342587947136,-2.3247018882191774,0
3.8939370967835103,-2.3228517387371603,0
3.8897265623350066,-2.321579905185713,0
3.886313895751595,-2.3194578648750763,0
3.8857660106063356,-2.3189947191645253,0
3.8816859327970974,-2.3170638436113684,0
3.876516538931991,-2.3142038827791325,0
3.871821341825971,-2.3155521300200235,0
3.868297060804462,-2.3140809754482756,0
3.8619684101174485,-2.3140353694594147,0
3.8587423438230317,-2.3143405778812873,0
3.8539238730163135,-2.316344757830329,0
3.867978546145995,-2.345829621114513,0
3.8646887368610443,-2.3430518283446222,0
3.8593057248196416,-2.3446000725391993,0
3.8579143943662864,-2.3418962690377345,0
3.8503473369841075,-2.3415886859098727,0
3.8433308193114293,-2.341743099405811,0
3.8443440750623274,-2.3364839215619675,0
3.8386431398397214,-2.3331537402497684,0
3.8324727220393946,-2.3355476624498763,0
3.8306187796452136,-2.3385649883538253,0
3.828220023072266,-2.341117839211572,0
3.827420229346828,-2.3419688796219376,0
3.8264923212447073,-2.3434779481339394,0
3.8255642049414647,-2.344987106770393,0
3.827292271120978,-2.342626840130233,0
3.827420229346828,-2.3419688796219376,0
3.8266203315208323,-2.3428199650945274,0
3.823676136165762,-2.344908611279422,0
3.8215316304355618,-2.3461462621161786,0
3.8201874389335977,-2.346532647231438,0
3.815740454837915,-2.346568308060421,0
3.8117085049353676,-2.3477271930328527,0
3.808219131049576,-2.3493515218893357,0
3.8032552651733873,-2.352021210269452,0
3.800566673968337,-2.352794070624425,0
3.7969454380857286,-2.3550780498226658,0
3.7939955171999173,-2.3571691744299645,0
3.792650805195155,-2.357555784856352,0
3.792650805195155,-2.357555784856352,0
3.789419846174475,-2.3578631112028248,0
3.7876648886022863,-2.3571244246233896,0
3.787254747135414,-2.355999082555341,0
3.7825500768785325,-2.3573514304587526,0
3.7802564991108376,-2.3561455876306994,0
3.7760807862992856,-2.354858680764817,0
3.7733938607031767,-2.3556308201241816,0
3.7700352037080442,-2.3565959943233885,0
3.767613563613935,-2.3560481570658567,0
3.7643883301239924,-2.3563530049899235,0
3.7580774099804692,-2.3594103176965042,0
3.753913650131391,-2.361228830479579,0
3.7509589406198707,-2.3633220279492555,0
3.7450470231834103,-2.3675095043820154,0
3.738997049766887,-2.372359312358949,0
3.7344230777988585,-2.3761631074099814,0
3.730654625087002,-2.379113383628244,0
3.727828446354401,-2.380548372747377,0
3.7237860157438796,-2.3848223882783657,0
3.7194759759705818,-2.387306792521432,0
3.715028296619465,-2.390453348059772,0
3.712062136046459,-2.392551502374255,0
3.7078851554264,-2.3943757380599706,0
3.7016872030282393,-2.396781579218729,0
3.695748427647576,-2.400980681705674,0
3.692915794680321,-2.402418464682791,0
3.688735222590985,-2.404244255015291,0
3.6853664157913535,-2.4052138227814837,0
3.6795593462566565,-2.4087533425200114,0
3.67672447512739,-2.4101920943349775,0
3.6707984186167195,-2.4112750974255164,0
3.6671748590733486,-2.410449488718937,0
3.6628795681309434,-2.4098169148522004,0
3.657913014242034,-2.4093771730452875,0
3.652948958766533,-2.4089363497449643,0
3.648802081809812,-2.407636960642611,0
3.64370132366151,-2.4078578830775292,0
3.6399479841325117,-2.407691023468196,0
3.636338478164589,-2.406859331361172,0
3.6327308460067336,-2.406026828134088,0
3.627636958495323,-2.406244776462124,0
3.6257630473956333,-2.4061601525084804,0
3.6227860603645006,-2.4082629932944144,0
3.6198082405288936,-2.410366194578158,0
3.6188010412493483,-2.415020179779791,0
3.615485723572327,-2.4215852101387245,0
3.6169305283016158,-2.423663295154256,0
3.6148174944258145,-2.4305059392444477,0
3.6188625609987852,-2.4293413764315996,0
3.619206267707252,-2.433606070004428,0
3.618345140150808,-2.43759425387052,8
3.6200829731810558,-2.438340353186055,8
3.6143521573429034,-2.44435488761615,8
3.613489780579748,-2.4483436122289497,8
3.6142245263025217,-2.4537419167882106,8
3.618957251660035,-2.452377424615017,8
3.6236899770175484,-2.451012932441822,8
3.6284227023750617,-2.4496484402686303,8
3.6326214920622135,-2.447814764046665,8
3.6365359458450826,-2.447309310828869,8
3.635401100641367,-2.452621121352127,8
3.6340150421129067,-2.45613622328694,8
3.638217319168781,-2.4543010374804215,8
3.6424189716213036,-2.452466122047257,8
3.645802352499185,-2.451490245569488,8
3.6485090572014904,-2.450709544387273,8
3.6493264959716605,-2.449850865929678,8
3.6491588568310576,-2.4536365969507976,8
3.6509085573250175,-2.4543775591726202,8
3.6514450955093487,-2.4548456166657537,8
3.648455304109472,-2.45695400010543,0
3.6806051036021223,-2.4370940559580454,0
3.6759923021256213,-2.4409146592191995,0
3.668530836195785,-2.4461799850401977,0
3.6636537567743908,-2.4482095350222117,0
3.660129717402473,-2.449848869599794,0
3.6541781042045898,-2.450942935466699,0
3.652403088673001,-2.453323525170571,0
3.6491588568310576,-2.4536365969507976,0
3.652403088673001,-2.453323525170571,0
3.6509985857438068,-2.459957204924198,0
3.6500400720773634,-2.4614795217305065,0
3.6489160533317673,-2.466786645782312,0
3.652984230228821,-2.465612079155397,0
3.65172251985512,-2.4715813770335853,0
3.64870460270253,-2.476812529079046,0
3.646621757988818,-2.4836421051238364,0
3.6444199783494042,-2.488015141989523,0
3.6411149666277147,-2.494575711188128,0
3.63698564549896,-2.501997932951209,0
3.6363989977421802,-2.5077727539983385,0
3.6355769785474124,-2.5086334151938576,0
3.6359540494850187,-2.512883666323402,1
3.6289725430857374,-2.518641540957111,1
3.627584246395262,-2.5221576117297726,1
3.626902104940342,-2.5223551527921657,1
3.6238904524230904,-2.5244729992992045,1
3.621560316757403,-2.526393575117199,1
3.6158172877053794,-2.529302802553902,1
3.61035765765261,-2.5308842125464643,1
3.60227824690136,-2.5357167195346957,1
3.600912922985934,-2.5361122522817396,1
3.601738741851097,-2.535249946314991,1
3.604072573086629,-2.533327770787986,1
3.6007697140282033,-2.5367768144060765,1
3.5989409119561273,-2.542291280554325,1
3.6002747789009533,-2.545019958404284,1
3.599527641493655,-2.5514668219051906,1
3.5956781464966774,-2.5544521790660237,1
3.592334721668742,-2.56102937622585,9
3.590613091159206,-2.5690054735846832,9
3.584953967194803,-2.5743864036393767,9
3.582212076503584,-2.5751823358538175,9
3.5776661782751127,-2.578371407601942,9
3.5774137677939493,-2.5765752172290934,9
3.5734456501729497,-2.5771039000241487,9
3.5685026230474826,-2.5791619969260324,9
3.5639536018022433,-2.5823524205409214,9
3.5603798023631654,-2.5840132948623076,9
3.557097313565812,-2.584342927010411,9
3.55269108487607,-2.586868968749865,9
3.5474511777289663,-2.5902607186540916,9
3.541327345003012,-2.5976505210518024,9
3.5373564687172063,-2.5981803979958364,9
3.530979913208405,-2.6037741452073746,9
3.5275468243136388,-2.6047715388978325,9
3.5241137354188723,-2.6057689325882905,9
3.5215156782887433,-2.6059000323050405,9
3.5166526524799266,-2.610431521658372,9
3.5145921745397075,-2.6110302282459994,9
3.514352152025058,-2.609228675468316,9
3.5141124418120775,-2.607426987503951,9
3.513873043900773,-2.6056251643529116,9
3.514469198256897,-2.6029568219170383,9
3.51575129373834,-2.600089293647537,9
3.514140898431151,-2.598685459134831,9
3.5145883264999185,-2.5966840671212505,9
3.514350281895883,-2.5948816581612775,9
3.51479786611549,-2.592880198554358,9
3.51357653191198,-2.5926108312103704,9
3.51372583075241,-2.5919436329458367,9
3.514323026114127,-2.5892748398877075,9
3.5134886710031275,-2.5901408409569484,9
3.511283995149874,-2.5914045377600594,9
3.5129530176735457,-2.5896724004348997,9
3.512803614732558,-2.5903396437616593,9
3.5136380218938363,-2.5894736201613036,9
3.5126542117915704,-2.591006887088417,9
3.5140244284332667,-2.590609236416773,9
3.51372583075241,-2.5919436329458367,9
3.5150962555952283,-2.5915458921497425,9
3.5157814680166375,-2.591347021751698,9
3.5166157710773547,-2.590481043213572,9
3.5173009314484815,-2.590282195346635,9
3.517837105280858,-2.590750410557556,9
3.518671252190739,-2.5898844996127686,9
3.5195052950000587,-2.589018633730202,9
3.5230794587910985,-2.5873576016910285,9
3.525283093638766,-2.5860943555101734,9
3.5259680978590566,-2.585895575236579,9
3.522989099468827,-2.584888692931022,9
3.5188800110521186,-2.586080969012567,9
3.5172728949125336,-2.584675715039758,9
3.517957586831148,-2.584477069952838,9
3.5151572771245654,-2.588408883880696,9
3.5140244284332667,-2.590609236416773,9
3.5096145562239656,-2.5931368553341194,9
3.5113712835056567,-2.5938747758557206,9
3.512443214768176,-2.594811386526466,9
3.514737469189509,-2.5960169364500576,9
3.5181653530563253,-2.595021795870876,9
3.542668803803746,-2.5654590714264387,9
3.5416901466791444,-2.5669901077733854,9
3.542668803803746,-2.5654590714264387,9
3.5443308515899687,-2.563729953270389,9
3.544625493449587,-2.562397269105894,9
3.5464341334617018,-2.5600021243031765,9
3.5467285671202013,-2.558669530263133,9
3.547706131188935,-2.5571389670695535,9
3.548683487056543,-2.555608494000426,9
3.5498076954014444,-2.5534118816290654,9
3.5502488774366796,-2.5514131933490134,9
3.551225608700939,-2.549882990653236,9
3.552245471082184,-2.553952734241639,9
3.5508279741849336,-2.5574814449685643,9
3.550726438936369,-2.5637465842482356,9
3.5489182153264913,-2.566141548802049,9
3.5492120243816316,-2.5648092251353614,9
3.54911604362918,-2.5623427497355316,9
3.549020479278962,-2.559876094086798,1
3.5501447396741455,-2.5576794591843264,1
3.5496085137914903,-2.557211266504515,1
3.5493665133662127,-2.5554105699091156,1
3.549513574044621,-2.554744340482433,1
3.550490565560281,-2.5532140251310906,1
3.549167487907095,-2.5592098871912263,1
3.5517036907034196,-2.562216156241334,1
3.551997187456891,-2.5608839677613187,1
3.5524374325870944,-2.5588856850412984,1
3.5525841809638266,-2.55821959080129,1
3.5517540419254665,-2.5590837668503976,1
3.5502403560746423,-2.5601460923019452,1
3.5502403560746423,-2.5601460923019452,1
3.5488734706508325,-2.5605423009823696,1
3.54970386994059,-2.5596780122776988,1
3.549020479278962,-2.559876094086798,1
3.548337088617334,-2.560074175895899,1
3.549314496535228,-2.5585436802956547,1
3.5501447396741455,-2.5576794591843264,1
3.5502916962519997,-2.557013274819866,1
3.5525391760367704,-2.5526204556371734,1
3.552003210405516,-2.5521521503018025,1
3.55327343842324,-2.5492897591260117,1
3.554345161484644,-2.5502264599212072,1
3.5528328809913603,-2.551288177032708,1
3.550784582816547,-2.551881611339949,1
3.5489368195589464,-2.548675074962807,1
3.5494325168385785,-2.543542194802802,1
3.548215815109952,-2.5432708221897773,1
3.548603158554414,-2.5444060328852185,1
3.5458748009358523,-2.5451961070103426,1
3.5450451303500046,-2.5460600802794318,1
3.544362988895088,-2.546257621341825,1
3.5406564946547228,-2.548578506502773,1
3.5439762180036958,-2.545122162804148,1
3.542998705985248,-2.5466527034666147,1
3.543680847440168,-2.546455162404218,1
3.5461144590985505,-2.546997817505817,1
3.54581950493726,-2.5483306368569867,1
3.5463544295629283,-2.5487993928146153,1
3.5455245507759656,-2.54966345620816,1
3.5457647294414585,-2.551464941392508,1
3.545175029319992,-2.554130489970401,1
3.5441972570501434,-2.555661143288429,1
3.5443995096265866,-2.5518604290773244,1
3.5434217373567485,-2.553391082395356,1
3.5435143348410314,-2.555859022317515,1
3.5442904791377856,-2.5581288128372357,1
3.544384117627665,-2.5605963021371387,1
3.5441835306601632,-2.5643962953526387,1
3.5451091819984555,-2.565998797483374,1
3.5453514947254092,-2.567799358892099,1
3.5447628356095287,-2.570464456847736,1
3.5441741764936516,-2.573129554803373,1
3.544270105195821,-2.575596052734314,1
3.545882998916433,-2.5769988057536075,1
3.545589085760728,-2.5783311744825212,1
3.5451482160271723,-2.5803297275758936,1
3.5441691945506193,-2.581860921640633,1
3.5450986976095926,-2.583461756469026,1
3.5432871427818284,-2.5858581630140574,9
3.543825606826502,-2.586325386856018,9
3.5420134794456537,-2.5887220412432903,9
3.543090823937238,-2.5896563086783093,9
3.5414252367320103,-2.591386958950025,9
3.541572297410422,-2.5907207295233388,9
3.5408865124359394,-2.5909198477636277,9
3.5410336251646264,-2.590253595805832,9
3.5411807378933204,-2.5895873438480344,9
3.5414749633507014,-2.5882548399324445,9
3.5412308809142488,-2.5864550445815517,9
3.5408398939502206,-2.5853214110640064,9
3.5404491151873145,-2.584187687422009,9
3.5408909218258984,-2.582188728768603,9
3.5406478283447598,-2.580388505326571,9
3.5409424702043744,-2.579055821162079,9
3.539720303196397,-2.5787868143158956,9
3.5400151532571336,-2.5774540400269483,9
3.5390884609132414,-2.5758519885184654,9
3.539383519175093,-2.57451912410507,9
3.5383100264041936,-2.5735831893677066,9
3.5506300938319626,-2.561280266566195,9
3.551020039790398,-2.562414350705998,1
3.550483241354666,-2.5619464058684276,1
3.5499465470194984,-2.561478415968635,1
3.5499465470194984,-2.561478415968635,1
3.5499465470194984,-2.561478415968635,9
3.5499465470194984,-2.561478415968635,9
3.5500934515470703,-2.5608122541352873,9
3.5492630002070307,-2.561676565371073,9
3.5506300938319626,-2.561280266566195,9
3.551313640644427,-2.5610821171637568,9
3.5509237987865454,-2.5599479879617313,9
3.5519008423524774,-2.558417650079278,9
3.5528776777172943,-2.556887402321278,9
3.554537435291227,-2.555159275534189,9
3.5548307238435797,-2.553827177178629,9
3.556636396989763,-2.551433316649339,9
3.5562467112827285,-2.550299119853973,9
3.5572225576922314,-2.5487693001871143,9
3.558051707775281,-2.5479055522291496,9
3.559320061982948,-2.545043972173419,9
3.559320061982948,-2.545043972173419,9
3.559320061982948,-2.545043972173419,9
3.5586376602766308,-2.5452416258913786,9
3.5575156380434656,-2.547437291956003,9
3.5561505223291547,-2.547832734578595,9
3.554491909861376,-2.5495603656812023,9
3.5529797334686535,-2.5506220377304754,9
3.551856305877944,-2.5528183121351464,9
3.551562496822797,-2.5541506358018378,1
3.5497555224196233,-2.5565450596089434,0
3.5497555224196233,-2.5565450596089434,0
3.549314496535228,-2.5585436802956547,0
3.5481900279389222,-2.5607404053225835,0
3.54857945339457,-2.5618747147735093,0
3.5489690870513257,-2.56300893409999,0
3.54970386994059,-2.5596780122776988,0
3.5513643562184285,-2.5579495700550314,0
3.5507325659855553,-2.5550147217264936,0
3.551562496822797,-2.5541506358018378,0
3.553758167977705,-2.552890836881236,0
3.553758167977705,-2.552890836881236,0
3.549124825242611,-2.5536097381270366,0
3.5479063017541996,-2.553339154102961,0
3.5482947903048156,-2.5544738691139184,0
3.5473174344372005,-2.556004342183048,0
3.5468757839494565,-2.558003233243113,0
3.5480004607468736,-2.5558064180917377,0
3.5483892615991586,-2.5569409979160156,0
3.5456035259708294,-2.5608665031322992,0
3.5440893716674893,-2.56192903136386,0
3.5440893716674893,-2.56192903136386,0
3.5416507631822753,-2.5613885392490907,0
3.536867392902842,-2.5627749541950013,0
3.533006082492431,-2.56576542591843,0
3.5298268614866615,-2.5685583791105824,0
3.528994744537677,-2.5694234113419725,0
3.5264387775189476,-2.575154907965155,0
3.5262902073824307,-2.5758217907941106,0
3.526587347655461,-2.5744880251362012,0
3.52620052471379,-2.5733525891296356,0
3.5264977690873813,-2.5720187784095003,8
3.526646391274177,-2.571351873049437,8
3.5278654873156654,-2.571622209231272,8
3.5280140054019036,-2.570955348933433,8
3.5280140054019036,-2.570955348933433,8
3.528162523488138,-2.570288488635592,8
3.529678447500981,-2.5692251943461972,8
3.530658874335078,-2.5676933919414147,8
3.530658874335078,-2.5676933919414147,8
3.531490783082944,-2.566828449834473,8
3.5323225877302455,-2.565963552789757,8
3.5326191033999272,-2.5646300575052035,8
3.534134038457452,-2.5635671913069515,8
3.535796814947595,-2.561837757715324,8
3.5366280470418268,-2.560973108512849,8
3.5382901989286033,-2.5592439452945737,8
3.5398041450308284,-2.5581815071874683,8
3.540634908672544,-2.5573170607650066,8
3.5412080196386597,-2.563387903462523,8
3.541301397877138,-2.565855505417991,8
3.5429636538644758,-2.564126297137493,8
3.544625493449587,-2.562397269105894,8
3.548675173895621,-2.564341302828904,8
3.549358928909207,-2.5641430633020157,8
3.548822130473475,-2.5636751184644453,8
3.5470652470409405,-2.562937265536185,8
3.546381648178201,-2.563135437469736,8
3.545845266144706,-2.5626673123832653,0
3.5450144504527117,-2.563531781336838,0
3.5441835306601632,-2.5643962953526387,0
3.543888888800545,-2.5657289795171323,0
3.5437415678707325,-2.56639532159938,0
3.5416901466791444,-2.5669901077733854,0
3.540858810484359,-2.5678548020380845,0
3.539343459024593,-2.56891784848524,0
3.5411002383565595,-2.56965574647573,0
3.540268693960652,-2.5705205308648775,0
3.5406578071146164,-2.5716549755024847,0
3.538403977195749,-2.5760505434809353,0
3.539860039669197,-2.586852965626546,0
3.541525210472191,-2.585122495603734,0
3.5413780456932216,-2.5857887700926447,0
3.5412308809142488,-2.5864550445815517,0
3.540251026633225,-2.5879865991440933,0
3.538732656257249,-2.589050952395789,0
3.5358428200328618,-2.59051349706583,0
3.538246052892724,-2.585450685760623,0
3.536538427626372,-2.5815809165947936,0
3.5350748847964724,-2.579510942779857,0
3.5381623931727084,-2.574249666636632,0
3.540027370189012,-2.5687195413650112,0
3.5409527612759106,-2.5703221561513114,0
3.5432051337869623,-2.5659272190440205,0
3.5437946257073136,-2.5632617605905796,0
3.5468757839494565,-2.558003233243113,0
3.5480950361417776,-2.5582735018316107,0
3.547411801630993,-2.5584715160473728,0
3.5471174720730545,-2.5598040650251903,0
3.547506585227012,-2.5609385096627957,8
3.548337088617334,-2.560074175895899,8
3.548337088617334,-2.560074175895899,8
3.547947923413087,-2.5589397537894047,8
3.548337088617334,-2.560074175895899,8
3.5465288129571704,-2.562469162980827,8
3.5469703072940817,-2.560470339514101,8
3.5476536979557096,-2.560272257704998,8
3.547212359769638,-2.5622710135783873,8
3.54857945339457,-2.5618747147735093,8
3.5499465470194984,-2.561478415968635,8
3.54911604362918,-2.5623427497355316,8
3.5499465470194984,-2.561478415968635,8
3.549799642491923,-2.5621445778019805,8
3.549652737964351,-2.562810739635326,8
3.54911604362918,-2.5623427497355316,8
3.5489690870513257,-2.56300893409999,8
3.5482854361383076,-2.5632071285646525,8
3.5489690870513257,-2.56300893409999,8
3.548432444766437,-2.562540921669081,8
3.54911604362918,-2.5623427497355316,8
3.54911604362918,-2.5623427497355316,8
3.5455508324862066,-2.5639999064233105,8
3.547212359769638,-2.5622710135783873,8
3.5460873186202626,-2.5644679864475535,8
3.54383629941648,-2.568862337745914,8
3.546131178441165,-2.57006761729615,8
3.5468153498569883,-2.569869197520358,8
3.5481836926886245,-2.5694723579687775,8
3.5472056081170997,-2.5710031464734833,8
3.547596074578337,-2.5721370053021584,8
3.547986749240682,-2.57327077400638,8
3.54661778180569,-2.573667883931316,8
3.5466683412288553,-2.5705354044159296,8
3.5514101939499554,-2.5635483447213474,8
3.553657569634172,-2.559155570600879,8
3.554244146738874,-2.556491373889756,8
3.553950858186525,-2.5578234722453157,8
3.553267519575172,-2.5580215315233037,8
3.552730929340566,-2.557553496561283,8
3.5524374325870944,-2.5588856850412984,8
3.552290684210355,-2.559551779281307,8
3.5510706512638386,-2.5592818486594986,8
3.551607241498452,-2.559749883621519,8
3.551607241498452,-2.559749883621519,8
3.5502403560746423,-2.5601460923019452,8
3.5502403560746423,-2.5601460923019452,8
3.5502403560746423,-2.5601460923019452,8
3.5495569133627356,-2.5603441966421574,8
3.5492630002070307,-2.561676565371073,8
3.548726462022703,-2.5612085078779376,8
3.5500934515470703,-2.5608122541352873,8
3.548726462022703,-2.5612085078779376,8
3.548726462022703,-2.5612085078779376,1
3.5492630002070307,-2.561676565371073,1
3.548432444766437,-2.562540921669081,1
3.5481384275101746,-2.5638733354602223,1
3.548822130473475,-2.5636751184644453,1
3.547454724546867,-2.5640715524559994,1
3.547506585227012,-2.5609385096627957,1
3.5463398703684703,-2.5575349053766256,1
3.545656739958247,-2.5577328745301635,1
3.5463398703684703,-2.5575349053766256,1
3.545268355508192,-2.55659811445698,1
3.5458040608880523,-2.557066532447916,1
3.5464871392480006,-2.556868585825491,1
3.5464871392480006,-2.556868585825491,1
3.547170217607949,-2.556670639203068,1
3.5473174344372005,-2.556004342183048,1
3.548683487056543,-2.555608494000426,1
3.54883059978523,-2.55494224204263,1
3.5489777125139206,-2.5542759900848324,1
3.5484419550837814,-2.5538075946250114,1
3.548589119862754,-2.553141320136101,1
3.5488834494206962,-2.5518087711582815,1
3.5488834494206962,-2.5518087711582815,1
3.549566163428686,-2.5516109822536475,1
3.5480004607468736,-2.5558064180917377,1
3.5489777125139206,-2.5542759900848324,1
3.54883059978523,-2.55494224204263,1
3.549513574044621,-2.554744340482433,1
3.5614818856212835,-2.5936660638692004,1
3.5616272806907503,-2.593000555438124,1
3.5614818856212835,-2.5936660638692004,1
3.5621683992996793,-2.593466630193335,1
3.5621683992996793,-2.593466630193335,1
3.5630002039469773,-2.5926017331486175,1
3.565099061544963,-2.588875819325988,1
3.565099061544963,-2.588875819325988,1
3.565099061544963,-2.588875819325988,1
3.5664714642984023,-2.5884772223476116,1
3.56676162983398,-2.5871464758588143,1
3.5677377885451627,-2.585616521005278,1
3.5681338243862974,-2.586747969004888,1
3.568423781720764,-2.5854173126405406,1
3.5682788030535306,-2.5860826408227133,1
3.5689648482794105,-2.585883409926863,1
3.568819921662456,-2.5865487155779245,1
3.566867604240091,-2.5896086252849937,1
3.5674089310501316,-2.590074609915753,1
3.5693611443719426,-2.587014745270908,1
3.5704817612475637,-2.5848196875463234,1
3.570192116214777,-2.5861502087239945,1
3.5710229839570466,-2.5852857172393087,1
3.57170902918293,-2.5850864863434584,1
3.5723950744088064,-2.584887255447608,1
3.5723950744088064,-2.584887255447608,1
3.57170902918293,-2.5850864863434584,1
3.5725397407743635,-2.5842220624521097,1
3.5718537475987624,-2.584421270816847,1
3.570192116214777,-2.5861502087239945,1
3.5711677544231613,-2.584620479181586,1
3.5713125248892794,-2.5839552411238653,1
3.5714572953553905,-2.5832900030661445,1
3.5702303917719824,-2.5830230465512223,1
3.5703752663386545,-2.582357763431272,9
3.570665015472006,-2.5810271971913803,9
3.570809890038678,-2.580361914071432,9
3.57095476460535,-2.579696630951485,9
3.5702691878319897,-2.579895659067322,9
3.5688980342852616,-2.5802937152989944,9
3.569873568393092,-2.578764030818812,9
3.5685026230474826,-2.5791619969260324,9
3.570163525727555,-2.5774333744544666,9
3.569768218590333,-2.5763016110192787,9
3.569768218590333,-2.5763016110192787,9
3.569228036886443,-2.5758351307040375,9
3.5695182024220244,-2.574504384215242,9
3.5686879592831033,-2.5753686053265756,1
3.5646805771495877,-2.579024878385546,1
3.561939102860599,-2.5798206303510884,1
3.5622303094017695,-2.578489433240035,1
3.560320275408138,-2.5784204458786473,1
3.5606117942509883,-2.5770891135809197,1
3.5593874411312747,-2.5768210530414706,1
3.5609033130938386,-2.5757577812831887,1
3.5609033130938386,-2.5757577812831887,1
3.5611948319366853,-2.574426448985461,1
3.5611948319366853,-2.574426448985461,1
3.5627102874970156,-2.573363357476083,1
3.562855942817876,-2.572697736389447,1
3.5614863507795356,-2.5730951166877354,1
3.562171146798704,-2.572896426538591,1
3.5630015981387437,-2.5720321153028074,1
3.5643710860765303,-2.571634780066743,1
3.5671100619521035,-2.5708401095946147,1
3.5712591956355233,-2.56651990528246,1
3.5747215033388677,-2.5623992698328504,1
3.5755505493213633,-2.56153556693711,1
3.5772083289846712,-2.5598082963323083,1
3.5763794912032942,-2.560671909103597,1
3.5769188921529995,-2.5611387273855275,1
3.577603063568816,-2.5609403076097372,1
3.5774583972032623,-2.561605500605234,1
3.578142620669361,-2.561407058298327,1
3.5771690644721517,-2.5629358865962253,1
3.5786822818704636,-2.5618737639246945,1
3.5786822818704636,-2.5618737639246945,1
3.5807351084195957,-2.5612783694106422,9
3.5815637379998506,-2.5604148467638055,9
3.5821036594523505,-2.560881439734608,9
3.582787934968728,-2.560682974896592,9
3.5823551850787645,-2.5626780131363756,9
3.583039616745978,-2.562479480705017,9
3.582607023006858,-2.5644744513514652,9
3.5834357566876704,-2.5636108836424008,9
3.58300331909939,-2.5656057866955084,9
3.5842286611744143,-2.565873419143813,9
3.5840846194122093,-2.5665383417659573,9
3.584769415431385,-2.566339651616813,9
3.5851663361272657,-2.5674707165875006,9
3.585563465024272,-2.5686016914337397,9
3.585419579412907,-2.569266546462547,9
3.5859608021223934,-2.5697325761555305,9
3.585673135000224,-2.5710622411509156,9
3.586214565910822,-2.571528180719447,9
3.5864686420009377,-2.573323650096688,9
3.5863249125404124,-2.5739884375321544,9
3.5860374536193618,-2.5753180124030894,9
3.5847767508027744,-2.5781762803852413,9
3.5862596042863544,-2.5802378951573424,9
3.5490636922138243,-2.5829344255407367,9
3.5485250199680323,-2.582467291823228,9
3.5490636922138243,-2.5829344255407367,9
3.5489170999879285,-2.5836004521874045,9
3.5487705077620326,-2.584266478834074,9
3.5479384428633303,-2.585131488534355,9
3.54720522148245,-2.5884617344232623,9
3.549016307857709,-2.586065530658246,9
3.5488697676820884,-2.5867315347738007,9
3.5495553965057347,-2.5865324841268507,9
3.550094589254318,-2.586999392533233,9
3.5498017171042022,-2.5883313106398926,9
3.550487502078685,-2.5881321923996037,9
3.5498017171042022,-2.5883313106398926,9
3.55019473402913,-2.589464065444041,9
3.5508806231041703,-2.5892649021415295,9
3.5507342911296718,-2.589930816132634,9
3.552938290329294,-2.5886674122339883,9
3.5534780556309506,-2.5891340727981316,9
3.5540179250331683,-2.5896006883000453,9
3.555243943761827,-2.5898680278438846,9
3.5531858080841907,-2.590465720531437,9
3.5531858080841907,-2.590465720531437,9
3.5549520085167394,-2.591199540390516,9
3.5562813991375357,-2.5939301559161727,9
3.5596723607544156,-2.596061591700831,9
3.5582990210959444,-2.596460594239243,9
3.5581534178253555,-2.5971261927947698,9
3.55898569092518,-2.596261092970039,9
3.559526861584388,-2.5967271451941336,9
3.56314549491589,-2.591936269779767,9
3.5672639523829055,-2.5907399380979257,9
3.571671742581028,-2.588213220425091,9
3.5751032699674106,-2.5872165026680154,9
3.5790431577351285,-2.5898106335409707,9
3.5825087966563665,-2.585688556100143,9
3.586309014885355,-2.5889457169817707,9
3.5882559190786623,-2.585888150510426,9
3.5885426492957997,-2.584558891075069,9
3.587856239717965,-2.584758279688712,9
3.5879996568768107,-2.5840936274399215,9
3.5889727446215076,-2.5825650019220383,9
3.5885733255122076,-2.581435018444761,9
3.5872010268593293,-2.5818335703609154,9
3.586514877532892,-2.5820328463189917,9
3.58680202415227,-2.5807034066347327,9
3.5870891707716446,-2.579373966950481,9
3.5872327440813265,-2.578709247108348,9
3.5872327440813265,-2.578709247108348,9
3.586690480366258,-2.5782436680376186,9
3.586834105726222,-2.5775789256643797,9
3.585606265237786,-2.5773123747094893,9
3.585749994698311,-2.5766475872740227,9
3.585749994698311,-2.5766475872740227,9
3.5858937241588364,-2.5759827998385543,9
3.5852080953351866,-2.5761818504855025,9
3.5854956583567983,-2.574852230552345,9
3.5848101336337166,-2.575051236137069,9
3.584953967194803,-2.5743864036393767,9
3.585097800755886,-2.5737215711416823,9
3.584556265744723,-2.5732556766353767,9
3.584556265744723,-2.5732556766353767,9
3.5840148348341216,-2.5727897370668433,9
3.584302710157406,-2.5714599819470063,9
3.584302710157406,-2.5714599819470063,9
3.5837614874479264,-2.5709939522540246,9
3.584590585480697,-2.570130226827171,9
3.585563465024272,-2.5686016914337397,9
3.5850223984656253,-2.568135594147421,9
3.584878460803985,-2.568800471707334,9
3.5833644106012024,-2.5698629548766707,9
3.5844814360075397,-2.5676694517988725,9
3.5841934565836944,-2.5689992519809337,9
3.5833644106012024,-2.5698629548766707,9
3.5833644106012024,-2.5698629548766707,9
3.584049466871768,-2.5696641520719634,9
3.584049466871768,-2.5696641520719634,9
3.5851663361272657,-2.5674707165875006,9
3.5858512362469988,-2.567271981376132,9
3.585563465024272,-2.5686016914337397,9
3.585563465024272,-2.5686016914337397,9
3.587221036486458,-2.56687451095339,9
3.586392302805649,-2.5677380786624564,9
3.5869334734648497,-2.5682041308865475,9
3.587762207145669,-2.5673405631774884,9
3.5884471593156775,-2.5671418054350035,9
3.5874747482246185,-2.56867013804842,9
3.586645910443238,-2.5695337508197085,9
3.58635834742163,-2.570863370752866,9
3.586070784400018,-2.572192990686027,9
3.582897549176387,-2.574983352800208,9
3.5786404111259564,-2.576842286399579,9
3.578280204478901,-2.5725847351894977,9
3.5788210107861467,-2.573050945131383,9
3.5788210107861467,-2.573050945131383,9
3.579506223207556,-2.572852074733335,9
3.579650525221151,-2.5721870394556294,9
3.5786766567222656,-2.573716002940202,9
3.5782435945306297,-2.575711176366662,9
3.5784961091123577,-2.577507321677288,9
3.5142741359807914,-2.578058769980391,9
3.5145731500638853,-2.576724193202427,9
3.513205223634479,-2.5771208525051073,9
3.51305561249238,-2.577788185956317,9
3.515492867670325,-2.5783292638800184,9
3.5158782852544483,-2.579465308226631,9
3.513676107814611,-2.580727923536326,9
3.5116232812654786,-2.5813233180503765,9
3.510789290506434,-2.5821891614018266,9
3.51117429168832,-2.583325385997343,9
3.5123935959309307,-2.5835956320547258,9
3.5156667156779733,-2.583270055506919,9
3.5156667156779733,-2.583270055506919,9
3.514832829019497,-2.5841358537961465,9
3.51331419839212,-2.585200319703402,9
3.5138494353194645,-2.5856689404743545,9
3.5149202214758333,-2.58660604682958,9
3.5149202214758333,-2.58660604682958,9
3.5147709226354067,-2.587273245094112,9
3.515306523914713,-2.5877417081472753,9
3.5158422292945737,-2.588210126138211,9
3.5165271814645855,-2.5880113683957298,9
3.5169139523559743,-2.5891468269334084,9
3.5153946450749665,-2.5902115857451307,9
3.5166157710773547,-2.590481043213572,9
3.514261796383675,-2.592411938281211,9
3.5134272330715532,-2.593278029474904,9
3.5132779342311267,-2.593945227739436,9
3.514499476635752,-2.5942145049589698,9
3.513515562432932,-2.5957478169483093,9
3.5139026976762757,-2.596883117768199,9
3.513604308196534,-2.5982174241728124,9
3.5134551134566685,-2.5988845773751166,9
3.5123215881117424,-2.6010852228156676,9
3.512023094531447,-2.6024195742825054,9
3.5125599450174505,-2.602887496588961,9
3.512261555537716,-2.604221802993573,9
3.511276860580704,-2.6057554529496034,9
3.509068541207885,-2.607020726930605,9
3.5056367535701014,-2.608017557343244,9
3.503577680987437,-2.6086156555908264,9
3.4989233619897284,-2.6093436368750726,9
3.4956422785499193,-2.609672660683133,9
3.4954918346033423,-2.6103403546321466,9
3.4950405027636116,-2.612343436479186,9
3.4955765724954304,-2.612811696752333,9
3.4959624064817945,-2.6139475608500415,9
3.4952757887028376,-2.6141470395881328,9
3.495661726789759,-2.615282858623617,9
3.496198160873533,-2.615750961178973,9
3.4977863492760726,-2.6115457919001734,9
3.4979365850215345,-2.61087818807561,9
3.498988235239743,-2.606204961303675,9
3.498988235239743,-2.606204961303675,9
3.498988235239743,-2.606204961303675,9
3.4981519022181224,-2.6070718185552018,9
3.4940353185611706,-2.608267339116985,9
3.4948719638844636,-2.60740034667878,9
3.494185918658591,-2.607599577574634,9
3.4940353185611706,-2.608267339116985,9
3.4940353185611706,-2.608267339116985,9
3.4934998734327074,-2.607798808470484,9
3.49319856913732,-2.609134376617412,9
3.4945708677901948,-2.6087358247012595,9
3.496629315769507,-2.608137996827031,9
3.4964789238732124,-2.60880566824493,9
3.4980016144223853,-2.6077394449108766,9
3.497851326626648,-2.6084070712665497,9
3.4980016144223853,-2.6077394449108766,9
3.497701038830911,-2.6090746976222245,9
3.497851326626648,-2.6084070712665497,9
3.497851326626648,-2.6084070712665497,9
3.4996742804656193,-2.6060057304078246,9
3.4980016144223853,-2.6077394449108766,9
3.498537528003368,-2.6082077727773623,9
3.4986877637488263,-2.6075401689528004,9
3.498537528003368,-2.6082077727773623,9
3.4980016144223853,-2.6077394449108766,9
3.4980016144223853,-2.6077394449108766,9
3.497851326626648,-2.6084070712665497,9
3.498537528003368,-2.6082077727773623,9
3.499223729380084,-2.608008474288173,9
3.4980016144223853,-2.6077394449108766,9
3.4986877637488263,-2.6075401689528004,9
3.4980016144223853,-2.6077394449108766,9
3.4980016144223853,-2.6077394449108766,9
3.4980016144223853,-2.6077394449108766,9
3.500896291322757,-2.606274804847347,9
3.4980016144223853,-2.6077394449108766,9
3.498837999494281,-2.6068725651282385,9
3.4995240967704397,-2.6066733117012735,9
3.4995240967704397,-2.6066733117012735,9
3.4971651252499356,-2.6086063697557407,9
3.4995240967704397,-2.6066733117012735,9
3.498837999494281,-2.6068725651282385,9
3.4995240967704397,-2.6066733117012735,9
3.497315465095948,-2.607938720868953,9
3.497315465095948,-2.607938720868953,9
3.4986877637488263,-2.6075401689528004,9
3.4996742804656193,-2.6060057304078246,9
3.3991557694107186,-2.7495252865051523,9
3.398148796934098,-2.751068579777444,9
3.398148796934098,-2.751068579777444,9
3.399000120436199,-2.7501952335654405,9
3.399695742913501,-2.749991856944842,9
3.400391365390803,-2.749788480324243,9
3.398917758292285,-2.753341479590727,9
3.397837394884494,-2.75240851896025,9
3.3985331735126323,-2.7522050747463105,9
3.3993845490650116,-2.751331706003196,9
3.3993845490650116,-2.751331706003196,9
3.400235820516837,-2.750458382322307,9
3.400391365390803,-2.749788480324243,9
3.4012424806917814,-2.7489152242366917,9
3.4020934918922094,-2.748042013211368,9
3.4050307979714596,-2.746558920166482,9
3.404335331645001,-2.7467622291937452,9
3.4046459008901344,-2.745422650508745,9
3.4054964956883182,-2.7445496197323216,9
3.406502166907959,-2.743006889737851,9
3.4066573474299666,-2.742337145457576,9
3.4061174259774667,-2.7418705524867732,9
3.406427891122039,-2.740531018863999,9
3.4065831236943254,-2.739861252052611,9
3.40604346249323,-2.7393945464262437,9
3.4044251034932778,-2.737994159173791,9
3.4038858586944087,-2.7375272732985234,9
3.4047359850400873,-2.7366544453021167,9
3.406125252084067,-2.7362485482432017,9
3.4069751702286233,-2.735375810371245,9
3.406435925429758,-2.734908924495974,9
3.407130454851192,-2.734706021028744,9
3.4072857394737532,-2.734036231686243,9
3.4081354494171947,-2.7331635839387385,9
3.4074410240963253,-2.7333664423437476,9
3.4088298747380676,-2.732960725533733,9
3.4081354494171947,-2.7331635839387385,9
3.4077515933414517,-2.732026863658744,9
3.4065183396239505,-2.7317626559395762,9
3.40705727212114,-2.7322296770015235,9
3.4084459145617636,-2.7318240503159625,9
3.4079068779640203,-2.731357074316243,9
3.4061349520007305,-2.7306257328795702,9
3.4061349520007305,-2.7306257328795702,9
3.4055962797549313,-2.73015859916206,9
3.4057517725786184,-2.729488719695107,9
3.405213256483666,-2.7290215183842648,9
3.405213256483666,-2.7290215183842648,9
3.406218251049669,-2.7274790812942555,9
3.406218251049669,-2.7274790812942555,9
3.406529236697036,-2.7261393223603534,9
3.4073784781879652,-2.725266877392862,9
3.40753391896137,-2.724597020457024,9
3.4071512079917703,-2.723459804492549,9
3.4066131603493375,-2.7229924004016883,9
3.406230813731703,-2.721855026719423,9
3.4063864106559443,-2.721185102190246,9
3.40669760450443,-2.7198452531318953,9
3.406853201428671,-2.7191753286027183,9
3.4071643952771566,-2.7178354795443624,9
3.407475589125646,-2.71649563048601,9
3.4069382181368404,-2.7160279334906807,9
3.407942379898369,-2.714485856898481,9
3.4080979768226136,-2.713815932369304,9
3.409101878332752,-2.712273968432667,9
3.409794585994401,-2.712071853554381,9
3.4095685129546425,-2.710264262438475,9
3.409187155292315,-2.7091264606650682,9
3.4107275429365025,-2.7080525767526744,9
3.4117308198432887,-2.7065108831893916,9
3.412041701390102,-2.705171169317712,9
3.4123525829369115,-2.7038314554460356,9
3.4125080237103127,-2.7031615985101975,9
3.411575379069884,-2.707180740125226,9
3.4107981752028635,-2.7105300248044184,9
3.4111678550379096,-2.7172914981237426,9
3.413703589381722,-2.7202979699538616,9
3.414161044589747,-2.723910854012175,9
3.41600797504287,-2.7271177508871176,9
3.418784427119654,-2.7263068580138032,9
3.421175286896794,-2.729978612963869,9
3.425113352904731,-2.7325735324257714,9
3.4262753832381243,-2.735979164512088,9
3.4266631430848236,-2.737114194958627,9
3.4253530445530274,-2.73999384496679,9
3.422263524817705,-2.742145398018522,9
3.4239695365253873,-2.7460158656488467,9
3.42513578293142,-2.749419672715028,9
3.425300470089887,-2.7543644298177767,9
3.4247000290461713,-2.762653244381557,9
3.420221640104419,-2.7708291388199555,9
3.4192308367000237,-2.777984049492833,9
3.4187015669901335,-2.783131462220572,9
3.4222820623134638,-2.784578283190534,9
3.4215830045177213,-2.7847831468645765,9
3.4264764090879325,-2.7833491011462836,9
3.427175466883675,-2.7831442374722393,9
3.4264764090879325,-2.7833491011462836,9
3.4275048077150103,-2.7874151496321904,9
3.431334538452461,-2.790659535372882,9
3.428379947999545,-2.8064979371742957,9
3.4271618223486833,-2.811845797477975,9
3.4254868995787575,-2.8191991053955316,9
3.426166193152099,-2.8277320073947756,9
3.4318846172314785,-2.8285465954813205,9
3.437606788930978,-2.8293595613277454,9
3.439463173933156,-2.835672959345061,9
3.4420295993400494,-2.841776739623544,9
3.4442564969446217,-2.852343227690614,9
3.450368543950475,-2.8574009020128432,9
3.455378678732842,-2.8615349435852835,9
3.4549647859278387,-2.8722510294126806,9
3.4600722882183987,-2.8819615398497973,9
3.460088836489252,-2.893794180611266,9
3.4669746854921613,-2.898614636581531,9
3.4711302324514826,-2.9098446249047463,9
3.4686067596909353,-2.9242912659639995,9
3.46770209949905,-2.931408887645258,9
3.4690638281900554,-2.9403466924285606,9
3.473418642258096,-2.9508878526189903,9
3.4725099035426084,-2.9611178335319366,9
3.4707719998974014,-2.965990381324172,9
3.4703336285772615,-2.967987852924134,9
3.4675716093116833,-2.977521708529652,9
3.461940072069641,-2.98790674263811,9
3.4613396309887996,-2.9936875344301246,9
3.463624862072855,-2.995499561269348,9
3.4657541653291872,-3.0010922496293198,9
3.4592514734285693,-3.0123592143037428,9
3.4520067115995694,-3.026960255156242,9
3.446791736610578,-3.0353572582009853,9
3.445739112283725,-3.0462520941427353,9
3.438348940538585,-3.055297462347635,9
3.4306399049520806,-3.068796593489358,9
3.422653441301783,-3.0773997699185784,9
3.412003508203867,-3.0948915715237284,9
3.4065771718395226,-3.1070932317243116,9
3.398127579537867,-3.114594002758274,9
3.388921082978179,-3.1254352713374534,9
3.3777952875122423,-3.1387195858650827,9
3.3786886787688033,-3.155889021247969,9
3.364208706461149,-3.1658208349590744,9
3.351818356495066,-3.1844731075429635,9
3.347449514864028,-3.200728221337421,9
3.3372125525869976,-3.2187415692974,9
3.332676610919954,-3.235671586996954,9
3.326057393327414,-3.2557182026832923,9
3.3211848907239805,-3.2771096438980045,9
3.310855676749938,-3.2982735187946943,9
3.311067900660227,-3.3094188860701603,9
3.298947312557303,-3.329257267133224,9
3.292633704586681,-3.3417452635116014,9
3.2818005024919046,-3.3618244199365535,9
3.2766696594305813,-3.3720904564417076,9
3.269682687937589,-3.390390810701078,9
3.2618084968514722,-3.4064694558353636,9
3.2540753806616216,-3.4218844626209304,9
3.251239621033843,-3.4401794486636703,9
3.2467757355925038,-3.456475704270032,9
3.238238973993674,-3.475251441540074,9
3.228178967931523,-3.494491070953286,9
3.2196070203437728,-3.5132820392555555,9
3.2143554875310443,-3.5298215064898812,9
3.2095669978709296,-3.544352822376796,9
3.204596034740554,-3.5626762906519627,9
3.197676505600203,-3.577234286282284,9
3.1872334428554403,-3.5947342784156824,9
3.176188953829655,-3.608683707548666,9
3.1758015546169,-3.6193883250396706,9
3.173286186890401,-3.630118292938427,9
3.171085240129713,-3.6395070148498423,9
3.1641149619668845,-3.654086978315103,9
3.162046639355392,-3.6659263137229594,9
3.160000196463077,-3.6746455842585632,9
3.15673379131346,-3.6824923226081197,9
3.15328761930812,-3.694130041728066,9
3.145224660460201,-3.7071798054034506,9
3.1407038171664574,-3.7172795289685006,9
3.1336872142549126,-3.731879545124121,9
3.1288176823096663,-3.74644594195361,9
3.1206925047759917,-3.762633232113636,9
3.1102527584395645,-3.7764186239489064,9
3.1033509450331564,-3.790366379967759,9
3.094431059891889,-3.803689344182194,9
3.0893811216409084,-3.8158258110767527,9
3.0838688354927513,-3.82685953460936,9
3.073332777537523,-3.8437972108081375,9
3.060920711698998,-3.859446028762635,9
3.050694148534838,-3.871933997624888,9
3.0360897465886865,-3.8845254351687313,9
3.026971412296504,-3.892315685939476,9
3.0134423768941865,-3.9033342243288622,9
2.99890699365573,-3.9184038083889483,9
2.9903285622142413,-3.929771253935387,9
2.984588660156877,-3.9383954832523465,9
2.9714925828456416,-3.947418893277497,9
2.961191033830577,-3.9568287276683467,9
2.9500922081424292,-3.96648594194302,9
2.9420118682934273,-3.972719470898266,9
2.933870350764259,-3.9820900757159006,9
2.7806090383880253,-4.143048739497134,9
2.771851416436153,-4.15138315785992,9
2.7646796033835166,-4.159226601682004,9
2.759893998919967,-4.166330339212784,9
2.7546620259950316,-4.172324416330001,9
2.75146571779943,-4.178935669735525,9
2.747203847114335,-4.184004984641414,9
2.744980451873655,-4.189690259155519,9
2.7433777080689232,-4.195807180884531,9
2.7385746147114673,-4.202918488869203,9
2.7336814222831407,-4.207560775438303,9
2.7290499573360023,-4.213995219311066,9
2.723613980726931,-4.220680174892328,0
2.7211160015860365,-4.2245788572876215,0
2.717900070435075,-4.231198604922655,0
2.71807089952652,-4.236140703354097,0
2.714588244067542,-4.240970456672288,0
2.709941788639913,-4.24741138950553,0
2.7094887912283703,-4.251923215119941,0
2.7056417985855745,-4.258115821762619,0
2.7034008103504377,-4.263808711792837,0
2.6997294539894803,-4.269322719427926,0
2.69748601939121,-4.275016668420442,0
2.694436303421508,-4.280961895179296,0
2.694919251792701,-4.28455831701598,0
2.697071936633673,-4.287636743853447,0
2.699226092924949,-4.29071494898993,0
2.7000849540816887,-4.2935724248700655,0
2.7008222338864947,-4.298344053271821,0
2.7046528325422656,-4.304026917407169,0
2.7116880312488583,-4.308708416661373,0
2.7154504959876036,-4.311285034078267,0
2.7250594859056143,-4.316410522931397,0
2.7271099634902924,-4.3214001832275315,0
2.7338287154998895,-4.326804516759967,0
2.739451329450052,-4.333178792651577,0
2.7416206907277925,-4.336254706877895,0
2.74893248435232,-4.340219376255508,0
2.7538665783190517,-4.344931189526767,0
2.7585053163764712,-4.350362659362155,0
2.7650157147465784,-4.3545777069102165,0
2.7658157764309834,-4.359339876070004,0
2.769474317221423,-4.363827985596716,0
2.773135065187315,-4.368315762571953,0
2.7793523148235693,-4.3732501341326735,0
2.786143109358239,-4.376747779076602,0
2.79079141184263,-4.382177807855598,0
2.797000813743935,-4.387113361821566,0
2.801442601901716,-4.391353827489956,0
2.8063779220770364,-4.396065456010394,0
2.808774397985623,-4.400327829533545,0
2.8144868344853613,-4.404792737949762,0
2.8163948058316244,-4.40858319114251,0
2.8208399047525887,-4.412823157983688,0
2.826056602059335,-4.416817236099337,0
2.8259358149723077,-4.420627103010776,4
2.830878492399137,-4.425337623026296,4
2.832747528852142,-4.431029776535418,4
2.8351707361079015,-4.4352881224907,4
2.836607369812036,-4.438604068841565,4
2.8385424403680446,-4.442390439041196,4
2.842775874886346,-4.445441618725216,4
2.844942597044973,-4.4504137646436455,4
2.844864482016739,-4.454217202226559,4
2.8468135313506266,-4.458001466266849,4
2.847507750433323,-4.461558904273739,4
2.848206383866934,-4.465115677177675,4
2.846629215576229,-4.4694042411821435,4
2.8460811117353124,-4.472732968697276,4
2.84501856624982,-4.477489517839688,4
2.848254327258129,-4.481495804392061,4
2.8502358711195477,-4.485275172535626,4
2.8509650371469455,-4.488827345144156,4
2.8499425301424353,-4.491682027694456,4
2.8489239470054066,-4.494536119042133,4
2.8474034295513704,-4.498816147558733,4
2.8463941015185092,-4.503564678515572,4
2.845641935768157,-4.505703473418462,4
2.8461521386811484,-4.509963792615057,4
2.846916987378396,-4.513510588974734,4
2.848437003266369,-4.516813972269864,4
2.851213933960132,-4.520343867521994,4
2.8562396897893123,-4.523146036191632,4
2.8610174213606108,-4.5266607300437585,4
2.8628048941419095,-4.531144494333754,4
2.8670787935435413,-4.534189577240722,4
2.8681067488642924,-4.537021575982823,4
2.869401057490645,-4.541034121995526,4
2.8721882883365275,-4.544562465340773,4
2.8737293950121767,-4.547862670921804,4
2.873520667968812,-4.550465109318374,4
2.878272713240875,-4.552087839222327,4
2.885275481501022,-4.554878390657862,4
2.890050147550845,-4.5583935463870375,4
2.8928065420214537,-4.560030701737551,4
2.892641403922653,-4.564522406720332,4
2.8984258188663823,-4.568976470263438,4
2.902694445571104,-4.5720223475989314,4
2.9052166719408348,-4.574369940447674,4
2.9106805992405462,-4.575755778991013,4
3.0339789456973456,-4.617050729077917,4
3.038649751879941,-4.620581533201523,4
3.046906822168804,-4.622923834479112,4
3.0515687996495835,-4.626455968808619,4
3.056944498470884,-4.629750934651282,4
3.0661126719435643,-4.631151172468391,4
3.072634009912136,-4.632793581927093,4
3.074776277521437,-4.632081910190825,4
3.0781229782090485,-4.631604657746648,4
3.08097884453802,-4.6306558359986205,4
3.0826312587555478,-4.62947244715785,4
3.09225200887899,-4.63135001850438,4
3.093229018003651,-4.632293859165186,4
3.096607781275125,-4.633707609964921,4
3.1016722475565928,-4.635828790416985,4
3.1074843370753165,-4.63960352849989,4
3.11205232843864,-4.641253989501875,4
3.1176338058613986,-4.645738629305635,4
3.1222387646429297,-4.649279354548257,4
3.1232128308669864,-4.650223638611033,4
3.1256479964271158,-4.652584348767972,4
3.127645235758429,-4.656361352101046,4
3.12807276587068,-4.663205117309952,4
3.1291631937482265,-4.667923537475639,4
3.129986164732447,-4.671461576646463,4
3.1308135500675753,-4.674998950714334,4
3.133537753792144,-4.678536790251712,4
3.137242890508851,-4.683017879247277,4
3.141159755709303,-4.68679191168461,4
3.1443783497974174,-4.690800784748458,4
3.147881567699052,-4.695987452295697,4
3.145741907325508,-4.701165555102612,4
3.1494654371709956,-4.70564387283588,4
3.152988519651732,-4.710827547419841,4
3.1576119941829077,-4.714365482925084,4
3.159265725346522,-4.719544553621176,4
3.163690959688399,-4.723787513425634,4
3.1701848891244246,-4.727329886543009,4
3.175690283075074,-4.72993015565728,4
3.1798148302709457,-4.7329977412140884,4
3.1880596007349027,-4.734666739908199,4
3.193254988354308,-4.73609303888105,4
3.197563183857312,-4.738457798673398,4
3.200792445960122,-4.742465064405115,4
3.2014827789143787,-4.746698243706298,4
3.2023727008873912,-4.750226195482368,4
3.2030754185483694,-4.754457508800275,4
3.2034841932105707,-4.75751243174102,4
3.2041988050948333,-4.761741952975974,4
3.2027638561993648,-4.764788410736722,4
3.2074516104024866,-4.765745671491953,4
3.2096060760165663,-4.766927995962881,4
3.210776910979625,-4.767167477427428,4
3.2127427008313703,-4.769053385141174,4
3.21353863668692,-4.770699663589722,4
3.2195034740564203,-4.773776231628823,4
3.2228221531071846,-4.775199035218723,4
3.2210973077012746,-4.777068492924608,4
3.2250916956264,-4.778259855303075,4
3.228529252828917,-4.781560581778855,4
3.2298187207020064,-4.783678023079448,4
3.22994336203411,-4.785555077636477,4
3.233074468910271,-4.78768129819346,4
3.23498640186304,-4.792146310275255,4
3.237084190298404,-4.795908164041112,4
3.240348644587627,-4.799910127424305,4
3.2433010079910005,-4.802738434742469,4
3.2437930685582295,-4.803209819295496,4
3.2451334504296767,-4.802748599630011,4
3.2464738323011275,-4.802287379964522,4
3.2464738323011275,-4.802287379964522,4
3.244955197440323,-4.803450612490863,4
3.244955197440323,-4.803450612490863,4
3.247100711731722,-4.804634285642777,4
3.2480843423827466,-4.805577128649158,4
3.2488907010112804,-4.807221836715737,4
3.24987457690402,-4.808164642771954,4
3.250897963055273,-4.806530506044719,4
3.2517448129091946,-4.8055981235271865,4
3.251253488067114,-4.80512662812367,4
3.2530832328469046,-4.805137199463008,4
3.251431618435614,-4.804424633737897,4
3.252592153246546,-4.8046656671093295,4
3.2582130183069573,-4.806573382604711,4
3.2588816151715214,-4.806343012948034,4
3.260353014659721,-4.8077578871353115,4
3.2596847856577327,-4.807988201366744,4
3.261333947651856,-4.808701136593498,4
3.262805347140052,-4.810116010780776,4
3.2636094985931337,-4.8117610513988325,4
3.264767213124319,-4.812002509697148,4
3.2652576796203867,-4.812474134426241,4
3.265924682413786,-4.812244004945628,4
3.2669053701642063,-4.813187291353978,4
3.269042791478938,-4.8143721838613,4
3.2721980810062874,-4.813923771020072,4
3.2743739089918016,-4.812531887019677,4
3.275884205634224,-4.811369910798907,4
3.2762399758877834,-4.809965995927692,4
3.278109721409521,-4.807399550583252,4
3.279623451435981,-4.806237057060191,4
3.27913580521966,-4.8057650074042115,4
3.278340605089255,-4.804118618105171,4
3.278648159003339,-4.805292957748232,4
3.279495744582409,-4.804360464380208,4
3.278033541658605,-4.802944204561783,4
3.2793695091791477,-4.802483649999246,4
3.2809579475062165,-4.805776724198635,4
3.2834467247236034,-4.805558366937692,4
3.2802906994710987,-4.806006890629412,4
3.2846007606290257,-4.805800379488467,4
3.2854481009663807,-4.80486792307061,4
3.2874494772091616,-4.804177479203524,4
3.288602777389432,-4.80441960260479,4
3.2879357745960327,-4.804649732085403,4
3.288602777389432,-4.80441960260479,4
3.290117978866199,-4.803256887380744,4
3.290359898423212,-4.799974292145286,4
3.2922444810688347,-4.797405611315931,4
3.2972210545367275,-4.796969044594698,4
3.3023791917571614,-4.795829966185403,4
3.3068679963878793,-4.794921368283278,4
3.3072389716279034,-4.793515162501901,4
3.306942821453667,-4.7923391046762145,4
3.305683395690938,-4.790217136980543,4
3.303381945406443,-4.789732114224567,4
3.2987761019368556,-4.788762512114582,4
3.2969545727545935,-4.788750702944746,4
3.296098771577995,-4.789684434143261,4
3.2950231167432555,-4.786859622208045,4
3.2958803893701543,-4.785925669308547,4
3.2945402527404184,-4.78638685202387,4
3.2945402527404184,-4.78638685202387,4
3.2987761019368556,-4.788762512114582,4
3.3047196296190045,-4.789271301010881,4
3.308170701458014,-4.789999001420583,4
3.311138418810753,-4.790254005546437,4
3.312474876814729,-4.7897933770835746,4
3.3156282044083376,-4.7893452598436586,4
3.3177371776838775,-4.7905344385699955,4
3.322514897858177,-4.790802988523392,4
3.3252879310265087,-4.7917624811710855,4
3.3262467922640937,-4.792709056144025,4
3.3299762342528467,-4.794615493266296,4
3.331787463282989,-4.794628854343015,4
3.331121441456453,-4.794858836022971,4
3.3332242836890664,-4.796048938503409,4
3.336656962399285,-4.796779410175409,4
3.339714496760287,-4.798916715781571,4
3.344762984591096,-4.800365147902619,4
3.353395763197433,-4.797379228880226,4
3.3536726296991404,-4.794091368246406,4
3.359275373214526,-4.79343082424686,4
3.363546318318562,-4.7932302066570625,4
3.3698997505926833,-4.794222758411312,4
3.373790246452856,-4.790962950136835,4
3.3769181915287376,-4.790518657238886,4
3.379573450133048,-4.789600060724959,4
3.3819503385876253,-4.787502727498463,4
3.383278458373212,-4.787043355341172,4
3.3861285237827907,-4.785420251830324,4
3.386875411294909,-4.787073920311661,4
3.3917165527951454,-4.784761924840616,4
3.3930444273390172,-4.784302589633489,0
3.393239356765143,-4.783598064161486,0
3.392692426134346,-4.781239112729791,0
3.3938256164938174,-4.781484266044501,0
3.399215895800296,-4.781530889453677,0
3.398628532483894,-4.783644853846402,0
3.4000333488458807,-4.785069760003189,0
3.404362842639241,-4.786756155039601,0
3.407091241815049,-4.7877223726171305,0
3.410364854929629,-4.791047800277504,0
3.412816600647716,-4.790835022491315,0
3.415041445093312,-4.795798411220895,0
3.4160604490913826,-4.798631758643978,0
3.418591221182176,-4.80030290814531,0
3.41670063011448,-4.802872494253688,0
3.4180056067555213,-4.80688343293426,0
3.4198806571719054,-4.808783012208664,0
3.4211922553393137,-4.81279295323481,0
3.4226953495488104,-4.81609888609125,0
3.4240160216597495,-4.820107459961331,0
3.4237472481347098,-4.823394101239739,0
3.4221758599626604,-4.8271362718583894,0
3.4226797243300453,-4.832072701850917,0
3.422249006389837,-4.8360588988042785,4
3.420523031054149,-4.840499516592962,4
3.420108499067279,-4.8444832748355005,4
3.420351160205122,-4.848238381603986,4
3.421299476048869,-4.849186545433975,4
3.4231961077363664,-4.851082873093954,4
3.4242699232582297,-4.8539079621554,4
3.4274635290332327,-4.855349610328908,4
3.428539551730548,-4.858174366838876,4
3.432550823595122,-4.858688029564359,4
3.436559152559095,-4.859202135691813,4
3.4400916069091707,-4.859242418555414,4
3.4400916069091707,-4.859242418555414,4
3.4417323344060975,-4.857385634755763,4
3.480423472434918,-4.824014978952487,4
3.4824607125081855,-4.825214965601775,4
3.4834871641809073,-4.823580366997488,4
3.48682272717112,-4.824325470934404,4
3.4875577204599537,-4.825980931498691,4
3.4882073110914362,-4.825753425479718,4
3.487096069865654,-4.825504965125335,4
3.4875577204599537,-4.825980931498691,4
3.487831676258782,-4.8271603333142075,4
3.486720435033007,-4.82691187295983,4
3.4864463566133175,-4.825732489619389,4
3.486908129828471,-4.826208437517662,4
3.486908129828471,-4.826208437517662,4
3.4860709670223855,-4.82713936050372,4
3.484772031001139,-4.827594335591504,4
3.4856089485655133,-4.82666344955561,4
3.485421499011764,-4.827366848047612,4
3.4851469301086375,-4.826187538607501,4
3.485522810183003,-4.824780593822842,4
3.4859845833981566,-4.825256541721117,4
3.4850610369678456,-4.82430464592457,4
3.4857111180827616,-4.82407706600527,4
3.4858996712242387,-4.82337350123753,4
3.4870112803125934,-4.823621906166668,4
3.486908129828471,-4.826208437517662,4
3.487096069865654,-4.825504965125335,4
3.487284255144555,-4.824801455782843,4
3.48801937105425,-4.826456897872047,4
3.4886688390648715,-4.826229410328155,4
3.48801937105425,-4.826456897872047,4
3.487284255144555,-4.824801455782843,4
3.4884810216485462,-4.8269328642454,4
3.487644226705033,-4.827863731806211,4
3.487831676258782,-4.8271603333142075,4
3.487182330869018,-4.827387802383019,4
3.48801937105425,-4.826456897872047,4
3.48801937105425,-4.826456897872047,4
3.4875577204599537,-4.825980931498691,4
3.486720435033007,-4.82691187295983,4
3.486720435033007,-4.82691187295983,4
3.486720435033007,-4.82691187295983,4
3.488395496370334,-4.825049916137225,4
3.487200078695789,-4.822918304448763,4
3.4883114425424253,-4.823166746328065,4
3.4885839268909535,-4.824346369844568,4
3.487934091017756,-4.824573912813706,4
3.488772602653288,-4.823642786601747,4
3.489422561147343,-4.823415225157527,4
3.4881226441592297,-4.823870348045965,4
3.4896949228750174,-4.824594867149113,4
3.4896949228750174,-4.824594867149113,4
3.490429057817842,-4.826250457038974,4
3.4896949228750174,-4.824594867149113,4
3.491266711107361,-4.825319460152588,4
3.4910784032076023,-4.826022987970163,4
3.4917277485973663,-4.825795518901353,4
3.489422561147343,-4.823415225157527,4
3.4905334345105494,-4.823663740937157,4
3.491455264248838,-4.82461589538485,4
3.4905334345105494,-4.823663740937157,4
3.4903446361273573,-4.824367342655057,4
3.4909943493796938,-4.8241398181610045,4
3.4903446361273573,-4.824367342655057,4
3.490805673617359,-4.824843401403822,4
3.4896949228750174,-4.824594867149113,4
3.488772602653288,-4.823642786601747,4
3.4881226441592297,-4.823870348045965,0
3.4870112803125934,-4.823621906166668,0
3.4857111180827616,-4.82407706600527,0
3.486172768677058,-4.824553032378624,0
3.4845992637526884,-4.823828698026295,0
3.4837608747380173,-4.824759805763172,0
3.4835729347008346,-4.825463278155501,0
3.482922976206776,-4.825690839599721,0
3.481623059218659,-4.826145962488161,0
3.482273017712714,-4.825918401043939,0
3.481623059218659,-4.826145962488161,0
3.4825480770992776,-4.827097636583723,0
3.4811605502783536,-4.825670125440379,0
3.481348245073818,-4.824966689998211,0
3.481623059218659,-4.826145962488161,0
3.4809731007246043,-4.826373523932377,0
3.48263691314067,-4.828980085864686,0
3.483190220056109,-4.83133807659212,0
3.4822642212086308,-4.830386550297213,0
3.484025175686746,-4.830407486157538,0
3.486062047897434,-4.831607528232073,0
3.4867106575620426,-4.831380170013759,0
3.4900429097890786,-4.8321257727778875,0
3.4911531700479905,-4.832374380932926,0
3.4906911515911148,-4.831898469984814,0
3.490877497557136,-4.831195237768551,0
3.489305096220498,-4.830470737140487,0
3.4881943454781528,-4.830222202885777,0
3.48727006332269,-4.829270417939721,0
3.4877322044004195,-4.829746310412748,0
3.488568018377066,-4.828815590652594,0
3.4858836400894937,-4.827842740520639,0
3.487182330869018,-4.827387802383019,0
3.488293449473936,-4.8276362812124844,0
3.400771857498299,-4.885254083227251,0
3.3994837121126125,-4.885707432507818,0
3.398999718180008,-4.887805822406444,0
3.4006102282616233,-4.891095571091082,0
3.4020591881327036,-4.8925138262183605,0
3.4043152423574696,-4.895576678561724,0
3.4083305607103824,-4.896089731609505,0
3.411384539066482,-4.898227572993047,0
3.4157178341064593,-4.899913395301921,0
3.420371558250679,-4.902771617370247,0
3.423431886549377,-4.907479491856588,0
3.428563569862085,-4.910811223112368,0
3.4316280672699797,-4.915518469445923,0
3.43243859500771,-4.917162549359714,0
3.4324614987662265,-4.91973008832645,0
3.4323088735363108,-4.92042823989517,0
3.4321564935481206,-4.92112635451373,0
3.431549426012527,-4.923918443486322,0
3.430682328771887,-4.930671012098173,0
3.4294555900943067,-4.933686099169741,0
3.4288661799623483,-4.936475527730531,0
3.429544560153552,-4.938814673874356,0
3.430079634300103,-4.9418505674806745,0
3.4269776962432346,-4.945537087559982,0
3.428153041836012,-4.948346879253556,0
3.4256321756927193,-4.949245227077645,0
3.4226229276079536,-4.94967163609625,0
3.4213622492945923,-4.950120846958459,0
3.4229695975759284,-4.950840082188163,0
3.4232429516674543,-4.955265720277826,0
3.423174050141924,-4.958522247172628,0
3.425207990848996,-4.9629688765478654,0
3.4213053347230833,-4.965009838706818,0
3.416421009879894,-4.96610766225808,0
3.4151173030421518,-4.969809501772792,0
3.41270125139091,-4.97326304720886,0
3.4064358722902526,-4.975503374244495,0
3.4068997414569964,-4.97922515196511,0
3.402001326612062,-4.983571244049532,0
3.39998283258511,-4.988185568418496,0
3.401221573161777,-4.990985808494695,0
3.3986068057828476,-4.989327314424511,0
3.3997288376441794,-4.989574148971677,0
3.400723994655909,-4.990515255320355,0
3.3998476309141132,-4.992127240424313,0
3.3993460173169083,-4.994903440826414,0
3.396229268478198,-4.996021202583574,0
3.3917425012592943,-4.998279805067732,0
3.383627784383517,-4.997941522970073,0
3.383627784383517,-4.997941522970073,0
3.383627784383517,-4.997941522970073,0
3.3842516246346968,-4.997717896718314,0
3.3842516246346968,-4.997717896718314,0
3.383627784383517,-4.997941522970073,0
3.38250268700072,-4.997695150299958,0
3.3842516246346968,-4.997717896718314,0
3.3834962385442964,-4.9953903529259645,0
3.3839970051924837,-4.99586042574817,0
3.3846212133062323,-4.995636744071167,0
3.384120569278906,-4.995166652773877,0
3.3861231453882255,-4.997047017963036,0
3.385745942826457,-4.995883172166533,0
3.383627784383517,-4.997941522970073,0
3.383249600854885,-4.996777824974227,0
3.386246464232933,-4.996353281938905,0
3.3842516246346968,-4.997717896718314,0
3.3853763541549213,-4.99796432481368,0
3.3837506127447945,-4.997247860846272,0
3.3861231453882255,-4.997047017963036,0
3.3833727970787315,-4.996084107425176,0
3.383249600854885,-4.996777824974227,0
3.384374575616828,-4.99702421611943,0
3.3860000717852365,-4.997740717037001,0
3.3860000717852365,-4.997740717037001,0
3.3839970051924837,-4.99586042574817,0
3.3839970051924837,-4.99586042574817,0
3.3837506127447945,-4.997247860846272,0
3.382625515361987,-4.997001488176151,0
3.384998538488862,-4.996800571392589,0
3.384998538488862,-4.996800571392589,0
3.3848754648858765,-4.997494270466554,0
3.3817465651851677,-4.995367717358096,0
3.3828719078096867,-4.995614053078052,0
3.3833727970787315,-4.996084107425176,0
3.3830039441323407,-4.998165149221835,0
3.3842516246346968,-4.997717896718314,0
3.383627784383517,-4.997941522970073,0
3.385253648414512,-4.998657968462403,0
3.3842516246346968,-4.997717896718314,0
3.3820014298690957,-4.9972251513780765,0
3.3830039441323407,-4.998165149221835,0
3.38250268700072,-4.997695150299958,0
3.3820014298690957,-4.9972251513780765,0
3.3818787241286827,-4.9979187950267985,0
3.3831266498727572,-4.997471505573115,0
3.383249600854885,-4.996777824974227,0
3.385253648414512,-4.998657968462403,0
3.3837506127447945,-4.997247860846272,0
3.3828719078096867,-4.995614053078052,0
3.3828719078096867,-4.995614053078052,0
3.336239068802186,-4.946089417398097,0
3.335602230740001,-4.9463150020085465,0
3.3352390069561118,-4.945149050052697,0
3.3358760902600153,-4.944923428492084,0
3.3352390069561118,-4.945149050052697,0
3.3365131735639224,-4.944697806931472,0
3.336013387882602,-4.944227586308612,0
3.335602230740001,-4.9463150020085465,0
3.3350574546005696,-4.949097705639499,0
3.329098514429276,-4.949266394695197,0
3.329098514429276,-4.949266394695197,0
3.3256827573975443,-4.948533373461887,0
3.329098514429276,-4.949266394695197,0
3.328326831161675,-4.950187451987482,0
3.32718836810529,-4.949943093101298,0
3.327594007309255,-4.947856508780051,0
3.32718836810529,-4.949943093101298,0
3.3289634239821453,-4.949961904327198,0
3.3276902383412015,-4.950412999647767,0
3.3289634239821453,-4.949961904327198,0
3.329098514429276,-4.949266394695197,0
3.3256827573975443,-4.948533373461887,0
3.3256827573975443,-4.948533373461887,0
3.3268215883165055,-4.948777676922827,0
3.3296000168026154,-4.949736356666914,0
3.327594007309255,-4.947856508780051,0
3.326319840701448,-4.948307751901275,0
3.3261846276334595,-4.949003280008357,0
3.3285970120559334,-4.9487964327234835,0
3.329098514429276,-4.949266394695197,0
3.329098514429276,-4.949266394695197,0
3.3296000168026154,-4.949736356666914,0
3.328326831161675,-4.950187451987482,0
3.3273233359315597,-4.94924760194438,0
3.3278250835466174,-4.94971752696593,0
3.3301015191759546,-4.95020631863863,0
3.330236609623082,-4.949510809006629,0
3.329233850118122,-4.948570848113034,0
3.3253163454713324,-4.947367901858172,0
3.325953674016951,-4.947142243347393,0
3.3249504240285574,-4.946202356354128,0
3.325452049022754,-4.946672299850761,0
3.3256827573975443,-4.948533373461887,0
3.3258180930863865,-4.947837826879724,0
3.329233850118122,-4.948570848113034,0
3.3256827573975443,-4.948533373461887,0
3.3261846276334595,-4.949003280008357,0
3.3278250835466174,-4.94971752696593,0
3.3266864978693746,-4.949473186554828,0
3.328326831161675,-4.950187451987482,0
3.328461798987945,-4.949491960830564,0
3.3266864978693746,-4.949473186554828,0
3.3285970120559334,-4.9487964327234835,0
3.3266864978693746,-4.949473186554828,0
3.3282310906131585,-4.947630887219436,0
3.3282310906131585,-4.947630887219436,0
3.3268215883165055,-4.948777676922827,0
3.3273233359315597,-4.94924760194438,0
3.330236609623082,-4.949510809006629,0
3.330603021549294,-4.950676280610345,0
3.3307379893755673,-4.949980789453427,0
3.329098514429276,-4.949266394695197,0
3.329233850118122,-4.948570848113034,0
3.329098514429276,-4.949266394695197,0
3.3316453761945937,-4.948364130153731,0
3.3296000168026154,-4.949736356666914,0
3.3326473999744053,-4.949304201897819,0
3.3316453761945937,-4.948364130153731,0
3.330603021549294,-4.950676280610345,0
3.331144364304688,-4.947894094281688,0
3.338239192494335,-4.947970152088894,0
3.3381495829887484,-4.945412663566753,0
3.3387864210509335,-4.9451870789563035,0
3.338424423475633,-4.944020942249633,0
3.3387864210509335,-4.9451870789563035,0
3.3387864210509335,-4.9451870789563035,0
3.339423259113122,-4.944961494345854,0
3.337649919928289,-4.944942424468806,0
3.3381495829887484,-4.945412663566753,0
3.3368759068643747,-4.945863832787648,0
3.3377873401717295,-4.944246563810248,0
3.3377873401717295,-4.944246563810248,0
3.3382868806113315,-4.944716821383274,0
3.336375998562197,-4.945393630639867,0
3.337150256867826,-4.944472185370859,0
3.337150256867826,-4.944472185370859,0
3.3365131735639224,-4.944697806931472,0
3.337150256867826,-4.944472185370859,0
3.33751274492656,-4.9456382481772,0
3.3365131735639224,-4.944697806931472,0
3.337649919928289,-4.944942424468806,0
3.337649919928289,-4.944942424468806,0
3.337150256867826,-4.944472185370859,0
3.337150256867826,-4.944472185370859,0
3.337150256867826,-4.944472185370859,0
3.337425587838144,-4.9430803901534155,0
3.337012959245243,-4.945168027554338,0
3.337012959245243,-4.945168027554338,0
3.3367390997252215,-4.9465596010707955,0
3.336375998562197,-4.945393630639867,0
3.432810184419214,-4.9570217217253845,0
3.433298198498111,-4.957493715956119,0
3.430785670573197,-4.958390807474633,0
3.427574407394559,-4.956951819712927,0
3.4274346573548016,-4.957648031398044,0
3.4280631571986078,-4.95742370309317,0
3.4263891295122306,-4.954143524500994,0
3.422686909354095,-4.952232985910523,0
3.4240259309991075,-4.948525825572204,0
3.4240259309991075,-4.948525825572204,0
3.420669399842069,-4.947783880874304,0
3.421504083888941,-4.94942432119695,0
3.4218508764777766,-4.950592748813779,0
3.4223395036609645,-4.951064650669103,0
3.4193300103344804,-4.95149109663787,0
3.418558940171174,-4.952412061554746,0
3.41764811996811,-4.954029238156737,0
3.416599389038165,-4.956342349317612,0
3.413942819343447,-4.957936299149113,0
3.4114253865841953,-4.958834129670906,0
3.407432507848405,-4.958317695683128,0
3.4049136036388497,-4.9592157479059065,0
3.4023946994292906,-4.960113800128685,0
3.399109875132492,-4.9619320413148955,0
3.3964560030966595,-4.963525584694594,0
3.3947928737216557,-4.9660608995259174,0
3.392142680311583,-4.967653888653157,0
3.3889977286753954,-4.968775899679171,0
3.389360952459281,-4.969941851635017,0
3.3903531665704065,-4.970883401385661,0
3.3915779283691982,-4.973685747621204,0
3.390793136066719,-4.977854925645994,0
3.3895193487184763,-4.981552257240706,0
3.385133583348015,-4.9831204861656495,0
3.3818737737063636,-4.984934958435138,0
3.376610908868958,-4.9881152833145315,0
3.3733552683364962,-4.989929127431237,0
3.3693516103621484,-4.992660463149402,0
3.3669838713291895,-4.996106729403179,0
3.362244090136233,-4.999753764639861,0
3.3581362421711134,-5.0031759542693734,0
3.356296246375237,-5.007088228827323,0
3.35208715131996,-5.01120082896621,0
3.3507737951734384,-5.015579278104072,0
3.3494707391790293,-5.019956175335047,0
3.3466473579738434,-5.022925569936449,0
3.3454722804167716,-5.026608029090179,0
3.3431723507186177,-5.030044078623625,0
3.3428472734187444,-5.032118524816017,0
3.3387208983069883,-5.032297360284176,0
3.3362392708384476,-5.033189796082034,0
3.3311699865977076,-5.035665798715328,0
3.327753788218576,-5.038854145372753,0
3.325582572682901,-5.041595645978461,0
3.32083162159482,-5.041998218548866,0
3.3177326527806024,-5.043113301419142,0
3.311117415569644,-5.044185662714995,0
3.306676631172717,-5.046437337043413,0
3.3022378087095206,-5.0486887157705205,0
3.299561534795611,-5.05096079018189,0
3.296694047820374,-5.054611985904472,0
3.2940256216414134,-5.056882877910594,0
3.291170887235463,-5.060532152224653,0
3.2906090196539104,-5.064667742550425,0
3.289530567333408,-5.068335643339562,0
3.2874071739325856,-5.0710699386633,0
3.2863419646648104,-5.074735844143586,0
3.283173630183672,-5.076536534001928,0
3.2808896789361732,-5.080645331866389,0
3.2780008936705762,-5.084974892344906,0
3.275820641930409,-5.088392910198351,0
3.2747922189202114,-5.092053273154047,0
3.2740149328321557,-5.093650330391771,0
3.270948458545462,-5.0947605173653265,0
3.270466785005425,-5.098884024987493,0
3.270762642795166,-5.1014104384217624,0
3.2699939401672147,-5.103006202403753,0
3.267168302650539,-5.10205463556623,0
3.265487872337477,-5.101346411485375,0
3.2647973640782695,-5.102255238273397,0
3.2668574871093057,-5.104802088740785,0
3.2650993529109336,-5.104780727953573,0
3.2666269504914105,-5.106862290644981,0
3.2649456618323356,-5.106154195889703,0
3.2670095861099924,-5.108700473629549,0
3.2669338441584266,-5.109387041321877,0
3.266398621048971,-5.108922159997702,0
3.2653281748300635,-5.107992397349353,0
3.2658633979395155,-5.108457278673528,0
3.2659393851328034,-5.107770674031036,0
3.2660156175678097,-5.1070840324383795,0
3.2666269504914105,-5.106862290644981,0
3.2655572399976514,-5.105932417146141,0
3.2649456618323356,-5.106154195889703,0
3.2643340836670163,-5.106375974633266,0
3.2637989831784253,-5.105911074834012,0
3.263875706096865,-5.105224359341026,0
3.263875706096865,-5.105224359341026,0
3.2654806397000726,-5.106619114164042,0
3.2650223847507753,-5.105467480396722,0
3.2654806397000726,-5.106619114164042,0
3.2659393851328034,-5.107770674031036,0
3.2658633979395155,-5.108457278673528,0
3.2628833336190937,-5.108879290622625,0
3.2617362871026074,-5.108636224992177,0
3.259827282105384,-5.109987907214208,0
3.259141433438799,-5.1108960319491175,0
3.2567712305916814,-5.111096523805797,0
3.257456956637405,-5.11018841754597,0
3.2550858954442745,-5.110389038728226,0
3.2584560752556513,-5.1118040827836975,0
3.260825419756763,-5.111603720252594,0
3.2579192580750345,-5.1113394416355895,0
3.2584560752556513,-5.1118040827836975,0
3.258679622484607,-5.109744933959172,0
3.2592909554082077,-5.109523192165772,0
3.260751149255494,-5.112290066243936,0
3.2633605967947226,-5.115299673401072,0
3.266580764153261,-5.118087631140217,0
3.2709460160945483,-5.121118950111121,0
3.268978436065961,-5.123154613514009,0
3.26998221427683,-5.12476957669862,0
3.269304213345194,-5.125676519028282,0
3.2707087750617205,-5.129126930885329,0
3.2698283176888054,-5.132089844325419,0
3.275482290381035,-5.133992571548671,0
3.2795177185547573,-5.134502594683008,0
3.280592824366291,-5.135431655278243,0
3.2800552714605224,-5.134967124980625,0
3.280660473341193,-5.134746306941322,0
3.280660473341193,-5.134746306941322,0
3.279450069579852,-5.135187943019924,0
3.280660473341193,-5.134746306941322,0
3.2795177185547573,-5.134502594683008,0
3.278912394053229,-5.134723431197392,0
3.2765583771594393,-5.13492148434325,0
3.278307069551701,-5.134944267711775,0
3.278912394053229,-5.134723431197392,0
3.2777017450501695,-5.1351651042261555,0
3.2759529300370502,-5.135142339332715,0
3.2777692714042175,-5.134479774364319,0
3.2777692714042175,-5.134479774364319,0
3.2765583771594393,-5.13492148434325,0
3.2765583771594393,-5.13492148434325,0
3.2759529300370502,-5.135142339332715,0
3.278844867699185,-5.135408761059226,0
3.277096420548638,-5.135385940740539,0
3.2765583771594393,-5.13492148434325,0
3.2782396658185142,-5.135629579098525,0
3.281063096159727,-5.13658147848753,0
3.2782396658185142,-5.135629579098525,0
3.2782396658185142,-5.135629579098525,0
3.280592824366291,-5.135431655278243,0
3.278844867699185,-5.135408761059226,0
3.2793826658466685,-5.135873254406679,0
3.278844867699185,-5.135408761059226,0
3.280592824366291,-5.135431655278243,0
3.2800552714605224,-5.134967124980625,0
3.278307069551701,-5.134944267711775,0
3.2765583771594393,-5.13492148434325,0
3.2777017450501695,-5.1351651042261555,0
3.2782396658185142,-5.135629579098525,0
3.278307069551701,-5.134944267711775,0
3.2777017450501695,-5.1351651042261555,0
3.278844867699185,-5.135408761059226,0
3.278912394053229,-5.134723431197392,0
3.2777692714042175,-5.134479774364319,0
3.278912394053229,-5.134723431197392,0
3.280660473341193,-5.134746306941322,0
3.278912394053229,-5.134723431197392,0
3.2777692714042175,-5.134479774364319,0
3.278912394053229,-5.134723431197392,0
3.2795177185547573,-5.134502594683008,0
3.2811979036261043,-5.135210855714023,0
3.2795177185547573,-5.134502594683008,0
3.274876598016931,-5.134213463488301,0
3.278307069551701,-5.134944267711775,0
3.2777692714042175,-5.134479774364319,0
3.278912394053229,-5.134723431197392,0
3.280592824366291,-5.135431655278243,0
3.2777692714042175,-5.134479774364319,0
3.279450069579852,-5.135187943019924,0
3.279450069579852,-5.135187943019924,0
3.278307069551701,-5.134944267711775,0
3.2765583771594393,-5.13492148434325,0
3.277163824281832,-5.134700629353784,0
3.278912394053229,-5.134723431197392,0
3.2777692714042175,-5.134479774364319,0
3.2800552714605224,-5.134967124980625,0
3.2777692714042175,-5.134479774364319,0
3.278307069551701,-5.134944267711775,0
3.278307069551701,-5.134944267711775,0
3.278307069551701,-5.134944267711775,0
3.2800552714605224,-5.134967124980625,0
3.278307069551701,-5.134944267711775,0
3.278912394053229,-5.134723431197392,0
3.280660473341193,-5.134746306941322,0
3.2795177185547573,-5.134502594683008,0
3.280660473341193,-5.134746306941322,0
3.277163824281832,-5.134700629353784,0
3.242131021020672,-5.074915790702175,0
3.242131021020672,-5.074915790702175,0
3.236901337299912,-5.074169814843948,0
3.239207201935315,-5.074654172496976,0
3.2415978824658183,-5.074450595301608,0
3.23743508895906,-5.074634917869105,0
3.240978824428126,-5.0746735010251705,0
3.242045346779559,-5.075603854876142,0
3.2405316053561037,-5.073520204500472,0
3.240617892701515,-5.072832047951094,0
3.241426533983585,-5.07582672364954,0
3.2390363439365117,-5.07603022694458,0
3.2384174085196733,-5.076253114193063,0
3.240978824428126,-5.0746735010251705,0
3.2407225374299244,-5.07673758269658,0
3.2412561664682187,-5.0772027041968215,0
3.2396552793533395,-5.0758073396961,0
3.2378835342396677,-5.075788029642988,0
3.240274214770178,-5.075584452447618,0
3.240807721187611,-5.0760495924229385,0
3.2396552793533395,-5.0758073396961,0
3.2391216503150524,-5.0753422181958605,0
3.2415120856038406,-5.075138677950656,0
3.2381401891004487,-5.0737238925463295,0
3.2391216503150524,-5.0753422181958605,0
3.2363675856407568,-5.07370471181879,0
3.235919876085301,-5.072551489194419,0
3.2358338339816086,-5.073239608793632,0
3.238054392238471,-5.07441197519538,0
3.2358338339816086,-5.073239608793632,0
3.236453505123592,-5.07301661069466,0
3.2385880212767617,-5.074877096695619,0
3.237968840618212,-5.075100020894265,0
3.2391216503150524,-5.0753422181958605,0
3.240807721187611,-5.0760495924229385,0
3.2391216503150524,-5.0753422181958605,0
3.2398263825938614,-5.07443124829833,0
3.2415120856038406,-5.075138677950656,0
3.2397407083527447,-5.075119312472296,0
3.242131021020672,-5.074915790702175,0
3.2403597663904335,-5.074896406748733,0
3.240274214770178,-5.075584452447618,0
3.2397407083527447,-5.075119312472296,0
3.242045346779559,-5.075603854876142,0
3.2415120856038406,-5.075138677950656,0
3.242578607955277,-5.076069031801628,0
3.244520597963458,-5.074712379782543,0
3.242664159575533,-5.0753809861027435,0
3.2438159883055064,-5.075623331204994,0
3.242045346779559,-5.075603854876142,0
3.240978824428126,-5.0746735010251705,0
3.240807721187611,-5.0760495924229385,0
3.2396552793533395,-5.0758073396961,0
3.2413412276050444,-5.0765147323982625,0
3.2390363439365117,-5.07603022694458,0
3.2408931501870057,-5.075361565199136,0
3.2419599177801572,-5.076291882099946,0
3.2408931501870057,-5.075361565199136,0
3.241426533983585,-5.07582672364954,0
3.240807721187611,-5.0760495924229385,0
3.2401889083916338,-5.076272461196339,0
3.2406375989139597,-5.077425536020055,0
3.2384174085196733,-5.076253114193063,0
3.2385880212767617,-5.074877096695619,0
3.242131021020672,-5.074915790702175,0
3.2403597663904335,-5.074896406748733,0
3.242131021020672,-5.074915790702175,0
3.2408931501870057,-5.075361565199136,0
3.240807721187611,-5.0760495924229385,0
3.23850259227736,-5.0755651239194215,0
3.240807721187611,-5.0760495924229385,0
3.240274214770178,-5.075584452447618,0
3.2375207632001803,-5.073946853695141,0
3.2408931501870057,-5.075361565199136,0
3.2415120856038406,-5.075138677950656,0
3.24319729813039,-5.0758461815033105,0
3.2415120856038406,-5.075138677950656,0
3.2408931501870057,-5.075361565199136,0
3.240274214770178,-5.075584452447618,0
3.2385880212767617,-5.074877096695619,0
3.2355771791208348,-5.075303745890288,0
3.2368157856796493,-5.074857860542835,0
3.23850259227736,-5.0755651239194215,0
3.2384174085196733,-5.076253114193063,0
3.2356624854993754,-5.074615737141569,0
3.2299778575924982,-5.072717628688805,0
3.2313042229470277,-5.071583365090991,0
3.228908882823898,-5.071787644339473,0
3.2289949249275907,-5.07109952474026,0
3.231666748744807,-5.073424577989002,0
3.2322866651285054,-5.073201542939865,0
3.2322011135082462,-5.07388958863875,0
3.2317524229859202,-5.072736513815034,0
3.231666748744807,-5.073424577989002,0
3.2356624854993754,-5.074615737141569,0
3.2354921179840126,-5.075991717688845,0
3.2372644762019753,-5.076010935366551,0
3.236901337299912,-5.074169814843948,0
3.2385880212767617,-5.074877096695619,0
3.2432829723715066,-5.075158117329343,0
3.185640471480859,-5.09130245481046,0
3.1862601426228423,-5.091079456711485,0
3.187652685501977,-5.0892600664777365,0
3.1870327691182787,-5.0894831015268736,0
3.191217511758719,-5.0892954719197,0
3.1870327691182787,-5.0894831015268736,0
3.187575962583537,-5.089946781970717,0
3.1870327691182787,-5.0894831015268736,0
3.187575962583537,-5.089946781970717,0
3.187575962583537,-5.089946781970717,0
3.1863363750578486,-5.090392815118829,0
3.185640471480859,-5.09130245481046,0
3.186184155429558,-5.0917660613539795,0
3.1873472652785217,-5.092006706748686,0
3.1880428009929354,-5.091097122482303,0
3.186184155429558,-5.0917660613539795,0
3.1873472652785217,-5.092006706748686,0
3.1861084134779887,-5.092452629046305,0
3.1873472652785217,-5.092006706748686,0
3.1861084134779887,-5.092452629046305,0
3.1855646069084287,-5.091989040977868,0
3.1867278393782534,-5.092229667897497,0
3.1867278393782534,-5.092229667897497,0
3.1861084134779887,-5.092452629046305,0
3.187271523326949,-5.0926932744410145,0
3.187890826606356,-5.092470331767288,0
3.1873472652785217,-5.092006706748686,0
3.1867278393782534,-5.092229667897497,0
3.1854889875777204,-5.092675590195114,0
3.1854889875777204,-5.092675590195114,0
3.1861084134779887,-5.092452629046305,0
3.1878152072756443,-5.093156880984536,0
3.1854136134887234,-5.093362102462196,0
3.1854136134887234,-5.093362102462196,0
3.1860329167681343,-5.093139159788468,0
3.1854136134887234,-5.093362102462196,0
3.1854889875777204,-5.092675590195114,0
3.1854889875777204,-5.092675590195114,0
3.1889025751730316,-5.094084094071571,0
3.1861084134779887,-5.092452629046305,0
3.1871960266170944,-5.093379805183178,0
3.184325509866177,-5.092435000225651,0
3.184869561677452,-5.092898551343923,0
3.1842501357771837,-5.093121512492733,0
3.1842501357771837,-5.093121512492733,0
3.1854889875777204,-5.092675590195114,0
3.187120775148955,-5.094066298975179,0
3.188434387934194,-5.09293395678589,0
3.189281898035187,-5.09065116323452,0
3.188272601885682,-5.0890370314285995,0
3.188272601885682,-5.0890370314285995,0
3.188815550109222,-5.089500748822607,0
3.189901446556309,-5.09042818361063,0
3.1862601426228423,-5.091079456711485,0
3.184869561677452,-5.092898551343923,0
3.184869561677452,-5.092898551343923,0
3.1871960266170944,-5.093379805183178,0
3.184869561677452,-5.092898551343923,0
3.1847943102093126,-5.093585045135923,0
3.1847943102093126,-5.093585045135923,0
3.1847943102093126,-5.093585045135923,0
3.1854136134887234,-5.093362102462196,0
3.1854136134887234,-5.093362102462196,0
3.1853384846414414,-5.094048577779116,0
3.1855646069084287,-5.091989040977868,0
3.1854136134887234,-5.093362102462196,0
3.186501717111266,-5.094289204698743,0
3.1847943102093126,-5.093585045135923,0
3.1871960266170944,-5.093379805183178,0
3.1889025751730316,-5.094084094071571,0
3.1847943102093126,-5.093585045135923,0
3.1854889875777204,-5.092675590195114,0
3.1841750069299017,-5.093807987809651,0
3.1883588912243397,-5.093620487528053,0
3.1883588912243397,-5.093620487528053,0
3.1879850863008237,-5.097052586986413,0
3.1884554807151204,-5.098202391720623,0
3.189073680406807,-5.097979615322632,0
3.187690456712925,-5.099797601450149,0
3.1888530760784555,-5.100038320745188,0
3.1883818233181493,-5.098888645336556,0
3.1892219761676266,-5.096606960290105,0
3.187664704339369,-5.094529868568532,0
3.1878152072756443,-5.093156880984536,0
3.1854889875777204,-5.092675590195114,0
3.1867278393782534,-5.092229667897497,0
3.184869561677452,-5.092898551343923,0
3.184325509866177,-5.092435000225651,0
3.1847943102093126,-5.093585045135923,0
3.1860329167681343,-5.093139159788468,0
3.1854136134887234,-5.093362102462196,0
3.186184155429558,-5.0917660613539795,0
3.1873472652785217,-5.092006706748686,0
3.184869561677452,-5.092898551343923,0
3.184869561677452,-5.092898551343923,0
3.1861084134779887,-5.092452629046305,0
3.1854889875777204,-5.092675590195114,0
3.1861084134779887,-5.092452629046305,0
3.1855646069084287,-5.091989040977868,0
3.1861084134779887,-5.092452629046305,0
3.185263601035878,-5.094735016145869,0
3.185957665299995,-5.093825653580469,0
3.1861084134779887,-5.092452629046305,0
3.1866522200475416,-5.092916217114741,0
3.1878152072756443,-5.093156880984536,0
3.1873472652785217,-5.092006706748686,0
3.188586117079062,-5.091560784451069,0
3.1892055429793267,-5.0913378233022595,0
3.1867278393782534,-5.092229667897497,0
3.187423252471806,-5.091320102106195,0
3.190520995077435,-5.09020520398674,0
3.193696196326659,-5.088403479523805,0
3.202982436747863,-5.090331450893942,0
3.2070098076906994,-5.08624623082653,0
3.2114859937699762,-5.088585679756578,0
3.2114073089177957,-5.089272690850876,0
3.2136445436114265,-5.0904425446414745,0
3.214419867765745,-5.088845783005061,0
3.211564923863868,-5.0878986317121235,0
3.2109463563096163,-5.088121463535357,0
3.212104438703374,-5.088362866408428,0
3.2098670813888894,-5.087193031092909,0
3.212183491418127,-5.087675799888888,0
3.212183491418127,-5.087675799888888,0
3.212183491418127,-5.087675799888888,0
3.210249103903177,-5.0890313064528865,0
3.212104438703374,-5.088362866408428,0
3.2114073089177957,-5.089272690850876,0
3.212183491418127,-5.087675799888888,0
3.20685170226119,-5.087620363865611,0
3.2063115743173967,-5.087156221544717,0
3.2039927118709848,-5.086673822250379,0
3.20685170226119,-5.087620363865611,0
3.2069306323550855,-5.0869333158211525,0
3.208787806468166,-5.086264598650462,0
3.20685170226119,-5.087620363865611,0
3.206694577798558,-5.088994349104038,0
3.20677301740902,-5.088307374959905,0
3.2062327668443587,-5.0878432511140925,0
3.2079319581487837,-5.088548648507402,0
3.2120256312303397,-5.089049895977803,0
3.2109463563096163,-5.088121463535357,0
3.2114859937699762,-5.088585679756578,0
3.2092482685929156,-5.087415899866308,0
3.207313267973671,-5.0887714988057215,0
3.2071568792361838,-5.0901453731936535,0
3.2079319581487837,-5.088548648507402,0
3.208708508511691,-5.086951702120167,0
3.2080106430009643,-5.087861637413107,0
3.2080106430009643,-5.087861637413107,0
3.20916933849902,-5.088102947910768,0
3.2120256312303397,-5.089049895977803,0
3.212104438703374,-5.088362866408428,0
3.2113288693073407,-5.089959664995007,0
3.215263455992517,-5.0918351933051476,0
3.2181947549502503,-5.092095684530346,0
3.2195037101361166,-5.096235657043003,0
3.2239737651724596,-5.098576029727152,0
3.2247508080120504,-5.102250622088418,0
3.2221422208120813,-5.104512498254541,0
3.2225356470662163,-5.106349055431895,0
3.225095470896761,-5.110041295088902,0
3.2325601821356997,-5.111957457289201,0
3.2354784832824244,-5.11221990687309,0
3.2411660540899128,-5.1141175719238845,0
3.2381791230014088,-5.1145406184775695,0
3.235191210946045,-5.11496381283191,0
3.2305789911918055,-5.113995171426188,0
3.2282002048845797,-5.114196956538603,0
3.2241240665858086,-5.11369306713148,0
3.22112990086665,-5.1141172037150024,0
3.217521581944144,-5.114763507018807,0
3.2157519213850705,-5.1147438828893,0
3.212824668915662,-5.114482781986398,0
3.2126854470983766,-5.115854069862854,0
3.213773305479208,-5.116781209049567,0
3.212547206247965,-5.11722520993866,0
3.2114588573837004,-5.116298144652276,0
3.2108455625263623,-5.116520182046987,0
3.21261620405231,-5.116539658375839,0
3.2131602558635883,-5.117003209494113,0
3.2112525996958077,-5.118354688490243,0
3.209413818711525,-5.1190206343986375,0
3.2080529120139047,-5.120835258061241,0
3.2054029167027736,-5.1237785288967395,0
3.203370017495594,-5.126499189609987,0
3.2025007186208114,-5.129460421817615,0
3.199317462133962,-5.131938515727628,0
3.197297805979513,-5.134657181132026,0
3.1947934087703054,-5.136228203386802,0
3.1982739096153736,-5.136951469776832,0
3.1949157089091003,-5.134859465071653,0
3.194366139159193,-5.134396745332069,0
3.190944703828926,-5.132989423860858,0
3.1911310969377276,-5.130935872986171,0
3.191006589623477,-5.132304943852793,0
3.189783188051127,-5.132748538290086,0
3.1832368260236557,-5.1331353664981965,0
3.177116139536132,-5.135353892937106,0
3.1746085541846156,-5.136925395544017,0
3.1748690500242915,-5.14080744846032,0
3.1712590144097703,-5.141454010415275,0
3.1670362970421913,-5.14232251738953,0
3.1634236863896383,-5.142969467321205,0
3.159142639232421,-5.144521918526147,0
3.155364358396163,-5.147219297043659,0
3.1533171502875668,-5.1506172694331696,0
3.150717920011889,-5.153552891584731,0
3.144002699658394,-5.155990628730812,0
3.140339852192856,-5.157320303537766,0
3.1331107070202684,-5.1586147946037375,0
3.1247498051994747,-5.158988760562345,0
3.1169907944961714,-5.159142407308867,0
3.1098351463606626,-5.159075513142314,0
3.102013023654223,-5.159913824647717,0
3.09536431094887,-5.160991229640949,0
3.0923894815863378,-5.160737297069847,0
3.0887111838926096,-5.162069299737128,0
3.0880106584620286,-5.163654791573544,0
3.0843338322186113,-5.164986572539842,0
3.0818826147229927,-5.165874426517373,0
3.0746110427333413,-5.167175309961708,0
3.0703196954239935,-5.168729313073534,0
3.06966646390579,-5.169632523436638,0
3.063615350587874,-5.170490255845648,0
3.0564496098029217,-5.169749726544145,0
3.050925541735971,-5.1717487281994945,0
3.0466662833525398,-5.172622740748174,0
3.0424795410393166,-5.172135515864987,0
3.0340603565716577,-5.171843107395858,0
3.026282141536335,-5.17064933607182,0
3.0196897212088203,-5.169692792252331,0
3.014179103697277,-5.171014611556991,0
3.0057227651094642,-5.170727801037696,0
2.99969070516741,-5.170232351150576,0
2.993652759424144,-5.1697377880673905,0
2.988227372813064,-5.169021298439986,0
2.981593506635342,-5.1680709991982,0
2.977879158409195,-5.16940843353958,0
2.973645329686274,-5.168928303087869,0
2.9711676260852045,-5.1698201476831045,0
2.969276768975053,-5.171169095593008,0
2.9704827961245215,-5.17140327470903,0
2.970548200184936,-5.170043108831914,0
2.9693093483843995,-5.170489031129534,0
2.9704504619568937,-5.1720833022223385,0
2.971069519994586,-5.1718603964987775,0
2.972766249478095,-5.174591632143821,0
2.9757320803751774,-5.1761972320543315,0
2.9768445384058033,-5.178470976407992,0
2.976078891895572,-5.18209174726303,0
2.976581120590321,-5.184587067134348,0
2.974199806387844,-5.183438921565063,0
2.9742571174715913,-5.182079975043358,0
2.969463994211889,-5.18046343429187,0
2.967611234449727,-5.181131486359607,0
2.9687322759404466,-5.183403937457525,0
2.9688175068409137,-5.181365628525462,0
2.9717328934223346,-5.184329140353087,0
2.9733910728134667,-5.188416495832298,0
2.970311723336625,-5.189528622689458,0
2.966693274025637,-5.188826140766642,0
2.9660513236264308,-5.189727651422206,0
2.9648702733930747,-5.188814553297792,0
2.9654866337718744,-5.1885920540260315,0
2.9678738337755597,-5.189739312791383,0
2.9690543935254823,-5.190652484816125,0
2.9672323738597868,-5.1906407495466205,0
2.969670140799991,-5.190430077919773,0
2.9678482437551565,-5.190418324175187,0
2.966077036267695,-5.189048621563321,0
2.9672578412593325,-5.1899617566378975,0
2.9654866337718744,-5.1885920540260315,0
2.9684386462509735,-5.190874891712475,0
2.9714155130253275,-5.1924788288656085,0
2.9749815560869166,-5.194539518306851,0
2.9749092003766044,-5.19657588735531,0
2.974225143880112,-5.198834053622413,0
2.9741798496405174,-5.200191189586084,0
2.975910054618428,-5.202917381533755,0
2.975254653663807,-5.204496074540005,0
2.975233845856888,-5.20517436539561,0
2.9739881650273112,-5.206296472389489,0
2.9745408757767606,-5.208109030435368,0
2.972685210853026,-5.209452675996745,0
2.9666374554410737,-5.208959590920118,0
2.9635746597801393,-5.210069223641213,0
2.959286745854836,-5.211622709450747,0
2.9556449136989045,-5.211598906360258,0
2.95196808745548,-5.212930687326555,0
2.9489040655859604,-5.214040504798472,0
2.944629356974346,-5.21491684520748,0
2.9421776489953047,-5.215804773085338,0
2.9409099718892513,-5.218280505777317,0
2.941469709766686,-5.220767160835194,0
2.940209267291298,-5.223241803497338,0
2.937129012325663,-5.225704378338497,0
2.932848823514451,-5.227256700217865,0
2.9285776709077354,-5.228132504849498,0
2.9236933460645425,-5.22923032840076,0
2.9133448109408775,-5.228267200267172,0
2.9127244418127773,-5.229165459308309,0
2.9090568970155744,-5.229820686076705,0
2.904796299206442,-5.228669433101192,0
2.899312997811066,-5.227286513620802,0
2.8950456558547053,-5.226136276774797,0
2.888324115763094,-5.225199187216617,0
2.8834413566557657,-5.223596151750044,0
2.878547108926764,-5.2226700030328495,0
2.8748816580878973,-5.221299446974754,0
2.8724564927608256,-5.218807596826387,0
2.8687883442630664,-5.217437447220094,0
2.868198356772602,-5.215630505599137,0
2.871885313404512,-5.21564750985946,0
2.8663636694194317,-5.2149455231714,0
2.867571243497288,-5.216529780769779,0
2.868198356772602,-5.215630505599137,0
2.8700721318443705,-5.213608975633955,0
2.8682710520101935,-5.210893462283664,0
2.8670917278726016,-5.207954636758004,0
2.8677491756427713,-5.2057004795836885,0
2.86348923808071,-5.203198815574339,0
2.8610912568452065,-5.200027713866101,0
2.859924194793475,-5.197087040832246,0
2.8587442952906272,-5.194823457773671,0
2.855109178946609,-5.192098019711905,0
2.8508327253076793,-5.190273999930293,0
2.8459296111378194,-5.188674031327325,0
2.844753145019016,-5.1864099309664535,0
2.8435407038458607,-5.185501562463026,0
2.834916544445413,-5.18388972567252,0
2.834328434006867,-5.182757657017001,0
2.8380650143474604,-5.182092028777456,0
2.8411547394545025,-5.182328650196755,0
2.8460404792014735,-5.184606392353034,0
2.8479350149373808,-5.1832568901906715,0
2.8443242624051877,-5.179852625495922,0
2.84376149674533,-5.178041582406767,0
2.838229514869095,-5.176665997533917,0
2.8376241526285284,-5.176211683956629,0
2.832736450947813,-5.173934237401664,0
2.8302692172625044,-5.173474192956508,0
2.8314809227105115,-5.174382672310431,0
2.828969866235905,-5.175279542127962,0
2.8308531585918573,-5.174606889764814,0
2.8321086868291623,-5.174158454856046,0
2.8352932921454546,-5.171680157720132,0
2.83790180386735,-5.168067981370667,0
2.841622603856223,-5.168079886508368,0
2.8392344700284475,-5.165582456885245,0
2.838657027604601,-5.164448780897596,0
2.8429814731420215,-5.1649152582637345,0
2.8435327124411742,-5.166728038010596,0
2.844738532087966,-5.1676374041684525,0
2.8373988017084066,-5.164897622258167,0
2.8373988017084066,-5.164897622258167,0
2.8337259936180246,-5.1635281747049895,0
2.8300251430900616,-5.162838108037256,0
2.826978627668023,-5.161244664730681,0
2.8239045602918473,-5.1603305284092205,0
2.821407322235217,-5.160550160450818,0
2.8183304345792948,-5.159636449056242,0
2.815831111968077,-5.159856395174234,0
2.813409663005803,-5.158039140865078,0
2.8090119656730153,-5.1589340117813,0
2.8084058677073003,-5.158479809054505,0
2.8065612480645825,-5.157796323108409,0
2.800391286799389,-5.15597133903008,0
2.795429842839887,-5.155055314657799,0
2.7904910460001773,-5.153460722303686,0
2.788562053803009,-5.15481541596408,0
2.78113064076026,-5.1527646035067765,0
2.7755713993143836,-5.150717970010456,0
2.771173419000842,-5.150937727785172,0
2.7661627191952185,-5.150704280487515,0
2.759315700226221,-5.149110940846519,0
2.754321884360049,-5.148199793895881,0
2.748074096588688,-5.147061691586272,0
2.7430453715168532,-5.146830960125667,0
2.7373997578437432,-5.1461476517454745,0
2.7305476736805083,-5.143879919491168,0
2.724864943626276,-5.143877359152485,0
2.7191777992211428,-5.143875463916753,0
2.713486240465098,-5.143874233783974,0
2.7096401974368227,-5.145231510363386,0
2.7057941544085438,-5.146588786942798,0
2.70073514198463,-5.146362618827441,0
2.6938402631417517,-5.144101334376739,0
2.6862954258048077,-5.142067611370257,0
2.6805538754774965,-5.142749069162591,0
2.675452473975554,-5.143204443517265,0
2.6754297042348973,-5.143883029974182,0
2.6766938536713347,-5.144108451901349,0
2.676119193788196,-5.142299200895144,0
2.676028114825563,-5.145013546722813,0
2.677269985004777,-5.145917481206572,0
2.6748088917661406,-5.1434310442572215,0
2.67673963839437,-5.1427512420373525,0
2.676073163823446,-5.143656447709308,0
2.6792441865597354,-5.14388082014926,0
2.679864508545048,-5.144332879766548,0
2.6766938536713347,-5.144108451901349,0
2.6729234393775165,-5.142753710513418,0
2.6678171330412255,-5.14320982387137,0
2.664640837608019,-5.1429862458599445,0
2.6601739443719516,-5.143216386630725,0
2.6557045987187102,-5.143446896903146,0
2.6518778543080117,-5.143450954236265,0
2.6499637463775088,-5.143453093753317,0
2.6493611666776538,-5.1423232051574725,0
2.6499850446678686,-5.142774728997384,0
2.650587746988588,-5.143904599118148,0
2.6499637463775088,-5.143453093753317,0
2.6499850446678686,-5.142774728997384,0
2.6461551121148474,-5.142779266682632,0
2.6410734997139187,-5.141881347890683,0
2.6385101690145127,-5.142110938001462,0
2.6360092617358717,-5.140305655545424,0
2.630272663385682,-5.139636055676053,0
2.6239477942370577,-5.137159255534577,0
2.618222316645962,-5.135812824341075,0
2.6112154000773558,-5.134243576206963,0
2.601622590571374,-5.132907317598715,0
2.592060115560237,-5.130216176986794,0
2.5863525877572755,-5.127516729772902,0
2.579358961384191,-5.124595167671512,0
2.5742733496377035,-5.122347539898842,0
2.5692342583394137,-5.1187425914116815,0
2.5609414129643184,-5.115600891256568,0
2.55776344798187,-5.114027253237863,0
2.556502448948713,-5.113126200866892,0
2.5540343285820946,-5.109965666905541,0
2.547044956200015,-5.106368308084612,0
2.544580514459156,-5.103207219870804,0
2.5433790336851985,-5.100946888426652,0
2.5396604596792614,-5.096883713237283,0
2.5371730029560275,-5.094401248430554,0
2.536639996425766,-5.091910565804808,0
2.5335605053965153,-5.088296623545185,0
2.532336500123609,-5.0867148416077885,0
2.530519356956958,-5.084001748493234,0
2.528112386659746,-5.080156845374308,0
2.5256360884346414,-5.077672699335121,0
2.525673204815753,-5.076991951293616,0
2.5244547174814898,-5.075409337977529,0
2.5231610164181255,-5.075188368545117,0
2.522532969318714,-5.074737472857992,0
2.5225709440458424,-5.074056595490909,0
2.522532969318714,-5.074737472857992,0
2.5219813621569926,-5.072924748536376,0
2.5181754726959973,-5.070900196355462,0
2.5143290334698456,-5.069556909518354,0
2.511856168628782,-5.067072246176874,0
2.50741916654691,-5.064597260185884,0
2.5010132450107534,-5.062132672073588,0
2.4945607652873676,-5.060350254584112,0
2.4855424269693245,-5.057447496523709,0
2.480378130370667,-5.055886879845334,0
2.4738229698458554,-5.055470244657892,0
2.4646524496385567,-5.054615882924308,0
2.4550903141547025,-5.049224068045373,0
2.4485961433393904,-5.047447932083765,0
2.44475763673001,-5.045428294274659,0
2.445477696616141,-5.04451501499188,0
2.4410066059355877,-5.042045165073679,0
2.435133615451605,-5.040720959403785,0
2.431335903849096,-5.03802001930071,0
2.4288964767633914,-5.03485516217018,0
2.4171264621071415,-5.03221037194646,0
2.407194398424469,-5.031600383981688,0
2.394752070538857,-5.028511367575433,0
2.386201796838801,-5.0267587652757975,0
2.380425440995129,-5.023394532491217,0
2.3667105499766166,-5.018731050280026,0
2.355034802425333,-5.013371433876504,0
2.343983791210274,-5.008463211987321,0
2.333558987781739,-5.004006162911491,0
2.3210981912892663,-4.999569617584186,0
2.30995255451041,-4.995350808549956,0
2.306589630130425,-4.995155349613285,0
2.307283732133577,-4.994921137139556,0
2.306589630130425,-4.995155349613285,0
2.309312245325142,-4.994901760371027,0
2.313260459863926,-4.996229712890102,0
2.313314007440095,-4.995546489187612,0
2.3139005238074724,-4.996678798019193,0
2.3139005238074724,-4.996678798019193,0
2.3139005238074724,-4.996678798019193,0
2.308780012259078,-4.9930861169864595,0
2.311394183472018,-4.994199178375091,0
2.311448344152474,-4.993515862297189,0
2.3100601401461773,-4.993984287244643,0
2.310539561361228,-4.996483043481211,0
2.313847344093883,-4.997361966296442,0
2.313741720391853,-4.99872819200044,0
2.3137944096220124,-4.998045097623521,0
2.313154100436744,-4.997596049444594,0
2.3118734820662112,-4.9966979530867395,0
2.3118734820662112,-4.9966979530867395,0
2.3132071575294724,-4.99691289964243,0
2.4793815218989863,-5.123163715151996,0
2.4793290307677758,-5.125197091237176,0
2.479937779249596,-5.127001206170593,0
2.4792787468120068,-5.12723013477088,0
2.4773341911695326,-5.126561706016588,0
2.476674913490225,-5.126790671567035,0
2.4747462608203286,-5.125444690960416,0
2.4733785250936755,-5.127935499319278,0
2.475952514404039,-5.129729770626465,0
2.4785720054566767,-5.129491718928147,0
2.4818335223866015,-5.129702456757608,0
2.483761807193922,-5.131048492789473,0
2.4850324083930957,-5.132623254195721,0
2.488963097552844,-5.131928379901421,0
2.488978510041985,-5.1312509019494215,0
2.490278219527422,-5.131470966102819,0
2.4896361936501314,-5.131022176575037,0
2.4896361936501314,-5.131022176575037,0
2.492159899004733,-5.134849491415931,0
2.4941156980271515,-5.134841070371007,0
2.4914612506260703,-5.137109856217787,0
2.4914612506260703,-5.137109856217787,0
2.4907914652919594,-5.138015560716955,0
2.4901351305132593,-5.138244082865437,0
2.49206488677088,-5.139589897196318,0
2.4926956692682154,-5.140715536523313,0
2.494625793388412,-5.142061295428949,0
2.4959009315593406,-5.143635373257164,0
2.4997727910422682,-5.145649985843978,0
2.502346289869191,-5.14744433105149,0
2.5055834429873016,-5.148333895513936,0
2.511400556098799,-5.150341675912879,0
2.51592846737967,-5.1514526532097005,0
2.514001286160081,-5.150106450902099,0
2.5139911463678537,-5.1507831344255735,0
2.509442219777384,-5.1510256350261905,0
2.5068596847459688,-5.149907807066414,0
2.504919788696121,-5.149238676259005,0
2.5062164326600893,-5.149459202289451,0
2.505563163402851,-5.149687262560885,0
2.5081762404318013,-5.148775021475155,0
2.515276179089298,-5.151680565680477,0
2.5133193142181867,-5.152364303092808,0
2.512005701432951,-5.1534966452820985,0
2.511988364749108,-5.15484956892708,0
2.5126157516014374,-5.15665087564804,0
2.511956634282029,-5.157554972815081,0
2.5138816460652045,-5.159576657765829,0
2.5138622625658016,-5.161605045578879,0
2.5145008927980896,-5.162729502500625,0
2.514484820061874,-5.164757391486457,0
2.5164109731718085,-5.167454060253142,0
2.5183466152306444,-5.168798987780093,0
2.520921415744237,-5.17194344842013,0
2.5222099195887573,-5.1735155124644105,0
2.5228516530815455,-5.175314657600779,0
2.5209141717098404,-5.173970007200062,0
2.5189766903381283,-5.172625356799344,0
2.521569657546273,-5.171716145627057,0
2.52092747130909,-5.170592224482688,0
2.5215726853286995,-5.171040533658337,0
2.5196336476248646,-5.170371273525356,0
2.517676358344655,-5.174430853771456,0
2.5163837231299766,-5.173534567971631,0
2.517674802012536,-5.175106244039192,0
2.5118439365573835,-5.177151470349623,0
2.506660096099427,-5.176944109867707,0
2.503418887089243,-5.1780806238330666,0
2.5008259198810983,-5.178989835005353,0
2.5021258274654734,-5.18056018086701,0
2.5008300795865495,-5.181014675602663,0
2.500184205319865,-5.1819167774608506,0
2.499544292332473,-5.184168292698445,0
2.498900134757804,-5.185070135905482,0
2.496958352252303,-5.18575160088273,0
2.495663830581968,-5.186205910867564,0
2.4943613856986033,-5.185311103074298,0
2.4943577919546662,-5.184636488760004,0
2.4943736383807185,-5.187334724316198,0
2.4904857439006207,-5.188023150806892,0
2.4898491039373702,-5.189599017125602,0
2.4892078892633194,-5.190500416930671,0
2.48922022682725,-5.1918488696058205,0
2.4846796384551695,-5.192090113900862,0
2.4827319324094077,-5.192097315590374,0
2.488580238361777,-5.192750084660069,0
2.484693692711126,-5.193438307924865,0
2.483400397249376,-5.193892433158874,0
2.4827615123716313,-5.194793481937387,0
2.483432429628767,-5.196588230004247,0
2.485387653285933,-5.19725505142641,0
2.482148981574742,-5.197716027323375,0
2.479555486144122,-5.197950162304316,0
2.4782538147249547,-5.197730393752231,0
2.4763054955748984,-5.197737687817154,0
2.475659093085742,-5.197964713483996,0
2.477626739188665,-5.199304819014548,0
2.4769807045620844,-5.199531789256145,0
2.4756886353089236,-5.199985729739337,0
2.4763448852058048,-5.2004323761576075,0
2.481531385583615,-5.199964180096051,0
2.4815515708824947,-5.201311450365953,0
2.481541355612194,-5.200637833706084,0
2.482822719111624,-5.199510350463351,0
2.481541355612194,-5.200637833706084,0
2.4789698847933437,-5.202218961830699,0
2.4789698847933437,-5.202218961830699,0
2.4802714335916605,-5.202438748857867,0
2.4809061493602123,-5.201538328232138,0
2.4809167324930854,-5.2022118894667635,0
2.4809167324930854,-5.2022118894667635,0
2.483518849122845,-5.202651611321754,0
2.483529677497444,-5.20332513560621,0
2.4835407511137575,-5.203998622940505,0
2.48419675576892,-5.204445306308941,0
2.4822511342777673,-5.204452193922057,0
2.4848527604240935,-5.204891989677376,0
2.482262698377511,-5.205125607356024,0
2.482931002857576,-5.206245593307937,0
2.481010226257929,-5.207599049137839,0
2.4823372330520534,-5.209165312006382,0
2.4855825640286433,-5.209378488546662,0
2.4862661112342153,-5.211171333680081,0
2.4875940989952063,-5.212737448747967,0
2.492149967831832,-5.213844213726102,0
2.4941201889727864,-5.215183931279935,0
2.4947769293531046,-5.215630503797879,0
2.49610553021839,-5.217196526490357,0
2.4999998764612137,-5.217857439478747,0
2.495448667217211,-5.216749972447495,0
2.4941651814241546,-5.21720261967495,0
2.492897428840024,-5.218328052183585,0
2.4916304119810526,-5.219453373841727,0
2.4923048475040517,-5.220572436039539,0
2.4929797735104806,-5.221691424337024,0
2.4929969781697245,-5.2223639879172215,0
2.496875959066177,-5.2223520601991815,0
2.4975336804133654,-5.222798484916471,0
2.498208851661513,-5.223917436263793,0
2.4969283087690606,-5.224369640089279,0
2.496288037322831,-5.224595742002023,0
2.4969828656473894,-5.226386887427902,0
2.4989394381339984,-5.227053505624159,0
2.499616693936744,-5.228172142895087,0
2.4956843823705412,-5.226166638523683,0
2.4930866800916895,-5.225726251565742,0
2.4930682492238603,-5.225053872736366,0
2.491750844595746,-5.2241613189031,0
2.489828926669336,-5.22483979091707,0
2.489810618422368,-5.2241673936126105,0
2.484628126793858,-5.223959829904793,0
2.483290942468468,-5.222395100468052,0
2.485910386378329,-5.223507367428157,0
2.4892069634700746,-5.225738290134274,0
2.4879259300941854,-5.226190567860089,0
2.4898662788884245,-5.226184474675495,0
2.4853638633424033,-5.227095123311717,0
2.485325284914733,-5.225750624304112,0
2.4826860613075965,-5.2239661817405345,0
2.4833837099119016,-5.225756902239526,0
2.4775560420028206,-5.225776179447731,0
2.476954594225983,-5.227346743417915,0
2.4736684776462603,-5.225789400421503,0
2.4736684776462603,-5.225789400421503,0
2.4749128945282166,-5.223992328086773,0
2.4749128945282166,-5.223992328086773,0
2.4743099753010753,-5.225563113757941,0
2.471684645589999,-5.22445173360177,0
2.4723655800185043,-5.22556981662024,0
2.4704407191914797,-5.226248732036176,0
2.469137208459429,-5.22602924061032,0
2.4672119797698393,-5.226708211451502,0
2.465928493976776,-5.227160858678957,0
2.462677522440682,-5.226948531992447,0
2.4593835581260066,-5.225392371401282,0
2.457394575993689,-5.224055480534991,0
2.4534361461846075,-5.222053911356049,0
2.4508225031941357,-5.221615926158764,0
2.446197891198615,-5.219169207043189,0
2.4442262363463954,-5.21850486128201,0
2.4501016415085104,-5.219153547358591,0
2.452052780938306,-5.219145828366786,0
2.4533782785430844,-5.2200371628446405,0
2.4513900321359188,-5.218700161127858,0
2.450082965398966,-5.218481205479378,0
2.448169055567405,-5.219833626704691,0
2.444245280318519,-5.219177147735975,0
2.4376629073668425,-5.216739145266631,0
2.4350065168395076,-5.214957289214528,0
2.432996528801329,-5.212948407495581,0
2.4309875217300174,-5.210939377975977,0
2.4237330807907043,-5.208057112373938,0
2.4191150054397283,-5.206284564170689,0
2.417867806017071,-5.208757211523977,0
2.4184992110224393,-5.207857289725462,0
2.4224373329117768,-5.208511607109589,0
2.4224540470875837,-5.209184244590112,0
2.4230852068512405,-5.2082843597417625,0
2.4276520360870606,-5.208039161779178,0
2.4269724504880053,-5.2069208755348075,0
2.439574516862141,-5.1619201309140585,0
2.43826536557059,-5.161701489341976,0
2.43826692190272,-5.161026099074238,0
2.4376100117587534,-5.161929863689801,0
2.4356463272623436,-5.161264317048296,0
2.4395760731942637,-5.161244740646323,0
2.4389207193824305,-5.161473114994148,0
2.4356463272623436,-5.161264317048296,0
2.43826536557059,-5.161701489341976,0
2.4389207193824305,-5.161473114994148,0
2.4389223983354107,-5.16079770625133,0
2.441542134629767,-5.1605596176028445,0
2.4402314270061005,-5.161016366298497,0
2.4395778747681014,-5.160569313428422,0
2.438928906644655,-5.158771258321888,0
2.4402379353153414,-5.158989918369057,0
2.4402355206372093,-5.159665437962367,0
2.439582213640932,-5.159218348142128,0
2.436301926315892,-5.161035905750307,0
2.436301926315892,-5.161035905750307,0
2.4389223983354107,-5.16079770625133,0
2.4402314270061005,-5.161016366298497,0
2.43826692190272,-5.161026099074238,0
2.43826692190272,-5.161026099074238,0
2.4369559690373244,-5.161482884720055,0
2.43826692190272,-5.161026099074238,0
2.439574516862141,-5.1619201309140585,0
2.4376114454700186,-5.161254491897147,0
2.43826692190272,-5.161026099074238,0
2.4395760731942637,-5.161244740646323,0
2.438268723476554,-5.160350671856337,0
2.43826692190272,-5.161026099074238,0
2.436301926315892,-5.161035905750307,0
2.437615048617701,-5.159903637461344,0
2.4402355206372093,-5.159665437962367,0
2.43826692190272,-5.161026099074238,0
2.4402355206372093,-5.159665437962367,0
2.441544304066184,-5.159884134959698,0
2.4402355206372093,-5.159665437962367,0
2.438924322530106,-5.160122260558346,0
2.438924322530106,-5.160122260558346,0
2.4389223983354107,-5.16079770625133,0
2.4356478835944664,-5.160588926780559,0
2.4376131244230024,-5.160579083154325,0
2.438268723476554,-5.160350671856337,0
2.4376131244230024,-5.160579083154325,0
2.4376131244230024,-5.160579083154325,0
2.438268723476554,-5.160350671856337,0
2.4382730623493885,-5.158999706570043,0
2.438926491966523,-5.1594467779152,0
2.438926491966523,-5.1594467779152,0
2.437615048617701,-5.159903637461344,0
2.438270770292114,-5.159675207688272,0
2.438926491966523,-5.1594467779152,0
2.4408911196907574,-5.159437026664378,0
2.438275599648378,-5.1583241685016485,0
2.4395799215836576,-5.1598938492603565,0
2.438926491966523,-5.1594467779152,0
2.4389223983354107,-5.16079770625133,0
2.436959326943292,-5.160132067234414,0
2.4402314270061005,-5.161016366298497,0
2.4395760731942637,-5.161244740646323,0
2.4402314270061005,-5.161016366298497,0
2.440884979244089,-5.161463419168571,0
2.43826692190272,-5.161026099074238,0
2.4389207193824305,-5.161473114994148,0
2.43826692190272,-5.161026099074238,0
2.440884979244089,-5.161463419168571,0
2.4408867808179338,-5.16078799195067,0
2.442852842253437,-5.1601028689071935,0
2.442197488441604,-5.160331243255019,0
2.4402314270061005,-5.161016366298497,0
2.4408867808179338,-5.16078799195067,0
2.4395778747681014,-5.160569313428422,0
2.442195441626044,-5.161006707423084,0
2.441544304066184,-5.159884134959698,0
2.4402355206372093,-5.159665437962367,0
2.442195441626044,-5.161006707423084,0
2.4408867808179338,-5.16078799195067,0
2.4415359093012796,-5.163261178673794,0
2.4402283143418515,-5.162367146833972,0
2.4402283143418515,-5.162367146833972,0
2.4395732057717296,-5.162595484231636,0
2.441537097770823,-5.1625858438313035,0
2.4415359093012796,-5.163261178673794,0
2.441538531482088,-5.161910472038645,0
2.441537097770823,-5.1625858438313035,0
2.4421920837200837,-5.162357524908723,0
2.4435020556185982,-5.161900887063563,0
2.4435020556185982,-5.161900887063563,0
2.442848748622321,-5.161453797243322,0
2.440227125872301,-5.163042481676463,0
2.4402283143418515,-5.162367146833972,0
2.441538531482088,-5.161910472038645,0
2.442193640052203,-5.161682134640985,0
2.441542134629767,-5.1605596176028445,0
2.443500499286479,-5.162576277331301,0
2.441538531482088,-5.161910472038645,0
2.440884979244089,-5.161463419168571,0
2.441538531482088,-5.161910472038645,0
2.438926491966523,-5.1594467779152,0
2.4395799215836576,-5.1598938492603565,0
2.4421907726296794,-5.163032878226298,0
2.441537097770823,-5.1625858438313035,0
2.4435020556185982,-5.161900887063563,0
2.4435038571924395,-5.161225459845662,0
2.442197488441604,-5.160331243255019,0
2.44285067281702,-5.160778351550341,0
2.4421920837200837,-5.162357524908723,0
2.4415359093012796,-5.163261178673794,0
2.4421907726296794,-5.163032878226298,0
2.441537097770823,-5.1625858438313035,0
2.442847069669341,-5.162129205986142,0
2.444157041567859,-5.1616725681409825,0
2.4435020556185982,-5.161900887063563,0
2.4421907726296794,-5.163032878226298,0
2.442197488441604,-5.160331243255019,0
2.44285067281702,-5.160778351550341,0
2.441537097770823,-5.1625858438313035,0
2.4408821118215656,-5.162814162753882,0
2.4421920837200837,-5.162357524908723,0
2.4421920837200837,-5.162357524908723,0
2.4395732057717296,-5.162595484231636,0
2.4415359093012796,-5.163261178673794,0
2.438919285671158,-5.162148486786803,0
2.4421920837200837,-5.162357524908723,0
2.442852842253437,-5.1601028689071935,0
2.4435038571924395,-5.161225459845662,0
2.442197488441604,-5.160331243255019,0
2.44285067281702,-5.160778351550341,0
2.442852842253437,-5.1601028689071935,0
2.441544304066184,-5.159884134959698,0
2.441538531482088,-5.161910472038645,0
2.43826536557059,-5.161701489341976,0
2.440884979244089,-5.161463419168571,0
2.4435059040079956,-5.160549995677597,0
2.4435081960652774,-5.159874494559366,0
2.44285067281702,-5.160778351550341,0
2.442852842253437,-5.1601028689071935,0
2.438926491966523,-5.1594467779152,0
2.4402355206372093,-5.159665437962367,0
2.441538531482088,-5.161910472038645,0
2.441538531482088,-5.161910472038645,0
2.442199780498875,-5.159655742136792,0
2.4435038571924395,-5.161225459845662,0
2.442852842253437,-5.1601028689071935,0
2.442193640052203,-5.161682134640985,0
2.441537097770823,-5.1625858438313035,0
2.441537097770823,-5.1625858438313035,0
2.4376100117587534,-5.161929863689801,0
2.4382640544801824,-5.1623768426595475,0
2.442193640052203,-5.161682134640985,0
2.44088342291197,-5.1621388094363105,0
2.4382640544801824,-5.1623768426595475,0
2.4389180972016113,-5.162823821629296,0
2.4376100117587534,-5.161929863689801,0
2.4389180972016113,-5.162823821629296,0
2.4376100117587534,-5.161929863689801,0
2.440227125872301,-5.163042481676463,0
2.4382640544801824,-5.1623768426595475,0
2.4395732057717296,-5.162595484231636,0
2.441538531482088,-5.161910472038645,0
2.4402283143418515,-5.162367146833972,0
2.4382640544801824,-5.1623768426595475,0
2.4415402104350683,-5.161235063295827,0
2.442195441626044,-5.161006707423084,0
2.4402283143418515,-5.162367146833972,0
2.4382640544801824,-5.1623768426595475,0
2.4376100117587534,-5.161929863689801,0
2.440227125872301,-5.163042481676463,0
2.4402283143418515,-5.162367146833972,0
2.4395732057717296,-5.162595484231636,0
2.4395732057717296,-5.162595484231636,0
2.4382640544801824,-5.1623768426595475,0
2.4389180972016113,-5.162823821629296,0
2.43760882328921,-5.162605198532292,0
2.4389180972016113,-5.162823821629296,0
2.44088342291197,-5.1621388094363105,0
2.4389180972016113,-5.162823821629296,0
2.4382629886314966,-5.163052159026956,0
2.4376100117587534,-5.161929863689801,0
2.43826536557059,-5.161701489341976,0
2.441537097770823,-5.1625858438313035,0
2.4376100117587534,-5.161929863689801,0
2.4389180972016113,-5.162823821629296,0
2.4376100117587534,-5.161929863689801,0
2.4402283143418515,-5.162367146833972,0
2.43826536557059,-5.161701489341976,0
2.43826536557059,-5.161701489341976,0
2.4382640544801824,-5.1623768426595475,0
2.43826536557059,-5.161701489341976,0
2.4408821118215656,-5.162814162753882,0
2.4408821118215656,-5.162814162753882,0
2.43826536557059,-5.161701489341976,0
2.441537097770823,-5.1625858438313035,0
2.438919285671158,-5.162148486786803,0
2.441538531482088,-5.161910472038645,0
2.441537097770823,-5.1625858438313035,0
2.4415402104350683,-5.161235063295827,0
2.4395799215836576,-5.1598938492603565,0
2.4395799215836576,-5.1598938492603565,0
2.438926491966523,-5.1594467779152,0
2.43826536557059,-5.161701489341976,0
2.438919285671158,-5.162148486786803,0
2.4382640544801824,-5.1623768426595475,0
2.4421907726296794,-5.163032878226298,0
2.4421907726296794,-5.163032878226298,0
2.4421907726296794,-5.163032878226298,0
2.441538531482088,-5.161910472038645,0
2.443499188196075,-5.1632516306488725,0
2.4421907726296794,-5.163032878226298,0
2.44088342291197,-5.1621388094363105,0
2.441537097770823,-5.1625858438313035,0
2.4421920837200837,-5.162357524908723,0
2.44088342291197,-5.1621388094363105,0
2.439574516862141,-5.1619201309140585,0
2.441538531482088,-5.161910472038645,0
2.442847069669341,-5.162129205986142,0
2.4435059040079956,-5.160549995677597,0
2.4408911196907574,-5.159437026664378,0
2.4415402104350683,-5.161235063295827,0
2.441544304066184,-5.159884134959698,0
2.442852842253437,-5.1601028689071935,0
2.442199780498875,-5.159655742136792,0
2.444158965762554,-5.160997122448002,0
2.442199780498875,-5.159655742136792,0
2.442199780498875,-5.159655742136792,0
2.442193640052203,-5.161682134640985,0
2.441538531482088,-5.161910472038645,0
2.439574516862141,-5.1619201309140585,0
2.442193640052203,-5.161682134640985,0
2.4408911196907574,-5.159437026664378,0
2.438926491966523,-5.1594467779152,0
2.439582213640932,-5.159218348142128,0
2.442199780498875,-5.159655742136792,0
2.442852842253437,-5.1601028689071935,0
2.4435059040079956,-5.160549995677597,0
2.4408911196907574,-5.159437026664378,0
2.441544304066184,-5.159884134959698,0
2.441544304066184,-5.159884134959698,0
2.438926491966523,-5.1594467779152,0
2.4395799215836576,-5.1598938492603565,0
2.4376172180541147,-5.159228154818196,0
2.438926491966523,-5.1594467779152,0
2.4376172180541147,-5.159228154818196,0
2.4395799215836576,-5.1598938492603565,0
2.438270770292114,-5.159675207688272,0
2.438926491966523,-5.1594467779152,0
2.4408911196907574,-5.159437026664378,0
2.441544304066184,-5.159884134959698,0
2.442197488441604,-5.160331243255019,0
2.438926491966523,-5.1594467779152,0
2.438926491966523,-5.1594467779152,0
2.4395799215836576,-5.1598938492603565,0
2.4382640544801824,-5.1623768426595475,0
2.4376100117587534,-5.161929863689801,0
2.4376100117587534,-5.161929863689801,0
2.43826536557059,-5.161701489341976,0
2.438919285671158,-5.162148486786803,0
2.436959326943292,-5.160132067234414,0
2.439582213640932,-5.159218348142128,0
2.44285067281702,-5.160778351550341,0
2.44285067281702,-5.160778351550341,0
2.44088882763349,-5.160112527782605,0
2.4402283143418515,-5.162367146833972,0
2.438919285671158,-5.162148486786803,0
2.4376100117587534,-5.161929863689801,0
2.43826536557059,-5.161701489341976,0
2.43826536557059,-5.161701489341976,0
2.43826536557059,-5.161701489341976,0
2.4395732057717296,-5.162595484231636,0
2.4376100117587534,-5.161929863689801,0
2.4408911196907574,-5.159437026664378,0
2.4402297480531168,-5.161691775041316,0
2.4415402104350683,-5.161235063295827,0
2.44088882763349,-5.160112527782605,0
2.44285067281702,-5.160778351550341,0
2.4402333512007957,-5.160340920605513,0
2.44088342291197,-5.1621388094363105,0
2.4369546579469237,-5.162158238037627,0
2.4382640544801824,-5.1623768426595475,0
2.4389180972016113,-5.162823821629296,0
2.44088342291197,-5.1621388094363105,0
2.4408821118215656,-5.162814162753882,0
2.4376100117587534,-5.161929863689801,0
2.4408821118215656,-5.162814162753882,0
2.4395732057717296,-5.162595484231636,0
2.4408821118215656,-5.162814162753882,0
2.438919285671158,-5.162148486786803,0
2.438919285671158,-5.162148486786803,0
2.4408821118215656,-5.162814162753882,0
2.4402283143418515,-5.162367146833972,0
2.4408821118215656,-5.162814162753882,0
2.441538531482088,-5.161910472038645,0
2.442195441626044,-5.161006707423084,0
2.4415402104350683,-5.161235063295827,0
2.4402355206372093,-5.159665437962367,0
2.44088342291197,-5.1621388094363105,0
2.442195441626044,-5.161006707423084,0
2.4435059040079956,-5.160549995677597,0
2.4382640544801824,-5.1623768426595475,0
2.4376100117587534,-5.161929863689801,0
2.44088342291197,-5.1621388094363105,0
2.4376100117587534,-5.161929863689801,0
2.43826536557059,-5.161701489341976,0
2.4382640544801824,-5.1623768426595475,0
2.4376100117587534,-5.161929863689801,0
2.4376100117587534,-5.161929863689801,0
2.442193640052203,-5.161682134640985,0
2.442193640052203,-5.161682134640985,0
2.441544304066184,-5.159884134959698,0
2.4402355206372093,-5.159665437962367,0
2.4408911196907574,-5.159437026664378,0
2.4435059040079956,-5.160549995677597,0
2.439582213640932,-5.159218348142128,0
2.4376172180541147,-5.159228154818196,0
2.4376172180541147,-5.159228154818196,0
2.4376172180541147,-5.159228154818196,0
2.437615048617701,-5.159903637461344,0
2.438926491966523,-5.1594467779152,0
2.436961373758848,-5.159456603066349,0
2.438926491966523,-5.1594467779152,0
2.436961373758848,-5.159456603066349,0
2.436305529463578,-5.1596850513145025,0
2.4408911196907574,-5.159437026664378,0
2.441544304066184,-5.159884134959698,0
2.438926491966523,-5.1594467779152,0
2.4376172180541147,-5.159228154818196,0
2.438926491966523,-5.1594467779152,0
2.438270770292114,-5.159675207688272,0
2.4376172180541147,-5.159228154818196,0
2.436961373758848,-5.159456603066349,0
2.440884979244089,-5.161463419168571,0
2.439582213640932,-5.159218348142128,0
2.4376172180541147,-5.159228154818196,0
2.4376172180541147,-5.159228154818196,0
2.4369636658161227,-5.1587811019481205,0
2.438926491966523,-5.1594467779152,0
2.436305529463578,-5.1596850513145025,0
2.438926491966523,-5.1594467779152,0
2.4376172180541147,-5.159228154818196,0
2.436305529463578,-5.1596850513145025,0
2.4376172180541147,-5.159228154818196,0
2.436307698899995,-5.159009568671356,0
2.436961373758848,-5.159456603066349,0
2.436961373758848,-5.159456603066349,0
2.436961373758848,-5.159456603066349,0
2.4376172180541147,-5.159228154818196,0
2.436959326943292,-5.160132067234414,0
2.43826536557059,-5.161701489341976,0
2.43826536557059,-5.161701489341976,0
2.4395732057717296,-5.162595484231636,0
2.4389180972016113,-5.162823821629296,0
2.439574516862141,-5.1619201309140585,0
2.4376131244230024,-5.160579083154325,0
2.4395732057717296,-5.162595484231636,0
2.439574516862141,-5.1619201309140585,0
2.4408821118215656,-5.162814162753882,0
2.4395732057717296,-5.162595484231636,0
2.439574516862141,-5.1619201309140585,0
2.4421920837200837,-5.162357524908723,0
2.441537097770823,-5.1625858438313035,0
2.4408821118215656,-5.162814162753882,0
2.4382640544801824,-5.1623768426595475,0
2.440227125872301,-5.163042481676463,0
2.4389180972016113,-5.162823821629296,0
2.4395732057717296,-5.162595484231636,0
2.43760882328921,-5.162605198532292,0
2.4389180972016113,-5.162823821629296,0
2.4376100117587534,-5.161929863689801,0
2.4402283143418515,-5.162367146833972,0
2.44088342291197,-5.1621388094363105,0
2.4395732057717296,-5.162595484231636,0
2.4408821118215656,-5.162814162753882,0
2.43760882328921,-5.162605198532292,0
2.4402283143418515,-5.162367146833972,0
2.4382640544801824,-5.1623768426595475,0
2.4402283143418515,-5.162367146833972,0
2.440227125872301,-5.163042481676463,0
2.4376100117587534,-5.161929863689801,0
2.4389180972016113,-5.162823821629296,0
2.440227125872301,-5.163042481676463,0
2.4369546579469237,-5.162158238037627,0
2.44088342291197,-5.1621388094363105,0
2.4408821118215656,-5.162814162753882,0
2.4408867808179338,-5.16078799195067,0
2.4408911196907574,-5.159437026664378,0
2.436961373758848,-5.159456603066349,0
2.43826536557059,-5.161701489341976,0
2.4395732057717296,-5.162595484231636,0
2.4382640544801824,-5.1623768426595475,0
2.4376114454700186,-5.161254491897147,0
2.4382640544801824,-5.1623768426595475,0
2.438919285671158,-5.162148486786803,0
2.436307698899995,-5.159009568671356,0
2.437615048617701,-5.159903637461344,0
2.438926491966523,-5.1594467779152,0
2.438926491966523,-5.1594467779152,0
2.436961373758848,-5.159456603066349,0
2.438270770292114,-5.159675207688272,0
2.4329117317137054,-5.20958540484378,0
2.4322483698070236,-5.2091398299802645,0
2.4309377470651725,-5.208921410109161,0
2.4342384555270726,-5.210476554570818,0
2.4362117044504537,-5.2111406601559285,0
2.4368749437362744,-5.211586253494529,0
2.4355821387579546,-5.212040304828214,0
2.436858229560471,-5.210913616014004,0
2.4355157725381673,-5.209349681005788,0
2.432895508021332,-5.2089126934629295,0
2.432895508021332,-5.2089126934629295,0
2.4322483698070236,-5.2091398299802645,0
2.4335426462356438,-5.208685556945596,0
2.4335426462356438,-5.208685556945596,0
2.436178766582273,-5.2097953112945525,0
2.436858229560471,-5.210913616014004,0
2.435531996230541,-5.210022392386641,0
2.436195112895504,-5.210468004200324,0
2.4342384555270726,-5.210476554570818,0
2.435531996230541,-5.210022392386641,0
2.43092164599366,-5.208248680253227,0
2.4302582840869746,-5.20780310538971,0
2.4302582840869746,-5.20780310538971,0
2.4335426462356438,-5.208685556945596,0
2.4334806943667573,-5.205994268020223,0
2.434128323064499,-5.205767057602559,0
2.4387048770871864,-5.206195550200171,0
2.4334511898826143,-5.20464840185655,0
2.4334368055031206,-5.20397541334947,0
2.432818068185224,-5.205548582306212,0
2.4341135708224293,-5.205094124520723,0
2.4367045760968367,-5.204185208949749,0
2.4399708752402525,-5.204395226251011,0
2.4399569813441957,-5.203722163843601,0
2.4367045760968367,-5.204185208949749,0
2.437986307458843,-5.203057670281767,0
2.442574548202135,-5.204159557838265,0
2.44388296376853,-5.204378310260841,0
2.442602581235974,-5.205505645702919,0
2.437986307458843,-5.203057670281767,0
2.438647830052645,-5.203503522271516,0
2.4405910840084495,-5.202821835593287,0
2.4399433326898468,-5.203049064486027,0
2.4385820391980992,-5.200137655982012,0
2.437272642664837,-5.199919051360089,0
2.4399299292772234,-5.2023759281782915,0
2.440604610041934,-5.203494953425942,0
2.445866060099636,-5.2057160879310675,0
2.4484674032652123,-5.205480770544879,0
2.451714658436501,-5.205018501392177,0
2.455620615921852,-5.2050025091561025,0
2.4582062258784774,-5.204094406488736,0
2.4614505381491725,-5.203632580738001,0
2.4646938694529936,-5.203170902787917,0
2.469263717067495,-5.2042755616067105,0
2.4738306217813886,-5.205380663827466,0
2.475790505031185,-5.206046783196516,0
2.473197990567435,-5.206280770376802,0
2.4731854455008175,-5.205607504743488,0
2.473197990567435,-5.206280770376802,0
2.4660227155599905,-5.204736888530233,0
2.467326716775478,-5.204956306055761,0
2.4686058730994525,-5.203829155364504,0
2.4692516624843144,-5.203602222073071,0
2.470543241254042,-5.203148355490207,0
2.4731492817512795,-5.203587486142572,0
2.4757427771818996,-5.203353351161631,0
2.473173145675922,-5.204934202160015,0
2.475778205206293,-5.205373480613039,0
2.473197990567435,-5.206280770376802,0
2.473197990567435,-5.206280770376802,0
2.4784071286613063,-5.207159475083504,0
2.4751090423802182,-5.204253623986702,0
2.475754341281643,-5.204026764595598,0
2.4790034735048536,-5.204239368408336,0
2.4783584198451436,-5.204466190849278,0
2.4790034735048536,-5.204239368408336,0
2.4815948843808826,-5.204005547503787,0
2.48419675576892,-5.204445306308941,0
2.4861418867766503,-5.20443849259615,0
2.490041750958106,-5.205098574205849,0
2.4913193132109193,-5.203971663690657,0
2.496504134635746,-5.2041788763719214,0
2.499090027573125,-5.203945886846059,0
2.5029825345030794,-5.204607076960675,0
2.502309164828766,-5.202812698395453,0
2.5009930712910595,-5.201244791244614,0
2.502934523673023,-5.201238531784284,0
2.50161977896477,-5.199670421407543,0
2.502255966183622,-5.198769779080832,0
2.502877608663084,-5.196521016630454,0
2.5041605662336757,-5.195393293211655,0
2.5021987681929225,-5.1933771507854924,0
2.5028443123360695,-5.193150254444225,0
2.506077588729486,-5.192690091450867,0
2.5067123893798566,-5.191114502258385,0
2.5086404854919806,-5.1890847878318915,0
2.5099248767738267,-5.187281692620438,0
2.511855142322368,-5.1845764955508,0
2.513791208790302,-5.18254558024398,0
2.5144342815847196,-5.177592965812487,0
2.51702409838958,-5.177359385083999,0
2.5189705498914527,-5.174651749303539,0
2.520921415744237,-5.17194344842013,0
2.5241699065278596,-5.1694555257665105,0
2.526778088126207,-5.16651855493396,0
2.5293852038758793,-5.164256900468823,0
2.533286756414057,-5.162216104585607,0
2.5378235058004854,-5.161300282926431,0
2.5423587837366135,-5.160384682968239,0
2.546261807725095,-5.15834366538404,0
2.5520834294730683,-5.157650143363179,0
2.556614783541715,-5.156735134607612,0
2.5617932758246766,-5.155592989334709,0
2.566321564371858,-5.154678442456193,0
2.569576591800022,-5.1528646907149,0
2.5709416770105697,-5.149023970149411,0
2.5735533674710425,-5.147436782197913,0
2.573583701965898,-5.1460819001942415,0
2.5723471516263814,-5.143826852623535,0
2.568560560782963,-5.140449081196326,0
2.566731080052378,-5.136387535406627,0
2.5655023774478067,-5.134131305430673,0
2.563009978151193,-5.13097442953555,0
2.559804706456312,-5.130080061551796,0
2.5560274347981498,-5.1267008860183605,0
2.554761530930648,-5.12580057265067,0
2.5515747372463835,-5.124228264837866,0
2.549653356946184,-5.123556344293082,0
2.5508980851441905,-5.125135003941626,0
2.550221923525438,-5.1260416691450565,0
2.549546252390112,-5.126948260448161,0
2.55013918278118,-5.128754758667155,0
2.549505127259703,-5.128304768259046,0
2.549546252390112,-5.126948260448161,0
2.5527356211124044,-5.128520180284244,0
2.5527561836776123,-5.127841926378803,0
2.549546252390112,-5.126948260448161,0
2.547623768502188,-5.126276506179117,0
2.542552305297228,-5.122676435113595,0
2.5387487078935074,-5.119976381814453,0
2.5355559057871666,-5.118404979280665,0
2.5337249913453093,-5.1150188052836185,0
2.5312399493002147,-5.111860820883583,0
2.5332411651830924,-5.110495245399907,0
2.533293080949065,-5.109137111781813,0
2.5327404550814308,-5.106649385169179,0
2.531530881330802,-5.104390273080437,0
2.5289743419213977,-5.103268528403284,0
2.5283140832752196,-5.103497641754389,0
2.5289187475296764,-5.104627216273839,0
2.5290595728218612,-5.101230219471219,0
2.5303519250557827,-5.101451392129533,0
2.5310414523481235,-5.100542713142167,0
2.5317314701239013,-5.0996339602544705,0
2.5324219783831197,-5.09872513346645,0
2.535035215771966,-5.098488023997312,0
2.5383083439444256,-5.09802185660231,0
2.5402902234706843,-5.097334350273261,0
2.544222506701601,-5.096639235802893,0
2.546801325368225,-5.09708246792346,0
2.5422409950379077,-5.0973266867066975,0
2.5396604596792614,-5.096883713237283,0
2.5331433493596514,-5.0971365008661,0
2.527252569447434,-5.09784044283319,0
2.522049477514681,-5.097635982939142,0
2.5175643231744225,-5.09584340774704,0
2.5131072112717447,-5.093371451669494,0
2.5131072112717447,-5.093371451669494,0
2.5156978015407994,-5.093812910182189,0
2.5131072112717447,-5.093371451669494,0
2.5150349678565895,-5.094042411510015,0
2.514252607170551,-5.0969905448845285,0
2.5135902639697747,-5.097219972312027,0
2.5135902639697747,-5.097219972312027,0
2.513619655236795,-5.096540388200683,0
2.513619655236795,-5.096540388200683,0
2.5162100002641345,-5.096981883663544,0
2.5142821210584323,-5.096310942298102,0
2.5168427069561687,-5.0974320772975545,0
2.5149445868800626,-5.096081496395524,0
2.51687222084405,-5.096752474711128,0
2.516239636772873,-5.096302262602036,0
2.5162695185233304,-5.095622604590362,0
2.5175344414239653,-5.096523065758712,0
2.5156978015407994,-5.093812910182189,0
2.5163914979423296,-5.092903603042036,0
2.5157285416372623,-5.093133122844945,0
2.5184118426791535,-5.091535145445578,0
2.5191067652892762,-5.0906256535546,0
2.519043323162599,-5.091985523830406,0
2.5191067652892762,-5.0906256535546,0
2.5191067652892762,-5.0906256535546,0
2.5196748036460512,-5.092435902215234,0
2.5196435730661513,-5.093115763452808,0
2.5196435730661513,-5.093115763452808,0
2.5196435730661513,-5.093115763452808,0
2.5197062794676697,-5.091756004027497,0
2.5196435730661513,-5.093115763452808,0
2.5164539591021367,-5.0915438805668884,0
2.6869121990716422,-5.1264461002739345,0
2.691343202135183,-5.126896522793841,0
2.6964164385786837,-5.127120547799693,0
2.6995815755137613,-5.127345807043584,0
2.7032999136817217,-5.129383550433019,0
2.7046185539221597,-5.128250450765368,0
2.707749639997587,-5.129155996173711,0
2.7109092589940254,-5.129382086796287,0
2.71468073913654,-5.130061511816809,0
2.71851075657138,-5.129381805564805,0
2.7224022541991566,-5.12734252463831,0
2.723753351228087,-5.1255293789822645,0
2.7281933904961235,-5.125303284254436,0
2.7320541480274336,-5.123943790665184,0
2.7334432197834815,-5.121449767642057,0
2.7354447657899037,-5.119408986641465,0
2.7367685561064015,-5.11827511102037,0
2.7368405816931762,-5.1169139474888325,0
2.7400997782305367,-5.115099567594751,0
2.7421089267301895,-5.113057641139079,0
2.7473064723890097,-5.110562313570046,0
2.7460950121827175,-5.10965379726596,0
2.7448835519764323,-5.108745280961873,0
2.747546092354181,-5.106475275759687,0
2.7495656636268144,-5.104431778922045,0
2.7471062399374198,-5.103295401979972,0
2.7512969721924527,-5.107157804593978,0
2.7519015987078674,-5.107612229021756,0
2.7519422710938812,-5.106930945202873,0
2.751337767199324,-5.1064765023000085,0
2.7525875699953133,-5.106704085811769,0
2.7525875699953133,-5.106704085811769,0
2.751461623670245,-5.104432373717124,0
2.753526159058943,-5.10170694643273,0
2.753009008358479,-5.099889030613079,0
2.755507878225309,-5.100344308487088,0
2.7599877315333465,-5.099437059265947,0
2.761837991735561,-5.10011969535827,0
2.7630420946903342,-5.1010293201672745,0
2.7630420946903342,-5.1010293201672745,0
2.7630420946903342,-5.1010293201672745,0
2.7624400432129512,-5.100574507762774,0
2.7612359402581745,-5.099664882953769,0
2.760633888780788,-5.099210070549267,0
2.761750761162318,-5.101483149799977,0
2.7593855574351025,-5.098982265336527,0
2.7594297858260184,-5.098300445740264,0
2.758136980847695,-5.09875449707395,0
2.758136980847695,-5.09875449707395,0
2.7568881590185796,-5.098526765761534,0
2.7623530578814197,-5.1019379252543136,0
2.7635147717581567,-5.103529092533352,0
2.7666116466140345,-5.104439792489568,0
2.764677221360053,-5.1051201489618965,0
2.7689783217915576,-5.106940455252031,0
2.7708268653017534,-5.107623349995507,0
2.7720728668511256,-5.1078515062348036,0
2.76910512116309,-5.104895883267179,0
2.772156909282039,-5.106488532145232,0
2.7720728668511256,-5.1078515062348036,0
2.7737559005375125,-5.1112599611807035,0
2.7713875086679707,-5.108759557069385,0
2.7715128365891992,-5.106715206785516,0
2.772758715517714,-5.106943381499898,0
2.7758934424798554,-5.107173222564111,0
2.778984431534525,-5.108084809324261,0
2.7845193940504025,-5.110135100886811,0
2.791250857027819,-5.113096162713449,0
2.7924517718402697,-5.114006267874583,0
2.7906092367521467,-5.113322467852093,0
2.791851314434041,-5.113551215294015,0
2.792492812088863,-5.113324928630451,0
2.7906092367521467,-5.113322467852093,0
2.7906092367521467,-5.113322467852093,0
2.785762697940882,-5.110363663577912,0
2.7802711054699074,-5.1076316817446745,0
2.7772234864601444,-5.106038404713836,0
2.7768398792784303,-5.102174900779829,0
2.776239421872205,-5.101719848199261,0
2.7773528608697013,-5.103993444752263,0
2.776708665555997,-5.104220137867632,0
2.7773964761563192,-5.1033117175314135,0
2.777266366021614,-5.105356788343478,0
2.7755070150183982,-5.103310143556987,0
2.773103713943197,-5.101490154935702,0
2.7725472396861655,-5.100353319709036,0
2.77143576262241,-5.098079427554721,0
2.7727726733707847,-5.096943575099857,0
2.7716185619872746,-5.095351262365737,0
2.771664874932789,-5.0946691286930825,0
2.771253225313501,-5.091485005644515,0
2.7732902087480475,-5.089438885345237,0
2.77473151698986,-5.086936991937188,0
2.776774018363053,-5.084890040259221,0
2.7775739515709077,-5.082614415039659,0
2.776379903526543,-5.081703275273933,0
2.7752375637454563,-5.080109188931946,0
2.776798474467178,-5.076238963660554,0
2.779342185829215,-5.076012329562889,0
2.779342185829215,-5.076012329562889,0
2.772439234934467,-5.083749964708296,0
2.7712434701980833,-5.08283908359372,0
2.771447850834061,-5.080107666790308,0
2.7690063297900167,-5.078968592486268,0
2.766018757261925,-5.076691112573595,0
2.7661241357222366,-5.075324923819759,0
2.769375154401107,-5.0741869318478425,0
2.768886329118981,-5.072364748284258,0
2.766446156904383,-5.071225470754316,0
2.767206643934813,-5.069630944602821,0
2.767802809610984,-5.070086643811257,0
2.7708926950779293,-5.070998396847141,0
2.7666104782586416,-5.0691752453943835,0
2.7651985612838494,-5.070997554691083,0
2.7627571628606695,-5.069858461911961,0
2.758414286455416,-5.068719605716447,0
2.752165885579764,-5.067581595782249,0
2.7503726063377556,-5.066215218685134,0
2.748690836598996,-5.063481729080088,0
2.7462444107206068,-5.062343393779326,0
2.742658587961749,-5.059610528734609,0
2.738475128076413,-5.05642218618244,0
2.73500694586372,-5.05232128487569,0
2.7301082083057366,-5.0500455010781025,0
2.726522385546872,-5.047312636033386,0
2.72299771285741,-5.043895401831094,0
2.7205460142821067,-5.042757860958856,0
2.723182634515908,-5.0418420726573885,0
2.720134402401854,-5.040248888001962,0
2.723307141830162,-5.040473001790767,0
2.7284558749835206,-5.040010496054455,0
2.7272004316280345,-5.039783762396468,0
2.7272635436311745,-5.039099097637584,0
2.723432630111283,-5.039103783123489,0
2.7195997546576542,-5.039108764210708,0
2.7178083147285257,-5.037742109987365,0
2.7173381278169018,-5.035917118211321,0
2.717998754325663,-5.035687949434969,0
2.7237506425441325,-5.035680089827423,0
2.7223662775234914,-5.036823092139008,0
2.7261986624936867,-5.03681818495212,0
2.728645946718082,-5.037956390927306,0
2.732538746032521,-5.037267225433336,0
2.7368962143199482,-5.0384038830940945,0
2.741314832676764,-5.038856171597281,0
2.7426319165850828,-5.038398462197367,0
2.741973374630927,-5.038627316897323,0
2.743884417039961,-5.038625639257319,0
2.743884417039961,-5.038625639257319,0
2.7477050304077295,-5.038622505678301,0
2.749614601366467,-5.038621049739282,0
2.7517196393775336,-5.036564675769508,0
2.754879013132257,-5.036790803342248,0
2.7568531675444277,-5.036104460943362,0
2.761983752810714,-5.035644689519177,0
2.7608685122393837,-5.034046520184077,0
2.765205625464283,-5.0351862447084414,0
2.762184860422554,-5.033588921634655,0
2.7602103381478003,-5.034275319458789,0
2.7596864810391573,-5.033133569860318,0
2.760480443563985,-5.031534000011442,0
2.761207370218198,-5.030619686124076,0
2.765022343026473,-5.030617402398827,0
2.7650910955891064,-5.029931887786169,0
2.7681770571885664,-5.0308442320246805,0
2.767971903088398,-5.032900609586909,0
2.7649538357055548,-5.031302880061318,0
2.7662706743721586,-5.030845207611566,0
2.767067089314157,-5.029245268261054,0
2.7713992977047077,-5.0303857317887,0
2.782683658282849,-5.031753383153671,0
2.7895622756943226,-5.0326668061318465,0
2.7907364591596,-5.033580938860851,0
2.793740670385418,-5.035180756070705,0
2.794914608608977,-5.036094925749872,0
2.797126696622854,-5.039294035682374,0
2.7977139109763485,-5.039751083571792,0
2.794574524421577,-5.039521944560693,0
2.7989557434165278,-5.039979867963877,0
2.8009195976765753,-5.039295077471877,0
2.7996781330989755,-5.039066237654543,0
2.8020930454167043,-5.040209321051375,0
2.8023656032500597,-5.0374676321023895,0
2.8009876145140566,-5.038609673709711,0
2.802228833849945,-5.038838550477207,0
2.7996103615032126,-5.039751604466545,0
2.8003328738065143,-5.03883795568213,0
2.802228833849945,-5.038838550477207,0
2.8064692369564526,-5.040668001932918,0
2.809670999789205,-5.040212587035626,0
2.81156426217375,-5.0402135882825085,0
2.817172599105845,-5.040902513087618,0
2.8219869735131233,-5.043191007741601,0
2.8251131170151638,-5.0434221420615515,0
2.8255620905182433,-5.045250330026777,0
2.827900157296675,-5.0470801473916715,0
2.8320579516835274,-5.049597201144298,0
2.8343298409373574,-5.052112145145127,0
2.8360183170843065,-5.054169468528995,0
2.836345603552882,-5.057366302433955,0
2.839668149924602,-5.062164302229753,0
2.8409013989046805,-5.0623943798775795,0
2.845060664741837,-5.064911211929223,0
2.847925899392095,-5.0678822800653744,0
2.8526689461987047,-5.0708566773087345,0
2.8568848251334913,-5.0726898237808395,0
2.859284287223037,-5.073835235037995,0
2.8654278472645913,-5.0749890411672745,0
2.86969494397923,-5.076139314963449,0
2.874018531170641,-5.076605921655158,0
2.8799698123021784,-5.079814165463064,0
2.8848684743820883,-5.080739649077309,0
2.8891810256962245,-5.081207918526397,0
2.8915097732893997,-5.083039139997522,0
2.8915097732893997,-5.083039139997522,0
2.891627168593857,-5.081671140685653,0
2.8922091102504375,-5.082128983003598,0
2.8922091102504375,-5.082128983003598,0
2.8903453994928157,-5.08212352926196,0
2.889822155488467,-5.08098168728808,0
2.8911044150729417,-5.080529224811444,0
2.890522596037222,-5.080071364018419,0
2.890404219765898,-5.081439511130943,0
2.891627168593857,-5.081671140685653,0
2.88976321259452,-5.081665723894179,0
2.888947216054188,-5.08394376934948,0
2.892616062538057,-5.08463865801361,0
2.892500629167344,-5.086006361724165,0
2.8968646435030507,-5.085791721547153,0
2.8987259018434948,-5.085797544790431,0
2.9046568279125076,-5.089008855461945,0
2.9077350266588375,-5.089247213538945,0
2.910927187325587,-5.088118089606374,0
2.912262381381936,-5.086982495802658,0
2.9141780456445616,-5.08630496601787,0
2.9154551551529764,-5.085853279494678,0
2.9174303754138364,-5.084491620728379,0
2.921322976629341,-5.082452173526146,0
2.9240009672352727,-5.0801798404636305,0
2.928536905418472,-5.077913829471603,0
2.9287262414278814,-5.075859835194947,0
2.928853691642736,-5.074490320926358,0
2.927830992080608,-5.072203052812698,0
2.9286668532000277,-5.06992201439412,0
2.9288646500486806,-5.067866745336806,0
2.929064654072789,-5.06581114372802,0
2.927409162936801,-5.063748850547105,0
2.926328746689311,-5.062145434288723,0
2.9257546527676794,-5.061686409565532,0
2.9234582770811777,-5.059850310672768,0
2.9193008882959433,-5.058008351586565,0
2.9174393847137736,-5.058002565293455,0
2.9183833994237247,-5.060976844501408,0
2.9229830175648246,-5.064648007682344,0
2.9233583336709295,-5.067162449263501,0
2.9246413289805595,-5.066709875936374,0
2.92227423879768,-5.065559587257578,0
2.923557969832462,-5.065106903079958,0
2.924707874367737,-5.0660246938751925,0
2.9241329221000996,-5.065565798477577,0
2.92227423879768,-5.065559587257578,0
2.922141393265047,-5.066929914429776,0
2.9245089739313563,-5.068080129208244,0
2.9258577789030085,-5.066942484670427,0
2.925991114919082,-5.0655720835979015,0
2.9241329221000996,-5.065565798477577,0
2.923895601602691,-5.061680253770778,0
2.9185885535238967,-5.058920466939179,0
2.9120589244797195,-5.055928995127623,0
2.912703242414281,-5.055702283537174,0
2.9141318358258417,-5.053877461629323,0
2.913627965917147,-5.052732700592495,0
2.909829094180388,-5.05340771417368,0
2.905663857660201,-5.051566937492723,0
2.902717523479634,-5.0499584000441775,0
2.894668354085862,-5.0494806087429644,0
2.890788467700613,-5.050842984445001,0
2.8882018767771136,-5.051751234913025,0
2.8831657095719443,-5.052196780524088,0
2.8757424649839436,-5.05149504889472,0
2.870766099018727,-5.0512564285741135,0
2.8731524406763995,-5.05240381666504,0
2.871075114979373,-5.05445601526629,0
2.869780593309038,-5.05491032525112,0
2.8704950126356756,-5.053997895822116,0
2.8704950126356756,-5.053997895822116,0
2.8678388108035335,-5.055591790228368,0
2.8678388108035335,-5.055591790228368,0
2.867191549968368,-5.055818945220786,0
2.8684860716386993,-5.055364635235952,0
2.8679054788115685,-5.0549065896921075,0
2.867972392061322,-5.05422135220568,0
2.8693348079482774,-5.053081656933767,0
2.869402456923183,-5.052396308596849,0
2.871345710878991,-5.051714621918617,0
2.871345710878991,-5.051714621918617,0
2.8718574285226275,-5.052858200550199,0
2.8670825380318234,-5.050563756919823,0
2.858173641600736,-5.045748675370914,0
2.850928084040575,-5.042994704597676,0
2.897446585159628,-5.086249563865099,0
2.893314541153078,-5.083728630345256,0
2.8879575863848324,-5.080976362872018,0
2.8885988387979324,-5.080750113158619,0
2.889299401967552,-5.079839771413873,0
2.8898813436241255,-5.080297613731819,0
2.88976321259452,-5.081665723894179,0
2.8903453994928157,-5.08212352926196,0
2.884809776729856,-5.081423648733244,0
2.8757097049764795,-5.078662838587221,0
2.8748918691232674,-5.080941161168754,0
2.87781200017913,-5.083228802376507,0
2.879450362133955,-5.085968832160573,0
2.881620183690657,-5.0898494660880225,0
2.883958740952515,-5.091679209552588,0
2.8900765506137667,-5.092836895449086,0
2.8942733006946106,-5.094672924033976,0
2.893472877003319,-5.096948623153866,0
2.8962361665773066,-5.101285362741557,0
2.899263270164642,-5.1022065750194106,0
2.899263270164642,-5.1022065750194106,0
2.8993681581415203,-5.100840460165905,0
2.9006948913586292,-5.099706141142843,0
2.9026057734077675,-5.099029331886252,0
2.9063194613868397,-5.099042308578706,0
2.9087582470329565,-5.099506639242879,0
2.912360915992224,-5.10088665454294,0
2.9171791765279345,-5.102499407902629,0
2.922046938151478,-5.103429547237532,0
2.9268575961939547,-5.105043446052301,0
2.9327738077599363,-5.108256973733649,0
2.9388419559734515,-5.109422142038342,0
2.944376805272217,-5.109446983325878,0
2.951643868625407,-5.110847402301346,0
2.958323962866821,-5.11179073643723,0
2.9632644858022914,-5.111359601390102,0
2.970508741675779,-5.112763456730814,0
2.973604805328428,-5.112323967354181,0
2.9773838973679148,-5.110976778169521,0
2.980478244328541,-5.11053754744403,0
2.983052535427145,-5.108955994392531,0
2.9838503840804087,-5.10668068324936,0
2.988376842718452,-5.103740944746976,0
2.9933619619074108,-5.1026279346783365,0
2.9977743360041877,-5.101055696660605,0
3.002066862379337,-5.100851827456385,0
3.00521733195416,-5.09972898505168,0
3.0047688489345106,-5.097900723186131,0
3.0049526670052877,-5.095847560288163,0
3.006029772489594,-5.097451475373756,0
3.0036910077250525,-5.096296918951028,0
3.0019210641852148,-5.095602181680013,0
3.001413270409053,-5.094458011845806,0
3.0009059671163136,-5.093313768111269,0
3.0028006632121205,-5.092639397565495,0
3.008925877267668,-5.092445656298651,0
3.0197727266223495,-5.093879226756082,0
3.0246225478614974,-5.094136913361282,0
3.023362850515003,-5.094585976422833,0
3.0234263303807154,-5.093901256238702,0
3.023992699188252,-5.094361444892058,0
3.031357132906905,-5.093721725902347,0
3.030226602467284,-5.092801016044161,0
3.0314214711186267,-5.093036876392642,0
3.033181114506341,-5.0937331655705425,0
3.032680677981695,-5.092587887231415,0
3.033245575338924,-5.093048297585753,0
3.036134155095091,-5.094665536797905,0
3.033245575338924,-5.093048297585753,0
3.036198493306813,-5.0939806872882,0
3.032680677981695,-5.092587887231415,0
3.0320510745501608,-5.092812381812029,0
3.0320510745501608,-5.092812381812029,0
3.0320510745501608,-5.092812381812029,0
3.03192239812671,-5.0941820808314375,0
3.0314860545720634,-5.092351989932773,0
3.0314860545720634,-5.092351989932773,0
3.033875056149597,-5.0928238214802235,0
3.0350046056223405,-5.093744679139062,0
3.0350046056223405,-5.093744679139062,0
3.033875056149597,-5.0928238214802235,0
3.0321157806244585,-5.092127476877076,0
3.033810472696157,-5.093508707940092,0
3.030291185920724,-5.0921161295842925,0
3.030291185920724,-5.0921161295842925,0
3.030291185920724,-5.0921161295842925,0
3.030291185920724,-5.0921161295842925,0
3.033310281413222,-5.092363392650801,0
3.0327455066768465,-5.091902963821383,0
3.030421088552764,-5.090746245814062,0
3.029160900722829,-5.091195382775943,0
3.0280306155249264,-5.090274635967596,0
3.0269003303270274,-5.089353889159245,0
3.025835854791154,-5.08774807114021,0
3.026732988600834,-5.084782645088973,0
3.0265759470267675,-5.0802098491118155,0
3.02601227587812,-5.079749254006659,0
3.024884933580825,-5.078828063796342,0
3.024390505478248,-5.077681880178199,0
3.0206574414102647,-5.072400209899865,0
2.9763944509765174,-5.123953816198172,0
2.974286269972655,-5.1193887392128214,0
2.9704026274903157,-5.114129756335142,0
2.9664180208985798,-5.110236297108347,0
2.9623804798349624,-5.107025969208637,0
2.9610421050467792,-5.100864961965559,0
2.9540147371368413,-5.096727805363074,0
2.948888196365637,-5.091915354460717,0
2.9444005782112157,-5.086877004871523,0
2.941007232461306,-5.083439983856442,0
2.9353133419156983,-5.0781674921013895,0
2.927766408627164,-5.072887939272567,0
2.9189332918866846,-5.068061440123003,0
2.9134840790900007,-5.06667338456983,0
2.9088051629924294,-5.063689324858599,0
2.90785293268495,-5.060716283481137,0
2.900086989139229,-5.057495195898802,0
2.8957506096462353,-5.051083747875117,0
2.893729244210249,-5.04650559053173,0
2.8866741639862745,-5.042372609297768,0
2.8794678451008657,-5.039612726498303,0
2.8784615767337804,-5.0373229827236585,0
2.870952780525524,-5.037309296793175,0
2.8706620748050966,-5.0400537200542885,0
2.870304210593197,-5.043483417751995,0
2.8731259148386563,-5.046461044542243,0
2.874584467472001,-5.0505784774548985,0
2.8735966319659987,-5.05423272515846,0
2.873262678821529,-5.057658820215181,0
2.8703609408944537,-5.0553684077451315,0
2.873262678821529,-5.057658820215181,0
2.8696472572929608,-5.056280726323646,0
2.8672580953555453,-5.0551337631596045,0
2.867191549968368,-5.055818945220786,0
2.866544289133202,-5.0560461002132016,0
2.869899414914265,-5.060164035545524,0
2.872095562216522,-5.06336554723868,0
2.869641081100511,-5.062903581385001,0
2.874813482072831,-5.067709122606697,0
2.878242510492587,-5.071140767372924,0
2.882898043745204,-5.074803505916483,0
2.8856879043064616,-5.078461086319713,0
2.8885988387979324,-5.080750113158619,0
2.892091960187699,-5.083496945365303,0
2.892674147085991,-5.083954750733083,0
2.8908109268118096,-5.083949223091119,0
2.8914514434997507,-5.083723084228209,0
2.890752964884733,-5.0846331118965615,0
2.8918606029628293,-5.086232426686745,0
2.89291224104759,-5.088515334681061,0
2.8910500017402754,-5.08850965923844,0
2.8904668338751094,-5.088052001671313,0
2.8892437624262968,-5.0878203905916894,0
2.8892437624262968,-5.0878203905916894,0
2.8904103433983366,-5.088735668775774,0
2.8904668338751094,-5.088052001671313,0
2.8899405243492993,-5.086910621574486,0
2.890054976753145,-5.085543065664583,0
2.8913933589518166,-5.084406991508734,0
2.8938966054305126,-5.084186454188121,0
2.897446585159628,-5.086249563865099,0
2.900995338680154,-5.088312858292898,0
2.904955826701787,-5.092885107202511,0
2.9133233312414575,-5.096561081089671,0
2.9198287190946743,-5.100231361059128,0
2.925748609286412,-5.103444334488017,0
2.932298225530541,-5.106432794861213,0
2.9381572108945946,-5.110330100497514,0
2.9452257794130254,-5.114461049472457,0
2.9479775426262975,-5.1187995257178525,0
2.9525747460892617,-5.1231462084920985,0
2.9565460247464515,-5.127716831594498,0
2.9593590606499873,-5.131370920207235,0
2.963338677525563,-5.135940287004063,0
2.9667843823820945,-5.1393694191591415,0
2.9702318039306412,-5.14279829266307,0
2.972475282884311,-5.145992672974586,0
2.9777954513949787,-5.1487504829724156,0
2.9837748598459157,-5.150604177328127,0
2.9902488567593295,-5.1542791869185685,0
2.9986575713112273,-5.155923484428088,0
3.006395274320436,-5.158473671187602,0
3.014741367352631,-5.16080255955568,0
3.021958854139914,-5.161535292372593,0
3.0285507839839987,-5.162491910092411,0
3.0345588102377654,-5.162990981095598,0
3.038136794665416,-5.163699559795463,0
3.0410571332239584,-5.165312013961383,0
3.043479695177698,-5.165103633244705,0
3.046476841536503,-5.165354203350889,0
3.048817690855646,-5.1665084456972235,0
3.0483226119097324,-5.164687204362821,0
3.04659775510682,-5.16331051816997,0
3.050374809734489,-5.160613324403279,0
3.0534967935310817,-5.158819618125921,0
3.054155788229636,-5.157915539433965,0
3.054815273411627,-5.157011386841681,0
3.057236363915063,-5.156803227825986,0
3.0584247336608925,-5.157040067353808,0
3.063923947432592,-5.155719966231773,0
3.056405499922292,-5.151111277275604,0
3.0634879340014827,-5.1532146698161885,0
3.067140028570506,-5.152561770908122,0
3.070221217360224,-5.15144936692473,0
3.071500618925917,-5.150322179283307,0
3.0745348816658336,-5.149892001347984,0
3.077568163438883,-5.149461971213315,0
3.077616070455555,-5.148779597364593,0
3.0777126202140472,-5.147414738816661,0
3.077096137214383,-5.147637256563501,0
3.0788003937130526,-5.149017046570121,0
3.080746024607958,-5.146984690206908,0
3.080795035212354,-5.146302150082448,0
3.0788969434715447,-5.147652188022187,0
3.077096137214383,-5.147637256563501,0
3.0759599662152723,-5.146717396559087,0
3.075391880715717,-5.1462574665568805,0
3.077193422698027,-5.1462722871650755,0
3.079043607422168,-5.145604623074057,0
3.080277063904923,-5.145159513680044,0
3.082127248629053,-5.144491849589027,0
3.0835121512759116,-5.141998454718687,0
3.0872664361629276,-5.139979847408917,0
3.0938974065828226,-5.1395802713942444,0
3.0940558421358695,-5.137530932838242,0
3.097759154484745,-5.136195161254241,0
3.1015172406183744,-5.134175981216927,0
3.100392350738254,-5.133254421504972,0
3.1052770434440227,-5.132156542528463,0
3.106624707088912,-5.130343914174716,0
3.1092102415674603,-5.128085511324002,0
3.111740266536117,-5.126510627777094,0
3.116508054420862,-5.126780674212128,0
3.1215094067059326,-5.124314906774245,0
3.1258950117165014,-5.122071546232711,0
3.1308386473162138,-5.120289630650106,0
3.1364002373658906,-5.118284975619677,0
3.141834131958994,-5.117649871808002,0
3.1473935148332153,-5.115645549329045,0
3.152821768866822,-5.115011295371138,0
3.157827903365387,-5.11254480740506,0
3.159814980110486,-5.110506206464139,0
3.162491093664503,-5.107559000436181,0
3.1651723572945762,-5.104611018454781,0
3.1624993921505933,-5.101610981390106,0
3.1616880154705953,-5.097941562051787,0
3.160882524591816,-5.094271255909536,0
3.1575968776947896,-5.091493163864161,0
3.155008360583338,-5.087805247376339,0
3.151101080610591,-5.08525044903125,0
3.147816169438716,-5.082472246135383,0
3.143906682290517,-5.07991778034177,0
3.1406210353934902,-5.077139688296395,0
3.139134845924179,-5.074376730935606,0
3.1371836573583494,-5.070463155937009,0
3.136330872567193,-5.06747513126807,0
3.133760993826243,-5.063784406567786,0
3.131194548469338,-5.06009316456521,0
3.132158020163523,-5.0571177434946275,0
3.133586368333365,-5.055292958536944,0
3.1315773404613196,-5.0520632538687025,0
3.1278506055351976,-5.048130941544532,0
3.128288173305183,-5.044689235043549,0
3.1240249890610237,-5.04029222614602,0
3.1242941512493765,-5.038226204591004,0
3.121758238486265,-5.034530362293017,0
3.1194020992988385,-5.034053579423595,0
3.1192257591071915,-5.030834002692732,0
3.115238445452821,-5.02896641866784,0
3.1160604881542646,-5.027362618025196,0
3.1179691630279436,-5.026686141320079,0
3.1160823504128814,-5.022762866903443,0
3.1159220735537048,-5.019540869936844,0
3.1141430069343023,-5.014926205831488,0
3.114633301673482,-5.011476555045256,0
3.110408129895486,-5.007073818872319,0
3.105003171831761,-5.002432949915821,0
3.1015569670880545,-5.001029360411168,0
3.0975678141208043,-4.999162053512505,0
3.091411282610288,-4.995439211934846,0
3.084605405710011,-4.991943839426002,0
3.077688962534314,-4.989140281532759,0
3.073894333391575,-4.985893354495669,0
3.072373234716604,-4.983810812624917,0
3.072042590342061,-4.9819647962055935,0
3.071607020251612,-4.980809744548107,0
3.0731162981881184,-4.978972766036325,0
3.0720340803667874,-4.978044776995844,0
3.072789945543633,-4.977126102989132,0
3.0728976915392963,-4.97643471330041,0
3.0718162094431136,-4.975506613409436,0
3.0706264908678342,-4.9752699771075175,0
3.0690038998609914,-4.973877882696302,0
3.066514632160178,-4.974096313857574,0
3.067599498504368,-4.971102602455845,0
3.069229275005835,-4.968572312846817,0
3.069450407556655,-4.9671886836156,0
3.0703233379144166,-4.965577215813941,0
3.069580666654268,-4.962572600521394,0
3.0681896309712258,-4.959795306496996,0
3.0706841713689634,-4.959576080907203,0
3.0656097350589206,-4.956781246845111,0
3.0651854460874546,-4.955624495480082,0
3.0630313105969122,-4.953766965492239,0
3.060646723370297,-4.9532944688418326,0
3.060992768836986,-4.9512168634104246,0
3.060338641233738,-4.951445053007431,0
3.056991231163021,-4.949351422495038,0
3.056452574669528,-4.94888705847316,0
3.05568174974794,-4.949807986439868,0
3.055375261682542,-4.947958330429401,0
3.0542979486955524,-4.947029602385642,0
3.0513705358662513,-4.946093369866148,0
3.051253838547904,-4.9467861082358535,0
3.0480919274941947,-4.947235518731507,0
3.0480919274941947,-4.947235518731507,0
3.0464026193432794,-4.942607330866153,0
3.0405387197411393,-4.940736232983227,0
3.036222601025109,-4.937022355412781,0
3.0350245442314474,-4.936786975416432,0
3.035564181691811,-4.937251191637653,0
3.03544552243973,-4.937944225608673,0
3.0349057623585054,-4.937480027862531,0
3.03544552243973,-4.937944225608673,0
3.0361038191521743,-4.937715407858878,0
3.039934327070444,-4.93703562770655,0
3.0416703046324542,-4.937735482575267,0
3.0478899367491117,-4.937527515495304,0
3.048427980138314,-4.937991971892593,0
3.0490854185047453,-4.937763283468373,0
3.047351893359913,-4.937063059098016,0
3.0490854185047453,-4.937763283468373,0
3.0489660235275124,-4.938456428289882,0
3.048427980138314,-4.937991971892593,0
3.0490854185047453,-4.937763283468373,0
3.0489660235275124,-4.938456428289882,0
3.0489660235275124,-4.938456428289882,0
3.047770541771879,-4.938220660316814,0
3.0476513920363644,-4.938913768188158,0
3.0489660235275124,-4.938456428289882,0
3.0475324875425756,-4.9396068391093415,0
3.043524818825677,-4.937742321948054,0
3.0428670125966697,-4.937971065797518,0
3.0443648133085084,-4.940057117933845,0
3.0383806603831225,-4.938879294198005,0
3.0349733378485837,-4.940715991991102,0
3.0337751584340644,-4.940480630469835,0
3.03431553161958,-4.940944735840569,0
3.034855904805095,-4.941408841211299,0
3.035631144077591,-4.940487248141636,0
3.0373689609524774,-4.941186825884127,0
3.040656765888926,-4.940043291387621,0
3.0418535964740023,-4.9402788561347855,0
3.0376045627646135,-4.939801016593238,0
3.0361712720213916,-4.940951390462532,0
3.0312606308363783,-4.94070286749799,0
3.0331172295841995,-4.94070939279438,0
3.036828955629538,-4.940722665088149,0
3.0362889503065986,-4.940258504292169,0
3.038144322845838,-4.94026521433938,0
3.040775057278431,-4.939350312841848,0
3.0425110348404303,-4.940050167710567,0
3.0377227315332576,-4.939108056522551,0
3.041314326876215,-4.939814584488319,0
3.043168473206862,-4.9398214792863495,0
3.038684082927059,-4.940729412085524,0
3.0362889503065986,-4.940258504292169,0
3.0329999191615684,-4.9414022235394945,0
3.0323421129325574,-4.941630967388962,0
3.0307198897882905,-4.940238817552505,0
3.036828955629538,-4.940722665088149,0
3.036946756535606,-4.940029760442705,0
3.036828955629538,-4.940722665088149,0
3.0380265219397664,-4.940958118984826,0
3.0410782345806417,-4.941200467679533,0
3.038684082927059,-4.940729412085524,0
3.037486639237688,-4.940493939713765,0
3.0388020064539845,-4.9400364889649975,0
3.0392238430082763,-4.9411936098316644,0
3.0388020064539845,-4.9400364889649975,0
3.039341643914348,-4.940500705186222,0
3.040775057278431,-4.939350312841848,0
3.0423928660717863,-4.940743127781257,0
3.0462181012931495,-4.940064142057452,0
3.0512371015781135,-4.939621182957859,0
3.0511181970843175,-4.940314253879041,0
3.0463367605452234,-4.9393711080864335,0
3.0443648133085084,-4.940057117933845,0
3.049147721297903,-4.94100004202547,0
3.049385039802061,-4.939613974083436,0
3.0481896806672886,-4.939378187635285,0
3.0468752944178625,-4.939835490583395,0
3.0511181970843175,-4.940314253879041,0
3.0509995378322365,-4.941007287850059,0
3.0467567577866426,-4.94052850607933,0
3.0509995378322365,-4.941007287850059,0
3.0508811238218776,-4.94170028487091,0
3.051537703842296,-4.941471725772265,0
3.0508811238218776,-4.94170028487091,0
3.049147721297903,-4.94100004202547,0
3.0578373566887826,-4.951665294726732,0
3.057722130820739,-4.952357811395457,0
3.0549911302648596,-4.9539629756017085,0
3.0528016064822125,-4.956032078902959,0
3.0528016064822125,-4.956032078902959,0
3.0528016064822125,-4.956032078902959,0
3.0532285931125713,-4.957188423816184,0
3.0521478467415477,-4.956260213074719,0
3.0521478467415477,-4.956260213074719,0
3.052462182541891,-4.958108686679941,0
3.0507273085676125,-4.957408665535485,0
3.048766397208169,-4.958093012625522,0
3.04745912296854,-4.958549244018876,0
3.047888439395205,-4.959705237905542,0
3.0477766469112133,-4.96039723727197,0
3.04570565975979,-4.961773325077285,0
3.0479847081661937,-4.962936878864934,0
3.0461369381201955,-4.962929023362639,0
3.0452633946581393,-4.964540583539712,0
3.0445009079549337,-4.965460255200851,0
3.041238240294497,-4.9666000023055545,0
3.03721480262287,-4.968659162420247,0
3.036132388695858,-4.9716525043203355,0
3.0325546986459564,-4.974865182660711,0
3.0298434400483067,-4.976467372378771,0
3.025934860382147,-4.977834071249987,0
3.0206203344242297,-4.980347024047216,0
3.0189088075491135,-4.983564786627591,0
3.013803152056159,-4.984695957701804,0
3.00969747352746,-4.987442664688167,0
3.0034872832169093,-4.98764920918682,0
2.9978245781016746,-4.9883187875014485,0
2.9922566211710873,-4.988298934486046,0
2.988346570054624,-4.989665855058247,0
2.982578080877463,-4.991026527460285,0
2.9778242831675854,-4.99400051876464,0
2.9707513400305388,-4.995816997633153,0
2.9666547354453776,-4.998562337463451,0
2.963121434146281,-5.001768327824156,0
2.954277566502533,-5.002890217222308,0
2.950100192510593,-5.006322882223294,0
2.943026513648398,-5.0081394719422985,0
2.937252997016035,-5.009500901822696,0
2.9319563737034677,-5.012011157257961,0
2.924226850546006,-5.014056195225114,0
2.918281494947969,-5.01679382735378,0
2.9122565961517424,-5.020218599902309,0
2.908189175330925,-5.022959542663099,0
2.9037142268572325,-5.0238660528809636,0
2.899079456262008,-5.026146954789056,0
2.893223208289129,-5.0281960054414565,0
2.8878644539402956,-5.0313907778349485,0
2.88373600567094,-5.034816071278231,0
2.879185437866532,-5.036409130713341,0
2.8770883702112684,-5.038464303802787,0
2.8724673331522084,-5.040743136501696,0
2.8660411603668976,-5.0423325342781204,0
2.862354288616814,-5.041640361451041,0
2.8591032699379397,-5.042778353422957,0
2.854761780101171,-5.042314444093213,0
2.8521594937077737,-5.04322505937173,0
2.848394795451526,-5.043219768313374,0
2.8462357193808536,-5.0459594398859675,0
2.845381219890921,-5.048243286517007,0
2.840897565336263,-5.049151108465688,0
2.836478984718479,-5.049373970054175,0
2.8315401029969536,-5.048454546266813,0
2.8312098284782437,-5.051880087071078,0
2.8255510094914413,-5.051873924091408,0
2.8210604881687082,-5.052782780644684,0
2.81663246574481,-5.05300706481448,0
2.8098516620394562,-5.051403748629223,0
2.8035876034329412,-5.050943253597184,0
2.7986232165728318,-5.050027672626875,0
2.793065606937148,-5.048655949046157,0
2.7880289115095067,-5.048426418465878,0
2.7842330675551707,-5.048425820078343,0
2.781617047625609,-5.049338504566041,0
2.776635493845294,-5.048425510107206,0
2.771058142251377,-5.047056761014687,0
2.765412651199128,-5.046373434159415,0
2.759295869647527,-5.043865281803839,0
2.75501745407486,-5.042041557623538,0
2.7488919664422937,-5.03953471699878,0
2.744078903125427,-5.036570869027221,0
2.7397921493343773,-5.0347484011524966,0
2.734314780882997,-5.032014276209749,0
2.7294950960397664,-5.029051425892616,0
2.726983964087079,-5.028597995526807,0
2.7265240773275856,-5.026771451843878,0
2.7203089915864282,-5.024953266595711,0
2.71713146994464,-5.024729873335103,0
2.71713146994464,-5.024729873335103,0
2.7151433367545863,-5.025418321893335,0
2.7081862419936122,-5.024516722967618,0
2.7055997359519353,-5.024749804868888,0
2.7081862419936122,-5.024516722967618,0
2.7099747390221296,-5.0258838205929255,0
2.7081862419936122,-5.024516722967618,0
2.7099747390221296,-5.0258838205929255,0
2.71832159412153,-5.025641604303452,0
2.714615433157608,-5.024277181972572,0
2.7109753270974295,-5.022227651480838,0
2.709852974516302,-5.0206305537004905,0
2.707471745195644,-5.018807239564451,0
2.7076104765294957,-5.017436025588317,0
2.7078908820978,-5.014693154234088,0
2.7058953916562345,-5.015382711297237,0
2.707155371983486,-5.015608761377191,0
2.705230228175715,-5.0156125636516204,0
2.704635166087268,-5.0151566981674485,0
2.705230228175715,-5.0156125636516204,0
2.702920694318294,-5.013103291500958,0
2.699803587020746,-5.012195639933267,0
2.6961609059225395,-5.010146497418257,0
2.6963042968490143,-5.0087745813890105,0
2.692806723369305,-5.005353264193603,0
2.6881212328881503,-5.001019883478376,0
2.685072510290663,-4.999426772723275,0
2.6834379495824514,-4.996686170211673,0
2.6803129945499578,-4.995779701049228,0
2.677262310018733,-4.994186885895438,0
2.6704860904279215,-4.9912325674737215,0
2.6688539821368877,-4.988491595460479,0
2.663781198437782,-4.987592346462625,0
2.664146337012621,-4.990108321475589,0
2.6604161423604147,-4.988747520260773,0
2.6605700786807276,-4.987374015374478,0
2.6612433351379217,-4.987142943664683,0
2.6606474147034653,-4.986687207506083,0
2.659455573834556,-4.9857757351888825,0
2.6546096481275754,-4.982816838539295,0
2.6500006353231527,-4.977796779281244,0
2.64463845500077,-4.973694987578105,0
2.6409820403663993,-4.971647914272271,0
2.637406517759665,-4.968913497320672,0
2.631794304102865,-4.9668748450597615,0
2.6293261743325083,-4.965739779848505,0
2.6308513929806416,-4.963900399576069,0
2.630423387644374,-4.962069052371827,0
2.6287210553404066,-4.960013816672223,0
2.6251477399091208,-4.957279067169145,0
2.6209788719059546,-4.954088526082222,0
2.616722858211368,-4.95158627087025,0
2.6163019648849044,-4.949753852111257,0
2.615199109020292,-4.948153816792875,0
2.6135018041715234,-4.94609782361491,0
2.6143639438937285,-4.944487981620458,0
2.613084834712538,-4.944264813653291,0
2.6116272650393064,-4.945418845588813,0
2.6144534193814586,-4.943799344718952,0
2.6147233172949633,-4.9417332123134425,0
2.614813773749571,-4.9410444276112795,0
2.616868122203261,-4.940346002508784,0
2.6150866145636797,-4.938977851803802,0
2.6153616625532443,-4.93691094344485,0
2.6136737995105896,-4.934853527685576,0
2.6152321257905378,-4.933009159141005,0
2.614234195641842,-4.930718159060785,0
2.6119585051413985,-4.928203787787499,0
2.610964253618455,-4.925912233454822,0
2.607314583131309,-4.923864144019483,0
2.6019833032652926,-4.919757696595685,0
2.5983313029818333,-4.917709958186903,0
2.595467294540164,-4.914738705299934,0
2.5937892411661956,-4.912679811534101,0
2.590828032122701,-4.9103983594788065,0
2.592112168759094,-4.910620769967611,0
2.5896435485053004,-4.909485778656686,0
2.5912290966158587,-4.907637308643919,0
2.5913299758434434,-4.906946953559785,0
2.590349703098383,-4.904653293067767,0
2.5892690416091746,-4.903049913759549,0
2.5907586153264894,-4.9018910598276335,0
2.589679915771022,-4.900287384918103,0
2.5910678745356037,-4.899818996920812,0
2.589576829367985,-4.900978072553714,0
2.589576829367985,-4.900978072553714,0
2.5897832474157774,-4.8995966603323335,0
2.587907604695836,-4.898917848581975,0
2.5854405785132,-4.897782617094984,0
2.5810954571934595,-4.895968943359273,0
2.5781397660886007,-4.89368665992529,0
2.5753953978658792,-4.890022225266648,0
2.574910656811131,-4.88887458211703,0
2.5775921940182194,-4.888627182027232,0
2.577698836426155,-4.88793595861425,0
2.5760921975279203,-4.889787606341114,0
2.578986038584013,-4.888157907226006,0
2.5742136119073713,-4.889109237992727,0
2.5767889971899613,-4.889552987415584,0
2.5751840749837456,-4.8914043764913036,0
2.574277423889871,-4.893020924940506,0
2.578730904309573,-4.894143116612087,0
2.577653676204406,-4.892539220001574,0
2.577062660604291,-4.892082744839694,0
2.575078781405253,-4.892095396678384,0
2.576957489646663,-4.892773746551695,0
2.575565116531166,-4.893242799651938,0
2.574973733068475,-4.892786379915304,0
2.576156499993857,-4.893699219388569,0
2.574868929973423,-4.893477326202058,0
2.5781397660886007,-4.89368665992529,0
2.5782446918045174,-4.892995695163451,0
2.5826954745653303,-4.894118293286832,0
2.577339266919232,-4.8946120588618385,0
2.580122541699911,-4.893674174362337,0
2.577168076803641,-4.891391706177531,0
2.575670042247083,-4.892551834890101,0
2.5786263464562325,-4.894834025948677,0
2.5740683081831897,-4.894402743613687,0
2.5734765568579263,-4.893946379302301,0
2.5740683081831897,-4.894402743613687,0
2.578730904309573,-4.894143116612087,0
2.58220999778543,-4.89297076098771,0
2.5781397660886007,-4.89368665992529,0
2.5819999011118746,-4.894352727461545,0
2.5841919150507273,-4.892958404750328,0
2.5823154139847766,-4.892279722325545,0
2.5830113553008047,-4.892045232725586,0
2.5833910480187825,-4.8938838591121225,0
2.5788357074046324,-4.893452170325331,0
2.5796368196782993,-4.892526679013372,0
2.578940755741403,-4.8927611870884125,0
2.5771085565511953,-4.887479372601881,0
2.5772155668217067,-4.8867880937636485,0
2.575445095059397,-4.885418280301291,0
2.577322822333933,-4.886096777975256,0
2.5740497790432997,-4.8858877768035,0
2.5762504990631108,-4.884492142361461,0
2.5758770600089242,-4.882652573745748,0
2.5779715054833723,-4.88194810729145,0
2.5813529078739705,-4.881465626399073,0
2.584623866610009,-4.881674941647221,0
2.58543123254746,-4.880748508106082,0
2.5876351407095974,-4.879352393311915,0
2.591014458545594,-4.878870226495934,0
2.5898111648007998,-4.874039178370952,0
2.5883904171309418,-4.87059120522472,0
2.589317545908198,-4.8689715714368305,0
2.590831643797234,-4.867809022488521,0
2.58825056881912,-4.863444828929024,0
2.589300525957647,-4.861131533017328,0
2.5874296654511895,-4.860452000738775,0
2.5853257290345972,-4.857236595783979,0
2.5817002148565926,-4.855184866757492,0
2.5825216821927803,-4.854256308581926,0
2.5806495954777375,-4.853576961054191,0
2.5790153177502866,-4.851511471684093,0
2.577142495310092,-4.850832235006852,0
2.5746845430709975,-4.849695636363794,0
2.570816315071056,-4.849030788182947,0
2.567651017776086,-4.848130397322469,0
2.5670657653563254,-4.847673053831738,0
2.565189754773808,-4.846994297506626,0
2.5638987513693294,-4.84677292162241,0
2.5620218824408063,-4.846094294622869,0
2.5601445230288427,-4.845415741523663,0
2.5602650215938,-4.844722430426414,0
2.567306272002803,-4.846286505537574,0
2.569766431417353,-4.847422771629155,0
2.5687172834888017,-4.8458146442248715,0
2.569665012570308,-4.844191906623209,0
2.570370763555026,-4.843955939016695,0
2.5677902281963725,-4.843512965547278,0
2.5695437782801953,-4.844885328570948,0
2.567816787786658,-4.839587662464085,0
2.5630218723568596,-4.836621080180397,0
2.5582252402350427,-4.8336547565478565,0
2.553513473144367,-4.8339217920573265,0
2.548710587358755,-4.830956410653968,0
2.545786164572842,-4.8286694160740815,0
2.5459115679721442,-4.827975365973556,0
2.5406040030678696,-4.827786646849345,0
2.537886292707494,-4.828039497088323,0
2.5361290639979117,-4.8266676883171105,0
2.531065071261583,-4.825091959021686,0
2.529767078468172,-4.824871636217141,0
2.529767078468172,-4.824871636217141,0
2.531651182027357,-4.825549173186843,0
2.5284688404330424,-4.82465135036276,0
2.5311908425234613,-4.824397853495913,0
2.5335347951031046,-4.826226784056873,0
2.534246186647316,-4.825989966596589,0
2.536254590018075,-4.825973619741502,0
2.5355433210947176,-4.826210418726706,0
2.5348320521713674,-4.826447217711911,0
2.5369658589414286,-4.825736820756301,0
2.5392259274567976,-4.824332244374592,0
2.5373442763147906,-4.823654337903248,0
2.5385145359125865,-4.824569061834875,0
2.535209365956998,-4.824364901134597,0
2.5330744555992126,-4.825075464365945,0
2.532362818813283,-4.825312318776392,0
2.5319027245511094,-4.824160962135302,0
2.52813451743274,-4.822805888195894,0
2.528008378308286,-4.823500049146913,0
2.52813451743274,-4.822805888195894,0
2.5269622959012032,-4.821891459865579,0
2.5247449729294473,-4.819368294453277,0
2.452242559459819,-4.765218312413561,0
2.4475702385465645,-4.764804248854967,0
2.4468419253238665,-4.765043615876564,0
2.4440696486814204,-4.765304687527017,0
2.4427537532426484,-4.76508706208444,0
2.4424720459876816,-4.766479818006145,0
2.43911096092058,-4.766284081943242,0
2.4341508017094284,-4.7672636980604555,0
2.4331134253833007,-4.765653797048303,0
2.4353284185587434,-4.768177313487165,0
2.436785290245858,-4.767698542493807,0
2.4395587930968894,-4.76743728609253,0
2.4389705977765246,-4.76698038600377,0
2.4381021666514933,-4.767916020135727,0
2.4386906072135766,-4.768372883274328,0
2.4396990336200837,-4.766741000507091,0
2.439418797815417,-4.768133534727813,0
2.4381021666514933,-4.767916020135727,0
2.444375523642524,-4.767154435912898,0
2.4437879414264536,-4.766697443448724,0
2.443059750824613,-4.766936791995239,0
2.4437879414264536,-4.766697443448724,0
2.4462785108139293,-4.767829127719978,0
2.444963105858598,-4.767611428377073,0
2.44599827500927,-4.7692216619406995,0
2.4448228653354036,-4.768307713962514,0
2.44904907076436,-4.767568314720673,0
2.4543062762347887,-4.768439777195244,0
2.456487905139703,-4.767722174957665,0
2.4592553995686686,-4.767461823835411,0
2.4602656652880484,-4.765829663941943,0
2.4576395149700048,-4.765393563203018,0
2.4570537720668106,-4.764936293612616,0
2.4576395149700048,-4.765393563203018,0
2.4595383330322207,-4.766068883162884,0
2.460709573596894,-4.766983459293854,0
2.4551743394972476,-4.767504198488531,0
2.4502232542296376,-4.768482447449678,0
2.4461382702907386,-4.768525413305422,0
2.44599827500927,-4.7692216619406995,0
2.4458585249695126,-4.769917873625815,0
2.444095042596139,-4.768547007083782,0
2.4435072151383537,-4.768090051569773,0
2.4455506880746682,-4.768068420841246,0
2.4448228653354036,-4.768307713962514,0
2.4448228653354036,-4.768307713962514,0
2.443367219856878,-4.768786300205052,0
2.443955169935524,-4.769243237243982,0
2.4419115743783486,-4.769264886447591,0
2.442499769698717,-4.769721786536355,0
2.440905232526447,-4.770896455138434,0
2.44177206958031,-4.769961061182544,0
2.440455928899823,-4.769743472690131,0
2.436645540206097,-4.768394754178921,0
2.4400071157566394,-4.768590416341498,0
2.43927904777566,-4.76882974641293,0
2.4407351837376225,-4.768351086270062,0
2.442051324418113,-4.768568674762474,0
2.442919387680565,-4.767633096055764,0
2.4462785108139293,-4.767829127719978,0
2.45064544724951,-4.766393368992363,0
2.453556738206565,-4.765436196507286,0
2.45545678247737,-4.766111331716333,0
2.456184359974916,-4.765872075545227,0
2.453556738206565,-4.765436196507286,0
2.4547292049798237,-4.7663505878874375,0
2.4547292049798237,-4.7663505878874375,0
2.4547292049798237,-4.7663505878874375,0
2.4560428932431364,-4.766568545881491,0
2.4547292049798237,-4.7663505878874375,0
2.4545879834897626,-4.767047021273537,0
2.4547292049798237,-4.7663505878874375,0
2.4560428932431364,-4.766568545881491,0
2.4542845609458297,-4.765196903386016,0
2.4517980380466824,-4.7640646094370585,0
2.453556738206565,-4.765436196507286,0
2.4548706717116,-4.7656541175511755,0
2.4576395149700048,-4.765393563203018,0
2.4576395149700048,-4.765393563203018,0
2.456184359974916,-4.765872075545227,0
2.453556738206565,-4.765436196507286,0
2.4547292049798237,-4.7663505878874375,0
2.451069847444849,-4.764303957983573,0
2.448885275639327,-4.76502200362312,0
2.4458316596044867,-4.766675775770032,0
2.443059750824613,-4.766936791995239,0
2.444375523642524,-4.767154435912898,0
2.4408751790190983,-4.767654837634781,0
2.441463251718602,-4.768111756198628,0
2.441463251718602,-4.768111756198628,0
2.441603369620939,-4.767415489088268,0
2.4421913196995853,-4.767872426127198,0
2.441463251718602,-4.768111756198628,0
2.439867488337743,-4.76928660955153,0
2.4378229118137007,-4.769308406555796,0
2.4405954336978617,-4.769047297955179,0
2.4451035916235035,-4.766915105841466,0
2.4470063335531975,-4.767589834598706,0
2.446418996578842,-4.767132805184369,0
2.4436474556615444,-4.76739376598433,0
2.530409945637757,-4.907797261528312,0
2.530409945637757,-4.907797261528312,0
2.5305071462395823,-4.907107460696638,0
2.5305071462395823,-4.907107460696638,0
2.5322076392306734,-4.9091629735224735,0
2.5297136364591495,-4.908031806553515,0
2.529810714440117,-4.9073420241969234,0
2.5299080376628,-4.906652204890172,0
2.5291142826406556,-4.907576587697209,0
2.5303129902776504,-4.908487025409821,0
2.533406101625946,-4.910073448185248,0
2.5297136364591495,-4.908031806553515,0
2.5335026891234804,-4.909383739728984,0
2.53271040555164,-4.910307900835042,0
2.5308157565986136,-4.909631952722387,0
2.5341017977002593,-4.909838995535454,0
2.53271040555164,-4.910307900835042,0
2.5308157565986136,-4.909631952722387,0
2.53271040555164,-4.910307900835042,0
2.533309759370134,-4.910763119691346,0
2.531415233037965,-4.9100871531036105,0
2.531009176835397,-4.908252498859699,0
2.5308157565986136,-4.909631952722387,0
2.534198507818651,-4.909149268604111,0
2.5341017977002593,-4.909838995535454,0
2.5303129902776504,-4.908487025409821,0
2.5297136364591495,-4.908031806553515,0
2.5308157565986136,-4.909631952722387,0
2.5329035805467015,-4.908928483922516,0
2.5335026891234804,-4.909383739728984,0
2.5342954631787578,-4.908459504722602,0
2.5335995218627296,-4.908693994322558,0
2.530216280159255,-4.909176752341162,0
2.5308157565986136,-4.909631952722387,0
2.5335026891234804,-4.909383739728984,0
2.5342954631787578,-4.908459504722602,0
2.531106254816361,-4.907562716503108,0
2.53379392306638,-4.907314392659215,0
2.5319977009237675,-4.905948458964069,0
2.5338914915307846,-4.906624536402294,0
2.5319977009237675,-4.905948458964069,0
2.5333908097644127,-4.905479295013336,0
2.535088727717472,-4.9075351958158855,0
2.5305071462395823,-4.907107460696638,0
2.534991404494786,-4.908225015122644,0
2.5325964416379705,-4.906403770195784,0
2.5305071462395823,-4.907107460696638,0
2.5319000098385054,-4.906638333696069,0
2.535088727717472,-4.9075351958158855,0
2.5319000098385054,-4.906638333696069,0
2.531203578039044,-4.906872897196353,0
2.534587800709385,-4.906389991377091,0
2.533989305236897,-4.905934643195213,0
2.5319000098385054,-4.906638333696069,0
2.5338914915307846,-4.906624536402294,0
2.5342954631787578,-4.908459504722602,0
2.5338914915307846,-4.906624536402294,0
2.5342954631787578,-4.908459504722602,0
2.5320147094773233,-4.910542353484834,0
2.5341017977002593,-4.909838995535454,0
2.5329035805467015,-4.908928483922516,0
2.53271040555164,-4.910307900835042,0
2.53271040555164,-4.910307900835042,0
2.531415233037965,-4.9100871531036105,0
2.529616803719904,-4.908721551959941,0
2.53271040555164,-4.910307900835042,0
2.5319186124632225,-4.911231988040768,0
2.533406101625946,-4.910073448185248,0
2.5335995218627296,-4.908693994322558,0
2.5335026891234804,-4.909383739728984,0
2.5335026891234804,-4.909383739728984,0
2.5315116979146453,-4.909397463122431,0
2.5320147094773233,-4.910542353484834,0
2.53271040555164,-4.910307900835042,0
2.531415233037965,-4.9100871531036105,0
2.533309759370134,-4.910763119691346,0
2.53271040555164,-4.910307900835042,0
2.5315116979146453,-4.909397463122431,0
2.534198507818651,-4.909149268604111,0
2.533406101625946,-4.910073448185248,0
2.5329035805467015,-4.908928483922516,0
2.5336965998436938,-4.908004211965968,0
2.5335995218627296,-4.908693994322558,0
2.5318025639949617,-4.907328171477904,0
2.534991404494786,-4.908225015122644,0
2.5318025639949617,-4.907328171477904,0
2.5317053633931437,-4.90801797230958,0
2.534198507818651,-4.909149268604111,0
2.531106254816361,-4.907562716503108,0
2.534991404494786,-4.908225015122644,0
2.5348943265138217,-4.908914797479236,0
2.5335995218627296,-4.908693994322558,0
2.534392663780583,-4.907769703890928,0
2.534587800709385,-4.906389991377091,0
2.5326942553440936,-4.9057138769887025,0
2.533989305236897,-4.905934643195213,0
2.533989305236897,-4.905934643195213,0
2.531398960209561,-4.905493147732354,0
2.5335995218627296,-4.908693994322558,0
2.53379392306638,-4.907314392659215,0
2.5322076392306734,-4.9091629735224735,0
2.5329035805467015,-4.908928483922516,0
2.5338914915307846,-4.906624536402294,0
2.5326942553440936,-4.9057138769887025,0
2.529810714440117,-4.9073420241969234,0
2.532111051733139,-4.909852681978736,0
2.532111051733139,-4.909852681978736,0
2.53449010962413,-4.9070798661090915,0
2.5338914915307846,-4.906624536402294,0
2.534392663780583,-4.907769703890928,0
2.534392663780583,-4.907769703890928,0
2.5336965998436938,-4.908004211965968,0
2.530409945637757,-4.907797261528312,0
2.5335026891234804,-4.909383739728984,0
2.5335995218627296,-4.908693994322558,0
2.5335995218627296,-4.908693994322558,0
2.529616803719904,-4.908721551959941,0
2.5335026891234804,-4.909383739728984,0
2.532304471969919,-4.908473228116044,0
2.5328068704283098,-4.909618210853861,0
2.532111051733139,-4.909852681978736,0
2.5335026891234804,-4.909383739728984,0
2.5335026891234804,-4.909383739728984,0
2.5308157565986136,-4.909631952722387,0
2.5315116979146453,-4.909397463122431,0
2.5335995218627296,-4.908693994322558,0
2.5328068704283098,-4.909618210853861,0
2.529810714440117,-4.9073420241969234,0
2.5329035805467015,-4.908928483922516,0
2.5329035805467015,-4.908928483922516,0
2.5329035805467015,-4.908928483922516,0
2.529616803719904,-4.908721551959941,0
2.5297136364591495,-4.908031806553515,0
2.5297136364591495,-4.908031806553515,0
2.529520216222366,-4.909411260416203,0
2.529810714440117,-4.9073420241969234,0
2.5299080376628,-4.906652204890172,0
2.5299080376628,-4.906652204890172,0
2.5299080376628,-4.906652204890172,0
2.5299080376628,-4.906652204890172,0
2.529017327280542,-4.9082663515787175,0
2.529616803719904,-4.908721551959941,0
2.529017327280542,-4.9082663515787175,0
2.5291142826406556,-4.907576587697209,0
2.529616803719904,-4.908721551959941,0
2.533000535906808,-4.908238720041005,0
2.5299080376628,-4.906652204890172,0
2.5300056061272045,-4.905962348633253,0
2.5300056061272045,-4.905962348633253,0
2.5325964416379705,-4.906403770195784,0
2.531203578039044,-4.906872897196353,0
2.5319977009237675,-4.905948458964069,0
2.5297136364591495,-4.908031806553515,0
2.5329035805467015,-4.908928483922516,0
2.530216280159255,-4.909176752341162,0
2.5322076392306734,-4.9091629735224735,0
2.530119815282582,-4.909866442322345,0
2.5328068704283098,-4.909618210853861,0
2.530216280159255,-4.909176752341162,0
2.530119815282582,-4.909866442322345,0
2.5320147094773233,-4.910542353484834,0
2.5322076392306734,-4.9091629735224735,0
2.532111051733139,-4.909852681978736,0
2.531415233037965,-4.9100871531036105,0
2.532111051733139,-4.909852681978736,0
2.532111051733139,-4.909852681978736,0
2.530119815282582,-4.909866442322345,0
2.530119815282582,-4.909866442322345,0
2.531415233037965,-4.9100871531036105,0
2.529520216222366,-4.909411260416203,0
2.5328068704283098,-4.909618210853861,0
2.5328068704283098,-4.909618210853861,0
2.531415233037965,-4.9100871531036105,0
2.530119815282582,-4.909866442322345,0
2.530119815282582,-4.909866442322345,0
2.5329035805467015,-4.908928483922516,0
2.5328068704283098,-4.909618210853861,0
2.5328068704283098,-4.909618210853861,0
2.529616803719904,-4.908721551959941,0
2.5297136364591495,-4.908031806553515,0
2.5322076392306734,-4.9091629735224735,0
2.531415233037965,-4.9100871531036105,0
2.530119815282582,-4.909866442322345,0
2.5308157565986136,-4.909631952722387,0
2.5328068704283098,-4.909618210853861,0
2.532111051733139,-4.909852681978736,0
2.5316084080330334,-4.9087077361910865,0
2.5286122520448444,-4.906431549534151,0
2.5299080376628,-4.906652204890172,0
2.5306045920831224,-4.9064176229148035,0
2.5299080376628,-4.906652204890172,0
2.5329035805467015,-4.908928483922516,0
2.5291142826406556,-4.907576587697209,0
2.529017327280542,-4.9082663515787175,0
2.5291142826406556,-4.907576587697209,0
2.529810714440117,-4.9073420241969234,0
2.5297136364591495,-4.908031806553515,0
2.530216280159255,-4.909176752341162,0
2.529810714440117,-4.9073420241969234,0
2.5330977365086333,-4.9075489192093364,0
2.571510564482299,-4.860560457680439,0
2.5722131273246944,-4.860324970426053,0
2.574907049238501,-4.860075704352976,0
2.5720972883523636,-4.861017579470184,0
2.571510564482299,-4.860560457680439,0
2.570923840612238,-4.860103335890688,0
2.5683445314621807,-4.859660177670452,0
2.567757562350401,-4.859203092830867,0
2.567054509024576,-4.859438653985579,0
2.5665836241268387,-4.858288923151699,0
2.566467417291932,-4.858981587621077,0
2.5684606156762264,-4.858967531676155,0
2.567170593238618,-4.858746007991282,0
2.569634308658067,-4.8598817383054875,0
2.5690474621671484,-4.8594246349908214,0
2.5722131273246944,-4.860324970426053,0
2.569634308658067,-4.8598817383054875,0
2.5737345824652493,-4.859161312972827,0
2.5737342880875005,-4.855240055932583,0
2.5731563437832214,-4.85086030994653,0
2.567997234999666,-4.849974067406384,0
2.5672924649818185,-4.850209887212241,0
2.5718669344499077,-4.850638693886246,0
2.574219911837055,-4.848544963300734,0
2.5758704490026645,-4.846686701494523,0
2.577622527636187,-4.848059286219176,0
2.578447796218992,-4.847130155316073,0
2.580319760313177,-4.84780952131889,0
2.582774769651664,-4.848946563363912,0
2.582895390837482,-4.848253233791585,0
2.5805426586920497,-4.850346927426935,0
2.5811266849032215,-4.850804455668484,0
2.58323805205616,-4.850097439652874,0
2.583358305379406,-4.849404165505794,0
2.5860532082600756,-4.84915475163206,0
2.5886266316089284,-4.849598796656233,0
2.5917817513726398,-4.850500720948512,0
2.5957588289559723,-4.8504740131649005,0
2.5996130781780344,-4.851140967505092,0
2.6041673152044567,-4.8515728225676185,0
2.6107028563918924,-4.85199241376818,0
2.6166526546761304,-4.851954735378335,0
2.6227200086247286,-4.851224189293212,0
2.6287839291892787,-4.850494160510383,0
2.6366993361646287,-4.8504465830690595,0
2.645183073881256,-4.850858898679782,0
2.6521351789260663,-4.8524364051755295,0
2.6601496258161177,-4.8516987497763076,0
2.6672100899608857,-4.852584774207926,0
2.6755334773335093,-4.853696405317532,0
2.6817569012930456,-4.8555133342601255,0
2.687278620756196,-4.8575656211315295,0
2.6941860918084792,-4.859149852557113,0
2.700962764143682,-4.861428946986832,0
2.708102526244918,-4.861627867948746,0
2.7140484120586734,-4.86483692466026,0
2.7230033647965683,-4.865723765587944,0
2.7280447575558817,-4.866627744206777,0
2.7329591528447246,-4.868226013102204,0
2.741075226084508,-4.870044035667089,0
2.744845970501867,-4.8707235715381,0
2.7491809991721716,-4.87186361013886,0
2.754201791627235,-4.872770692571466,0
2.7603496811378783,-4.874599002164551,0
2.7652393070132852,-4.8762010030265355,0
2.769881804715851,-4.87919054983711,0
2.7710118446720386,-4.880111333595623,0
2.774764563823183,-4.880793585303682,0
2.7783939641296236,-4.882169573035878,0
2.7838343859635337,-4.8842341088866235,0
2.7867747117220247,-4.885843551614181,0
2.7928919460180204,-4.8876764799777614,0
2.798883654293853,-4.8902034769169465,0
2.8070348819810143,-4.891341047041635,0
2.8134917854590498,-4.891097330678065,0
2.816899145732627,-4.8899357829766394,0
2.823227948152475,-4.8903865231653985,0
2.8303528353907836,-4.889912529520558,0
2.8343143023860335,-4.889213017980682,0
2.8395125743662675,-4.888743048311255,0
2.844274295289175,-4.887118174784998,0
2.8474279058635403,-4.88734517068659,0
2.854965800954325,-4.888029628114317,0
2.860706653295523,-4.888023431264148,0
2.86410175148324,-4.8868637310709175,0
2.868050465909203,-4.886166140939569,0
2.8740342773140526,-4.884773026293592,0
2.879464472480663,-4.882917801585739,0
2.886674543476655,-4.881755817667262,0
2.892102776709521,-4.879900888560719,0
2.8984986149999834,-4.879666372787966,0
2.9063751983059447,-4.878274333289202,0
2.9123450309329186,-4.876883324802572,0
2.919949471410874,-4.876882600169118,0
2.9246905920295383,-4.875260830456632,0
2.931196383491116,-4.874334592443686,0
2.9371555481033873,-4.872945191289187,0
2.9451431881681955,-4.870861263274486,0
2.9506942497623356,-4.868312672044141,0
2.955295375099528,-4.867387150966934,0
2.950290928957692,-4.867152761440098,0
2.955295375099528,-4.867387150966934,0
2.9635403322654312,-4.867160287470572,0
2.9609725872151174,-4.867390542684301,0
2.961511366329468,-4.867854888231099,0
2.961912847821239,-4.8690150759613715,0
2.9659582837625784,-4.870873902797415,0
2.97337551992851,-4.871576539705801,0
2.9782241526981075,-4.872509561153489,0
2.985764339846167,-4.8725185174629875,0
2.9934348352278697,-4.871832684668686,0
2.9977330399015507,-4.872303115702364,0
3.004441827423875,-4.8732421266690675,0
3.010888025148173,-4.872324867545954,0
3.0199904738406502,-4.873735008006994,0
3.0249418251507123,-4.8739773972443245,0
3.03120340499801,-4.877009255585062,0
3.0380146658190768,-4.8772576712915665,0
3.045738352311357,-4.879134814118752,0
3.05091906316677,-4.881238480193108,0
3.054231894155361,-4.883337320678615,0
3.056876741383686,-4.885666438445391,0
3.0597964290988955,-4.886603834895048,0
3.0624400501186386,-4.888933137412643,0
3.0656313901784102,-4.8884792928973155,0
3.0701306289791006,-4.8908152685119575,0
3.0734348765075907,-4.892915402253202,0
3.075018474081407,-4.8943133717404805,0
3.079120277878662,-4.895488549947142,0
3.0832191387753127,-4.8966641715557735,0
3.0866525909497255,-4.89806968246895,0
3.0887601305140002,-4.899934232987944,0
3.0946897285543002,-4.904366422033995,0
3.096403756982621,-4.905069583942387,0
3.101276397098456,-4.908569978081074,0
3.1033824652124267,-4.910434750301052,0
3.105620680872928,-4.911604456290993,0
3.106411860857044,-4.910680461460675,0
3.1062793454479447,-4.911375583115955,0
3.106411860857044,-4.910680461460675,0
3.107729435248796,-4.910222678160432,0
3.110900040986472,-4.906525812035227,0
3.112218596345098,-4.906067880934328,0
3.112743274060712,-4.9065343511155515,0
3.114586016651508,-4.906542964096207,0
3.117357359469871,-4.9049317215879835,0
3.1187939723732683,-4.907026992790215,0
3.11918343702089,-4.90818899107852,0
3.1197075016322167,-4.908655553635155,0
3.121024095057102,-4.908197918135567,0
3.122864262609866,-4.908206919092944,0
3.1231193725355126,-4.910064316162757,0
3.1252146500139304,-4.911930714189948,0
3.126919359256995,-4.912635280204569,0
3.129413899654729,-4.9124160546147735,0
3.1341330447976574,-4.913368585749021,0
3.1372812223152096,-4.912921244462549,0
3.1448705163464794,-4.91481863597957,0
3.151006900297144,-4.917869357378999,0
3.1559628848577894,-4.920682038370273,0
3.1611799763691586,-4.922105067253614,0
3.166912181169174,-4.923996007374571,0
3.168084364961672,-4.924235285613216,0
3.1709476470819276,-4.92518118060058,0
3.1726323805220353,-4.929134901952295,0
3.176663799946457,-4.93032068485601,0
3.1805617229949164,-4.932201737215658,0
3.184327253255134,-4.934777892755504,0
3.1888691263755753,-4.936432288949948,0
3.190815825112413,-4.938996228868154,0
3.1947055325633436,-4.940878519058295,0
3.1978182840497524,-4.943682660969243,0
3.201313131535283,-4.944403765774684,0
3.2048153476693138,-4.948369905973941,0
3.207926627705426,-4.951174269585875,0
3.2105193610688474,-4.953511239262484,0
3.2133820414818075,-4.957703370523992,0
3.216099565140233,-4.959346382475488,0
3.218051168711419,-4.961909583390417,0
3.218599891512312,-4.965618576354309,0
3.220555909434406,-4.968181112166288,0
3.222633529509185,-4.9700501706052815,0
3.2258698450820162,-4.972160539541935,0
3.2283469847148254,-4.975190081312515,0
3.230944009808301,-4.977526404361257,0
3.2315116162214146,-4.981232552162526,0
3.234282368729467,-4.98611368982718,0
3.235612707087501,-4.988900129017148,0
3.236196744695672,-4.992603801157433,0
3.239209843163085,-4.996098113401695,0
3.24192773468409,-4.997741069927944,0
3.2430445429845385,-5.001909992894044,0
3.2409260166790226,-5.003968399122833,0
3.2401837624174803,-5.004885022395447,0
3.2384830261779243,-5.008101159168607,0
3.239420956987736,-5.009726043472236,0
3.240882952408864,-5.011817490332497,0
3.24182247728983,-5.01344213446006,0
3.241290491458731,-5.016898066774161,0
3.23856100009219,-5.019178159371101,0
3.2180156790376415,-4.986663417205422,0
3.220514890424994,-4.989689633461248,0
3.220811078338272,-4.991540841378605,0
3.2199147765325513,-4.997077131911327,0
3.2251541964371775,-5.001742942228484,0
3.2256572193968545,-5.006133976489622,0
3.2238538872376914,-5.010040726998062,0
3.222901830680353,-5.016260573784754,0
3.22995321534027,-5.020939634328139,0
3.230376155482297,-5.022096588919066,0
3.23132610313624,-5.023719662664661,0
3.2382720715968105,-5.02908976187021,0
3.2395493528621166,-5.032559350862341,0
3.239976094250757,-5.03371573272573,0
3.2398763186109,-5.034405921534123,0
3.2408310484783343,-5.036028274751523,0
3.2415896604500958,-5.039030488283412,0
3.2425468427347006,-5.040652471999174,0
3.2433108500242405,-5.043653872627456,0
3.242925971484418,-5.046412484751523,0
3.2437924520727,-5.048723290119611,0
3.2444728696757217,-5.052412440845469,0
3.244285825723587,-5.053790934003896,0
3.245251836710011,-5.055411587513753,0
3.2448826536400865,-5.0581678348273265,0
3.2480630918404394,-5.060961778493031,0
3.2489420797563007,-5.063270699402757,0
3.2492028679804825,-5.065802396710474,0
3.2519452836732086,-5.06744165822033,0
3.2550404154950208,-5.070923610634754,0
3.258930245566809,-5.0728058823498134,0
3.2632606731842593,-5.075842448243996,0
3.264851628009584,-5.077239309226357,0
3.2668868590063305,-5.079789910135382,0
3.2683075689371535,-5.082562733189938,0
3.2689479272584485,-5.086933075359273,0
3.2707426893477525,-5.0915453746541335,0
3.27385216781002,-5.095025165483971,0
3.2753672580629143,-5.09710861263374,0
3.276723997644595,-5.100566229772756,0
3.280372377842074,-5.104510347674305,0
3.282880087807712,-5.108210439241146,0
3.285315243964096,-5.112596618148185,0
3.2895803524029503,-5.116318181352728,0
3.2914172960676105,-5.120924125219394,0
3.2944742079205795,-5.125086991951063,0
3.297677453600631,-5.1278774992515235,0
3.299461217551702,-5.133166611395431,0
3.301461171480206,-5.136397683219737,0
3.3026594755088396,-5.1419046389147525,0
3.3016607644854616,-5.146235680992282,0
3.3001991389201635,-5.149415791355606,0
3.3004194151182276,-5.153303904098797,0
3.3002944173205435,-5.154673048865746,0
3.300463966222189,-5.159243960384545,0
3.3019001641202266,-5.162689605670447,0
3.301547242481714,-5.166793714456544,0
3.300949397852559,-5.167013423990927,0
3.301489280554641,-5.167477603261986,0
3.300351553223404,-5.167233133525309,0
3.299041166319533,-5.16904014545414,0
3.299041166319533,-5.16904014545414,0
3.299041166319533,-5.16904014545414,0
3.299411822833008,-5.171555289088413,0
3.3043903696316406,-5.174364570664608,0
3.3092015295545423,-5.179224539477783,0
3.3083387673243045,-5.182859942597739,0
3.307097378224775,-5.183981402963752,0
3.3068895642047593,-5.186713337069458,0
3.3085677873423727,-5.187421893701783,0
3.3091099998407607,-5.1878857219462855,0
3.3101944248375474,-5.188813378435292,0
3.3101944248375474,-5.188813378435292,0
3.309652212339156,-5.188349550190788,0
3.3129559693842126,-5.190449757832361,0
3.3145822390168185,-5.191841297991113,0
3.3140401491392844,-5.19137745127153,0
3.3117705802780257,-5.190887624994243,0
3.313447699827904,-5.191596347902305,0
3.3095000304498967,-5.190397946517608,0
3.3060923663948287,-5.189663705928888,0
3.3060923663948287,-5.189663705928888,0
3.3061428484495323,-5.188980944103445,0
3.3066856740522184,-5.189444679972539,0
3.3067871286450554,-5.188079082421327,0
3.3085677873423727,-5.187421893701783,0
3.3131603500201905,-5.187718341028951,0
3.3149919812556377,-5.186378316583639,0
3.3140151418946147,-5.184084138789322,0
3.3160223681928223,-5.187989270675461,0
3.3198109889134884,-5.19123710299157,0
3.322517146571112,-5.193556983217361,0
3.3247319416476167,-5.19473021794796,0
3.325864028419357,-5.194975537538406,0
3.329849427282774,-5.195493098506185,0
3.33206115683781,-5.196666795113837,0
3.335402152884839,-5.198086236238819,0
3.338151925829081,-5.199724389243755,0
3.34139195776671,-5.202509354019622,0
3.3458075691418436,-5.204857929640166,0
3.349680722776867,-5.2067427139663724,0
3.353012154396925,-5.208163596147747,0
3.3568806484393185,-5.2100490825270676,0
3.3589441199725805,-5.213270584258911,0
3.3604710195669405,-5.216027407892486,0
3.3638426330895825,-5.216767080155302,0
3.3671221112046403,-5.218870945863106,0
3.3708952816971234,-5.222121106039539,0
3.374129427833541,-5.224906957619339,0
3.377363573969962,-5.227692809199143,0
3.3816757688185177,-5.23140727797221,0
3.3876452186378643,-5.23583346261662,0
3.3896435313524265,-5.240415093275418,0
3.3929181046331394,-5.242519697986497,0
3.395614452622077,-5.244841056218844,0
3.3976975434927112,-5.248059601937575,0
3.4026612154284024,-5.250195968907015,0
3.405321305382234,-5.253197945855298,0
3.4084878402827883,-5.257344295863689,0
3.4088595532412107,-5.261209591880647,0
3.4098109629417266,-5.264857912675357,0
3.4091141916149823,-5.267793150442657,0
3.4089641697583986,-5.271191532876426,0
3.4083062315047954,-5.273445763951072,0
3.406537787750562,-5.27545142382084,0
3.4069724900912632,-5.278632073553998,0
3.406868168075899,-5.281348414690521,0
3.4073121896018534,-5.284527660317449,0
3.409442366882189,-5.287739111604704,0
3.409895462351681,-5.290916990075566,0
3.409372954072488,-5.289775037251193,0
3.4066015149753106,-5.2888153044274375,0
3.404919650950987,-5.288782452139241,0
3.4048746019531038,-5.290139551152748,0
3.404306554192587,-5.290354771242212,0
3.4026464789420494,-5.289643480297757,0
3.4014663153899996,-5.291430871689535,0
3.400330219868966,-5.2918613118684625,0
3.3986471296360534,-5.2918286443310905,0
3.396984724589206,-5.291117704413187,0
3.395321829058922,-5.290406838395615,0
3.391930671676981,-5.291020422329256,0
3.3903301995674653,-5.288274683744863,0
3.3892349839351255,-5.28734865306307,0
3.385268789403728,-5.288178510165849,0
3.385247491113372,-5.28885687492178,0
3.386956416608406,-5.288210494125192,0
3.3847204458624063,-5.287715605675444,0
3.3841721023210845,-5.287252701185041,0
3.3830974492539454,-5.285648416597809,0
3.379675183912962,-5.28694184329394,0
3.375724156628994,-5.28709425939488,0
3.3779852269119743,-5.286910210361153,0
3.378050225370764,-5.284874949817613,0
3.3779852269119743,-5.286910210361153,0
3.3751958851694397,-5.285953174899364,0
3.378577270621733,-5.286016219063949,0
3.376886823137305,-5.2859846600314935,0
3.375217428701518,-5.285274773193262,0
3.3774360250246396,-5.286447435196322,0
3.3774360250246396,-5.286447435196322,0
3.37464643804039,-5.285490436684697,0
3.372998096653241,-5.284102222040698,0
3.3707342060905177,-5.28428669600131,0
3.3741408137006417,-5.283670784207343,0
3.3718992023951415,-5.283176745611364,0
3.36910691775201,-5.282220153551538,0
3.3708228326359873,-5.281572719675276,0
3.3685572253812417,-5.281757452287039,0
3.367457840639709,-5.2808320497580326,0
3.366908148268937,-5.280369348493531,0
3.364686241182639,-5.2791971853176864,0
3.3635634735961517,-5.278950461621008,0
3.3635405812346377,-5.279629066553008,0
3.363586611199384,-5.278271819738846,0
3.3641831918809153,-5.27737714486361,0
3.3641831918809153,-5.27737714486361,0
3.362510609302806,-5.276667738377512,0
3.363108048330343,-5.275772934176706,0
3.3631322895213103,-5.275094126018802,0
3.3648287454278076,-5.275124779772245,0
3.3659758768261163,-5.27469267683594,0
3.367098153929163,-5.274939474432944,0
3.36812322102665,-5.277901541611719,0
3.3664519872779834,-5.2771919318997185,0
3.3664519872779834,-5.2771919318997185,0
3.3658789120622643,-5.277407909467543,0
3.368099592939984,-5.278580257394209,0
3.3737776936060584,-5.277778726184547,0
3.3737776936060584,-5.277778726184547,0
3.374350155717483,-5.2775628409921325,0
3.374350155717483,-5.2775628409921325,0
3.3794518704046617,-5.276977786177506,0
3.3822874873536577,-5.276577537874967,0
3.381143298855953,-5.27700919740931,0
3.3822874873536577,-5.276577537874967,0
3.3817407378835007,-5.276114393208498,0
3.3828342368238182,-5.277040682541436,0
3.382809137286845,-5.277719620024914,0
3.381715393104802,-5.276793367642139,0
3.4305093281518175,-5.312591922860291,0
3.4321792979528603,-5.312626567231439,0
3.432147001524271,-5.31398174483642,0
3.4310552192759687,-5.313055196852334,0
3.4316336520704276,-5.312163256289232,0
3.42996343702767,-5.3121286488682475,0
3.43160111040012,-5.313518470844379,0
3.42996343702767,-5.3121286488682475,0
3.4310552192759687,-5.313055196852334,0
3.4316172586144162,-5.312840882041886,0
3.4316172586144162,-5.312840882041886,0
3.43160111040012,-5.313518470844379,0
3.4310552192759687,-5.313055196852334,0
3.43160111040012,-5.313518470844379,0
3.4310552192759687,-5.313055196852334,0
3.4310552192759687,-5.313055196852334,0
3.430477276964943,-5.313947063515112,0
3.43216302711771,-5.313304174509012,0
3.43216302711771,-5.313304174509012,0
3.43216302711771,-5.313304174509012,0
3.4316172586144162,-5.312840882041886,0
3.43160111040012,-5.313518470844379,0
3.4305093281518175,-5.312591922860291,0
3.4305093281518175,-5.312591922860291,0
3.4305093281518175,-5.312591922860291,0
3.4288388678673414,-5.312557352389474,0
3.4305093281518175,-5.312591922860291,0
3.4305093281518175,-5.312591922860291,0
3.4316172586144162,-5.312840882041886,0
3.4316172586144162,-5.312840882041886,0
3.4316172586144162,-5.312840882041886,0
3.4316172586144162,-5.312840882041886,0
3.4316172586144162,-5.312840882041886,0
3.4310391936825297,-5.313732767179747,0
3.4327249438352965,-5.313089878173647,0
3.43216302711771,-5.313304174509012,0
3.4327249438352965,-5.313089878173647,0
3.4332868605528795,-5.312875581838281,0
3.4310552192759687,-5.313055196852334,0
3.4327249438352965,-5.313089878173647,0
3.43216302711771,-5.313304174509012,0
3.43216302711771,-5.313304174509012,0
3.4316172586144162,-5.312840882041886,0
3.4305093281518175,-5.312591922860291,0
3.4316172586144162,-5.312840882041886,0
3.4288551387024917,-5.3118797451119,0
3.4282927315014717,-5.312094115347595,0
3.4288388678673414,-5.312557352389474,0
3.43160111040012,-5.313518470844379,0
3.4310391936825297,-5.313732767179747,0
3.4310552192759687,-5.313055196852334,0
3.430493179937521,-5.313269511662783,0
3.4305093281518175,-5.312591922860291,0
3.4288388678673414,-5.312557352389474,0
3.4288228422739024,-5.31323492271688,0
3.430493179937521,-5.313269511662783,0
3.4310552192759687,-5.313055196852334,0
3.4310552192759687,-5.313055196852334,0
3.4288388678673414,-5.312557352389474,0
3.429931140599077,-5.313483826473233,0
3.4282927315014717,-5.312094115347595,0
3.429931140599077,-5.313483826473233,0
3.4288388678673414,-5.312557352389474,0
3.4282606803145974,-5.313449256002411,0
3.4288228422739024,-5.31323492271688,0
3.42935344352977,-5.3143756561858435,0
3.4310391936825297,-5.313732767179747,0
3.4282450225837415,-5.314126770904576,0
3.4277142987070164,-5.312986055910697,0
3.4310552192759687,-5.313055196852334,0
3.429931140599077,-5.313483826473233,0
3.4282606803145974,-5.313449256002411,0
3.4277142987070164,-5.312986055910697,0
3.4271679170994283,-5.31252285581898,0
3.4305093281518175,-5.312591922860291,0
3.429931140599077,-5.313483826473233,0
3.4277303243004518,-5.312308485583287,0
3.4271679170994283,-5.31252285581898,0
3.4266215354918437,-5.312059655727264,0
3.429947166192509,-5.312806256145821,0
3.4266055098984083,-5.312737226054676,0
3.4282606803145974,-5.313449256002411,0
3.429947166192509,-5.312806256145821,0
3.4288388678673414,-5.312557352389474,0
3.4315852074275384,-5.3141960226967075,0
3.4310552192759687,-5.313055196852334,0
3.430493179937521,-5.313269511662783,0
3.4310391936825297,-5.313732767179747,0
3.43160111040012,-5.313518470844379,0
3.4316172586144162,-5.312840882041886,0
3.430493179937521,-5.313269511662783,0
3.4316172586144162,-5.312840882041886,0
3.4310714901111226,-5.31237758957476,0
3.4310552192759687,-5.313055196852334,0
3.4310552192759687,-5.313055196852334,0
3.4310714901111226,-5.31237758957476,0
3.4310391936825297,-5.313732767179747,0
3.4321792979528603,-5.312626567231439,0
3.4316172586144162,-5.312840882041886,0
3.4310552192759687,-5.313055196852334,0
3.388517970762969,-5.292312407968993,0
3.38965553773431,-5.291881746089082,0
3.3896352204108204,-5.29255996304436,0
3.3918489118996007,-5.2937333640506985,0
3.3901836865729997,-5.293022849059678,0
3.3902038812756317,-5.292344650579485,0
3.38965553773431,-5.291881746089082,0
3.3907522248169535,-5.292807555069887,0
3.3929455989822443,-5.294659173031503,0
3.3929455989822443,-5.294659173031503,0
3.3917901671045882,-5.295767682365055,0
3.39071232589513,-5.294163878129954,0
3.3912806188973654,-5.293948621090324,0
3.388497898681198,-5.292990587974108,0
3.390732152735186,-5.293485735075002,0
3.389595321488997,-5.293916286104423,0
3.3901836865729997,-5.293022849059678,0
3.386282735742121,-5.291817408668756,0
3.389066559546009,-5.292775275509236,0
3.386282735742121,-5.291817408668756,0
3.3874413557620997,-5.290708418983069,0
3.3852056302578077,-5.290213493583158,0
3.3868722044138515,-5.2909238053482746,0
3.3851850676926034,-5.290891747488599,0
3.386851764469508,-5.291602040778635,0
3.389086754248641,-5.292097077029037,0
3.3878900746197225,-5.294562112648556,0
3.390105360179657,-5.295735273478828,0
3.39461008858369,-5.295369798873011,0
3.39461008858369,-5.295369798873011,0
3.397996708993862,-5.294756898517404,0
3.4007543296730525,-5.296393869117097,0
3.4046443672475135,-5.297600953790319,0
3.406911162971806,-5.296740886336066,0
3.4052509651004144,-5.296029613866688,0
3.4064054160111965,-5.294921252333793,0
3.4064262238181158,-5.2942429614781865,0
3.405859034403612,-5.294458052242078,0
3.40583834921755,-5.295136324622604,0
3.4064054160111965,-5.294921252333793,0
3.40583834921755,-5.295136324622604,0
3.403023087331075,-5.295533506061533,0
3.4041574661600933,-5.295103324533748,0
3.403023087331075,-5.295533506061533,0
3.4052509651004144,-5.296029613866688,0
3.4035902767455823,-5.295318415297643,0
3.4069724828048464,-5.294706180044985,0
3.406490118689188,-5.292207867210383,0
3.4059225614121047,-5.292423013399521,0
3.407539549598493,-5.294491107756178,0
3.4053550041350213,-5.292638159588659,0
3.4075606026471306,-5.293812779950406,0
3.406447276866757,-5.293564633672419,0
3.4069724828048464,-5.294706180044985,0
3.407036009813339,-5.29267114120243,0
3.4053337058446616,-5.293316524344593,0
3.406447276866757,-5.293564633672419,0
3.4053337058446616,-5.293316524344593,0
3.405312652796031,-5.293994852150364,0
3.4069724828048464,-5.294706180044985,0
3.4074981792263657,-5.2958476525172244,0
3.4053337058446616,-5.293316524344593,0
3.405879964831392,-5.293779742911392,0
3.4053337058446616,-5.293316524344593,0
3.407539549598493,-5.294491107756178,0
3.406447276866757,-5.293564633672419,0
3.4053337058446616,-5.293316524344593,0
3.4047662711884428,-5.293531652058649,0
3.404198836532217,-5.293746779772704,0
3.4025172177496117,-5.293713890534342,0
3.4030434046545643,-5.2948552891062555,0
3.4019496604725212,-5.29392903672348,0
3.4019496604725212,-5.29392903672348,0
3.4019496604725212,-5.29392903672348,0
3.4053337058446616,-5.293316524344593,0
3.408106616392139,-5.294276035467368,0
3.4064685751571133,-5.292886268916483,0
3.4081277920616415,-5.293597689186514,0
3.4086949814761454,-5.293382598422625,0
3.4081492129728552,-5.292919305955502,0
3.4047662711884428,-5.293531652058649,0
3.408085685964359,-5.294954344798057,0
3.4069724828048464,-5.294706180044985,0
3.4064054160111965,-5.294921252333793,0
3.4047453407606625,-5.2942099613893365,0
3.406384853445992,-5.2955995062392365,0
3.4069724828048464,-5.294706180044985,0
3.405859034403612,-5.294458052242078,0
3.405291844989108,-5.294673143005969,0
3.4069724828048464,-5.294706180044985,0
3.404198836532217,-5.293746779772704,0
3.406384853445992,-5.2955995062392365,0
3.4046443672475135,-5.297600953790319,0
3.401829963707055,-5.297998005903674,0
3.401244173661077,-5.298891054971698,0
3.4018108725921508,-5.298676038108134,0
3.4023967852589863,-5.297782970565029,0
3.4024558979165676,-5.2957485968254225,0
3.403023087331075,-5.295533506061533,0
3.4041574661600933,-5.295103324533748,0
3.382594277331364,-5.283828394618812,0
3.382594277331364,-5.283828394618812,0
3.383119728511172,-5.284969904041217,0
3.3842382043676054,-5.285217274365763,0
3.38314225301011,-5.284291354534462,0
3.382092576859087,-5.282008150938836,0
3.383188037733145,-5.282934144670465,0
3.3826403072961178,-5.2824711478046495,0
3.3837357681701725,-5.283397141536279,0
3.3837357681701725,-5.283397141536279,0
3.383188037733145,-5.282934144670465,0
3.382092576859087,-5.282008150938836,0
3.3826403072961178,-5.2824711478046495,0
3.3826403072961178,-5.2824711478046495,0
3.383758905773412,-5.282718499654113,0
3.3842382043676054,-5.285217274365763,0
3.382571630211565,-5.2845069626006484,0
3.382571630211565,-5.2845069626006484,0
3.3836902286888595,-5.2847543144501135,0
3.3820463016526183,-5.283365434703164,0
3.382594277331364,-5.283828394618812,0
3.382594277331364,-5.283828394618812,0
3.3831650227507666,-5.283612768077546,0
3.382594277331364,-5.283828394618812,0
3.3820010074130202,-5.284722570666835,0
3.382594277331364,-5.283828394618812,0
3.383119728511172,-5.284969904041217,0
3.3836678268107754,-5.285432845481786,0
3.3847421120153385,-5.287037185494265,0
3.3836902286888595,-5.2847543144501135,0
3.382594277331364,-5.283828394618812,0
3.3837357681701725,-5.283397141536279,0
3.3831650227507666,-5.283612768077546,0
3.3842382043676054,-5.285217274365763,0
3.384808581924432,-5.285001703249742,0
3.3853121217095925,-5.286821669803487,0
3.3847640234099856,-5.28635872836292,0
3.3852903329357993,-5.287500108459751,0
3.3863654764863753,-5.289104319146658,0
3.3880105071103443,-5.290493032617869,0
3.389615148329046,-5.2932381430494715,0
3.389046610085096,-5.293453437039263,0
3.387969381979932,-5.291849540428753,0
3.387420793196892,-5.291386672888514,0
3.387420793196892,-5.291386672888514,0
3.387969381979932,-5.291849540428753,0
3.386323615630811,-5.290460937808033,0
3.386323615630811,-5.290460937808033,0
3.3868722044138515,-5.2909238053482746,0
3.3868722044138515,-5.2909238053482746,0
3.3868722044138515,-5.2909238053482746,0
3.3873804037916315,-5.292743069848905,0
3.3895757398906596,-5.294594392209209,0
3.389007446888428,-5.29480964924884,0
3.389556403534044,-5.295272461363833,0
3.389007446888428,-5.29480964924884,0
3.3884780718411456,-5.293668731029058,0
3.388497898681198,-5.292990587974108,0
3.3868315697668763,-5.292280239258828,0
3.3890269058659044,-5.294131561619134,0
3.3868315697668763,-5.292280239258828,0
3.380650457538117,-5.291936880106089,0
3.3783537800633674,-5.293476605572014,0
3.3750130292580565,-5.292057127496868,0
3.3716318890474852,-5.291994046382113,0
3.363722722469749,-5.2922999501387515,0
3.3625638572080554,-5.293408976774597,0
3.3642749898785453,-5.292762263426534,0
3.361975982607479,-5.294302339919014,0
3.361423102094392,-5.293840119006644,0
3.36140572767151,-5.294517892559952,0
3.3602997214036137,-5.293593487685374,0
3.36140572767151,-5.294517892559952,0
3.361975982607479,-5.294302339919014,0
3.3603173410682103,-5.292915677181899,0
3.3585712143102455,-5.2949179745867525,0
3.3607851887797793,-5.296766488734596,0
3.3607851887797793,-5.296766488734596,0
3.3596454146329826,-5.2971974831659825,0
3.3601991534920828,-5.297659574752782,0
3.358537936914786,-5.296273299992391,0
3.3601991534920828,-5.297659574752782,0
3.360801704856648,-5.296088844506858,0
3.361941724245156,-5.295657813125308,0
3.3631164924794277,-5.29387123463713,0
3.361993479651229,-5.293624547890621,0
3.36140572767151,-5.294517892559952,0
3.36251173393941,-5.295442297434532,0
3.360801704856648,-5.296088844506858,0
3.361975982607479,-5.294302339919014,0
3.3603173410682103,-5.292915677181899,0
3.360852724537562,-5.294055690122665,0
3.362546237543455,-5.294086787278072,0
3.36140572767151,-5.294517892559952,0
3.361958730805462,-5.294980094997241,0
3.3591760954711205,-5.293346893314272,0
3.3602997214036137,-5.293593487685374,0
3.361993479651229,-5.293624547890621,0
3.361975982607479,-5.294302339919014,0
3.361423102094392,-5.293840119006644,0
3.4058179092732033,-5.295814560052964,0
3.40583834921755,-5.295136324622604,0
3.408106616392139,-5.294276035467368,0
3.4081277920616415,-5.293597689186514,0
3.407581900937494,-5.293134415194473,0
3.4059225614121047,-5.292423013399521,0
3.40378306494652,-5.289212966218498,0
3.403805712066319,-5.288534398236662,0
3.403805712066319,-5.288534398236662,0
3.4065119074629813,-5.291529428554124,0
3.408170879125784,-5.292240885774321,0
3.4059225614121047,-5.292423013399521,0
3.4059225614121047,-5.292423013399521,0
3.406993413232623,-5.294027870714297,0
3.4081277920616415,-5.293597689186514,0
3.4081277920616415,-5.293597689186514,0
3.4064685751571133,-5.292886268916483,0
3.4053337058446616,-5.293316524344593,0
3.4064685751571133,-5.292886268916483,0
3.4087165250082236,-5.292704196716528,0
3.4070576759662714,-5.2919927210212485,0
3.4075606026471306,-5.293812779950406,0
3.4075606026471306,-5.293812779950406,0
3.407036009813339,-5.29267114120243,0
3.407581900937494,-5.293134415194473,0
3.407603444469565,-5.292456013488376,0
3.407581900937494,-5.293134415194473,0
3.4081277920616415,-5.293597689186514,0
3.409305748438232,-5.2918106303462125,0
3.407079587360922,-5.291314263889907,0
3.406490118689188,-5.292207867210383,0
3.4047662711884428,-5.293531652058649,0
3.4036314018759946,-5.293961907486759,0
3.4036314018759946,-5.293961907486759,0
3.403530428362849,-5.2973528998877395,0
3.404077668316443,-5.2978159706538825,0
3.4035109693853727,-5.2980309875174445,0
3.404077668316443,-5.2978159706538825,0
3.4018108725921508,-5.298676038108134,0
3.400658874098543,-5.299784030139389,0
3.4029442704542987,-5.298246004381008,0
3.4046443672475135,-5.297600953790319,0
3.4034917556496147,-5.298709038196984,0
3.4034917556496147,-5.298709038196984,0
3.4051914845802536,-5.298064043031541,0
3.4035109693853727,-5.2980309875174445,0
3.403023087331075,-5.295533506061533,0
3.4069724828048464,-5.294706180044985,0
3.4064054160111965,-5.294921252333793,0
3.405312652796031,-5.293994852150364,0
3.4059225614121047,-5.292423013399521,0
3.4059011405008874,-5.293101396630538,0
3.408085685964359,-5.294954344798057,0
3.40523089301864,-5.296707793871805,0
3.40751874179157,-5.295169398611783,0
3.4074778619028763,-5.296525869472504,0
3.4064054160111965,-5.294921252333793,0
3.407539549598493,-5.294491107756178,0
3.4069724828048464,-5.294706180044985,0
3.4069724828048464,-5.294706180044985,0
3.407539549598493,-5.294491107756178,0
3.408106616392139,-5.294276035467368,0
3.408085685964359,-5.294954344798057,0
3.408085685964359,-5.294954344798057,0
3.406951797618781,-5.295384452425509,0
3.404077668316443,-5.2978159706538825,0
3.4023586030291817,-5.299139034973948,0
3.401225450408756,-5.299569031750908,0
3.3972772811435696,-5.300396173016635,0
3.3928317880179897,-5.298727255407766,0
3.39338086728446,-5.2991900490476755,0
3.3955254289442856,-5.3030744888420145,0
3.3960748760733352,-5.30353722705668,0
3.3955424355045984,-5.302396770713946,0
3.396091760012787,-5.302859527403696,0
3.3955424355045984,-5.302396770713946,0
3.396091760012787,-5.302859527403696,0
3.3955254289442856,-5.3030744888420145,0
3.396091760012787,-5.302859527403696,0
3.396641084520976,-5.3033222840934435,0
3.3955086676256983,-5.303752170019912,0
3.3955424355045984,-5.302396770713946,0
3.401188739629255,-5.300924874458843,0
3.401188739629255,-5.300924874458843,0
3.4006224085607606,-5.30113983589716,0
3.4012069723981497,-5.300246971579957,0
3.4000740650194388,-5.300676931406757,0
3.4018108725921508,-5.298676038108134,0
3.4046640714667085,-5.296922829210452,0
3.406384853445992,-5.2955995062392365,0
3.4064262238181158,-5.2942429614781865,0
3.40751874179157,-5.295169398611783,0
3.406384853445992,-5.2955995062392365,0
3.4069313576744378,-5.296062687855871,0
3.4074981792263657,-5.2958476525172244,0
3.405777765109658,-5.297170920063193,0
3.40523089301864,-5.296707793871805,0
3.4046640714667085,-5.296922829210452,0
3.407539549598493,-5.294491107756178,0
3.408106616392139,-5.294276035467368,0
3.3917901671045882,-5.295767682365055,0
3.392358092244244,-5.295552480750674,0
3.3901245739154184,-5.2950572227992865,0
3.392906681027288,-5.296015348290915,0
3.392282708751509,-5.298264461767854,0
3.392264475982625,-5.29894236464674,0
3.3928317880179897,-5.298727255407766,0
3.392813677869956,-5.299405139811567,0
3.392301186762122,-5.297586521938802,0
3.3912032734708895,-5.296660897708815,0
3.3912032734708895,-5.296660897708815,0
3.391184550218565,-5.29733887448803,0
3.390105360179657,-5.295735273478828,0
3.3895757398906596,-5.294594392209209,0
3.3895757398906596,-5.294594392209209,0
3.390144032892895,-5.294379135169583,0
3.3901245739154184,-5.2950572227992865,0
3.3912032734708895,-5.296660897708815,0
3.3917336294850386,-5.29780166812794,0
3.3917522301165057,-5.297123709823811,0
3.3912032734708895,-5.296660897708815,0
3.390654316825273,-5.296198085593819,0
3.3901245739154184,-5.2950572227992865,0
3.390654316825273,-5.296198085593819,0
3.390105360179657,-5.295735273478828,0
3.3912032734708895,-5.296660897708815,0
3.395725989402095,-5.295617557174278,0
3.4007347480747185,-5.297071975221883,0
3.404077668316443,-5.2978159706538825,0
3.4046443672475135,-5.297600953790319,0
3.404077668316443,-5.2978159706538825,0
3.4035109693853727,-5.2980309875174445,0
3.4023775715232247,-5.298461021244568,0
3.4040583319598277,-5.298494039808503,0
3.4046249082700406,-5.298279041420022,0
3.4051914845802536,-5.298064043031541,0
3.4046249082700406,-5.298279041420022,0
3.4051914845802536,-5.298064043031541,0
3.404077668316443,-5.2978159706538825,0
3.404077668316443,-5.2978159706538825,0
3.404077668316443,-5.2978159706538825,0
3.406364536122503,-5.296277723194514,0
3.40751874179157,-5.295169398611783,0
3.406384853445992,-5.2955995062392365,0
3.4041574661600933,-5.295103324533748,0
3.4058179092732033,-5.295814560052964,0
3.406951797618781,-5.295384452425509,0
3.406384853445992,-5.2955995062392365,0
3.406384853445992,-5.2955995062392365,0
3.4064054160111965,-5.294921252333793,0
3.4041574661600933,-5.295103324533748,0
3.4013821031954414,-5.294144182912616,0
3.403023087331075,-5.295533506061533,0
3.400814545918358,-5.29435932910175,0
3.4013821031954414,-5.294144182912616,0
3.4047453407606625,-5.2942099613893365,0
3.405312652796031,-5.293994852150364,0
3.4064262238181158,-5.2942429614781865,0
3.4041780287252976,-5.294425070628311,0
3.4041780287252976,-5.294425070628311,0
3.4036107166899328,-5.294640179867281,0
3.4036314018759946,-5.293961907486759,0
3.4069724828048464,-5.294706180044985,0
3.4047453407606625,-5.2942099613893365,0
3.4053337058446616,-5.293316524344593,0
3.406384853445992,-5.2955995062392365,0
3.4053337058446616,-5.293316524344593,0
3.4047453407606625,-5.2942099613893365,0
3.4047662711884428,-5.293531652058649,0
3.404198836532217,-5.293746779772704,0
3.4053337058446616,-5.293316524344593,0
3.404198836532217,-5.293746779772704,0
3.4064054160111965,-5.294921252333793,0
3.4053337058446616,-5.293316524344593,0
3.4053337058446616,-5.293316524344593,0
3.404787446857938,-5.292853305777795,0
3.4053337058446616,-5.293316524344593,0
3.4053550041350213,-5.292638159588659,0
3.4053550041350213,-5.292638159588659,0
3.4025172177496117,-5.293713890534342,0
3.4030434046545643,-5.2948552891062555,0
3.4030639672197722,-5.294177035200812,0
3.4036107166899328,-5.294640179867281,0
3.4035902767455823,-5.295318415297643,0
3.4047453407606625,-5.2942099613893365,0
3.404198836532217,-5.293746779772704,0
3.407539549598493,-5.294491107756178,0
3.4075606026471306,-5.293812779950406,0
3.408106616392139,-5.294276035467368,0
3.408106616392139,-5.294276035467368,0
3.408106616392139,-5.294276035467368,0
3.408106616392139,-5.294276035467368,0
3.407036009813339,-5.29267114120243,0
3.408106616392139,-5.294276035467368,0
3.406490118689188,-5.292207867210383,0
3.4070576759662714,-5.2919927210212485,0
3.408085685964359,-5.294954344798057,0
3.40751874179157,-5.295169398611783,0
3.407036009813339,-5.29267114120243,0
3.407539549598493,-5.294491107756178,0
3.388517970762969,-5.292312407968993,0
3.389086754248641,-5.292097077029037,0
3.386851764469508,-5.291602040778635,0
3.387969381979932,-5.291849540428753,0
3.3896352204108204,-5.29255996304436,0
3.388517970762969,-5.292312407968993,0
3.387420793196892,-5.291386672888514,0
3.388517970762969,-5.292312407968993,0
3.389615148329046,-5.2932381430494715,0
3.3879491872773,-5.292527738908948,0
3.3880105071103443,-5.290493032617869,0
3.385775026847771,-5.289998070267794,0
3.387989821924279,-5.291171304998393,0
3.389086754248641,-5.292097077029037,0
3.3868722044138515,-5.2909238053482746,0
3.38581713294505,-5.288641414656253,0
3.386956416608406,-5.288210494125192,0
3.386386774776728,-5.288425954390725,0
3.386386774776728,-5.288425954390725,0
3.3863654764863753,-5.289104319146658,0
3.3846990249511926,-5.28839398890646,0
3.3863654764863753,-5.289104319146658,0
3.3863654764863753,-5.289104319146658,0
3.3863654764863753,-5.289104319146658,0
3.3847640234099856,-5.28635872836292,0
3.3836678268107754,-5.285432845481786,0
3.384808581924432,-5.285001703249742,0
3.38314225301011,-5.284291354534462,0
3.3842382043676054,-5.285217274365763,0
3.3841938910948777,-5.286574262528779,0
3.3863654764863753,-5.289104319146658,0
3.3863654764863753,-5.289104319146658,0
3.386913820027697,-5.289567223637061,0
3.385247491113372,-5.28885687492178,0
3.386386774776728,-5.288425954390725,0
3.38581713294505,-5.288641414656253,0
3.3868722044138515,-5.2909238053482746,0
3.3874413557620997,-5.290708418983069,0
3.387420793196892,-5.291386672888514,0
3.389066559546009,-5.292775275509236,0
3.3906927442967927,-5.29484198423474,0
3.390144032892895,-5.294379135169583,0
3.3906734079401737,-5.295520053389362,0
3.3901245739154184,-5.2950572227992865,0
3.3895757398906596,-5.294594392209209,0
3.3901245739154184,-5.2950572227992865,0
3.3906734079401737,-5.295520053389362,0
3.390635470952091,-5.296876080848117,0
3.3923775512217276,-5.294874393120967,0
3.397449101177692,-5.294293883176508,0
3.4024760926191995,-5.29507039834523,0
3.4041371488366003,-5.295781541489031,0
3.4024760926191995,-5.29507039834523,0
3.4023967852589863,-5.297782970565029,0
3.4023967852589863,-5.297782970565029,0
3.4029251793394018,-5.298924036585465,0
3.401849300063674,-5.2973199367490515,0
3.403003015249304,-5.296211686066647,0
3.4063444640407354,-5.296955903199628,0
3.403003015249304,-5.296211686066647,0
3.4030434046545643,-5.2948552891062555,0
3.40751874179157,-5.295169398611783,0
3.408652630137148,-5.29473929098433,0
3.408631822330225,-5.295417581839937,0
3.406993413232623,-5.294027870714297,0
3.408631822330225,-5.295417581839937,0
3.408065000778297,-5.29563261717858,0
3.408065000778297,-5.29563261717858,0
3.405859034403612,-5.294458052242078,0
3.405859034403612,-5.294458052242078,0
3.408085685964359,-5.294954344798057,0
3.40751874179157,-5.295169398611783,0
3.405859034403612,-5.294458052242078,0
3.405859034403612,-5.294458052242078,0
3.4047453407606625,-5.2942099613893365,0
3.408085685964359,-5.294954344798057,0
3.408085685964359,-5.294954344798057,0
3.4064054160111965,-5.294921252333793,0
3.406447276866757,-5.293564633672419,0
3.406993413232623,-5.294027870714297,0
3.4069724828048464,-5.294706180044985,0
3.4041780287252976,-5.294425070628311,0
3.4041780287252976,-5.294425070628311,0
3.405859034403612,-5.294458052242078,0
3.404704215630254,-5.295566469200219,0
3.4041371488366003,-5.295781541489031,0
3.405291844989108,-5.294673143005969,0
3.405312652796031,-5.293994852150364,0
3.4059011405008874,-5.293101396630538,0
3.407603444469565,-5.292456013488376,0
3.4064685751571133,-5.292886268916483,0
3.407581900937494,-5.293134415194473,0
3.406447276866757,-5.293564633672419,0
3.408085685964359,-5.294954344798057,0
3.408065000778297,-5.29563261717858,0
3.406951797618781,-5.295384452425509,0
3.4041574661600933,-5.295103324533748,0
3.4041574661600933,-5.295103324533748,0
3.404704215630254,-5.295566469200219,0
3.4074778619028763,-5.296525869472504,0
3.3290862938468067,-5.215057962840783,0
3.3290862938468067,-5.215057962840783,0
3.329673347840405,-5.2148398791136135,0
3.3296302230372206,-5.215521532434137,0
3.3302604018340034,-5.214621795386444,0
3.3295873434757546,-5.2162031488044995,0
3.331304767549071,-5.216230643318925,0
3.3313910171554397,-5.214867336677875,0
3.3307609609795144,-5.2157670552504865,0
3.3313477697313942,-5.215549008473483,0
3.3302604018340034,-5.214621795386444,0
3.3296302230372206,-5.215521532434137,0
3.3307180814180484,-5.216448671620848,0
3.331805939798876,-5.217375810807557,0
3.331805939798876,-5.217375810807557,0
3.33239238068818,-5.217157819455798,0
3.3313477697313942,-5.215549008473483,0
3.332978821577484,-5.216939828104039,0
3.3330217011389536,-5.2162582117336775,0
3.3346951420630724,-5.216967488894202,0
3.3347381442454065,-5.21628585404876,0
3.333064825942138,-5.215576558413153,0
3.3353245851347104,-5.216067862696999,0
3.335824776417642,-5.217213177986288,0
3.3374973589957584,-5.217922584472385,0
3.3386692598074994,-5.21748674956952,0
3.3374973589957584,-5.217922584472385,0
3.3352814603315224,-5.216749516017524,0
3.333651512073164,-5.21535853011123,0
3.334066189474875,-5.2178670411910755,0
3.334066189474875,-5.2178670411910755,0
3.33117723245239,-5.21827532615427,0
3.331637854937039,-5.220101758986706,0
3.3348637005941093,-5.223564016963753,0
3.33536793836538,-5.224708722575334,0
3.3364973274782272,-5.224954448617586,0
3.3370418697729356,-5.225417925835533,0
3.337586412067644,-5.225881403053476,0
3.3386754966570535,-5.226808357489368,0
3.338051816765777,-5.227707115357717,0
3.3374677056727826,-5.227924755682919,0
3.3381309543623487,-5.226344880271423,0
3.3375465980276395,-5.226562557546787,0
3.337586412067644,-5.225881403053476,0
3.3381708910232106,-5.225663707303029,0
3.3336133979109484,-5.225361976102416,0
3.3341188618908006,-5.226506496963184,0
3.3331084244145295,-5.224217381341326,0
3.332644613787558,-5.22239142886102,0
3.3328516543433864,-5.218984455514136,0
3.33117723245239,-5.21827532615427,0
3.33059091418394,-5.218493299030946,0
3.33239238068818,-5.217157819455798,0
3.3324351376287886,-5.216476221560519,0
3.33239238068818,-5.217157819455798,0
3.331805939798876,-5.217375810807557,0
3.330004595915497,-5.218711271907626,0
3.33059091418394,-5.218493299030946,0
3.332893798179697,-5.218302949994266,0
3.3340238003968423,-5.218548583661109,0
3.3328516543433864,-5.218984455514136,0
3.335195946450302,-5.218112711808082,0
3.3363680925037684,-5.217676839955052,0
3.3368688968909908,-5.218822062868934,0
3.3346951420630724,-5.216967488894202,0
3.3374547246760073,-5.218604163892582,0
3.336826630433812,-5.219503586863883,0
3.336074802341564,-5.222447119942986,0
3.3348637005941093,-5.223564016963753,0
3.3370418697729356,-5.225417925835533,0
3.3386754966570535,-5.226808357489368,0
3.341476855243723,-5.227763582393123,0
3.342487292719998,-5.230052698014983,0
3.345210004193529,-5.232370084104707,0
3.3473505665078065,-5.23490481491832,0
3.3461122806687804,-5.236700963498956,0
3.3459672485283676,-5.239423438362692,0
3.3464070632060867,-5.241928162050737,0
3.347430253251659,-5.244215356264068,0
3.345041647872005,-5.24644408813314,0
3.3461028126446983,-5.248050404979388,0
3.347711953096134,-5.250119681741289,0
3.349353672956923,-5.2515088940397145,0
3.35151152481226,-5.254041019866772,0
3.3571681196853014,-5.25459304045488,0
3.358323834543711,-5.254159644262835,0
3.358838985571392,-5.255302705592122,0
3.3593240096069046,-5.257125461883248,0
3.3649715305364083,-5.257678849627423,0
3.3643947766949296,-5.257895381447707,0
3.3620577569577073,-5.259441185215595,0
3.363727641876931,-5.260150998153499,0
3.3660030588003558,-5.2599647875351785,0
3.3693695222469415,-5.2607052357514394,0
3.3710369547489947,-5.261415418190978,0
3.374975389823561,-5.2619400551151525,0
3.3793961512747543,-5.264287854782253,0
3.3832691822889167,-5.266172657583542,0
3.3860217755129014,-5.267810385661594,0
3.389806632725996,-5.2717339407969135,0
3.3919319051719903,-5.274946131087445,0
3.391879008439151,-5.276304412506201,0
3.394138362030109,-5.2761206221236225,0
3.3947097205538057,-5.275904903206943,0
3.395202101840834,-5.277726550993149,0
3.398030606780029,-5.277327374245369,0
3.398004403655328,-5.2780064780045794,0
3.3963704089086377,-5.276616101775991,0
3.3985232333087723,-5.279148985081411,0
3.400677283917492,-5.281681683636009,0
3.401670139468205,-5.285323759853014,0
3.4021457594366424,-5.287823088817124,0
3.405420370456394,-5.290602843619872,0
3.407581900937494,-5.293134415194473,0
3.406951797618781,-5.295384452425509,0
3.405797714570575,-5.296492758533159,0
3.4062666281308225,-5.299668253718448,0
3.4045312920084108,-5.30166892531609,0
3.403912469808695,-5.303917262839583,0
3.402215683778657,-5.304561814603058,0
3.404394258559101,-5.3070908181412655,0
3.404943092583853,-5.307553648731339,0
3.4060407606333705,-5.308479309911494,0
3.4076569282127878,-5.311222683685392,0
3.409304166012209,-5.3126110646051306,0
3.411486542039267,-5.315139495415792,0
3.4164421964763747,-5.318627381923987,0
3.417540355009322,-5.31955296920381,0
3.4175154158322485,-5.320907038303874,0
3.418579231121047,-5.323863267356748,0
3.4179860366807766,-5.326107743588112,0
3.4174153290004092,-5.3269985202210535,0
3.418487972991027,-5.329953419068023,0
3.4179371770325346,-5.329490884079259,0
3.4223603909008986,-5.33183831424472,0
3.4256800509185332,-5.333260970033965,0
3.42844768876909,-5.3342212755852625,0
3.4300978694691224,-5.33560921310303,0
3.431222155648687,-5.334505396440299,0
3.435110891536496,-5.334362365681001,0
3.4367581293359173,-5.335750746600736,0
3.4333982308691766,-5.338385088138573,0
3.4339346330444336,-5.3402001033703534,0
3.429497430994452,-5.33988024811433,0
3.4272743731776387,-5.340058569872648,0
3.4244721374374762,-5.343154411794657,0
3.4233537370591236,-5.3442573416534565,0
3.4239106263215042,-5.344043802796449,0
3.4233581136709894,-5.343581526458831,0
3.4233537370591236,-5.3442573416534565,0
3.4233581136709894,-5.343581526458831,0
3.423915125554231,-5.343367969126746,0
3.4233581136709894,-5.343581526458831,0
3.42225308836996,-5.342656973783598,0
3.423915125554231,-5.343367969126746,0
3.4216958312449997,-5.34287056806585,0
3.424463138972019,-5.344506079134067,0
3.430562623447994,-5.34553689278307,0
3.4322220855942334,-5.346248276102941,0
3.436654750672453,-5.346568814936992,0
3.4377527017027205,-5.348169589258653,0
3.4388630468434513,-5.347743028846935,4
3.439413965422805,-5.348205545360617,4
3.4366387156752722,-5.349271854014498,4
3.4366353200302697,-5.349947521408463,4
3.4388550293448574,-5.34909454838569,4
3.4377527017027205,-5.348169589258653,4
3.437756833072875,-5.347493811014191,4
3.437761209684748,-5.346817995819569,4
3.4372102911053943,-5.346355479305888,4
3.437205791872664,-5.347031312975593,4
3.4388674234553207,-5.3470672136523145,4
3.437761209684748,-5.346817995819569,4
3.4388674234553207,-5.3470672136523145,4
3.4388720453089086,-5.3463913615075285,4
3.438316627496828,-5.3466046786635495,4
3.4383263616874373,-5.345252900473646,4
3.438316627496828,-5.3466046786635495,4
3.4383263616874373,-5.345252900473646,4
3.4410886042202122,-5.3462140189285545,4
3.441638909695275,-5.346676627817647,4
3.439982880933073,-5.345964727195483,4
3.4416438994114387,-5.346000720247613,4
3.439982880933073,-5.345964727195483,4
3.439987993270094,-5.345288801150371,4
3.439982880933073,-5.345964727195483,4
3.4405333090289894,-5.346427317609493,4
3.441638909695275,-5.346676627817647,4
3.439982880933073,-5.345964727195483,4
3.4405333090289894,-5.346427317609493,4
3.439987993270094,-5.345288801150371,4
3.441638909695275,-5.346676627817647,4
3.442194082265644,-5.346463347611788,4
3.442194082265644,-5.346463347611788,4
3.440538298745153,-5.345751410039464,4
3.4427442651198454,-5.346925974975962,4
3.439987993270094,-5.345288801150371,4
3.439987993270094,-5.345288801150371,4
3.4394376877950315,-5.3448261922612765,4
3.4372424365778294,-5.342299701334216,4
3.5328134039780927,-5.2476425057781455,4
3.534659796859355,-5.244949945664576,4
3.5359429241935842,-5.242471885112268,4
3.5379517991162217,-5.237729376764989,4
3.540436218529212,-5.234135897198474,4
3.5423590890871957,-5.230756658542081,0
3.541439391046282,-5.228453871359568,0
3.541092032495932,-5.225935217459723,0
3.5418322493456564,-5.223668589605076,0
3.540290955968061,-5.22226424621452,0
3.5416070683132475,-5.219781215865165,0
3.542414321033583,-5.216829332049011,0
3.54431074322515,-5.2141292341019945,0
3.5479297018270586,-5.210780704624291,0
3.5481796974224302,-5.2080424150903895,0
3.5504724887687438,-5.207178430918759,0
3.5517468251401887,-5.205376850664026,0
3.556334369766553,-5.203648586719456,0
3.558693951741759,-5.202099383536485,0
3.5599073832855233,-5.200982135489163,0
3.5629103871102394,-5.198531199949642,0
3.5621706210116635,-5.194850991163454,0
3.5644692981591852,-5.193986120187892,0
3.566907932849144,-5.19174985048538,0
3.5703574200207377,-5.19045232232105,0
3.5728725323874215,-5.187529374075716,0
3.57747479151681,-5.18579889312131,0
3.583153344927286,-5.184322137919647,0
3.584804431116101,-5.184359627453418,0
3.5850283462076327,-5.182300423203646,0
3.587557559973053,-5.179375350323886,0
3.5912442052889055,-5.176016622600935,0
3.593207946331834,-5.1733063818339176,0
3.594102137240913,-5.1703413991846485,0
3.597807175685549,-5.166979900199403,0
3.5988779877737826,-5.162637994773673,0
3.598466083509031,-5.161479377425367,0
3.597476076573365,-5.160537495123247,0
3.597487761300716,-5.155939277433301,0
3.5982383160416056,-5.154346247763442,0
3.5974230909722102,-5.152027719811093,0
3.5948677947096925,-5.150360265326151,0
3.595710645218059,-5.1480781738279,0
3.5931559620598392,-5.146410626967551,0
3.59257442600488,-5.146627879316032,0
3.587690165242769,-5.1458298591519025,0
3.593914487156532,-5.144816396417363,0
3.595346108350512,-5.142315962540794,0
3.5968722324874385,-5.139126134284359,0
3.597330032699091,-5.135681379394848,0
3.598098367464466,-5.134085670838102,0
3.5962289198685404,-5.1315100916182566,0
3.5943606984812,-5.128934327647588,0
3.596699595270337,-5.128063396845141,0
3.6001125791651063,-5.127446524346912,0
3.602154307074109,-5.124724533427761,0
3.604688340792052,-5.122473890111474,0
3.60615257913442,-5.119968541863104,0
3.606448595290807,-5.117898474265134,0
3.6050873942154418,-5.115791840887496,0
3.602267178358595,-5.112268467339296,0
3.599063996759625,-5.107582116323449,0
3.596454735922343,-5.1026766469758424,0
3.591871641392679,-5.099807783260301,0
3.58804981875463,-5.099265576533176,0
3.583146551759434,-5.09847042000675,0
3.5782383799299033,-5.097676002483604,0
3.5727330991963626,-5.09710118364435,0
3.56722193266161,-5.096527251609029,0
3.561704880325646,-5.095954206377643,0
3.5572664520670756,-5.095634535872442,0
3.551144810954735,-5.0952822163049465,0
3.5492608206126697,-5.096630129610258,0
3.543232701476395,-5.095588563463551,0
3.5375896326368377,-5.095709660708099,0
3.5314467781159635,-5.095360537329784,0
3.52480156287573,-5.094541581305325,0
3.5205342378576745,-5.092845819402356,0
3.5180476206729736,-5.0944141627702475,0
3.514075821327868,-5.090648407169635,0
3.5074068176410726,-5.089833035311079,4
3.5039184219182715,-5.090461269984722,4
3.4996322132879953,-5.088768353244372,4
3.4947428873316397,-5.087295940466932,4
3.491048760150168,-5.085384182521052,4
3.486353590155751,-5.082532205030432,4
3.4803495895895793,-5.0808118492009005,4
3.475042718808986,-5.078181668928924,4
3.471232630034322,-5.076962538502261,4
3.465210113718502,-5.075244972410109,4
3.45947765427303,-5.075379537989413,4
3.4532370709278553,-5.075045139251426,4
3.4464857886449423,-5.074242164172871,4
3.4437631526494954,-5.073275078266489,4
3.4376056685074055,-5.072253003331257,4
3.4315421968248145,-5.070541607916484,4
3.4256750882796183,-5.067450315237053,4
3.4195971473357147,-5.065741099881954,4
3.415135015512398,-5.064749844975902,4
3.408332355089737,-5.063954610956692,4
3.4010124968238387,-5.062691779776259,4
3.3993845482382525,-5.061975648360322,4
3.3981631085996398,-5.062418947196305,4
3.3969416689610235,-5.062862246032282,4
3.391338866905862,-5.06162696479152,4
3.388382174033403,-5.058124154009553,4
3.3861378650690135,-5.057630521865379,4
3.3833823666834597,-5.056668387280965,4
3.380114943151586,-5.055237861106802,4
3.377356256623706,-5.054276206874519,4
3.376742593903792,-5.054498299694476,4
3.3707087587299434,-5.052107283218193,4
3.3658988156118816,-5.049272598404295,4
3.3627250366769275,-5.047152807175836,4
3.3598529635938945,-5.046883392486045,4
3.3570836090513154,-5.045923345585896,4
3.3508188316579606,-5.044917436347385,4
3.345782360671297,-5.043467193668306,4
3.341046859811396,-5.043867438378385,4
3.337545060675968,-5.043822536744287,4
3.3313612979310996,-5.042129265384924,4
3.3271338718348744,-5.03907718042189,4
3.3210424048574865,-5.036694847234132,4
3.316082043684972,-5.034557981437478,4
3.311739514341564,-5.032198394668084,4
3.3060422942252856,-5.030977339240433,0
3.29971547067748,-5.0299807783934,0
3.2937947882140683,-5.0301437032235246,0
3.2873493054141854,-5.029840176347507,0
3.2808969558462167,-5.029537684076079,0
3.2771480285379475,-5.030880328390573,0
3.272252177334046,-5.031979888599544,0
3.2674568374951463,-5.032389149149621,0
3.2592104258172476,-5.03207070929,0
3.2536790853806004,-5.033395650883511,0
3.248872219180999,-5.033806648091296,0
3.24406241008079,-5.034218088701049,0
3.239776788212758,-5.035096073392353,0
3.233708262732925,-5.035956429263003,0
3.225421140929967,-5.035644123130593,0
3.2184770609183104,-5.0341950407892195,0
3.2136468967555736,-5.03460954826258,0
3.209735485412672,-5.032730528161949,0
3.2080443870849145,-5.032023911413228,0
3.2077104319471914,-5.030178393821117,0
3.2059201710838714,-5.030161873505383,0
3.2040309929267003,-5.030835412672467,0
3.1996229105599774,-5.032407004062328,0
3.196377570179642,-5.034219296272145,0
3.193229553021986,-5.035341769175208,0
3.1895472937217484,-5.03599921295344,0
3.185958924260156,-5.035967354727214,0
3.1832852611300595,-5.033642578604702,0
3.1781829050033004,-5.031527106952968,0
3.1727345768946726,-5.027567928267159,0
3.1666505143115806,-5.023834167916057,0
3.1572907013752207,-5.021917281595105,0
3.150457149899939,-5.0191012345464525,0
3.140630743795903,-5.0160339707637505,0
3.1323043455791577,-5.015052426565896,0
3.121708340762112,-5.012905905999087,0
3.1120296173146045,-5.00846607955927,0
3.1025775934925868,-5.0065630864999555,0
3.0914825009803337,-5.003271084368118,0
3.082639480285607,-5.0011467005419625,0
3.073682705173134,-4.999714611683544,0
3.0612399961587826,-4.996884919247028,0
3.054390343611985,-4.993396142342446,0
3.0460365632047335,-4.991743567996199,0
3.0396158592220246,-4.989410840403528,0
3.0323368167637312,-4.988687382077767,0
3.0259007851736968,-4.986356963870341,0
3.0178106490161625,-4.9826391993477674,0
3.011603401606223,-4.982845300444451,0
3.0127032768311928,-4.983770629073128,0
3.005841043471989,-4.98420504909239,0
3.0042378756968304,-4.986731329608634,0
2.999226232663382,-4.987173180203307,0
2.9969766623990637,-4.989926486386391,0
2.9969766623990637,-4.989926486386391,0
2.9951212898598314,-4.98991977633918,0
2.993363363164139,-4.989223228510133,0
2.9951212898598314,-4.98991977633918,0
2.9954794013066994,-4.9917616543401415,0
2.996392723062968,-4.9940654022269175,0
2.998053939640265,-4.995451676987308,0
3.001281011505924,-4.998913750213536,0
3.0025650746574932,-5.00305747316783,0
3.0081085942914285,-5.007677465281706,0
3.0100505862928593,-5.011592425911452,0
3.015778697461762,-5.014834294368541,0
3.017996595798767,-5.016682217313765,0
3.025471720406948,-5.020622277882195,0
3.029816324901205,-5.025007019325294,0
3.0372820077032756,-5.0289485024750356,0
3.047251514342541,-5.037265818485915,0
3.051128544702255,-5.040500330267923,0
3.057303997564034,-5.044895476774627,0
3.0610980513415207,-5.048817646278799,0
3.06774438910103,-5.054362523619384,0
3.2140391940808968,-5.087007304419181,0
3.219890390249777,-5.092801617701033,0
3.2252818600190594,-5.09744451891655,0
3.227825865758838,-5.101139141859127,0
3.2307646465822053,-5.10667011875316,0
3.235696512572744,-5.110161589427253,0
3.2408088029823077,-5.1175471772461805,0
3.247031474278387,-5.11990974209623,0
3.253577715678251,-5.124794545012028,0
3.2548553176633526,-5.12961439723734,0
3.256341997616097,-5.132377280697797,0
3.2587166545464186,-5.138122886478671,0
3.258394963487806,-5.141547134027196,0
3.2615198072964375,-5.145699765563457,0
3.26464857497254,-5.149851805897091,0
3.267841435618653,-5.153319033671188,0
3.268383770737902,-5.153782843440608,0
3.2706729589365366,-5.154269713704782,0
3.269408639736451,-5.15539462891112,0
3.272003287890829,-5.159081621644848,0
3.273515472982158,-5.161840662288254,0
3.2720862193235263,-5.16501589522994,0
3.2745283177260767,-5.1707513397157285,0
3.274473789183041,-5.171434711218879,0
3.276107048204583,-5.172825198297955,0
3.2770356126863582,-5.175801805366241,0
3.2764908251499385,-5.175338365098458,0
3.2770356126863582,-5.175801805366241,0
3.2749816981695794,-5.179875943976931,0
3.2719955405452694,-5.1809740297717966,0
3.270203845970684,-5.181632881248714,0
3.2708010774955447,-5.181413264089741,0
3.2696570965005236,-5.181169736582241,0
3.266122963197464,-5.181804862461458,0
3.2648782633347544,-5.182926821654684,0
3.2658266923956205,-5.185900435759688,0
3.26160184333067,-5.188119575468761,0
3.258713093810865,-5.187852673390118,4
3.2559179511489447,-5.1862213561655075,4
3.252931180420344,-5.187319534335781,4
3.2534813632745454,-5.187782161699957,4
3.256875576774206,-5.189193584639364,4
3.26086407889812,-5.190385833821768,4
3.2642538780468726,-5.191797921864122,4
3.26700050058783,-5.194111705312865,4
3.271440060769425,-5.197131828384096,4
3.2747797457260504,-5.199226622826654,4
3.277481281530086,-5.202222355197229,4
3.2801415318438103,-5.205899463762101,4
3.2828468688944596,-5.208894623405136,4
3.286653062136949,-5.2128149638761965,4
3.289361587329921,-5.215809643167098,4
3.292582811133407,-5.219947753288931,4
3.294745077339652,-5.222479214013038,4
3.298120897710522,-5.223893408214742,4
3.301383774866892,-5.227350086717033,4
3.304648368715281,-5.230806506568179,0
3.3073992829862853,-5.233119643389049,0
3.312419275635115,-5.2359226803875405,0
3.316336450158367,-5.237800832159319,0
3.3202176118882356,-5.240359565696867,0
3.3236142400660356,-5.241095469042968,0
3.3298189709777155,-5.242785581163313,0
3.3338244419229,-5.242624962125975,0
3.336664633582707,-5.242899180337078,0
3.3400505937458007,-5.243636691015304,0
3.3423747760319173,-5.242767977222693,0
3.346303439176836,-5.243969242245095,0
3.3496490948164954,-5.245387981316963,0
3.3529592281461973,-5.24748722825427,0
3.35967429013305,-5.249645972140433,0
3.3635572534367526,-5.2515292784600796,0
3.366925556196211,-5.252269449550109,0
3.367950462933802,-5.254556385112291,0
3.371765692380791,-5.257800208335613,0
3.3767317318518337,-5.260611374370171,0
3.3816644561883855,-5.264102715718689,0
3.3871686616694916,-5.267378319675453,0
3.391609249960741,-5.269047976287602,0
3.396561555895623,-5.271861211531336,0
3.399280588743398,-5.274179151873522,0
3.4025703670105756,-5.276281465674439,0
3.405832470702755,-5.279063104935551,0
3.4113457123883606,-5.281662191644575,0
3.4152249593272686,-5.28287090212501,0
3.420237604128328,-5.28364957887832,0
3.42359397492546,-5.283716391959629,0
3.428110437192881,-5.282673993654274,0
3.4286782397116795,-5.282458810514974,0
3.4342728733120893,-5.282345010927802,0
3.4387282232491465,-5.282662131871691,0
3.4442852499850147,-5.283229154226355,0
3.4464952251089933,-5.283727959393481,0
3.448110458864324,-5.285121162309613,0
3.44751718894598,-5.2860153383576325,0
3.4485945019329627,-5.286944066401391,0
3.4480558454394696,-5.286479702379513,0
3.451422478649686,-5.285869813462265,0
3.4559188310963016,-5.284830445070352,0
3.4604134668508806,-5.283791335329585,0
3.457615249263757,-5.284185948732123,0
3.46253036333945,-5.286329631834024,0
3.466425720753616,-5.286185603420293,0
3.4692190335063984,-5.285791729021037,0
3.4713890719695186,-5.286971707156555,0
3.4725170745138847,-5.286542486333035,0
3.4752782983407577,-5.286828602496923,0
3.4730232742188925,-5.287686896343308,0
3.4718116348452206,-5.290154185922827,0
3.470094286249985,-5.291476991591747,4
3.4689946940057688,-5.291226776104574,4
3.467949469944699,-5.28961805749767,4
3.4680332293948553,-5.287579970266588,4
3.4697543792367114,-5.28625659187013,4
3.4697543792367114,-5.28625659187013,4
3.46916147718094,-5.287150712492906,4
3.4718116348452206,-5.290154185922827,4
3.472292735013255,-5.291977533416574,4
3.4727753066315934,-5.293800659209339,4
3.472748980886035,-5.294479781443632,4
3.4748182533386824,-5.298375564938297,4
3.480257554646556,-5.3009857921217485,4
3.481258588055759,-5.30395148041659,4
3.4861341333331666,-5.3067762810616355,4
3.4866255336533243,-5.308598076648497,0
3.4870968618917075,-5.3110980522404745,0
3.488666433544857,-5.313848446545524,0
3.4886058494369756,-5.315883041986114,0
3.4863952989477376,-5.316059479286068,0
3.4847224239851258,-5.316700428408559,0
3.4846658863655797,-5.318734414171445,0
3.485150702898409,-5.321232357504405,0
3.4850989474923395,-5.323265622739093,0
3.485033373668287,-5.325976125749715,0
3.4860527153244583,-5.329614211349014,0
3.487660016463021,-5.331683765237143,0
3.4914443454536404,-5.334932244181118,0
3.4914312627608055,-5.335609371106562,0
3.493606819162565,-5.33678851786339,0
3.494663607323382,-5.3390706499042615,0
3.4957112366588525,-5.342029317667954,0
3.498958625847994,-5.344813173938903,0
3.4994800682785083,-5.3466304431306835,0
3.4977915261812953,-5.349974375905434,0
3.4972174605949604,-5.352215970024014,0
3.496090099490182,-5.355345717313893,0
3.4977095778327865,-5.358088592260579,0
3.497694608684295,-5.360116314970677,0
3.4993191144820983,-5.362858432439001,0
3.497120326191542,-5.365058564881187,0
3.4987557923885433,-5.366448719408792,0
3.49929685415643,-5.368263032587457,0
3.49929517520345,-5.368938441330275,0
3.500931744988172,-5.370328429582143,0
3.499291609794806,-5.37096444585775,0
3.4987480956097485,-5.369150502180723,0
3.4971059136008265,-5.370461982624395,0
3.4949180857094717,-5.3713101521258615,0
3.493825020706062,-5.373759576301113,0
3.4910950935334277,-5.376169367833093,0
3.4878170303221516,-5.37744106783283,0
3.485631654847971,-5.378288867832655,0
3.484549748342694,-5.380736610775452,0
3.4823803041763775,-5.383607477764716,0
3.479106655316013,-5.384878512661501,0
3.47691793133961,-5.385051661396869,0
3.477489808682037,-5.387536487421631,0
3.476944568401219,-5.387748271145851,0
3.4763722005753515,-5.385263519021416,0
3.4747161340741144,-5.383876468307582,0
3.4703277351258492,-5.383549259968936,0
3.4659356575518245,-5.383222605882752,0
3.4609926991374884,-5.383108585374556,0
3.4560382992442626,-5.382321132957314,0
3.451627177698125,-5.38132219241716,0
3.448302942969679,-5.379225070114277,0
3.4438914913000005,-5.378901335091044,0
3.4383845693525217,-5.379677075086278,0
3.4361440332994455,-5.376482251372796,0
3.4322723039719527,-5.375947564004033,0
3.428924327939722,-5.372503707208626,0
3.4239431118175077,-5.372395450926003,0
3.421160231241444,-5.370762286193198,0
3.4183763696985174,-5.369129269261046,0
3.416154622972112,-5.368632237701789,0
3.410612631459067,-5.36941326157047,0
3.409506210185814,-5.3698392307795615,0
3.411165842095695,-5.369200276965923,0
3.4122668303121344,-5.368099970568764,0
3.412261642497036,-5.367425596430536,0
3.412815098375379,-5.3672125748758255,0
3.4128201635696236,-5.3678869674891345,0
3.4100478189836565,-5.368277682649376,0
3.4050601794340096,-5.3695207057294425,0
3.4005802392509032,-5.365831510868508,0
3.397785219209837,-5.364200175168815,0
3.3966649889223426,-5.363277913403744,0
3.395554398539897,-5.363704510765624,0
3.393333217774998,-5.364557705489382,0
3.3916615312819403,-5.364523319769386,0
3.3922347197147786,-5.366332792476573,0
3.389446151436438,-5.366050796255962,0
3.385545030841918,-5.366195692998543,0
3.3855590850978743,-5.36754388702254,0
3.382235444666243,-5.369497609844444,0
3.3805786707751473,-5.370811288822868,0
3.3777760859798924,-5.369856248669933,0
3.3744342221831083,-5.37046240562062,0
3.371072173087434,-5.369721292301408,0
3.364907331693832,-5.368700325871094,0
3.358735133048711,-5.367680467945698,0
3.3570540047495356,-5.36764750480701,0
3.3531637880076843,-5.36981622601739,0
3.3526519289357033,-5.372723603361083,0
3.347629342441362,-5.37397189183951,0
3.344872561300697,-5.376385729414439,0
3.3409769115020325,-5.377880113436756,0
3.3393692991714907,-5.38121185265741,0
3.3383240940419725,-5.384329221642368,0
3.3395230375169405,-5.3872650911549105,0
3.339559899252599,-5.388609848813664,0
3.3412991404350016,-5.390659523513595,0
3.3390433051099073,-5.390167628027129,0
3.3367864888179426,-5.389675880341315,0
3.334607810348203,-5.391872982870057,0
3.331281189276922,-5.393151999002253,0
3.3296831036343164,-5.395807147074844,0
3.327512518141237,-5.398003030248173,0
3.3253690695969524,-5.400869980520062,0
3.322652140235327,-5.40327781369335,0
3.3199386442577463,-5.405685129564343,0
3.314907191322547,-5.406259598157,0
3.313359540591854,-5.409582303062573,0
3.311296606808881,-5.413787433864032,0
3.3120336073050574,-5.41759769261181,0
3.3128109878027523,-5.422077023149292,0
3.312979780178509,-5.42542737036994,0
3.3096106568120796,-5.425362478697158,0
3.311261092157565,-5.424724910514664,0
3.3106766980838174,-5.424267437698358,0
3.3107454412427053,-5.425607391835802,0
3.309576162611773,-5.424692520103518,0
3.309060511696913,-5.425575001424654,0
3.3089915232963065,-5.424235084237376,0
3.3095419136531845,-5.424022524559716,0
3.3084411329394285,-5.4244476439150375,0
3.3089915232963065,-5.424235084237376,0
3.310160801927239,-5.42514995596966,0
3.3073750916676907,-5.425542684913834,0
3.3024226820435025,-5.427455555737048,0
3.2986077545088257,-5.429612933247103,0
3.2985341065155964,-5.428273718112939,0
3.2980576093936627,-5.429825455974598,0
3.2968829354449554,-5.428911397145923,0
3.2923671334246123,-5.428603384417444,0
3.2913031767074727,-5.429698111339848,0
3.285681198655592,-5.429816030870299,0
3.283594278327115,-5.4326744641293985,0
3.281273170966209,-5.431517247294865,0
3.2796201605826916,-5.4321552034540765,0
3.2808812350939363,-5.4344065560083905,0
3.2787200536679286,-5.435925866508741,0
3.2764771312720207,-5.436107181230337,0
3.275376105316546,-5.436532337535825,0
3.277068882597284,-5.436563545541723,0
3.277110366186527,-5.437232451055689,0
3.2788025303629738,-5.437263751437001,0
3.2770276442497632,-5.435894603077594,0
3.277068882597284,-5.436563545541723,0
3.277068882597284,-5.436563545541723,0
3.2788025303629738,-5.437263751437001,0
3.275968101883528,-5.436988664897045,0
3.275968101883528,-5.436988664897045,0
3.275968101883528,-5.436988664897045,0
3.2742750793610753,-5.4369574938413106,0
3.2744439566186507,-5.439632672495209,0
3.2764406073185377,-5.4443441868398565,0
3.277168335772238,-5.446805531035439,0
3.2761625390811133,-5.448566650860663,0
3.273831254188938,-5.447410967457932,0
3.2756142332788265,-5.448778896461928,0
3.27451762167426,-5.449203387664465,0
3.273282580524082,-5.4476232684844454,0
3.274974131596238,-5.447654661241163,0
3.274974131596238,-5.447654661241163,0
3.2755683353386758,-5.448110656050913,0
3.2726881315399297,-5.447167310624861,0
3.275019906915528,-5.4483229201272625,0
3.275019906915528,-5.4483229201272625,0
3.2755683353386758,-5.448110656050913,0
3.2767567428235473,-5.449022645670411,0
3.2755683353386758,-5.448110656050913,0
3.2767108448833966,-5.448354405259392,0
3.2761625390811133,-5.448566650860663,0
3.2756142332788265,-5.448778896461928,0
3.2761625390811133,-5.448566650860663,0
3.2761167637618165,-5.447898391974563,0
3.2761167637618165,-5.447898391974563,0
3.2761625390811133,-5.448566650860663,0
3.2760259488483783,-5.446561763351879,0
3.279398113933233,-5.527304655277822,0
3.2796248304970312,-5.52929596360136,0
3.281987138466423,-5.530446972808351,0
3.2816068987184863,-5.531984207730666,0
3.2815302229428305,-5.5313206045652255,0
3.2816068987184863,-5.531984207730666,0
3.2821399995343086,-5.531774253039561,0
3.2809969995061508,-5.531530577731409,0
3.2777976588860938,-5.532790416728524,0
3.2752096889286726,-5.534503664023909,0
3.2752096889286726,-5.534503664023909,0
3.274755103201386,-5.5353769447542245,0
3.2733942889201586,-5.5379963435432025,0
3.2753115755892424,-5.540019192424118,0
3.278212502313089,-5.540959415561318,0
3.279598895341806,-5.543191886581861,0
3.278455036967639,-5.542948340599285,0
3.282130618194987,-5.545667681883998,0
3.2845810056798896,-5.547480576073811,0
3.285193602551118,-5.547933799621264,0
3.28967973032368,-5.5482462833195765,0
3.2909863820552765,-5.5498156130517255,0
3.293186019288097,-5.5496408200340674,0
3.2953849207957653,-5.5494661378668955,0
3.2958319040298107,-5.548594002591663,0
3.2950576173888813,-5.546814829018901,0
3.2958319040298107,-5.548594002591663,0
3.293306066977838,-5.546117320485591,0
3.2949764046414565,-5.546151909431492,0
3.29522077860889,-5.548140557343224,0
3.294326812140792,-5.549884827893694,0
3.294855866468282,-5.549675482880293,0
3.29530272708147,-5.548803366080142,0
3.29522077860889,-5.548140557343224,0
3.29530272708147,-5.548803366080142,0
3.29530272708147,-5.548803366080142,0
3.29530272708147,-5.548803366080142,0
3.2961979197581535,-5.547058910778857,0
3.296279377747293,-5.547721793416102,0
3.2963610809781514,-5.548384639103183,0
3.2953849207957653,-5.5494661378668955,0
3.29530272708147,-5.548803366080142,0
3.296279377747293,-5.547721793416102,0
3.296808677316495,-5.547512411452537,0
3.2947735501331294,-5.549012729568624,0
3.2958319040298107,-5.548594002591663,0
3.29530272708147,-5.548803366080142,0
3.2935508088078507,-5.54810591297208,0
3.2908212589015307,-5.548490180328713,0
3.2883738143172394,-5.546676842736936,0
3.286783708434182,-5.547305321179099,0
3.2830289990139967,-5.54392274623058,0
3.283191914992287,-5.5452485115050685,0
3.2819672117332708,-5.544341990509837,0
3.2830289990139967,-5.54392274623058,0
3.282579563362777,-5.544795251007452,0
3.2830289990139967,-5.54392274623058,0
3.2819672117332708,-5.544341990509837,0
3.286538230879014,-5.545316839543103,0
3.28417187642129,-5.544166440013814,0
3.2847838601882273,-5.544619755936676,0
3.2830289990139967,-5.54392274623058,0
3.28417187642129,-5.544166440013814,0
3.281885876364985,-5.543679089397511,0
3.2819672117332708,-5.544341990509837,0
3.281436318092908,-5.544551612649466,0
3.2772298432251894,-5.542041893504377,0
3.2753920526115152,-5.540682222862019,0
3.2770683986972067,-5.540715906528904,0
3.2759240498396096,-5.540472434446654,0
3.2769079351360872,-5.539389771752775,0
3.27813214791167,-5.540296366648336,0
3.2765365240899733,-5.54092567646919,0
3.277680750326713,-5.541169167026521,0
3.276375815287139,-5.539599578643223,0
3.274699101338875,-5.539565950401585,0
3.2765365240899733,-5.54092567646919,0
3.277761472590708,-5.541832160514257,0
3.2753920526115152,-5.540682222862019,0
3.2748600553834244,-5.540892011277386,0
3.274699101338875,-5.539565950401585,0
3.274699101338875,-5.539565950401585,0
3.274699101338875,-5.539565950401585,0
3.2760046494827364,-5.5411354464094735,0
3.2772298432251894,-5.542041893504377,0
3.2782931019562227,-5.5416224275241355,0
3.277761472590708,-5.541832160514257,0
3.2760854943675923,-5.541798421422127,0
3.2753115755892424,-5.540019192424118,0
3.274699101338875,-5.539565950401585,0
3.274618992179178,-5.538902864538436,0
3.274247335891342,-5.540438806205016,0
3.2783739468410715,-5.542285402536793,0
3.2779236528438425,-5.543158036639241,0
3.2779236528438425,-5.543158036639241,0
3.281069321397702,-5.546086852262926,0
3.282130618194987,-5.545667681883998,0
3.282212689288432,-5.546330472145835,0
3.282212689288432,-5.546330472145835,0
3.283191914992287,-5.5452485115050685,0
3.2745202936609275,-5.533386855786096,0
3.2752880813963507,-5.535167008538201,0
3.27576358627849,-5.539146299670524,0
3.2759240498396096,-5.540472434446654,0
3.274779455740287,-5.540228999314568,0
3.2766982138596745,-5.542251626494497,0
3.278455036967639,-5.542948340599285,0
3.2809872503042605,-5.545424062001093,0
3.283968408808665,-5.5470273525263565,0
3.2827432150662155,-5.546120905431451,0
3.2803745308121783,-5.544970856928723,0
3.2809054244525413,-5.544761234789094,0
3.2820487923432715,-5.545004854671999,0
3.2809872503042605,-5.545424062001093,0
3.281436318092908,-5.544551612649466,0
3.281436318092908,-5.544551612649466,0
3.2808238438425406,-5.544098370626932,0
3.2827432150662155,-5.546120905431451,0
3.28335581193744,-5.5465741289789054,0
3.2817646024666587,-5.547202773696805,0
3.2811516377328545,-5.546749605574599,0
3.2822950056235847,-5.546993225457504,0
3.2819672117332708,-5.544341990509837,0
3.283273740844006,-5.545911338717069,0
3.283191914992287,-5.5452485115050685,0
3.2836411054017844,-5.54437604367836,0
3.282579563362777,-5.544795251007452,0
3.2836411054017844,-5.54437604367836,0
3.283191914992287,-5.5452485115050685,0
3.2836411054017844,-5.54437604367836,0
3.2819672117332708,-5.544341990509837,0
3.287068634035947,-5.5451072913038,0
3.2914730585776475,-5.544756929315037,0
3.296279377747293,-5.547721793416102,0
3.29416217947049,-5.54855932127035,0
3.295668497568087,-5.5472683112175005,0
3.29489543713575,-5.545488952893919,0
3.2943656470831115,-5.54569840875781,0
3.2920032164928585,-5.5445474180259,0
3.293835857030473,-5.5459078646217,0
3.291554026083361,-5.54541988585261,0
3.2926140966720645,-5.545000900224501,0
3.2955871621998014,-5.546605410105174,0
3.29408023099791,-5.547896512533434,0
3.2936328799012884,-5.548768703233913,0
3.291105326157293,-5.546292279778989,0
3.2873137437285322,-5.547095828365045,0
3.2847838601882273,-5.544619755936676,0
3.2848653181773706,-5.545282638573921,0
3.2879258501163235,-5.547549125812823,0
3.2853958439551576,-5.545073071859539,0
3.2848653181773706,-5.545282638573921,0
3.2830289990139967,-5.54392274623058,0
3.2824981053736337,-5.54413236837021,0
3.2836411054017844,-5.54437604367836,0
3.283191914992287,-5.5452485115050685,0
3.285028969880809,-5.546608292997917,0
3.2847838601882273,-5.544619755936676,0
3.2843347923995836,-5.545492205288305,0
3.283273740844006,-5.545911338717069,0
3.2836411054017844,-5.54437604367836,0
3.2847838601882273,-5.544619755936676,0
3.285233418460301,-5.543747232684723,0
3.287517947066309,-5.544234805002009,0
3.288129440349806,-5.5446881948251985,0
3.2926950641777744,-5.545663856762072,0
3.298477788771528,-5.547547185149259,0
3.2960357395050117,-5.545733034653873,0
3.2960357395050117,-5.545733034653873,0
3.296808677316495,-5.547512411452537,0
3.2959139751232485,-5.549256792853496,0
3.2947735501331294,-5.549012729568624,0
3.2947735501331294,-5.549012729568624,0
3.294691479039688,-5.548349939306787,0
3.29530272708147,-5.548803366080142,0
3.2953849207957653,-5.5494661378668955,0
3.2931035803320796,-5.548978085197476,0
3.291350803712451,-5.548280761414988,0
3.2936328799012884,-5.548768703233913,0
3.293468982956128,-5.547443085760081,0
3.2939985277670445,-5.547233666846353,0
3.2931035803320796,-5.548978085197476,0
3.2936328799012884,-5.548768703233913,0
3.295668497568087,-5.5472683112175005,0
3.2939985277670445,-5.547233666846353,0
3.291554026083361,-5.54541988585261,0
3.2921651515042782,-5.545873331101044,0
3.2939985277670445,-5.547233666846353,0
3.2924919644277253,-5.548524713849369,0
3.2918803485233674,-5.548071342501261,0
3.2924919644277253,-5.548524713849369,0
3.2924098933342947,-5.547861923587533,0
3.2918803485233674,-5.548071342501261,0
3.2929394381452113,-5.547652504673808,0
3.295139075378028,-5.547477711656146,0
3.2920032164928585,-5.5445474180259,0
3.2931441319664216,-5.544791407410447,0
3.29489543713575,-5.545488952893919,0
3.293835857030473,-5.5459078646217,0
3.295668497568087,-5.5472683112175005,0
3.2200927627029152,-5.596070112580215,0
3.2189341898257204,-5.59582878360747,0
3.219040539849157,-5.596487915803076,0
3.219253975621193,-5.597806069343793,0
3.2174622055685234,-5.59711462063737,0
3.217569168696258,-5.597773660457568,0
3.2161963017010216,-5.59621430726968,0
3.214191341118049,-5.59420466807237,0
3.211344405311017,-5.593931465990778,0
3.2111370987127366,-5.596117801139188,0
3.2074500269945396,-5.5975807590470765,0
3.2034380194048104,-5.597067207172085,0
3.204073055893158,-5.597517049779539,0
3.2059781653582036,-5.598866577601894,0
3.205560243267641,-5.599734334282703,0
3.2049249615375786,-5.5992845286254145,0
3.203871757716957,-5.599702479648933,0
3.2032362307451727,-5.599252710941808,0
3.203762955276339,-5.5990437169549665,0
3.202709506213999,-5.59946170492865,0
3.2035637416547296,-5.601228832747969,0
3.205802247830544,-5.6045535955725505,0
3.201597280282993,-5.606224217261381,0
3.20332120139264,-5.60975614503969,0
3.2064419005649434,-5.6148438233649,0
3.2071950586791544,-5.615951024560092,0
3.2078335285515394,-5.616400349865248,0
3.206786701015563,-5.616817340184504,0
3.2061479859014597,-5.616368051829511,0
3.2055092707873527,-5.615918763474518,0
3.2056244495126087,-5.61657656546422,0
3.206671522290307,-5.6161595381948,0
3.2091104682963127,-5.617299000475564,0
3.2110258779134817,-5.618646976391036,0
3.2139861531328897,-5.619578257588563,0
3.2151466879438217,-5.6198192909599936,0
3.214393039346181,-5.618712163665133,0
3.217467021840534,-5.620301468553347,0
3.2204239862967583,-5.621233248578086,0
3.2213518338608687,-5.620159028996669,0
3.223669470098688,-5.620641613041826,0
3.224827920355029,-5.62088296048965,0
3.2241910445537982,-5.620433395008428,0
3.224827920355029,-5.62088296048965,0
3.223900808516074,-5.621957069220576,0
3.2259861253696442,-5.621124344887637,0
3.230501191664839,-5.62143246846661,0
3.22986505158876,-5.620982792134894,0
3.229228911512685,-5.62053311580318,0
3.2265074545830394,-5.620916163804402,0
3.22459756290451,-5.619567356510242,0
3.227028783796431,-5.620707982721168,0
3.226913727692036,-5.620050162256383,0
3.22430646852078,-5.621091160047966,0
3.2261016719574798,-5.621782091452097,0
3.2265074545830394,-5.620916163804402,0
3.2287077049201542,-5.62074127841133,0
3.227028783796431,-5.620707982721168,0
3.2263922758577834,-5.620258361814699,0
3.2247126190089084,-5.62022517697503,0
3.223554168752571,-5.619983829527204,0
3.221467380448697,-5.620816775561126,0
3.2192645550735577,-5.620992048930921,0
3.218511151717621,-5.619884884685895,0
3.2194401028694593,-5.618810498828736,0
3.217758238845132,-5.6187776465405435,0
3.2194401028694593,-5.618810498828736,0
3.222220661183769,-5.621923958281233,0
3.227491460631203,-5.623338895078669,0
3.2302732451540983,-5.626452169780347,0
3.2301562271159625,-5.6257946449168745,0
3.230559802566063,-5.624929049820656,0
3.230963868499604,-5.624063380824111,0
3.233220686660747,-5.621049716066695,0
3.233741525390709,-5.620841608883788,0
3.2314283035037903,-5.620358359735681,0
3.2302713246977532,-5.620116790586874,0
3.2319493874754635,-5.620150215602612,0
3.2331059984189245,-5.620391840176666,0
3.230792531290291,-5.61990862797872,0
3.2325850370681053,-5.6205999658346535,0
3.232064075717286,-5.620808091492643,0
3.2315431143664703,-5.621016217150633,0
3.22986505158876,-5.620982792134894,0
3.2287077049201542,-5.62074127841133,0
3.2280714422232215,-5.620291620554699,0
3.2291141006500084,-5.61987525838823,0
3.2288228836454103,-5.621399080401035,0
3.230963868499604,-5.624063380824111,0
3.233744181572199,-5.627176877226772,0
3.23518673682333,-5.6258954742165415,0
3.2349541721973623,-5.624580202788614,0
3.2343770523624897,-5.621291377590913,0
3.2314283035037903,-5.620358359735681,0
3.2252341934640185,-5.620016958941632,0
3.2183957277506465,-5.619227119646354,0
3.214393039346181,-5.618712163665133,0
3.209225892263291,-5.617956765515105,0
3.2058035533134124,-5.614394479584661,0
3.2027257695724316,-5.612805747423991,0
3.283407631548666,-5.551422045120885,0
3.2816506858198444,-5.550725349491181,0
3.278387421993415,-5.551319663914329,0
3.2734476894604434,-5.5518803131456735,0
3.2671872037971355,-5.5508737572792946,0
3.265955388528326,-5.549968307838817,0
3.2657860962653835,-5.548643503268588,0
3.26746403642224,-5.548676946759409,0
3.2664309065525607,-5.544911305334585,0
3.2680265303742573,-5.544281995513732,0
3.267494655767024,-5.544491765454016,0
3.268109214571986,-5.544944693400156,0
3.268476088646338,-5.543409472261775,0
3.273508437666589,-5.543510024435218,0
3.278455036967639,-5.542948340599285,0
3.2807425084742583,-5.543435469514602,0
3.280130156844745,-5.542982209016985,0
3.2791490918280104,-5.544064446783981,0
3.282130618194987,-5.545667681883998,0
3.278086814063851,-5.544483764963564,0
3.2829479088874294,-5.5432598081680915,0
3.2840907862947226,-5.543503501951324,0
3.282416892626209,-5.543469448782799,0
3.2836411054017844,-5.54437604367836,0
3.282416892626209,-5.543469448782799,0
3.28347892514865,-5.543050167553382,0
3.28347892514865,-5.543050167553382,0
3.2829479088874294,-5.5432598081680915,0
3.2869064537828123,-5.5437814151788185,0
3.284621679935089,-5.5432938798116975,0
3.28347892514865,-5.543050167553382,0
3.2840907862947226,-5.543503501951324,0
3.284009941409874,-5.542840526938669,0
3.284621679935089,-5.5432938798116975,0
3.2847026474407954,-5.54395683634927,0
3.2830289990139967,-5.54392274623058,0
3.2829479088874294,-5.5432598081680915,0
3.282416892626209,-5.543469448782799,0
3.281354860103761,-5.54388873001222,0
3.2829479088874294,-5.5432598081680915,0
3.2849470214082324,-5.5459454842610025,0
3.2849470214082324,-5.5459454842610025,0
3.283722563390935,-5.5450389263156055,0
3.2824981053736337,-5.54413236837021,0
3.2829479088874294,-5.5432598081680915,0
3.282416892626209,-5.543469448782799,0
3.284621679935089,-5.5432938798116975,0
3.284009941409874,-5.542840526938669,0
3.2840907862947226,-5.543503501951324,0
3.28347892514865,-5.543050167553382,0
3.2840907862947226,-5.543503501951324,0
3.288740933633303,-5.545141584648388,0
3.292533374408073,-5.544337906736763,0
3.2954252271883817,-5.5452794970300285,0
3.2961979197581535,-5.547058910778857,0
3.2961979197581535,-5.547058910778857,0
3.2966462518216453,-5.546186572277721,0
3.2960357395050117,-5.545733034653873,0
3.295344627545248,-5.544616485067209,0
3.296116707010725,-5.5463959911914475,0
3.2967273419482126,-5.546849510340211,0
3.2966462518216453,-5.546186572277721,0
3.296116707010725,-5.5463959911914475,0
3.294691479039688,-5.548349939306787,0
3.2957500781780915,-5.547931175379663,0
3.2957500781780915,-5.547931175379663,0
3.2957500781780915,-5.547931175379663,0
3.2955871621998014,-5.546605410105174,0
3.295139075378028,-5.547477711656146,0
3.2955871621998014,-5.546605410105174,0
3.295668497568087,-5.5472683112175005,0
3.2961979197581535,-5.547058910778857,0
3.296116707010725,-5.5463959911914475,0
3.2967273419482126,-5.546849510340211,0
3.296116707010725,-5.5463959911914475,0
3.2965654069367893,-5.545523597265067,0
3.2967273419482126,-5.546849510340211,0
3.295506072073234,-5.545942472042684,0
3.2966462518216453,-5.546186572277721,0
3.296116707010725,-5.5463959911914475,0
3.297786186328331,-5.546430709462921,0
3.295955017241017,-5.545070041166138,0
3.294204202555129,-5.544372421782336,0
3.2947342378494824,-5.544162928968282,0
3.2947342378494824,-5.544162928968282,0
3.2960357395050117,-5.545733034653873,0
3.2954252271883817,-5.5452794970300285,0
3.2967273419482126,-5.546849510340211,0
3.294691479039688,-5.548349939306787,0
3.29522077860889,-5.548140557343224,0
3.290739065187239,-5.547827408541963,0
3.286783708434182,-5.547305321179099,0
3.2855592504168776,-5.546398763233702,0
3.2843347923995836,-5.545492205288305,0
3.2860895309529496,-5.546189233469482,0
3.286701637340741,-5.546642530917264,0
3.2849470214082324,-5.5459454842610025,0
3.28417187642129,-5.544166440013814,0
3.2843347923995836,-5.545492205288305,0
3.2843347923995836,-5.545492205288305,0
3.220412548498384,-5.598047398316538,0
3.2210452551904183,-5.598497591950547,0
3.222622118020748,-5.5978711088172375,0
3.222096497077306,-5.598079936528341,0
3.2210452551904183,-5.598497591950547,0
3.2222034602050407,-5.598738976348535,0
3.2199940133035305,-5.598915247372755,0
3.21977984180635,-5.597597204682527,0
3.2210452551904183,-5.598497591950547,0
3.222096497077306,-5.598079936528341,0
3.222622118020748,-5.5978711088172375,0
3.222622118020748,-5.5978711088172375,0
3.2227289585276253,-5.598530167112514,0
3.220831574176671,-5.597179475359992,0
3.2196731239203373,-5.5969381279121695,0
3.222515522755593,-5.597212013571795,0
3.22198977919129,-5.597420859757982,0
3.222096497077306,-5.598079936528341,0
3.223361419977941,-5.598980397696687,0
3.2227289585276253,-5.598530167112514,0
3.2227289585276253,-5.598530167112514,0
3.2209382920626872,-5.5978385521303515,0
3.2198868049340845,-5.598256244502723,0
3.2196731239203373,-5.5969381279121695,0
3.2213574403618317,-5.596970610698724,0
3.22198977919129,-5.597420859757982,0
3.218728109436025,-5.598014934005061,0
3.220412548498384,-5.598047398316538,0
3.2209382920626872,-5.5978385521303515,0
3.222096497077306,-5.598079936528341,0
3.220831574176671,-5.597179475359992,0
3.222096497077306,-5.598079936528341,0
3.2196731239203373,-5.5969381279121695,0
3.2209382920626872,-5.5978385521303515,0
3.2213574403618317,-5.596970610698724,0
3.2213574403618317,-5.596970610698724,0
3.2191471351143193,-5.597147011048518,0
3.219040539849157,-5.596487915803076,0
3.2161963017010216,-5.59621430726968,0
3.216722658369619,-5.596005368708084,0
3.216409982714765,-5.597532423860233,0
3.216722658369619,-5.596005368708084,0
3.2209382920626872,-5.5978385521303515,0
3.221464035626987,-5.597629705944167,0
3.221464035626987,-5.597629705944167,0
3.222515522755593,-5.597212013571795,0
3.2209382920626872,-5.5978385521303515,0
3.220412548498384,-5.598047398316538,0
3.221464035626987,-5.597629705944167,0
3.2209382920626872,-5.5978385521303515,0
3.218621146308301,-5.597355894184867,0
3.2163030195870377,-5.596873384040036,0
3.2168292536347742,-5.596664463953523,0
3.220831574176671,-5.597179475359992,0
3.221464035626987,-5.597629705944167,0
3.222096497077306,-5.598079936528341,0
3.2213574403618317,-5.596970610698724,0
3.2191471351143193,-5.597147011048518,0
3.217569168696258,-5.597773660457568,0
3.2210452551904183,-5.598497591950547,0
3.220519634246976,-5.598706419661651,0
3.2222034602050407,-5.598738976348535,0
3.2227289585276253,-5.598530167112514,0
3.223147738964194,-5.597662281106132,0
3.2227289585276253,-5.598530167112514,0
3.223673359907636,-5.59745345339503,0
3.223147738964194,-5.597662281106132,0
3.222622118020748,-5.5978711088172375,0
3.223886795679668,-5.598771606935749,0
3.221677961882456,-5.598947785584556,0
3.220519634246976,-5.598706419661651,0
3.221677961882456,-5.598947785584556,0
3.224519134509123,-5.599221855995005,0
3.220519634246976,-5.598706419661651,0
3.218728109436025,-5.598014934005061,0
3.217569168696258,-5.597773660457568,0
3.218621146308301,-5.597355894184867,0
3.2169360941416443,-5.597323522248802,0
3.2163030195870377,-5.596873384040036,0
3.216409982714765,-5.597532423860233,0
3.218621146308301,-5.597355894184867,0
3.220412548498384,-5.598047398316538,0
3.218407955777984,-5.596037703693984,0
3.2169360941416443,-5.597323522248802,0
3.222096497077306,-5.598079936528341,2
3.2222034602050407,-5.598738976348535,2
3.222836044276214,-5.599189188457627,2
3.223886795679668,-5.598771606935749,2
3.223361419977941,-5.598980397696687,2
3.223886795679668,-5.598771606935749,2
3.223361419977941,-5.598980397696687,2
3.22325445685021,-5.598321357876493,2
3.222836044276214,-5.599189188457627,2
3.222622118020748,-5.5978711088172375,2
3.222096497077306,-5.598079936528341,2
3.222096497077306,-5.598079936528341,2
3.2218833065469923,-5.596761746037457,2
3.22198977919129,-5.597420859757982,2
3.2201991127263554,-5.596729244775819,2
3.219040539849157,-5.596487915803076,2
3.332870108642066,-5.622535904235653,2
3.333383712741366,-5.622328887082585,2
3.3346054749689564,-5.619730439036555,2
3.3306882533029203,-5.619202605923203,2
3.327176814262444,-5.6178088451621555,2
3.323863362634995,-5.61423015335893,2
3.3202448378459266,-5.61217737125277,2
3.318383136164826,-5.610821303251395,2
3.3165214344837253,-5.609465235250022,2
3.315383707152492,-5.609220765513344,2
3.313315804330017,-5.606545453941415,2
3.311768740237504,-5.603662035186579,2
3.310744354187829,-5.600570232122607,2
3.3081660354083766,-5.5981014573516195,2
3.307248489865575,-5.595668712582922,2
3.3032402476525995,-5.59097402544549,2
3.2994312171920583,-5.587599634958282,2
3.2955284666565205,-5.583564209342029,2
3.293483984418039,-5.5808853690294455,2
3.2886326633932867,-5.57792728528346,2
3.282017284629916,-5.574273577462531,2
3.2767273185895043,-5.5721863726862075,2
3.2719600305919307,-5.569890783600748,2
3.267992902236447,-5.5693704698457545,2
3.263655798415293,-5.566205276571292,2
3.2563106821217005,-5.561440838814516,2
3.2517948442314974,-5.5569522635511355,2
3.2489661430625354,-5.552495746147429,2
3.2417104551138998,-5.548392990147569,2
3.23436472571602,-5.543628644766201,2
3.227268765603341,-5.5408521343929635,2
3.2201649577557205,-5.53807680642497,2
3.216896998466808,-5.53449126036633,2
3.213714421034517,-5.531568005742317,2
3.20983251604493,-5.527529439362128,2
3.2041755174394595,-5.522796911664367,2
3.1985992410979733,-5.518727377454342,2
3.192249536461567,-5.512878540345982,2
3.1863751404775478,-5.506153300218456,2
3.180040395585891,-5.500302209150094,2
3.1762567476430874,-5.49692399432092,2
3.1719273689360215,-5.493757637116293,2
3.1691732212490855,-5.48928988686275,2
3.164229283737061,-5.485670601711982,2
3.161486907652556,-5.481201077850567,2
3.156613147010681,-5.478246375044586,2
3.149266681887646,-5.47348214051371,2
3.13957339676244,-5.468239719007187,2
3.133392248663821,-5.463715797319546,2
3.1268403403624205,-5.461402838064579,2
3.1172475571984783,-5.4574955856492675,2
3.107204763018064,-5.45513608047791,2
3.09944462039174,-5.452589274658399,2
3.092235358605727,-5.4498298352609,2
3.088507540892614,-5.447118364361103,2
3.084838986793244,-5.445073120088386,2
3.0810519054663885,-5.441695422561505,2
3.074332176352357,-5.438057437035328,2
3.0670998618449303,-5.435301470953242,2
3.0611047579240918,-5.433450141408022,2
3.053745577970801,-5.429362978377345,2
3.0459237570525985,-5.426825465524059,2
3.0386061833094153,-5.423407189532268,2
3.031960347430328,-5.421108382190088,2
3.0253076447831653,-5.4188106094525015,2
3.0186480753679206,-5.416513871319502,2
3.0156284516529546,-5.415591532061647,2
3.0071869595927723,-5.413277017307337,2
3.0065607518062407,-5.412825844493986,2
2.9993076294918914,-5.410748169267501,2
2.9945026497479468,-5.409808570690629,2
2.9848281539494046,-5.407263941338336,2
2.9805874207193597,-5.406109695399543,2
2.973828122807042,-5.403152827416513,2
2.967166016092804,-5.401531627351908,2
2.9604450136274068,-5.399244145234977,2
2.950086187755357,-5.396257100258177,2
2.9433982080399517,-5.39463979843587,2
2.9339260007882295,-5.3878841226634275,2
2.9210934423253683,-5.384438012420816,2
2.913408430415501,-5.3776993188411595,2
2.9021610824050974,-5.371600000409568,2
2.894568602100687,-5.36619767680145,2
2.890602013240599,-5.360821558044476,2
2.8836476349459943,-5.355868615166759,2
2.8723453150519056,-5.349102423480218,2
2.8654640942671037,-5.3454887696369955,2
2.853141376395971,-5.342511365060529,2
2.846877166833302,-5.339350269661807,2
2.837582863639909,-5.3366187240456195,2
2.8344089074067575,-5.334369326257541,2
2.8300365642564067,-5.332559753990026,2
2.821284520704193,-5.328941717959918,2
2.8124544148078243,-5.323985131898599,2
2.8037174913602527,-5.321039973525078,2
2.7974184574737464,-5.317884125049636,2
2.7930261271234436,-5.316077564220484,2
2.7885679965148604,-5.312930605851921,2
2.782290949501082,-5.310446600428477,2
2.7735800971536086,-5.308847825520925,2
2.904150998361505,-5.374287062133629,2
2.898095395214604,-5.373795159462247,2
2.891941129419312,-5.371967810573425,2
2.8857809778228116,-5.370141348488534,2
2.880793953246638,-5.367878866749962,2
2.875304313305662,-5.367172058065508,2
2.87162663811997,-5.366478499607286,2
2.866128782581459,-5.365772928753323,2
2.8606719201487643,-5.365736337313654,2
2.853888664026236,-5.364133390630034,2
2.8496519301417464,-5.364328853671962,2
2.845412743840086,-5.364524686215528,2
2.8398450792939975,-5.363154477591534,2
2.8306634552659133,-5.362431422125118,2
2.823158922452407,-5.359716470724997,2
2.816792531975498,-5.355895614977882,2
2.8105132777862636,-5.353411942105911,2
2.799910926889048,-5.350461588641901,2
2.7948144867679723,-5.347540436584772,2
2.7865879415383397,-5.343713591318645,2
2.7795565950835837,-5.339447400884078,2
2.7712362920399087,-5.334284370397226,2
2.7648431702158227,-5.3304675422179795,2
2.7603395472687,-5.327327438104829,2
2.7557982419789475,-5.323517855750172,2
2.748795381302422,-5.3199225291882595,2
2.7424318488442943,-5.316776398605931,2
2.7360643925186956,-5.313630859226226,2
2.730878363692767,-5.309372893795592,2
2.7263055071033193,-5.3048929094453285,2
2.7211565475157258,-5.30130451463161,2
2.71723344191766,-5.297272155878959,2
2.711443069557074,-5.293234879162053,2
2.7043940656986756,-5.288971349139288,2
2.6966989894746547,-5.28425963926645,2
2.6884092945028506,-5.280442308667535,2
2.6801376625362927,-5.2772974123232395,2
2.6781791752587303,-5.275280771069866,2
2.6724281170509627,-5.272587882510072,2
2.6666736254591648,-5.269895511252573,2
2.663426426834395,-5.2669819929967545,2
2.657000933103639,-5.263170042239148,2
2.653798076086897,-5.26160015466208,2
2.6498670850148436,-5.25689382822301,2
2.648538814273099,-5.254652600013614,2
2.645924284601321,-5.251514125300131,2
2.640144617994469,-5.248150391342765,2
2.633107461216575,-5.245235387895475,2
2.6260483175659566,-5.241648541396184,2
2.6202596996364313,-5.238286156119802,2
2.6164043939694217,-5.236269049396922,2
2.613151394425259,-5.232681249378286,2
2.606082931589384,-5.2290958069852245,2
2.6002887957212195,-5.225734253087529,2
2.591298131978178,-5.222152169566932,2
2.58294385355293,-5.219019725427886,2
2.57844018346303,-5.21722993997316,2
2.573915101865648,-5.214093068999354,2
2.5661908324735485,-5.21141122494612,2
2.561654554639002,-5.207600885113102,2
2.5571268980035953,-5.204464402116017,2
2.5551475839875444,-5.198399964126384,2
2.5525597007811243,-5.195932630411786,2
2.5493243586405967,-5.192342169981346,2
2.5454433214007643,-5.186278005525487,2
2.536412607779745,-5.1813516446982675,2
2.529959033872373,-5.177543924734431,2
2.520916341146254,-5.173294524556919,2
2.5138009899996128,-5.171066458303592,2
2.5079815942345824,-5.167708710272784,2
2.4995569691755435,-5.165262020922459,2
2.496957220081132,-5.16549709813258,2
2.4943680257843077,-5.163705117735558,2
2.4930651658955867,-5.164160684025964,2
2.4911364000085747,-5.16078925314433,2
2.4911524727447976,-5.158761364158494,2
2.4911773364437906,-5.156056994875087,2
2.4898917754998706,-5.154484487428837,2
2.4892530226467358,-5.153360048982172,2
2.486653113192421,-5.152919994575706,2
2.483421525155734,-5.150679280076151,2
2.478888388320726,-5.148218778549426,2
2.4730418462031665,-5.146215432170155,2
2.470454613840076,-5.14442315617182,2
2.4672104335939835,-5.142859494697378,2
2.463965272381028,-5.141295981023591,2
2.4568027122038387,-5.139075027676826,2
2.4496332852585603,-5.136855108934652,2
2.443754041110793,-5.135531845493938,2
2.4405356206487525,-5.131938835502188,2
2.4379821184255164,-5.128116010106215,2
2.4354337662783436,-5.1242924087568,2
2.4316292444542746,-5.118216715849792,2
2.428429830225319,-5.114620842220333,2
2.4205942210936087,-5.111955773541526,2
2.4153599079846977,-5.110405706134955,2
2.4121221889050766,-5.108165915389497,2
2.4075893821936063,-5.105030208345855,2
2.4017196269947334,-5.102355203665407,2
2.3965591033073927,-5.09809339541772,2
2.390730105376349,-5.094061938351635,2
2.3861726896113424,-5.09160509489114,2
2.381589683825922,-5.089827262814445,2
2.37964558092785,-5.088483610068156,2
2.37712911020391,-5.0846552051974285,2
2.377880608172621,-5.082386877635242,2
2.3766674406780552,-5.079453151232208,2
2.3728434127337295,-5.075405864613332,2
2.3676413960534077,-5.072500619601774,2
2.3617308458476494,-5.070506917215294,2
2.354521038900863,-5.067617926683415,2
2.3459477973612053,-5.065193629132434,2
2.339959335767471,-5.064561977081427,2
2.333996586815001,-5.063251295171536,2
2.328059918366371,-5.061261527977514,2
2.323481534434542,-5.0588078437560355,2
2.3175375087343966,-5.05681918506693,2
2.312271889567505,-5.054598678714589,2
2.3043347503648803,-5.0519489074036485,2
2.298376745886859,-5.049962354873891,2
2.2944022904843315,-5.048638356022357,2
2.2890886416799106,-5.047100241993817,2
2.283119233462042,-5.045115407646682,2
2.2784848495368664,-5.043345316629335,2
2.2711671739735593,-5.04114773426126,2
2.2638073545739275,-5.039631657413052,2
2.2551677374107335,-5.036542204789747,2
2.2485186587119834,-5.034114252764992,2
2.2433217166296444,-5.029857931616652,2
2.2380500513016415,-5.0269631804516575,2
2.2321614596333177,-5.022940702275404,2
2.2262325634415596,-5.019599452492793,2
2.2209562385209303,-5.016705403380913,2
2.2130175523899283,-5.012705553587615,2
2.207081666809227,-5.009365356884675,2
2.2004018102749754,-5.006942042105496,2
2.1944601615139234,-5.003602713731407,2
2.1864151159557395,-5.000969200492602,2
2.1782725396721965,-4.999700693602387,2
2.173630883377335,-4.997256542523203,2
2.167582384705671,-4.995283624603935,2
2.1574456762137437,-4.992679002800871,2
2.1534057412727385,-4.9913648696431085,2
2.149363844397989,-4.990051032086658,2
2.1433442465099084,-4.987398603956374,2
2.1371793335006544,-4.9867935375483174,2
2.1282761947086044,-4.985769256626256,2
2.1241743739730445,-4.98513960347656,2
2.1213919197993363,-4.985402208558813,2
2.114594875463304,-4.983671706049668,2
2.1112411947904945,-4.982124542823422,2
2.1052885950339864,-4.9781117086399576,2
2.0971061292323583,-4.976174056059712,2
2.0889639679541787,-4.973555175085824,2
2.086313953711489,-4.971772358329458,2
2.0767360115338676,-4.969629070634831,2
2.0692881975005406,-4.966775940237053,2
2.063979340313349,-4.963211636930222,2
2.058006875977746,-4.959201795710035,2
2.053468721091285,-4.954716582911576,2
2.0482167222434384,-4.950468557075039,2
2.0422475686710193,-4.946458217027642,2
2.034894587704173,-4.942240486733077,2
2.0268756697926094,-4.9375775695517135,2
2.018794498223926,-4.933599187803663,2
2.0113723968318773,-4.930067027547,2
2.003824071433545,-4.927904196808107,2
1.9957267139115302,-4.923928253770876,2
1.9868968740576225,-4.920192305908028,2
1.9787251234134757,-4.916902727337225,2
1.9773942304909156,-4.916012205762977,2
1.9753341659996515,-4.915361180535898,2
1.9745416371860909,-4.91628537859212,2
1.971878379890672,-4.914504557144605,2
1.9676912150375294,-4.913887762651958,2
1.9641683930579408,-4.9137163952221705,2
1.9559114586561108,-4.911114806925008,2
1.9497781912321184,-4.908479505195707,2
1.9443090214399614,-4.906289667479431,2
1.9422409865928891,-4.905639843132683,2
1.9417707619422266,-4.903139701264969,2
1.9385012463211897,-4.900229545474067,2
1.9359002426829015,-4.897764188593245,2
1.9320355046135234,-4.893723035701578,2
1.928632039872122,-4.892183373358613,2
1.9239636144910524,-4.889068099755628,2
1.9235088400685783,-4.886565630027585,2
1.9210584619874176,-4.882727267087677,2
1.9186132339823203,-4.878888128194326,2
1.9132867193914844,-4.875326485299299,2
1.9086260191245081,-4.872210047766149,2
1.9047838432931048,-4.868165495459401,2
1.8992276504303867,-4.866663925142996,2
1.8937449923437804,-4.86447611968574,2
1.891158212725088,-4.862008619695407,2
1.8899045332044047,-4.860431308727845,2
1.887906722370266,-4.859095748067457,2
1.885829736200515,-4.858447272401692,2
1.8802622622187997,-4.856947401792828,2
1.8788499867851787,-4.856744297764678,2
1.8751995542308304,-4.857267312986892,2
1.8703711841073734,-4.8555264495492185,2
1.8612155312284422,-4.853865058729259,2
1.854374513146956,-4.850790870116114,2
1.8467801671876192,-4.847959817441289,2
1.8420182198304786,-4.845533790417514,2
1.8395074274050742,-4.842379685784687,2
1.8317382995794613,-4.840925278760093,2
1.8304829033667538,-4.839348226443679,2
1.8264688885696891,-4.836679876385194,2
1.821032298186875,-4.833809974205446,2
1.815424114080109,-4.832316237323797,2
1.8083026526912835,-4.83130976997321,2
1.8005892796172915,-4.829171806694646,2
1.790770104471779,-4.826389709394578,2
1.7844703556608543,-4.824454646918264,2
1.780182028599377,-4.823853094368239,2
1.7730299119958968,-4.822851245788142,2
1.765112573291285,-4.822094325229317,2
1.7572736741971315,-4.820650430526362,2
1.7530574104614622,-4.819362864536469,2
1.7487528974466517,-4.818763750697263,2
1.7457959537911645,-4.819052645821161,2
1.7445324646017912,-4.817476812860157,2
1.7410717359194319,-4.81594577838047,2
1.7329730767107474,-4.810619719910717,2
1.7268098520582171,-4.807313776009744,2
1.719204309861711,-4.803809254475706,2
1.7127646883901715,-4.802570422159588,2
1.7062300734922609,-4.802021058123669,2
1.7010444994039808,-4.802359481349864,2
1.6936450093859428,-4.802745215668523,2
1.684971975268125,-4.801556631982903,2
1.6791850476885717,-4.800764981862434,2
1.6728040012484016,-4.7988421683654625,2
1.6688177836471976,-4.795494474371701,2
1.6581698310567603,-4.792291725093692,2
1.6520505895534292,-4.788303998546622,2
1.6458381939366014,-4.785005463153519,2
1.6410779255324464,-4.781904027386929,2
1.6339932975439702,-4.7795416988533255,2
1.6247660812264009,-4.77654077882281,2
1.617479081678475,-4.775559252832879,2
1.6087265892442897,-4.774382641000372,2
1.6007432427787158,-4.772960509943976,2
1.5918788352396795,-4.7724759159529775,2
1.5843749948709736,-4.772877372566391,2
1.5762747058453428,-4.772148016829863,2
1.5689472414140742,-4.771172587616984,2
1.5614256210208755,-4.771576723117285,2
1.553304731691,-4.770850471194523,2
1.5458647390505842,-4.770567152198563,2
1.5378232702980412,-4.769153778331017,2
1.5296809223179082,-4.768430759547604,2
1.5217182610383997,-4.7663303561106805,2
1.5130581492535171,-4.763789513883026,2
1.5051760121390636,-4.761001822225577,2
1.498575512101052,-4.759787229217004,2
1.4906817260050307,-4.757001292692344,2
1.4825901053213197,-4.7555954751333225,2
1.4761651228747326,-4.753004125624024,2
1.465883827452224,-4.750966810999566,2
1.4614325372696708,-4.750389811833479,2
1.452620045496598,-4.748547084224381,2
1.447064965625346,-4.745019878882143,2
1.4420074171171784,-4.74331354537267,2
1.4354589932050281,-4.741415950362585,2
1.4274163831257134,-4.739327592679103,2
1.4210570877202962,-4.7360511904342015,2
1.417084933778785,-4.732026221714342,2
1.4128111231214042,-4.730072170446219,2
1.4056512908075796,-4.727046017046192,2
1.3983846934649513,-4.7247111055342295,2
1.3910098596432316,-4.723067657611317,2
1.3829320573774986,-4.7209846022763635,2
1.3799365730333761,-4.720604148484325,2
1.377251206244372,-4.718151502459895,2
1.3716735641351363,-4.714627696532737,2
1.3638980316895832,-4.710473631370634,2
1.357514947837597,-4.707200813291632,2
1.350432328925649,-4.703487870498293,2
1.3487942375456594,-4.697623003718411,2
1.345563694852963,-4.692914104272452,2
1.3434130991658204,-4.689138345705871,2
1.3420701902076537,-4.685110701032913,2
1.3434091020145758,-4.679612816846147,2
1.3426072929892818,-4.674145803189759,2
1.3418072202992661,-4.670583489745287,2
1.3439530901312544,-4.66483403488772,2
1.3444949334662049,-4.659583440460329,2
1.3450384424100896,-4.65433212503733,2
1.3421101409549383,-4.650795274656176,2
1.3397180653824385,-4.647726616954831,2
1.3389303286086545,-4.644158963636636,2
1.3381369370304679,-4.642499209948367,2
1.3368215106198615,-4.638459668847869,2
1.3344395328015803,-4.635386640110649,2
1.334459066354544,-4.631567280934975,2
1.3328815481479168,-4.62824376302037,2
1.3270418135060424,-4.626879115924547,2
1.327325227240589,-4.624248411243787,2
1.3260259884668901,-4.620201862967221,2
1.3260546828690405,-4.616378538315704,2
1.3244892403272424,-4.613049793182936,2
1.323723676972513,-4.6094725416107,2
1.3213658504839003,-4.606389058437159,2
1.3216550417994668,-4.603755852802884,2
1.3203700127520648,-4.599703153532534,2
1.3198645299085126,-4.597316201226445,2
1.3188358337521713,-4.594455423462357,2
1.318101898291296,-4.588959029234928,2
1.3176220055091843,-4.584655547882722,2
1.3176894066431917,-4.578910016344674,2
1.312696448490179,-4.577276562276786,2
1.3101159135910372,-4.572986602498137,2
1.3080336785968854,-4.571086704319134,2
1.3065005072283533,-4.567743989896453,2
1.30390265826221,-4.565366976716989,2
1.3010629463826966,-4.561791778381911,2
1.2977097025423774,-4.557738563801863,2
1.2956715354588741,-4.553914138031711,2
1.2941536668725035,-4.550564799461878,2
1.2939460864172503,-4.547446322564319,2
1.29377434992848,-4.542406877991432,2
1.2933295910850031,-4.538088188138113,2
1.2937140491101484,-4.531602840559094,2
1.2954053599479565,-4.525349841705795,2
1.2965460456517484,-4.520540335029558,2
1.2968984073305272,-4.515974332885753,2
1.297015620581984,-4.510207239072788,2
1.2963475287246276,-4.504682342987714,2
1.2940660079457071,-4.50156582920286,2
1.2933625926246517,-4.497961675481989,2
1.2932146951638828,-4.492911911659455,2
1.2927923179405703,-4.488583533427647,2
1.2902449577455055,-4.4861846650688015,2
1.2884863900279768,-4.48354208939751,2
1.2864522494920472,-4.4816213724703164,2
1.2836340010037297,-4.479942335055416,2
1.2792961328956025,-4.476820168867155,2
1.2751917476058523,-4.474899815343662,2
1.273445671955395,-4.472251832205307,2
1.2730972395031461,-4.4659859935236295,2
1.2719150097576808,-4.461888795305569,2
1.2725823983666906,-4.456583855834195,2
1.2743141002213552,-4.450313372837389,2
1.2760467389810604,-4.444042484280557,2
1.276998132553743,-4.438012036024816,2
1.275046473034699,-4.434150163545256,2
1.2741600116160772,-4.42932236451135,2
1.2724958964797146,-4.4247334511317575,2
1.2710553746086255,-4.421350631328359,2
1.2719584321477448,-4.417246558215014,2
1.2705845680085943,-4.411929432317528,2
1.2715536586762965,-4.4058913234834485,2
1.2709667132046256,-4.400331301393578,2
1.2679820226578808,-4.397421431240673,2
1.2662760257226076,-4.394756099145495,2
1.2619556651844341,-4.393531806241979,2
1.2589118121459997,-4.392552997702923,2
1.2564347198282118,-4.390123712341849,2
1.2533945103093362,-4.3891433266249,2
1.2495784167822297,-4.388401060504432,2
1.2494399070478206,-4.385252684820234,2
1.2498691990396402,-4.380653381691765,2
1.250792972589986,-4.3765403411955415,2
1.2533438642853998,-4.370012992716438,2
1.2525088285428723,-4.365162932943122,2
1.248706944742068,-4.364414515828869,2
1.245191199966385,-4.362939666154629,2
1.242453004807885,-4.361225975888301,2
1.2384520954737042,-4.359260830512632,2
1.2344548296590858,-4.357294107959071,2
1.232784018712728,-4.354613544831663,2
1.2311984474480724,-4.349990632002912,2
1.230020400401024,-4.347797075034467,2
1.2312482703229204,-4.342949828744354,2
1.2306449476892674,-4.339302347693639,2
1.231674728982826,-4.333237967582079,2
1.23204720074553,-4.330568712167381,2
1.2331921732483,-4.327662801678535,2
1.2322206990251434,-4.326682705960158,2
1.227478675269408,-4.324940629397643,2
1.22428373500499,-4.322724341442317,2
1.2218631172404102,-4.320270609823895,2
1.219928496838813,-4.318306813409098,2
1.2179955420461575,-4.316342295998689,2
1.2146168790305278,-4.312902655634797,2
1.2105712251320586,-4.312862330754742,2
1.2084517889233837,-4.309675655084742,2
1.2060465259912476,-4.307215276788057,2
1.2059523110446584,-4.3040477271269,2
1.2023024474340964,-4.301328052893631,2
1.1982668912898529,-4.301283356977697,2
1.1947115549275633,-4.301731097218903,2
1.1901995266214822,-4.301192342905711,2
1.1864583854968043,-4.300417631982867,2
1.1853155764889447,-4.298208821451084,2
1.1831147002689715,-4.296962850711196,2
1.1806238333031782,-4.2964449798336375,2
1.1836159777972863,-4.292332387053774,2
1.1827685207140277,-4.289393155955045,2
1.1802806726644413,-4.288873978272951,2
1.180495082463711,-4.2849702626110915,2
1.181477724880132,-4.280831739426333,2
1.182460991899907,-4.276692945868222,2
1.1819121659088552,-4.27302187474244,2
1.1819492551412871,-4.267892035345145,2
1.1791075987625028,-4.26492024969437,2
1.1758646347661958,-4.264630201694763,2
1.173028912119273,-4.26165584749713,2
1.1676088588806994,-4.260109532039104,2
1.1637228765635683,-4.258094637966455,2
1.1604874078075085,-4.2578013454866035,2
1.1583116718725055,-4.256544492219254,2
1.1540195933121389,-4.257213408660146,2
1.149084288229833,-4.256157569152448,2
1.1482672285097824,-4.2532051798838655,2
1.148632721594275,-4.247330612663022,2
1.1473516817794618,-4.243878757530116,2
1.1466644688306111,-4.238964709396555,2
1.1459805870996487,-4.234049219271775,2
1.1462318484967753,-4.230129551582085,2
1.1470765203576327,-4.224747871140638,2
1.1474994808914154,-4.222056760546559,2
1.1424268298568983,-4.2197574934088244,2
1.1404027497601987,-4.216529540740243,2
1.139142217755488,-4.213068808348909,2
1.1383470712030945,-4.210106933481853,2
1.137388449458193,-4.205912941603367,2
1.1350779180346855,-4.203411556681452,2
1.1338271714825172,-4.199946588440914,2
1.1322808127543507,-4.197212153422894,2
1.1287588887307116,-4.194437097714449,2
1.128734473208878,-4.19123933383108,2
1.1271948289667684,-4.188501992299507,2
1.1267140847412502,-4.184801450478236,2
1.1256370152363573,-4.182564183151033,2
1.1210913290755258,-4.1839454502064335,2
1.1210913290755258,-4.1839454502064335,2
1.121989564614715,-4.18174891622521,2
1.1230463826201262,-4.180786617180022,2
1.1222889764611068,-4.181016738231472,2
1.1228878001539009,-4.179552382243989,2
1.1242438218045958,-4.177857995329511,2
1.1224299619921165,-4.179050257708358,2
1.1177288684320956,-4.179195915429851,2
1.1136296174810827,-4.177875910359317,2
1.1122598506158408,-4.17636791451231,2
1.1087765518403288,-4.176784471693454,2
1.1069529026345393,-4.174772638946246,2
1.1077007276013724,-4.171338332644289,2
1.1057261993707144,-4.168088930356358,2
1.1054192362930326,-4.1656160443861925,2
1.103750990545663,-4.161631489997637,2
1.1037482279400859,-4.158424353171357,2
1.1023881424268325,-4.1569121665373725,2
1.0995193865285042,-4.155857563334983,2
1.0963499175267941,-4.155535701404155,2
1.0946906804185375,-4.154755580108347,2
1.0919749376065333,-4.154937622671056,2
1.0888080190685194,-4.154614656715699,2
1.0859453010026137,-4.15355743990423,2
1.07931350948801,-4.153643055116101,2
1.076308708894464,-4.15134446100585,2
1.0736113358903516,-4.148310219110497,2
1.0698028119669019,-4.145200175511139,2
1.0681509224511387,-4.13970008249227,2
1.0641135100381902,-4.137244693406219,2
1.0609367749047056,-4.135418785799287,2
1.0580596546514052,-4.132862484478959,2
1.054575923514502,-4.131773096017511,2
1.0519573803434827,-4.131309445715571,2
1.0513918072577884,-4.12995331384267,2
1.048488661553293,-4.128813104655029,2
1.0464522269035932,-4.1282973696488465,2
1.04618521425191,-4.126211719124276,2
1.0465021846925229,-4.1240724282301695,2
1.0477201086660486,-4.119740206072423,2
1.0483209786760312,-4.118278057438502,2
1.0495071205458562,-4.11676119891516,2
1.0498231537009826,-4.114622685853696,2
1.050153847720754,-4.111077511880387,2
1.0498973367293516,-4.107588652076329,2
1.048466415715616,-4.104212420610782,2
1.0484796706520214,-4.102806926447897,2
1.048792423307935,-4.100671135800701,2
1.0467576446867213,-4.098759532310634,2
1.045895050034808,-4.09673714783459,2
1.0447432835826511,-4.094041996407,2
1.0412398852293485,-4.091574435154369,2
1.0409694906966376,-4.0880970969963855,2
1.0401093136176645,-4.0846782120474305,2
1.0383530451742526,-4.083448223355269,2
1.0357168850988412,-4.081604698753232,2
1.0339758948812552,-4.076178548450301,2
1.0325162694994106,-4.072826138109544,2
1.0295819906101382,-4.068922777303884,2
1.02900363576593,-4.06339377018506,2
1.0272373658627263,-4.060777587302548,2
1.0281281309510995,-4.053015134476457,2
1.0281283968302173,-4.050225925464785,2
1.0278317583038117,-4.046770366620896,2
1.0278297981298898,-4.0439830049617616,2
1.025164992266717,-4.042163252869976,2
1.025157658480115,-4.037985856471801,2
1.021303621767803,-4.036291032197248,2
1.0206982456065568,-4.032178943658296,2
1.0168378822171924,-4.030489369754104,2
1.0156397201333167,-4.027832721042504,2
1.0129527866793318,-4.024636837970236,2
1.011147810948227,-4.020658282022167,2
1.0096404425867682,-4.017345492531833,2
1.008703205334049,-4.011201569764525,2
1.0071646452074763,-4.0051256772707085,2
1.0044412905589706,-4.000565525165808,2
1.0020166563066333,-3.9966702158423697,2
0.9990068515762545,-3.994224026456031,2
0.9956701065032245,-3.9897419192199397,2
0.9932486783908772,-3.9872384433735384,2
0.9911323559320913,-3.9853945113236975,2
0.9904774208006053,-3.981323550685918,2
0.9892221586610965,-3.9773197938744485,2
0.9885826143809648,-3.9746305548893037,2
0.9882077282950732,-3.969845437794625,2
0.9878524508452386,-3.966438542105667,2
0.9874718824660675,-3.961658140621404,2
0.9883107566141867,-3.9581222334938264,2
0.989436533708048,-3.9538664820081166,2
0.9884493702241492,-3.949158486105981,2
0.9859706663151471,-3.9453080480033265,2
0.9829419243550834,-3.9442720683902888,2
0.9807984206171092,-3.9424506934871886,2
0.979539803619172,-3.9398442149812745,2
0.9782495104344999,-3.9358695296649557,2
0.9772718211873084,-3.9325481654840306,2
0.9765769342618356,-3.928510359962802,2
0.975561945114972,-3.9238254559673535,2
0.9760659547952493,-3.919654701229728,2
0.9762502137361899,-3.9148365563306395,2
0.9745868188985192,-3.9088642614224014,2
0.9735924342535451,-3.905556752385486,2
0.9729160429376158,-3.9028980919462484,2
0.9713131886169357,-3.8996645441567512,2
0.971559042521049,-3.897584271314683,2
0.9699905590828806,-3.8957166940667296,2
0.967493796649336,-3.893275736519273,2
0.9653168435354669,-3.891482120518738,2
0.9643486285249736,-3.8895473880590252,2
0.9639023330008705,-3.8848215320890827,2
0.9638189461500701,-3.8821017446410924,2
0.963692108463583,-3.8780235219053143,2
0.9635631618847427,-3.873947049292994,2
0.963194512337811,-3.8719457449960046,2
0.9649713154590494,-3.870369704045519,2
0.9598794374565607,-3.8730236308724457,2
0.9574525883949043,-3.873313642117271,2
0.9586213904831808,-3.871811173497882,2
0.9595093234010577,-3.8710235419389605,2
0.9603076599517681,-3.8675212760733366,2
0.958068041649673,-3.8643851703542644,2
0.9570871732850819,-3.8624609386352784,2
0.9570404419501752,-3.8611052257617526,2
0.9569462763162502,-3.8583943833891947,2
0.9571313981834635,-3.854970016548757,2
0.9579239352802116,-3.851472563522627,2
0.9574491111290229,-3.8467703828338564,2
0.9557521925562327,-3.842220402719475,2
0.955371768360342,-3.8402288699451024,2
0.9534918953930323,-3.8391014579331646,2
0.9539471662278629,-3.834971150493148,2
0.9529013480416637,-3.8317063250226973,2
0.9509639649563226,-3.8292321452126714,2
0.9516920794545563,-3.824393660904219,2
0.9515835030562343,-3.8216947777085952,2
0.9516970555230735,-3.81693531055976,2
0.9530879278961706,-3.8133723066017033,2
0.9538104772618148,-3.808538440674587,2
0.9554788211454142,-3.804263419299403,2
0.9565341260865505,-3.8000661511057867,2
0.9575887280635698,-3.7958694662866517,2
0.959256368983052,-3.7915950282859523,2
0.9605877980867952,-3.7866868608096365,2
0.9613627610806184,-3.7832039921456246,2
0.9629704315076637,-3.777584828157531,2
0.9649744599839174,-3.7739439737888247,2
0.9662433996404687,-3.767693170750352,2
0.9676319287998467,-3.7641321113739075,2
0.9689594330206059,-3.7592272010717984,2
0.9691757624318065,-3.7571714299580883,2
0.9711806110328638,-3.7535298949858156,2
0.9737414571010987,-3.7484634501175584,2
0.9769208486640508,-3.743314682300941,2
0.9797616266172007,-3.7375341782048626,2
0.980810370559908,-3.7333423548397704,2
0.9839930426220747,-3.728190864608889,2
0.9876699842486918,-3.7202711969308453,2
0.9886538369501405,-3.714738731199752,2
0.9899785293144312,-3.709836154395582,2
0.9926091873727501,-3.7061062682719346,2
0.9936557052624178,-3.7019162922593782,2
0.9941458742028502,-3.6991515178300425,2
0.994013982827985,-3.696471983221496,2
0.9935368582645445,-3.6931662057765564,2
0.9912591469605712,-3.6914562067854924,2
0.9911235064437456,-3.688779783507531,2
0.9901559200381538,-3.6882390235646305,2
0.9887735813556287,-3.6857352189680235,2
0.9905725278465525,-3.68414080172127,2
0.9943800720804887,-3.678901738171664,2
0.9961116669557466,-3.6759687203696085,2
0.997497267097966,-3.6724100917201863,2
0.9988130552501069,-3.6675149043261577,2
0.9973534062935911,-3.6636807636461093,2
0.9977645075497374,-3.65958711156955,2
0.9988711130925374,-3.6567417643153046,2
0.9997010672496387,-3.65460775387462,2
1.002335240128538,-3.650874950878549,2
1.0028166220175088,-3.648117468630275,2
1.0029482014511437,-3.644737535479754,2
1.0022491823439115,-3.6434921475298623,2
1.0026551285298702,-3.639402773532856,2
1.0011792528183179,-3.6355820990804997,2
0.9997753565695433,-3.6330961846347556,2
0.9980939888102593,-3.6313222876061424,2
0.997115037818114,-3.630790958884072,2
0.9953546023745474,-3.6276881842082354,2
0.9932382135396232,-3.6239680631568874,2
0.9918249444359546,-3.6214899270376097,2
0.9895071055969762,-3.6198132290067164,2
0.9877355398882202,-3.6167196910935537,2
0.9872188735932053,-3.613446728463373,2
0.9865084898994088,-3.6122107717343184,2
0.9867004498878913,-3.61017522426941,2
0.9852773392865846,-3.607705255392915,2
0.9853850179402421,-3.604345156974876,2
0.9850285373257979,-3.6037282481302384,2
0.9838744626655895,-3.600553262330431,2
0.9825298925254771,-3.5994126086320275,2
0.9807416314189439,-3.596332925862873,2
0.9796672688267982,-3.594486282950349,2
0.9757095213325613,-3.5923957760729994,2
0.9727387503374754,-3.590829937725685,2
0.972290900166703,-3.588894360287302,2
0.9721136676062869,-3.586252453333019,2
0.971032626855024,-3.584411352478101,2
0.9693186884249911,-3.5826644851339395,2
0.9660687470894551,-3.581812074025425,2
0.9648925290595596,-3.578655464521887,2
0.96335145342616,-3.57488889805299,2
0.9627188486491036,-3.5749828884910464,2
0.9605512368323765,-3.575970508717564,2
0.9616304267746152,-3.573147913068219,2
0.9613606292890555,-3.5738535619805525,2
0.9608210343179344,-3.575264859805227,2
0.9601884295408816,-3.575358850243285,2
0.958466524184189,-3.5736185944766223,2
0.9554773003810322,-3.5720680697095286,2
0.953847408964446,-3.5716459477766627,2
0.9537522316858151,-3.5703304391280426,2
0.9541945404859504,-3.5676053827782095,2
0.9537340369610678,-3.5656803060805515,2
0.9531762472652048,-3.5624414708577348,2
0.9519825722930726,-3.559299348487233,2
0.9509562535653284,-3.5541420967587882,2
0.9498560570418739,-3.5523168928585775,2
0.9473849878042735,-3.549372863188596,2
0.9460144665721781,-3.5482537457315857,2
0.9439067318491556,-3.545920937005018,2
0.9417966539124087,-3.5435900728600664,2
0.9389451447000408,-3.5400490176924695,2
0.9370953742332784,-3.537020380190727,2
0.9348160069008262,-3.536706249683551,2
0.9339694982685884,-3.5341887658696116,2
0.9322193571865345,-3.5324719423114175,2
0.9302026405377859,-3.5314580938658366,2
0.9299890881646604,-3.5288463279265976,2
0.9301469543934697,-3.5268390741241973,2
0.9292943534055524,-3.5243266462224607,2
0.928548704345225,-3.5231199554467203,2
0.927538002807129,-3.522614975805542,2
0.9257802462804676,-3.5209044721376,2
0.927584933645015,-3.5193052906658924,2
0.9286428003423683,-3.5165003907092505,2
0.9294362003653855,-3.514396715741773,2
0.9321453403045545,-3.5119961934107575,2
0.9344815385528733,-3.508992422920951,2
0.9359148073154913,-3.506788729312401,2
0.9383617652136955,-3.505087536003469,2
0.941979106869443,-3.5018825614825584,2
0.9450673980158264,-3.500080134169048,2
0.9474086341736534,-3.4970721828287665,2
0.9493277131693549,-3.49677256443643,2
0.949219413893875,-3.495467945444858,2
0.9497508076169598,-3.4940634536558424,2
0.949002112378798,-3.492859290836204,2
0.9495332717805098,-3.49145499350535,2
0.949689673500739,-3.489448955066459,2
0.9485184110380498,-3.490953465496542,2
0.9505955905839425,-3.48864639884364,2
0.9507517579827933,-3.4866405548629107,2
0.9506421113594214,-3.485337054005768,2
0.9487200447662243,-3.4856391517396688,2
0.9481235334635816,-3.482432450728048,2
0.9475252647506522,-3.479227208152638,2
0.9465483720535879,-3.47542343302886,2
0.9464751703866927,-3.4708189490347916,2
0.9418669939122299,-3.4702317186925367,2
0.938919990757558,-3.4700406501185768,2
0.9363511429442752,-3.470448503009308,2
0.9368446272023068,-3.472346209720726,2
0.9368782017219743,-3.4690476086962825,2
0.9377008413192662,-3.463648930180348,2
0.9368253939975482,-3.461155461949364,2
0.936591807147094,-3.4585603221829366,2
0.9345445115592561,-3.457571850527442,2
0.9309467437211758,-3.4574898428990615,2
0.927991773639846,-3.457305385902597,2
0.9267278022560159,-3.454221600980567,2
0.9240322609395228,-3.4533400998454127,2
0.922623603904082,-3.4522526304541987,2
0.9236500049741245,-3.452744581398548,2
0.9223620662468974,-3.4529514247163373,2
0.9209528819883666,-3.4518643928559847,2
0.9199259536952358,-3.4513728794424985,2
0.9214934222280551,-3.447181572305869,2
0.9227996460054015,-3.4436888163586765,2
0.922170622612354,-3.440509096416971,2
0.9225695819586086,-3.437820014827029,2
0.9227071208083668,-3.4358296302701437,2
0.9210314195634925,-3.4354455249078644,2
0.9188455972431413,-3.4331775193636407,2
0.9166574317090728,-3.4309114584010327,2
0.914199343545679,-3.4326218884726387,2
0.9147107533886949,-3.4345047191346953,2
0.9131592852726182,-3.4354120096089993,2
0.9128992707043544,-3.4361095398930885,2
0.9121278462930693,-3.434924239515123,2
0.9116080514779146,-3.4363191056251416,2
0.9151053192092178,-3.4318192836352814,2
0.9138133970186626,-3.4320294327418175,2
0.9129146347203996,-3.429555313097909,2
0.9127878826368452,-3.428266007686563,2
0.9113680367558761,-3.4271878236725613,2
0.9103381874286693,-3.423427996093295,2
0.9076223187331287,-3.4225633642036577,2
0.9039995956688962,-3.4225020663694874,2
0.8999874112570652,-3.4218512296769177,2
0.8975259334168477,-3.420293734499065,2
0.8963575493740574,-3.4185251179238705,2
0.8941576597882896,-3.4195395247621434,2
0.8949304981108845,-3.417452913498341,2
0.8922074240331419,-3.4165942611971687,2
0.8923403270527164,-3.4178784620817773,2
0.890787980231492,-3.4187864817741893,2
0.89103587665182,-3.414828269807158,2
0.889092369653051,-3.4151481604628415,2
0.8868920700048815,-3.416162907602896,2
0.8846921218387784,-3.4171773630557034,2
0.8833966848276376,-3.417390429034665,2
0.8813183416579644,-3.416427723085574,2
0.8765276366302608,-3.4178682132672265,2
0.8727595329333742,-3.4165330694455527,2
0.8702852259980247,-3.4149862208520485,2
0.8684574659613915,-3.4133338115598697,2
0.8657251947697802,-3.412482791741544,2
0.8647977281034098,-3.4100324932224275,2
0.861159891310658,-3.4099837379396742,2
0.8581701245055413,-3.409828157980206,2
0.8572383228937799,-3.4073814569370775,2
0.8548639462279297,-3.403875434321618,2
0.8532786852369725,-3.4015400304929297,2
0.8520885093065544,-3.3997894985267614,2
0.8503551144068222,-3.3961825335939704,2
0.8466667893414161,-3.3929049391522366,2
0.8440227323506964,-3.390104468220038,2
0.8408723540237233,-3.3886876820535647,2
0.8370687506389309,-3.3873819986433666,2
0.8340638701053003,-3.3872389612353153,2
0.8331124440786049,-3.384808546063219,2
0.8319092633120206,-3.3830688065250154,2
0.831205374240513,-3.379951215965935,2
0.8294452667043366,-3.3763664192635616,2
0.8289868056956688,-3.3725634034409477,2
0.8303886753943903,-3.3703857672260504,2
0.8301775170195391,-3.365895770474612,2
0.8320789127347155,-3.362340088780668,2
0.8322691660974506,-3.3584297135213887,2
0.8318038511886385,-3.354632385599997,2
0.8306819135621097,-3.350948980078229,2
0.8325823134114518,-3.3473941248314745,2
0.8325180001778296,-3.3441767587040268,2
0.8322948914129888,-3.339696679318827,2
0.8306674525750175,-3.337396277959222,2
0.8301910659813636,-3.3336081381859657,2
0.8297125704953636,-3.3298217485361636,2
0.8275829109451553,-3.3289016289244575,2
0.8271005491565102,-3.325118447834324,2
0.8296544083850446,-3.3214522953731294,2
0.8328669406433047,-3.3176705190034053,2
0.8334500530135411,-3.3143468629591766,2
0.830656741104443,-3.31354649949194,2
0.8316480605320606,-3.310796825653185,2
0.8334602461805183,-3.309191421520307,2
0.8312438371252888,-3.3050725551501206,2
0.8318228488715018,-3.3017523021237256,2
0.8313301183621338,-3.297977725807238,2
0.8314127088500793,-3.2960329416892407,2
0.8312477038024966,-3.2947753815727694,2
0.829350291737935,-3.2931807749691213,2
0.8290182899111009,-3.290667307630555,2
0.8267045867018137,-3.2885054276280066,2
0.8239742994460748,-3.2857765172992615,2
0.8232230188770142,-3.2826982559033553,2
0.8220546856187685,-3.279053353097577,2
0.8224523484016792,-3.2744891034114794,2
0.8250801868077318,-3.2688853131697257,2
0.8258924419054239,-3.2648897467041937,2
0.8282753208913824,-3.2599709928096505,2
0.8292584390709674,-3.2572281250065522,2
0.8309048581273792,-3.2543657927462295,2
0.8292340698355254,-3.2521013661465155,2
0.8273160374902009,-3.2505238718610805,2
0.8244876359555988,-3.24975262850354,2
0.8229859533353441,-3.248742359002465,2
0.823056534852963,-3.246807540865248,2
0.8209586766332571,-3.2439847859420663,2
0.8179489847156933,-3.241969497310281,2
0.8146257435920852,-3.242572410268549,2
0.8126317989179235,-3.2429341580435107,2
0.8073146131201518,-3.2438988187767404,2
0.8026620755471043,-3.244742896918316,2
0.7997608664418472,-3.2459083190505247,2
0.7965001227485189,-3.244583122678149,2
0.7929953569205743,-3.2439421848203374,2
0.7876762965518278,-3.2449084012188596,2
0.784410280627613,-3.243587580155122,2
0.7838030919236605,-3.2417842342666052,2
0.7821051223526165,-3.239542364813632,2
0.780645785524614,-3.2366207093838106,2
0.7791841054828925,-3.233700998535605,2
0.7768137550818448,-3.231586128793616,2
0.7740141672802405,-3.2289147294661564,2
0.7712110646580559,-3.226246247011119,2
0.7670206788425702,-3.225743295750423,2
0.7636857216503472,-3.2263559316167694,2
0.7599694379824218,-3.224496033587558,2
0.7562038960417592,-3.2245532580028637,2
0.7546773167756964,-3.223563649681454,2
0.7516220493512176,-3.2215861831620956,2
0.7474223492611856,-3.221090961613319,2
0.7450299140707912,-3.218994419553061,2
0.7428714251959931,-3.216221980679183,2
0.7413785804117499,-3.213328132766467,2
0.7394502887105894,-3.2098829084095595,2
0.7370475433798163,-3.207794922508409,2
0.7339730616028071,-3.205833401558298,2
0.7304608482755004,-3.2033224001310714,2
0.7282844923960603,-3.200564788692013,2
0.7251687192729754,-3.2005137786089257,2
0.7216160347243985,-3.199912607445153,2
0.7200727600605585,-3.1989368542677603,2
0.7167214003722719,-3.199563102205415,2
0.7145350858345108,-3.1968137552382263,2
0.7114149777660383,-3.1967663426311255,2
0.708526707120809,-3.1960447833338623,2
0.7063081226098102,-3.1951984605944723,2
0.7043452099258865,-3.191781967430936,2
0.7039299068511955,-3.189337629968808,2
0.7035136664910091,-3.186894070339326,2
0.7035595778883952,-3.183103481307569,2
0.7020280114973776,-3.180241767606052,2
0.7016081391559208,-3.177801222078074,2
0.7005145386365683,-3.1754887943955055,2
0.7003234575405202,-3.172376630133469,2
0.7010354230908575,-3.1684642917610883,2
0.6992641109302777,-3.166283287712684,2
0.6981648281176476,-3.1639755756405386,2
0.6968338836228032,-3.162341864414934,2
0.6950576507133999,-3.1601649439879242,2
0.6926049949303277,-3.1581183776751853,2
0.6892458362606178,-3.1568748537306703,2
0.6856555431317783,-3.156304893101833,2
0.6816064959052763,-3.1570791422319235,2
0.679135570850951,-3.156923981271831,2
0.6735172978686208,-3.1567440134659215,2
0.6726228547368667,-3.15566080362278,2
0.6724031942291955,-3.154448600872497,2
0.6730864046268774,-3.152436369855492,2
0.6728663340567973,-3.151224507406992,2
0.6728736488038844,-3.149342192973398,2
0.6735565077195105,-3.1473302536436396,2
0.671983708562756,-3.1463790021946014,2
0.6697340764699202,-3.1455584451616208,2
0.6683867880593564,-3.1439382973927827,2
0.6674921613907809,-3.1409789957772194,2
0.6656922620227732,-3.138821715624527,2
0.6661455095681941,-3.1374820756323913,2
0.6668253808863174,-3.1354726156441934,2
0.6672786284317347,-3.1341329756520615,2
0.6656997954996449,-3.1331867315006807,2
0.6641214234144996,-3.1303638608169404,2
0.6625405401704043,-3.129419318174474,2
0.661184816190433,-3.1278061708994542,2
0.6593755439675402,-3.1256566690732246,2
0.6571113175734844,-3.122971979444758,2
0.6552978275658816,-3.12082597786544,2
0.6541570620745549,-3.1166764472718445,2
0.6539275600692402,-3.1154724117643458,2
0.6521144879198406,-3.1152023074992865,2
0.6491666996460399,-3.114530140575063,2
0.6459936935277657,-3.114526626897936,2
0.6423642687297519,-3.1139891407820794,2
0.6414522514950729,-3.1129205153010524,2
0.6378204834833401,-3.1123849737668134,2
0.6362271226261669,-3.111450786021452,2
0.6332845557986957,-3.112650530019179,2
0.6316901990756882,-3.1117171687210057,2
0.6314675587663103,-3.112383682928323,2
0.6330501916249016,-3.1114505295185317,2
0.6328155931297417,-3.1102507234760477,2
0.633483689798906,-3.1082510350104684,2
0.6312074622303125,-3.107452548978822,2
0.6284719455451668,-3.106122472620928,2
0.6264154292687962,-3.1046599031089848,2
0.6236765735040954,-3.103332597779893,2
0.6202719057036106,-3.104003084949305,2
0.619352507345706,-3.10294058490037,2
0.6216170696302328,-3.1018725076095084,2
0.6225196476338759,-3.101072722415493,2
0.622928124205588,-3.0960177487001292,2
0.620883214632947,-3.0964217911252323,2
0.6192803051798457,-3.095495527549957,2
0.6174558684438871,-3.0952348545057333,2
0.6154104316481561,-3.0956393344616977,2
0.6124420816739367,-3.094984231241151,2
0.611277013136025,-3.0927311132978677,2
0.6078661943995147,-3.093406704994022,2
0.6044785812746589,-3.095939282948226,2
0.6003866532370203,-3.0967491179218847,2
0.6006059544668414,-3.0960853747433656,2
0.6024088844210986,-3.0944876517078708,2
0.6006059544668414,-3.0960853747433656,2
0.6024088844210986,-3.0944876517078708,2
0.600167352007194,-3.0974128611004,2
0.6013117924685485,-3.097806853745862,2
0.5997046652307496,-3.0968840904174932,2
0.6003866532370203,-3.0967491179218847,2
0.6012638581563134,-3.094094145207814,2
0.6010445569264888,-3.094757888386333,2
0.599899413501026,-3.094364479115356,2
0.5967071930302215,-3.094376911007476,2
0.5955614052209803,-3.0939840364964457,2
0.5932421133044237,-3.091345044535947,2
0.5950713536285157,-3.091601731187856,2
0.5959726428646128,-3.090803015513732,2
0.5955352120118285,-3.092129529579955,2
0.5955352120118285,-3.092129529579955,2
0.596436501247922,-3.091330813905829,2
0.5957539274382206,-3.0914662725468425,2
0.597119075057627,-3.0911953552648157,2
0.5969002424705483,-3.09185870952701,2
0.5962177272411875,-3.0919941195534832,2
0.5975827576999073,-3.091723299500538,2
0.5973638665324845,-3.092386702377274,2
0.5975827576999073,-3.091723299500538,2
0.5980463231815065,-3.0922513409653405,2
0.5975827576999073,-3.091723299500538,2
0.5959989532344512,-3.092657425201139,2
0.5973638665324845,-3.092386702377274,2
0.5966814098834696,-3.0925220637892057,2
0.5939515832873994,-3.093063509436938,2
0.5930236321994045,-3.092008107110898,2
0.5920674375902486,-3.0890998993772865,2
0.5899901838724269,-3.0876545394126413,2
0.58769368750513,-3.08687287401197,2
0.587633685642226,-3.083170180069244,2
0.5862045526965787,-3.0797417091972896,2
0.585239512455626,-3.0768408422592763,2
0.5845227785101041,-3.0751284055612977,2
0.5840224167772607,-3.0727546564118153,2
0.583554867832337,-3.072229920735758,2
0.5794471231020637,-3.0730528816353235,2
0.5755556920041229,-3.0732145786979306,2
0.5707629130897374,-3.074175040049205,2
0.5687088649835736,-3.074586666342608,2
0.5682019422522995,-3.072218362021653,2
0.5670089308907453,-3.0699884332141334,2
0.5651291279347745,-3.0678974632945373,2
0.5632474504078377,-3.0658080490402337,2
0.561620171532013,-3.064902009113762,2
0.558577943949377,-3.0624319712126056,2
0.5551040263875713,-3.061283683152716,2
0.5520554721278739,-3.0588188956219238,2
0.5513233315521298,-3.0571192445480637,2
0.5528647160534028,-3.054344078158662,2
0.550543967424062,-3.05358253917772,2
0.5457347860136199,-3.0545566126003028,2
0.5413999488678947,-3.0560497824122574,2
0.5379651121907223,-3.0567453060699723,2
0.5360658605608553,-3.054670476177785,2
0.5337408941468169,-3.0539124374437474,2
0.5318383620177372,-3.0518403299658203,2
0.5292461678574387,-3.049909563488299,2
0.526174650103254,-3.047463832857339,2
0.5233664937926932,-3.0461940385295314,2
0.521034497737487,-3.0454418335403393,2
0.5182232952490775,-3.044174567168632,2
0.513613263430436,-3.0445016208145947,2
0.510170225505231,-3.045203950507963,2
0.509211812638835,-3.044173827742931,2
0.5096306149425178,-3.0428627731005466,2
0.5079825400449085,-3.0419739913359134,2
0.5052267037765095,-3.04253702183958,2
0.5006756701591488,-3.04469135825941,2
0.4956455472692731,-3.046330536067641,2
0.4936436434642424,-3.04857513303614,2
0.491369884065854,-3.0496508428098448,2
0.48951199795399347,-3.049417928668184,2
0.48620999012446475,-3.047645226592957,2
0.4824910545622245,-3.0471820234948215,2
0.48063105955801433,-3.046950859476615,2
0.47897741952781203,-3.0460666960933196,2
0.47732307653348727,-3.045183116084507,2
0.4758743855490515,-3.0436471200850903,2
0.4766998054450635,-3.041035122624727,2
0.47724792177580433,-3.0372587591218263,2
0.47572424015642767,-3.033908752118064,2
0.4753732347237687,-3.0309293055512967,2
0.47502105768424663,-3.0279508312753336,2
0.4758443686879126,-3.0253405839384264,2
0.47632966747679006,-3.0258505894087424,2
0.4747416452266293,-3.0267882153562518,2
0.47225725448918787,-3.028520473356494,2
0.47059523746992404,-3.027643261852475,2
0.46913775943402314,-3.0261145580341147,2
0.46491354918591554,-3.025157927023935,2
0.46035607173081594,-3.027317611043209,2
0.45689956032670054,-3.02803112208087,2
0.4529555826610121,-3.028236426386208,2
0.44880741749401665,-3.029092931318644,2
0.44445611927188367,-3.030599761816447,2
0.44030830558694767,-3.0314559750616397,2
0.43636292199303206,-3.0316624461159467,2
0.43261891404395314,-3.0312200500410977,2
0.42916152393469176,-3.0319342902968636,2
0.42798023643754135,-3.0315708761973124,2
0.42403233388886896,-3.031779437676855,2
0.4187893536069094,-3.034077011064163,2
0.4155325775980252,-3.0341430161797973,2
0.41207489458705204,-3.0348574995082664,2
0.4077257052572776,-3.0363625798826153,2
0.40199438000859367,-3.0381526757557076,2
0.39873649097319763,-3.0382196045476064,2
0.39755262594094987,-3.0378583294878343,2
0.39923991050216756,-3.0344803339390243,2
0.39963820968577934,-3.033186294385782,2
0.40132619721110885,-3.029807715462489,2
0.40024464066776133,-3.027003542845314,2
0.4010407703922301,-3.024415852655146,2
0.40074595130437984,-3.023266022360186,2
0.39975789678439,-3.022260498552587,2
0.39916685268045526,-3.0199620047116387,2
0.39906966009548483,-3.0181664186181028,2
0.39917073839717787,-3.015724541966051,2
0.39699132056102826,-3.01436396575985,2
0.39500865052261247,-3.012358362973183,2
0.39302410591322,-3.0103543158518065,2
0.39242673513222925,-3.008061072381217,2
0.39024134210108485,-3.0067054548581353,2
0.38964174526705797,-3.00441405874008,2
0.38934159536798774,-3.0032686523682948,2
0.3871528632572865,-3.0019158058740167,2
0.383375113030592,-3.0015014117744307,2
0.38029141836084257,-3.0009420305839196,2
0.3798824769688789,-2.9980106637975954,2
0.37977573578799095,-2.996223001874146,2
0.3795611989800385,-2.9926485530889764,2
0.3789530494159248,-2.9903642546938194,2
0.37993356648574306,-2.9871417955912065,2
0.38021698182077657,-2.984066851535623,2
0.378799248467363,-2.9801471704890066,2
0.379472000193509,-2.9757856249048604,2
0.3790543303304226,-2.9728615016850615,2
0.3785233582880281,-2.96815516137033,2
0.37899707758305823,-2.964440538333724,2
0.3792747520444646,-2.9613703585031033,2
0.3806421451309898,-2.9568633396826236,2
0.3820095382175168,-2.952356320862144,2
0.38318158943453895,-2.9484931618731594,2
0.38595080143524285,-2.9436847930683676,2
0.38883606889138633,-2.9406563564751025,2
0.39180437190354667,-2.935201016508227,2
0.3954766305506414,-2.929592473593093,2
0.3983672873983455,-2.926559564462112,2
0.4014556293292788,-2.9228808509180197,2
0.40454572867049876,-2.9192006789377114,2
0.4073275354449635,-2.9143818580067347,2
0.40799981852836353,-2.9100207013389117,2
0.41269926336463314,-2.905385207718396,2
0.41207787464298207,-2.903111896209367,2
0.4119634594371462,-2.901330602790706,2
0.4118486927492544,-2.89954960105929,2
0.4121266015320373,-2.8964792267705075,2
0.4113861111771122,-2.8924285110060506,2
0.4122509828538963,-2.8874257793901297,2
0.4126047803908435,-2.881934432701666,2
0.41468468184238816,-2.8772671132100296,2
0.4153510483111411,-2.8729108666107894,2
0.41633185828267294,-2.869688164435477,2
0.418609093335391,-2.8643753322179677,2
0.42242312420852635,-2.8605253797311327,2
0.4264361875127882,-2.856028504696752,2
0.4295462627510016,-2.8523317551581737,2
0.43246105470005425,-2.8492788168365504,2
0.4364811476454875,-2.8447761080573226,2
0.4388870329274006,-2.8412327559251622,2
0.44097894334927723,-2.8365554704527476,2
0.44267665521156374,-2.8331688215157502,2
0.44496765664490034,-2.8278445648812536,2
0.447970990702224,-2.8223601534192255,2
0.4488406073867992,-2.8173534840255297,2
0.4520440283214171,-2.8112212749542316,2
0.45453663972096514,-2.8052479567324156,2
0.4557234531844454,-2.8013725468792554,2
0.4576238880394623,-2.7973359126786725,2
0.4593271064539959,-2.7939446939748755,2
0.46245932506189646,-2.7902295681400275,2
0.46630780117676807,-2.7863510303034413,2
0.469245322298935,-2.783279229540147,2
0.47166790297862704,-2.7797220222639734,2
0.4731776540946324,-2.776973107726384,2
0.47580096603539346,-2.7727675680809956,2
0.4782267686339541,-2.7692076870051014,2
0.47699375469386673,-2.7688871995447144,2
0.47902242971568043,-2.766620385731258,2
0.48105180770161127,-2.7643529885433153,2
0.48419679682430505,-2.7606272647386625,2
0.4880604452480384,-2.756736135736112,2
0.49120924209302785,-2.7530072519863324,2
0.4938420440493676,-2.748793836785403,2
0.49739406082677995,-2.743766829860988,2
0.4991118657467428,-2.7403635061366334,2
0.49879343878062876,-2.739233267501451,2
0.5009115931962107,-2.73453420271494,2
0.5011923724157992,-2.731461446313677,2
0.501872270943803,-2.7270939697556056,2
0.5034710913911731,-2.721913144546745,2
0.5045492891027834,-2.716251628435426,2
0.5077894399125125,-2.7100889380473028,2
0.5107527949659794,-2.706995698271694,2
0.5133964928661339,-2.7027732407662484,2
0.5172850379356735,-2.698861450584035,2
0.520854980298072,-2.6938195676102588,2
0.5254709717201163,-2.6897350800490862,2
0.5279212609020867,-2.686154878095307,2
0.5310958916783761,-2.6824045553332176,2
0.5335488169757845,-2.678822165725119,2
0.5366072165556055,-2.6732920565951197,2
0.5387415977262151,-2.668579525580922,2
0.540152047364904,-2.664036775073253,2
0.5410387695096581,-2.659015910233764,2
0.5409176761447156,-2.657240158872712,2
0.5411988654267077,-2.6541670621696642,2
0.5427300569482831,-2.651400354710292,2
0.5435355595276494,-2.6488048861936626,2
0.5465202378259981,-2.645693950725354,2
0.5520900064715359,-2.640767188861865,2
0.5565325064920508,-2.637308427908625,2
0.5604525677861698,-2.633370483103679,2
0.5643749722940079,-2.6294305937171174,2
0.5655909587683396,-2.6255309738228387,2
0.567009609655063,-2.6209814172795127,2
0.5682255961293965,-2.6170817973852376,2
0.5696442470161198,-2.6125322408419134,2
0.5715896715746176,-2.608458270674312,2
0.5738599083566331,-2.6055092401569837,2
0.5771458689946503,-2.5993085331982755,2
0.5820163684327113,-2.5945310851198133,2
0.5852251515490163,-2.590752420080671,2
0.5890464971692442,-2.58502015316024,2
0.5919351544894909,-2.580112659307588,2
0.5953536902397012,-2.5756781752600144,2
0.598245920960867,-2.5707677159203985,2
0.6009356630106826,-2.566507047386203,2
0.6027728232993788,-2.560646679273203,2
0.6025301679267461,-2.5570955654674172,2
0.603020172557148,-2.5533674275885847,2
0.6037133688230334,-2.5489889155298417,2
0.604201908944864,-2.545261993014517,2
0.607099236155884,-2.540347304209888,2
0.610733851217045,-2.5352517507835177,2
0.6149026210732149,-2.530625658300778,2
0.617069572914577,-2.525886097602122,2
0.6197696251047748,-2.521616872908819,2
0.6232081953323103,-2.51716576268843,2
0.6239036762315724,-2.512785354662615,2
0.6259930404888152,-2.5104681761853094,2
0.625869486749469,-2.5086944666349495,2
0.6250075321334556,-2.507102545382601,2
0.6249627961654269,-2.5029054327055427,2
0.6267239505392652,-2.4994661342213007,2
0.6283602624062041,-2.494254195706594,2
0.6281083513393639,-2.490710762998191,2
0.6295393040981345,-2.486150997401385,2
0.6315061690622077,-2.482059234311995,2
0.6332691980070244,-2.4786183801624624,2
0.6354420078826912,-2.473873958009767,2
0.6370016694510046,-2.4710836238837643,2
0.639917625211119,-2.4661534756552896,2
0.6409414917348197,-2.4628950417927875,2
0.6431172892079875,-2.4581481402985315,2
0.6438083180011773,-2.4537714269777826,2
0.6448321845248781,-2.4505129931152787,2
0.6453173855671555,-2.4467888416287593,2
0.6465456739135345,-2.4428790126810007,2
0.6512896633852066,-2.438688302349073,2
0.6538034536590764,-2.435055402233509,2
0.6570630845131724,-2.4312345397733086,2
0.6607354253152788,-2.426107678582925,2
0.6642045744819107,-2.4216311915724518,2
0.6661842685411106,-2.417528781898719,2
0.667923269758731,-2.4110223671757627,2
0.6662896786787602,-2.404836077534986,2
0.6654490457700373,-2.400648986086896,2
0.6635981944116391,-2.3959836973294184,2
0.6642483482367361,-2.3914193918182587,2
0.6666533883198227,-2.3871440955792558,2
0.6678314920115369,-2.3839120372012417,2
0.6682639018524714,-2.380868345236248,2
0.6684314499662545,-2.3771578195865963,2
0.669079229235944,-2.3725916126022355,2
0.6695107889274112,-2.3695472398628823,2
0.6684029050783806,-2.364691401519451,2
0.667559545828265,-2.36050212689843,2
0.6694801186658665,-2.35707911985984,2
0.6711850728929711,-2.3551784283033115,2
0.6718801751141399,-2.352799832874611,2
0.6730549514967201,-2.349565110086619,2
0.6744441298965889,-2.3448070976049884,2
0.6735989091122878,-2.340616332322872,2
0.6725389931557153,-2.3379486219846157,2
0.6716935378474247,-2.3337576689026793,2
0.6703178900368574,-2.32823267285179,2
0.6721838257059982,-2.322616197250582,2
0.6723466686822093,-2.3189019038669922,2
0.6725092185034338,-2.3151873757336254,2
0.6741077713125243,-2.308902047599666,2
0.6777754764586543,-2.305761840701601,2
0.680964181699844,-2.3034783010873188,2
0.6808594805807573,-2.2990950260586054,2
0.6800107419365897,-2.294901443779155,2
0.6764528109774055,-2.292135144642314,2
0.6735863178020214,-2.286987315704547,2
0.6715160954492703,-2.2838413376319604,2
0.6696586774191111,-2.2791707904794496,2
0.669553067519562,-2.2747867877264216,2
0.6701902492363914,-2.2702120945375768,2
0.6703492958554946,-2.2664947611443615,2
0.6697650524947356,-2.262967719112339,2
0.6687032017152319,-2.2602984594255453,2
0.6699235860926134,-2.2592499749070107,2
0.6686497078512375,-2.258105906387053,2
0.6696044829562382,-2.2563899895719324,2
0.6677996500096146,-2.253911267733601,2
0.6669494162750009,-2.2497164882302805,2
0.6646137458851253,-2.245903206973484,2
0.662543728740868,-2.2427573932257445,2
0.6641862771923055,-2.238657012237466,2
0.665562644719147,-2.233888741190528,2
0.668211952391399,-2.2302637874642635,2
0.6688446928101435,-2.225685537816279,2
0.6675161334270623,-2.22234796552123,2
0.665390438414132,-2.217007849849148,2
0.6627884991531623,-2.2125266081087656,2
0.6614600130588268,-2.209189094501159,2
0.6598658297456268,-2.2051840781720333,2
0.6592236072495368,-2.1994608914299114,2
0.6583708377242647,-2.1952640813410103,2
0.6569863806062752,-2.189732031059288,2
0.658357383396817,-2.1849594640914134,2
0.6582450895635148,-2.180570109043444,2
0.6576006977205022,-2.174845185152966,2
0.6569558368295123,-2.169119885662841,2
0.6548286174106384,-2.1637785492919157,2
0.6529673004191245,-2.159104879967355,2
0.6513718858549709,-2.1550988776891593,2
0.6509918720333783,-2.1500404001462012,2
0.6506114477947982,-2.1449815939535544,2
0.6525095649602335,-2.1415406050819605,2
0.65467329139803,-2.1387670485069528,2
0.6550897536075624,-2.1357105861540226,2
0.6562463104075711,-2.132461273667314,2
0.656870124256896,-2.127875875888586,2
0.6579673094353709,-2.1224293036303337,2
0.6571098347725268,-2.1182287258074926,2
0.657732109558161,-2.113642095592425,2
0.6566077797142427,-2.108773087786439,2
0.656223002124074,-2.1037107955595857,2
0.6568438697657584,-2.099123038545585,2
0.6572574883718918,-2.096064299119808,2
0.6563984306721036,-2.0918624536481634,2
0.6580240054496791,-2.087748480647724,2
0.6584367739063417,-2.084689060447591,2
0.6597947899308636,-2.079906094064542,2
0.6596736721323886,-2.0755096730482503,2
0.6602913297269417,-2.0709193455241817,2
0.6594303811774758,-2.066715985916467,2
0.660047159307064,-2.0621249541430586,2
0.6599245464181429,-2.0577273359029,2
0.6590628063502066,-2.0535233424707844,2
0.6577289701773203,-2.0501815446797274,2
0.657400544712301,-2.0473140943017043,2
0.656538408885126,-2.0431097839573873,2
0.6562097195806107,-2.040242122304562,2
0.6549376295846674,-2.03909948575825,2
0.6541372399344425,-2.0370943366586847,2
0.6538084187101845,-2.0342265693684585,2
0.6554275294202494,-2.0301074201354137,2
0.6568416630459222,-2.0275191078013695,2
0.6589309790112523,-2.022536248791198,2
0.6605483894223774,-2.0184157380094394,2
0.6624323178863349,-2.0149633872485797,2
0.6633106597494436,-2.0110365482248227,2
0.6637178582613146,-2.007972667778903,2
0.6621147923519448,-2.003960538531498,2
0.6619871665127093,-1.9995589060701313,2
0.6628640719163705,-1.995630916772459,2
0.6634732426739873,-1.991033793242309,2
0.6648839024130453,-1.9884426991233948,2
0.665556827459282,-1.986046344873973,2
0.6681744157617153,-1.9823959912217042,2
0.6700540641628319,-1.978940213114086,2
0.671665684762921,-1.9748150660242096,2
0.6722719093128973,-1.9702155832587884,2
0.6729433978996866,-1.9678180787354567,2
0.6726099594843511,-1.9649466141362204,2
0.6702670774817374,-1.9611275580348853,2
0.6686612852309679,-1.9571132456145435,2
0.6679938220903168,-1.951369846916517,2
0.6675935805744739,-1.9462951716388641,2
0.6681972546760448,-1.941693646550375,2
0.6688004010986397,-1.937091698912285,2
0.6704072872456504,-1.9329627606134903,2
0.6708087106042413,-1.9298942555969365,2
0.672950479733359,-1.9271031162635452,2
0.6745559294209276,-1.922973027690837,2
0.6754245971693926,-1.9190384419243998,2
0.6780331709559064,-1.9153808697164507,2
0.6811775071894903,-1.9130618007232414,2
0.6843215502680824,-1.9107424969802516,2
0.6857249104479148,-1.9081455575918636,2
0.6875956469373623,-1.904682643090986,2
0.6884616030021782,-1.9007458858890995,2
0.6895955575525221,-1.897478474194493,2
0.690530310171777,-1.8957465239695228,2
0.6894564400377199,-1.8930676395418224,2
0.690321150193828,-1.8891298846533804,2
0.6887100811532552,-1.8851113467370304,2
0.688570025542484,-1.8806997608850686,2
0.6886981882834835,-1.876957696602716,2
0.6891650369141296,-1.876091298940631,2
0.6903672603399258,-1.8750282716733384,2
0.6912301822506048,-1.8710890848112474,2
0.6930966386772148,-1.8676227429636114,2
0.693492198936017,-1.8645495429514956,2
0.6941563000170863,-1.8621461227337495,2
0.6950177121795686,-1.8582057269103025,2
0.6951436616003974,-1.8544618902671282,2
0.6945343681458205,-1.850914788866561,2
0.6933871722127556,-1.8460274705778765,2
0.6925086636794422,-1.8418100494584486,2
0.691092164721141,-1.836252341025972,2
0.6896754312388467,-1.8306944447936715,2
0.6882584632325628,-1.8251363607615474,2
0.6866448437435793,-1.8211157805221276,2
0.6859617554420083,-1.8153598696609308,2
0.68508207428874,-1.8111415095423897,2
0.6849362435246782,-1.806725299119794,2
0.6845941716949113,-1.8038469211395949,2
0.6835180735829418,-1.80116625261358,2
0.6824419754709705,-1.7984855840875653,2
0.6816349018869872,-1.796475082693057,2
0.6812925515599808,-1.7935964817005683,2
0.6804119762839917,-1.7893774055952036,2
0.6800693621174947,-1.7864985933279165,2
0.6799219776320005,-1.782081138731499,2
0.6800433684927469,-1.778333651729275,2
0.6799693830950098,-1.7761246896812874,2
0.6806286617764989,-1.7737174078296913,2
0.6800160849860468,-1.7701676772316084,2
0.6791341611971138,-1.7659475212772637,2
0.6787159346226836,-1.7608584441007196,2
0.6778335564435167,-1.7566379242842203,2
0.6784168269578448,-1.7520200606111676,2
0.678999569793195,-1.7474017743885142,2
0.6798511612635423,-1.743453514447495,2
0.6824371181426461,-1.7397778312941643,2
0.683094066241976,-1.7373686831818311,2
0.6854855849585562,-1.7352322761820247,2
0.6858725557761751,-1.73215219800141,2
0.6861829614321575,-1.7268610919747616,2
0.687764445699365,-1.7227118126076864,2
0.6868787255533171,-1.7184886166437146,2
0.6852606207930059,-1.714464444732691,2
0.6843746368074672,-1.710241037493919,2
0.6852222853432153,-1.7062896201683824,2
0.685529920684548,-1.7009962957563296,2
0.6863766018088313,-1.6970441037565287,2
0.6884165358162431,-1.6920217011462242,2
0.690263819906562,-1.6885400066630893,2
0.6923806562038592,-1.685728901861065,2
0.6949586832405057,-1.682046868726232,2
0.6982676877474709,-1.6781646847395173,2
0.7008444835331673,-1.674481665655616,2
0.7022280997244739,-1.6718689158696662,2
0.7043428692790972,-1.669056156081698,2
0.7051851091052885,-1.6651004076227593,2
0.7050252069017571,-1.6606729292108149,2
0.7041337848911695,-1.6564451673636569,2
0.7039732670621586,-1.6520171959771783,2
0.7013489600755136,-1.6475180428287182,2
0.7009980349650782,-1.6446325754052182,2
0.7023792326277221,-1.642017888933598,2
0.7046806424221579,-1.6376596086480042,2
0.7077933179169236,-1.6353151866787528,2
0.7109057002566939,-1.6329705299597173,2
0.7135578739263231,-1.6314975879852511,2
0.7171295854712678,-1.628280512272319,2
0.7202410883460715,-1.6259351513039526,2
0.7245424874793809,-1.6225168918401192,2
0.7271110016366329,-1.6188272410749853,2
0.7294077209512437,-1.6144652047929462,2
0.731703707378383,-1.610102581636454,2
0.7322669700647033,-1.605468696291041,2
0.7325583353041409,-1.6001623432662981,2
0.7319316284432098,-1.5966012977289061,2
0.7304905777545692,-1.5910239290025068,2
0.7297791999965462,-1.5852453647877134,2
0.7283375629979254,-1.5796675265617566,2
0.7264374616013516,-1.5749627998415416,2
0.7249954874744926,-1.5693846916533403,2
0.7245542189179233,-1.5642771631442276,2
0.7251134360653957,-1.5596400382518745,2
0.7246712733861109,-1.55453179375594,2
0.7254154304744631,-1.5483477868172475,2
0.7257012697423484,-1.5430370087591854,2
0.7259864933847666,-1.5377257377265874,2
0.7240845451117632,-1.5330195320827702,2
0.7229113463311574,-1.5281113914887623,2
0.7214662061304189,-1.5225307480029553,2
0.7195640526489218,-1.5178243780342928,2
0.7176618991674246,-1.5131180080656303,2
0.7143030968505943,-1.5088161887717106,2
0.7119446190025585,-1.5049846439821728,2
0.710042773333802,-1.5002785205007783,2
0.7066848651396853,-1.4959774171936857,2
0.7025994387041266,-1.4918792347858538,2
0.6982430529176451,-1.48710933589798,2
0.6939742256048973,-1.4845592679728234,2
0.6901621770489221,-1.4811347387307006,2
0.6858945076983769,-1.4785855980671698,2
0.6820835584736074,-1.4751619491367158,2
0.6797279388867175,-1.471332693157514,2
0.6786425184460914,-1.4686445595885527,2
0.6770143877851513,-1.4646123592351135,2
0.6758420538117687,-1.459704911152949,2
0.6736710956685208,-1.4543285501151164,2
0.6720428770610809,-1.4502962793367438,2
0.6696877998109212,-1.4464674576446317,2
0.6673328984537577,-1.4426387768023883,2
0.6647941125136789,-1.4403578231056873,2
0.6612576404996986,-1.4376087076526094,2
0.6587194115540935,-1.4353281999804892,2
0.6551837017430824,-1.4325796948768357,2
0.6540989262434351,-1.4298920777573851,2
0.6522877611490472,-1.4274082853238461,2
0.6480265998392625,-1.4248643561053882,2
0.6462158598196073,-1.4223809040590254,2
0.6455865145637745,-1.4188177457736302,2
0.645228157974362,-1.4159263274432536,2
0.6436886704606177,-1.4141148266267098,2
0.6414232330846161,-1.4125075026207394,2
0.6390707355983682,-1.4086807467266773,2
0.6367184140051094,-1.4048541316824803,2
0.6333694616959047,-1.4005601999811113,2
0.6331946085879299,-1.3961207493304748,2
0.6312971749017553,-1.3914181588332433,2
0.6303962839850232,-1.387182814568252,2
0.6307628218999035,-1.3840863743280973,2
0.6311291252907907,-1.3809897462881207,2
0.631224029598279,-1.3772210496434365,2
0.62868890809556,-1.3749430303189616,2
0.6267909613881528,-1.3702400290096186,2
0.6257947117737057,-1.3697730175271534,2
0.6228061388233499,-1.3683721239296318,2
0.6190928032884386,-1.367176357879286,2
0.6143838923955549,-1.3655141202709657,2
0.6105835846968901,-1.362098992757458,2
0.6056050483082807,-1.3597661067805902,2
0.6008979989495806,-1.3581053598333614,2
0.6005396716756657,-1.3552139649779598,2
0.5970119796536082,-1.3524718802807385,2
0.5947506611052074,-1.3508678545091541,2
0.5922188522538683,-1.3485924878571751,2
0.589957914806952,-1.3469887672602994,2
0.5893291265455982,-1.343426054999485,2
0.5892415240986146,-1.3412061888243016,2
0.5887001917067494,-1.3398632253637786,2
0.5888831528514515,-1.338314758756436,2
0.588524664342291,-1.3354232347886565,2
0.5871711867851364,-1.3320657087624603,2
0.5858177092279817,-1.3287081827362641,2
0.5849175365409724,-1.3244734136082261,2
0.5841054060334265,-1.3224588627800422,2
0.5828400586022404,-1.3213216254786335,2
0.5808508720247136,-1.3203902551862008,2
0.579497541045054,-1.3170328465348948,2
0.5771498073273733,-1.313209905324726,2
0.5743492231297775,-1.3102645710785552,2
0.5710077462728069,-1.3059766254965268,2
0.5679372434245025,-1.302360408132028,2
0.5665844254660737,-1.2990034102928316,2
0.5650493792504125,-1.2971954659354257,2
0.5638787895492108,-1.2922894146144426,2
0.5644249026686676,-1.287641796407005,2
0.5628012572790624,-1.2836131877251713,2
0.5604546228925908,-1.279791126826673,2
0.55837874264855,-1.276640618083368,2
0.5570258514013737,-1.2732835615567275,2
0.553956872959013,-1.2696685648910773,2
0.5528746772232651,-1.2669830135696767,2
0.5507993100004587,-1.2638329156384813,2
0.550439736817836,-1.2609405230965258,2
0.5493575410820917,-1.2582549717751252,2
0.5491790821677434,-1.2538126337022213,2
0.5488191278836396,-1.2509199359855518,2
0.5487296639024741,-1.248698579149277,2
0.5481884487726063,-1.2473557095886658,2
0.5490917458615261,-1.2455985707124935,2
0.5487313958181872,-1.2427055560836244,2
0.5493637482139277,-1.2402767124649028,2
0.5494545043783141,-1.236504694110856,2
0.5481009535324137,-1.2331471093972137,2
0.5462059823481518,-1.2284464907981185,2
0.5439501311402921,-1.2268468431098967,2
0.5407020025680929,-1.2247833647987072,2
0.5381759688700338,-1.2225126227173568,2
0.5343873580554366,-1.2191068617199985,2
0.5323129582440878,-1.2159575384630745,2
0.5295171964460632,-1.2130160658507538,2
0.527443163078452,-1.2098670360310528,2
0.5246479143016618,-1.2069259742308436,2
0.5223037863903475,-1.2031059204429475,2
0.5177962760909818,-1.1999099819883288,2
0.5142809258939707,-1.1971777802567694,2
0.5105855754176414,-1.1959964161053165,2
0.5058993254054194,-1.1943523246548509,2
0.5017539680525722,-1.1940508445402376,2
0.4966178870568214,-1.1932867779764837,2
0.49247321861820126,-1.1929858495238488,2
0.4880589246838607,-1.1920142727026661,2
0.4887797883070544,-1.1918060229834406,2
0.48607741876704935,-1.1910890528544247,2
0.48553764009662714,-1.1897473335677269,2
0.48472797209099383,-1.1877347546376793,2
0.48121646222434045,-1.1850056281282146,2
0.47752435111064173,-1.1838268579618045,2
0.4728422785570121,-1.1821861116956782,2
0.46744026581840536,-1.1807543546105812,2
0.46230849420099673,-1.1799937388685624,2
0.45888760627770786,-1.1794868964569964,2
0.45420771772874957,-1.177847899076717,2
0.4519587996363832,-1.1762538032207477,2
0.44836332244460664,-1.1713077214333527,2
0.4455762673497645,-1.1683732208894426,2
0.442069418647435,-1.1656478269014503,2
0.43901377875708114,-1.1620435113507046,2
0.43478785467698877,-1.1595277990555886,2
0.4311007711713586,-1.1583530548478755,2
0.426875902449229,-1.155838187651959,2
0.42390940406954947,-1.1544549707127345,2
0.42121215008410573,-1.1537420969673473,2
0.41725752248317427,-1.1518983711145108,2
0.4133033639302255,-1.1500550208613234,2
0.40934967442526116,-1.148212046207778,2
0.4071042302195238,-1.1466207321366824,2
0.4039574530632901,-1.1467881297652713,2
0.4005421350847964,-1.1462857475994905,2
0.39784649345179623,-1.1455741649778801,2
0.3937122026997901,-1.1452815466673982,2
0.39029758829327577,-1.1447797279010832,2
0.3892236595282199,-1.1421007965234278,2
0.3872481046576901,-1.14118034209568,2
0.38500424348888984,-1.1395902956733863,2
0.38374817441310327,-1.1384604882024547,2
0.3824921639683154,-1.1373307276814764,2
0.3806994529804921,-1.1348617127464724,2
0.3794435891131993,-1.1337320696003879,2
0.3792714330311142,-1.1292947786477114,2
0.3744308800756446,-1.123227692506065,2
0.37128710775805374,-1.1233974963198783,2
0.3702999752637659,-1.1229377855555178,2
0.36823982278489176,-1.119799871137813,2
0.3654611226072326,-1.1168720609625815,2
0.3634013365720925,-1.1137344399820996,2
0.3620602448132306,-1.1103868321340329,2
0.3595503932705757,-1.1081290482404427,2
0.3567726165311349,-1.1052019775270097,2
0.3547134754369683,-1.1020648729960403,2
0.3536408951848671,-1.0993870214673631,2
0.35185008970446674,-1.0969195324059182,2
0.3505094376780846,-1.0935722766825204,2
0.34916878565170606,-1.090225020959119,2
0.3475600032200461,-1.0862083140910386,2
0.3464874815989418,-1.0835305095123182,2
0.3464009784831692,-1.0813115236488038,2
0.34604622770012483,-1.0784229927406983,2
0.3445239630419863,-1.0766252834736214,2
0.3434513827898833,-1.073947431944946,2
0.34256015133004425,-1.0697198226851459,2
0.3414875124469443,-1.0670419242065154,2
0.338711699845927,-1.0641164263165983,2
0.3359361803999068,-1.0611911631764617,2
0.3331609541088696,-1.058266134786102,2
0.3301179785140427,-1.054671960425777,2
0.32617695330460883,-1.0528391269626507,2
0.3226856125012034,-1.050126151237924,2
0.31847764416420077,-1.0476248173667173,2
0.31471941886421817,-1.0442433881838724,2
0.30979570245858135,-1.0419544004155235,2
0.30487271894041434,-1.0396659995216186,2
0.30120249184665404,-1.038504753426155,2
0.2955640387570959,-1.0364289216473974,2
0.29234389182860454,-1.034387850202533,2
0.2876909002498902,-1.0327703911144024,2
0.2840224027705709,-1.0316105300426308,2
0.2799050417191822,-1.0313314685318336,2
0.2745370642748135,-1.0299269658959833,2
0.27015333174809086,-1.0289798617391774,2
0.2664864173057069,-1.027821268316206,2
0.26425252340654026,-1.0262392033863712,2
0.2631843404792704,-1.0235648731043678,2
0.26086587828725527,-1.0197653716595525,2
0.2585475919882274,-1.0159660110646023,2
0.2547974577659513,-1.0125910609756321,2
0.25033192726102627,-1.00942873868925,2
0.2465829363432075,-1.006054704124418,2
0.24435074274297364,-1.0044740007432935,2
0.24122079268311936,-1.0046548730091498,2
0.24023824806440786,-1.0041988360788157,2
0.23943794636067572,-1.0021937574041822,2
0.23818872245388434,-1.0010694313405697,2
0.23685495956975267,-0.9977276922369569,2
0.2353391296636289,-0.9959351357275104,2
0.23355666444267342,-0.9934743252972549,2
0.23230773369087032,-0.9923502339834265,2
0.23230773369087032,-0.9923502339834265,2
0.2305254736784086,-0.9898895878780145,2
0.22945869789509032,-0.987216384394948,2
0.22759184027428248,-0.9825382782995788,2
0.2266098966232999,-0.9820827226062896,2
0.22482798839682516,-0.9796223582006114,2
0.22376132987550257,-0.9769492486174567,2
0.22153115904469622,-0.975370165009803,2
0.21760449842972562,-0.9735488342858059,2
0.2160897825125634,-0.9717571698255174,2
0.21243032886465585,-0.9706045507844028,2
0.21100044507982751,-0.971030534113897,2
0.2069771798584341,-0.9729765384858684,2
0.2018885459976758,-0.9722504661737137,2
0.19965991423055485,-0.9706726150023979,2
0.19788002877350763,-0.9682138703701888,2
0.1947545933004875,-0.968398357782629,2
0.19181175252842841,-0.9670340851505017,2
0.18815446822744164,-0.9658832032577429,2
0.18494615010275695,-0.9638516039664307,2
0.1828022038904873,-0.9644912832100019,2
0.1811901797949247,-0.9664663904462181,2
0.18074144814260862,-0.967347295644597,2
0.18288552627462984,-0.966707722038425,2
0.17949489194622004,-0.9662251058039661,2
0.17896302846050283,-0.964889724761278,2
0.1782483943808284,-0.9651029629132921,2
0.1762873506822622,-0.9641941285995639,2
0.17371163413505997,-0.9597338852268429,2
0.17416024852538392,-0.9588528861285486,2
0.17505738935952841,-0.9570908175070336,2
0.17595441293167724,-0.9553286549856104,2
0.1763193678096151,-0.9522309470966537,2
0.17517180543281086,-0.9473433353707446,2
0.17286168350023345,-0.9435505125571204,2
0.1717977806358082,-0.940879609621879,2
0.1726940126894867,-0.939116813276053,2
0.17118194982497315,-0.937327273301257,2
0.16985199795569628,-0.9339885859447605,2
0.1670942437020102,-0.9310775486411824,2
0.16282520344453744,-0.9263775934497183,2
0.1581929086080578,-0.9247767076959281,2
0.15400908158440885,-0.922294705468957,2
0.14733589455183882,-0.917571328357889,2
0.14653880289523968,-0.915568820193327,2
0.14502827909441862,-0.913780512654867,2
0.14084643086694015,-0.9113000949888974,2
0.1366651689494418,-0.9088201468224852,2
0.13230226508469478,-0.9078897216374209,2
0.12883530011863442,-0.9051962653567518,2
0.12465567986907722,-0.9027176317890966,2
0.12163732929333548,-0.8991431764101385,2
0.11888466127871666,-0.8962362120152125,2
0.11515413912520955,-0.8928769666863996,2
0.11097661493382205,-0.8904000115796578,2
0.10822507556590644,-0.8874939509713755,2
0.10547382935298621,-0.8845881251128738,2
0.10156288184542994,-0.8827793769769912,2
0.09738735110797059,-0.88030401816874,2
0.0941898357446398,-0.8782810694067535,2
0.08975039603374135,-0.8751396398506337,2
0.08584144198012034,-0.87333248801324,2
0.08140329215117603,-0.8701920913561416,2
0.07794274727937811,-0.8675037760956119,2
0.07474738660521396,-0.8654825527444956,2
0.07271166859468536,-0.8623642047208016,2
0.0711232897502665,-0.8583638364372845,2
0.06935252141337855,-0.8559123925231784,2
0.0674995153658049,-0.8512453783548288,2
0.06591122446788589,-0.8472450804962435,2
0.06521658585974066,-0.8414799204937857,2
0.06655684442816323,-0.8388324512156391,2
0.06736717433379269,-0.8348511502433436,2
0.06720085203599346,-0.8304185308112544,2
0.06632292981266019,-0.8262015791913857,2
0.06668580329017537,-0.8231022045790031,2
0.06678350722780912,-0.8193357497947016,2
0.06545883214833559,-0.8160012879342133,2
0.06484512671116605,-0.8124506535494831,2
0.06502616769069647,-0.8109006493310886,2
0.06388225509350498,-0.8060159602399182,2
0.06229238115864533,-0.8020143947325309,2
0.06088318175956786,-0.7964625315695297,2
0.05973875614114732,-0.7915774316662496,2
0.05770325799685594,-0.7884592597048901,2
0.054247139765392305,-0.7857744891660161,2
0.05123685095185593,-0.7822064894059544,2
0.04778158286986489,-0.7795223996414347,2
0.047167349753721055,-0.7759713427071038,2
0.044338189866202526,-0.7708534091535864,2
0.04398865724195744,-0.7679690567915305,2
0.04213441994343192,-0.7633010566741127,2
0.0401001677078483,-0.7601838823993123,2
0.03735633831614216,-0.7572839957101962,2
0.03461280207943496,-0.7543843437708588,2
0.029740827529373348,-0.7521367893383619,2
0.02592827057240399,-0.7525565461694974,2
0.01972266275668133,-0.7529617663601318,2
0.015381554965374633,-0.7520487948210732,2
0.011750332142913322,-0.7509187821835948,2
0.008828862369563595,-0.7495716228103007,2
0.004488941855962381,-0.7486596020078427,2
0.00156808770809036,-0.7473129356090809,2
-0.002061771943667523,-0.7461840145580751,2
-0.007109730549688109,-0.7454905137776375,2
-0.010474743132048658,-0.7450284146737935,2
-0.014812670191723498,-0.7441179901698298,2
-0.021277481843306134,-0.7438609073465301,2
-0.024641527014200193,-0.743399582916954,2
-0.026587238706838434,-0.7425030260166245,2
-0.029950873460746763,-0.742042030236739,2
-0.03375961940285954,-0.742464838814989,2
-0.037122814424284556,-0.7420041951597725,2
-0.04022224704977084,-0.7422095048775379,2
-0.0429576628932864,-0.7393163555070554,2
-0.046138145951749365,-0.7373070457071798,2
-0.0493182772242271,-0.7352980176070378,2
-0.051971323437314254,-0.7346205441281999,2
-0.05515083908431251,-0.7326120090025938,2
-0.058330002945329085,-0.7306037555767197,2
-0.062480600850960855,-0.728148362237107,2
-0.06521365679681423,-0.72525710260234,2
-0.06742009673125438,-0.7236970219892296,2
-0.06918111766475121,-0.7212533835052461,2
-0.07209555171836435,-0.7199118581266255,2
-0.07482758162175251,-0.7170214201160849,2
-0.0775593183701524,-0.7141312168553196,2
-0.07905659156546285,-0.7123535200068343,2
-0.08010870959932603,-0.7096920540126739,2
-0.0823138743095626,-0.7081329945610992,2
-0.08381086900763535,-0.7063555207249035,2
-0.0862786821248509,-0.7041313999495014,2
-0.08874626071807512,-0.7019074669739211,2
-0.09289210951289029,-0.699455876580716,2
-0.09651175271327261,-0.6983351365594768,2
-0.1003937951389009,-0.6965495347517212,2
-0.10356772618335697,-0.694545471609386,2
-0.10718624073703786,-0.6934256353747958,2
-0.11027922395276057,-0.6936361095876826,2
-0.11363462105147804,-0.6931817102765603,2
-0.1174348508411569,-0.693611338335872,2
-0.12078980820738572,-0.6931572911494186,2
-0.1250348706880242,-0.6944709465791554,2
-0.13077406960558946,-0.694009416983036,2
-0.13271336120396526,-0.6931180011028477,2
-0.13580523043073356,-0.6933293673648908,2
-0.13774425818962222,-0.6924381627595046,2
-0.1410978963584011,-0.6919851719470564,2
-0.14348197667449014,-0.6919778186497645,2
-0.14657330356453002,-0.6921896191988957,2
-0.14903557605245155,-0.6899699351943038,2
-0.15079039675793382,-0.6875312616681306,2
-0.1515760553699561,-0.6855379087449176,2
-0.15456154327141824,-0.6819897688160914,2
-0.15631599753316117,-0.6795513887271394,2
-0.15974606894383925,-0.6768874757060548,2
-0.16246882049182076,-0.6740044675259895,2
-0.1656363607575173,-0.6720055219288223,2
-0.16854186824170903,-0.6706711446809486,2
-0.17338379440538887,-0.6684476521007117,2
-0.1775183567331169,-0.6660050995739653,2
-0.18086786141655153,-0.6655554187333887,2
-0.18518512104949458,-0.6646615440887871,2
-0.18942446700784643,-0.6659797771392011,2
-0.19321851122724887,-0.6664143584188267,2
-0.1982412731619565,-0.6657410343818277,2
-0.20106726927686758,-0.6666200442152608,2
-0.20441536681634886,-0.6661714901736158,2
-0.2077632298318477,-0.6657231239317944,2
-0.21066539534916195,-0.6643914228313896,2
-0.21330639289219633,-0.6637235975684384,2
-0.21743608884710675,-0.661284941888006,2
-0.21963112505247118,-0.659733993041268,2
-0.22208677223764006,-0.6575196143816608,2
-0.2240206697842151,-0.6566325178973962,2
-0.22621517831059634,-0.6550819916002588,2
-0.22833353209232143,-0.6557421644994665,2
-0.23238534368814,-0.6555155930390733,2
-0.23502474353647962,-0.6548490471624095,2
-0.23970669420787338,-0.6570530916815649,2
-0.24271628175070958,-0.6594800634103191,2
-0.2473987161278366,-0.6616837205923396,2
-0.2504834177151185,-0.6619008264864572,2
-0.2540139340625771,-0.66300117333925,2
-0.2578045337108623,-0.6634385129287708,2
-0.26159498678164894,-0.6638759698931818,2
-0.2653852932749441,-0.664313544232483,2
-0.26898916473691514,-0.6632054337493116,2
-0.2716268789440708,-0.6625402376838707,2
-0.27311232333556923,-0.6607720129889341,2
-0.27582315813324776,-0.657898547387358,2
-0.27589670379849984,-0.6556899374640359,2
-0.27623015687158947,-0.6528184611273122,2
-0.2775292541782637,-0.6495044811849695,2
-0.2788283514849361,-0.6461905012426286,2
-0.28012744879161033,-0.6428765213002858,2
-0.2830972822166533,-0.6393409170096191,2
-0.28562116896177514,-0.6349221773976765,2
-0.28903589370877114,-0.6322705535274782,2
-0.29245017872328916,-0.6296192817819488,2
-0.29059428279779986,-0.6282942001462679,2
-0.29252407617453,-0.6274103901588948,2
-0.2944537522892663,-0.6265266740714317,2
-0.29682878877393826,-0.6265265628047985,2
-0.30042798441383667,-0.6254221965805886,2
-0.30261676176017893,-0.6238762596416159,2
-0.3071797987304805,-0.6223308335229198,2
-0.31103733339901396,-0.6205648567966211,2
-0.3132253045691371,-0.6190195654195385,2
-0.31367081151657494,-0.6199030528654745,2
-0.3143756981928618,-0.6201240964476131,2
-0.3154130998462712,-0.6174744148923192,2
-0.31689593515836734,-0.615708279470411,2
-0.3190834226227608,-0.6141633754304596,2
-0.32293937425435537,-0.6123986663529664,2
-0.3267948568379637,-0.6106343328751134,2
-0.3306498703735947,-0.608870374996906,2
-0.3352089204360418,-0.6073281414751932,2
-0.34002636815812437,-0.6051242505014383,2
-0.3445841723118672,-0.6035830146662828,2
-0.34728732644882676,-0.6007156995088891,2
-0.34947248333106096,-0.5991726617296784,2
-0.3509532519004832,-0.5974081812937033,2
-0.35243393252340915,-0.5956437712826634,2
-0.3541733332764636,-0.5932174455948225,2
-0.3559126167675206,-0.5907912138068934,2
-0.35791056175770564,-0.58770311329212,2
-0.35920445556332226,-0.5843933001583395,2
-0.3600533114694855,-0.5801996239789755,2
-0.3599397918201941,-0.5764458339452077,2
-0.35982656532589097,-0.5726918091616611,2
-0.36156558497745905,-0.5702657886485305,2
-0.363563310101398,-0.5671778641960898,2
-0.3653750692420008,-0.5625438793215309,2
-0.36622465803564097,-0.5583496162677228,2
-0.3694430097971839,-0.5541602655925324,2
-0.3709958582569186,-0.5501883489821324,2
-0.37280751479327634,-0.5455544462699944,2
-0.37532212318298974,-0.5411431364885324,2
-0.37687488369622635,-0.5371712903030641,2
-0.375801641544129,-0.5338552619293964,2
-0.3749876325433821,-0.5298769070668161,2
-0.37321246458038715,-0.5263374641382494,2
-0.37554292454769644,-0.5203786384860454,2
-0.3763197445367972,-0.5183923632686422,2
-0.3770965645258997,-0.5164060880512409,2
-0.3779478389607238,-0.5122104751862082,2
-0.3785403199766719,-0.5086768366854209,2
-0.38009413584787133,-0.5047041454007495,2
-0.38164795171906896,-0.5007314541160781,2
-0.38442170531364894,-0.49565788827063706,2
-0.3862343878924648,-0.4910231639342779,2
-0.3875291611630516,-0.487712646551163,2
-0.3893418437418692,-0.48307792221480383,2
-0.3904529083225263,-0.4782195368362814,2
-0.3922656935055926,-0.4735847303374978,2
-0.3943374480005222,-0.46828780862460384,2
-0.3964092024954535,-0.46299088691170986,2
-0.3986642112900807,-0.4592421970563816,2
-0.4035401511687269,-0.45484175056041565,2
-0.406678786352499,-0.4528659512913791,2
-0.41007587782689825,-0.45022844762034,2
-0.4125128803547593,-0.4480289990466222,2
-0.41616794441406846,-0.44473017831071715,2
-0.4202645138552068,-0.44231804935522234,2
-0.4224419021302275,-0.4407812324451328,2
-0.4244357429505641,-0.4376964184272545,2
-0.42617081966752757,-0.4352735552986431,2
-0.42772252482280493,-0.4313025542123725,2
-0.42761483895779406,-0.4275440926580174,2
-0.4291667200060658,-0.4235729507218835,2
-0.430718601054334,-0.4196018087857496,2
-0.43367072791803274,-0.41608038338168285,2
-0.4359224680345264,-0.41233431098638107,2
-0.43799129097956424,-0.40703973677126903,2
-0.4399841497306891,-0.403955709165146,2
-0.44109452539712457,-0.39909787544860187,2
-0.44334579646563554,-0.3953521786529457,2
-0.4437568114273329,-0.39026887632094365,2
-0.4450498990567304,-0.3869597087490533,2
-0.4439861111530252,-0.38363610969503625,2
-0.44527941864866527,-0.38032676606081495,2
-0.446132129542935,-0.3761300029218688,2
-0.4474255103273226,-0.3728206006001997,2
-0.44809678448283563,-0.3670741501550623,2
-0.4486913175837124,-0.3635388684058256,2
-0.44998491823433895,-0.3602292900218256,2
-0.450838405989332,-0.3560319047959659,2
-0.45073456045467886,-0.35227036801951783,2
-0.45176961686817485,-0.34962256446244844,2
-0.452106030806652,-0.34674871715296796,2
-0.45383972969516506,-0.344326957348315,2
-0.455573311321686,-0.34190529144357207,2
-0.45686705854981113,-0.33859559568468,2
-0.459557563048989,-0.3357384099802161,2
-0.4618081745187741,-0.3319932413715616,2
-0.4631017018806549,-0.32868372167500226,2
-0.4655328413087325,-0.32648896809685013,2
-0.4689204785347396,-0.3238590351061621,2
-0.47160966383646574,-0.3210029057756998,2
-0.47360061708016055,-0.3179204040431358,2
-0.4762892893606576,-0.3150646855247832,2
-0.477142865062147,-0.31086722987399185,2
-0.47773802844625024,-0.30733144341273366,2
-0.47859194127597604,-0.303133717799696,2
-0.4790071336962676,-0.2980470702833564,2
-0.48099773515397537,-0.29496485025052444,2
-0.48159345553255584,-0.2914286177646872,2
-0.482706616171388,-0.2865685539252496,2
-0.4849556739197336,-0.28282462949041864,2
-0.48624883483787684,-0.27951540323108404,2
-0.4897118646055656,-0.27467538139346814,2
-0.4926572782200136,-0.2711593317593213,2
-0.4956023400484746,-0.2676435638249064,2
-0.4972544754827801,-0.2674368343500042,2
-0.49976077292855514,-0.26303217972475323,2
-0.5007947739840901,-0.2603852212668869,2
-0.503221926504315,-0.258193660285718,2
-0.5046938711085662,-0.2564362458180671,2
-0.5066037885770331,-0.2555683518656586,2
-0.5085135887835079,-0.2547005518131549,2
-0.5111197155405822,-0.2540606500363154,2
-0.5159718512341147,-0.24967926522233697,2
-0.5199699275204281,-0.24949572339629,2
-0.5262127814922426,-0.24557168448216693,2
-0.5304678629519906,-0.2447276002655201,2
-0.5361146887324857,-0.24434004032450218,2
-0.5413227208147937,-0.24306361716763192,2
-0.5455762778686015,-0.24222075364982665,2
-0.549391187801719,-0.24048890954127344,2
-0.5529479492569394,-0.23941852334746017,2
-0.5560661515379639,-0.23745908613796018,2
-0.5598797715891326,-0.23572827492843018,2
-0.5613482276490132,-0.2339736539831403,2
-0.5635892382929057,-0.2302361734297218,2
-0.5653920708640889,-0.22560933668590977,2
-0.5673752701583208,-0.22253304408497598,2
-0.5693583228750612,-0.21945686885893778,2
-0.5689977360064553,-0.21635566319828214,2
-0.5698477791903276,-0.21216103628231942,2
-0.5715732111081486,-0.20974589642140806,2
-0.5714707287441971,-0.20598326805849076,2
-0.5725787591707192,-0.20112731234016934,2
-0.5741243080712248,-0.19716124099924492,2
-0.5769817088217035,-0.19586538618997018,2
-0.5784491828123706,-0.19411155165643557,2
-0.5804316052458827,-0.19103588114242065,2
-0.5826713846388198,-0.18729938653807032,2
-0.585605570417183,-0.18379232782042543,2
-0.588976468493307,-0.18117579904206593,2
-0.5893117391273286,-0.17830286725672018,2
-0.5905989636569444,-0.17499839468039546,2
-0.5916287432806353,-0.17235481661933427,2
-0.5938676432086041,-0.16861902626431835,2
-0.5954122246976468,-0.16465372959766,2
-0.5976508607861284,-0.1609181505174444,2
-0.5993745191162674,-0.15850443089269106,2
-0.6017919975218504,-0.15632061665420416,2
-0.6047239260067965,-0.15281536550985209,2
-0.6075773691649218,-0.15152267982258572,2
-0.6108670702305758,-0.15112088793675582,2
-0.6134627899855385,-0.15048931977704072,2
-0.6177028912253473,-0.14965723127405717,2
-0.621505957696904,-0.14793487105654712,2
-0.6253085551204762,-0.14621288643867558,2
-0.6292903466471422,-0.1460423849628043,2
-0.6335287036147665,-0.14521169322100214,2
-0.6375098355427085,-0.14504171993213077,2
-0.641233962297207,-0.14553228903385573,2
-0.6454712199336203,-0.1447024776037189,2
-0.6482449171984719,-0.14562336679757948,2
-0.6519685455894901,-0.14611433497392667,2
-0.6556920274030134,-0.1466054205251659,2
-0.6592347320765093,-0.1455462905832121,2
-0.6641636990724447,-0.1449480747377443,2
-0.6671931556020301,-0.14520941922756236,2
-0.6711719276323098,-0.14504133567440647,2
-0.675150406507596,-0.14487348687102397,2
-0.6791285922278991,-0.14470587281742375,2
-0.6833624199509387,-0.14387880795969288,2
-0.6859536837500642,-0.1432508079966066,2
-0.6888006188674343,-0.14196333375441483,2
-0.6929591419952832,-0.14334628731867127,2
-0.6973733364413679,-0.1440697666038222,2
-0.7005831010630068,-0.1458817021864771,2
-0.7033554498149073,-0.14680367122931592,2
-0.707513972942758,-0.14818662479357414,2
-0.7107240307193798,-0.14999832562645032,2
-0.7144448448225056,-0.15049154740067117,2
-0.7169619473309012,-0.15207265033543926,2
-0.7198068596788403,-0.15078679586671484,2
-0.7226515081872922,-0.14950115267279251,2
-0.7273197322836786,-0.14956647227759134,2
-0.7319876045940816,-0.14963207358212927,2
-0.7359621991657672,-0.14946733521330913,2
-0.740629397219692,-0.14953347644233617,2
-0.7443486282858736,-0.15002796586535716,2
-0.7480677127745636,-0.15052257266326663,2
-0.7491988021422529,-0.15164256196423764,2
-0.7508391820614957,-0.15144524595544162,2
-0.7534269280007528,-0.15082006298969297,2
-0.7555762320278134,-0.1493057351083511,2
-0.759110860281357,-0.1482530725227864,2
-0.7612597245759307,-0.14673909676611174,2
-0.7642849450159268,-0.1470038333902277,2
-0.7670557107308831,-0.14792707008186667,2
-0.7707734320488733,-0.14842276846624536,2
-0.7758763310158479,-0.1493802495212897,2
-0.7800323036952932,-0.1507652454086177,2
-0.7837496145962977,-0.15126127244268517,2
-0.7877207059658602,-0.151099339333717,2
-0.7909989153559422,-0.15070674963919473,2
-0.7954082287714641,-0.1514341375081525,2
-0.8005099258029826,-0.1523925810372866,2
-0.805104267105877,-0.1546667805276538,2
-0.8074355208929269,-0.15470172914039182,2
-0.8102057589289053,-0.1556253883816332,2
-0.8127225829400615,-0.15720671432868905,2
-0.8166247018621977,-0.15924972904650048,2
-0.8212196001595711,-0.16152348251228688,2
-0.8248689499978639,-0.16422364748640206,2
-0.8278259895089022,-0.1666926981128931,2
-0.8305966379618628,-0.16761602870444392,2
-0.8329275839361774,-0.16765122380444986,2
-0.8356981737581393,-0.1685746013459557,2
-0.8373363403572185,-0.16837905769798844,2
-0.8399198941801274,-0.16775723165406653,2
-0.8430088395932422,-0.16582122247242737,2
-0.8465371943300166,-0.16477358353211713,2
-0.8491200592387056,-0.1641523091501753,2
-0.8509448367620998,-0.16550230947481026,2
-0.8532748886136918,-0.16553822056163625,2
-0.8550997540835823,-0.1668881504613413,2
-0.8583097092559591,-0.16869993345664014,2
-0.860827295470088,-0.17028064905427343,2
-0.8626524687527137,-0.17163033246670878,2
-0.864730059333203,-0.17232314732257414,2
-0.8663030791574577,-0.1743294880167756,2
-0.8678762748747122,-0.17633568786111375,2
-0.8681285162795795,-0.17567896015440887,2
-0.866679173924986,-0.177418275414162,2
-0.8675599567107373,-0.17919344307329688,2
-0.8679364618952494,-0.1822819018209927,2
-0.8683132016037511,-0.18537017276886836,2
-0.8713363699588221,-0.18563655264143009,2
-0.873414620138032,-0.18632883931029198,2
-0.8757448918558701,-0.18636457433478704,2
-0.8783270531925851,-0.18574386335231274,2
-0.8806571050441807,-0.1857797744391423,2
-0.8832389585681568,-0.18515930994393592,2
-0.8865132689968824,-0.18476984242146344,2
-0.889535572544732,-0.18503691480586681,2
-0.8928094725564755,-0.1846477759330849,2
-0.8970273379903535,-0.18383349320077436,2
-0.900300681007618,-0.18344480035256971,2
-0.9047692927559225,-0.18197498713742633,2
-0.9077905702613087,-0.18224288114605613,2
-0.9100575567385114,-0.1844790098516338,2
-0.9139610828045974,-0.18652089777051017,2
-0.9164797830076807,-0.18810072131898892,2
-0.9192497865196678,-0.18902456836005221,2
-0.9222709174475607,-0.18929257974356872,2
-0.9253527098789416,-0.18736229845652197,2
-0.9274907274389186,-0.18585700844164066,2
-0.9303209087486586,-0.18458295014927195,2
-0.9329604922262291,-0.18176654048127716,2
-0.9350978795029814,-0.18026175517841914,2
-0.9381781768439161,-0.1783326711152391,2
-0.9410072588224452,-0.1770594931345375,2
-0.9428931668973011,-0.17621082518895825,2
-0.9464138556311124,-0.17516932495534654,2
-0.9488009338643248,-0.17300985426885518,2
-0.9513783021169733,-0.17239298144525605,2
-0.9537649113022013,-0.1702338863584103,2
-0.9547676034048997,-0.16761199917685232,2
-0.9571538608041426,-0.1654531857897421,2
-0.9595398836793958,-0.1632945602024538,2
-0.962867907838362,-0.16071236357915453,2
-0.9656944393684856,-0.1594412279215245,2
-0.9680197421092593,-0.15948094195475804,2
-0.9696533794637503,-0.1592890251908603,2
-0.9726700837513125,-0.1595605812960308,2
-0.9763782189011536,-0.16006395599815448,2
-0.9800862074735051,-0.16056744807516843,2
-0.9828523413396368,-0.16149439381330666,2
-0.9856184752057651,-0.16242133955144133,2
-0.9890761425384298,-0.1635800217241119,2
-0.991842276404558,-0.16450696746224835,2
-0.9939168768041586,-0.16520217676584892,2
-0.9968747811224095,-0.16767053488049655,2
-0.9993912093743322,-0.16925217773975554,2
-1.0016579906430412,-0.17148847077018026,2
-1.0039250064357397,-0.17372457600077773,2
-1.0064419037356416,-0.17530584326039111,2
-1.0091514362948857,-0.17842783038466514,2
-1.0118614085866167,-0.18154946538427552,2
-1.014378921511998,-0.18313023966935482,2
-1.0159553859073753,-0.18513382205366113,2
-1.0184731773299962,-0.1867143733264527,2
-1.0216828979783816,-0.18852634412157165,2
-1.0258337697610163,-0.18991542465504097,2
-1.0288501369203367,-0.190187250722456,2
-1.0321154474908951,-0.18980499001817286,2
-1.0353805235374658,-0.18942291711371162,2
-1.0386453650600433,-0.18904103200907585,2
-1.0426016521026558,-0.18889095376390053,2
-1.046806442824023,-0.1880871408717013,2
-1.0498217253098865,-0.18835983551329427,2
-1.0518965895489725,-0.18905483354209807,2
-1.0549117107995905,-0.18932765729607048,2
-1.0590613513312679,-0.19071772377860796,2
-1.0618277783523862,-0.1916444347669657,2
-1.0650910661535242,-0.19126379383615166,2
-1.0687973104536894,-0.19176868267434521,2
-1.071563561581815,-0.19269553451256982,2
-1.0736382499279085,-0.19339067339123872,2
-1.076404501056036,-0.1943175252294651,2
-1.079862314966194,-0.19547609002724542,2
-1.0814935337920257,-0.1952861099490164,2
-1.0840642767419144,-0.19467454247040195,2
-1.087326333292097,-0.1942948874886561,2
-1.088709312278663,-0.19475843078265953,2
-1.0917231729628298,-0.19503226396067674,2
-1.0936018694249547,-0.19418937085964139,2
-1.0945411736827673,-0.19376795952158865,2
-1.0936540880647527,-0.19199783898268485,2
-1.0945411736827673,-0.19376795952158865,2
-1.0947369163849956,-0.1953061910386058,2
-1.0949327177182209,-0.19684437560566437,2
-1.0958720219760387,-0.19642296426761519,2
-1.097502757096139,-0.19623337152652098,2
-1.0989375296477704,-0.19450572333074412,2
-1.1008158450084071,-0.19366313540441915,2
-1.1036330981831295,-0.1923994295772662,2
-1.1052634522017435,-0.19221014201088593,2
-1.1071413864608974,-0.19136785925927136,2
-1.1083279338310152,-0.19029372269823774,2
-1.1078843030755081,-0.18940873285371573,2
-1.108131941947045,-0.1887556907185317,2
-1.1107008526782565,-0.18814559042603207,2
-1.1116396439148364,-0.18772458990009433,2
-1.1121348043959163,-0.18641859952963458,2
-1.1131251253580725,-0.18380661878871862,2
-1.1127333467986276,-0.18073039050446482,2
-1.1139195863560083,-0.17965650043069736,2
-1.1149099659491615,-0.1770444727398246,2
-1.1142709149619137,-0.17462099315353186,2
-1.1143229137354709,-0.1724296373389098,2
-1.1146226539848083,-0.16958515722667933,2
-1.1153656145726671,-0.16762599560865965,2
-1.1156655160572502,-0.1647813863840515,2
-1.117099189277674,-0.16305461849994174,2
-1.119471023451453,-0.16090735480191753,2
-1.1220380140174822,-0.16029879212046616,2
-1.1246569300683191,-0.15749893231183343,2
-1.1267805097450836,-0.15600520372353088,2
-1.1293468553701391,-0.15539715749158844,2
-1.1328890447042355,-0.15427855114843148,2
-1.1352417391489595,-0.1542433883104728,2
-1.1378759995660346,-0.15347533104232092,2
-1.140791972329474,-0.15197467481558924,2
-1.1450893804865494,-0.15094055185116595,2
-1.149387276557004,-0.14990741379209638,2
-1.1517408655095824,-0.14987405661394781,2
-1.1543763294463183,-0.14910842877900343,2
-1.1557576672572836,-0.14957476506024392,2
-1.1548127050916435,-0.14594525876618825,2
-1.1534582496621688,-0.14134890197704486,2
-1.1527940402799217,-0.13698485974387964,2
-1.152103143681531,-0.13675123198076022,2
-1.1516938618468249,-0.13578480827798955,2
-1.15351129881887,-0.1330874164333835,2
-1.1532296677914022,-0.13382017954285885,2
-1.1532296677914022,-0.13382017954285885,2
-1.1539206294449098,-0.13405393862669257,2
-1.1533573348624149,-0.1355193991852861,2
-1.1518215126540614,-0.13748399509023557,2
-1.1512582505991258,-0.13894952130918625,2
-1.152230745697425,-0.13845032030247317,2
-1.152639946213231,-0.1394165798543554,2
-1.1529216097682564,-0.13868388240523544,2
-1.152639946213231,-0.1394165798543554,2
-1.152358282658204,-0.14014927730347182,2
-1.1529216097682564,-0.13868388240523544,2
-1.1555576266734846,-0.13791937079635552,2
-1.1598302504765865,-0.1410195034328492,2
-1.1645392824525729,-0.1409565317168937,2
-1.1706305630111569,-0.14136173477216651,2
-1.177131125404447,-0.1427333615302171,2
-1.1826882869548943,-0.14047863369133395,2
-1.1875553163045751,-0.13799182110771824,2
-1.1908846368475139,-0.1374657961283603,2
-1.1957529672995264,-0.1349816099590182,2
-1.1974179691103615,-0.13471928690308843,2
-1.2013134141333737,-0.13273351381617715,2
-1.2036699956213255,-0.13270619739085632,2
-1.2036699956213255,-0.13270619739085632,2
-1.2079748525892722,-0.1316871106481461,2
-1.211462967431089,-0.12873885347987546,2
-1.2125630320177283,-0.12993867513451463,2
-1.2125630320177283,-0.12993867513451463,2
-1.2132544653208317,-0.13017338629352082,2
-1.2139458986239369,-0.1304080974525288,2
-1.2168371683522956,-0.13304186097760606,2
-1.2201364350767996,-0.1366394546213634,2
-1.2255090258838646,-0.14093921193143188,2
-1.2279909812499632,-0.14260648609338133,2
-1.2318553478364542,-0.14474226332835016,2
-1.2338945196282207,-0.1495597724128146,2
-1.2367834311086003,-0.15218877556202415,2
-1.239388418368641,-0.15554591276555385,2
-1.239388418368641,-0.15554591276555385,2
-1.2411780947151136,-0.15697676859922183,2
-1.242560278242598,-0.15744481204974115,2
-1.241585522478987,-0.15793944966165263,2
-1.2431276387698933,-0.15598755903575068,2
-1.243694999297185,-0.15453030602175843,2
-1.2435711704780577,-0.1528388343014342,2
-1.244705826477528,-0.14992419695273362,2
-1.2442982198120838,-0.14896115475834293,2
-1.2434829088985158,-0.14703487338847765,2
-1.2423838851937496,-0.1458371528652549,2
-1.2408769946030613,-0.1436758648647789,2
-1.240061293358794,-0.1417487955706349,2
-1.238554044964971,-0.13958678530623558,2
-1.237738050972677,-0.13765912506888078,2
-1.2348474805868257,-0.13502677324147427,2
-1.2337478225946636,-0.1338277723412915,2
-1.2312650703033867,-0.13215888950059806,2
-1.2294737187876557,-0.130724652158559,2
-1.2276822696892502,-0.12929021783544314,2
-1.224507596181489,-0.12738563893039512,2
-1.2224329059414778,-0.12668071752909604,2
-1.2206411803588217,-0.12524572509294885,2
-1.2178748616503547,-0.124305698570506,2
-1.2151085429418824,-0.12336567204805604,2
-1.2130338039105322,-0.1226606521562239,2
-1.2102674852020616,-0.1217206256337775,2
-1.2081927461707096,-0.12101560574194004,2
-1.2070922261982489,-0.1198148648423043,2
-1.2059916411706766,-0.11861399262195249,2
-1.203225192351976,-0.11767370345807926,2
-1.2008678627301812,-0.11769950969519449,2
-1.1943611526283604,-0.1163154731297098,2
-1.1921593970771607,-0.11391254680258278,2
-1.1910584217188855,-0.11271088665795226,2
-1.1869086509081548,-0.11130025593107007,2
-1.1841421370343355,-0.11035983544648253,2
-1.1806839946920604,-0.10918430984074945,2
-1.1788910655897453,-0.10774688797139831,2
-1.1764063779087461,-0.10607409833948012,2
-1.1748950798338988,-0.10390391336065541,2
-1.1733835865937046,-0.10173333441969312,2
-1.1718718981881615,-0.09956236151658793,2
-1.1703600146172626,-0.09739099465133982,2
-1.1691295831722641,-0.09448650354465826,2
-1.1685907476681603,-0.09181705189876332,2
-1.1662574380027255,-0.0877070595165712,2
-1.165718033266348,-0.08503645881443411,2
-1.1635128948490792,-0.08262670381020243,2
-1.1622809508726153,-0.07971915949692843,2
-1.1617408467937338,-0.07704714709711524,2
-1.161200547549507,-0.07437474073516803,2
-1.1620445135964967,-0.07217458008657118,2
-1.161633589120095,-0.07120484053577947,2
-1.1602490961359635,-0.0707321351999255,2
-1.159145843848604,-0.06952587883031747,2
-1.160963134446634,-0.06682819151411046,2
-1.1629103690447664,-0.06583432006529932,2
-1.162088162288823,-0.06389411869979433,2
-1.1629319331704622,-0.06169356408905813,2
-1.1636456949968839,-0.05778906229020464,2
-1.1640780697525273,-0.05461781605350069,2
-1.163406183866499,-0.05023827797612945,2
-1.1642497107914522,-0.04803723091271728,2
-1.1610672144059038,-0.04611686069185339,2
-1.1581655683864156,-0.04346215151294963,2
-1.1535970990128313,-0.04106608840999826,2
-1.1487476166353865,-0.03940403596330455,2
-1.1441788057224382,-0.0370072834266022,2
-1.1403025828409152,-0.034847572991576925,2
-1.136426164794047,-0.032687468594412294,2
-1.1328299302982945,-0.029791679201892407,2
-1.1289530243380472,-0.02763058989937406,2
-1.1279798786885795,-0.028128477698951215,2
-1.1265941496572296,-0.0276532772695397,2
-1.1285404084286093,-0.026657436010028235,2
-1.126874381999686,-0.026917690764719282,2
-1.1285404084286093,-0.026657436010028235,2
-1.1276996138185638,-0.028863998543412706,2
-1.1292333054718426,-0.026895101885092032,2
-1.1289530243380472,-0.02763058989937406,2
-1.129365607719926,-0.02860367812836273,2
-1.1288050129247775,-0.030074588496573185,2
-1.1292175312515393,-0.031047545404847554,2
-1.1288050129247775,-0.030074588496573185,2
-1.1292175312515393,-0.031047545404847554,2
-1.1304710068261397,-0.02981426808152321,2
-1.1300584722355982,-0.028841278343069376,2
-1.1300584722355982,-0.028841278343069376,2
-1.1294978449128923,-0.03031212305092268,2
-1.1307513367512723,-0.029078878557774246,2
-1.1300584722355982,-0.028841278343069376,2
-1.1288050129247775,-0.030074588496573185,2
-1.1308835088891218,-0.030787192159618115,2
-1.1278318998028674,-0.030572541956507493,2
-1.1292175312515393,-0.031047545404847554,2
-1.1283924620704582,-0.029101565927941664,2
-1.1281121809366628,-0.029837053942225467,2
-1.1292175312515393,-0.031047545404847554,2
-1.1294817779445623,-0.034463975627465615,2
-1.130174528613784,-0.03470134603092667,2
-1.1280962766061258,-0.03398923482055416,2
-1.1251772299884202,-0.035483686143567894,2
-1.1221262226619917,-0.035270250657053026,2
-1.1197680147961258,-0.035294284064534054,2
-1.117409904512927,-0.03531851445308831,2
-1.1147718383715262,-0.03607888945948723,2
-1.1128265554268992,-0.037076700529704354,2
-1.1108814025925007,-0.03807477424134653,2
-1.1093489307226623,-0.040046133163048836,2
-1.1080965122937076,-0.04128154444797261,2
-1.1054592756050425,-0.04204359379347267,2
-1.1033819506327962,-0.04133335390327275,2
-1.100891977223558,-0.03964989446336631,2
-1.0995070613811677,-0.039176335542874696,2
-1.0990943478890554,-0.03820298467245742,2
-1.0977093995191094,-0.03772936009161221,2
-1.096044771775201,-0.03799243824164478,2
-1.095765092401237,-0.03872914097253144,2
-1.0943802090864025,-0.03825564771239698,2
-1.0942470285942427,-0.036545298639492074,2
-1.095085920342127,-0.0343348949752329,2
-1.0956451815073809,-0.03286129253239345,2
-1.0975896187354905,-0.03186177429289749,2
-1.097456324396875,-0.030151195408743448,2
-1.0962172568851258,-0.027229271477324346,2
-1.0958041693260938,-0.026255165512806045,2
-1.0921948766611642,-0.027517302279836287,2
-1.090955370027375,-0.02459449193360186,2
-1.0919275398500936,-0.024094634323320818,2
-1.0899832327322176,-0.02509441520424005,2
-1.0891567323385658,-0.023145546671631934,2
-1.0919275398500936,-0.024094634323320818,2
-1.0898494342164469,-0.023382818584552822,2
-1.0891567323385658,-0.023145546671631934,2
-1.0873579970670804,-0.02169640442859233,2
-1.0887434333504018,-0.022171013914794813,2
-1.0887434333504018,-0.022171013914794813,2
-1.0870786267049208,-0.02243373093286749,2
-1.0861065707286564,-0.02293381835439945,2
-1.0858272166302747,-0.023671177688852296,2
-1.0841625563588035,-0.023934190178533044,2
-1.0834699032722597,-0.023697016756145217,2
-1.0818053243196886,-0.023960193396712626,2
-1.0811126874969226,-0.023723052804507816,2
-1.0797274138513941,-0.023248771620089315,2
-1.0783421402058622,-0.02277449043567259,2
-1.075985087068318,-0.022800854785820945,2
-1.0734936824465073,-0.02111450629021583,2
-1.072108408800979,-0.020640225105799104,2
-1.0687799014469963,-0.021167891594078725,2
-1.0661442260811338,-0.02193309263670784,2
-1.0621236674004386,-0.022224800419202495,2
-1.0576896796213493,-0.021541712803429647,2
-1.0543622131492398,-0.022071480423125678,2
-1.052284741802982,-0.021360945061317693,2
-1.0502072704567258,-0.02065040969950971,2
-1.049514780007975,-0.020413564578911192,2
-1.0471587840160712,-0.02044206289065187,2
-1.0461878014492374,-0.020944317103955612,2
-1.0477080608664195,-0.023132591511084044,2
-1.0456307846855104,-0.02242245011141719,2
-1.044802885606849,-0.020470758183467552,2
-1.045359837315461,-0.018992493855295223,2
-1.0435607930321709,-0.017542727838867123,2
-1.043010963213332,-0.014851082992368703,2
-1.041489988189868,-0.012661364057390045,2
-1.0413540591190245,-0.010945466684335159,2
-1.0399688180010536,-0.010471251160273809,2
-1.0374765676627256,-0.008783195495391638,2
-1.038447452646885,-0.008280744301018217,2
-1.0394183701586037,-0.007778358766994842,2
-1.0409458815757908,-0.0057969866408793536,2
-1.0421951936229217,-0.004555304791882264,2
-1.0421951936229217,-0.004555304791882264,2
-1.0415024429536999,-0.00431793438842476,2
-1.0410879567096565,-0.003341005028559607,2
-1.042059004331609,-0.002838882135971943,2
-1.0410879567096565,-0.003341005028559607,2
-1.0408096922844798,-0.004080563984967256,2
-1.0392821971310742,-0.006061968941263984,2
-1.0370621464737972,-0.007806397456242564,2
-1.0372040914974328,-0.005350153202499541,2
-1.0335988810410779,-0.006620530344310538,2
-1.030272130175252,-0.007151742491856794,2
-1.0283308155927458,-0.008157564125603756,2
-1.028194268498293,-0.006440419205768322,2
-1.0287503094352672,-0.004960316387606412,2
-1.0259796970890918,-0.004011622698060435,2
-1.023068017963359,-0.005520946091889911,2
-1.021404935278472,-0.005787143108877402,2
-1.0205713129950489,-0.008008183750940034,2
-1.017108616794598,-0.00682346569525194,2
-1.013645920594147,-0.005638747639560293,2
-1.0112906402085358,-0.005668690479154748,2
-1.0099055942559154,-0.005194868917238082,2
-1.007272862634082,-0.00596601222215476,2
-1.004917858732714,-0.005996513174782336,2
-1.0018704944928256,-0.005790431648234673,6
-0.9992382833119322,-0.006562625518863996,6
-0.9963288973790672,-0.00807657796785044,6
-0.9939744464461899,-0.008108195146546038,6
-0.9916200930959906,-0.00814000930630776,6
-0.9902354049465085,-0.0076669100083144315,6
-0.9881583727222925,-0.006957261061325326,6
-0.9866345043916454,-0.008945987147406242,6
-0.9853878921318646,-0.010193118806018475,6
-0.9837262406595446,-0.010462204878701087,6
-0.9824797747737737,-0.011709632008919613,6
-0.9795719501637148,-0.013226736155036889,6
-0.9773565346835049,-0.014980521270862468,6
-0.9754183102190481,-0.01599258063851039,6
-0.9740341425105044,-0.015520531906222601,6
-0.9732038363925213,-0.013563981111870405,6
-0.9722348054791876,-0.014070174946581915,6
-0.9708506052430845,-0.013598060553940527,6
-0.9704353708651965,-0.012619621005875103,6
-0.9686358386685328,-0.011168870084091509,6
-0.9675283577985798,-0.009954077868096434,6
-0.9676669053378735,-0.01167526089987625,6
-0.967251573377311,-0.010696624370737595,6
-0.964206323428721,-0.010494810767383456,6
-0.9621299742832257,-0.009786540687883871,6
-0.9593615087559062,-0.00884218058188857,6
-0.9567320461536912,-0.009619922752669652,6
-0.9546557945908756,-0.008911849654239745,6
-0.951750165591001,-0.01043338587444076,6
-0.9496740604021987,-0.009725608247620698,6
-0.9464902141229725,-0.0078025131219447985,6
-0.9453824079774407,-0.0065870643023835385,6
-0.9439982727964527,-0.00611508123045823,6
-0.9415062013596973,-0.004427386697535951,6
-0.9381855982024057,-0.004971008652521647,6
-0.9363855293010275,-0.0035191743348548243,6
-0.9337572539546972,-0.004299313108658609,6
-0.9307131424706476,-0.004099797617788781,6
-0.9286370860731807,-0.0033921184815035588,6
-0.9271127769749796,-0.0011956693599532997,6
-0.9250366229948384,-0.00048779324259839996,6
-0.9239283126721496,0.0007286733124942657,2
-0.9218521099006676,0.0014366479203893334,2
-0.9193595180229792,0.0031253930190153767,2
-0.9168667960350554,0.004814400759073578,2
-0.9143739439368996,0.00650367114055328,2
-0.9110545117717095,0.005957685412722569,2
-0.9073186905003094,0.0063924701756299385,2
-0.9039997462484948,0.005845499542445509,2
-0.9019311077798573,0.0023539193245660783,2
-0.8988880371776737,0.002551333684010615,2
-0.8958450966857257,0.0027484854020389804,2
-0.8940444748158569,0.004201435945770271,2
-0.891551801619272,0.005890345195291857,2
-0.8900259962533852,0.00808981469325154,2
-0.8882250165803729,0.009543487500913272,2
-0.8855991482733625,0.00875848986070693,2
-0.8840824360055599,0.006755318496127316,2
-0.8833905147890793,0.0069910145604854534,2
-0.8822815376514406,0.008208827152893505,2
-0.8837981198090095,0.010212261158898173,2
-0.8825466592975122,0.013159201686267608,2
-0.8819869898922654,0.015870708790700405,2
-0.8814271253216681,0.018582609857274335,2
-0.8799001652274576,0.02078441029790845,2
-0.8790652076686261,0.022750350523285334,2
-0.8757471741884455,0.022201541400111324,2
-0.8729785134957737,0.023146295468249534,2
-0.8722863483226071,0.023382483985283642,2
-0.8709020179762668,0.023854861019353635,2
-0.8710333264883054,0.026332576209776803,2
-0.8686822421577247,0.026294163184150676,2
-0.867154436346997,0.02849767079406007,2
-0.8692311270318545,0.027788711280816614,2
-0.8682644706302831,0.02727772424005437,2
-0.8663312554098148,0.026255553177458424,2
-0.8637060213901933,0.025469275160293847,2
-0.8627395438901946,0.02495792698756638,2
-0.8614987865909214,0.023698976464727295,2
-0.8598403065555456,0.023423488507251733,2
-0.8583254320947908,0.02141660733251527,2
-0.8563928999530539,0.020393057402424475,2
-0.8544604979215471,0.019369244830910404,2
-0.85238458789809,0.02007662849559111,2
-0.8504524135594931,0.019052356301578754,2
-0.8501782963980116,0.0183044256496796,2
-0.8505960841892346,0.01732083176359822,2
-0.8514184844650146,0.019564525228764396,2
-0.8501782963980116,0.0183044256496796,2
-0.848794453965052,0.018775817778395876,2
-0.8483766011187157,0.01975954298518623,2
-0.8490685385989742,0.019523814090650404,2
-0.8485203693311298,0.018027821466137794,2
-0.8471365594257243,0.018499147934496918,2
-0.8461706186304401,0.017986716365886224,2
-0.8435469784611804,0.01719722099123544,2
-0.8405056318195907,0.017391155351770493,2
-0.8371905583472277,0.01683637113612768,2
-0.8351151362371478,0.01754276989545822,2
-0.832347906757045,0.018484634907892428,2
-0.8311086457254611,0.017222664008636812,2
-0.8293069992374953,0.01867768285361393,2
-0.8271024804893514,0.01690190151825277,2
-0.8248981569065563,0.015125726220754032,2
-0.8251717698908809,0.015874674608186368,2
-0.8277942228042612,0.016666566585859854,2
-0.8280678845799248,0.017415416482755575,2
-0.8262662218281847,0.018870468157906828,2
-0.8232255745291024,0.01906299082077112,2
-0.8201850573402556,0.01925525084221391,2
-0.8163244168047168,0.01719922117350947,2
-0.8146676769937145,0.016920220386943186,2
-0.8130110022378272,0.016641088279667926,2
-0.8132843550016862,0.017390561949952144,2
-0.8138310605294024,0.01888950929052413,2
-0.8136860400059902,0.020623758733309572,2
-0.8129943139548619,0.0208590608355248,2
-0.8089892058643997,0.020536164383544886,2
-0.8084427280295916,0.01903675742047639,2
-0.8106458643565073,0.02081532932099961,2
-0.8088439576480795,0.02227087344882861,2
-0.8080242896872054,0.020021664513693693,2
-0.8087159669469965,0.01978646090200975,2
-0.8112093720136464,0.018096074294462028,2
-0.810790998726377,0.019080850066965027,2
-0.8102274097503397,0.021800269244396375,2
-0.8091171803017065,0.023020609760541433,2
-0.8077336956718888,0.023491279625337924,2
-0.8063502110420693,0.02396194949012731,2
-0.805512976554148,0.025932485940481698,2
-0.8052398514831989,0.02518255264770275,2
-0.8046936013412989,0.023682686062134195,2
-0.8030370566956471,0.023403291313428554,2
-0.8017991943490728,0.022138497018831416,2
-0.7993054965343944,0.023829474569589948,2
-0.7983408080501082,0.023314515077240472,2
-0.7986138030108236,0.02406471101145158,2
-0.7968116686094877,0.02552071476178064,2
-0.7944636418693918,0.025476129662614255,2
-0.7926614098853815,0.02693233039401477,2
-0.7907323581923897,0.025901754805747856,2
-0.7899139100149526,0.023650083607227756,2
-0.7879850860148672,0.022619048396464336,2
-0.7856375634519299,0.0225734455617701,2
-0.7844005468218729,0.02130694409789058,2
-0.7819070116449893,0.022997593346868683,2
-0.7806701739165014,0.021730730751036376,2
-0.7798522624437787,0.019477976156629495,2
-0.7790145075149262,0.021449563172694752,2
-0.776667407810244,0.021403106753364654,2
-0.7744463959444836,0.023844904011719237,2
-0.7709887415155823,0.025019444712103933,2
-0.7689141488582436,0.025724169132331554,2
-0.7682226179724658,0.02595907727240565,2
-0.7654564944293458,0.026898709832714474,2
-0.7643456794846593,0.028120232235282927,2
-0.7624181565869073,0.027086570610247662,2
-0.761454443929372,0.026569641307194303,2
-0.7607629455711518,0.02680448378691125,2
-0.758960583476906,0.028260947159736816,2
-0.7582690688549043,0.028495822469633225,2
-0.7588133022881873,0.029999759997322073,2
-0.7574302079890654,0.03046964193783097,2
-0.7567386608395061,0.030704582908088085,2
-0.754664019390832,0.03140940581885232,2
-0.7528613482847799,0.032866492965066385,2
-0.7507866580447669,0.03357141436636546,2
-0.7522940349033096,0.03559343025334982,2
-0.7536772593126599,0.035123285671414095,2
-0.7529856471079857,0.03535835796238196,2
-0.7538248983045239,0.03338375056990195,2
-0.7538248983045239,0.03338375056990195,2
-0.754788480851829,0.03390094251438569,2
-0.7554800767927254,0.03366590305359374,2
-0.7558996373358777,0.032678730678068035,2
-0.7557750620284267,0.030187423793785584,2
-0.7578496546857636,0.029482699373556187,2
-0.7578496546857636,0.029482699373556187,2
-0.758960583476906,0.028260947159736816,2
-0.7599242473431058,0.028777974953325014,2
-0.7618516726581781,0.029811833559435286,2
-0.7635070137841691,0.03009365774133954,2
-0.7617266419649074,0.027321445920144072,2
-0.7611822458938367,0.02581783669424098,2
-0.7633819017720072,0.02760343425294387,2
-0.7655817528155229,0.02938863784950385,2
-0.7657287737837777,0.02765035029477403,2
-0.7664203209333351,0.02741540932451869,2
-0.7693119956106607,0.02896511383779199,2
-0.7724763562368935,0.03126563805866667,2
-0.7764796102565263,0.03159227715098645,2
-0.7788272141383601,0.03163771583479402,2
-0.7790997374494797,0.032388863844174054,2
-0.7800640030755108,0.032904676921162945,2
-0.7824118183864783,0.03294968881264815,2
-0.7824118183864783,0.03294968881264815,2
-0.7841939954852286,0.03571825648403859,2
-0.7863955542255603,0.03750001291186855,2
-0.7883246384461113,0.03853052283978009,2
-0.7901072871944645,0.041298138435998055,2
-0.7909253450411988,0.04355059755879864,2
-0.7917434028879349,0.04580305668159923,2
-0.7905059959271732,0.0445373431420073,2
-0.7907786656123044,0.04528819567978459,2
-0.7927081726911194,0.04631785202305494,2
-0.7936729750218596,0.046832581704155274,2
-0.7960220426438198,0.046875065671901694,2
-0.7961481792740788,0.049363220859062196,2
-0.7968403444472436,0.04912703234202809,2
-0.7975325096204138,0.048890843824995756,2
-0.8001546697857691,0.0496833267458765,2
-0.7997352881441877,0.05067013798944231,2
-0.8005537363216249,0.05292180918795886,2
-0.8015188314003936,0.053435947925846605,2
-0.8023576597386697,0.05146219411800246,2
-0.803322787344996,0.051976267195541936,2
-0.8051266457069293,0.05051678344629984,2
-0.8063647845377524,0.051781019627863856,2
-0.8076226367144699,0.048821176840386116,2
-0.8090070971710421,0.048348537164889294,2
-0.8101184976117786,0.04712583287589922,2
-0.8112298329973981,0.045903259907616345,2
-0.8128873534698009,0.0461806848456181,2
-0.812741357119636,0.047916904099112756,2
-0.8138527087690388,0.04669429830065397,2
-0.8146908215010331,0.04472198902066005,2
-0.8144176476387468,0.04397215421841416,2
-0.8158020105126393,0.04349971152399057,2
-0.8155288041227937,0.042749942382101835,2
-0.8176052996422989,0.04204137683099951,2
-0.8187163422798935,0.04081939480592922,2
-0.8217582906813075,0.040624245728793085,2
-0.822595850444813,0.03865305267486363,2
-0.8232879830904221,0.0384169298181849,2
-0.8253643810272511,0.03770856124815403,2
-0.8274407789640836,0.03700019267811783,2
-0.8278593962080425,0.03601492445294063,2
-0.8292436289717031,0.03554274439994387,2
-0.8288414885815811,0.03231046686158301,2
-0.8288414885815811,0.03231046686158301,2
-0.8335411200931926,0.0323924144206611,2
-0.8351989821049592,0.032669149924913654,2
-0.835891082223009,0.032433092728595625,2
-0.8370015393645538,0.03121229258994873,2
-0.8394960666319662,0.029519640700090832,2
-0.8396404853955488,0.0277866059739047,2
-0.8417165905843547,0.02707882834707931,2
-0.8421347361787177,0.026094512197079922,2
-0.842682515115861,0.027591292745874796,2
-0.8440666177692897,0.02711937533430131,2
-0.8450326073559129,0.027631708412380718,2
-0.8464167425369027,0.027159725340451857,2
-0.8473827971786427,0.027671927097815185,2
-0.8483488843479403,0.028184063194821363,2
-0.8490409844659919,0.02794800599849978,2
-0.8497330845840434,0.02771194880218175,2
-0.8511172848201483,0.027239834409538588,2
-0.8531935851743029,0.026531662820577395,2
-0.8548519350994432,0.026807413419476234,2
-0.8565103500797058,0.027083032697664322,2
-0.8584430448592375,0.028106254325971136,2
-0.8572024827253149,0.02684690984098914,2
-0.8594094410403414,0.028617766649585263,2
-0.8616165945207133,0.03038822949604736,2
-0.8601016224772877,0.028381545302373468,2
-0.8617602651504548,0.02865670495806505,2
-0.8621781667881336,0.027672881260734528,2
-0.8625960358982478,0.02668912322376471,2
-0.8641238091814145,0.024485681274212467,2
-0.8655080744726327,0.024013435560856777,2
-0.8671667659371405,0.024288496726011743,2
-0.869099981157607,0.025310667788607688,2
-0.8695176876299318,0.024327238053420075,2
-0.8681333572835968,0.024799615087491844,2
-0.8680021463542307,0.022321702915995445,2
-0.8686942627360619,0.022085612889492623,2
-0.869529480515359,0.020119147381260305,2
-0.8713311757946602,0.018664030045750124,2
-0.8729898997867238,0.01893902555055149,2
-0.8743740674952658,0.01846697681826548,2
-0.875066151349543,0.01823095245211981,2
-0.8765821968023957,0.020235469854016586,2
-0.8757582352038149,0.017994928085979467,2
-0.8768677165186052,0.01677609775804001,2
-0.8792186544751743,0.016814806255270653,2
-0.8808775898963717,0.017089374967747872,2
-0.8807453380851378,0.01461356392766966,2
-0.8812949060379935,0.016106733156842523,2
-0.8810097441249258,0.01956538298889754,2
-0.8821087499204019,0.022551984088664767,2
-0.8840427458022688,0.023572579302694407,2
-0.8829330042670112,0.0247919349134893,2
-0.8836252670228557,0.024555549415385514,2
-0.8845923137551281,0.02506574853186372,2
-0.8848670977315543,0.025812333146449262,2
-0.8854166656844082,0.027305502375618573,2
-0.8862410176136937,0.029545256219375204,2
-0.8851310158579668,0.030765137113023755,2
-0.8877577949366113,0.03154829626324407,2
-0.8862300216534447,0.03375173821279631,2
-0.8862300216534447,0.03375173821279631,2
-0.8860981764366951,0.03127510641825637,2
-0.8887250368342325,0.03205810141758292,2
-0.8910772271018015,0.03209428199107123,2
-0.8927370407670701,0.03236707787391779,2
-0.893429514952043,0.03213026558349341,2
-0.894396919487459,0.03263974243605006,2
-0.8945395167077699,0.030910384689848414,2
-0.895506937506962,0.03141982871222382,2
-0.8959244325501601,0.03043682576935325,2
-0.8961994116919385,0.031183016421799437,2
-0.8971668812824678,0.03169236195364178,2
-0.8972993282590505,0.034167779031577084,2
-0.8975743074008271,0.03491396968401972,2
-0.8983992448261624,0.03715254164135473,2
-0.9000594650859117,0.03742451676973779,2
-0.9022698387945667,0.03918847924087032,2
-0.9053156254478747,0.03898558224162585,2
-0.906843366203482,0.03678220595243076,2
-0.9071279100929406,0.03332480366716162,2
-0.9080957049590577,0.03383349259543422,2
-0.9094809135494692,0.033359342731730024,2
-0.9094809135494692,0.033359342731730024,2
-0.9098982622186504,0.03237663526046575,2
-0.9123932936632198,0.030682965635076442,2
-0.9152971173836004,0.03220814600508248,2
-0.9175167305643548,0.02976917214206587,2
-0.9182093185957818,0.029532130040394122,2
-0.9189019066272088,0.029295087938718822,2
-0.9197360835246364,0.027330723561906467,2
-0.9211211945323754,0.026856770679271946,2
-0.9231988610439839,0.02614584135532283,2
-0.92347444194559,0.026890817291166158,2
-0.9241670137132392,0.026653808019670322,2
-0.9252765275555888,0.025434912031373713,2
-0.926244729016183,0.025942780205188143,2
-0.9285981390671925,0.025976498515298374,2
-0.9285981390671925,0.025976498515298374,2
-0.9277642874453473,0.027940206288544545,2
-0.9283156118863563,0.029429829858445444,2
-0.9285981390671925,0.025976498515298374,2
-0.9280399496658518,0.02868501807349766,2
-0.9269303057132632,0.02990417670321932,2
-0.9269303057132632,0.02990417670321932,2
-0.9254035082568492,0.032105648842069456,2
-0.9242936854026969,0.03332516860375456,2
-0.924152047745352,0.035052589369431786,2
-0.9260886458318929,0.03606793175491774,2
-0.9273325745681085,0.037320480392972755,2
-0.9288521655248267,0.039317840815972005,2
-0.9298206272058884,0.039825183706931,2
-0.9314820021939596,0.04009482789265206,2
-0.9338363392803792,0.0401266748825897,6
-0.9357735879180886,0.0411407040609415,6
-0.9371594470596669,0.040665240990099605,6
-0.9386866185830058,0.038463013757148445,6
-0.9375833842049381,0.035484948503768265,6
-0.9389690481811677,0.03500987939506928,6
-0.9400788385077643,0.033790425293744875,6
-0.9424332081217468,0.03382220662332358,6
-0.9449285485781189,0.032127913224547555,6
-0.9449285485781189,0.032127913224547555,6
-0.9475590683259796,0.032903521433727434,6
-0.9499136981604259,0.03293477748045959,6
-0.9512994271917723,0.03245957705104985,6
-0.9539303535341119,0.03323436450577155,6
-0.9562852598528053,0.03326506243947058,6
-0.9571139054197957,0.03549614911612409,6
-0.9565565292074147,0.038203027165405246,6
-0.9571088945302915,0.03969054960388796,6
-0.9579374425146057,0.041921833261618247,6
-0.9573797084990829,0.04462943357481919,6
-0.9564104336290615,0.04412373219278187,6
-0.9559934264992407,0.045105750230298725,6
-0.954607144499402,0.04558206688577293,6
-0.9534969150507671,0.04680240740192154,6
-0.9522454545392698,0.04974934792928387,6
-0.9508590424291956,0.05022592722619201,6
-0.9514109848938155,0.051714303249312366,6
-0.9516869561261228,0.052458491260875206,6
-0.9512696562482787,0.05344110024160287,6
-0.9520975211538669,0.055673762766819124,6
-0.9515386486738002,0.058383661192515035,6
-0.950286163544213,0.061332670021121416,6
-0.9506961756034649,0.06454905775313158,6
-0.9517996051468831,0.0675267290443724,6
-0.9537384801625084,0.0685374752048844,6
-0.9537384801625084,0.0685374752048844,6
-0.95470796646166,0.06904274979460112,6
-0.9562293301703111,0.07103653172815783,6
-0.9551179297295711,0.0722592360171479,6
-0.9558115911704306,0.07202002712370081,6
-0.9580267301663881,0.07377437035255952,6
-0.9558036365368867,0.07622036987375935,6
-0.9551098937771361,0.07645974291809488,6
-0.9539982331159358,0.07768297248994216,6
-0.9541318998759571,0.08015592730449583,6
-0.9535716124470994,0.08286868195571095,6
-0.9523172244553475,0.08582153191519204,6
-0.9514900426284818,0.08358749052248093,6
-0.951205108408324,0.08704568073203234,6
-0.9500929273061889,0.08826996086958694,6
-0.9491135672475526,0.0919689029909776,6
-0.9478582522203887,0.09492362427062417,6
-0.9489605107717054,0.09790365933471001,6
-0.9486744055594425,0.10136421331711176,6
-0.9483880401267157,0.10482529258236539,6
-0.9468562008987487,0.10703694207651893,6
-0.947682553272875,0.1092726578083294,6
-0.9480899631274546,0.11249429836889036,6
-0.9489162667102438,0.11473011259123567,6
-0.9487726611356155,0.11646150580850012,6
-0.9508560850250607,0.11573895460139383,6
-0.9525205338673981,0.1160023938833934,6
-0.9551551032962795,0.11676982737815322,6
-0.9555740620796023,0.1157838697192286,6
-0.9572386735597345,0.11604698069944419,6
-0.9590465978664611,0.11457928940560436,6
-0.9600167672443405,0.115083185127828,6
-0.9598735357366373,0.11681382325099321,6
-0.9615383261183421,0.11707657309924357,6
-0.9608437539058539,0.11731762048268202,6
-0.9629274705433186,0.11659447833236669,6
-0.9629274705433186,0.11659447833236669,6
-0.9629274705433186,0.11659447833236669,6
-0.9621003375077937,0.11436033844911897,6
-0.9641839077712433,0.11363749177040994,6
-0.9662674780347018,0.11291464509169735,6
-0.9679323659990793,0.11317719795887982,6
-0.96862690568401,0.11293621623579497,6
-0.9676465210072855,0.11663722665842613,6
-0.9681981381963194,0.11812625928511267,6
-0.9708337647708465,0.11889155881827662,6
-0.9707008136171087,0.11641715947587628,6
-0.9698828062072256,0.10998031306972678,6
-0.9697400951404553,0.11170990062717934,6
-0.9701587123844213,0.11072463240200214,6
-0.9715477266991641,0.11024280027655209,6
-0.9722422338565337,0.1100018842138244,6
-0.9714050644237346,0.11197228934346981,6
-0.9711195447075216,0.11543166143944816,6
-0.9718141494475709,0.11519054839565257,6
-0.9715382432703805,0.1144462290633772,6
-0.9720996041086636,0.11173130762038852,6
-0.9748777628483865,0.11076738072805803,6
-0.9779319904030928,0.11054744486622248,6
-0.9801494063281382,0.11229719187010723,6
-0.9811201286745099,0.1127999713662664,6
-0.9823670174185395,0.11404654491184729,6
-0.9845848236742842,0.11579550399144622,6
-0.9859742283197281,0.1153128839417139,6
-0.9870874015123974,0.1140866011632724,6
-0.9862587071540698,0.11185561297715374,6
-0.9873717177089496,0.110629658500498,6
-0.9882083667008157,0.10866030393656345,6
-0.9893212146179007,0.10743467776169524,6
-0.9891867509326975,0.104963331625882,6
-0.9901576359168622,0.1054657828202572,6
-0.9909867206058891,0.10769598308209716,6
-0.9915394437319094,0.10918278325665653,6
-0.9920921668579279,0.11066958343121591,6
-0.9926448899839464,0.11215638360577529,6
-0.9943106561924004,0.11241716364332,6
-0.9950053585151242,0.1121758536184565,6
-0.9955581792238188,0.11366245681194087,6
-0.9951398384641053,0.1146471669240885,6
-0.9963874102868591,0.11589236160217808,6
-0.9966638206412064,0.11663566319892027,6
-0.9973586205466027,0.11639415619298532,6
-0.9983298633339057,0.11689588512343718,6
-0.9983298633339057,0.11689588512343718,6
-0.9990246795030835,0.11665434528731922,6
-1.000414311841439,0.11617126561509039,6
-1.0006908035146829,0.11691440306094059,6
-1.0016621438846585,0.11741593501032632,6
-1.0029100409829983,0.1186604730848444,6
-1.0038814626718722,0.11916184088333281,6
-1.0011018727195822,0.1201286568313602,6
-1.0005414063891518,0.12284177261453877,6
-1.0002649635072451,0.12209853667815196,6
-1.0002649635072451,0.12209853667815196,6
-1.0001228867278673,0.12382684385864451,6
-1.0009598935228752,0.12185676703078663,6
-1.001512811814246,0.1233431732432031,6
-1.0029027369006265,0.12285950262776169,6
-1.0029100409829983,0.1186604730848444,6
-1.0059661551360932,0.11843672892230828,6
-1.0072142636635597,0.11968084020451286,6
-1.0081858154626655,0.12018194536157267,6
-1.010547324875711,0.12019931424283747,6
-1.0122139530644656,0.12045835428092744,6
-1.0148523932727898,0.12121797419322888,6
-1.0172142279614178,0.12123468647092395,6
-1.018462889457382,0.12247768152705518,6
-1.0167959847843804,0.12221919960199656,6
-1.0198530097091094,0.12199361694947264,6
-1.0238821719289994,0.12226795756758868,6
-1.0247184305901662,0.12029939092793995,6
-1.0254134907160282,0.12005735863914602,6
-1.0268036109677574,0.11957329406156347,6
-1.0283297562274925,0.12155742392267221,6
-1.0281886715386435,0.12328372846228142,6
-1.0284656836528203,0.1240258153424243,6
-1.029714898117275,0.12526769417249461,6
-1.0313823394949875,0.12552509270166645,6
-1.0319364613060173,0.12700906948088075,6
-1.0298507442237081,0.12773624974314046,6
-1.0315182669203171,0.12799348412141853,6
-1.0308230116290993,0.1282359103723536,6
-1.0316594004005033,0.12626708109127271,6
-1.032631700333452,0.12676667606012693,6
-1.034022178388323,0.12628188921862105,6
-1.0347174174157594,0.126039495797869,6
-1.0366622124470162,0.1270382917734345,6
-1.0363850539588224,0.12629650036489792,6
-1.0362487849941289,0.12382879837888794,6
-1.0370847834348282,0.12186075702209287,6
-1.038615793210056,0.11965078186703693,6
-1.0388930492809187,0.12039237629450383,6
-1.0381978915723806,0.12063460556436567,6
-1.038752371186554,0.12211786007965486,6
-1.0395882069894622,0.12015014702463844,6
-1.0390336623201737,0.11866702383006356,6
-1.04000607609958,0.11916638898767218,6
-1.0408417167371358,0.11719906989479867,6
-1.0415368256543385,0.1169569391154699,6
-1.0427899938626517,0.11400655141937399,6
-1.0436252766970657,0.11203995459042382,6
-1.0444604294212478,0.11007362040290403,6
-1.0462679146059397,0.10860681552387774,6
-1.0471028071096544,0.10664100661921516,6
-1.048632483254984,0.10443372353879177,6
-1.049189469136671,0.10172763341379465,6
-1.0507187386875252,0.0995211710878312,6
-1.0185851520171596,0.1333422278823022,6
-1.0199756951271475,0.13285730972008025,6
-1.0205292314421257,0.13434246838571795,6
-1.0203874311469932,0.1360702174531827,6
-1.022608457631021,0.13781267615745918,6
-1.0248296792804013,0.13955474089959097,6
-1.0281651800594318,0.14006829041115587,6
-1.0301099425631257,0.1410671520470821,6
-1.0320548351770533,0.14206575104157615,6
-1.0330273302753543,0.14256495204829278,6
-1.033162623413297,0.14503462384500665,6
-1.0355264097554269,0.14504739650129217,6
-1.0367760470781402,0.1462884217467213,6
-1.0376070834206708,0.1485146823871517,6
-1.0381611076490262,0.14999885614743746,6
-1.0408024102824918,0.1507526979483398,6
-1.0401066508141223,0.15099614193479738,6
-1.0416335929990375,0.1529786631171639,6
-1.0435793963845974,0.1539754236216666,6
-1.0441397000772348,0.15126263614027557,6
-1.0446939519985001,0.1527463502780666,6
-1.0456669187463952,0.15324459920960365,6
-1.0462212031952163,0.15472824768703575,6
-1.046498345419625,0.15547007192575357,6
-1.0485860141554415,0.15473895204208432,6
-1.0501135255726268,0.15672032416820159,6
-1.0483028689509943,0.15819353093201372,6
-1.0474652116048144,0.1601649209670093,6
-1.0491343444155632,0.16041890515762347,6
-1.0496886613919454,0.16190248797470197,6
-1.0503846973445583,0.16165848587520593,6
-1.0503846973445583,0.16165848587520593,6
-1.0520539765293186,0.16191217459421736,6
-1.0526083910883735,0.16339556043022085,6
-1.0546966453202344,0.16266325866013176,6
-1.0552511574619636,0.16414644751506557,6
-1.0552511574619636,0.16414644751506557,6
-1.0559472747334784,0.163902281264674,6
-1.0558056696036964,0.1656296363699994,6
-1.0573395092765026,0.16341394876390147,6
-1.0581770690400063,0.16144275570997735,6
-1.0581770690400063,0.16144275570997735,6
-1.0577583054220323,0.16242831940676083,6
-1.0597052147445805,0.16342284745913638,6
-1.0604013482798713,0.16317864837857066,6
-1.0599825683981194,0.16416424490553538,6
-1.060537275705201,0.1656470397983263,6
-1.059144911051943,0.1661356349405274,6
-1.0598410933785711,0.16589133736942507,6
-1.0603957681580933,0.16737419792257668,6
-1.0623429377011089,0.16836820069209857,6
-1.0633165712639538,0.168865103586322,6
-1.0626203076184275,0.16910956530831456,6
-1.0631750474530648,0.17059229454075364,6
-1.0617824551068988,0.1710813493054495,6
-1.0641487298072505,0.17108909894444047,6
-1.0644261159883488,0.17183043073048232,6
-1.0642845271223464,0.17355775300562648,6
-1.0642845271223464,0.17355775300562648,6
-1.0663736108069486,0.17282377689643447,6
-1.0649808883505472,0.17331309430256425,6
-1.064007157205026,0.17281638838940694,6
-1.0644261159883488,0.17183043073048232,6
-1.0656772495787479,0.1730684355994967,6
-1.067488882027133,0.17159325902498068,6
-1.0670699720351475,0.17257911819337224,6
-1.0663736108069486,0.17282377689643447,6
-1.0655356607127437,0.17479575787464086,6
-1.0663736108069486,0.17282377689643447,6
-1.0673474070075848,0.17332035148887748,6
-1.0670699720351475,0.17257911819337224,6
-1.0637297872877056,0.17207502377318917,6
-1.0637297872877056,0.17207502377318917,6
-1.0651224446889902,0.1715858376877737,6
-1.064845042244114,0.17084453873191485,6
-1.0662376671178375,0.17035541830686007,6
-1.0665151020902748,0.17109665160236176,6
-1.0684626944915472,0.17208980078724423,6
-1.0683212357357768,0.17381686042095978,6
-1.0674832856415755,0.17578884139916617,6
-1.066786859358258,0.1760336314229427,6
-1.0648392669569837,0.1750404822380638,6
-1.0662320544685038,0.17455103351122148,6
-1.0635881658941457,0.17380241170869226,6
-1.0649808883505472,0.17331309430256425,6
-1.0652582745316455,0.17405442608860255,6
-1.0672058669329196,0.17504757527348502,6
-1.0680381230588907,0.17727137365053025,6
-1.0713789258299364,0.17777422052393987,6
-1.0719338933574853,0.17925649013387712,6
-1.0712373694914934,0.17950147713872333,6
-1.0710957480979335,0.18122886507422287,6
-1.0720697719914778,0.18172498004416582,6
-1.0723472394914726,0.1824661476793139,6
-1.0735987959401285,0.1837032989636942,6
-1.0741537634676757,0.18518556857363144,6
-1.073876279703903,0.18444443376866282,6
-1.07345710949145,0.18543081821990448,6
-1.07345710949145,0.18543081821990448,6
-1.071928101806579,0.18345246647020197,6
-1.070954061649255,0.18295638433043848,6
-1.0709599019914986,0.17876030950357347,6
-1.071656409593711,0.17851535532890495,6
-1.0702633943892863,0.17900526367824376,6
-1.0704049669915108,0.1772779742332773,6
-1.0699859431530712,0.178264063212918,6
-1.069708491916856,0.17752286274759044,6
-1.0694310406806409,0.17678166228226466,6
-1.0698500319915194,0.1757956389629829,6
-1.0694310406806409,0.17678166228226466,6
-1.0680381230588907,0.17727137365053025,6
-1.067199977799337,0.1792437485908831,6
-1.0687286764724035,0.18122272411397233,6
-1.0676190666928917,0.1782575282905281,6
-1.067199977799337,0.1792437485908831,6
-1.0673416642480156,0.1775162293346657,6
-1.069708491916856,0.17752286274759044,6
-1.0713789258299364,0.17777422052393987,6
-1.070823958302391,0.17629195091399907,6
-1.0722168759241448,0.17580223954572993,6
-1.0709599019914986,0.17876030950357347,6
-1.0699859431530712,0.178264063212918,6
-1.0703991917043822,0.181473917739428,6
-1.0699800540194904,0.1824602365303143,6
-1.0702574727281462,0.18320150265599544,6
-1.0710897288541172,0.185425301033046,6
-1.0719219849800883,0.18764909941009478,6
-1.0738702604600867,0.18864086972748595,6
-1.0741477116963036,0.18938207019280995,6
-1.0744251629325188,0.19012327065813928,6
-1.0740058463460542,0.19110995058098723,6
-1.0755349678773811,0.19308807251944415,6
-1.0767867194913858,0.19432482984167798,6
-1.077619121991372,0.19654833274712047,6
-1.077619121991372,0.19654833274712047,6
-1.0787289919913476,0.19951300328771104,6
-1.079283926991339,0.200995338558009,6
-1.0795613944913338,0.20173650619315708,6
-1.0805358900344757,0.20223166908792933,6
-1.0808133737982484,0.20297280389289796,6
-1.0824849787034356,0.20322179789639705,6
-1.0802584062707012,0.2014905342829607,6
-1.0802584062707012,0.2014905342829607,6
-1.0802584062707012,0.2014905342829607,6
-1.079703438743154,0.2000082646730199,6
-1.079283926991339,0.200995338558009,6
-1.0785800339878584,0.20543948642648857,6
-1.0777406526810864,0.2074143564603954,6
-1.0756493245949574,0.208152863134206,6
-1.0725836148121424,0.20839597710200053,6
-1.076901141264079,0.20938948913572908,6
-1.076901141264079,0.20938948913572908,6
