-0.7955655919153664,0.17044200443894653,0
-0.7954147164314449,0.17218807274596237,0
-0.794569219943698,0.17417528692694972,0
-0.7937235933457121,0.17616276374936568,0
-0.7935724576413214,0.17790935733923519,0
-0.7924549094920508,0.1791444714356647,0
-0.7905223122951952,0.17812105282629176,0
-0.7877438933350049,0.17908550500147413,0
-0.7846939431542239,0.1792968065263878,0
-0.7807978459345293,0.18149663543943007,0
-0.7780516309026559,0.17821179506855067,0
-0.7743076940054401,0.17866296209048116,0
-0.7716816305330809,0.1778783584124124,0
-0.7682420955997173,0.17483203750123621,0
-0.7649549812092964,0.1700365294160946,0
-0.762058720146241,0.16849608301313168,0
-0.7590436086260102,0.16445277350308274,0
-0.7556059114996927,0.16140274278174438,0
-0.7520167208658481,0.16010002791420064,0
-0.7496637662006567,0.16006539035909562,0
-0.7480048795708019,0.15979072315608178,0
-0.7449581496183004,0.15999552430566943,0
-0.7405236739258392,0.160679596826796,0
-0.7372065512172927,0.16012894921362886,0
-0.7329252116740541,0.1590623900329433,0
-0.7305730864616056,0.15902607813873715,0
-0.7300319756739313,0.15751583721679374,0
-0.7294908648862553,0.1560055962948521,0
-0.7307603781926542,0.15302221426945195,0
-0.7309128637907172,0.1512728957747811,0
-0.7281725362469125,0.14797617087931414,0
-0.7272083519397796,0.14746019365143503,0
-0.7290185206480366,0.14598797179297662,0
-0.7282066593011738,0.14372300437220353,0
-0.727665418403264,0.14221302609168518,0
-0.7282066593011738,0.14372300437220353,0
-0.7273607724827258,0.1457110064774696,0
-0.7266672086245478,0.145950018389847,0
-0.7266672086245478,0.145950018389847,0
-0.7272425237853781,0.14320692865378426,0
-0.7278176437808632,0.14046423287986087,0
-0.7282404570798544,0.13947049446865734,0
-0.7278176437808632,0.14046423287986087,0
-0.7275470070681305,0.13970927656978205,0
-0.7275470070681305,0.13970927656978205,0
-0.7285111100563668,0.14022541794855492,0
-0.7292045763318704,0.13998660301724897,0
-0.7282404570798544,0.13947049446865734,0
-0.7272763703553942,0.13895432025970322,0
-0.7279698041033402,0.13871557098875442,0
-0.7290859860951588,0.13748321462730928,0
-0.7295087018114756,0.13648967319717187,0
-0.7304728210634917,0.13700578174576705,0
-0.7296606669686039,0.13474140526820833,0
-0.7309284725781904,0.13176147041153996,0
-0.7292710984797957,0.13148375000193369,0
-0.7301161721092893,0.12949738940558397,0
-0.7296936515583248,0.13049053687357848,0
-0.7306577057552239,0.13100677674288796,0
-0.7292710984797957,0.13148375000193369,0
-0.7313510093929345,0.13076829011336244,0
-0.7320443130306451,0.13052980348384224,0
-0.7343950720856416,0.130568873113031,0
-0.7346659202275063,0.13132340263079456,0
-0.7328567110822242,0.13279368750872678,0
-0.7336691091337997,0.13505757153361309,0
-0.7325530735159909,0.13628963242345193,0
-0.731166238547658,0.13676706530499416,0
-0.7312849751583812,0.13927015822332933,0
-0.7330613786155187,0.14205038060805464,0
-0.7295937219624165,0.14324511186816125,0
-0.7306763338684679,0.1462648057877658,0
-0.7298303819948995,0.1482529392137497,0
-0.7273264217355546,0.14996463260708026,0
-0.7273264217355546,0.14996463260708026,0
-0.7273264217355546,0.14996463260708026,0
-0.7263622374284218,0.14944865537920293,0
-0.7277494952550114,0.14897036891302307,0
-0.7280200669126291,0.14972545654381442,0
-0.7298303819948995,0.1482529392137497,0
-0.7307946476209306,0.1487687522907315,0
-0.733298526561379,0.1470572230482894,0
-0.7341443157971526,0.145069417924093,0
-0.7330278247935293,0.1463023980589213,0
-0.7319112687347875,0.1475355095144728,0
-0.7307946476209306,0.1487687522907315,0
-0.733450719411417,0.14530849549682578,0
-0.7324864212578301,0.14479274808019404,0
-0.7338735815017454,0.14431465859508386,0
-0.7345671616237048,0.14407561385252876,0
-0.733450719411417,0.14530849549682578,0
-0.7324864212578301,0.14479274808019404,0
-0.734296411064518,0.14332088735369553,0
-0.7323678472848965,0.14228932686007845,0
-0.7347192080997296,0.1423271817726679,0
-0.7347192080997296,0.1423271817726679,0
-0.7323678472848965,0.14228932686007845,0
-0.7326385653165275,0.14304411901926706,0
-0.7333321129109276,0.14280513993706734,0
-0.7354127556941279,0.14208820269046818,0
-0.7347192080997296,0.1423271817726679,0
-0.7349899749226978,0.14308187544131634,0
-0.734296411064518,0.14332088735369553,0
-0.733450719411417,0.14530849549682578,0
-0.7341443157971526,0.145069417924093,0
-0.7327571230256797,0.14554757306956034,0
-0.7346857843879704,0.14657893658210952,0
-0.7337214374430463,0.14606328765601262,0
-0.734262873506303,0.14757287197438984,0
-0.7338399300970799,0.14856687302702198,0
-0.7326048976480841,0.14729636628138287,0
-0.734262873506303,0.14757287197438984,0
-0.7349565186833793,0.14733369591111867,0
-0.733298526561379,0.1470572230482894,0
-0.7349565186833793,0.14733369591111867,0
-0.7346857843879704,0.14657893658210952,0
-0.733298526561379,0.1470572230482894,0
-0.7317589457745193,0.1492844997073668,0
-0.7314882927980051,0.14852957622746565,0
-0.7328755831521541,0.14805122410092508,0
-0.7342290106725109,0.151825513198645,0
-0.7350750276011926,0.14983724845195212,0
-0.7338399300970799,0.14856687302702198,0
-0.7332646149362478,0.15130996276308295,0
-0.7335352841765399,0.15206485341280995,0
-0.7338399300970799,0.14856687302702198,0
-0.7343813336327809,0.15007652300575103,0
-0.7335352841765399,0.15206485341280995,0
-0.7341106318649295,0.1493216980163865,0
-0.7343813336327809,0.15007652300575103,0
-0.7343813336327809,0.15007652300575103,0
-0.7345335915379358,0.1483276641335749,0
-0.7328755831521541,0.14805122410092508,0
-0.7334169541602975,0.14956093974001305,0
-0.7345335915379358,0.1483276641335749,0
-0.7339921554746738,0.14681807981520123,0
-0.734262873506303,0.14757287197438984,0
-0.7335692283292303,0.14781204803765569,0
-0.7343813336327809,0.15007652300575103,0
-0.7336876396643692,0.15031579755955882,0
-0.7331462686562276,0.14880608192047085,0
-0.7331462686562276,0.14880608192047085,0
-0.7310652843336634,0.14952370860081032,0
-0.7289843000111027,0.1502413352811569,0
-0.7280200669126291,0.14972545654381442,0
-0.7303716228928092,0.1497629174942645,0
-0.7306422433417623,0.1505179066345228,0
-0.7313359210463979,0.1502786649108927,0
-0.7314541046886252,0.1527828740552959,0
-0.7313359210463979,0.1502786649108927,0
-0.7317589457745193,0.1492844997073668,0
-0.7307946476209306,0.1487687522907315,0
-0.7296779614519533,0.15000212638770982,0
-0.7307946476209306,0.1487687522907315,0
-0.7298303819948995,0.1482529392137497,0
-0.7305240109081979,0.14801379598065267,0
-0.7307946476209306,0.1487687522907315,0
-0.7317589457745193,0.1492844997073668,0
-0.7335352841765399,0.15206485341280995,0
-0.7317589457745193,0.1492844997073668,0
-0.7310652843336634,0.14952370860081032,0
-0.7305240109081979,0.14801379598065267,0
-0.7305240109081979,0.14801379598065267,0
-0.7314882927980051,0.14852957622746565,0
-0.7320295987510317,0.15003942318726615,0
-0.7303716228928092,0.1497629174942645,0
-0.7324526072153716,0.14904529081391793,0
-0.7335352841765399,0.15206485341280995,0
-0.7335352841765399,0.15206485341280995,0
-0.7327232764556637,0.1498001814636396,0
-0.7335352841765399,0.15206485341280995,0
-0.7331462686562276,0.14880608192047085,0
-0.7348043095695651,0.1490824562927635,0
-0.7367666711278602,0.1458615068828344,0
-0.7338735815017454,0.14431465859508386,0
-0.736225104954368,0.14435218520588755,0
-0.7376122977258408,0.1438740300604202,0
-0.7340256605053295,0.14256616085486762,0
-0.7330278247935293,0.1463023980589213,0
-0.7364958880411141,0.14510684604436008,0
-0.7400828830647654,0.14641399298598934,0
-0.7396930868830545,0.1431567973422183,0
-0.7405056800999823,0.14542028740495994,0
-0.7415891377225527,0.14843827415528565,0
-0.7407765445056231,0.14617478409254225,0
-0.7408954274903543,0.14867758153926758,0
-0.7418600021281936,0.14919277084286975,0
-0.7414702059464773,0.14593557519909517,0
-0.7415891377225527,0.14843827415528565,0
-0.7421308665338344,0.14994726753045207,0
-0.7410474089112675,0.14692928078012457,0
-0.7418600021281936,0.14919277084286975,0
-0.7419788200578079,0.15169569961030938,0
-0.7415891377225527,0.14843827415528565,0
-0.7428246092935833,0.14970789448611121,0
-0.7425537286241628,0.14895343062871014,0
-0.7421638673873314,0.14569636630564986,0
-0.7413511765877292,0.14343307322397436,0
-0.7424347643205316,0.14645079733287147,0
-0.7339583251684392,0.15107065537910103,0
-0.7350750276011926,0.14983724845195212,0
-0.7361916649788327,0.1486039728455104,0
-0.7386955601830589,0.14689241077288884,0
-0.7350750276011926,0.14983724845195212,0
-0.7352272529787864,0.14808845524012781,0
-0.739118389745828,0.1458986395315005,0
-0.736225104954368,0.14435218520588755,0
-0.7399639512886989,0.14391129402979708,0
-0.7428575288281838,0.14545715741219922,0
-0.7416220735209293,0.14418750425119953,0
-0.7399639512886989,0.14391129402979708,0
-0.7428575288281838,0.14545715741219922,0
-0.7420447892372444,0.14319396282106034,0
-0.739844921929949,0.14140879205467805,0
-0.7432802608082785,0.14446358315188412,0
-0.7413511765877292,0.14343307322397436,0
-0.739844921929949,0.14140879205467805,0
-0.7416220735209293,0.14418750425119953,0
-0.739844921929949,0.14140879205467805,0
-0.739844921929949,0.14140879205467805,0
-0.742586615631204,0.14470275921515352,0
-0.7413511765877292,0.14343307322397436,0
-0.7401158025993695,0.14216325591208268,0
-0.7423157024342242,0.14394836101810604,0
-0.7394222224774136,0.142402300654636,0
-0.7401158025993695,0.14216325591208268,0
-0.742586615631204,0.14470275921515352,0
-0.7420447892372444,0.14319396282106034,0
-0.7412320496463067,0.14093076822992145,0
-0.7420447892372444,0.14319396282106034,0
-0.740538485788127,0.14116978014229886,0
-0.7423157024342242,0.14394836101810604,0
-0.741080279654529,0.14267864219675097,0
-0.740267588854925,0.14041534911507547,0
-0.7420447892372444,0.14319396282106034,0
-0.7408093827213271,0.1419242111695258,0
-0.740267588854925,0.14041534911507547,0
-0.7417738760402646,0.14243956462401464,0
-0.7403866832687918,0.14291771976948553,0
-0.741080279654529,0.14267864219675097,0
-0.7396930868830545,0.1431567973422183,0
-0.740267588854925,0.14041534911507547,0
-0.740267588854925,0.14041534911507547,0
-0.7415029628432865,0.1416851664269707,0
-0.739844921929949,0.14140879205467805,0
-0.7412320496463067,0.14093076822992145,0
-0.740538485788127,0.14116978014229886,0
-0.740538485788127,0.14116978014229886,0
-0.7409611364493269,0.14017637003287575,0
-0.739844921929949,0.14140879205467805,0
-0.7401483968583857,0.1379131754417351,0
-0.7371361152357334,0.13386415348064595,0
-0.7364427140153484,0.1341028370912376,0
-0.7382196379134207,0.13688200891025915,0
-0.7371361152357334,0.13386415348064595,0
-0.7374069959051539,0.13461861733805058,0
-0.7389131041889225,0.13664319397894964,0
-0.7374069959051539,0.13461861733805058,0
-0.7374069959051539,0.13461861733805058,0
-0.7384905185828412,0.137636472767662,0
-0.7374069959051539,0.13461861733805058,0
-0.7374069959051539,0.13461861733805058,0
-0.7382196379134207,0.13688200891025915,0
-0.7374069959051539,0.13461861733805058,0
-0.7369844428266337,0.1356118304663987,0
-0.7384905185828412,0.137636472767662,0
-0.7383713103225205,0.13513433192450286,0
-0.7369844428266337,0.1356118304663987,0
-0.7384905185828412,0.137636472767662,0
-0.7362910090786823,0.13585057973735104,0
-0.7376778765745762,0.13537308119545344,0
-0.7391840011221245,0.1373976250061748,0
-0.7364427140153484,0.1341028370912376,0
-0.7374069959051539,0.13461861733805058,0
-0.7391840011221245,0.1373976250061748,0
-0.736713578420991,0.13485733377881992,0
-0.7374069959051539,0.13461861733805058,0
-0.7391840011221245,0.1373976250061748,0
-0.736713578420991,0.13485733377881992,0
-0.7374069959051539,0.13461861733805058,0
-0.7391840011221245,0.1373976250061748,0
-0.7374069959051539,0.13461861733805058,0
-0.7374069959051539,0.13461861733805058,0
-0.7384905185828412,0.137636472767662,0
-0.7374069959051539,0.13461861733805058,0
-0.7371361152357334,0.13386415348064595,0
-0.7377970360435597,0.13787532052914386,0
-0.736713578420991,0.13485733377881992,0
-0.7374069959051539,0.13461861733805058,0
-0.7371035535042729,0.13811416829063106,0
-0.7361063032885298,0.141849223608272,0
-0.7356835387808758,0.1428428635289407,0
-0.7365290352686209,0.14085564934795336,0
-0.7358355039380022,0.1410945955999754,0
-0.7354127556941279,0.14208820269046818,0
-0.7358355039380022,0.1410945955999754,0
-0.7339069076308284,0.14006310076670836,0
-0.7348711895206357,0.14057888101352134,0
-0.7349899749226978,0.14308187544131634,0
-0.7354127556941279,0.14208820269046818,0
-0.7347192080997296,0.1423271817726679,0
-0.7349899749226978,0.14308187544131634,0
-0.7349899749226978,0.14308187544131634,0
-0.7349899749226978,0.14308187544131634,0
-0.7345671616237048,0.14407561385252876,0
-0.7353794133012688,0.1463397933490178,0
-0.7331462686562276,0.14880608192047085,0
-0.7318771944718652,0.15178857753105035,0
-0.7300666516966832,0.15326155448361511,0
-0.7314541046886252,0.1527828740552959,0
-0.7307603781926542,0.15302221426945195,0
-0.7281380879170669,0.15222999398999448,0
-0.729372925200714,0.15350089469777828,0
-0.729372925200714,0.15350089469777828,0
-0.7280200669126291,0.14972545654381442,0
-0.7287137120897036,0.14948628048054502,0
-0.7287137120897036,0.14948628048054502,0
-0.728443124168308,0.14873122567992958,0
-0.7294073572667799,0.14924710441727207,0
-0.7280200669126291,0.14972545654381442,0
-0.7280200669126291,0.14972545654381442,0
-0.7263622374284218,0.14944865537920293,0
-0.728443124168308,0.14873122567992958,0
-0.7287137120897036,0.14948628048054502,0
-0.728443124168308,0.14873122567992958,0
-0.7277494952550114,0.14897036891302307,0
-0.7267853109478786,0.14845439168513686,0
-0.728443124168308,0.14873122567992958,0
-0.7280200669126291,0.14972545654381442,0
-0.7291367530816029,0.1484920824468361,0
-0.7279019483255169,0.14722111607870048,0
-0.7281725362469125,0.14797617087931414,0
-0.7291367530816029,0.1484920824468361,0
-0.7277494952550114,0.14897036891302307,0
-0.7277494952550114,0.14897036891302307,0
-0.7298303819948995,0.1482529392137497,0
-0.7287137120897036,0.14948628048054502,0
-0.7294073572667799,0.14924710441727207,0
-0.7294073572667799,0.14924710441727207,0
-0.7277494952550114,0.14897036891302307,0
-0.7294073572667799,0.14924710441727207,0
-0.7270558663417184,0.14920951214610945,0
-0.7270558663417184,0.14920951214610945,0
-0.7277494952550114,0.14897036891302307,0
-0.7277494952550114,0.14897036891302307,0
-0.7277494952550114,0.14897036891302307,0
-0.7277494952550114,0.14897036891302307,0
-0.7298303819948995,0.1482529392137497,0
-0.7291367530816029,0.1484920824468361,0
-0.7298303819948995,0.1482529392137497,0
-0.7301010024438526,0.14900792835400445,0
-0.7301010024438526,0.14900792835400445,0
-0.7291367530816029,0.1484920824468361,0
-0.7277494952550114,0.14897036891302307,0
-0.7277494952550114,0.14897036891302307,0
-0.7291367530816029,0.1484920824468361,0
-0.728443124168308,0.14873122567992958,0
-0.728443124168308,0.14873122567992958,0
-0.7294073572667799,0.14924710441727207,0
-0.728443124168308,0.14873122567992958,0
-0.728290638570245,0.15048054417460577,0
-0.728443124168308,0.14873122567992958,0
-0.728443124168308,0.14873122567992958,0
-0.7294073572667799,0.14924710441727207,0
-0.7291367530816029,0.1484920824468361,0
-0.7292891410969915,0.1467429609332349,0
-0.7292891410969915,0.1467429609332349,0
-0.7292891410969915,0.1467429609332349,0
-0.7298303819948995,0.1482529392137497,0
-0.7301010024438526,0.14900792835400445,0
-0.728443124168308,0.14873122567992958,0
-0.7301010024438526,0.14900792835400445,0
-0.7294073572667799,0.14924710441727207,0
-0.7291367530816029,0.1484920824468361,0
-0.7291367530816029,0.1484920824468361,0
-0.7287137120897036,0.14948628048054502,0
-0.7294073572667799,0.14924710441727207,0
-0.7287137120897036,0.14948628048054502,0
-0.7287137120897036,0.14948628048054502,0
-0.7288661488964294,0.14773706047640012,0
-0.7321819379750814,0.14829040016419626,0
-0.7314882927980051,0.14852957622746565,0
-0.7314882927980051,0.14852957622746565,0
-0.7314882927980051,0.14852957622746565,0
-0.7327232764556637,0.1498001814636396,0
-0.7343813336327809,0.15007652300575103,0
-0.7343813336327809,0.15007652300575103,0
-0.7350750276011926,0.14983724845195212,0
-0.7339583251684392,0.15107065537910103,0
-0.7309128637907172,0.1512728957747811,0
-0.7314541046886252,0.1527828740552959,0
-0.7314541046886252,0.1527828740552959,0
-0.7314541046886252,0.1527828740552959,0
-0.7314541046886252,0.1527828740552959,0
-0.7314541046886252,0.1527828740552959,0
-0.7314541046886252,0.1527828740552959,0
-0.7318771944718652,0.15178857753105035,0
-0.7321478311845979,0.15254353384112918,0
-0.731183484239672,0.15202788491503583,0
-0.7271738548185969,0.15171411525264844,0
-0.7271738548185969,0.15171411525264844,0
-0.727985472208772,0.15397957512609928,0
-0.727985472208772,0.15397957512609928,0
-0.727291745712801,0.15421891534026244,0
-0.727985472208772,0.15397957512609928,0
-0.728679198704743,0.15374023491193967,0
-0.728679198704743,0.15374023491193967,0
-0.727985472208772,0.15397957512609928,0
-0.729372925200714,0.15350089469777828,0
-0.728679198704743,0.15374023491193967,0
-0.729372925200714,0.15350089469777828,0
-0.7300666516966832,0.15326155448361511,0
-0.727985472208772,0.15397957512609928,0
-0.7300666516966832,0.15326155448361511,0
-0.729525475853892,0.1517514448823878,0
-0.7294073572667799,0.14924710441727207,0
-0.7294073572667799,0.14924710441727207,0
-0.7317589457745193,0.1492844997073668,0
-0.7317589457745193,0.1492844997073668,0
-0.734262873506303,0.14757287197438984,0
-0.7335692283292303,0.14781204803765569,0
-0.7335692283292303,0.14781204803765569,0
-0.7335692283292303,0.14781204803765569,0
-0.7335692283292303,0.14781204803765569,0
-0.7335692283292303,0.14781204803765569,0
-0.7317589457745193,0.1492844997073668,0
-0.7295597615459464,0.14749795007348965,0
-0.7292891410969915,0.1467429609332349,0
-0.7292891410969915,0.1467429609332349,0
-0.7305240109081979,0.14801379598065267,0
-0.7294073572667799,0.14924710441727207,0
-0.728443124168308,0.14873122567992958,0
-0.7289843000111027,0.1502413352811569,0
-0.7277494952550114,0.14897036891302307,0
-0.7277494952550114,0.14897036891302307,0
-0.7277494952550114,0.14897036891302307,0
-0.7277494952550114,0.14897036891302307,0
-0.7277494952550114,0.14897036891302307,0
-0.7263622374284218,0.14944865537920293,0
-0.7269033156885385,0.15095896196149994,0
-0.727985472208772,0.15397957512609928,0
-0.727291745712801,0.15421891534026244,0
-0.7259042927208572,0.15469759576858522,0
-0.7259042927208572,0.15469759576858522,0
-0.7252105662248862,0.15493693598274838,0
-0.7256338023821378,0.1539423439869001,0
-0.7259042927208572,0.15469759576858522,0
-0.7265980192168318,0.1544582555544256,0
-0.7263275126143309,0.1537030366029164,0
-0.7263275126143309,0.1537030366029164,0
-0.727291745712801,0.15421891534026244,0
-0.7263275126143309,0.1537030366029164,0
-0.727291745712801,0.15421891534026244,0
-0.727291745712801,0.15421891534026244,0
-0.728679198704743,0.15374023491193967,0
-0.728679198704743,0.15374023491193967,0
-0.7313015865630064,0.15453225821032746,0
-0.7321478311845979,0.15254353384112918,0
-0.7321478311845979,0.15254353384112918,0
-0.7321478311845979,0.15254353384112918,0
-0.7321478311845979,0.15254353384112918,0
-0.7325709047040565,0.15154927014706665,0
-0.7354979872741971,0.14884321456913696,0
-0.7361916649788327,0.1486039728455104,0
-0.7398120349229025,0.1456594634682311,0
-0.7423157024342242,0.14394836101810604,0
-0.7437029602608156,0.14347007455192617,0
-0.7437029602608156,0.14347007455192617,0
-0.7437029602608156,0.14347007455192617,0
-0.7446675511624274,0.14398523102534355,0
-0.7446675511624274,0.14398523102534355,0
-0.7453611963395055,0.14374605496207415,0
-0.7446675511624274,0.14398523102534355,0
-0.7453611963395055,0.14374605496207415,0
-0.7453611963395055,0.14374605496207415,0
-0.7453611963395055,0.14374605496207415,0
-0.74605484151658,0.14350687889880476,0
-0.74605484151658,0.14350687889880476,0
-0.74605484151658,0.14350687889880476,0
-0.7457838470007054,0.14275264485265282,0
-0.7453611963395055,0.14374605496207415,0
-0.7450902180874088,0.14299178808574275,0
-0.7450902180874088,0.14299178808574275,0
-0.7453611963395055,0.14374605496207415,0
-0.7450902180874088,0.14299178808574275,0
-0.7450902180874088,0.14299178808574275,0
-0.7450902180874088,0.14299178808574275,0
-0.7443965891741104,0.14323093131883624,0
-0.7443965891741104,0.14323093131883624,0
-0.7443965891741104,0.14323093131883624,0
-0.7443965891741104,0.14323093131883624,0
-0.7434320145362765,0.14271574201523762,0
-0.7434320145362765,0.14271574201523762,0
-0.7434320145362765,0.14271574201523762,0
-0.7434320145362765,0.14271574201523762,0
-0.7427384018867613,0.14295485241814632,0
-0.7434320145362765,0.14271574201523762,0
-0.7434320145362765,0.14271574201523762,0
-0.7427384018867613,0.14295485241814632,0
-0.740538485788127,0.14116978014229886,0
-0.7424674724260036,0.1422004870512783,0
-0.7441256271857934,0.14247663161232182,0
-0.7434320145362765,0.14271574201523762,0
-0.7434320145362765,0.14271574201523762,0
-0.7434320145362765,0.14271574201523762,0
-0.7434320145362765,0.14271574201523762,0
-0.7434320145362765,0.14271574201523762,0
-0.7437029602608156,0.14347007455192617,0
-0.7437029602608156,0.14347007455192617,0
-0.7437029602608156,0.14347007455192617,0
-0.7437029602608156,0.14347007455192617,0
-0.7437029602608156,0.14347007455192617,0
-0.7439739059853547,0.14422440708861828,0
-0.7439739059853547,0.14422440708861828,0
-0.7439739059853547,0.14422440708861828,0
-0.7439739059853547,0.14422440708861828,0
-0.7439739059853547,0.14422440708861828,0
-0.7442448517098921,0.14497873962530505,0
-0.7435511902690379,0.14521794851874859,0
-0.7435511902690379,0.14521794851874859,0
-0.7435511902690379,0.14521794851874859,0
-0.7442448517098921,0.14497873962530505,0
-0.7445157974344312,0.14573307216199538,0
-0.7445157974344312,0.14573307216199538,0
-0.7445157974344312,0.14573307216199538,0
-0.7445157974344312,0.14573307216199538,0
-0.7445157974344312,0.14573307216199538,0
-0.7445157974344312,0.14573307216199538,0
-0.7447867431589685,0.1464874046986857,0
-0.7447867431589685,0.1464874046986857,0
-0.7447867431589685,0.1464874046986857,0
-0.7454804371273802,0.1462481301448797,0
-0.7454804371273802,0.1462481301448797,0
-0.745751399115699,0.14700242985138878,0
-0.745751399115699,0.14700242985138878,0
-0.746022361104016,0.14775672955789965,0
-0.745751399115699,0.14700242985138878,0
-0.745751399115699,0.14700242985138878,0
-0.745751399115699,0.14700242985138878,0
-0.745751399115699,0.14700242985138878,0
-0.746022361104016,0.14775672955789965,0
-0.746022361104016,0.14775672955789965,0
-0.746293323092333,0.1485110292644123,0
-0.7469870658520854,0.14827165622007143,0
-0.7469870658520854,0.14827165622007143,0
-0.7467160875999888,0.14751738934374004,0
-0.7474098140959597,0.14727804912957687,0
-0.7476808086118343,0.14803228317573236,0
-0.7476808086118343,0.14803228317573236,0
-0.7481035405919307,0.14703870891541726,0
-0.7483745513715849,0.1477929101313915,0
-0.7483745513715849,0.1477929101313915,0
-0.7483745513715849,0.1477929101313915,0
-0.7483745513715849,0.1477929101313915,0
-0.7483745513715849,0.1477929101313915,0
-0.7481035405919307,0.14703870891541726,0
-0.7471388195800834,0.14652381508342138,0
-0.7454804371273802,0.1462481301448797,0
-0.7454804371273802,0.1462481301448797,0
-0.7454804371273802,0.1462481301448797,0
-0.7452094751390632,0.14549383043836883,0
-0.7452094751390632,0.14549383043836883,0
-0.7452094751390632,0.14549383043836883,0
-0.7452094751390632,0.14549383043836883,0
-0.7445157974344312,0.14573307216199538,0
-0.7445157974344312,0.14573307216199538,0
-0.7445157974344312,0.14573307216199538,0
-0.7442448517098921,0.14497873962530505,0
-0.7442448517098921,0.14497873962530505,0
-0.7435511902690379,0.14521794851874859,0
-0.7435511902690379,0.14521794851874859,0
-0.7435511902690379,0.14521794851874859,0
-0.7435511902690379,0.14521794851874859,0
-0.7435511902690379,0.14521794851874859,0
-0.7435511902690379,0.14521794851874859,0
-0.7428575288281838,0.14545715741219922,0
-0.742586615631204,0.14470275921515352,0
-0.742586615631204,0.14470275921515352,0
-0.742586615631204,0.14470275921515352,0
-0.742586615631204,0.14470275921515352,0
-0.742586615631204,0.14470275921515352,0
-0.7418929704541295,0.1449419352784247,0
-0.7418929704541295,0.1449419352784247,0
-0.7418929704541295,0.1449419352784247,0
-0.7401158025993695,0.14216325591208268,0
-0.738035062233493,0.14288039013974796,0
-0.7351419726073818,0.1413335418519921,0
-0.7351419726073818,0.1413335418519921,0
-0.7347192080997296,0.1423271817726679,0
-0.7344484412767613,0.1415724881040159,0
-0.7354127556941279,0.14208820269046818,0
-0.7333321129109276,0.14280513993706734,0
-0.7306763338684679,0.1462648057877658,0
-0.728443124168308,0.14873122567992958,0
-0.7277494952550114,0.14897036891302307,0
-0.7277494952550114,0.14897036891302307,0
-0.728443124168308,0.14873122567992958,0
-0.7294073572667799,0.14924710441727207,0
-0.7294073572667799,0.14924710441727207,0
-0.7304897740074789,0.15226719229901775,0
-0.7304897740074789,0.15226719229901775,0
-0.728443124168308,0.14873122567992958,0
-0.7291367530816029,0.1484920824468361,0
-0.7288661488964294,0.14773706047640012,0
-0.728443124168308,0.14873122567992958,0
-0.728443124168308,0.14873122567992958,0
-0.728443124168308,0.14873122567992958,0
-0.728443124168308,0.14873122567992958,0
-0.728443124168308,0.14873122567992958,0
-0.728443124168308,0.14873122567992958,0
-0.7291367530816029,0.1484920824468361,0
-0.728443124168308,0.14873122567992958,0
-0.7294073572667799,0.14924710441727207,0
-0.7294073572667799,0.14924710441727207,0
-0.7301010024438526,0.14900792835400445,0
-0.7294073572667799,0.14924710441727207,0
-0.7294073572667799,0.14924710441727207,0
-0.7319112687347875,0.1475355095144728,0
-0.7307946476209306,0.1487687522907315,0
-0.7291367530816029,0.1484920824468361,0
-0.7291367530816029,0.1484920824468361,0
-0.7291367530816029,0.1484920824468361,0
-0.7301010024438526,0.14900792835400445,0
-0.7291367530816029,0.1484920824468361,0
-0.7291367530816029,0.1484920824468361,0
-0.7291367530816029,0.1484920824468361,0
-0.7277494952550114,0.14897036891302307,0
-0.7273264217355546,0.14996463260708026,0
-0.728290638570245,0.15048054417460577,0
-0.7273264217355546,0.14996463260708026,0
-0.7287137120897036,0.14948628048054502,0
-0.7287137120897036,0.14948628048054502,0
-0.7287137120897036,0.14948628048054502,0
-0.7296779614519533,0.15000212638770982,0
-0.7294073572667799,0.14924710441727207,0
-0.7298303819948995,0.1482529392137497,0
-0.7303716228928092,0.1497629174942645,0
-0.7305240109081979,0.14801379598065267,0
-0.7294073572667799,0.14924710441727207,0
-0.7294073572667799,0.14924710441727207,0
-0.7294073572667799,0.14924710441727207,0
-0.7281725362469125,0.14797617087931414,0
-0.7294073572667799,0.14924710441727207,0
-0.7291367530816029,0.1484920824468361,0
-0.7270558663417184,0.14920951214610945,0
-0.7277494952550114,0.14897036891302307,0
-0.728443124168308,0.14873122567992958,0
-0.7274789235973955,0.14821528128222639,0
-0.7277494952550114,0.14897036891302307,0
-0.728443124168308,0.14873122567992958,0
-0.7277494952550114,0.14897036891302307,0
-0.7277494952550114,0.14897036891302307,0
-0.7277494952550114,0.14897036891302307,0
-0.728443124168308,0.14873122567992958,0
-0.728443124168308,0.14873122567992958,0
-0.7287137120897036,0.14948628048054502,0
-0.7287137120897036,0.14948628048054502,0
-0.7310652843336634,0.14952370860081032,0
-0.7310652843336634,0.14952370860081032,0
-0.7310652843336634,0.14952370860081032,0
-0.7321478311845979,0.15254353384112918,0
-0.7321478311845979,0.15254353384112918,0
-0.7314541046886252,0.1527828740552959,0
-0.7321478311845979,0.15254353384112918,0
-0.7321478311845979,0.15254353384112918,0
-0.7321478311845979,0.15254353384112918,0
-0.7325709047040565,0.15154927014706665,0
-0.7321478311845979,0.15254353384112918,0
-0.7319953455865331,0.1542928523358107,0
-0.7313015865630064,0.15453225821032746,0
-0.7307603781926542,0.15302221426945195,0
-0.7300666516966832,0.15326155448361511,0
-0.729372925200714,0.15350089469777828,0
-0.727985472208772,0.15397957512609928,0
-0.729372925200714,0.15350089469777828,0
-0.729372925200714,0.15350089469777828,0
-0.729372925200714,0.15350089469777828,0
-0.729372925200714,0.15350089469777828,0
-0.7307603781926542,0.15302221426945195,0
-0.728679198704743,0.15374023491193967,0
-0.7282560113388303,0.15473472841724778,0
-0.728679198704743,0.15374023491193967,0
-0.728679198704743,0.15374023491193967,0
-0.727985472208772,0.15397957512609928,0
-0.728679198704743,0.15374023491193967,0
-0.7294908648862553,0.1560055962948521,0
-0.7292203094924172,0.15525047583387952,0
-0.727985472208772,0.15397957512609928,0
-0.727985472208772,0.15397957512609928,0
-0.727985472208772,0.15397957512609928,0
-0.727291745712801,0.15421891534026244,0
-0.727985472208772,0.15397957512609928,0
-0.729372925200714,0.15350089469777828,0
-0.727985472208772,0.15397957512609928,0
-0.728679198704743,0.15374023491193967,0
-0.7300666516966832,0.15326155448361511,0
-0.7307603781926542,0.15302221426945195,0
-0.7321478311845979,0.15254353384112918,0
-0.7318771944718652,0.15178857753105035,0
-0.7318771944718652,0.15178857753105035,0
-0.7321478311845979,0.15254353384112918,0
-0.7321478311845979,0.15254353384112918,0
-0.7325709047040565,0.15154927014706665,0
-0.7314541046886252,0.1527828740552959,0
-0.7318771944718652,0.15178857753105035,0
-0.7318771944718652,0.15178857753105035,0
-0.7314541046886252,0.1527828740552959,0
-0.7297960637752894,0.15250649968299967,0
-0.7292203094924172,0.15525047583387952,0
-0.7282560113388303,0.15473472841724778,0
-0.7277149330787136,0.153224421834949,0
-0.7282560113388303,0.15473472841724778,0
-0.728679198704743,0.15374023491193967,0
-0.728290638570245,0.15048054417460577,0
-0.728443124168308,0.14873122567992958,0
-0.728443124168308,0.14873122567992958,0
-0.7291367530816029,0.1484920824468361,0
-0.7291367530816029,0.1484920824468361,0
-0.7287137120897036,0.14948628048054502,0
-0.7294073572667799,0.14924710441727207,0
-0.7317589457745193,0.1492844997073668,0
-0.7324526072153716,0.14904529081391793,0
-0.7317589457745193,0.1492844997073668,0
-0.7301010024438526,0.14900792835400445,0
-0.7291367530816029,0.1484920824468361,0
-0.728443124168308,0.14873122567992958,0
-0.7291367530816029,0.1484920824468361,0
-0.728443124168308,0.14873122567992958,0
-0.7294073572667799,0.14924710441727207,0
-0.7291367530816029,0.1484920824468361,0
-0.7301010024438526,0.14900792835400445,0
-0.7291367530816029,0.1484920824468361,0
-0.7285612102278627,0.1512356318053989,0
-0.7277149330787136,0.153224421834949,0
-0.7265980192168318,0.1544582555544256,0
-0.7259042927208572,0.15469759576858522,0
-0.7259042927208572,0.15469759576858522,0
-0.7252105662248862,0.15493693598274838,0
-0.7259042927208572,0.15469759576858522,0
-0.7259042927208572,0.15469759576858522,0
-0.7259042927208572,0.15469759576858522,0
-0.7259042927208572,0.15469759576858522,0
-0.7259042927208572,0.15469759576858522,0
-0.7252105662248862,0.15493693598274838,0
-0.7259042927208572,0.15469759576858522,0
-0.7259042927208572,0.15469759576858522,0
-0.727291745712801,0.15421891534026244,0
-0.727291745712801,0.15421891534026244,0
-0.727291745712801,0.15421891534026244,0
-0.7256338023821378,0.1539423439869001,0
-0.7256338023821378,0.1539423439869001,0
-0.7259042927208572,0.15469759576858522,0
-0.7253633120434149,0.15318709220521676,0
-0.7253633120434149,0.15318709220521676,0
-0.7263275126143309,0.1537030366029164,0
-0.7253633120434149,0.15318709220521676,0
-0.7256338023821378,0.1539423439869001,0
-0.7256338023821378,0.1539423439869001,0
-0.7256338023821378,0.1539423439869001,0
-0.7256338023821378,0.1539423439869001,0
-0.7263275126143309,0.1537030366029164,0
-0.7264801771139648,0.151953356976275,0
-0.7255159928068302,0.15143737974839588,0
-0.7253633120434149,0.15318709220521676,0
-0.7256338023821378,0.1539423439869001,0
-0.7263275126143309,0.1537030366029164,0
-0.7263275126143309,0.1537030366029164,0
-0.7263275126143309,0.1537030366029164,0
-0.7259042927208572,0.15469759576858522,0
-0.7259042927208572,0.15469759576858522,0
-0.7259042927208572,0.15469759576858522,0
-0.7252105662248862,0.15493693598274838,0
-0.7265980192168318,0.1544582555544256,0
-0.7265980192168318,0.1544582555544256,0
-0.7265980192168318,0.1544582555544256,0
-0.7265980192168318,0.1544582555544256,0
-0.7259042927208572,0.15469759576858522,0
-0.7270212228465223,0.1534637292189327,0
-0.7270212228465223,0.1534637292189327,0
-0.7270212228465223,0.1534637292189327,0
-0.7259042927208572,0.15469759576858522,0
-0.7259042927208572,0.15469759576858522,0
-0.7263275126143309,0.1537030366029164,0
-0.7277149330787136,0.153224421834949,0
-0.7281380879170669,0.15222999398999448,0
-0.728443124168308,0.14873122567992958,0
-0.728443124168308,0.14873122567992958,0
-0.728443124168308,0.14873122567992958,0
-0.7291367530816029,0.1484920824468361,0
-0.7324526072153716,0.14904529081391793,0
-0.7317589457745193,0.1492844997073668,0
-0.7317589457745193,0.1492844997073668,0
-0.7317589457745193,0.1492844997073668,0
-0.7317589457745193,0.1492844997073668,0
-0.7323002517275441,0.15079434666716907,0
-0.7325709047040565,0.15154927014706665,0
-0.7314541046886252,0.1527828740552959,0
-0.728679198704743,0.15374023491193967,0
-0.728679198704743,0.15374023491193967,0
-0.7284086433109067,0.15298511445096352,0
-0.728679198704743,0.15374023491193967,0
-0.7300666516966832,0.15326155448361511,0
-0.7300666516966832,0.15326155448361511,0
-0.729372925200714,0.15350089469777828,0
-0.7291023535430963,0.15274580706698337,0
-0.731183484239672,0.15202788491503583,0
-0.7328415576805689,0.15230419362697134,0
-0.7318771944718652,0.15178857753105035,0
-0.7339583251684392,0.15107065537910103,0
-0.7346520354006305,0.15083134799511733,0
-0.7352272529787864,0.14808845524012781,0
-0.7388475578677447,0.14514407718356104,0
-0.742586615631204,0.14470275921515352,0
-0.7432802608082785,0.14446358315188412,0
-0.7432802608082785,0.14446358315188412,0
-0.7430093313475208,0.1437092177850161,0
-0.7430093313475208,0.1437092177850161,0
-0.7430093313475208,0.1437092177850161,0
-0.7430093313475208,0.1437092177850161,0
-0.7430093313475208,0.1437092177850161,0
-0.7430093313475208,0.1437092177850161,0
-0.7430093313475208,0.1437092177850161,0
-0.7427384018867613,0.14295485241814632,0
-0.7427384018867613,0.14295485241814632,0
-0.7424674724260036,0.1422004870512783,0
-0.7417738760402646,0.14243956462401464,0
-0.7421965429652442,0.14144612168441384,0
-0.7415029628432865,0.1416851664269707,0
-0.7427384018867613,0.14295485241814632,0
-0.7432802608082785,0.14446358315188412,0
-0.7432802608082785,0.14446358315188412,0
-0.7432802608082785,0.14446358315188412,0
-0.7430093313475208,0.1437092177850161,0
-0.7430093313475208,0.1437092177850161,0
-0.7430093313475208,0.1437092177850161,0
-0.7430093313475208,0.1437092177850161,0
-0.7427384018867613,0.14295485241814632,0
-0.7427384018867613,0.14295485241814632,0
-0.7427384018867613,0.14295485241814632,0
-0.7427384018867613,0.14295485241814632,0
-0.7423157024342242,0.14394836101810604,0
-0.7420447892372444,0.14319396282106034,0
-0.7420447892372444,0.14319396282106034,0
-0.7420447892372444,0.14319396282106034,0
-0.741080279654529,0.14267864219675097,0
-0.741080279654529,0.14267864219675097,0
-0.741080279654529,0.14267864219675097,0
-0.741080279654529,0.14267864219675097,0
-0.7413511765877292,0.14343307322397436,0
-0.7413511765877292,0.14343307322397436,0
-0.7413511765877292,0.14343307322397436,0
-0.7423157024342242,0.14394836101810604,0
-0.742586615631204,0.14470275921515352,0
-0.7432802608082785,0.14446358315188412,0
-0.7437029602608156,0.14347007455192617,0
-0.7443965891741104,0.14323093131883624,0
-0.7441256271857934,0.14247663161232182,0
-0.7434320145362765,0.14271574201523762,0
-0.7437029602608156,0.14347007455192617,0
-0.7442448517098921,0.14497873962530505,0
-0.7442448517098921,0.14497873962530505,0
-0.7442448517098921,0.14497873962530505,0
-0.7452094751390632,0.14549383043836883,0
-0.7454804371273802,0.1462481301448797,0
-0.7445157974344312,0.14573307216199538,0
-0.7445157974344312,0.14573307216199538,0
-0.7445157974344312,0.14573307216199538,0
-0.7438221197297974,0.14597231388561838,0
-0.7438221197297974,0.14597231388561838,0
-0.7447867431589685,0.1464874046986857,0
-0.7454804371273802,0.1462481301448797,0
-0.7454804371273802,0.1462481301448797,0
-0.7461741310957972,0.14600885559107724,0
-0.7461741310957972,0.14600885559107724,0
-0.7461741310957972,0.14600885559107724,0
-0.7468678250642071,0.14576958103726945,0
-0.7471388195800834,0.14652381508342138,0
-0.7478325298122748,0.14628450769943768,0
-0.7478325298122748,0.14628450769943768,0
-0.7471388195800834,0.14652381508342138,0
-0.7474098140959597,0.14727804912957687,0
-0.7476808086118343,0.14803228317573236,0
-0.7476808086118343,0.14803228317573236,0
-0.7464451093478921,0.14676312246740508,0
-0.7464451093478921,0.14676312246740508,0
-0.745751399115699,0.14700242985138878,0
-0.746022361104016,0.14775672955789965,0
-0.7455995803325823,0.14875040230875136,0
-0.7455995803325823,0.14875040230875136,0
-0.7451767670335911,0.14974414071995668,0
-0.7444830080100644,0.149983546594477,0
-0.7436702684191232,0.1477203520033381,0
-0.7440930491905569,0.1467266792524864,0
-0.7450576888835059,0.14724173723537248,0
-0.7450576888835059,0.14724173723537248,0
-0.7467160875999888,0.14751738934374004,0
-0.748070978860472,0.15128872372540236,0
-0.7447539212070442,0.1507379447915227,0
-0.7429765581869336,0.1479596593873218,0
-0.7412320496463067,0.14093076822992145,0
-0.7401158025993695,0.14216325591208268,0
-0.739844921929949,0.14140879205467805,0
-0.7399639512886989,0.14391129402979708,0
-0.7353794133012688,0.1463397933490178,0
-0.7324526072153716,0.14904529081391793,0
-0.7288317818854804,0.1519907194361938,0
-0.7289497540985792,0.1544953553729087,0
-0.7282560113388303,0.15473472841724778,0
-0.7282560113388303,0.15473472841724778,0
-0.7270212228465223,0.1534637292189327,0
-0.7265980192168318,0.1544582555544256,0
-0.7259042927208572,0.15469759576858522,0
-0.7268685258193308,0.15521347450593126,0
-0.7261747830595784,0.15545284755027033,0
-0.7275622685790797,0.1549741014615904,0
-0.7284086433109067,0.15298511445096352,0
-0.728679198704743,0.15374023491193967,0
-0.7301846401735652,0.15576615759015588,0
-0.7300666516966832,0.15326155448361511,0
-0.7319953455865331,0.1542928523358107,0
-0.7304552118311811,0.1565212452209508,0
-0.7289497540985792,0.1544953553729087,0
-0.727985472208772,0.15397957512609928,0
-0.727985472208772,0.15397957512609928,0
-0.727985472208772,0.15397957512609928,0
-0.7282560113388303,0.15473472841724778,0
-0.7277149330787136,0.153224421834949,0
-0.728679198704743,0.15374023491193967,0
-0.7277149330787136,0.153224421834949,0
-0.7270212228465223,0.1534637292189327,0
-0.7263275126143309,0.1537030366029164,0
-0.7270212228465223,0.1534637292189327,0
-0.7263275126143309,0.1537030366029164,0
-0.7289497540985792,0.1544953553729087,0
-0.727985472208772,0.15397957512609928,0
-0.7277149330787136,0.153224421834949,0
-0.727291745712801,0.15421891534026244,0
-0.7270212228465223,0.1534637292189327,0
-0.7282560113388303,0.15473472841724778,0
-0.7275622685790797,0.1549741014615904,0
-0.7275622685790797,0.1549741014615904,0
-0.727985472208772,0.15397957512609928,0
-0.7265980192168318,0.1544582555544256,0
-0.7274443939486552,0.1524692685438005,0
-0.7285612102278627,0.1512356318053989,0
-0.7294073572667799,0.14924710441727207,0
-0.728443124168308,0.14873122567992958,0
-0.7301010024438526,0.14900792835400445,0
-0.7301010024438526,0.14900792835400445,0
-0.7301010024438526,0.14900792835400445,0
-0.7301010024438526,0.14900792835400445,0
-0.7294073572667799,0.14924710441727207,0
-0.7301010024438526,0.14900792835400445,0
-0.7294073572667799,0.14924710441727207,0
-0.7301010024438526,0.14900792835400445,0
-0.7294073572667799,0.14924710441727207,0
-0.7294073572667799,0.14924710441727207,0
-0.7302191698223055,0.15151217032858177,0
-0.7284086433109067,0.15298511445096352,0
-0.7277149330787136,0.153224421834949,0
-0.728679198704743,0.15374023491193967,0
-0.7267506999802436,0.1527085430976065,0
-0.727291745712801,0.15421891534026244,0
-0.7260570060118319,0.15294781765141074,0
-0.7263275126143309,0.1537030366029164,0
-0.7256338023821378,0.1539423439869001,0
-0.7263275126143309,0.1537030366029164,0
-0.7270212228465223,0.1534637292189327,0
-0.7263275126143309,0.1537030366029164,0
-0.725786499409331,0.1521925986999051,0
-0.7267506999802436,0.1527085430976065,0
-0.7281380879170669,0.15222999398999448,0
-0.7288317818854804,0.1519907194361938,0
-0.7274443939486552,0.1524692685438005,0
-0.7270212228465223,0.1534637292189327,0
-0.7270212228465223,0.1534637292189327,0
-0.7263275126143309,0.1537030366029164,0
-0.7267506999802436,0.1527085430976065,0
-0.7264801771139648,0.151953356976275,0
-0.7259391313814056,0.15044298473362083,0
-0.7264801771139648,0.151953356976275,0
-0.7267506999802436,0.1527085430976065,0
-0.7270212228465223,0.1534637292189327,0
-0.7277149330787136,0.153224421834949,0
-0.7292548879324965,0.15099639008177235,0
-0.7288317818854804,0.1519907194361938,0
-0.7270212228465223,0.1534637292189327,0
-0.7291023535430963,0.15274580706698337,0
-0.7284086433109067,0.15298511445096352,0
-0.7260570060118319,0.15294781765141074,0
-0.7263275126143309,0.1537030366029164,0
-0.7249400921499447,0.1541816513708838,0
-0.7263275126143309,0.1537030366029164,0
-0.7263275126143309,0.1537030366029164,0
-0.7270212228465223,0.1534637292189327,0
-0.7270212228465223,0.1534637292189327,0
-0.7267506999802436,0.1527085430976065,0
-0.7270212228465223,0.1534637292189327,0
-0.7256338023821378,0.1539423439869001,0
-0.7277149330787136,0.153224421834949,0
-0.7274443939486552,0.1524692685438005,0
-0.7267506999802436,0.1527085430976065,0
-0.7281380879170669,0.15222999398999448,0
-0.7274443939486552,0.1524692685438005,0
-0.725786499409331,0.1521925986999051,0
-0.725786499409331,0.1521925986999051,0
-0.7260570060118319,0.15294781765141074,0
-0.7253633120434149,0.15318709220521676,0
-0.7263275126143309,0.1537030366029164,0
-0.7256338023821378,0.1539423439869001,0
-0.7256338023821378,0.1539423439869001,0
-0.7263275126143309,0.1537030366029164,0
-0.7282560113388303,0.15473472841724778,0
-0.7296434968583299,0.1542559823285714,0
-0.729525475853892,0.1517514448823878,0
-0.7288317818854804,0.1519907194361938,0
-0.7270212228465223,0.1534637292189327,0
-0.7263275126143309,0.1537030366029164,0
-0.7256338023821378,0.1539423439869001,0
-0.7270212228465223,0.1534637292189327,0
-0.7274443939486552,0.1524692685438005,0
-0.7281380879170669,0.15222999398999448,0
-0.7292548879324965,0.15099639008177235,0
-0.7302191698223055,0.15151217032858177,0
-0.7288317818854804,0.1519907194361938,0
-0.7267506999802436,0.1527085430976065,0
-0.7260570060118319,0.15294781765141074,0
-0.7267506999802436,0.1527085430976065,0
-0.7278675325232307,0.1514748735290219,0
-0.7263275126143309,0.1537030366029164,0
-0.7270212228465223,0.1534637292189327,0
-0.7263275126143309,0.1537030366029164,0
-0.7270212228465223,0.1534637292189327,0
-0.7277149330787136,0.153224421834949,0
-0.7288317818854804,0.1519907194361938,0
-0.7316065577591324,0.15103362122097153,0
-0.7323002517275441,0.15079434666716907,0
-0.7327232764556637,0.1498001814636396,0
-0.7323002517275441,0.15079434666716907,0
-0.7323002517275441,0.15079434666716907,0
-0.7323002517275441,0.15079434666716907,0
-0.7299485656371285,0.1507571483581458,0
-0.729525475853892,0.1517514448823878,0
-0.7274443939486552,0.1524692685438005,0
-0.7277149330787136,0.153224421834949,0
-0.7284086433109067,0.15298511445096352,0
-0.7284086433109067,0.15298511445096352,0
-0.7284086433109067,0.15298511445096352,0
-0.7284086433109067,0.15298511445096352,0
-0.729372925200714,0.15350089469777828,0
-0.7291023535430963,0.15274580706698337,0
-0.7284086433109067,0.15298511445096352,0
-0.7291023535430963,0.15274580706698337,0
-0.728679198704743,0.15374023491193967,0
-0.7284086433109067,0.15298511445096352,0
-0.7284086433109067,0.15298511445096352,0
-0.727985472208772,0.15397957512609928,0
-0.7289497540985792,0.1544953553729087,0
-0.7284086433109067,0.15298511445096352,0
-0.7282560113388303,0.15473472841724778,0
-0.7275622685790797,0.1549741014615904,0
-0.7275622685790797,0.1549741014615904,0
-0.7270212228465223,0.1534637292189327,0
-0.727985472208772,0.15397957512609928,0
-0.7270212228465223,0.1534637292189327,0
-0.7270212228465223,0.1534637292189327,0
-0.7267506999802436,0.1527085430976065,0
-0.7260570060118319,0.15294781765141074,0
-0.7267506999802436,0.1527085430976065,0
-0.7267506999802436,0.1527085430976065,0
-0.7262096542476844,0.15119817085495058,0
-0.7267506999802436,0.1527085430976065,0
-0.7277149330787136,0.153224421834949,0
-0.728679198704743,0.15374023491193967,0
-0.728290638570245,0.15048054417460577,0
-0.728443124168308,0.14873122567992958,0
-0.728443124168308,0.14873122567992958,0
-0.7291367530816029,0.1484920824468361,0
-0.7307946476209306,0.1487687522907315,0
-0.7314882927980051,0.14852957622746565,0
-0.7314882927980051,0.14852957622746565,0
-0.7309128637907172,0.1512728957747811,0
-0.7288317818854804,0.1519907194361938,0
-0.7281380879170669,0.15222999398999448,0
-0.7270212228465223,0.1534637292189327,0
-0.7256338023821378,0.1539423439869001,0
-0.7259042927208572,0.15469759576858522,0
-0.7256338023821378,0.1539423439869001,0
-0.7256338023821378,0.1539423439869001,0
-0.7263275126143309,0.1537030366029164,0
-0.7270212228465223,0.1534637292189327,0
-0.7263275126143309,0.1537030366029164,0
-0.7256338023821378,0.1539423439869001,0
-0.7256338023821378,0.1539423439869001,0
-0.7277149330787136,0.153224421834949,0
-0.7289497540985792,0.1544953553729087,0
-0.7292203094924172,0.15525047583387952,0
-0.7277149330787136,0.153224421834949,0
-0.728679198704743,0.15374023491193967,0
-0.740267588854925,0.14041534911507547,0
-0.7415029628432865,0.1416851664269707,0
-0.739151358071771,0.14164780396705012,0
-0.739844921929949,0.14140879205467805,0
-0.7415029628432865,0.1416851664269707,0
-0.740267588854925,0.14041534911507547,0
-0.740267588854925,0.14041534911507547,0
-0.7408093827213271,0.1419242111695258,0
-0.7401158025993695,0.14216325591208268,0
-0.7403866832687918,0.14291771976948553,0
-0.7407765445056231,0.14617478409254225,0
-0.740472549136248,0.14967145127119252,0
-0.7411662756322173,0.14943211105702936,0
-0.74201196728532,0.14744450291390265,0
-0.7422828479547405,0.14819896677130373,0
-0.7425537286241628,0.14895343062871014,0
-0.7413182733169084,0.1476837774677051,0
-0.7425537286241628,0.14895343062871014,0
-0.7413182733169084,0.1476837774677051,0
-0.7410474089112675,0.14692928078012457,0
-0.7413182733169084,0.1476837774677051,0
-0.7418600021281936,0.14919277084286975,0
-0.7400828830647654,0.14641399298598934,0
-0.7406575639382122,0.1436721836268866,0
-0.7409611364493269,0.14017637003287575,0
-0.7413511765877292,0.14343307322397436,0
-0.740538485788127,0.14116978014229886,0
-0.740538485788127,0.14116978014229886,0
-0.7413511765877292,0.14343307322397436,0
-0.740267588854925,0.14041534911507547,0
-0.7409611364493269,0.14017637003287575,0
-0.7409284446076327,0.14442664748429124,0
-0.7407765445056231,0.14617478409254225,0
-0.7407765445056231,0.14617478409254225,0
-0.7384247445687535,0.1461378155947699,0
-0.735108662742082,0.14558506685018457,0
-0.7352272529787864,0.14808845524012781,0
-0.7386955601830589,0.14689241077288884,0
-0.74201196728532,0.14744450291390265,0
-0.7432474551201338,0.14871409041454697,0
-0.7410474089112675,0.14692928078012457,0
-0.7432474551201338,0.14871409041454697,0
-0.7414702059464773,0.14593557519909517,0
-0.7421638673873314,0.14569636630564986,0
-0.7422828479547405,0.14819896677130373,0
-0.7427056612537317,0.1472052283601002,0
-0.7438221197297974,0.14597231388561838,0
-0.745328634608045,0.1479960697720628,0
-0.7436702684191232,0.1477203520033381,0
-0.7442448517098921,0.14497873962530505,0
-0.743941181616103,0.14847475020038559,0
-0.7432474551201338,0.14871409041454697,0
-0.7438221197297974,0.14597231388561838,0
-0.7429765581869336,0.1479596593873218,0
-0.7429765581869336,0.1479596593873218,0
-0.7440930491905569,0.1467266792524864,0
-0.74656428508065,0.14926532897092315,0
-0.749187583710551,0.15005551377932136,0
-0.7467160875999888,0.14751738934374004,0
-0.7472580441041821,0.14902592309640283,0
-0.746293323092333,0.1485110292644123,0
-0.7443639786513163,0.1474810446193544,0
-0.7430954899630073,0.15046235834351762,0
-0.7458375739949616,0.15375553757970906,0
-0.7442120948130828,0.1492291483974313,0
-0.7437892489865341,0.1502229524689973,0
-0.7418600021281936,0.14919277084286975,0
-0.7440930491905569,0.1467266792524864,0
-0.7449058375728335,0.1489897753530922,0
-0.7435183520533339,0.14946852144177214,0
-0.7447867431589685,0.1464874046986857,0
-0.7421308665338344,0.14994726753045207,0
-0.7418600021281936,0.14919277084286975,0
-0.7447867431589685,0.1464874046986857,0
-0.743941181616103,0.14847475020038559,0
-0.7430954899630073,0.15046235834351762,0
-0.7450576888835059,0.14724173723537248,0
-0.7428246092935833,0.14970789448611121,0
-0.7432474551201338,0.14871409041454697,0
-0.744634908112074,0.1482354099862242,0
-0.7430954899630073,0.15046235834351762,0
-0.743941181616103,0.14847475020038559,0
-0.744634908112074,0.1482354099862242,0
-0.7430954899630073,0.15046235834351762,0
-0.7435183520533339,0.14946852144177214,0
-0.7464451093478921,0.14676312246740508,0
-0.7472580441041821,0.14902592309640283,0
-0.7500330801982997,0.14806829959833046,0
-0.7518110775057973,0.1508453046255731,0
-0.7516593400415772,0.15259311293204725,0
-0.7493393211747676,0.14830770547285077,0
-0.7498813752616389,0.14981604224444744,0
-0.750575166812725,0.14957657070956998,0
-0.7481035405919307,0.14703870891541726,0
-0.7472580441041821,0.14902592309640283,0
-0.7479518031277106,0.14878651722188607,0
-0.7474098140959597,0.14727804912957687,0
-0.7479518031277106,0.14878651722188607,0
-0.7512689583638128,0.1493370991746943,0
-0.750575166812725,0.14957657070956998,0
-0.7479518031277106,0.14878651722188607,0
-0.7479518031277106,0.14878651722188607,0
-0.7459895554158695,0.1520072368205625,0
-0.7420975404047496,0.15419882535882223,0
-0.7386284200115227,0.1553965113349811,0
-0.7361578997277096,0.15285641708869946,0
-0.7332646149362478,0.15130996276308295,0
-0.7303716228928092,0.1497629174942645,0
-0.7273264217355546,0.14996463260708026,0
-0.7287137120897036,0.14948628048054502,0
-0.728443124168308,0.14873122567992958,0
-0.7280200669126291,0.14972545654381442,0
-0.7280200669126291,0.14972545654381442,0
-0.7277494952550114,0.14897036891302307,0
-0.7263622374284218,0.14944865537920293,0
-0.7280200669126291,0.14972545654381442,0
-0.728443124168308,0.14873122567992958,0
-0.7287137120897036,0.14948628048054502,0
-0.728443124168308,0.14873122567992958,0
-0.728443124168308,0.14873122567992958,0
-0.728443124168308,0.14873122567992958,0
-0.7291367530816029,0.1484920824468361,0
-0.7287137120897036,0.14948628048054502,0
-0.728443124168308,0.14873122567992958,0
-0.7287137120897036,0.14948628048054502,0
-0.728443124168308,0.14873122567992958,0
-0.7267853109478786,0.14845439168513686,0
-0.7274789235973955,0.14821528128222639,0
-0.7287137120897036,0.14948628048054502,0
-0.7303716228928092,0.1497629174942645,0
-0.7284086433109067,0.15298511445096352,0
-0.728679198704743,0.15374023491193967,0
-0.7277149330787136,0.153224421834949,0
-0.7291023535430963,0.15274580706698337,0
-0.7277149330787136,0.153224421834949,0
-0.7277149330787136,0.153224421834949,0
-0.7277149330787136,0.153224421834949,0
-0.7284086433109067,0.15298511445096352,0
-0.7284086433109067,0.15298511445096352,0
-0.7291023535430963,0.15274580706698337,0
-0.728679198704743,0.15374023491193967,0
-0.7301846401735652,0.15576615759015588,0
-0.7296434968583299,0.1542559823285714,0
-0.7289497540985792,0.1544953553729087,0
-0.728679198704743,0.15374023491193967,0
-0.7284086433109067,0.15298511445096352,0
-0.7291023535430963,0.15274580706698337,0
-0.729372925200714,0.15350089469777828,0
-0.7288317818854804,0.1519907194361938,0
-0.7270212228465223,0.1534637292189327,0
-0.7263275126143309,0.1537030366029164,0
-0.7270212228465223,0.1534637292189327,0
-0.7277149330787136,0.153224421834949,0
-0.729525475853892,0.1517514448823878,0
-0.7297960637752894,0.15250649968299967,0
-0.729525475853892,0.1517514448823878,0
-0.7291023535430963,0.15274580706698337,0
-0.7291023535430963,0.15274580706698337,0
-0.7277149330787136,0.153224421834949,0
-0.7270212228465223,0.1534637292189327,0
-0.7277149330787136,0.153224421834949,0
-0.7274443939486552,0.1524692685438005,0
-0.7288317818854804,0.1519907194361938,0
-0.7284086433109067,0.15298511445096352,0
-0.7277149330787136,0.153224421834949,0
-0.7289497540985792,0.1544953553729087,0
-0.7284086433109067,0.15298511445096352,0
-0.7274443939486552,0.1524692685438005,0
-0.7277149330787136,0.153224421834949,0
-0.7274443939486552,0.1524692685438005,0
-0.7264801771139648,0.151953356976275,0
-0.7267506999802436,0.1527085430976065,0
-0.725786499409331,0.1521925986999051,0
-0.7265980192168318,0.1544582555544256,0
-0.7270212228465223,0.1534637292189327,0
-0.725786499409331,0.1521925986999051,0
-0.7256338023821378,0.1539423439869001,0
-0.7263275126143309,0.1537030366029164,0
-0.7277149330787136,0.153224421834949,0
-0.7270212228465223,0.1534637292189327,0
-0.7277149330787136,0.153224421834949,0
-0.729372925200714,0.15350089469777828,0
-0.7284086433109067,0.15298511445096352,0
-0.7274443939486552,0.1524692685438005,0
-0.728679198704743,0.15374023491193967,0
-0.7270212228465223,0.1534637292189327,0
-0.727985472208772,0.15397957512609928,0
-0.7284086433109067,0.15298511445096352,0
-0.727985472208772,0.15397957512609928,0
-0.7284086433109067,0.15298511445096352,0
-0.727985472208772,0.15397957512609928,0
-0.7277149330787136,0.153224421834949,0
-0.728679198704743,0.15374023491193967,0
-0.7277149330787136,0.153224421834949,0
-0.7267506999802436,0.1527085430976065,0
-0.727291745712801,0.15421891534026244,0
-0.728679198704743,0.15374023491193967,0
-0.7296434968583299,0.1542559823285714,0
-0.7282560113388303,0.15473472841724778,0
-0.7270212228465223,0.1534637292189327,0
-0.7297960637752894,0.15250649968299967,0
-0.7304897740074789,0.15226719229901775,0
-0.728679198704743,0.15374023491193967,0
-0.728679198704743,0.15374023491193967,0
-0.7297960637752894,0.15250649968299967,0
-0.728679198704743,0.15374023491193967,0
-0.727985472208772,0.15397957512609928,0
-0.7289497540985792,0.1544953553729087,0
-0.729372925200714,0.15350089469777828,0
-0.7289497540985792,0.1544953553729087,0
-0.7284086433109067,0.15298511445096352,0
-0.727985472208772,0.15397957512609928,0
-0.7289497540985792,0.1544953553729087,0
-0.7289497540985792,0.1544953553729087,0
-0.7300666516966832,0.15326155448361511,0
-0.7297960637752894,0.15250649968299967,0
-0.7291023535430963,0.15274580706698337,0
-0.7284086433109067,0.15298511445096352,0
-0.727291745712801,0.15421891534026244,0
-0.727985472208772,0.15397957512609928,0
-0.7270212228465223,0.1534637292189327,0
-0.7282560113388303,0.15473472841724778,0
-0.727291745712801,0.15421891534026244,0
-0.7282560113388303,0.15473472841724778,0
-0.727985472208772,0.15397957512609928,0
-0.7259042927208572,0.15469759576858522,0
-0.727291745712801,0.15421891534026244,0
-0.7275969771293926,0.1507197530680493,0
-0.7280200669126291,0.14972545654381442,0
-0.728443124168308,0.14873122567992958,0
-0.7277494952550114,0.14897036891302307,0
-0.7280200669126291,0.14972545654381442,0
-0.7280200669126291,0.14972545654381442,0
-0.7277494952550114,0.14897036891302307,0
-0.7281380879170669,0.15222999398999448,0
-0.727291745712801,0.15421891534026244,0
-0.7263275126143309,0.1537030366029164,0
-0.7275622685790797,0.1549741014615904,0
-0.7275622685790797,0.1549741014615904,0
-0.7282560113388303,0.15473472841724778,0
-0.7263275126143309,0.1537030366029164,0
-0.725786499409331,0.1521925986999051,0
-0.7260570060118319,0.15294781765141074,0
-0.7249400921499447,0.1541816513708838,0
-0.7263275126143309,0.1537030366029164,0
-0.7259042927208572,0.15469759576858522,0
-0.7265980192168318,0.1544582555544256,0
-0.7249400921499447,0.1541816513708838,0
-0.724363996327714,0.1569263169555093,0
-0.7250577553512407,0.15668691108098898,0
-0.7256338023821378,0.1539423439869001,0
-0.7256338023821378,0.1539423439869001,0
-0.7249400921499447,0.1541816513708838,0
-0.7265980192168318,0.1544582555544256,0
-0.7249400921499447,0.1541816513708838,0
-0.7265980192168318,0.1544582555544256,0
-0.728679198704743,0.15374023491193967,0
-0.7270212228465223,0.1534637292189327,0
-0.7267506999802436,0.1527085430976065,0
-0.7263275126143309,0.1537030366029164,0
-0.7265980192168318,0.1544582555544256,0
-0.7263275126143309,0.1537030366029164,0
-0.7263275126143309,0.1537030366029164,0
-0.7256338023821378,0.1539423439869001,0
-0.7265980192168318,0.1544582555544256,0
-0.7263275126143309,0.1537030366029164,0
-0.7256338023821378,0.1539423439869001,0
-0.7270212228465223,0.1534637292189327,0
-0.7274443939486552,0.1524692685438005,0
-0.7267853109478786,0.14845439168513686,0
-0.7270558663417184,0.14920951214610945,0
-0.7263622374284218,0.14944865537920293,0
-0.7274789235973955,0.14821528128222639,0
-0.728443124168308,0.14873122567992958,0
-0.7291367530816029,0.1484920824468361,0
-0.7274789235973955,0.14821528128222639,0
-0.7281725362469125,0.14797617087931414,0
-0.7281725362469125,0.14797617087931414,0
-0.7267853109478786,0.14845439168513686,0
-0.7288661488964294,0.14773706047640012,0
-0.7291367530816029,0.1484920824468361,0
-0.7287137120897036,0.14948628048054502,0
-0.7291367530816029,0.1484920824468361,0
-0.7288661488964294,0.14773706047640012,0
-0.728443124168308,0.14873122567992958,0
-0.7288661488964294,0.14773706047640012,0
-0.7285955447112542,0.14698203850596414,0
-0.7291367530816029,0.1484920824468361,0
-0.7298303819948995,0.1482529392137497,0
-0.7291367530816029,0.1484920824468361,0
-0.7291367530816029,0.1484920824468361,0
-0.7288661488964294,0.14773706047640012,0
-0.7288661488964294,0.14773706047640012,0
-0.7279019483255169,0.14722111607870048,0
-0.7288661488964294,0.14773706047640012,0
-0.7281725362469125,0.14797617087931414,0
-0.7288661488964294,0.14773706047640012,0
-0.7303716228928092,0.1497629174942645,0
-0.7298303819948995,0.1482529392137497,0
-0.7298303819948995,0.1482529392137497,0
-0.7256338023821378,0.1539423439869001,0
-0.7253633120434149,0.15318709220521676,0
-0.7263275126143309,0.1537030366029164,0
-0.7260570060118319,0.15294781765141074,0
-0.7263275126143309,0.1537030366029164,0
-0.725786499409331,0.1521925986999051,0
-0.7263275126143309,0.1537030366029164,0
-0.7263275126143309,0.1537030366029164,0
-0.7263275126143309,0.1537030366029164,0
-0.724669618075005,0.153426366759021,0
-0.7263275126143309,0.1537030366029164,0
-0.7267506999802436,0.1527085430976065,0
-0.7263275126143309,0.1537030366029164,0
-0.7263275126143309,0.1537030366029164,0
-0.7274443939486552,0.1524692685438005,0
-0.7291023535430963,0.15274580706698337,0
-0.7303372396180787,0.15401660928423055,0
-0.7300666516966832,0.15326155448361511,0
-0.7291023535430963,0.15274580706698337,0
-0.7291023535430963,0.15274580706698337,0
-0.7291023535430963,0.15274580706698337,0
-0.7291023535430963,0.15274580706698337,0
-0.7291023535430963,0.15274580706698337,0
-0.7291023535430963,0.15274580706698337,0
-0.7270212228465223,0.1534637292189327,0
-0.7260570060118319,0.15294781765141074,0
-0.7256338023821378,0.1539423439869001,0
-0.7267506999802436,0.1527085430976065,0
-0.7281380879170669,0.15222999398999448,0
-0.7274443939486552,0.1524692685438005,0
-0.7281380879170669,0.15222999398999448,0
-0.7274443939486552,0.1524692685438005,0
-0.7277149330787136,0.153224421834949,0
-0.7263275126143309,0.1537030366029164,0
-0.727985472208772,0.15397957512609928,0
-0.7274443939486552,0.1524692685438005,0
-0.7274443939486552,0.1524692685438005,0
-0.7274443939486552,0.1524692685438005,0
-0.7277149330787136,0.153224421834949,0
-0.7271738548185969,0.15171411525264844,0
-0.7256338023821378,0.1539423439869001,0
-0.7253633120434149,0.15318709220521676,0
-0.7256338023821378,0.1539423439869001,0
-0.7263275126143309,0.1537030366029164,0
-0.7263275126143309,0.1537030366029164,0
-0.7263275126143309,0.1537030366029164,0
-0.7256338023821378,0.1539423439869001,0
-0.7263275126143309,0.1537030366029164,0
-0.7267506999802436,0.1527085430976065,0
-0.7291023535430963,0.15274580706698337,0
-0.7289843000111027,0.1502413352811569,0
-0.7298303819948995,0.1482529392137497,0
-0.7309469868449803,0.14701972926766516,0
-0.7291367530816029,0.1484920824468361,0
-0.7291367530816029,0.1484920824468361,0
-0.7295597615459464,0.14749795007348965,0
-0.7296779614519533,0.15000212638770982,0
-0.729525475853892,0.1517514448823878,0
-0.7297960637752894,0.15250649968299967,0
-0.7310309823778294,0.15377723623989148,0
-0.7314541046886252,0.1527828740552959,0
-0.731183484239672,0.15202788491503583,0
-0.7309128637907172,0.1512728957747811,0
-0.7317247251375782,0.15353786319555063,0
-0.7325709047040565,0.15154927014706665,0
-0.7323002517275441,0.15079434666716907,0
-0.7341106318649295,0.1493216980163865,0
-0.7346520354006305,0.15083134799511733,0
-0.7356164636644529,0.1513468327703258,0
-0.736039455865015,0.15035273322715348,0
-0.7336876396643692,0.15031579755955882,0
-0.7343813336327809,0.15007652300575103,0
-0.7321478311845979,0.15254353384112918,0
-0.731183484239672,0.15202788491503583,0
-0.7297960637752894,0.15250649968299967,0
-0.7284086433109067,0.15298511445096352,0
-0.7277149330787136,0.153224421834949,0
-0.7270212228465223,0.1534637292189327,0
-0.7277149330787136,0.153224421834949,0
-0.7270212228465223,0.1534637292189327,0
-0.7270212228465223,0.1534637292189327,0
-0.7277149330787136,0.153224421834949,0
-0.7277149330787136,0.153224421834949,0
-0.7270212228465223,0.1534637292189327,0
-0.7274443939486552,0.1524692685438005,0
-0.7278675325232307,0.1514748735290219,0
-0.7275969771293926,0.1507197530680493,0
-0.7274443939486552,0.1524692685438005,0
-0.7277149330787136,0.153224421834949,0
-0.7284086433109067,0.15298511445096352,0
-0.7270212228465223,0.1534637292189327,0
-0.7267506999802436,0.1527085430976065,0
-0.7274443939486552,0.1524692685438005,0
-0.7284086433109067,0.15298511445096352,0
-0.7274443939486552,0.1524692685438005,0
-0.7270212228465223,0.1534637292189327,0
-0.7256338023821378,0.1539423439869001,0
-0.7263275126143309,0.1537030366029164,0
-0.7270212228465223,0.1534637292189327,0
-0.7265980192168318,0.1544582555544256,0
-0.7282560113388303,0.15473472841724778,0
-0.727985472208772,0.15397957512609928,0
-0.7274443939486552,0.1524692685438005,0
-0.7277149330787136,0.153224421834949,0
-0.7284086433109067,0.15298511445096352,0
-0.7289497540985792,0.1544953553729087,0
-0.7299140685159475,0.15501106995936276,0
-0.7292203094924172,0.15525047583387952,0
-0.7292203094924172,0.15525047583387952,0
-0.7296434968583299,0.1542559823285714,0
-0.7296434968583299,0.1542559823285714,0
-0.7256338023821378,0.1539423439869001,0
-0.7256338023821378,0.1539423439869001,0
-0.7253633120434149,0.15318709220521676,0
-0.7263275126143309,0.1537030366029164,0
-0.7263275126143309,0.1537030366029164,0
-0.7263275126143309,0.1537030366029164,0
-0.7256338023821378,0.1539423439869001,0
-0.7256338023821378,0.1539423439869001,0
-0.7256338023821378,0.1539423439869001,0
-0.7270212228465223,0.1534637292189327,0
-0.7284086433109067,0.15298511445096352,0
-0.7267506999802436,0.1527085430976065,0
-0.7256338023821378,0.1539423439869001,0
-0.7249400921499447,0.1541816513708838,0
-0.7256338023821378,0.1539423439869001,0
-0.7263275126143309,0.1537030366029164,0
-0.7256338023821378,0.1539423439869001,0
-0.7256338023821378,0.1539423439869001,0
-0.7260570060118319,0.15294781765141074,0
-0.7263275126143309,0.1537030366029164,0
-0.7270212228465223,0.1534637292189327,0
-0.7299140685159475,0.15501106995936276,0
-0.7291023535430963,0.15274580706698337,0
-0.7277149330787136,0.153224421834949,0
-0.7284086433109067,0.15298511445096352,0
-0.7284086433109067,0.15298511445096352,0
-0.7277149330787136,0.153224421834949,0
-0.7284086433109067,0.15298511445096352,0
-0.7284086433109067,0.15298511445096352,0
-0.7277149330787136,0.153224421834949,0
-0.7277149330787136,0.153224421834949,0
-0.7284086433109067,0.15298511445096352,0
-0.7284086433109067,0.15298511445096352,0
-0.7284086433109067,0.15298511445096352,0
-0.7270212228465223,0.1534637292189327,0
-0.7263275126143309,0.1537030366029164,0
-0.7270212228465223,0.1534637292189327,0
-0.7284086433109067,0.15298511445096352,0
-0.7291023535430963,0.15274580706698337,0
-0.729525475853892,0.1517514448823878,0
-0.729525475853892,0.1517514448823878,0
-0.7291023535430963,0.15274580706698337,0
-0.7297960637752894,0.15250649968299967,0
-0.7291023535430963,0.15274580706698337,0
-0.7288317818854804,0.1519907194361938,0
-0.7291023535430963,0.15274580706698337,0
-0.7291023535430963,0.15274580706698337,0
-0.7288317818854804,0.1519907194361938,0
-0.7284086433109067,0.15298511445096352,0
-0.7284086433109067,0.15298511445096352,0
-0.7256338023821378,0.1539423439869001,0
-0.7256338023821378,0.1539423439869001,0
-0.7256338023821378,0.1539423439869001,0
-0.7260570060118319,0.15294781765141074,0
-0.7263275126143309,0.1537030366029164,0
-0.7263275126143309,0.1537030366029164,0
-0.7263275126143309,0.1537030366029164,0
-0.7253633120434149,0.15318709220521676,0
-0.7263275126143309,0.1537030366029164,0
-0.7263275126143309,0.1537030366029164,0
-0.7253633120434149,0.15318709220521676,0
-0.7265980192168318,0.1544582555544256,0
-0.7260570060118319,0.15294781765141074,0
-0.7249400921499447,0.1541816513708838,0
-0.7256338023821378,0.1539423439869001,0
-0.7256338023821378,0.1539423439869001,0
-0.7253633120434149,0.15318709220521676,0
-0.7277149330787136,0.153224421834949,0
-0.729525475853892,0.1517514448823878,0
-0.729525475853892,0.1517514448823878,0
-0.729525475853892,0.1517514448823878,0
-0.7317247251375782,0.15353786319555063,0
-0.7284086433109067,0.15298511445096352,0
-0.7252454862043294,0.15068216079689023,0
-0.7260570060118319,0.15294781765141074,0
-0.7277149330787136,0.153224421834949,0
-0.7284086433109067,0.15298511445096352,0
-0.7284086433109067,0.15298511445096352,0
-0.7284086433109067,0.15298511445096352,0
-0.7284086433109067,0.15298511445096352,0
-0.7288317818854804,0.1519907194361938,0
-0.7291023535430963,0.15274580706698337,0
-0.7309128637907172,0.1512728957747811,0
-0.7304897740074789,0.15226719229901775,0
-0.7309128637907172,0.1512728957747811,0
-0.7304897740074789,0.15226719229901775,0
-0.7309128637907172,0.1512728957747811,0
-0.7291023535430963,0.15274580706698337,0
-0.7277149330787136,0.153224421834949,0
-0.7302191698223055,0.15151217032858177,0
-0.7304897740074789,0.15226719229901775,0
-0.728679198704743,0.15374023491193967,0
-0.7284086433109067,0.15298511445096352,0
-0.7284086433109067,0.15298511445096352,0
-0.7291023535430963,0.15274580706698337,0
-0.7277149330787136,0.153224421834949,0
-0.7284086433109067,0.15298511445096352,0
-0.7277149330787136,0.153224421834949,0
-0.7277149330787136,0.153224421834949,0
-0.7277149330787136,0.153224421834949,0
-0.7291023535430963,0.15274580706698337,0
-0.7297960637752894,0.15250649968299967,0
-0.7297960637752894,0.15250649968299967,0
-0.7291023535430963,0.15274580706698337,0
-0.7291023535430963,0.15274580706698337,0
-0.7297960637752894,0.15250649968299967,0
-0.7304897740074789,0.15226719229901775,0
-0.7304897740074789,0.15226719229901775,0
-0.7318771944718652,0.15178857753105035,0
-0.7302191698223055,0.15151217032858177,0
-0.7302191698223055,0.15151217032858177,0
-0.7297960637752894,0.15250649968299967,0
-0.7291023535430963,0.15274580706698337,0
-0.7297960637752894,0.15250649968299967,0
-0.7288317818854804,0.1519907194361938,0
-0.7297960637752894,0.15250649968299967,0
-0.7288317818854804,0.1519907194361938,0
-0.7302191698223055,0.15151217032858177,0
-0.7297960637752894,0.15250649968299967,0
-0.7277149330787136,0.153224421834949,0
-0.7288317818854804,0.1519907194361938,0
-0.7297960637752894,0.15250649968299967,0
-0.7284086433109067,0.15298511445096352,0
-0.7284086433109067,0.15298511445096352,0
-0.7263275126143309,0.1537030366029164,0
-0.727291745712801,0.15421891534026244,0
-0.7263275126143309,0.1537030366029164,0
-0.7249400921499447,0.1541816513708838,0
-0.7249400921499447,0.1541816513708838,0
-0.7256338023821378,0.1539423439869001,0
-0.7256338023821378,0.1539423439869001,0
-0.7270212228465223,0.1534637292189327,0
-0.7256338023821378,0.1539423439869001,0
-0.7249400921499447,0.1541816513708838,0
-0.7256338023821378,0.1539423439869001,0
-0.7259042927208572,0.15469759576858522,0
-0.7270212228465223,0.1534637292189327,0
-0.7265980192168318,0.1544582555544256,0
-0.7265980192168318,0.1544582555544256,0
-0.7265980192168318,0.1544582555544256,0
-0.7265980192168318,0.1544582555544256,0
-0.7270212228465223,0.1534637292189327,0
-0.7265980192168318,0.1544582555544256,0
-0.7259042927208572,0.15469759576858522,0
-0.7263275126143309,0.1537030366029164,0
-0.7267506999802436,0.1527085430976065,0
-0.7259042927208572,0.15469759576858522,0
-0.7256338023821378,0.1539423439869001,0
-0.7256338023821378,0.1539423439869001,0
-0.7274443939486552,0.1524692685438005,0
-0.7281380879170669,0.15222999398999448,0
-0.7275969771293926,0.1507197530680493,0
-0.7274789235973955,0.14821528128222639,0
-0.7281725362469125,0.14797617087931414,0
-0.7294073572667799,0.14924710441727207,0
-0.7288661488964294,0.14773706047640012,0
-0.7291367530816029,0.1484920824468361,0
-0.7291367530816029,0.1484920824468361,0
-0.7272083519397796,0.14746019365143503,0
-0.7281725362469125,0.14797617087931414,0
-0.7281725362469125,0.14797617087931414,0
-0.7281725362469125,0.14797617087931414,0
-0.7281725362469125,0.14797617087931414,0
-0.7281725362469125,0.14797617087931414,0
-0.728443124168308,0.14873122567992958,0
-0.7281725362469125,0.14797617087931414,0
-0.7281725362469125,0.14797617087931414,0
-0.7274789235973955,0.14821528128222639,0
-0.7272083519397796,0.14746019365143503,0
-0.7288661488964294,0.14773706047640012,0
-0.7285955447112542,0.14698203850596414,0
-0.7274789235973955,0.14821528128222639,0
-0.7274789235973955,0.14821528128222639,0
-0.7281725362469125,0.14797617087931414,0
-0.7281725362469125,0.14797617087931414,0
-0.7285955447112542,0.14698203850596414,0
-0.7298303819948995,0.1482529392137497,0
-0.7312176398214927,0.1477746527475663,0
-0.7321819379750814,0.14829040016419626,0
-0.7307946476209306,0.1487687522907315,0
-0.7307946476209306,0.1487687522907315,0
-0.7281725362469125,0.14797617087931414,0
-0.7277494952550114,0.14897036891302307,0
-0.7281725362469125,0.14797617087931414,0
-0.7291367530816029,0.1484920824468361,0
-0.7280200669126291,0.14972545654381442,0
-0.7267853109478786,0.14845439168513686,0
-0.7267853109478786,0.14845439168513686,0
-0.728443124168308,0.14873122567992958,0
-0.7277494952550114,0.14897036891302307,0
-0.7274789235973955,0.14821528128222639,0
-0.728443124168308,0.14873122567992958,0
-0.7277494952550114,0.14897036891302307,0
-0.728443124168308,0.14873122567992958,0
-0.7274789235973955,0.14821528128222639,0
-0.7288661488964294,0.14773706047640012,0
-0.7274789235973955,0.14821528128222639,0
-0.7274789235973955,0.14821528128222639,0
-0.728443124168308,0.14873122567992958,0
-0.7291367530816029,0.1484920824468361,0
-0.7302533741954633,0.14725883967057385,0
-0.7291367530816029,0.1484920824468361,0
-0.7298303819948995,0.1482529392137497,0
-0.7281725362469125,0.14797617087931414,0
-0.728443124168308,0.14873122567992958,0
-0.7291367530816029,0.1484920824468361,0
-0.7281725362469125,0.14797617087931414,0
-0.728443124168308,0.14873122567992958,0
-0.7281725362469125,0.14797617087931414,0
-0.7288661488964294,0.14773706047640012,0
-0.728443124168308,0.14873122567992958,0
-0.728443124168308,0.14873122567992958,0
-0.728443124168308,0.14873122567992958,0
-0.728443124168308,0.14873122567992958,0
-0.7291367530816029,0.1484920824468361,0
-0.7298303819948995,0.1482529392137497,0
-0.7298303819948995,0.1482529392137497,0
-0.7314882927980051,0.14852957622746565,0
-0.7298303819948995,0.1482529392137497,0
-0.7295597615459464,0.14749795007348965,0
-0.728443124168308,0.14873122567992958,0
-0.7277494952550114,0.14897036891302307,0
-0.7277494952550114,0.14897036891302307,0
-0.7292548879324965,0.15099639008177235,0
-0.7300666516966832,0.15326155448361511,0
-0.7309128637907172,0.1512728957747811,0
-0.7304897740074789,0.15226719229901775,0
-0.7300666516966832,0.15326155448361511,0
-0.7277149330787136,0.153224421834949,0
-0.7274443939486552,0.1524692685438005,0
-0.7284086433109067,0.15298511445096352,0
-0.7284086433109067,0.15298511445096352,0
-0.729372925200714,0.15350089469777828,0
-0.7297960637752894,0.15250649968299967,0
-0.7297960637752894,0.15250649968299967,0
-0.7297960637752894,0.15250649968299967,0
-0.7291023535430963,0.15274580706698337,0
-0.7291023535430963,0.15274580706698337,0
-0.7291023535430963,0.15274580706698337,0
-0.728679198704743,0.15374023491193967,0
-0.7277149330787136,0.153224421834949,0
-0.7270212228465223,0.1534637292189327,0
-0.728679198704743,0.15374023491193967,0
-0.7277149330787136,0.153224421834949,0
-0.727985472208772,0.15397957512609928,0
-0.727985472208772,0.15397957512609928,0
-0.727985472208772,0.15397957512609928,0
-0.7289497540985792,0.1544953553729087,0
-0.7284086433109067,0.15298511445096352,0
-0.7277149330787136,0.153224421834949,0
-0.7284086433109067,0.15298511445096352,0
-0.727291745712801,0.15421891534026244,0
-0.727291745712801,0.15421891534026244,0
-0.7270212228465223,0.1534637292189327,0
-0.7263275126143309,0.1537030366029164,0
-0.728679198704743,0.15374023491193967,0
-0.728679198704743,0.15374023491193967,0
-0.7270212228465223,0.1534637292189327,0
-0.7263275126143309,0.1537030366029164,0
-0.7270212228465223,0.1534637292189327,0
-0.7263275126143309,0.1537030366029164,0
-0.7263275126143309,0.1537030366029164,0
-0.7256338023821378,0.1539423439869001,0
-0.7263275126143309,0.1537030366029164,0
-0.7263275126143309,0.1537030366029164,0
-0.7256338023821378,0.1539423439869001,0
-0.7270212228465223,0.1534637292189327,0
-0.7277149330787136,0.153224421834949,0
-0.7289497540985792,0.1544953553729087,0
-0.7289497540985792,0.1544953553729087,0
-0.7289497540985792,0.1544953553729087,0
-0.7289497540985792,0.1544953553729087,0
-0.727985472208772,0.15397957512609928,0
-0.7277149330787136,0.153224421834949,0
-0.7256338023821378,0.1539423439869001,0
-0.7256338023821378,0.1539423439869001,0
-0.7263275126143309,0.1537030366029164,0
-0.7263275126143309,0.1537030366029164,0
-0.7256338023821378,0.1539423439869001,0
-0.7263275126143309,0.1537030366029164,0
-0.7270212228465223,0.1534637292189327,0
-0.7270212228465223,0.1534637292189327,0
-0.7270212228465223,0.1534637292189327,0
-0.7256338023821378,0.1539423439869001,0
-0.7263275126143309,0.1537030366029164,0
-0.727985472208772,0.15397957512609928,0
-0.7291023535430963,0.15274580706698337,0
-0.727985472208772,0.15397957512609928,0
-0.7282560113388303,0.15473472841724778,0
-0.7282560113388303,0.15473472841724778,0
-0.7282560113388303,0.15473472841724778,0
-0.7284086433109067,0.15298511445096352,0
-0.7282560113388303,0.15473472841724778,0
-0.7277149330787136,0.153224421834949,0
-0.7265980192168318,0.1544582555544256,0
-0.7265980192168318,0.1544582555544256,0
-0.7265980192168318,0.1544582555544256,0
-0.7270212228465223,0.1534637292189327,0
-0.727291745712801,0.15421891534026244,0
-0.7270212228465223,0.1534637292189327,0
-0.7291023535430963,0.15274580706698337,0
-0.7297960637752894,0.15250649968299967,0
-0.7291023535430963,0.15274580706698337,0
-0.729372925200714,0.15350089469777828,0
-0.729372925200714,0.15350089469777828,0
-0.7291023535430963,0.15274580706698337,0
-0.7291023535430963,0.15274580706698337,0
-0.7291023535430963,0.15274580706698337,0
-0.7281380879170669,0.15222999398999448,0
-0.7277149330787136,0.153224421834949,0
-0.7281380879170669,0.15222999398999448,0
-0.7277494952550114,0.14897036891302307,0
-0.7281725362469125,0.14797617087931414,0
-0.7277494952550114,0.14897036891302307,0
-0.7277494952550114,0.14897036891302307,0
-0.728443124168308,0.14873122567992958,0
-0.7277494952550114,0.14897036891302307,0
-0.7277494952550114,0.14897036891302307,0
-0.7277494952550114,0.14897036891302307,0
-0.728443124168308,0.14873122567992958,0
-0.7291367530816029,0.1484920824468361,0
-0.7291367530816029,0.1484920824468361,0
-0.7291367530816029,0.1484920824468361,0
-0.7298303819948995,0.1482529392137497,0
-0.7298303819948995,0.1482529392137497,0
-0.7296779614519533,0.15000212638770982,0
-0.7301010024438526,0.14900792835400445,0
-0.7318771944718652,0.15178857753105035,0
-0.7318771944718652,0.15178857753105035,0
-0.7291023535430963,0.15274580706698337,0
-0.7310309823778294,0.15377723623989148,0
-0.7297960637752894,0.15250649968299967,0
-0.7304897740074789,0.15226719229901775,0
-0.7303716228928092,0.1497629174942645,0
-0.7299485656371285,0.1507571483581458,0
-0.7291023535430963,0.15274580706698337,0
-0.7284086433109067,0.15298511445096352,0
-0.7284086433109067,0.15298511445096352,0
-0.7297960637752894,0.15250649968299967,0
-0.727985472208772,0.15397957512609928,0
-0.728679198704743,0.15374023491193967,0
-0.728679198704743,0.15374023491193967,0
-0.7277149330787136,0.153224421834949,0
-0.728679198704743,0.15374023491193967,0
-0.7285612102278627,0.1512356318053989,0
-0.728443124168308,0.14873122567992958,0
-0.7301010024438526,0.14900792835400445,0
-0.728443124168308,0.14873122567992958,0
-0.7291367530816029,0.1484920824468361,0
-0.7314882927980051,0.14852957622746565,0
-0.728443124168308,0.14873122567992958,0
-0.728443124168308,0.14873122567992958,0
-0.7277494952550114,0.14897036891302307,0
-0.728443124168308,0.14873122567992958,0
-0.728443124168308,0.14873122567992958,0
-0.728443124168308,0.14873122567992958,0
-0.7298303819948995,0.1482529392137497,0
-0.7298303819948995,0.1482529392137497,0
-0.7307946476209306,0.1487687522907315,0
-0.7313699302542052,0.14602572821502946,0
-0.7324864212578301,0.14479274808019404,0
-0.733180001379786,0.14455370333764073,0
-0.7324864212578301,0.14479274808019404,0
-0.7327571230256797,0.14554757306956034,0
-0.7324864212578301,0.14479274808019404,0
-0.7333321129109276,0.14280513993706734,0
-0.7344484412767613,0.1415724881040159,0
-0.7344484412767613,0.1415724881040159,0
-0.7358355039380022,0.1410945955999754,0
-0.7351419726073818,0.1413335418519921,0
-0.7349899749226978,0.14308187544131634,0
-0.7347192080997296,0.1423271817726679,0
-0.7336028472063365,0.14355989926607293,0
-0.733180001379786,0.14455370333764073,0
-0.7319450177221292,0.14328309810146322,0
-0.7329092833481585,0.14379891117845212,0
-0.7329092833481585,0.14379891117845212,0
-0.7329092833481585,0.14379891117845212,0
-0.7329092833481585,0.14379891117845212,0
-0.7329092833481585,0.14379891117845212,0
-0.7338735815017454,0.14431465859508386,0
-0.733298526561379,0.1470572230482894,0
-0.7291367530816029,0.1484920824468361,0
-0.728443124168308,0.14873122567992958,0
-0.728443124168308,0.14873122567992958,0
-0.728443124168308,0.14873122567992958,0
-0.7291367530816029,0.1484920824468361,0
-0.7281725362469125,0.14797617087931414,0
-0.7281725362469125,0.14797617087931414,0
-0.7348043095695651,0.1490824562927635,0
-0.7348043095695651,0.1490824562927635,0
-0.7331462686562276,0.14880608192047085,0
-0.7306422433417623,0.1505179066345228,0
-0.7291367530816029,0.1484920824468361,0
-0.7288661488964294,0.14773706047640012,0
-0.7281725362469125,0.14797617087931414,0
-0.7281725362469125,0.14797617087931414,0
-0.728443124168308,0.14873122567992958,0
-0.728443124168308,0.14873122567992958,0
-0.728443124168308,0.14873122567992958,0
-0.7277494952550114,0.14897036891302307,0
-0.7278675325232307,0.1514748735290219,0
-0.729372925200714,0.15350089469777828,0
-0.7288317818854804,0.1519907194361938,0
-0.7297960637752894,0.15250649968299967,0
-0.7284086433109067,0.15298511445096352,0
-0.7277149330787136,0.153224421834949,0
-0.7277149330787136,0.153224421834949,0
-0.7277149330787136,0.153224421834949,0
-0.7259042927208572,0.15469759576858522,0
-0.727985472208772,0.15397957512609928,0
-0.7284086433109067,0.15298511445096352,0
-0.7291023535430963,0.15274580706698337,0
-0.728679198704743,0.15374023491193967,0
-0.7291023535430963,0.15274580706698337,0
-0.7291023535430963,0.15274580706698337,0
-0.7291023535430963,0.15274580706698337,0
-0.731183484239672,0.15202788491503583,0
-0.7318771944718652,0.15178857753105035,0
-0.7318771944718652,0.15178857753105035,0
-0.731183484239672,0.15202788491503583,0
-0.7318771944718652,0.15178857753105035,0
-0.7328415576805689,0.15230419362697134,0
-0.7318771944718652,0.15178857753105035,0
-0.731183484239672,0.15202788491503583,0
-0.7318771944718652,0.15178857753105035,0
-0.731183484239672,0.15202788491503583,0
-0.7304897740074789,0.15226719229901775,0
-0.7297960637752894,0.15250649968299967,0
-0.7297960637752894,0.15250649968299967,0
-0.7292548879324965,0.15099639008177235,0
-0.7292548879324965,0.15099639008177235,0
-0.7303372396180787,0.15401660928423055,0
-0.7292548879324965,0.15099639008177235,0
-0.7298303819948995,0.1482529392137497,0
-0.7295597615459464,0.14749795007348965,0
-0.7298303819948995,0.1482529392137497,0
-0.7294073572667799,0.14924710441727207,0
-0.7294073572667799,0.14924710441727207,0
-0.7303716228928092,0.1497629174942645,0
-0.7297960637752894,0.15250649968299967,0
-0.7291023535430963,0.15274580706698337,0
-0.7297960637752894,0.15250649968299967,0
-0.7297960637752894,0.15250649968299967,0
-0.7291023535430963,0.15274580706698337,0
-0.7297960637752894,0.15250649968299967,0
-0.7307603781926542,0.15302221426945195,0
-0.7297960637752894,0.15250649968299967,0
-0.7304897740074789,0.15226719229901775,0
-0.731183484239672,0.15202788491503583,0
-0.7314541046886252,0.1527828740552959,0
-0.7304897740074789,0.15226719229901775,0
-0.7297960637752894,0.15250649968299967,0
-0.7297960637752894,0.15250649968299967,0
-0.7304897740074789,0.15226719229901775,0
-0.7304897740074789,0.15226719229901775,0
-0.7297960637752894,0.15250649968299967,0
-0.7297960637752894,0.15250649968299967,0
-0.7291023535430963,0.15274580706698337,0
-0.7291023535430963,0.15274580706698337,0
-0.7284086433109067,0.15298511445096352,0
-0.727985472208772,0.15397957512609928,0
-0.7291023535430963,0.15274580706698337,0
-0.727985472208772,0.15397957512609928,0
-0.7270212228465223,0.1534637292189327,0
-0.727985472208772,0.15397957512609928,0
-0.727291745712801,0.15421891534026244,0
-0.7270212228465223,0.1534637292189327,0
-0.7277149330787136,0.153224421834949,0
-0.7277149330787136,0.153224421834949,0
-0.7277149330787136,0.153224421834949,0
-0.7292203094924172,0.15525047583387952,0
-0.7294908648862553,0.1560055962948521,0
-0.7292203094924172,0.15525047583387952,0
-0.7289497540985792,0.1544953553729087,0
-0.7277149330787136,0.153224421834949,0
-0.7291023535430963,0.15274580706698337,0
-0.7277494952550114,0.14897036891302307,0
-0.7291367530816029,0.1484920824468361,0
-0.728443124168308,0.14873122567992958,0
-0.7277494952550114,0.14897036891302307,0
-0.7277494952550114,0.14897036891302307,0
-0.728443124168308,0.14873122567992958,0
-0.7287137120897036,0.14948628048054502,0
-0.728290638570245,0.15048054417460577,0
-0.7273264217355546,0.14996463260708026,0
-0.7277494952550114,0.14897036891302307,0
-0.7274789235973955,0.14821528128222639,0
-0.7274789235973955,0.14821528128222639,0
-0.740538485788127,0.14116978014229886,0
-0.740538485788127,0.14116978014229886,0
-0.740538485788127,0.14116978014229886,0
-0.7415029628432865,0.1416851664269707,0
-0.740267588854925,0.14041534911507547,0
-0.740538485788127,0.14116978014229886,0
-0.740538485788127,0.14116978014229886,0
-0.740538485788127,0.14116978014229886,0
-0.7409611364493269,0.14017637003287575,0
-0.7388804936661302,0.14089330727947313,0
-0.7344484412767613,0.1415724881040159,0
-0.7355315085686307,0.14459126277862389,0
-0.7396930868830545,0.1431567973422183,0
-0.7363771026390538,0.1426038516165633,0
-0.7361063032885298,0.141849223608272,0
-0.739844921929949,0.14140879205467805,0
-0.7415029628432865,0.1416851664269707,0
-0.7421965429652442,0.14144612168441384,0
-0.7424674724260036,0.1422004870512783,0
-0.7423482316381254,0.13969841186847987,0
-0.7416546840437235,0.13993739095067603,0
-0.7428901230872018,0.14120707694186052,0
-0.7413837545829658,0.13918302558380802,0
-0.7413837545829658,0.13918302558380802,0
-0.7428901230872018,0.14120707694186052,0
-0.7413837545829658,0.13918302558380802,0
-0.7413837545829658,0.13918302558380802,0
-0.7420772859135862,0.13894407933178776,0
-0.740029107279172,0.13541119874946972,0
-0.7413837545829658,0.13918302558380802,0
-0.7426191773626627,0.14045274440516842,0
-0.7406575639382122,0.1436721836268866,0
-0.7423157024342242,0.14394836101810604,0
-0.7383058941115763,0.14363495248768743,0
-0.7399639512886989,0.14391129402979708,0
-0.7424674724260036,0.1422004870512783,0
-0.7413837545829658,0.13918302558380802,0
-0.7413837545829658,0.13918302558380802,0
-0.7431610688117392,0.14196140947854907,0
-0.7418929704541295,0.1449419352784247,0
-0.740267588854925,0.14041534911507547,0
-0.7421965429652442,0.14144612168441384,0
-0.7408093827213271,0.1419242111695258,0
-0.7406902232523471,0.13942197183582827,0
-0.7417738760402646,0.14243956462401464,0
-0.7388475578677447,0.14514407718356104,0
-0.738035062233493,0.14288039013974796,0
-0.7415029628432865,0.1416851664269707,0
-0.740538485788127,0.14116978014229886,0
-0.740538485788127,0.14116978014229886,0
-0.7419256135044847,0.14069175631754227,0
-0.7401158025993695,0.14216325591208268,0
-0.7363771026390538,0.1426038516165633,0
-0.739844921929949,0.14140879205467805,0
-0.7401158025993695,0.14216325591208268,0
-0.7401158025993695,0.14216325591208268,0
-0.7413511765877292,0.14343307322397436,0
-0.7373414821115354,0.14311943488230483,0
-0.7377642303554097,0.1421258277918067,0
-0.7406575639382122,0.1436721836268866,0
-0.7422828479547405,0.14819896677130373,0
-0.7422828479547405,0.14819896677130373,0
-0.7395411867810395,0.1449049339504711,0
-0.7358022753915971,0.14534595644727233,0
-0.7352272529787864,0.14808845524012781,0
-0.739118389745828,0.1458986395315005,0
-0.7356501638604556,0.14709451984784927,0
-0.7356501638604556,0.14709451984784927,0
-0.7377310993916808,0.1463769916580393,0
-0.7335692283292303,0.14781204803765569,0
-0.7352272529787864,0.14808845524012781,0
-0.7384247445687535,0.1461378155947699,0
-0.7349565186833793,0.14733369591111867,0
-0.7363438090375318,0.14685534378457987,0
-0.7398120349229025,0.1456594634682311,0
-0.7363438090375318,0.14685534378457987,0
-0.7366145758604983,0.14761003745323187,0
-0.7414702059464773,0.14593557519909517,0
-0.7406245793484931,0.1479230520215129,0
-0.7413182733169084,0.1476837774677051,0
-0.7431284420251654,0.14621155560924493,0
-0.7425537286241628,0.14895343062871014,0
-0.7431284420251654,0.14621155560924493,0
-0.7407765445056231,0.14617478409254225,0
-0.7407765445056231,0.14617478409254225,0
-0.7449385131507462,0.1447395307318562,0
-0.7474098140959597,0.14727804912957687,0
-0.7465968305483326,0.14501534699111573,0
-0.7468678250642071,0.14576958103726945,0
-0.750065219071498,0.143819138372983,0
-0.7501847200798419,0.14632068827292954,0
-0.7533503330170781,0.14861868457006722,0
-0.7526565414659903,0.1488581561049429,0
-0.7501847200798419,0.14632068827292954,0
-0.7526565414659903,0.1488581561049429,0
-0.7525049015844427,0.15060576743034026,0
-0.7497620368910844,0.14731416404271158,0
-0.7501524023050727,0.15057021063024578,0
-0.7478325298122748,0.14628450769943768,0
-0.7508462101199385,0.15033070626518885,0
-0.741199325277055,0.1451811113416941,0
-0.7443965891741104,0.14323093131883624,0
-0.741199325277055,0.1451811113416941,0
-0.741199325277055,0.1451811113416941,0
-0.7450902180874088,0.14299178808574275,0
-0.74605484151658,0.14350687889880476,0
-0.7477131589141646,0.14378269515806608,0
-0.7486778636622322,0.1442976218202361,0
-0.7516916740801296,0.1483435577445551,0
-0.7507268392218265,0.1478288937238137,0
-0.7486778636622322,0.1442976218202361,0
-0.7442448517098921,0.14497873962530505,0
-0.741199325277055,0.1451811113416941,0
-0.7441256271857934,0.14247663161232182,0
-0.740267588854925,0.14041534911507547,0
-0.740267588854925,0.14041534911507547,0
-0.7431610688117392,0.14196140947854907,0
-0.7395411867810395,0.1449049339504711,0
-0.7407765445056231,0.14617478409254225,0
-0.7432802608082785,0.14446358315188412,0
-0.7422828479547405,0.14819896677130373,0
-0.7425537286241628,0.14895343062871014,0
-0.7435511902690379,0.14521794851874859,0
-0.7409284446076327,0.14442664748429124,0
-0.741080279654529,0.14267864219675097,0
-0.7431610688117392,0.14196140947854907,0
-0.7406902232523471,0.13942197183582827,0
-0.7396065704644279,0.1364043790476437,0
-0.7419256135044847,0.14069175631754227,0
-0.7401158025993695,0.14216325591208268,0
-0.741199325277055,0.1451811113416941,0
-0.7427384018867613,0.14295485241814632,0
-0.7401158025993695,0.14216325591208268,0
-0.7417738760402646,0.14243956462401464,0
-0.7427384018867613,0.14295485241814632,0
-0.741199325277055,0.1451811113416941,0
-0.7429765581869336,0.1479596593873218,0
-0.7435511902690379,0.14521794851874859,0
-0.7429765581869336,0.1479596593873218,0
-0.7429765581869336,0.1479596593873218,0
-0.7435511902690379,0.14521794851874859,0
-0.74201196728532,0.14744450291390265,0
-0.7422828479547405,0.14819896677130373,0
-0.7428575288281838,0.14545715741219922,0
-0.7422828479547405,0.14819896677130373,0
-0.7428575288281838,0.14545715741219922,0
-0.7429765581869336,0.1479596593873218,0
-0.7417410866158995,0.14669003905650158,0
-0.7428575288281838,0.14545715741219922,0
-0.74201196728532,0.14744450291390265,0
-0.74201196728532,0.14744450291390265,0
-0.7424347643205316,0.14645079733287147,0
-0.7422828479547405,0.14819896677130373,0
-0.7429765581869336,0.1479596593873218,0
-0.74201196728532,0.14744450291390265,0
-0.7424347643205316,0.14645079733287147,0
-0.7424347643205316,0.14645079733287147,0
-0.7403866832687918,0.14291771976948553,0
-0.7420447892372444,0.14319396282106034,0
-0.7413837545829658,0.13918302558380802,0
-0.7397581778184126,0.13465683338259993,0
-0.7400611973610349,0.1311621360146571,0
-0.7399416312975742,0.12866071743542307,0
-0.7405152387615921,0.12592107486809212,0
-0.7405152387615921,0.12592107486809212,0
-0.738196000556183,0.12163409156033289,0
-0.7415108138080804,0.12218940105882936,0
-0.7408486406892596,0.11818076193406846,0
-0.7408793483498926,0.11393448976441789,0
-0.7435007929089608,0.11472841721315419,0
-0.7447362156886577,0.11599813603451281,0
-0.7457005138422463,0.11651388345114633,0
-0.7480511265232348,0.1165532485519396,0
-0.7475086495781049,0.11504576536498234,0
-0.7475086495781049,0.11504576536498234,0
-0.7435007929089608,0.11472841721315419,0
-0.7443142643699652,0.11699013444626516,0
-0.7454293241610177,0.11576004336713197,0
-0.7472374111055426,0.11429202377150816,0
-0.7472374111055426,0.11429202377150816,0
-0.7461224326333831,0.11552195069974758,0
-0.7468155411057449,0.11528385803236674,0
-0.7457005138422463,0.11651388345114633,0
-0.743349998743934,0.11647432136927627,0
-0.7441634214136013,0.11873613709292385,0
-0.7466648445233943,0.11702956520742092,0
-0.7458512266883783,0.11476814344591624,0
-0.747086763314531,0.11603763245602394,0
-0.7465140828859234,0.11877540370318407,0
-0.7466344296107863,0.12127524643385712,0
-0.74606140764282,0.1240137071147629,0
-0.7467237596632152,0.12802198510756568,0
-0.7493150983214818,0.13306097000934436,0
-0.7499772551765247,0.13706964196428828,0
-0.7524489789799951,0.13960730677736954,0
-0.7529912932873302,0.141115118266109,0
-0.7527201361336608,0.14036121252174105,0
-0.7503996618810351,0.13607672430754114,0
-0.7493150983214818,0.13306097000934436,0
-0.7464214231993189,0.13151530360801544,0
-0.7456081469036668,0.12925319241276334,0
-0.7471148406834835,0.13127658716724255,0
-0.7471148406834835,0.13127658716724255,0
-0.7439503499470153,0.12897632558779826,0
-0.7404835878017693,0.13016925118808942,0
-0.7356301207984224,0.13183934702849243,0
-0.7333983097832721,0.13430294352531824,0
-0.7315889054726394,0.1357736223653916,0
-0.7312849751583812,0.13927015822332933,0
-0.7324011571502034,0.13803780186188241,0
-0.7324011571502034,0.13803780186188241,0
-0.7314369728430652,0.1375218246340033,0
-0.7318596560318262,0.13652834886422482,0
-0.7314700062241251,0.13327085774884395,0
-0.7283070768104558,0.1309674444722706,0
-0.7254152069677833,0.1294181339211331,0
-0.7218304400818756,0.12810648924506474,0
-0.7178234453930301,0.1277874010937765,0
-0.7158961501881898,0.12675327984624474,0
-0.7120419501092101,0.12468424942688827,0
-0.7083063077393827,0.12511867305783397,0
-0.70472329734163,0.12380348272249364,0
-0.7004477314400077,0.12272526882847146,0
-0.6964427697235607,0.12240207690488525,0
-0.6925909116287858,0.12032831893984053,0
-0.6891623547463759,0.11725983765823678,0
-0.684348914549135,0.11466484963676749,0
-0.681038459990063,0.11410074165045359,0
-0.6770356450924702,0.1137732161433167,0
-0.6719176402935858,0.11467604435674517,0
-0.6663768059319342,0.1165726438115513,0
-0.6612591589361934,0.11747474976105465,0
-0.656834311401008,0.11813938681656033,0
-0.651871215503288,0.11728800483872526,0
-0.6480244967627371,0.11520387253730568,0
-0.6434859055970445,0.11335533780970763,0
-0.6389479649825169,0.11150548987497189,0
-0.6363330909902434,0.11069829903416029,0
-0.6326428262098762,0.10685683767453291,0
-0.6304518389260174,0.10505374163074066,0
-0.629645247043614,0.10277813723216234,0
-0.6256471811695477,0.10244102531292931,0
-0.6210713768315426,0.10485189482634105,0
-0.6162267898516376,0.10650406538933943,0
-0.6110004572607153,0.10488278937024909,0
-0.6057749053311987,0.10325993750259599,0
-0.6005501340630772,0.10163550978637836,0
-0.5964415935781151,0.09877862721818076,0
-0.5939853203648795,0.0962097737356089,0
-0.5904140524157011,0.09487088001146304,0
-0.5854598853327602,0.09400147426567962,0
-0.5798147078049727,0.09336592609426653,0
-0.5733226025768623,0.09472048115954124,0
-0.5675223535101175,0.09583947148116856,0
-0.5617223646638436,0.09695793651994933,0
-0.5575730817664866,0.09836758234147425,0
-0.5565677809800409,0.10211888859742402,0
-0.5555620898628923,0.1058709827776525,0
-0.5516792150956817,0.10804412075564507,0
-0.5471044353757684,0.11045292196782341,0
-0.5429541766516621,0.11186453760005755,0
-0.5393376774870369,0.11480123339487314,0
-0.5380629435075139,0.11779515390753836,0
-0.53801335359924,0.1220795419143208,0
-0.5379634384153835,0.12636458652466764,0
-0.5372211628930028,0.1308862136141915,0
-0.5362117311066417,0.1346458587354551,0
-0.5347196747280947,0.13259291682040697,0
-0.5351450577041987,0.1315939912410098,0
-0.5373797311444868,0.12912461663279196,0
-0.5370047350018368,0.1258375455266627,0
-0.5399307604263281,0.12313362391032712,0
-0.5406226653790327,0.12289796067614489,0
-0.5429652762806558,0.1229534782247228,0
-0.5433408741831354,0.12623933461424564,0
-0.5440328604547311,0.1260035072291732,0
-0.5451499044268466,0.12476941086827509,0
-0.5458418744346645,0.12453361631338211,0
-0.5474927918127168,0.12482437030381632,0
-0.5473347277383951,0.12658494954968624,0
-0.547443543443805,0.12910806887684778,0
-0.5484025721329377,0.12963445327128298,0
-0.5490946559872079,0.12939842890514086,0
-0.5490946559872079,0.12939842890514086,0
-0.5495197462152852,0.1284000942689545,0
-0.547552261566544,0.13163138518508077,0
-0.5453673406723265,0.1298160434847393,0
-0.5435579851530292,0.1312866238342778,0
-0.540948136668522,0.1304692884683405,0
-0.5381799313616682,0.13141312329148036,0
-0.536795828708236,0.13188504070305385,0
-0.5338688111932139,0.134590964960271,0
-0.534135430752487,0.13535403032441629,0
-0.5345608950474858,0.13435494059412534,0
-0.5345608950474858,0.13435494059412534,0
-0.5362117311066417,0.1346458587354551,0
-0.5358940741627478,0.13817010326396684,1
-0.5369606174549535,0.1412222333998372,1
-0.53776052492411,0.14351133100173996,1
-0.5398373619829773,0.1428020760168902,1
-0.5405296410026015,0.14256565768860874,1
-0.5398373619829773,0.1428020760168902,1
-0.5388270682163174,0.14656346113761032,1
-0.535098793338463,0.14698301269773673,1
-0.5338733890467502,0.14569307048647673,1
-0.5316371542836595,0.14816559679182895,1
-0.5280686186493924,0.14682118759770546,1
-0.5272693942589619,0.14453071112830784,1
-0.5264176850075568,0.14653046643744894,1
-0.5273763396297699,0.14705760592598693,1
-0.5255658456459251,0.14853048438801864,1
-0.5235419163062875,0.1449486540096938,1
-0.5235419163062875,0.1449486540096938,1
-0.5238082431175339,0.14571231031705167,1
-0.5238082431175339,0.14571231031705167,1
-0.5211989963928616,0.14489376023450617,1
-0.52173155243268,0.14642126983029335,1
-0.5191224032906785,0.14560252276667818,1
-0.5184302055899526,0.1458387769440712,1
-0.5177380078892249,0.14607503112146247,1
-0.5189626315195373,0.14736654918128345,1
-0.5189626315195373,0.14736654918128345,1
-0.5175781710629686,0.14783918885678382,1
-0.5189626315195373,0.14736654918128345,1
-0.5185365979922665,0.14836678796781833,1
-0.5194950574491219,0.14889432141849568,1
-0.5204535494335403,0.14942178920881766,1
-0.5207197786621123,0.15018564249724875,1
-0.5235954985720479,0.15176755341554227,1
-0.5268975610210589,0.15234860177391418,1
-0.5267378380412566,0.15411252969798284,1
-0.5276965902461388,0.15463947220544938,1
-0.5298805678411611,0.1564567180561376,1
-0.5320647406015411,0.1582735699446829,1
-0.5356342520625592,0.15961600932810782,1
-0.5403228242043223,0.15972028140850014,1
-0.5419746360902273,0.1600092297391189,1
-0.5419746360902273,0.1600092297391189,1
-0.5417080327947357,0.15924613154479594,1
-0.5425599697390453,0.15724591661315657,1
-0.5460228285772839,0.15606087025568982,1
-0.5483673098135196,0.15611261233374307,1
-0.5511376619392259,0.15516444392705075,1
-0.5540160653727284,0.1567409378659086,1
-0.5566278329831764,0.15755439927079706,1
-0.5563609044120987,0.15679195768004028,1
-0.5558270472699451,0.1552670744985285,1
-0.5559857781592168,0.15350514921534142,1
-0.5550262615567121,0.15297974972625816,1
-0.5544924044145567,0.15145486654474638,1
-0.5547593329856362,0.15221730813550138,1
-0.5551849436546465,0.1512179229336077,1
-0.554225475843479,0.15069242495399138,1
-0.5532660405598726,0.15016686131401258,1
-0.5525735338473421,0.15040373926479234,1
-0.5504960137097488,0.15111437311713516,1
-0.5495366760088132,0.15058861249609024,1
-0.5492698450204099,0.149825973924262,1
-0.5483105561108133,0.14930011481268401,1
-0.5473512997287759,0.14877419004074355,1
-0.545114999910572,0.15124684766681007,1
-0.5446892428675465,0.15224652834030827,1
-0.5428784398719007,0.1537200305757267,1
-0.5412267906237869,0.15343075394331862,1
-0.5401084130217733,0.15466754237884928,1
-0.5398418097262798,0.15390444418452276,1
-0.5391493192775272,0.15414128930512838,1
-0.5386161452140978,0.15261502725612175,1
-0.5387233995967105,0.15514129828041234,1
-0.5378714626524026,0.1571415132120464,1
-0.5350484305003693,0.16238030735941678,1
-0.5338229611535414,0.1610904964688764,1
-0.5332901123656963,0.15956357781630004,1
-0.532331148731684,0.15903706210115054,1
-0.5320647406015411,0.1582735699446829,1
-0.5338229611535414,0.1610904964688764,1
-0.5340361362888704,0.16614573059208304,1
-0.5320643742662021,0.1693856558451312,1
-0.5311572689373527,0.17568151953473965,1
-0.5337140633286168,0.18079023573546316,1
-0.5357929496236622,0.18007684414813596,1
-0.534993969189923,0.17778587522606237,1
-0.5347276423786731,0.17702221891870273,1
-0.5341949887561803,0.17549490630398878,1
-0.535314358448721,0.17425611522757478,1
-0.5369664468188766,0.17454450544516398,1
-0.537392903204406,0.17354341307399146,1
-0.5395779216812979,0.17535855779326326,1
-0.5381382115212929,0.18012701037762824,1
-0.5347791754082571,0.1838452549270322,1
-0.5341367705127364,0.19090805794184185,1
-0.5322180951108706,0.18985653669975378,1
-0.5308318456385859,0.19033278769487616,1
-0.5300829670218565,0.1948677438368307,1
-0.5282693991837473,0.196346827202575,1
-0.5286965549117824,0.1953443231337335,1
-0.5291236781122617,0.19434188472524738,1
-0.528857595257703,0.19357773596521355,1
-0.5295507687851799,0.19333951197712018,1
-0.5294455961663047,0.190809038689995,1
-0.5320025301777598,0.3236278345415169,1
-0.5325329393987257,0.32515967772085475,1
-0.5322677347882436,0.3243937561311867,1
-0.5320025301777598,0.3236278345415169,1
-0.5326981920634566,0.32338458753612187,1
-0.5324329711891931,0.32261869877663685,1
-0.5328633796730706,0.32160962867210685,1
-0.5339893687237431,0.3203574757130898,1
-0.533028502227566,0.3198348011288097,1
-0.5334588293925435,0.318825895175177,1
-0.532497995423924,0.31830315493054506,1
-0.5329282900613439,0.3172943146372731,1
-0.5323977507301443,0.31576273409936384,1
-0.5321324810645454,0.3149969438304101,1
-0.5332581773671912,0.313745381814595,1
-0.5329928751740329,0.3129796572059984,1
-0.5329928751740329,0.3129796572059984,1
-0.5313366720677468,0.31269957302355067,1
-0.5287198789495235,0.3118962561437879,1
-0.5284546580752618,0.31113036738429933,1
-0.5274940517995503,0.3106071675171709,1
-0.5265334780513982,0.3100839019896817,1
-0.5269636425785826,0.3090753243378348,1
-0.5260031013579916,0.30855199314999027,1
-0.5260031013579916,0.30855199314999027,1
-0.5257379130112874,0.30778603873014454,1
-0.5257379130112874,0.30778603873014454,1
-0.5261680287471364,0.3067775595688289,1
-0.5245122484991072,0.30649662180174175,1
-0.5242470764161808,0.30573063455171656,1
-0.5235518048611887,0.30597309363282577,1
-0.5239819043332563,0.30496464730169315,1
-0.5241467829310658,0.3031903122110684,1
-0.5238815945843598,0.30242435779122445,1
-0.5236164062376574,0.30165840337137695,1
-0.5247415658355905,0.3004079247514504,1
-0.5244763449613288,0.29964203599196004,1
-0.5239459032128035,0.2981102584729811,1
-0.5236806823385418,0.29734436971349254,1
-0.5231502405900184,0.2958125921945154,1
-0.5233148427035808,0.294038815216922,1
-0.5230496055655394,0.29327295928761465,1
-0.5225191312894584,0.2917412474289929,1
-0.5212936944701845,0.2904513708780918,1
-0.521458182737291,0.2886778237117493,1
-0.5211929455992497,0.2879119677824349,1
-0.5216226059492826,0.28690440786611937,1
-0.5220522337717544,0.285896913610161,1
-0.5224818290666704,0.28488948501455624,1
-0.5224818290666704,0.28488948501455624,1
-0.52221654313729,0.28412372757578197,1
-0.5215216944405547,0.28436533307225176,1
-0.5205615923420019,0.28384111546958835,1
-0.521256424774954,0.283599542803298,1
-0.5205615923420019,0.28384111546958835,1
-0.5205615923420019,0.28384111546958835,1
-0.5209911551093551,0.2828337525343443,1
-0.5202963389401791,0.2830752923704587,1
-0.51933628563296,0.2825509762772622,1
-0.51933628563296,0.2825509762772622,1
-0.5186414857275619,0.28279248328319895,1
-0.5183762648532984,0.2820265945237086,1
-0.5183762648532984,0.2820265945237086,1
-0.518805811356879,0.28101926441864045,1
-0.5195005787347178,0.2807778230730591,1
-0.5175806022305114,0.27972892824524287,1
-0.518275337080798,0.27948755256002045,1
-0.5170501604819879,0.2781971507262604,1
-0.5177448628047134,0.2779558407013969,1
-0.5181743117256143,0.2769487075774002,1
-0.5188689977845584,0.2767074303827144,1
-0.5192983979141221,0.275700395749249,1
-0.5197277655161283,0.2746934267761407,1
-0.5204224190475113,0.27445221524181207,1
-0.5234664166851086,0.27425292956219316,1
-0.5232010331730539,0.2734873691044868,1
-0.5238956867044386,0.27324615757015813,1
-0.5236302869286042,0.2724806299426348,1
-0.5233648871527716,0.2717151023151061,1
-0.5247541291604225,0.271232810567156,1
-0.5237940921169848,0.2707084616437818,1
-0.5237940921169848,0.2707084616437818,1
-0.5247541291604225,0.271232810567156,1
-0.5247541291604225,0.271232810567156,1
-0.5240595081565989,0.2714739564411328,1
-0.5250195614638162,0.27199827253432574,1
-0.5240595081565989,0.2714739564411328,1
-0.5252849937672064,0.2727637345014955,1
-0.5259796472985911,0.27252252296716506,1
-0.5252849937672064,0.2727637345014955,1
-0.5245903402358234,0.2730049460358277,1
-0.5238956867044386,0.27324615757015813,1
-0.5238956867044386,0.27324615757015813,1
-0.5238956867044386,0.27324615757015813,1
-0.5248557562754357,0.27377044083317514,1
-0.5248557562754357,0.27377044083317514,1
-0.5255504260705983,0.273529196468667,1
-0.5255504260705983,0.273529196468667,1
-0.5245903402358234,0.2730049460358277,1
-0.5252849937672064,0.2727637345014955,1
-0.5585390726797854,0.28777280176875486,1
-0.5592342303883271,0.287530572498893,1
-0.5595002644515503,0.2882948197494599,1
-0.5599293880968688,0.2872883432290312,1
-0.5596633377698677,0.2865241288086384,1
-0.5596633377698677,0.2865241288086384,1
-0.5589681963251056,0.2867663252483226,1
-0.5596633377698677,0.2865241288086384,1
-0.5589681963251056,0.2867663252483226,1
-0.5588050904792308,0.2885370818495012,1
-0.5588050904792308,0.2885370818495012,1
-0.5593972874428665,0.28575991438824744,1
-0.5587021622618824,0.2860020779977539,1
-0.5587021622618824,0.2860020779977539,1
-0.5587021622618824,0.2860020779977539,1
-0.5587021622618824,0.2860020779977539,1
-0.5593972874428665,0.28575991438824744,1
-0.5587021622618824,0.2860020779977539,1
-0.5592342303883271,0.287530572498893,1
-0.5596633377698677,0.2865241288086384,1
-0.5599293880968688,0.2872883432290312,1
-0.5587021622618824,0.2860020779977539,1
-0.5592342303883271,0.287530572498893,1
-0.5592342303883271,0.287530572498893,1
-0.5578439149712473,0.2880150310386096,1
-0.5588050904792308,0.2885370818495012,1
-0.5588050904792308,0.2885370818495012,1
-0.5588050904792308,0.2885370818495012,1
-0.558109916506913,0.28877934394953897,1
-0.5595002644515503,0.2882948197494599,1
-0.558109916506913,0.28877934394953897,1
-0.5595002644515503,0.2882948197494599,1
-0.5589681963251056,0.2867663252483226,1
-0.5600924126238489,0.285517750778741,1
-0.5589681963251056,0.2867663252483226,1
-0.5596633377698677,0.2865241288086384,1
-0.5589681963251056,0.2867663252483226,1
-0.5588050904792308,0.2885370818495012,1
-0.5588050904792308,0.2885370818495012,1
-0.5588050904792308,0.2885370818495012,1
-0.5592342303883271,0.287530572498893,1
-0.5585390726797854,0.28777280176875486,1
-0.5595002644515503,0.2882948197494599,1
-0.5595002644515503,0.2882948197494599,1
-0.5599293880968688,0.2872883432290312,1
-0.5592342303883271,0.287530572498893,1
-0.5589681963251056,0.2867663252483226,1
-0.5578439149712473,0.2880150310386096,1
-0.5582730548803454,0.2870085216880085,1
-0.5592342303883271,0.287530572498893,1
-0.5582730548803454,0.2870085216880085,1
-0.5592342303883271,0.287530572498893,1
-0.5585390726797854,0.28777280176875486,1
-0.5578439149712473,0.2880150310386096,1
-0.5585390726797854,0.28777280176875486,1
-0.5585390726797854,0.28777280176875486,1
-0.5592342303883271,0.287530572498893,1
-0.5585390726797854,0.28777280176875486,1
-0.5585390726797854,0.28777280176875486,1
-0.5585390726797854,0.28777280176875486,1
-0.5592342303883271,0.287530572498893,1
-0.5589681963251056,0.2867663252483226,1
-0.5592342303883271,0.287530572498893,1
-0.5592342303883271,0.287530572498893,1
-0.5592342303883271,0.287530572498893,1
-0.5595002644515503,0.2882948197494599,1
-0.5595002644515503,0.2882948197494599,1
-0.5599293880968688,0.2872883432290312,1
-0.5592342303883271,0.287530572498893,1
-0.5589681963251056,0.2867663252483226,1
-0.5601954384238717,0.28805255764942217,1
-0.5592342303883271,0.287530572498893,1
-0.5589681963251056,0.2867663252483226,1
-0.5589681963251056,0.2867663252483226,1
-0.5589681963251056,0.2867663252483226,1
-0.5589681963251056,0.2867663252483226,1
-0.5589681963251056,0.2867663252483226,1
-0.5595002644515503,0.2882948197494599,1
-0.5596633377698677,0.2865241288086384,1
-0.5589681963251056,0.2867663252483226,1
-0.5588050904792308,0.2885370818495012,1
-0.5589681963251056,0.2867663252483226,1
-0.5595002644515503,0.2882948197494599,1
-0.5589681963251056,0.2867663252483226,1
-0.5592342303883271,0.287530572498893,1
-0.5589681963251056,0.2867663252483226,1
-0.5595002644515503,0.2882948197494599,1
-0.5592342303883271,0.287530572498893,1
-0.5592342303883271,0.287530572498893,1
-0.5589681963251056,0.2867663252483226,1
-0.5589681963251056,0.2867663252483226,1
-0.5596633377698677,0.2865241288086384,1
-0.5585390726797854,0.28777280176875486,1
-0.5592342303883271,0.287530572498893,1
-0.5592342303883271,0.287530572498893,1
-0.5592342303883271,0.287530572498893,1
-0.5588050904792308,0.2885370818495012,1
-0.5589681963251056,0.2867663252483226,1
-0.5585390726797854,0.28777280176875486,1
-0.5589681963251056,0.2867663252483226,1
-0.5403557439603635,0.3567750447990985,1
-0.5403557439603635,0.3567750447990985,1
-0.5407869331056361,0.35576439884600575,1
-0.5409529176404302,0.35398783130325384,1
-0.5406877455575074,0.353221844053234,1
-0.5397263098290566,0.35270031852519423,1
-0.541649213813514,0.35374330392090236,1
-0.5412180897233547,0.3547538185532808,1
-0.5386979470037101,0.3564981779741263,1
-0.5404547688707027,0.35931792789366135,1
-0.5401896455791171,0.3585518421531031,1
-0.5400906044049965,0.3560089918887144,1
-0.5402566214673463,0.3542323586856,1
-0.5403557439603635,0.3567750447990985,1
-0.5400906044049965,0.3560089918887144,1
-0.5413172447439294,0.35729643900641506,1
-0.540521777286493,0.3549983787658082,1
-0.5398254648496295,0.35524293897833736,1
-0.5407869331056361,0.35576439884600575,1
-0.540521777286493,0.3549983787658082,1
-0.5409529176404302,0.35398783130325384,1
-0.5398254648496295,0.35524293897833736,1
-0.5412180897233547,0.3547538185532808,1
-0.5407869331056361,0.35576439884600575,1
-0.5398254648496295,0.35524293897833736,1
-0.5407869331056361,0.35576439884600575,1
-0.5398254648496295,0.35524293897833736,1
-0.5400906044049965,0.3560089918887144,1
-0.5393942757043533,0.35625358493142123,1
-0.5400906044049965,0.3560089918887144,1
-0.5406208835157305,0.35754109770947906,1
-0.5393942757043533,0.35625358493142123,1
-0.5401896455791171,0.3585518421531031,1
-0.5401896455791171,0.3585518421531031,1
-0.5399245222875297,0.35778575641254307,1
-0.5399245222875297,0.35778575641254307,1
-0.5401896455791171,0.3585518421531031,1
-0.5394932680871332,0.35879653368634656,1
-0.5401896455791171,0.3585518421531031,1
-0.5400234821427485,0.360328770827822,1
-0.5387294267935481,0.3633616935924362,1
-0.5394258856044232,0.36311683790830074,1
-0.538032967982673,0.3636065492765681,1
-0.5377679260099821,0.36284029938511786,1
-0.5387294267935481,0.3633616935924362,1
-0.5383655876034261,0.36005210098392304,1
-0.5389630540315178,0.3572642965448676,1
-0.5392951857388972,0.3537108331575709,1
-0.538499767072798,0.3514126744264292,1
-0.5374392088513353,0.34834846278490517,1
-0.5372732893716581,0.3501248990069463,1
-0.5370081660800725,0.34935881326638807,1
-0.539030046183532,0.35294478024719034,1
-0.5412180897233547,0.3547538185532808,1
-0.5397263098290566,0.35270031852519423,1
-0.540521777286493,0.3549983787658082,1
-0.5391291524127677,0.35548749919086653,1
-0.5396593989959424,0.3570196706719848,1
-0.5389630540315178,0.3572642965448676,1
-0.5393942757043533,0.35625358493142123,1
-0.5391291524127677,0.35548749919086653,1
-0.5401896455791171,0.3585518421531031,1
-0.5389630540315178,0.3572642965448676,1
-0.5385317998311265,0.3582750738186711,1
-0.5394932680871332,0.35879653368634656,1
-0.5387968905951546,0.35904122521958826,1
-0.5392281610593272,0.35803041511560885,1
-0.5375703641026774,0.35775354829063843,1
-0.5399245222875297,0.35778575641254307,1
-0.5389630540315178,0.3572642965448676,1
-0.5389630540315178,0.3572642965448676,1
-0.5393942757043533,0.35625358493142123,1
-0.5384328399759024,0.35573205940339214,1
-0.5388640291211804,0.35472141345030295,1
-0.5393942757043533,0.35625358493142123,1
-0.5386979470037101,0.3564981779741263,1
-0.5387968905951546,0.35904122521958826,1
-0.5386979470037101,0.3564981779741263,1
-0.5407869331056361,0.35576439884600575,1
-0.5386979470037101,0.3564981779741263,1
-0.5393942757043533,0.35625358493142123,1
-0.5386979470037101,0.3564981779741263,1
-0.5389630540315178,0.3572642965448676,1
-0.5382667090670985,0.3575089224177539,1
-0.5392281610593272,0.35803041511560885,1
-0.5382667090670985,0.3575089224177539,1
-0.5400906044049965,0.3560089918887144,1
-0.5380016183030669,0.3567427710168367,1
-0.5381677329480947,0.3549659408326509,1
-0.5389630540315178,0.3572642965448676,1
-0.5380016183030669,0.3567427710168367,1
-0.5382667090670985,0.3575089224177539,1
-0.5389630540315178,0.3572642965448676,1
-0.5382667090670985,0.3575089224177539,1
-0.5382667090670985,0.3575089224177539,1
-0.5392281610593272,0.35803041511560885,1
-0.5386979470037101,0.3564981779741263,1
-0.5382667090670985,0.3575089224177539,1
-0.5392281610593272,0.35803041511560885,1
-0.5394932680871332,0.35879653368634656,1
-0.5401896455791171,0.3585518421531031,1
-0.5394932680871332,0.35879653368634656,1
-0.5385317998311265,0.3582750738186711,1
-0.5387968905951546,0.35904122521958826,1
-0.5404547688707027,0.35931792789366135,1
-0.5397583751149426,0.3595626522570843,1
-0.5385317998311265,0.3582750738186711,1
-0.5389630540315178,0.3572642965448676,1
-0.5384328399759024,0.35573205940339214,1
-0.5384328399759024,0.35573205940339214,1
-0.5385317998311265,0.3582750738186711,1
-0.5389630540315178,0.3572642965448676,1
-0.5380016183030669,0.3567427710168367,1
-0.5389630540315178,0.3572642965448676,1
-0.5380016183030669,0.3567427710168367,1
-0.5386979470037101,0.3564981779741263,1
-0.5386979470037101,0.3564981779741263,1
-0.5377365275390407,0.3559766196159213,1
-0.5386979470037101,0.3564981779741263,1
-0.5384328399759024,0.35573205940339214,1
-0.5384328399759024,0.35573205940339214,1
-0.5381677329480947,0.3549659408326509,1
-0.538499767072798,0.3514126744264292,1
-0.539030046183532,0.35294478024719034,1
-0.5383337825380075,0.3531892419691829,1
-0.5383337825380075,0.3531892419691829,1
-0.5388640291211804,0.35472141345030295,1
-0.5381677329480947,0.3549659408326509,1
-0.5376375188924793,0.35343370369117544,1
-0.5385989058295948,0.3539553277097447,1
-0.5381677329480947,0.3549659408326509,1
-0.537902625920287,0.35419982226191316,1
-0.5385989058295948,0.3539553277097447,1
-0.537902625920287,0.35419982226191316,1
-0.5381677329480947,0.3549659408326509,1
-0.5381677329480947,0.3549659408326509,1
-0.537902625920287,0.35419982226191316,1
-0.5381677329480947,0.3549659408326509,1
-0.538764906628165,0.35217872733680977,1
-0.5383337825380075,0.3531892419691829,1
-0.5374714367750109,0.3552104682150041,1
-0.5377365275390407,0.3559766196159213,1
-0.5400906044049965,0.3560089918887144,1
-0.5377365275390407,0.3559766196159213,1
-0.5377365275390407,0.3559766196159213,1
-0.5377365275390407,0.3559766196159213,1
-0.5377365275390407,0.3559766196159213,1
-0.5377365275390407,0.3559766196159213,1
-0.5380016183030669,0.3567427710168367,1
-0.5367751406019288,0.3554549955973503,1
-0.5377365275390407,0.3559766196159213,1
-0.5374714367750109,0.3552104682150041,1
-0.5380016183030669,0.3567427710168367,1
-0.5370402151021771,0.3562211798284469,1
-0.5375703641026774,0.35775354829063843,1
-0.5400234821427485,0.360328770827822,1
-0.5373052896024273,0.3569873640595418,1
-0.5380016183030669,0.3567427710168367,1
-0.5373052896024273,0.3569873640595418,1
-0.5371390773747269,0.35876439122479553,1
-0.5368740191382564,0.35799817416352475,1
-0.5399245222875297,0.35778575641254307,1
-0.5373052896024273,0.3569873640595418,1
-0.5373052896024273,0.3569873640595418,1
-0.5371390773747269,0.35876439122479553,1
-0.5368740191382564,0.35799817416352475,1
-0.5368740191382564,0.35799817416352475,1
-0.5365414320450625,0.3615525567958109,1
-0.5371390773747269,0.35876439122479553,1
-0.5373052896024273,0.3569873640595418,1
-0.5374714367750109,0.3552104682150041,1
-0.5373052896024273,0.3569873640595418,1
-0.5370402151021771,0.3562211798284469,1
-0.5373052896024273,0.3569873640595418,1
-0.5375703641026774,0.35775354829063843,1
-0.5373052896024273,0.3569873640595418,1
-0.5381677329480947,0.3549659408326509,1
-0.5392951857388972,0.3537108331575709,1
-0.5399914656482014,0.3534663386053989,1
-0.5391291524127677,0.35548749919086653,1
-0.5382667090670985,0.3575089224177539,1
-0.5373052896024273,0.3569873640595418,1
-0.5380016183030669,0.3567427710168367,1
-0.5382667090670985,0.3575089224177539,1
-0.5375703641026774,0.35775354829063843,1
-0.5375703641026774,0.35775354829063843,1
-0.5373052896024273,0.3569873640595418,1
-0.5385317998311265,0.3582750738186711,1
-0.5368740191382564,0.35799817416352475,1
-0.5371390773747269,0.35876439122479553,1
-0.538100513103176,0.35928591675282817,1
-0.5374041356111974,0.35953060828607164,1
-0.5390619813591826,0.35980737662050366,1
-0.5371390773747269,0.35876439122479553,1
-0.5376691938476679,0.3602968253473424,1
-0.5376691938476679,0.3602968253473424,1
-0.5368064577539737,0.36231883951744237,1
-0.5368064577539737,0.36231883951744237,1
-0.5376691938476679,0.3602968253473424,1
-0.5376691938476679,0.3602968253473424,1
-0.5588050904792308,0.2885370818495012,1
-0.558109916506913,0.28877934394953897,1
-0.5590711082786726,0.2893013619302476,1
-0.5585390726797854,0.28777280176875486,1
-0.5589681963251056,0.2867663252483226,1
-0.5592342303883271,0.287530572498893,1
-0.5592342303883271,0.287530572498893,1
-0.55976629851477,0.28905906700003037,1
-0.5592342303883271,0.287530572498893,1
-0.55976629851477,0.28905906700003037,1
-0.55976629851477,0.28905906700003037,1
-0.55976629851477,0.28905906700003037,1
-0.55976629851477,0.28905906700003037,1
-0.5601954384238717,0.28805255764942217,1
-0.5595002644515503,0.2882948197494599,1
-0.5595002644515503,0.2882948197494599,1
-0.5592342303883271,0.287530572498893,1
-0.5592342303883271,0.287530572498893,1
-0.5592342303883271,0.287530572498893,1
-0.5590711082786726,0.2893013619302476,1
-0.558641919578239,0.2903079697713906,1
-0.558641919578239,0.2903079697713906,1
-0.5576807278064777,0.28978595179068023,1
-0.5590711082786726,0.2893013619302476,1
-0.5583759180425751,0.289543656860463,1
-0.5576807278064777,0.28978595179068023,1
-0.5583759180425751,0.289543656860463,1
-0.55976629851477,0.28905906700003037,1
-0.55976629851477,0.28905906700003037,1
-0.5595002644515503,0.2882948197494599,1
-0.5592342303883271,0.287530572498893,1
-0.5588050904792308,0.2885370818495012,1
-0.5592342303883271,0.287530572498893,1
-0.5592342303883271,0.287530572498893,1
-0.5601954384238717,0.28805255764942217,1
-0.5595002644515503,0.2882948197494599,1
-0.55976629851477,0.28905906700003037,1
-0.5588050904792308,0.2885370818495012,1
-0.55976629851477,0.28905906700003037,1
-0.5592342303883271,0.287530572498893,1
-0.5592342303883271,0.287530572498893,1
-0.5585390726797854,0.28777280176875486,1
-0.5585390726797854,0.28777280176875486,1
-0.5592342303883271,0.287530572498893,1
-0.5592342303883271,0.287530572498893,1
-0.5592342303883271,0.287530572498893,1
-0.5585390726797854,0.28777280176875486,1
-0.5585390726797854,0.28777280176875486,1
-0.5582730548803454,0.2870085216880085,1
-0.5592342303883271,0.287530572498893,1
-0.5582730548803454,0.2870085216880085,1
-0.558109916506913,0.28877934394953897,1
-0.558109916506913,0.28877934394953897,1
-0.5588050904792308,0.2885370818495012,1
-0.5595002644515503,0.2882948197494599,1
-0.5588050904792308,0.2885370818495012,1
-0.5588050904792308,0.2885370818495012,1
-0.5589681963251056,0.2867663252483226,1
-0.5603584792146297,0.2862819323689578,1
-0.5600924126238489,0.285517750778741,1
-0.5582730548803454,0.2870085216880085,1
-0.5585390726797854,0.28777280176875486,1
-0.5589681963251056,0.2867663252483226,1
-0.5588050904792308,0.2885370818495012,1
-0.5585390726797854,0.28777280176875486,1
-0.5588050904792308,0.2885370818495012,1
-0.5585390726797854,0.28777280176875486,1
-0.5585390726797854,0.28777280176875486,1
-0.5585390726797854,0.28777280176875486,1
-0.558109916506913,0.28877934394953897,1
-0.5576807278064777,0.28978595179068023,1
-0.558109916506913,0.28877934394953897,1
-0.5574147425345934,0.2890216060495767,1
-0.558109916506913,0.28877934394953897,1
-0.558109916506913,0.28877934394953897,1
-0.5588050904792308,0.2885370818495012,1
-0.5582730548803454,0.2870085216880085,1
-0.5587021622618824,0.2860020779977539,1
-0.5582730548803454,0.2870085216880085,1
-0.5582730548803454,0.2870085216880085,1
-0.558109916506913,0.28877934394953897,1
-0.5588050904792308,0.2885370818495012,1
-0.558109916506913,0.28877934394953897,1
-0.5588050904792308,0.2885370818495012,1
-0.558109916506913,0.28877934394953897,1
-0.558109916506913,0.28877934394953897,1
-0.558109916506913,0.28877934394953897,1
-0.558109916506913,0.28877934394953897,1
-0.5578439149712473,0.2880150310386096,1
-0.558109916506913,0.28877934394953897,1
-0.5574147425345934,0.2890216060495767,1
-0.558109916506913,0.28877934394953897,1
-0.5574147425345934,0.2890216060495767,1
-0.558109916506913,0.28877934394953897,1
-0.558109916506913,0.28877934394953897,1
-0.558109916506913,0.28877934394953897,1
-0.5588050904792308,0.2885370818495012,1
-0.5588050904792308,0.2885370818495012,1
-0.558109916506913,0.28877934394953897,1
-0.5588050904792308,0.2885370818495012,1
-0.5583759180425751,0.289543656860463,1
-0.558109916506913,0.28877934394953897,1
-0.558109916506913,0.28877934394953897,1
-0.558109916506913,0.28877934394953897,1
-0.558109916506913,0.28877934394953897,1
-0.5588050904792308,0.2885370818495012,1
-0.5592342303883271,0.287530572498893,1
-0.5592342303883271,0.287530572498893,1
-0.5592342303883271,0.287530572498893,1
-0.5592342303883271,0.287530572498893,1
-0.5592342303883271,0.287530572498893,1
-0.5585390726797854,0.28777280176875486,1
-0.5592342303883271,0.287530572498893,1
-0.5595002644515503,0.2882948197494599,1
-0.5590711082786726,0.2893013619302476,1
-0.558109916506913,0.28877934394953897,1
-0.558109916506913,0.28877934394953897,1
-0.5592342303883271,0.287530572498893,1
-0.5588050904792308,0.2885370818495012,1
-0.5583759180425751,0.289543656860463,1
-0.558109916506913,0.28877934394953897,1
-0.558109916506913,0.28877934394953897,1
-0.5576807278064777,0.28978595179068023,1
-0.5588050904792308,0.2885370818495012,1
-0.558109916506913,0.28877934394953897,1
-0.5578439149712473,0.2880150310386096,1
-0.558109916506913,0.28877934394953897,1
-0.5574147425345934,0.2890216060495767,1
-0.5592342303883271,0.287530572498893,1
-0.5592342303883271,0.287530572498893,1
-0.5595002644515503,0.2882948197494599,1
-0.5588050904792308,0.2885370818495012,1
-0.5595002644515503,0.2882948197494599,1
-0.5592342303883271,0.287530572498893,1
-0.558109916506913,0.28877934394953897,1
-0.5585390726797854,0.28777280176875486,1
-0.5585390726797854,0.28777280176875486,1
-0.5592342303883271,0.287530572498893,1
-0.5592342303883271,0.287530572498893,1
-0.5589681963251056,0.2867663252483226,1
-0.5589681963251056,0.2867663252483226,1
-0.5592342303883271,0.287530572498893,1
-0.5588050904792308,0.2885370818495012,1
-0.5580070370809018,0.2862442416072568,1
-0.5589681963251056,0.2867663252483226,1
-0.5592342303883271,0.287530572498893,1
-0.5582730548803454,0.2870085216880085,1
-0.5588050904792308,0.2885370818495012,1
-0.5592342303883271,0.287530572498893,1
-0.5595002644515503,0.2882948197494599,1
-0.5585390726797854,0.28777280176875486,1
-0.5585390726797854,0.28777280176875486,1
-0.5595002644515503,0.2882948197494599,1
-0.5592342303883271,0.287530572498893,1
-0.5592342303883271,0.287530572498893,1
-0.5585390726797854,0.28777280176875486,1
-0.5592342303883271,0.287530572498893,1
-0.5585390726797854,0.28777280176875486,1
-0.5585390726797854,0.28777280176875486,1
-0.5592342303883271,0.287530572498893,1
-0.5585390726797854,0.28777280176875486,1
-0.5582730548803454,0.2870085216880085,1
-0.5585390726797854,0.28777280176875486,1
-0.5588050904792308,0.2885370818495012,1
-0.5592342303883271,0.287530572498893,1
-0.5588050904792308,0.2885370818495012,1
-0.5588050904792308,0.2885370818495012,1
-0.558109916506913,0.28877934394953897,1
-0.5583759180425751,0.289543656860463,1
-0.5585390726797854,0.28777280176875486,1
-0.5585390726797854,0.28777280176875486,1
-0.5585390726797854,0.28777280176875486,1
-0.5585390726797854,0.28777280176875486,1
-0.5578439149712473,0.2880150310386096,1
-0.5583759180425751,0.289543656860463,1
-0.5585390726797854,0.28777280176875486,1
-0.5582730548803454,0.2870085216880085,1
-0.5588050904792308,0.2885370818495012,1
-0.558109916506913,0.28877934394953897,1
-0.558109916506913,0.28877934394953897,1
-0.558109916506913,0.28877934394953897,1
-0.5574147425345934,0.2890216060495767,1
-0.5588050904792308,0.2885370818495012,1
-0.5582730548803454,0.2870085216880085,1
-0.5589681963251056,0.2867663252483226,1
-0.5592342303883271,0.287530572498893,1
-0.5583759180425751,0.289543656860463,1
-0.5574147425345934,0.2890216060495767,1
-0.558109916506913,0.28877934394953897,1
-0.5588050904792308,0.2885370818495012,1
-0.5592342303883271,0.287530572498893,1
-0.5585390726797854,0.28777280176875486,1
-0.5588050904792308,0.2885370818495012,1
-0.5576807278064777,0.28978595179068023,1
-0.5574147425345934,0.2890216060495767,1
-0.5578439149712473,0.2880150310386096,1
-0.5578439149712473,0.2880150310386096,1
-0.558109916506913,0.28877934394953897,1
-0.5576807278064777,0.28978595179068023,1
-0.558109916506913,0.28877934394953897,1
-0.6399917397702577,0.2952681432873199,1
-0.6402594002113986,0.2960291075200505,1
-0.6402594002113986,0.2960291075200505,1
-0.6399917397702577,0.2952681432873199,1
-0.639563543160353,0.29627274848757956,1
-0.639563543160353,0.29627274848757956,1
-0.639563543160353,0.29627274848757956,1
-0.6379042174084582,0.29599896769938283,1
-0.6379042174084582,0.29599896769938283,1
-0.6386000581957223,0.2957553595620297,1
-0.6386000581957223,0.2957553595620297,1
-0.6388676861093057,0.2965163894551175,1
-0.6402594002113986,0.2960291075200505,1
-0.6392958989829918,0.29551175142467123,1
-0.6392958989829918,0.29551175142467123,1
-0.6398311873377143,0.2970337455504861,1
-0.6386000581957223,0.2957553595620297,1
-0.6379042174084582,0.29599896769938283,1
-0.6392958989829918,0.29551175142467123,1
-0.6392958989829918,0.29551175142467123,1
-0.637101382459047,0.2937157795295935,1
-0.637101382459047,0.2937157795295935,1
-0.6376366057586544,0.2952379049761209,1
-0.6392958989829918,0.29551175142467123,1
-0.6388676861093057,0.2965163894551175,1
-0.6405270606525395,0.2967900717527794,1
-0.641222933967363,0.2965463979550673,1
-0.6417582873772041,0.29806826076016435,1
-0.641330041975964,0.29907296445096065,1
-0.641330041975964,0.29907296445096065,1
-0.641330041975964,0.29907296445096065,1
-0.6415977024171049,0.2998339286836895,1
-0.6411694082245241,0.3008387308650171,1
-0.6418653628582458,0.3005948929164184,1
-0.6409017640471646,0.30007773380211233,1
-0.641330041975964,0.29907296445096065,1
-0.6417582873772041,0.29806826076016435,1
-0.6415977024171049,0.2998339286836895,1
-0.6409017640471646,0.30007773380211233,1
-0.6415977024171049,0.2998339286836895,1
-0.6414906106722835,0.29730732935761495,1
-0.6414906106722835,0.29730732935761495,1
-0.6417582873772041,0.29806826076016435,1
-0.6417582873772041,0.29806826076016435,1
-0.6407947210936804,0.2975510359855047,1
-0.6415977024171049,0.2998339286836895,1
-0.6415977024171049,0.2998339286836895,1
-0.641330041975964,0.29907296445096065,1
-0.6409017640471646,0.30007773380211233,1
-0.6411694082245241,0.3008387308650171,1
-0.6415977024171049,0.2998339286836895,1
-0.641330041975964,0.29907296445096065,1
-0.641330041975964,0.29907296445096065,1
-0.641330041975964,0.29907296445096065,1
-0.6417582873772041,0.29806826076016435,1
-0.6414906106722835,0.29730732935761495,1
-0.6398311873377143,0.2970337455504861,1
-0.6414906106722835,0.29730732935761495,1
-0.6414906106722835,0.29730732935761495,1
-0.6417582873772041,0.29806826076016435,1
-0.6405270606525395,0.2967900717527794,1
-0.6402594002113986,0.2960291075200505,1
-0.6400988315150773,0.29779474261339445,1
-0.6417582873772041,0.29806826076016435,1
-0.6399917397702577,0.2952681432873199,1
-0.6390282548056305,0.29475075436176645,1
-0.6397240793291168,0.29450717905459456,1
-0.6402594002113986,0.2960291075200505,1
-0.639563543160353,0.29627274848757956,1
-0.6402594002113986,0.2960291075200505,1
-0.6392958989829918,0.29551175142467123,1
-0.639563543160353,0.29627274848757956,1
-0.6398311873377143,0.2970337455504861,1
-0.6386000581957223,0.2957553595620297,1
-0.6386000581957223,0.2957553595620297,1
-0.639563543160353,0.29627274848757956,1
-0.6402594002113986,0.2960291075200505,1
-0.639563543160353,0.29627274848757956,1
-0.639563543160353,0.29627274848757956,1
-0.6376366057586544,0.2952379049761209,1
-0.6373689941088507,0.294476842252859,1
-0.6368337708092433,0.29295471680633156,1
-0.6380648023685573,0.294233299775863,1
-0.6408480354073909,0.29325912986787195,1
-0.6402594002113986,0.2960291075200505,1
-0.639563543160353,0.29627274848757956,1
-0.6402594002113986,0.2960291075200505,1
-0.6394029419364706,0.298038449241286,1
-0.6420259640821264,0.29882919216271375,1
-0.6394029419364706,0.298038449241286,1
-0.6420259640821264,0.29882919216271375,1
-0.6417582873772041,0.29806826076016435,1
-0.6417582873772041,0.29806826076016435,1
-0.6417582873772041,0.29806826076016435,1
-0.6407947210936804,0.2975510359855047,1
-0.639563543160353,0.29627274848757956,1
-0.6392958989829918,0.29551175142467123,1
-0.6400988315150773,0.29779474261339445,1
-0.641330041975964,0.29907296445096065,1
-0.6409017640471646,0.30007773380211233,1
-0.6256819145459076,0.33022363601516247,1
-0.6259490220185562,0.33098571647395403,1
-0.6259490220185562,0.33098571647395403,1
-0.6259490220185562,0.33098571647395403,1
-0.6273418745851913,0.3304961364263992,1
-0.6299655310182342,0.33128559897086873,1
-0.6292690722073555,0.33153045465500597,1
-0.6273418745851913,0.3304961364263992,1
-0.6283054571324946,0.3310133283708794,1
-0.6273418745851913,0.3304961364263992,1
-0.6263783245654473,0.3299788788215636,1
-0.6280383008685071,0.3302513464026191,1
-0.6293740821884377,0.3340612562439116,1
-0.6293740821884377,0.3340612562439116,1
-0.6286775745862254,0.33430621041858366,1
-0.6293740821884377,0.3340612562439116,1
-0.6293740821884377,0.3340612562439116,1
-0.6293740821884377,0.3340612562439116,1
-0.6284104345860193,0.3335441956201457,1
-0.6284104345860193,0.3335441956201457,1
-0.6289447145864333,0.3350682252170234,1
-0.6293740821884377,0.3340612562439116,1
-0.6291069259244519,0.33329927427565664,1
-0.6284104345860193,0.3335441956201457,1
-0.6290018996795901,0.33076850551692516,1
-0.6293740821884377,0.3340612562439116,1
-0.6306049348461826,0.33534020034540646,1
-0.631301474975956,0.3350951805103808,1
-0.6329617765546018,0.33536699148787363,1
-0.6332289978737045,0.3361288421354196,1
-0.6332289978737045,0.3361288421354196,1
-0.6332289978737045,0.3361288421354196,1
-0.6319980151057258,0.33485016067535156,1
-0.6310342861844109,0.33433326420247766,1
-0.6303377623184172,0.3345782512073274,1
-0.6303377623184172,0.3345782512073274,1
-0.6291069259244519,0.33329927427565664,1
-0.6303377623184172,0.3345782512073274,1
-0.6303377623184172,0.3345782512073274,1
-0.6310342861844109,0.33433326420247766,1
-0.6303377623184172,0.3345782512073274,1
-0.6303377623184172,0.3345782512073274,1
-0.631301474975956,0.3350951805103808,1
-0.6332289978737045,0.3361288421354196,1
-0.6334962191928071,0.336890692782962,1
-0.6336012454376689,0.3394214615416935,1
-0.6331717965167662,0.3404285946656902,1
-0.6339733628914015,0.342714343589396,1
-0.6339733628914015,0.342714343589396,1
-0.6335438326516005,0.34372164086428825,1
-0.6339733628914015,0.342714343589396,1
-0.6335438326516005,0.34372164086428825,1
-0.6339733628914015,0.342714343589396,1
-0.6344028606036414,0.3417071119748645,1
-0.6364929201149927,0.3409711660549686,1
-0.6362256662683308,0.34020938106777976,1
-0.6364929201149927,0.3409711660549686,1
-0.6371896066187777,0.3407258507483366,1
-0.6378862931225608,0.34048053544170287,1
-0.6378862931225608,0.34048053544170287,1
-0.6371896066187777,0.3407258507483366,1
-0.6357962336112095,0.34121648136159877,1
-0.63606347119409,0.3419782991789653,1
-0.635366768426529,0.3422236473157767,1
-0.6335438326516005,0.34372164086428825,1
-0.6339733628914015,0.342714343589396,1
-0.6332766601238351,0.3429596917262092,1
-0.6335438326516005,0.34372164086428825,1
-0.6335438326516005,0.34372164086428825,1
-0.6339733628914015,0.342714343589396,1
-0.6339733628914015,0.342714343589396,1
-0.6339733628914015,0.342714343589396,1
-0.6339733628914015,0.342714343589396,1
-0.6332766601238351,0.3429596917262092,1
-0.633811005179366,0.34448359000237083,1
-0.6335438326516005,0.34372164086428825,1
-0.6346700656589643,0.34246899545258636,1
-0.6342405516829466,0.3434762598972956,1
-0.6335438326516005,0.34372164086428825,1
-0.6339733628914015,0.342714343589396,1
-0.6339733628914015,0.342714343589396,1
-0.6335438326516005,0.34372164086428825,1
-0.6332766601238351,0.3429596917262092,1
-0.6339733628914015,0.342714343589396,1
-0.6335438326516005,0.34372164086428825,1
-0.6335438326516005,0.34372164086428825,1
-0.633811005179366,0.34448359000237083,1
-0.633811005179366,0.34448359000237083,1
-0.633811005179366,0.34448359000237083,1
-0.633811005179366,0.34448359000237083,1
-0.6331142698842456,0.3447290037995341,1
-0.6335438326516005,0.34372164086428825,1
-0.6335438326516005,0.34372164086428825,1
-0.6335438326516005,0.34372164086428825,1
-0.6339733628914015,0.342714343589396,1
-0.6337061740998564,0.34195242728149466,1
-0.633811005179366,0.34448359000237083,1
-0.633811005179366,0.34448359000237083,1
-0.6331142698842456,0.3447290037995341,1
-0.6335438326516005,0.34372164086428825,1
-0.6638213683068095,0.3074213833318815,1
-0.6638213683068095,0.3074213833318815,1
-0.6645175994247765,0.3071769872702479,1
-0.6638213683068095,0.3074213833318815,1
-0.6645175994247765,0.3071769872702479,1
-0.6645175994247765,0.3071769872702479,1
-0.6638213683068095,0.3074213833318815,1
-0.6635533012711896,0.3066612398536126,1
-0.6639814328259774,0.305656765974069,1
-0.6638213683068095,0.3074213833318815,1
-0.6638213683068095,0.3074213833318815,1
-0.6638213683068095,0.3074213833318815,1
-0.664249516125377,0.30641687662215666,1
-0.6639814328259774,0.305656765974069,1
-0.6639814328259774,0.305656765974069,1
-0.6645175994247765,0.3071769872702479,1
-0.6645175994247765,0.3071769872702479,1
-0.6638213683068095,0.3074213833318815,1
-0.6645175994247765,0.3071769872702479,1
-0.6645175994247765,0.3071769872702479,1
-0.6640894353424329,0.30818152681014865,1
-0.6643575023780546,0.3089416702884158,1
-0.6641973402762122,0.31070648462730155,1
-0.6643575023780546,0.3089416702884158,1
-0.6646255694136745,0.3097018137666847,1
-0.6643575023780546,0.3089416702884158,1
-0.6645175994247765,0.3071769872702479,1
-0.664249516125377,0.30641687662215666,1
-0.6639814328259774,0.305656765974069,1
-0.6638213683068095,0.3074213833318815,1
-0.6638213683068095,0.3074213833318815,1
-0.6631251371888442,0.30766577939352047,1
-0.664249516125377,0.30641687662215666,1
-0.664249516125377,0.30641687662215666,1
-0.664249516125377,0.30641687662215666,1
-0.664249516125377,0.30641687662215666,1
-0.664249516125377,0.30641687662215666,1
-0.6639814328259774,0.305656765974069,1
-0.664249516125377,0.30641687662215666,1
-0.6638213683068095,0.3074213833318815,1
-0.6643575023780546,0.3089416702884158,1
-0.6638213683068095,0.3074213833318815,1
-0.6638213683068095,0.3074213833318815,1
-0.6640894353424329,0.30818152681014865,1
-0.663393187960688,0.3084259557019635,1
-0.6638213683068095,0.3074213833318815,1
-0.664249516125377,0.30641687662215666,1
-0.6645175994247765,0.3071769872702479,1
-0.6645175994247765,0.3071769872702479,1
-0.6640894353424329,0.30818152681014865,1
-0.6645175994247765,0.3071769872702479,1
-0.6645175994247765,0.3071769872702479,1
-0.6647856827241778,0.30793709791833557,1
-0.6650537660235774,0.308697208566425,1
-0.6647856827241778,0.30793709791833557,1
-0.6640894353424329,0.30818152681014865,1
-0.6645175994247765,0.3071769872702479,1
-0.6645175994247765,0.3071769872702479,1
-0.6645175994247765,0.3071769872702479,1
-0.6645175994247765,0.3071769872702479,1
-0.6645175994247765,0.3071769872702479,1
-0.6639814328259774,0.305656765974069,1
-0.6639814328259774,0.305656765974069,1
-0.6639814328259774,0.305656765974069,1
-0.6635533012711896,0.3066612398536126,1
-0.6645175994247765,0.3071769872702479,1
-0.664249516125377,0.30641687662215666,1
-0.664249516125377,0.30641687662215666,1
-0.6639814328259774,0.305656765974069,1
-0.6637133495265779,0.30489665532597954,1
-0.6632852342355697,0.3059010963753437,1
-0.6641414322900285,0.3038922799369672,1
-0.6637133495265779,0.30489665532597954,1
-0.6632852342355697,0.3059010963753437,1
-0.6640894353424329,0.30818152681014865,1
-0.6638213683068095,0.3074213833318815,1
-0.6638213683068095,0.3074213833318815,1
-0.6632852342355697,0.3059010963753437,1
-0.662589035645162,0.30614542677662726,1
-0.6628570864170023,0.3069056030850721,1
-0.6628570864170023,0.3069056030850721,1
-0.6621608715628167,0.3071499663165298,1
-0.6638213683068095,0.3074213833318815,1
-0.6638213683068095,0.3074213833318815,1
-0.6635533012711896,0.3066612398536126,1
-0.6632852342355697,0.3059010963753437,1
-0.6632852342355697,0.3059010963753437,1
-0.6635533012711896,0.3066612398536126,1
-0.6635533012711896,0.3066612398536126,1
-0.6618928370547543,0.3063897571779055,1
-0.6632852342355697,0.3059010963753437,1
-0.6632852342355697,0.3059010963753437,1
-0.6635533012711896,0.3066612398536126,1
-0.6638213683068095,0.3074213833318815,1
-0.6640894353424329,0.30818152681014865,1
-0.6638213683068095,0.3074213833318815,1
-0.6635533012711896,0.3066612398536126,1
-0.6632852342355697,0.3059010963753437,1
-0.6632852342355697,0.3059010963753437,1
-0.6638213683068095,0.3074213833318815,1
-0.6392422756574767,0.29980428131570136,1
-0.6385463535513143,0.3000480536039465,1
-0.639670569850054,0.2987994791343702,1
-0.6392422756574767,0.29980428131570136,1
-0.6392422756574767,0.29980428131570136,1
-0.6392422756574767,0.29980428131570136,1
-0.639670569850054,0.2987994791343702,1
-0.6392422756574767,0.29980428131570136,1
-0.6392422756574767,0.29980428131570136,1
-0.6392422756574767,0.29980428131570136,1
-0.6389746640076712,0.2990432185924359,1
-0.6392422756574767,0.29980428131570136,1
-0.6389746640076712,0.2990432185924359,1
-0.6385463535513143,0.3000480536039465,1
-0.6389746640076712,0.2990432185924359,1
-0.6389746640076712,0.2990432185924359,1
-0.6398311873377143,0.2970337455504861,1
-0.6392958989829918,0.29551175142467123,1
-0.6383324302821407,0.294994329668949,1
-0.6383324302821407,0.294994329668949,1
-0.6390282548056305,0.29475075436176645,1
-0.6383324302821407,0.294994329668949,1
-0.6376366057586544,0.2952379049761209,1
-0.6392958989829918,0.29551175142467123,1
-0.6390282548056305,0.29475075436176645,1
-0.6390282548056305,0.29475075436176645,1
-0.6413834213447895,0.2947809270126083,1
-0.6397240793291168,0.29450717905459456,1
-0.6397240793291168,0.29450717905459456,1
-0.6397240793291168,0.29450717905459456,1
-0.6397240793291168,0.29450717905459456,1
-0.6402594002113986,0.2960291075200505,1
-0.6407947210936804,0.2975510359855047,1
-0.639563543160353,0.29627274848757956,1
-0.6390282548056305,0.29475075436176645,1
-0.6406875805575236,0.2950245351499632,1
-0.6399917397702577,0.2952681432873199,1
-0.6392958989829918,0.29551175142467123,1
-0.6402594002113986,0.2960291075200505,1
-0.6399917397702577,0.2952681432873199,1
-0.639563543160353,0.29627274848757956,1
-0.6386000581957223,0.2957553595620297,1
-0.639563543160353,0.29627274848757956,1
-0.6392958989829918,0.29551175142467123,1
-0.6392958989829918,0.29551175142467123,0
-0.6414906106722835,0.29730732935761495,0
-0.6442209359918838,0.30062424481280026,0
-0.6447563544568418,0.302145976297183,0
-0.6454523578818989,0.30190203985804587,0
-0.6482363715821329,0.3009262941014903,0
-0.6503243818573061,0.30019448478407185,0
-0.6519842605776951,0.3004671493462041,0
-0.6518239521018359,0.30223225915669794,0
-0.6523596633148188,0.30375339969787163,0
-0.6520918077083291,0.30299282942728567,0
-0.6546081609674204,0.30125611943799946,0
-0.6546081609674204,0.30125611943799946,0
-0.653912108751026,0.30150015436767497,0
-0.6533762999553687,0.2999792108075745,0
-0.6533762999553687,0.2999792108075745,0
-0.6538043989825955,0.29897480258838094,0
-0.6542324654822664,0.2979704600295445,0
-0.6528404911597114,0.2984582672474687,0
-0.6531083955575383,0.29921873902751983,0
-0.6538043989825955,0.29897480258838094,0
-0.6538043989825955,0.29897480258838094,0
-0.6538043989825955,0.29897480258838094,0
-0.6538043989825955,0.29897480258838094,0
-0.6533762999553687,0.2999792108075745,0
-0.6540723196442038,0.29973524153825615,0
-0.6550362762584285,0.30025167838863,0
-0.6560002654002108,0.3007680495786538,0
-0.657232256522498,0.30204469556765545,0
-0.6594284319519215,0.303837318784538,0
-0.66232098487332,0.3053852504681789,0
-0.6639814328259774,0.305656765974069,0
-0.6639814328259774,0.305656765974069,0
-0.664249516125377,0.30641687662215666,0
-0.664249516125377,0.30641687662215666,0
-0.6639814328259774,0.305656765974069,0
-0.6639814328259774,0.305656765974069,0
-0.66232098487332,0.3053852504681789,0
-0.6605526645144408,0.30258871148478583,0
-0.661248781785952,0.302344545234396,0
-0.6623729330295767,0.30109610208553406,0
-0.6631771829277788,0.30337643402980063,0
-0.6639814328259774,0.305656765974069,0
-0.6632852342355697,0.3059010963753437,0
-0.6635533012711896,0.3066612398536126,0
-0.6632852342355697,0.3059010963753437,0
-0.664249516125377,0.30641687662215666,0
-0.6638213683068095,0.3074213833318815,0
-0.6638213683068095,0.3074213833318815,0
-0.664249516125377,0.30641687662215666,0
-0.6632852342355697,0.3059010963753437,0
-0.6641414322900285,0.3038922799369672,0
-0.662800934474129,0.30009189084741017,0
-0.6615686831313763,0.2988157701412639,0
-0.6617285362214123,0.29705157957576844,0
-0.6611923370950539,0.2955314239399449,0
-0.6595322957368754,0.2952590876795984,0
-0.6614604366582331,0.2962915017578567,0
-0.6614604366582331,0.2962915017578567,0
-0.6621564400832938,0.2960475653187178,0
-0.6621564400832938,0.2960475653187178,0
-0.6611923370950539,0.2955314239399449,0
-0.6618883242563349,0.29528752033098726,0
-0.6621564400832938,0.2960475653187178,0
-0.6621564400832938,0.2960475653187178,0
-0.6628524435083509,0.2958036288795789,0
-0.6625843114176124,0.2950436167220243,0
-0.6632802985788917,0.29479971311306485,0
-0.663976285740171,0.29455580950410365,0
-0.6637081211218749,0.2937958630069062,0
-0.6634399565035771,0.29303591650970695,0
-0.662048047236139,0.2935235924069186,0
-0.6616202084293761,0.29452747534325496,0
-0.6618883242563349,0.29528752033098726,0
-0.6618883242563349,0.29528752033098726,0
-0.6609242375318747,0.29477134612203315,0
-0.6611923370950539,0.2955314239399449,0
-0.6624245559102526,0.2968076103064483,0
-0.6631205755990912,0.2965636410371335,0
-0.6628524435083509,0.2958036288795789,0
-0.6635484469334081,0.29555969244044,0
-0.6631205755990912,0.2965636410371335,0
-0.6617285362214123,0.29705157957576844,0
-0.6610325165325772,0.2972955488450868,0
-0.6586764229580027,0.29726724751441225,0
-0.6572844161078866,0.2977551203926865,0
-0.657712401288661,0.29675094198474383,0
-0.6571763648000939,0.2952304580471399,0
-0.6574443830443784,0.29599070001594185,0
-0.6574443830443784,0.29599070001594185,0
-0.6588363248393758,0.29550295845838015,0
-0.6591043756112178,0.296263134766825,0
-0.657712401288661,0.29675094198474383,0
-0.6570164141273818,0.29699484559370504,0
-0.658944457466065,0.2980274566530401,0
-0.6626926717372115,0.29756765529418416,0
-0.6647807795950591,0.29683564899569426,0
-0.6654768155476756,0.29659164689620177,0
-0.6659046543544385,0.2955877639598672,0
-0.6668688874529085,0.2961036426972079,0
-0.6679927134209507,0.2948558561519139,0
-0.6677244674837581,0.29409607380560665,0
-0.6670284640586992,0.29434001024474554,0
-0.6679927134209507,0.2948558561519139,0
-0.6686887331097893,0.29461188688259554,0
-0.6675649234055268,0.29585964059771186,0
-0.6666006740432735,0.29534379469054883,0
-0.6672966937321139,0.29509982542123225,0
-0.6666006740432735,0.29534379469054883,0
-0.6668688874529085,0.2961036426972079,0
-0.6678331530789396,0.296619455774195,0
-0.6682609593581432,0.2956156384982158,0
-0.6686887331097893,0.29461188688259554,0
-0.6693847527986243,0.29436791761327896,0
-0.6688481958691224,0.2928484842413841,0
-0.6691164743338724,0.2936082009273324,0
-0.6691164743338724,0.2936082009273324,0
-0.6696530312633744,0.2951276342992273,0
-0.6692252575117301,0.2961313859148511,0
-0.667405314272175,0.2976233387105367,0
-0.6668688874529085,0.2961036426972079,0
-0.6675649234055268,0.29585964059771186,0
-0.6678331530789396,0.296619455774195,0
-0.6678331530789396,0.296619455774195,0
-0.6678331530789396,0.296619455774195,0
-0.668529205295334,0.2963754208445195,0
-0.668529205295334,0.2963754208445195,0
-0.6722777936333983,0.29591486439156967,0
-0.675598852176508,0.2964575671015588,0
-0.6787609196098767,0.29876272037758866,0
-0.6819732275026897,0.29678217243970373,0
-0.6822417499241276,0.2975413966729743,0
-0.6818140900189356,0.2985449184773472,0
-0.6825102723455654,0.2983006209062449,0
-0.6825102723455654,0.2983006209062449,0
-0.683047317188441,0.29981906937279135,0
-0.683047317188441,0.29981906937279135,0
-0.6827787947670032,0.299059845139519,0
-0.6823511023342554,0.30006343260424906,0
-0.6813863975861878,0.2995485059420808,0
-0.6799940004053706,0.30003716674463554,0
-0.6780647535470266,0.29900698511851154,0
-0.6794570856727287,0.298518455636664,0
-0.6805809279045469,0.2972706362611923,0
-0.6804217253656795,0.29903351361954833,0
-0.6805809279045469,0.2972706362611923,0
-0.6805809279045469,0.2972706362611923,0
-0.6801532517355788,0.29827419089574114,0
-0.6814361826598105,0.29526372397315725,0
-0.6836834767927531,0.2927688731464908,0
-0.684379561536705,0.29252477255645815,0
-0.684379561536705,0.29252477255645815,0
-0.6839520642693078,0.2935279660590506,0
-0.6846481652770393,0.29328383263884206,0
-0.6849167690173736,0.29404289272121886,0
-0.6851853727577097,0.294801952803601,0
-0.6864187463012268,0.29607580822743707,0
-0.6865776398282915,0.29431355464247133,0
-0.6872737733635841,0.29406935556190383,0
-0.6878110784269271,0.2955872787455949,0
-0.6858815062930006,0.2945577537230353,0
-0.6873835486319706,0.29659053790854095,0
-0.6865776398282915,0.29431355464247133,0
-0.6865776398282915,0.29431355464247133,0
-0.6865776398282915,0.29431355464247133,0
-0.6858815062930006,0.2945577537230353,0
-0.6858815062930006,0.2945577537230353,0
-0.6861501262971146,0.29531678097523617,0
-0.6858815062930006,0.2945577537230353,0
-0.6858815062930006,0.2945577537230353,0
-0.6865776398282915,0.29431355464247133,0
-0.6865776398282915,0.29431355464247133,0
-0.687005120831909,0.2933103939700601,0
-0.687701238103422,0.2930662277196703,0
-0.6886660404341676,0.2935809574007724,0
-0.6895208723311725,0.2915748986973785,0
-0.6906443242322915,0.2903278672461802,0
-0.6910716425981196,0.2893250348755547,0
-0.6906443242322915,0.2903278672461802,0
-0.6913404089762452,0.2900837666561511,0
-0.6910716425981196,0.2893250348755547,0
-0.6910716425981196,0.2893250348755547,0
-0.6913404089762452,0.2900837666561511,0
-0.6910716425981196,0.2893250348755547,0
-0.6910716425981196,0.2893250348755547,0
-0.6906443242322915,0.2903278672461802,0
-0.6903755741179456,0.28956910263540614,0
-0.6899482394883378,0.29057196783621286,0
-0.6888247713234392,0.2918190321175853,0
-0.6888247713234392,0.2918190321175853,0
-0.6892521547443842,0.2908160684262455,0
-0.6889834371575958,0.2900572381551143,0
-0.6892521547443842,0.2908160684262455,0
-0.6892521547443842,0.2908160684262455,0
-0.6888247713234392,0.2918190321175853,0
-0.6892521547443842,0.2908160684262455,0
-0.6889834371575958,0.2900572381551143,0
-0.6889834371575958,0.2900572381551143,0
-0.6889834371575958,0.2900572381551143,0
-0.6894107717872018,0.2890543729543076,0
-0.690802876219994,0.28856630309495657,0
-0.690802876219994,0.28856630309495657,0
-0.6910716425981196,0.2893250348755547,0
-0.6918779417324981,0.29160123021734563,0
-0.692415474488751,0.2931186937785384,0
-0.692415474488751,0.2931186937785384,0
-0.692415474488751,0.2931186937785384,0
-0.692415474488751,0.2931186937785384,0
-0.692415474488751,0.2931186937785384,0
-0.6921467081106254,0.29235996199794023,0
-0.6928428416459163,0.29211576291737806,0
-0.6960546453615706,0.290136232715021,0
-0.6964818824085022,0.2891335644952857,0
-0.6967507626330818,0.28989206646463295,0
-0.6967507626330818,0.28989206646463295,0
-0.6970196428576649,0.2906505684339802,0
-0.698411909928252,0.29016217027284874,0
-0.7016235835336708,0.28818290271192026,0
-0.7020506904703687,0.2871804971336136,0
-0.7027467914781038,0.2869363637134015,0
-0.702319700805182,0.287938736461534,0
-0.7032848446752915,0.28845277670888514,0
-0.7031267318096255,0.2902134544452952,0
-0.699914830511295,0.29219318162871843,0
-0.7008799581176213,0.29270725470624903,0
-0.7018451182515051,0.2932212621234278,0
-0.7028103109129482,0.2937352038802459,0
-0.7003420675582266,0.2911905134089814,0
-0.699914830511295,0.29219318162871843,0
-0.6992186481846687,0.29243747919982077,0
-0.7001837595272136,0.29295158510752906,0
-0.7001837595272136,0.29295158510752906,0
-0.7004526885431304,0.29370998858634323,0
-0.701417848677016,0.2942239960035167,0
-0.7018451182515051,0.2932212621234278,0
-0.702114079794983,0.2939795999418813,0
-0.7028103109129482,0.2937352038802459,0
-0.702114079794983,0.2939795999418813,0
-0.7030792887202058,0.29449350886852343,0
-0.7047407938185106,0.2947628904128141,0
-0.7059751106612246,0.2960348416862999,0
-0.7069404496966794,0.296548487971517,0
-0.707209492559052,0.29730666163908026,0
-0.7077949237905425,0.29454315153204824,0
-0.7082221120461369,0.2935405818028478,0
-0.7084912036998467,0.2942986569798762,0
-0.7075258484006124,0.2937850435248386,0
-0.7075258484006124,0.2937850435248386,0
-0.7077949237905425,0.29454315153204824,0
-0.7068295847550878,0.2940295052468329,0
-0.7075258484006124,0.2937850435248386,0
-0.7068295847550878,0.2940295052468329,0
-0.7068295847550878,0.2940295052468329,0
-0.7068295847550878,0.2940295052468329,0
-0.7068295847550878,0.2940295052468329,0
-0.7068295847550878,0.2940295052468329,0
-0.7070986438812401,0.29478764608422026,0
-0.7075258484006124,0.2937850435248386,0
-0.709187483609151,0.29405416242770244,0
-0.7090763909746496,0.2915356393255166,0
-0.7095034816475714,0.2905332665773912,0
-0.7111650843285506,0.2908024511406069,0
-0.7129845559185064,0.2893114504200973,0
-0.7142192468281401,0.29058264659948563,0
-0.7165772757924405,0.2906070411389283,0
-0.717542842520805,0.2911202278016436,0
-0.7177004837368717,0.2893605021404113,0
-0.7190929785003615,0.2888716443567816,0
-0.7218779680273464,0.2878939287895257,0
-0.7238093617045429,0.28891977683209724,0
-0.7211817206456015,0.2881383576813352,0
-0.7211817206456015,0.2881383576813352,0
-0.7209123199800835,0.2873809062776971,0
-0.7211817206456015,0.2881383576813352,0
-0.7221473849566387,0.2886513473629826,0
-0.722843648602165,0.28840688564099004,0
-0.7256287031842668,0.2874290387530163,0
-0.7265944813417597,0.2879417986234163,0
-0.7267516996995678,0.2861829265468181,0
-0.7278746311597502,0.284936945661336,0
-0.729267093395686,0.2844481535380652,0
-0.7302329366082994,0.28496078208774556,0
-0.7313113849868742,0.2879888805330211,0
-0.7299187601131472,0.2884780009580794,0
-0.7282565881998959,0.28820996545110233,0
-0.7282565881998959,0.28820996545110233,0
-0.7275602920268138,0.28845449283345204,0
-0.7264821689238179,0.28542573778460856,0
-0.7269088530022572,0.28442418579093953,0
-0.7269088530022572,0.28442418579093953,0
-0.7271784000417831,0.2851813417229714,0
-0.7278746311597502,0.284936945661336,0
-0.7274479470813144,0.28593849765500323,0
-0.7281441944630593,0.28569406876319015,0
-0.728840441844806,0.2854496398713735,0
-0.7285708622777172,0.2846925495997006,0
-0.7289974975648228,0.2836910960965646,0
-0.729267093395686,0.2844481535380652,0
-0.7306595556316182,0.28395936141479083,0
-0.7310861421273831,0.28295800640219326,0
-0.728188710072228,0.28141992377207536,0
-0.7273799225796296,0.27914875144758255,0
-0.7304340525516615,0.2789290125668167,0
-0.7298947307796979,0.2774151603252495,0
-0.7296250698937161,0.2766582342044632,0
-0.7288160872357707,0.27438745584211155,0
-0.728546426349789,0.27363052972132706,0
-0.7303647757389822,0.2721417942831277,0
-0.730521327281842,0.270384268243852,0
-0.7304080715647085,0.26787011155539453,0
-0.7312603663121582,0.2658691743598318,0
-0.7336178585717441,0.2658946522951613,0
-0.7327656288794095,0.2678954581700115,0
-0.7337313745093432,0.2684082837007651,0
-0.7327656288794095,0.2678954581700115,0
-0.7331917599893529,0.2668950224024087,0
-0.7338876820955207,0.2666512501141618,0
-0.7334615672493481,0.2676516530515869,0
-0.7323394652419051,0.26889595959796964,0
-0.7316435106081833,0.2691397975465719,0
-0.730834235202213,0.2668696101274328,0
-0.733078211524198,0.26438145665716206,0
-0.7357055760988906,0.2651634339209572,0
-0.7354357037837804,0.2644069345924951,0
-0.7347398142051773,0.2646506412203813,0
-0.7357055760988906,0.2651634339209572,0
-0.7331917599893529,0.2668950224024087,0
-0.7336178585717441,0.2658946522951613,0
-0.7343137644141269,0.2656509128370921,0
-0.7336178585717441,0.2658946522951613,0
-0.7350096702565097,0.26540717337902464,0
-0.7326521454693644,0.2653817611040541,0
-0.7309905915797223,0.26511247805029114,0
-0.7323823382093693,0.2646251304548741,0
-0.7358617047834937,0.2634067614663138,0
-0.7365575780983171,0.26316308766860175,0
-0.7358617047834937,0.2634067614663138,0
-0.7361315933623835,0.26416322796460356,0
-0.7354357037837804,0.2644069345924951,0
-0.7326521454693644,0.2653817611040541,0
-0.7323823382093693,0.2646251304548741,0
-0.7335042450514688,0.26338121787063073,0
-0.7322687409528754,0.2621116632001659,0
-0.734512261889039,0.25962442897488636,0
-0.7338164698931102,0.25986793862170465,0
-0.7359038458808946,0.25913740968124443,0
-0.7378353371407709,0.26016306074274986,0
-0.7399228107112297,0.2594323348212271,0
-0.7406186352347177,0.2591887595140481,0
-0.7422803354983767,0.2594577470961976,0
-0.740732817987265,0.2617010448823365,0
-0.7397669585108755,0.2611884491628338,0
-0.741698709991212,0.26221357494148556,0
-0.7422803354983767,0.2594577470961976,0
-0.7422803354983767,0.2594577470961976,0
-0.7422803354983767,0.2594577470961976,0
-0.7397250125788215,0.26545740698576026,0
-0.741698709991212,0.26221357494148556,0
-0.7408469031571379,0.26421352723169633,0
-0.7408469031571379,0.26421352723169633,0
-0.7397669585108755,0.2611884491628338,0
-0.7397669585108755,0.2611884491628338,0
-0.7411586726129649,0.26070116722777037,0
-0.7427061088051801,0.2584580335925182,0
-0.7443678578601727,0.2587269226841311,0
-0.7457595394347045,0.25823970640942306,0
-0.7453338149192383,0.2592393214225712,0
-0.7467255290213277,0.25875203948750425,0
-0.7496236929465496,0.26028864475959423,0
-0.7503195987889324,0.2600449053015268,0
-0.749664354040048,0.2560222805207548,0
-0.7493941239217943,0.2552665034562196,0
-0.7489685295165618,0.2562658558279338,0
-0.7486983156620877,0.25551004593321736,0
-0.7486983156620877,0.25551004593321736,0
-0.7492387433710359,0.2570216657226503,0
-0.7492387433710359,0.2570216657226503,0
-0.74950895722551,0.2577774756173721,0
-0.7492387433710359,0.2570216657226503,0
-0.74854290258377,0.2572652738600052,0
-0.74854290258377,0.2572652738600052,0
-0.7484281018076118,0.2547542360384991,0
-0.7498196857994675,0.25426721674486075,0
-0.7512112697913267,0.2537801974512206,0
-0.7528731652203344,0.25404879107123257,0
-0.7528731652203344,0.25404879107123257,0
-0.7520622309088854,0.25178195233028866,0
-0.7510961762671435,0.25126975057292356,0
-0.7509409908817357,0.25302451887721844,0
-0.7527579903772548,0.25153850834382396,0
-0.7531834058809146,0.2505395171040714,0
-0.7531834058809146,0.2505395171040714,0
-0.7538791490855061,0.2502961059477897,0
-0.7538791490855061,0.2502961059477897,0
-0.7538791490855061,0.2502961059477897,0
-0.7538791490855061,0.2502961059477897,0
-0.7538791490855061,0.2502961059477897,0
-0.7543045157978288,0.24929721319856846,0
-0.7572422348795627,0.24656968668395862,0
-0.757396981142934,0.2448158047944844,0
-0.7582472917093259,0.2428188728806866,0
-0.7586723982011847,0.24182050541432254,0
-0.7590974721654842,0.24082220360831386,0
-0.7590974721654842,0.24082220360831386,0
-0.7595225136022208,0.2398239674626641,0
-0.7602180941690193,0.23958088460816818,0
-0.7592519582083845,0.23906884700169506,0
-0.7592519582083845,0.23906884700169506,0
-0.7592519582083845,0.23906884700169506,0
-0.7592519582083845,0.23906884700169506,0
-0.7596769508537875,0.23807070934658014,0
-0.7601019109716312,0.23707263735182416,0
-0.7619178695852842,0.2355887279498461,0
-0.7645457871284727,0.23636958898757499,0
-0.7664783192702114,0.23739313891766578,0
-0.7672904733651009,0.23965751539522806,0
-0.7675611913967302,0.24041230755441667,0
-0.7664405856569694,0.2416535937243829,0
-0.7660155930115664,0.24265173137949958,0
-0.7664405856569694,0.2416535937243829,0
-0.7671362475426644,0.24141034671899142,0
-0.7675611913967302,0.24041230755441667,0
-0.7677153684278277,0.2386595747211846,0
-0.7657827387034128,0.23763622177216348,0
-0.7634253440265049,0.23761054685576788,0
-0.7620342154204618,0.23809664690441146,0
-0.7627297797234842,0.23785359688008612,0
-0.7610680469322695,0.23758467495829372,0
-0.7603724988930285,0.23782769215243604,0
-0.7613386511174429,0.2383396969287297,0
-0.7603724988930285,0.23782769215243604,0
-0.7616092553026164,0.23909471889916567,0
-0.7639666499795315,0.23912039381556838,0
-0.7665948440069652,0.2399006967402606,0
-0.7677153684278277,0.2386595747211846,0
-0.767869480403812,0.23690697320866505,0
-0.769260641537409,0.2364208074996661,0
-0.7705348876035529,0.23342787189235104,0
-0.7733170147054,0.2324559344364907,0
-0.7747080782563209,0.23196996570855966,0
-0.7736243604132849,0.22895250424108937,0
-0.7726579804959623,0.22844095908729223,0
-0.7730825014917677,0.22744377350735334,0
-0.7729288936929422,0.22919535728434148,0
-0.7741662193348038,0.23046123497482363,0
-0.7751326643072449,0.23097264880791002,0
-0.7751326643072449,0.23097264880791002,0
-0.7751326643072449,0.23097264880791002,0
-0.7758281798189266,0.2307296972741213,0
-0.7758281798189266,0.2307296972741213,0
-0.77652369533061,0.23048674574033257,0
-0.780154636731158,0.2275208967470892,0
-0.7805790276167333,0.22652397380857536,0
-0.7814277118052058,0.2245303249126227,0
-0.7827004941312232,0.22154034402136524,0
-0.7863302645396697,0.2185768588009669,0
-0.7829716675486686,0.2222942169355573,0
-0.7836670692138981,0.22205149521301948,0
-0.7827004941312232,0.22154034402136524,0
-0.785906166402123,0.2195731907962699,0
-0.785906166402123,0.2195731907962699,0
-0.7861774211384667,0.22032689955956997,0
-0.7861774211384667,0.22032689955956997,0
-0.7861774211384667,0.22032689955956997,0
-0.7861774211384667,0.22032689955956997,0
-0.785906166402123,0.2195731907962699,0
-0.7868728065399164,0.22008421066720985,0
-0.7870256174135584,0.21833423556896392,0
-0.7889929719520676,0.21510320729426802,0
-0.7909599361598723,0.21187296694385083,0
-0.7912646471355327,0.20837485523734856,0
-0.7933502178438268,0.2076479704466987,0
-0.7933502178438268,0.2076479704466987,0
-0.7923835451784775,0.20713701623611236,0
-0.7916883712061598,0.20737927833615366,0
-0.7928072204577639,0.20614153782544875,0
-0.7911454388752137,0.2058727143941912,0
-0.7911454388752137,0.2058727143941912,0
-0.7928072204577639,0.20614153782544875,0
-0.7917212256856416,0.2031286725829542,0
-0.7939584688030408,0.20065411080654272,0
-0.7943819489169783,0.19965902635802024,0
-0.793838788893126,0.19815292203855783,0
-0.7923290863141563,0.19613560086708226,0
-0.7917859588178615,0.19462943088726448,0
-0.7906676300071851,0.19586612083225674,0
-0.7921772187397043,0.19788367181497968,0
-0.7900922335274565,0.19860937471921325,0
-0.7896687208859614,0.19960452482809288,0
-0.7893972384567114,0.19885127568728755,0
-0.7893972384567114,0.19885127568728755,0
-0.7878878448895463,0.19683333074242526,0
-0.7872253790226971,0.19282528256087517,0
-0.7881917426762417,0.19333686054484822,0
-0.7877683438812007,0.19433178084247693,0
-0.7884632413692731,0.1940900768554723,0
-0.7899726837277754,0.19610792330980154,0
-0.7903960987865961,0.19511297018199159,0
-0.7901245675660071,0.19435981953172465,0
-0.7905479338334942,0.19336496489444954,0
-0.7923610300220059,0.19188683360387415,0
-0.7952920809542725,0.1891727674624093,0
-0.7947487257650678,0.18766705710509157,0
-0.7940539095958901,0.18790859694120599,0
-0.7940539095958901,0.18790859694120599,0
-0.7944770481704655,0.18691420192643093,0
-0.7954435419342438,0.1874255172689736,0
-0.795715235792624,0.18817833961745833,0
-0.7959869296510043,0.1889311619659395,0
-0.7958354361434754,0.19067847781973235,0
-0.7963787913326783,0.19218418817705718,0
-0.7945656788803852,0.19366235229781203,0
-0.7955322539630583,0.19417350348946627,0
-0.7955322539630583,0.19417350348946627,0
-0.7962272002424733,0.19393170101192148,0
-0.7970737050845305,0.19194245135986954,0
-0.7970737050845305,0.19194245135986954,0
-0.7970737050845305,0.19194245135986954,0
-0.7977686188363826,0.19170071454268545,0
-0.7984635325882348,0.19145897772550136,0
-0.7981918062022935,0.19070622103737733,0
-0.7987352589741725,0.19221173441362893,0
-0.7980403289585425,0.19245350406098893,0
-0.7981918062022935,0.19070622103737733,0
-0.7977686188363826,0.19170071454268545,0
-0.7980403289585425,0.19245350406098893,0
-0.7984635325882348,0.19145897772550136,0
-0.801514979036698,0.19124465582417116,0
-0.8048384120915699,0.19178256532811488,0
-0.8084340269181975,0.19307231227518606,0
-0.8098240495872524,0.19258844467867675,0
-0.8119090835908338,0.19186264328390834,0
-0.814538220917461,0.19264104205825738,0
-0.8175905130824468,0.19242501298764836,0
-0.8180134402278902,0.1914310447651939,0
-0.8202200244759954,0.19320265666789282,0
-0.8202200244759954,0.19320265666789282,0
-0.8202200244759954,0.19320265666789282,0
-0.8203707535859053,0.19145688383248682,0
-0.8173183963658062,0.19167304422380482,0
-0.8163512520508558,0.19116304208839807,0
-0.8158070511451356,0.18965903890035385,0
-0.8155349506922747,0.18890703730633085,0
-0.8158070511451356,0.18965903890035385,0
-0.8171970412866347,0.18917523696419813,0
-0.8197048235340887,0.18745582847893694,0
-0.8233015280339213,0.18874337580405331,0
-0.8249638788487452,0.18901105017906872,0
-0.8277440542970886,0.1880430523446197,0
-0.8284390981591727,0.18780105288600524,0
-0.8287114750962807,0.18855249636699511,0
-0.8287114750962807,0.18855249636699511,0
-0.8280164149704188,0.18879452865578727,0
-0.8267766660254559,0.1875335426618836,0
-0.8260816384271461,0.18777550929032216,0
-0.8260816384271461,0.18777550929032216,0
-0.8265043216159071,0.18678203352053657,0
-0.826109890257122,0.18353419447761077,0
-0.8265324595994237,0.18254094851907965,0
-0.8276219673478522,0.18554672244303738,0
-0.8284671385600184,0.183560164865618,0
-0.829584621654174,0.18232518208989745,0
-0.8317919377723424,0.18409531663457201,0
-0.8329094208664962,0.1828603338588568,0
-0.8327868297401047,0.1803650216928041,0
-0.8337542993306375,0.18087436722464467,0
-0.8334817597557365,0.18012325204544055,0
-0.8345990476845433,0.1788886632318647,0
-0.8352939614363954,0.1786469264146806,0
-0.8354436659282154,0.176903221880508,0
-0.8351710612982011,0.17615223802201818,0
-0.836411168046304,0.17741250175199497,0
-0.8360155169040784,0.17416712497244902,0
-0.8354702425889311,0.17266528857618013,0
-0.8370092704073038,0.17043912814316897,0
-0.8374313355724503,0.16944689992016748,0
-0.8378533682100393,0.16845473735752137,0
-0.8374313355724503,0.16944689992016748,0
-0.8370092704073038,0.17043912814316897,0
-0.8361650424943274,0.17242378157024163,0
-0.8361650424943274,0.17242378157024163,0
-0.8374051817699915,0.17368397963986126,0
-0.8369830027583909,0.1746764376741119,0
-0.8365607912192292,0.17566896136871968,0
-0.8369830027583909,0.1746764376741119,0
-0.8340806427781366,0.1731483025880518,0
-0.8335354335181044,0.17164633487106684,0
-0.8332628288880901,0.17089535101257702,0
-0.832295489407791,0.1703857428393043,0
-0.8316007545575115,0.17062711852452672,0
-0.8309060197072284,0.1708684942097527,0
-0.8309060197072284,0.1708684942097527,0
-0.8311785755459073,0.1716195765587809,0
-0.8309060197072284,0.1708684942097527,0
-0.83187332665997,0.17137816804337547,0
-0.834353247408151,0.17389928644654162,0
-0.8351976054313575,0.1719143703780457,0
-0.834924968273782,0.17116345217990947,0
-0.834775442683533,0.1729067955821133,0
-0.834775442683533,0.1729067955821133,0
-0.8364376959156807,0.17317466693819838,0
-0.8354702425889311,0.17266528857618013,0
-0.8354702425889311,0.17266528857618013,0
-0.8351976054313575,0.1719143703780457,0
-0.8360418333443285,0.16992971695097125,0
-0.8363145030294596,0.17068056948875032,0
-0.8358923890729741,0.17167289620228487,0
-0.8361650424943274,0.17242378157024163,0
-0.8371325120848585,0.17293312710208397,0
-0.8371325120848585,0.17293312710208397,0
-0.8376778514551226,0.17443483217764033,0
-0.8371325120848585,0.17293312710208397,0
-0.8371325120848585,0.17293312710208397,0
-0.8365871727145926,0.1714314220265276,0
-0.8361650424943274,0.17242378157024163,0
-0.8368598423997256,0.17218227456430313,0
-0.8368598423997256,0.17218227456430313,0
-0.8372819563562146,0.17118994785077035,0
