-0.8535948422472028,0.29844052546712874,0
-0.8533227743219012,0.29768845821275214,0
-0.8535948422472028,0.29844052546712874,0
-0.8533227743219012,0.29768845821275214,0
-0.8542921793021545,0.2981938969533626,0
-0.8533227743219012,0.29768845821275214,0
-0.8527442389327877,0.3004380483241409,0
-0.8551084318693967,0.3004500002259647,0
-0.8574727223886889,0.3004617551467206,0
-0.8582891213299462,0.30271756294771635,0
-0.858833387290785,0.3042214348150498,0
-0.8595308707197482,0.30397451082967564,0
-0.8595308707197482,0.30397451082967564,0
-0.8585612543103647,0.30346949888138397,0
-0.85925872147555,0.3032226077261857,0
-0.858833387290785,0.3042214348150498,0
-0.8595308707197482,0.30397451082967564,0
-0.8598030199639464,0.30472641393316025,0
-0.8613170161806245,0.30673506793753447,0
-0.8613170161806245,0.30673506793753447,0
-0.8600751692081463,0.30547831703665196,0
-0.8557713856496214,0.3044570635021646,0
-0.8648047586010321,0.30549979140709915,0
-0.8617423828929489,0.3057361751883203,0
-0.8618613471965784,0.30823880848415364,0
-0.8579479290520418,0.3104736015372005,0
-0.8603128375949431,0.3104841089111723,0
-0.8604315254143238,0.31298730032004585,0
-0.8625245124059315,0.31224544496803297,0
-0.8612825841145586,0.3109888582180389,0
-0.8637665057524213,0.3135019003973163,0
-0.8674928761225953,0.31727047876087866,0
-0.8692795908157454,0.3200298868124971,0
-0.8730068394299941,0.32379669234642705,0
-0.8747939769813993,0.3265552468134043,0
-0.8787944482492769,0.33107178865904174,0
-0.8786061156363552,0.3370777536597487,0
-0.8820625811638632,0.340089898355199,0
-0.8823349255734101,0.3408414074965478,0
-0.8802045139803631,0.3458430938818893,0
-0.883661353574789,0.34885448348324033,0
-0.8886344012598624,0.3538700621847042,0
-0.886502688564482,0.35887437498431396,0
-0.8881364622737493,0.36338402077560694,0
-0.8926840131362663,0.36939875486771,0
-0.8958342226290874,0.3759121301366175,0
-0.8988668014481735,0.379920180035052,0
-0.8993749113823526,0.38568132218180295,0
-0.8997277546122238,0.3931973967837301,0
-0.9006620607114648,0.3979579718421604,0
-0.9039674881172548,0.4027165131464123,0
-0.9014027972608893,0.40873508321873864,0
-0.89984783093891,0.41099341722659055,0
-0.8974371870034066,0.41525951710710984,0
-0.8961139690525979,0.42253559317442324,0
-0.8963458800615545,0.4275530069321043,0
-0.8979371711340551,0.4363326939422123,0
-0.8978549381754277,0.44486726090987005,0
-0.8953978107134795,0.45341147823309313,0
-0.892123650022878,0.4597011681322769,0
-0.888690400639863,0.46775350557857287,0
-0.8887598075627796,0.47454046122083504,0
-0.8869965854983697,0.4828449771979333,0
-0.8888962794244044,0.4881191000510441,0
-0.8910673581970165,0.494146669026021,0
-0.8915641485408763,0.4999306609769434,0
-0.8873086452560983,0.5057390094864651,0
-0.8855871414308325,0.5097750272631334,0
-0.8828923781096432,0.5133133870514772,0
-0.8814408441821673,0.5181057071755415,0
-0.8806904692977504,0.5226436836939143,0
-0.8763194984218661,0.5259423404192418,0
-0.8742744501646413,0.533514487249013,0
-0.8721179352059902,0.538568866070694,0
-0.8696900191369856,0.5428698316006884,0
-0.8675319591193116,0.5479273292893225,0
-0.8673185640226535,0.5539838855949473,0
-0.8619703815525064,0.5567928620653042,0
-0.8585670916962798,0.5606004375301605,0
-0.8540284611163464,0.5656790433066234,0
-0.8514887205427737,0.5674629630924581,0
-0.8482463734497951,0.5695041483698624,0
-0.8477583732782819,0.5748137589289453,0
-0.8459205073540588,0.5763418905812348,0
-0.8433799373277484,0.5781274847061688,0
-0.8398100774406796,0.5837128096002004,0
-0.8364026891120968,0.5875286582700134,0
-0.8331585042120704,0.5895735533575817,0
-0.8299141566742474,0.5916187767469303,0
-0.8271030800454362,0.5926491519203534,0
-0.8263412879880292,0.5972101752239674,0
-0.8229318016319329,0.6010302589867962,0
-0.8178467582723048,0.6046093264794781,0
-0.8161110724315837,0.6086739721717258,0
-0.8139407332606208,0.6137562566450523,0
-0.8112318855066523,0.617323047367897,0
-0.8095976153518123,0.6239257501184792,0
-0.8097006248880554,0.6264605898193345,0
-0.8058521427726681,0.6313070780208854,0
-0.6882974608909702,0.6719705081693057,0
-0.6848751424130892,0.6758164949428966,0
-0.6814522384391566,0.6796636636029127,0
-0.6791699771809512,0.6822290993131546,0
-0.6757460973802658,0.6860782377838746,0
-0.6744322327480088,0.6891511477057932,0
-0.67214902819061,0.6917184875663871,0
-0.6677547675829256,0.6950641571072005,0
-0.6637984293250963,0.6973855890010618,0
-0.660107051721063,0.700473434937269,0
-0.6559766458301848,0.7045877509725589,0
-0.6517544686744863,0.7061445416537122,0
-0.6477971383261281,0.7084679761884605,0
-0.6433101143630875,0.7092581230160189,0
-0.6385586339234077,0.7092808380657125,0
-0.6328393748813941,0.708794831356947,0
-0.6278243650004924,0.7080482433085891,0
-0.6230742832458223,0.7080681349629341,0
-0.6180603467743406,0.7073193801227973,0
-0.6126076910278204,0.7075964716083654,0
-0.6068914733125155,0.7071043256562355,0
-0.6021432131011153,0.707120540330596,0
-0.5976591654096701,0.7079046792355097,0
-0.5915049440256066,0.7084369350812239,0
-0.5858783670200456,0.7105066152366053,0
-0.5819218986519861,0.7128283097718917,0
-0.575855171158814,0.7159267253086625,0
-0.5709316885860414,0.7177381550671154,0
-0.566534386651643,0.7210899638512895,0
-0.561170249414106,0.7239311467266667,0
-0.5565092716644688,0.726513947884408,0
-0.5514073465020388,0.7301270931022756,0
-0.5463049008986722,0.7337412888858541,0
-0.5419054521454214,0.7370974312535825,0
-0.5379467231120572,0.7394236891836687,0
-0.5335465099611838,0.7427813745697822,0
-0.5298494400344342,0.7458807110684305,0
-0.5261519797769818,0.748980835491361,0
-0.5214885136691301,0.7515686596663969,0
-0.5163829779477194,0.7551890931838727,0
-0.5114572184458588,0.7570051191673031,0
-0.5069735285575536,0.7577885358082934,0
-0.5022285211019941,0.7577981844469743,0
-0.49800673427699493,0.7593541872038472,0
-0.4930813163144965,0.7611695237535301,0
-0.48893946072306527,0.7653069522344182,0
-0.4849784710243874,0.7676377735593061,0
-0.4812782784520344,0.770743413452216,0
-0.4782814567967133,0.7735902448351606,0
-0.47387672231522515,0.7769570570108684,0
-0.4701753587507671,0.7800650606766162,0
-0.4657697460252024,0.7834336456819582,0
-0.4620675692717846,0.7865432908566312,0
-0.4576610783021433,0.7899136486916056,0
-0.45343753498899275,0.7914731971077451,0
-0.4499179155613664,0.7927728207878655,0
-0.4466584101813371,0.7948486419034886,0
-0.4429548022153522,0.7979611761338639,0
-0.43951072280091097,0.8018510896861635,0
-0.4365102905866056,0.8047052093687181,0
-0.43158191261629497,0.8065265210108734,0
-0.4275423578415065,0.8062731588767598,0
-0.4223546790125585,0.8073166315744835,0
-0.4162038404945694,0.8078420587430895,0
-0.4096088343355042,0.8094043303471548,0
-0.40423630498790075,0.8122624535945882,0
-0.4002714933011138,0.8146009900114031,0
-0.3966381233562952,0.8203145167521217,0
-0.3924137017990681,0.8218758379978937,0
-0.3864504135870792,0.8205811648071766,0
-0.3821545342252488,0.8195439558059814,0
-0.37933870857291296,0.8205839173915059,0
-0.37607739791339156,0.8226633826569341,0
-0.37133681420577425,0.822664101487085,0
-0.3678171134592514,0.8239638893180921,0
-0.3645556238981591,0.826043715715489,0
-0.36181023143234015,0.829684275849214,0
-0.35880630250551526,0.8325454540201243,0
-0.3549097771863927,0.8374889225686957,0
-0.3528669749762052,0.8408722500410271,0
-0.3484534255263938,0.8442568561734305,0
-0.3442970626439248,0.8484235691734625,0
-0.3406550728961317,0.8541544959087357,0
-0.33483100841548463,0.8580643356624424,0
-0.328044760072542,0.861454160076331,0
-0.3236284295164893,0.8648443801692434,0
-0.31940205630575846,0.8664096410364248,0
-0.3154325931781212,0.868757566884268,0
-0.31120612238471423,0.8703230247325227,0
-0.3086452226344125,0.8721496565804685,0
-0.3042274933933502,0.8755427000687224,0
-0.2995527890140721,0.8781532098970359,0
-0.29699133629527985,0.8799809579710427,0
-0.29417336382408976,0.8810252531401161,0
-0.2892419119995129,0.8828527696859894,0
-0.28360596705713803,0.8849413600241309,0
-0.2777140065395258,0.8862454797218042,0
-0.2725267668326161,0.8872880660047091,0
-0.2673397548186145,0.8883301926651246,0
-0.26215297049752273,0.8893718597030364,0
-0.25959086722756197,0.8912009209841827,0
-0.2544042618080411,0.8922422268901293,0
-0.24902420233067168,0.8951155505101696,0
-0.24454226893051967,0.8958954214918862,0
-0.23871265850116608,0.899816456336433,0
-0.2349959419291494,0.9029554516906018,0
-0.23082921901933062,0.9071430775142755,0
-0.2283258227510938,0.9115964079022554,0
-0.22627168468681091,0.915002618008943,0
-0.22376713369024515,0.9194582793395938,0
-0.22196671800833734,0.9236535891418978,0
-0.21779672607890177,0.9278478138314341,0
-0.21483974544143436,0.9333569973281719,0
-0.21323371085278886,0.9357184180962204,0
-0.21072606973817898,0.9401803171607668,0
-0.2102753152665322,0.9412304578184809,0
-0.20982452826732967,0.942280664136554,0
-0.20725852169036152,0.9441176046605122,0
-0.20443827229008527,0.9451664960545614,0
-0.2009129605397426,0.9464776102971211,0
-0.19809271113946814,0.9475265016911667,0
-0.19578026430708384,0.9501528702125359,0
-0.19417268465941184,0.9525174098475411,0
-0.19090081880719367,0.9546181818987574,0
-0.1881361700268176,0.9582976129637153,0
-0.186076274584698,0.9617154449535565,0
-0.18331069876890282,0.9653967473386924,0
-0.1815034522997312,0.9696058458159271,0
-0.18085307979792375,0.9725004468253449,0
-0.17667524872691587,0.9767104956608712,0
-0.17416098825417592,0.9811857566080295,0
-0.17139290781638294,0.9848721148406376,0
-0.1690768504250144,0.9875057716616134,0
-0.16656094731057358,0.9919843484567892,0
-0.1623269626511803,0.9935649738474712,0
-0.16051574781988442,0.9977820828882393,0
-0.15562810537528549,1.0022639409843705,0
-0.15310981148530622,1.0067473438157784,0
-0.1498849589775677,1.0114959898721096,0
-0.14787023907287988,1.0175654056772228,0
-0.14560215458896408,1.0228449995227855,0
-0.1414163705299316,1.0270711023155528,0
-0.13697774233260596,1.0305063325830641,0
-0.13329480038880703,1.0363199257075681,0
-0.1293587866138033,1.0413431059293163,0
-0.1252190888638367,1.048218954047364,0
-0.12173573242264624,1.0521881524805252,0
-0.11875500666755912,1.0577452680377384,0
-0.11673145553077013,1.063832510629723,0
-0.11520981947380093,1.0715091148736224,0
-0.11222593854554752,1.0770725994854455,0
-0.10994801447522384,1.0823720555889462,0
-0.10862749271610461,1.0882011791047255,0
-0.10584570191245213,1.091915213177728,0
-0.10356550091304051,1.097219265506208,0
-0.10340621181410548,1.1017250930663547,0
-0.1027902319641214,1.1072930442993272,0
-0.10167184912094207,1.1112726187857458,0
-0.10030221598982969,1.1144581033894259,0
-0.09897717290009211,1.1202963536948012,0
-0.0962360525670416,1.1266710655424976,0
-0.09490925298915442,1.1325128615071431,0
-0.09383223995907208,1.1391517020705848,0
-0.0917523075409914,1.1426099808402235,0
-0.09113130218323562,1.148188076598327,0
-0.09050971132943175,1.1537673542428486,0
-0.08842831517122107,1.1572285877285466,0
-0.08801323818996032,1.1609494850257231,0
-0.08688961840988085,1.1649396308295898,0
-0.08764039300209525,1.1673279084004626,0
-0.08768278743328395,1.1699851061762487,0
-0.08726686473550238,1.1737077106427023,0
-0.08801749295370165,1.1760962836851796,0
-0.08906035094223697,1.1819390006117025,0
-0.08914409892274833,1.1872554972946858,0
-0.08972771274689961,1.1941654922320524,0
-0.09076965996379727,1.2000100476485667,0
-0.08947518753778105,1.2085293632694256,0
-0.08859780880164436,1.213323710650986,0
-0.08867914974283408,1.2186450662003718,0
-0.08759123998069285,1.2253059029833455,0
-0.08625260037155691,1.231171599317868,0
-0.08349401273964752,1.2375815707771771,0
-0.08119429520519894,1.2429250193197436,0
-0.0776849329810787,1.2469467132081817,0
-0.07538367038760896,1.252293280617696,0
-0.0728322146518483,1.2568436241828742,0
-0.07077870563378852,1.2629913399634916,0
-0.0689734381045124,1.2699392192098529,0
-0.06691789611405063,1.27609103876277,0
-0.06674307510598965,1.2806282191432956,0
-0.06635570636330179,1.2870359598673549,0
-0.06568204412968903,1.2899775736922514,0
-0.06479567152366172,1.2947900761624709,0
-0.06273655150177859,1.3009491183546391,0
-0.06209783488847975,1.3065629661770295,0
-0.06284436463432286,1.3089598124244688,0
-0.06120973832185861,1.3113789486461584,0
-0.059148162469316645,1.3175429481952659,0
-0.054455546427981005,1.322932390100899,0
-0.05118388676372554,1.3277755214106897,0
-0.05078994745424659,1.334196525526826,0
-0.04918735554562126,1.3392937723479488,0
-0.04640983687473188,1.345741958134921,0
-0.04455750720963714,1.350042061866704,0
-0.04202614826379403,1.3572946133822619,0
-0.039708947166714026,1.362673354366617,0
-0.03739093288067785,1.368053736859899,0
-0.03578381964143773,1.3731601104706126,0
-0.03346426029637328,1.378543611830839,0
-0.03163932985805573,1.3855311827628984,0
-0.030989635193799714,1.3911671909557146,0
-0.02866755496296136,1.3965557809935962,0
-0.026839680780607722,1.4035492941879433,0
-0.024793176210213375,1.412425646212558,0
-0.02318051702226498,1.4175432149141116,0
-0.022744915151662326,1.4213055438964446,0
-0.022338290094413793,1.4277521555517367,0
-0.021930981958433904,1.4342001460745308,0
-0.020315850676055902,1.4393227049631996,0
-0.02040136616732724,1.447378409207623,0
-0.017111686235725898,1.4522579163550908,0
-0.01500044604269668,1.4557793932181635,0
-0.01291627980085508,1.4619889938850772,0
-0.011297603014611468,1.4671187097526452,0
-0.00825162697739934,1.4728075399856344,0
-0.005918080782230106,1.478219275299292,0
-0.0024032486871288228,1.4849947861785573,0
0.001112949565420962,1.4917730547928123,0
0.003203117141787004,1.4979947697955662,0
0.00576184802801194,1.5053025745013837,0
0.00785414615944724,1.5115285902575017,0
0.010193465996229278,1.5169519802844942,0
0.012533599021972819,1.52237701182041,0
0.015834566016332374,1.5272793031116887,0
0.019136313672092342,1.5321831702515336,0
0.0219702624156195,1.5360024907066911,0
0.023844775875534907,1.5403473748018257,0
0.026188649570489275,1.5457799572787732,0
0.02900237141386164,1.55230122304288,0
0.03112421559092482,1.5558441051822758,0
0.033939791505130046,1.5623691135867297,0
0.0358174926657675,1.5667204323968313,0
0.03673577480657286,1.5715973476770877,0
0.03814478254711062,1.5748623141426918,0
0.03930901298383738,1.5789344369020455,0
0.0409636762722716,1.5813940199035361,0
0.041658579001508045,1.5843785099414323,0
0.04545869623322929,1.5876858584504774,0
0.04662437414630283,1.5917609030957127,0
0.047075296496908337,1.5955541581060988,0
0.048016033675606806,1.5977336258118449,0
0.04820374083796075,1.6050395937445607,0
0.050557047524847576,1.6104912177249808,0
0.053382088958542795,1.6170353332932663,0
0.055003779785110396,1.624913908794726,0
0.0571155456602348,1.6311792222744046,0
0.06041563965168706,1.6388225267869352,0
0.061569499038458986,1.6456164899433627,0
0.06536062764145001,1.6516484694146367,0
0.0670045783405655,1.656829203379445,0
0.06960931421695449,1.6614870986090917,0
0.0731595037680215,1.6683339822962218,0
0.07408938198339676,1.6732343054936791,0
0.07669631346997896,1.6778966327974096,0
0.07954751808322769,1.681750786071861,0
0.08214162268919623,1.6891299964157138,0
0.08450728984827194,1.6946065713317289,0
0.08615703045277634,1.6997989928400532,0
0.08876753997078524,1.704468542783033,0
0.09185237017649328,1.7102358043122408,0
0.09519368236586345,1.7124767612252612,0
0.09757518520470576,1.7152425266841504,0
0.09875397172380929,1.7193440324531775,0
0.10089315308948699,1.7229219115627536,0
0.10374982233254926,1.7267870957771478,0
0.10636420263000446,1.7314644593025932,0
0.11041368879243763,1.7367166956790925,0
0.11302950030246173,1.7413969482602294,0
0.11588846273838627,1.7452667615297823,0
0.11946530338238048,1.7494246678284284,0
0.12089041226432151,1.7527221361706555,0
0.1254280055580388,1.7563571380737848,0
0.1299660542375758,1.7599930592219,0
0.13426254584157604,1.7644426370390924,0
0.13784211880047437,1.7686060588077162,0
0.14213992777058948,1.7730582958693581,0
0.1445195817797753,1.7785631047388009,0
0.14809406941695435,1.7854590367124779,0
0.1511935044963746,1.7912557797418902,0
0.1530993745225704,1.7956639604209972,0
0.15620050103502692,1.8014641177889636,0
0.1590613553105058,1.8080805254101016,0
0.1626468320212524,1.8122558645334834,0
0.16599184132966727,1.8172470599478956,0
0.169578586615188,1.821424959825194,0
0.1736434420489612,1.8267082207202883,0
0.17603155322332498,1.8322301012825069,0
0.17889836004198578,1.838858524748943,0
0.17889170237485175,1.844330636477574,0
0.1829602496864986,1.8496213498231686,0
0.18391408444862734,1.8545700318734255,0
0.18462798851313167,1.8603356536105942,0
0.18414487960322568,1.864705752999635,0
0.18510210825403384,1.866918510506288,0
0.1846193571472714,1.8712893321592503,0
0.1853348225345801,1.877058105593548,0
0.18461228710421373,1.8822461624050284,0
0.18389142160193295,1.8846948146739955,0
0.18508848860885152,1.8888332215635533,0
0.18532626670616992,1.8934974875646962,0
0.1867633672345459,1.8995619377993034,0
0.18652177185000696,1.9058610680796217,0
0.18676038464123224,1.9132697944707537,0
0.1884397253238692,1.918521966903782,0
0.19011971655767468,1.9237754525439428,0
0.1915604927001482,1.9298473223988744,0
0.19396202149234654,1.9353962878582767,0
0.19612466046879362,1.941764294136009,0
0.19996706352640992,1.9451570011089157,0
0.20189010810344143,1.9495998504564227,0
0.2040551866467677,1.9559727812609182,0
0.20525893806692963,1.9601246813538005,0
0.20742561046061958,1.9665008295157822,0
0.20839109008864476,1.971473017973782,0
0.20815777296771643,1.9777888588149093,0
0.20912424468627222,1.9827630499137925,0
0.21176872399784408,1.9847583960485728,0
0.21225415808789982,1.988621316697543,0
0.21322184958989254,1.9935979700598043,0
0.21491117623295608,1.998870300222375,0
0.2165967407018563,2.001392260562838,0
0.21948606761353062,2.0053233677754747,0
0.2202169022721776,2.011123165728371,0
0.22359001539104106,2.0161710916910707,0
0.22575964255137748,2.0198104288946297,0
0.22888971334962172,2.0229262379292727,0
0.2329800814117835,2.025518223323399,0
0.23611075396986791,2.028635247074643,0
0.23972501756978737,2.0328686956138142,0
0.24406148554304608,2.0373989700095336,0
0.24767696892640245,2.0416348808120794,0
0.2498496048858847,2.045280291598644,0
0.25394198965666526,2.0478763479348885,0
0.25755065327537174,2.049355716841795,0
0.2618896258706265,2.0538910470849885,0
0.26382613685682443,2.058361079820216,0
0.26816644308196835,2.06289910213804,0
0.2710635440801017,2.066845902175956,0
0.2744358875601769,2.069149499069379,0
0.27684910476844493,2.0719792833761694,0
0.2804590694894884,2.0734612786973408,0
0.2814286586124819,2.0756989871395852,0
0.28335758543640743,2.077410934960781,0
0.2857608114430814,2.0774777754871323,0
0.28937093880192144,2.078960099110091,0
0.2915370152172212,2.07984949328387,0
0.2953840319469645,2.0805087379765546,0
0.2987689200419652,2.085580432988415,0
0.30190587041881756,2.088710129188531,0
0.3069606179534574,2.0907865313169154,0
0.31082026061702095,2.094214038278931,0
0.3149166950688187,2.096818269329603,0
0.31806810918654094,2.102719937609212,0
0.32073440346718485,2.107502095064131,0
0.32340134829899014,2.112285565726186,0
0.32534651161572015,2.1167730641163267,0
0.32920914681465874,2.120206611831172,0
0.3321286482779051,2.1269414050756517,0
0.3343266609740958,2.1333808169914192,0
0.33748410895389824,2.1392946652672222,0
0.34183653169454686,2.1438571460679583,0
0.3461896375139162,2.148421005736189,0
0.3505434264120151,2.152986244271915,0
0.35417496214543753,2.157254558460547,0
0.3583120245100986,2.1629694606365675,0
0.36329561912914343,2.16592390217728,0
0.36570748216441196,2.169146388740778,0
0.37154682886560053,2.174950065890407,0
0.376532913438842,2.1779029372144905,0
0.3820646946024464,2.1818670722903093,0
0.3865069840049067,2.183807480788147,0
0.3911836016209911,2.1849220091129347,0
0.3958602192370755,2.1860365374377224,0
0.4005368368531581,2.1871510657625137,0
0.40552563774007844,2.190102224123006,0
0.41051507243352603,2.1930529827919933,0
0.41597176012547976,2.194352866146076,0
0.42010259060741895,2.19445618781792,0
0.4257921578123689,2.1949311045795383,0
0.43148140811405966,2.195406221186907,0
0.43740306257384987,2.195056670970441,0
0.44254471486561187,2.1945217229005927,0
0.4476858238946413,2.1939871174234646,0
0.4510354751392853,2.193905783526141,0
0.4559435009317969,2.19419627311375,0
0.46186257489359406,2.193848350212697,0
0.467233756578155,2.192490548205477,0
0.47136139539152566,2.1925958826095417,0
0.4741623168288811,2.191505197769839,0
0.38730277079811515,2.2544863614042967,0
0.3907419798847265,2.2570601576975875,0
0.39551096220024284,2.2608280461506034,0
0.3979366105274167,2.264041839423868,0
0.4038728199013164,2.263683110577489,0
0.41020656010182144,2.2678187970509853,0
0.4115366049620839,2.2690127179143573,0
0.41599272492834416,2.2709444045725675,0
0.42169576052193847,2.271410827889703,0
0.42725040399230174,2.275360545521952,0
0.4345164545029476,2.2761958660112107,0
0.44186773938961643,2.279689043158122,0
0.4470207549269247,2.2791469291905777,0
0.4557622997479047,2.2776947319386522,0
0.4619265898139755,2.2765140627354867,0
0.4686399718624923,2.2763425160795627,0
0.47581476683512136,2.274523776980459,0
0.4847812233156539,2.2722516378292745,0
0.49186378940453857,2.2677794529537607,0
0.4969214070254768,2.2645858916673376,0
0.504089682845283,2.2627712636808575,0
0.510616207715902,2.2572943385899578,0
0.5176908512232323,2.252827149858259,0
0.523202774080822,2.2479908783833835,0
0.527473236574389,2.244616430047703,0
0.5326135759812107,2.244082309910258,0
0.5392222114671306,2.241265211385148,0
0.5448199345994347,2.239086439700518,0
0.5502791575174886,2.240384724288578,0
0.5551876586648881,2.2406749141075544,0
0.5590869904266178,2.2416023316153684,0
0.562299499613852,2.244997197508944,0
0.5684453866547727,2.2438281336341213,0
0.5703275567144228,2.246029264235389,0
0.5703275567144228,2.246029264235389,0
0.5711074683386599,2.2462147191875594,0
0.575921341191906,2.24385297634797,0
0.5798204465941623,2.2447805366027502,0
0.5856410215148156,2.241783122016244,0
0.5884366687764526,2.2406957631808453,0
0.5945786171625436,2.2395291831032296,0
0.5991605612125763,2.2379918073188456,0
0.6035139492155466,2.237276671659874,0
0.6086463207689157,2.2367475762156346,0
0.6124470176738175,2.2350255876861773,0
0.617709084057946,2.2310249888262277,0
0.6238458488121097,2.229861677654128,0
0.6305335616963941,2.229706318504153,0
0.6344291585268245,2.2306360913369048,0
0.6373186418244661,2.2322011647744553,0
0.6408890170784147,2.23130252979675,0
0.6472496748744963,2.229319919086741,0
0.6514704932813995,2.2320780997299536,0
0.6546862620450362,2.2354709100672245,0
0.6571235226131762,2.2386773804211337,0
0.6603405816258121,2.242069377100698,0
0.6635583197168646,2.2454609455393637,0
0.6675561278837989,2.249037869007317,0
0.6723342098501206,2.2528000190322963,0
0.6771132425262394,2.2565615695200236,0
0.679657196348435,2.2624123641192107,0
0.6824280085216454,2.2674419891952304,0
0.6877649385637152,2.2722071093732197,0
0.6953385093400417,2.274882000485679,0
0.70090288626775,2.278825579998383,0
0.7062436191489532,2.283588302027347,0
0.713595085123206,2.2870813649766895,0
0.7191628574430027,2.291022803284907,0
0.7265162701087213,2.2945146386103445,0
0.7348746871458065,2.2973718727911105,0
0.7422297295997282,2.3008626803383905,0
0.7484719199949055,2.3023444927945818,0
0.7544908511546939,2.3046452050971773,0
0.7615135190727962,2.3063121156381214,0
0.7675330161312619,2.3086124710733102,0
0.7753362068441767,2.3104644511496133,0
0.7818012263917531,2.3111276349786323,0
0.7880435978745108,2.3126093332372513,0
0.7932835454838916,2.314724005325118,0
0.7999699907551321,2.3145694455581527,0
0.8069924549497038,2.3162364845713697,0
0.8140149191442809,2.317903523584583,0
0.822376641029674,2.3207586736596504,0
0.8295164147375917,2.3250633420854356,0
0.8360979741763117,2.3283646406667096,0
0.840898737361826,2.332112487445695,0
0.8455816024993652,2.333223075954219,0
0.8518254226827509,2.3347038606322563,0
0.8568483133062941,2.3376335212996615,0
0.8633125405957145,2.3382972047430606,0
0.8669951096389212,2.3400394252593557,0
0.8727997906703351,2.343153356079114,0
0.8780441749253871,2.345265230326447,0
0.8827277191413394,2.3463753905940763,0
0.8879725561153329,2.3484869793474807,0
0.8936559889785745,2.348965764551874,0
0.9011191768414335,2.3489986581946063,0
0.9085815498101848,2.349032065726412,0
0.9151689945951986,2.352329652886567,0
0.9198522671797846,2.353439984450553,0
0.918416476321001,2.3557024643738984,0
0.9262226097070663,2.357552588739644,0
0.9352452360073062,2.3579566349565546,0
0.9389302497328238,2.359697313805615,0
0.9428332032461135,2.3606224473619726,0
0.9475167474620747,2.3617326076296052,0
0.9524177334749702,2.362027536647851,0
0.9573184478564993,2.362322636962457,0
0.9604406295795584,2.363062858005115,0
0.9649068225423676,2.3649881924233362,0
0.9705877201795019,2.3654685763937557,0
0.9761818633778958,2.369393384680432,0
0.9812129934862579,2.3723178493582715,0
0.9833384555946658,2.3736874470066383,0
0.9860283342218317,2.376056503232647,0
0.9907126933318899,2.3771661496111953,0
0.9939678033719339,2.3805341505257687,0
0.9982204931926226,2.383272232396159,0
1.001692841306081,2.3858251305336253,0
1.0065117358853808,2.3895615432806316,0
1.0111159728892591,2.3941114314893284,0
1.0149403435407809,2.3984758361964715,0
1.0181999354983873,2.401841010721121,0
1.0218906987545182,2.4035780637972444,0
1.0257968213004354,2.4045011988960745,0
1.0312653928647197,2.4057935880344417,0
1.0375151889381922,2.4072706041925684,0
1.0427691255630052,2.4093764545179397,0
1.0475944261153831,2.4131088275258072,0
1.0520679757610552,2.415029522667634,0
1.056970206751057,2.4153236665775637,0
1.0612299589873082,2.4180572947426207,0
1.0661320541616206,2.4183515243007356,0
1.072242742304498,2.417204657579127,0
1.0759354296161536,2.418940497306039,0
1.0806231841183038,2.420048002480101,0
1.0855243285828315,2.420342831575475,0
1.0902119472692995,2.4214504223977116,0
1.0951126842867769,2.421745508437624,0
1.0998001671575626,2.4228531849080426,0
1.1054817212371706,2.4233331549122568,0
1.1101690682922722,2.4244409170308536,0
1.1172688930074628,2.4226694557269077,0
1.1223804394893229,2.4221534930035418,0
1.1280602732369385,2.4226345478846945,0
1.1331036267568368,2.425551304226378,0
1.1376450071893203,2.4240395086983035,0
1.1423312677189514,2.4251479560023377,0
1.1490028638087644,2.4250027604363495,0
1.155315714484157,2.423050297885567,0
1.1627664073041082,2.4230910711608225,0
1.1673041659850192,2.4215815595842045,0
1.1746053609745744,2.419005002065461,0
1.1777280859603643,2.4197448805154025,0
1.181272384603032,2.4188626899881847,0
1.18460562478589,2.418791705245905,0
1.1877280781403226,2.419531754992203,0
1.1898593803231226,2.420897669768845,0
1.1922012882467854,2.421452664254481,0
1.1951134527636214,2.4230034344460343,0
1.196464435875134,2.424184151215041,0
1.1999474002478667,2.4267303545197976,0
1.2034308173395516,2.4292762723306183,0
1.20868627057283,2.4313811662513096,0
1.2118094482775739,2.4321207592073186,0
1.2172750092608702,2.433415046880331,0
1.222169340305257,2.433714172659382,0
1.2284155146271605,2.4351934727689724,0
1.233880917158828,2.43648786036486,0
1.2383564587678624,2.4384072993333845,0
1.243250178641679,2.4387068105292435,0
1.248506786308269,2.4408109764404102,0
1.2525655757172078,2.4443494438757227,0
1.257250749721372,2.4454585763651906,0
1.2630809641013307,2.4485564053271816,0
1.2689119028316025,2.45165377749888,0
1.2741705703693977,2.453756644412657,0
1.2794295548104522,2.4558593114806833,0
1.2850545508050146,2.459764663355884,0
1.2883372314288586,2.463115277689994,0
1.2938051691866228,2.4644080665198658,0
1.3002614512585406,2.4650767603817734,0
1.3047410447021441,2.466993644179606,0
1.310002066378459,2.4690950265249327,0
1.3137010464834589,2.4708268978861945,0
1.3181814548211594,2.47274326779495,0
1.3213062623141045,2.4734818329728014,0
1.325005808317787,2.475213347466646,0
1.3298554651494605,2.4789303609009643,0
1.3333495437723162,2.4814695553296886,0
1.333718543270864,2.4832703558769147,0
1.3362258394599227,2.4864326603195295,0
1.3379521601352273,2.489410180720725,0
1.3400907737290062,2.490771484770356,0
1.3432169393787898,2.491509193466417,0
1.347494755100982,2.494231430423582,0
1.3511970853261754,2.4959611891297406,0
1.3556812738670807,2.4978751751641646,0
1.3597947878493422,2.4979894169789105,0
1.3633317524450828,2.4971118514533863,0
1.3705708888143935,2.4979641445569065,0
1.375260137289068,2.499070707600989,0
1.3797445974613343,2.5009845223390528,0
1.3844339817516964,2.502090999734957,0
1.388305299357917,2.506425798721345,0
1.3925864652003046,2.5091459230234108,0
1.3960864291694612,2.511681406031016,0
1.3986008783178683,2.514839199669506,0
1.401115870729015,2.517996650715279,0
1.4036314064028907,2.521153759168328,0
1.4069295021068449,2.5244946524340506,0
1.408460292582184,2.5282735861783117,0
1.4115887218266998,2.529009867404703,0
1.415092035916052,2.5315432377572122,0
1.4150598341102931,2.534953260054653,0
1.4162172337133114,2.536934162542824,0
1.4195498400896511,2.536863577492049,0
1.4205041490863142,2.5396506610719527,0
1.4224444708945647,2.541815119977649,0
1.4271387445495378,2.542918514039087,0
1.429485881377028,2.543470211069806,0
1.4314268822636969,2.5456342417345965,0
1.434730138963637,2.5489718803694927,0
1.4368747284474992,2.5503294158992276,0
1.4413670659294322,2.5522382630428737,0
1.4460622902941935,2.553341057567053,0
1.4489899151630308,2.554882078140828,0
1.4536852753434708,2.555984787016829,0
1.4578003512060924,2.5560980438775047,0
1.4591631955539892,2.5572712807054963,0
1.464060650359107,2.557568436576414,0
1.466786791773849,2.559914624738461,0
1.4706997051039572,2.5608334774283144,0
1.4734510990886296,2.559774025624776,0
1.477162076245694,2.561498331396834,0
1.4793081144301894,2.5628549533459832,0
1.4834225564862855,2.562968609898167,0
1.4875367721829136,2.563082409197321,0
1.49066692175942,2.563817605546774,0
1.4947808205527853,2.5639316046916747,0
1.5004594772311428,2.564413401857056,0
1.503007939061094,2.5641600312223716,0
1.5077027559788032,2.565263082691093,0
1.5112341521315127,2.5643890287409405,0
1.5149658546690556,2.562710549486731,0
1.51965999250835,2.563814029196351,0
1.5235717740410912,2.564733595621032,0
1.5251364866541852,2.5651014221909065,0
1.5272832491889918,2.566457587349767,0
1.52864774596104,2.5676297821249037,0
1.5313770111365006,2.569974000378817,0
1.5346890732199352,2.573306086156741,0
1.5389843186215444,2.576017331597516,0
1.5422976935899229,2.5793485894430326,0
1.5489579717060913,2.579210531225339,0
1.5518887656075417,2.5807495533415867,0
1.556185595525461,2.583459799553605,0
1.5579502523482365,2.583023429214574,0
1.562646019975734,2.584125881146033,0
1.5653782730962416,2.586468215140002,0
1.569490655281136,2.586583170689572,0
1.5728201831686413,2.5865145269975365,0
1.579478695680919,2.586377582206179,0
1.584956774343068,2.587663975971971,0
1.588869687673176,2.588582828661824,0
1.5920000183372647,2.5893179108137048,0
1.5957146625177892,2.591039904084912,0
1.5980624784236976,2.5915911728747325,0
1.6019755049335345,2.592509954191101,0
1.6053039236596263,2.5924420099592,0
1.6094147213282106,2.592557964737537,0
1.61294054903788,2.5916874223627495,0
1.6166554422138262,2.59340925861229,0
1.6223307261360365,2.5938931827074683,0
1.6270329358612763,2.591601856946223,0
1.6313396485409193,2.59091615571165,0
1.6356459085016226,2.5902307399710054,0
1.640148785187753,2.588743225701858,0
1.6428895855490957,2.587690454456329,0
1.6464122894980449,2.5868218819896747,0
1.6493493444096643,2.584967240610787,0
1.651695666343052,2.585519451530587,0
1.6569738007955177,2.5876100422052843,0
1.662059542297456,2.5871103526360493,0
1.6645987099003126,2.5902525583058456,0
1.6677243640705495,2.594380304724101,0
1.6724155910198757,2.5988753352737533,0
1.677304045865208,2.6025678818780946,0
1.6818026308685958,2.6044727892054773,0
1.684541416630628,2.6034212884079473,0
1.6894313110293524,2.603723212027532,0
1.6923652060555838,2.605260278510343,0
1.695885601137908,2.604393162062742,0
1.7003842993210316,2.6062979980166396,0
1.709380328383192,2.6067188170020614,0
1.7146589516792634,2.6054193842292577,0
1.7189597790126143,2.6047373944157997,0
1.7252173618519535,2.6062095000782968,0
1.730498280525941,2.6082983349653155,0
1.736561759229998,2.610570954664997,0
1.7771116164905258,2.5693723827676713,0
1.7815960448796098,2.567896502376257,0
1.7876412924988578,2.5667909038025307,0
1.7923172897971273,2.564516108139955,0
1.792703415560533,2.5629163933376766,0
1.7930895413239458,2.5613166785353982,0
1.7940631496364148,2.5607018763949227,0
1.7967907306045348,2.559657441572213,0
1.7967907306045348,2.559657441572213,0
1.7963962203933903,2.5578727286080607,0
1.7973696476182806,2.5572580406651575,0
1.7967822103411137,2.556273099453964,0
1.7963962203933903,2.5578727286080607,0
1.7960102304456669,2.5594723577621608,0
1.7969837029424518,2.5588576412698636,0
1.797176675280367,2.5580578409675105,0
1.7940548557324654,2.5573173915297076,0
1.7946422703736857,2.5583023470156014,0
1.7942479186141682,2.55651753412857,0
1.7942479186141682,2.55651753412857,0
1.795028350865195,2.5567026607627135,0
1.7965892153672538,2.5570729140310107,0
1.7965892153672538,2.5570729140310107,0
1.7963962203933903,2.5578727286080607,0
1.7956157655064136,2.557687616248611,0
1.7950367126769837,2.560087102803841,0
1.7950367126769837,2.560087102803841,0
1.797176675280367,2.5580578409675105,0
1.797176675280367,2.5580578409675105,0
1.797176675280367,2.5580578409675105,0
1.79796587679024,2.5616271526982466,0
1.797185331359474,2.5614420974375847,0
1.8006932313988866,2.560582860622503,0
1.803420314376174,2.55953873984312,0
1.8044029862147983,2.5623079372281765,0
1.8063591984580487,2.564462375296852,0
1.807535068994067,2.5664316296326,0
1.8100694739007466,2.5661871235845055,0
1.8114381356870979,2.5673566918154727,0
1.8145605890415233,2.568096741561771,0
1.816698967128593,2.5660684789542003,0
1.8186559716300028,2.5682224174084958,0
1.8231355332904151,2.566749606076847,0
1.827818670059326,2.5678600232890147,0
1.8326937379125674,2.568171296834876,0
1.8383490116573729,2.5686678397618508,0
1.8440039684989102,2.569164582534576,0
1.8480977439351296,2.5692912718847545,0
1.8537521122420362,2.569788385799594,0
1.85940616364568,2.5702856995601806,0
1.8637063889556948,2.5729938045677088,0
1.8691694147128946,2.57428969100674,0
1.874823171849222,2.574787190338391,0
1.880095466227294,2.57688146388481,0
1.88555849198449,2.578177350323841,0
1.8902604936447283,2.582665586117912,0
1.8951538604906268,2.5863550351130904,0
1.8986768452181781,2.588876000754251,0
1.9014196014182296,2.591211711288988,0
1.9061036888969216,2.5923215289639003,0
1.9104085319401793,2.595026721933319,0
1.9154946900364145,2.5979164848237204,0
1.918451796055864,2.602828629146689,0
1.9231612223068186,2.6073121828402748,0
1.9264988630106963,2.610628138211027,0
1.9288670830523529,2.614556254903384,0
1.9304548029351416,2.6182992877856854,0
1.9328243811336332,2.6222265479962417,0
1.9347908021891183,2.6243745481767533,0
1.9383203060694925,2.626891402705283,0
1.9406645228597785,2.6274449411718663,0
1.9426317135374642,2.6295924560126878,0
1.9455690944995858,2.631127324192228,0
1.9489115340242922,2.6344402533272984,0
1.950879675411766,2.636587168630868,0
1.9526599149135233,2.639530686704745,0
1.9569737670638023,2.6422301983449152,0
1.9612881624768264,2.6449293673923684,0
1.9657908672226174,2.646831676724968,0
1.9693244003016073,2.64934599035751,0
1.9750164892439486,2.6532090320319774,0
1.9783638181332677,2.6565188778325854,0
1.9814916135712526,2.657255558750485,0
1.9840578764030248,2.6603806776084546,0
1.988562935287332,2.6622815023726076,0
1.9920992752237865,2.66479404594277,0
1.9954492525189362,2.668102221603874,0
1.9989866110730254,2.6706141228126867,0
2.002524422346063,2.673125738527574,0
2.0062491621590723,2.674841365284095,0
2.011501776751704,2.673558334137688,0
2.0161949638812082,2.674662413384567,0
2.0195098689467628,2.6746029911465357,0
2.0232347445754613,2.6763185322548715,0
2.0273316211364616,2.676443265971624,0
2.0320246724502837,2.6775474308666816,0
2.034185514544305,2.678894717164251,0
2.03616087679897,2.6810370788396014,0
2.039515585007102,2.6843422710891183,0
2.0414916489761374,2.686484190248869,0
2.0422740052826853,2.6866681035338047,0
2.0462270386586354,2.690951370865452,0
2.0493568260599844,2.6916867956100496,0
2.0540515071620113,2.6927899327269493,0
2.057963741413701,2.693709213657698,0
2.0614632208807215,2.692855287029758,0
2.065375228772936,2.6937747107074728,0
2.069102616991792,2.69548866732449,0
2.0734281945627764,2.6981807846718198,0
2.0781230114804856,2.699283836140541,0
2.081851124049649,2.7009973359672728,0
2.0851652368570512,2.7009384133436214,0
2.088893553149738,2.7026517846980838,0
2.09303681991398,2.706136978965663,0
2.0981472663816625,2.709011425106606,0
2.102659297137734,2.71090785326421,0
2.106804669045083,2.714391719985006,0
2.111733619600127,2.7180587291571214,0
2.1152810511507596,2.7205642781259485,0
2.118462774562442,2.7246566661207154,0
2.1239430715474263,2.725941660966239,0
2.1268918383910282,2.727469348973383,0
2.130075576402021,2.731560466520154,0
2.1336254299990145,2.7340644880964398,0
2.1383237781245015,2.735165312712489,0
2.139525046193377,2.737118550838641,0
2.143258251850682,2.7388288388586375,0
2.144095441568819,2.7423678882325717,0
2.145898498105449,2.745297017412277,0
2.1477019620891262,2.7482258896474363,0
2.149323771708545,2.7519474248366507,0
2.1517296579664986,2.7558517884338585,0
2.154136268574767,2.759755695240777,0
2.157509085540738,2.763049467733005,0
2.160519272856593,2.76792813789244,0
2.1638936743388797,2.771220911155911,0
2.166303363435979,2.7751228766040867,0
2.167929722880796,2.7788415425792827,0
2.1678069763986265,2.782986772176944,0
2.1702185669153025,2.786887538550612,0
2.170880960961199,2.7912149256455265,0
2.1717249867354127,2.7947496640610865,0
2.171603666317928,2.798893994352863,0
2.1735952132749077,2.8010261496201423,0
2.17776007473287,2.8044977258271615,0
2.1813218348381405,2.806994238913042,0
2.1850647739527815,2.808698388813493,0
2.1889885525375874,2.8096103896489737,0
2.192912331122397,2.810522390484458,0
2.194725302203942,2.813445267347049,0
2.1965386807325373,2.8163678872650983,0
2.199497973291635,2.8178889375383207,0
2.204207458303191,2.8189827390036406,0
2.206382130961014,2.8203213034615864,0
2.2081969355542874,2.8232430240737543,0
2.2109771316111626,2.825555124260312,0
2.213332281563993,2.8261017680484315,0
2.2174372617941245,2.826221391423797,0
2.2211827814067604,2.8279239140088386,0
2.2251751560591053,2.8321823719177814,0
2.228921490565849,2.8338843806137497,0
2.233700793986099,2.8383238683189163,0
2.2366626896791324,2.8398432770020285,0
2.242765962378538,2.8420908017850834,0
2.2453706157769133,2.8451917107576072,0
2.250153427769,2.849628985884806,0
2.2523311789156466,2.850965608984019,0
2.256687088656008,2.8536385982379002,0
2.2612218911750652,2.8555206660507153,0
2.2644366857057463,2.8595921987137416,0
2.268616215257552,2.863054524917363,0
2.273330453818044,2.864145328696395,0
2.276903282901536,2.86663486145563,0
2.279513006752108,2.869732572896119,0
2.283086809181338,2.8722214918434013,0
2.286661064329511,2.8747101252967475,0
2.29005835075451,2.877988466841952,0
2.2931016997331533,2.8828462245708657,0
2.298250038776608,2.885696774869693,0
2.30121752554863,2.8872126577027437,0
2.3063668379378086,2.890062594189615,0
2.3109072994436914,2.891941093328281,0
2.3154480325809352,2.8938194211705905,0
2.3205988389426437,2.8966684155274933,0
2.3257502791108777,2.899517010192884,0
2.3309023530856336,2.902365205166774,0
2.3354446481032447,2.904242548055013,0
2.3399872147522203,2.9061197196468953,0
2.3443543066505406,2.908785657200653,0
2.3476758666845967,2.9087220382018195,0
2.353005543189056,2.9107801253923533,0
2.3573736763409556,2.913445406310071,0
2.3620928042660623,2.9145331267546375,0
2.367598453512013,2.915802133939966,0
2.373104102757967,2.917071141125291,0
2.3779980037193624,2.9173705381235777,0
2.3825423586081698,2.9192465820144307,0
2.385862990568395,2.919183548278152,0
2.389969917489992,2.919301944029609,0
2.3940766180521145,2.9194204825280323,0
2.4035979622048274,2.917475703087952,0
2.407529663371193,2.9183827077796245,0
2.4106750243042825,2.919108311532959,0
2.414606725470641,2.9200153162246316,0
2.4194983854732506,2.9203161264178803,0
2.4234299734598785,2.9212232024830342,0
2.4276277702211537,2.9246740090064947,0
2.4313864413191695,2.9263682379928078,0
2.4341857421155595,2.928668290335434,0
2.4396909160066222,2.929937597289392,0
2.4442367648679557,2.9318126990502655,0
2.4479963866757544,2.9335063284993197,0
2.451315049308562,2.9334445366616535,0
2.4562064376798034,2.933745518151259,0
2.460925158157856,2.934833495540367,0
2.464857425222899,2.935740143364626,0
2.468101012678538,2.9397935186135733,0
2.4711734488494557,2.9446329333573473,0
2.4755495498548044,2.947293189581856,0
2.4799261941228785,2.949953103213648,0
2.483859932524499,2.9508588231826245,0
2.489639441495285,2.9546667359788117,0
2.4947030450407794,2.95418100706285,0
2.4994236669384016,2.9552677853774405,0
2.502228490905935,2.957564354694096,0
2.5077362000230927,2.958832062882035,0
2.513073097394738,2.9608855964443492,0
2.5166658913837487,2.963362538921178,0
2.5196428173457868,2.9648724692057513,0
2.52357734800556,2.965777689560344,0
2.5278526419903677,2.965111801604653,0
2.5308297943118845,2.9666215891422603,0
2.5339773282959115,2.9673458225247202,0
2.537294972311088,2.9672846730484004,0
2.541399273462801,2.9674047246646644,0
2.544716532666868,2.967343817858186,0
2.5484808174798133,2.969034506719744,0
2.5516281703762616,2.9697588542997764,0
2.5549451353130195,2.9696981330643553,0
2.556688333257764,2.9692752951377024,0
2.5600049812912573,2.9692147737480354,0
2.563152062556341,2.9699392926244315,0
2.568041934319119,2.970241230518706,0
2.5719756727207397,2.971146950487679,0
2.5745049845392742,2.9709056562463303,0
2.578438609761161,2.971811447588788,0
2.5831589600274185,2.9728983971997387,0
2.5859684017281985,2.975192054478285,0
2.5902394854267996,2.9745288216161683,0
2.5949598356930608,2.9756157712271154,0
2.598893460914944,2.976521562569573,0
2.602827086136827,2.977427353912031,0
2.606424429951236,2.9799014271748483,0
2.609403461056381,2.9814100299126345,0
2.6128336148768554,2.9846676445983675,0
2.614690590239931,2.9875627714507615,0
2.617954210508927,2.991603513593212,0
2.6213863789287046,2.9948598578309493,0
2.6230773413671074,2.998537783822041,0
2.6257235996366077,3.0016124559022046,0
2.6275830875898443,3.004505998263273,0
2.6294429829901276,3.0073992836798027,0
2.629895712857717,3.0091472821242924,0
2.6303485332690926,3.010895223469994,0
2.6319234773303712,3.0112565978770007,0
2.63220924356348,3.013787994997447,0
2.633449943452547,3.0157163666021134,0
2.6348579691512377,3.016861111135686,0
2.6381754547147906,3.016800061582238,0
2.641826686459705,3.0151723288744634,0
2.6451436287605112,3.0151116219137393,0
2.6460513068185207,3.0186062198824466,0
2.6484140624496426,3.0191480673725124,0
2.6523519885015148,3.0200511465226185,0
2.65628991455338,3.020954225672721,0
2.6586526701845017,3.021496073162787,0
2.662756948700263,3.021616139053741,0
2.6649533518674886,3.022940999802948,0
2.6674823241468175,3.022699919682047,0
2.668725106543036,3.024626978014627,0
2.670134196131251,3.025771051637456,0
2.672041618760847,3.0245665422731385,0
2.673616789181594,3.024927773933179,0
2.6739063356179074,3.0274567871792897,0
2.6754816418543363,3.027817933191155,0
2.6751497065487513,3.0293834743697623,0
2.6752736248714797,3.0326950440847256,0
2.6768492027392803,3.0330560188002273,0
2.678383410355437,3.0375109055791043,0
2.680706312343375,3.042145708727862,0
2.6822419912961095,3.04659966765146,0
2.682367516771091,3.049910223862966,0
2.682327595220073,3.054003222345756,0
2.6856071964678634,3.058033886552405,0
2.68573365001669,3.0613438575013525,0
2.6876029166991486,3.064231233193489,0
2.687895292628877,3.0667584621025235,0
2.6873990873665434,3.069105703268189,0
2.6870682838583235,3.070670530711965,0
2.6875262879016333,3.072415203152147,0
2.6889913365828733,3.085049349239803,0
2.6915239758856693,3.084805956618048,0
2.694680473704828,3.085524537220657,0
2.698131113057599,3.0887692333059675,0
2.702371691759261,3.0921930606528463,0
2.7047048931032265,3.096821368814652,0
2.708782605276877,3.101026011117405,0
2.7090782407830076,3.1035511844701276,0
2.7087490217910997,3.1051150126851432,0
2.7107886701360826,3.107216834222136,0
2.7136182578299497,3.1094977870207074,0
2.7150009621636357,3.1147263228577557,0
2.7173387133330067,3.1193517618055466,0
2.7192157894172873,3.122234212727353,0
2.7215550571951255,3.1268586952704673,0
2.7238952304108537,3.131482606825724,0
2.7238653365844954,3.1355692816179186,0
2.7254165437970634,3.1400134480996407,0
2.7263417873501794,3.14349696890379,0
2.7307574107194945,3.1461323015080325,0
2.7324743139534924,3.1497938686968077,0
2.7340281243000035,3.1542363935884232,0
2.7363735037836108,3.1588570219634597,0
2.738719788705115,3.1634770793506313,0
2.742812531147763,3.1676722432548345,0
2.7456504488702436,3.1699479429650523,0
2.7500710974198626,3.1725801065866435,0
2.7527468276927465,3.175636193011833,0
2.7562144213700392,3.17887019734939,0
2.7596826941257575,3.1821037734460447,0
2.763151645959887,3.1853369213018006,0
2.765038229142032,3.1882133768510315,0
2.7659710783734326,3.19169210135712,0
2.7667417854271363,3.1959511840287895,0
2.766254272368567,3.1982929437109533,0
2.768446971500442,3.2036879634283864,0
2.7695437285134297,3.2063852163425643,0
2.772224891413668,3.2094378768405676,0
2.7741144625408545,3.2123124481298504,0
2.775680156759698,3.2167474788057504,0
2.777570678596671,3.2196214505577707,0
2.7775527365504757,3.223700588310159,0
2.7797680407336927,3.2250135296877005,0
2.78229027576074,3.2288445213443673,0
2.784975037776597,3.2318949121656146,0
2.7879837672445866,3.2333847865014533,0
2.7898767337638652,3.2362572165862424,0
2.7922397692863647,3.240866710697933,0
2.795880958930688,3.2433131338734214,0
2.7998452558611575,3.2441995830019827,0
2.805234102731845,3.2462203561355913,0
2.8098303618478013,3.2480636681471253,0
2.8136339653012,3.2497295618606827,0
2.818230745043941,3.2515725455541933,0
2.823460143414657,3.254371978164489,0
2.826943582255055,3.2575959902144156,0
2.8307484985933975,3.2592610559955695,0
2.833439915577749,3.2623072500560113,0
2.835498895021722,3.264396881002103,0
2.8388243793346746,3.268398610398741,0
2.8440574673647916,3.2711957162334855,0
2.8478642851227036,3.272859582940125,0
2.851511586472803,3.2753021519475354,0
2.8535724447003936,3.277390598093806,0
2.8561078991206656,3.281213253327657,0
2.8578504488829424,3.2848586472851906,0
2.8595935419079623,3.2885036986500005,0
2.859115196408048,3.2908396770800437,0
2.860383964871758,3.292750348060917,0
2.8632406704304927,3.295014199772961,0
2.8633973882408483,3.2983050854525473,0
2.864983183180886,3.3027274401978595,0
2.8657754622923584,3.3069729190836696,0
2.865773886036063,3.311041736230404,0
2.8665669574056913,3.3152867155018306,0
2.8681550159404594,3.319707642777484,0
2.8684724951357303,3.322219041047987,0
2.8700615496521813,3.326639340236987,0
2.8702205536932155,3.3299287841722176,0
2.870379738821832,3.3332181139098758,0
2.871175232237821,3.337461565788761,0
2.8711760553919348,3.3415288698176617,0
2.8703818687449605,3.3454202401170328,0
2.871178380778577,3.349663049634568,0
2.8721340923167453,3.3531273566970867,0
2.8746812268858193,3.3569426461874876,0
2.875637843861881,3.360406382262145,0
2.8783447664701356,3.363442798155411,0
2.8800980230354902,3.3670814401814475,0
2.88137276738928,3.3689883426424245,0
2.883443562797744,3.3710705221968915,0
2.8853563584068525,3.3739304476474565,0
2.886631781839071,3.3758369218675384,0
2.887591024585017,3.379299002077385,0
2.8883924938910894,3.383538685436367,0
2.887443680200917,3.3882056747020393,0
2.888087783514173,3.3932227042656145,0
2.888568106601511,3.3949533018549474,0
2.889206565303887,3.3959060679000004,0
2.888890475161407,3.3974616167909844,0
2.889851619326926,3.4009224979263166,0
2.8908131256675986,3.4043831506665043,0
2.8908202189791155,3.408446500604448,0
2.891940291017818,3.411129050581124,0
2.8921057689397784,3.4144144119531283,0
2.893699817740572,3.4147637385162,0
2.8948205462217445,3.4174458745266705,0
2.8960992745022693,3.41935026464105,0
2.895626089998334,3.421682988440267,0
2.898026723829286,3.426268772280892,0
2.8972294051615783,3.426094294570408,0
2.898026723829286,3.426268772280892,0
2.895161651230069,3.428078020124577,0
2.895643672013456,3.429807547111661,0
2.8954951423000885,3.4346471441025592,0
2.8942245259487116,3.4368054615647807,0
2.8935937943643815,3.439915645766167,0
2.895031608969717,3.441041604799011,0
2.895514127743944,3.4427708177427654,0
2.896321867207419,3.4470065470107905,0
2.8968046802489624,3.448735574383491,0
2.898568620981436,3.4523674787527305,0
2.899692405315495,3.455047687679162,0
2.900018282447217,3.457553790037224,0
2.90177200610745,3.457124314376653,0
2.9014572741218103,3.458679006785843,0
2.9019407888777167,3.460407591642948,0
2.902739035619266,3.4605814840908664,0
2.903379984275837,3.4615326799192943,0
2.903379984275837,3.4615326799192943,0
2.9041782536533347,3.4617065580925157,0
2.9041782536533347,3.4617065580925157,0
2.9061014391622564,3.464559931457341,0
2.904831411345505,3.466717877777455,0
2.9043597208140994,3.4690496594466964,0
2.905170742489929,3.473283318883709,0
2.907736710167157,3.477086731826539,0
2.9120578954771297,3.4804597269788076,0
2.914625402398773,3.484262169242271,0
2.9173504111289077,3.4872871796529523,0
2.921517263663006,3.491435608200476,0
2.92297480243845,3.496616951890555,0
2.9258583542306695,3.498863873812418,0
2.9292287482630535,3.5028372822109937,0
2.932756304564734,3.506033472877238,0
2.9357974713451895,3.5075028915728446,0
2.93852666772559,3.510525261164659,0
2.941412392568747,3.5127708127156474,0
2.9436548825246653,3.514066610182571,0
2.9449421219213683,3.5159656330110245,0
2.946717516443176,3.519590314383777,0
2.947849494990159,3.52226535587004,0
2.9480262456138746,3.525543608443133,0
2.9491587447876384,3.5282183216113694,0
2.9486916719894793,3.5305471912425084,0
2.9488689206040313,3.5338251297722785,0
2.94840191571371,3.536153956579323,0
2.950646556084621,3.537448397950069,0
2.950335355306759,3.5390008635065833,0
2.9509799257148934,3.5399497753835547,0
2.951291081220866,3.538397338376427,0
2.9511355034678814,3.539173556879991,0
2.950335355306759,3.5390008635065833,0
2.9493795841207557,3.5396044171861405,0
2.9495352071456367,3.538828170133179,0
2.9514466589738504,3.537621119872867,0
2.9509799257148934,3.5399497753835547,0
2.952113669865767,3.5426237034434784,0
2.9534031728572003,3.544521298802273,0
2.9554931861849063,3.546591359139324,0
2.9577388225374968,3.547885172423417,0
2.960784969226367,3.549351450685773,0
2.962720513962509,3.552197030066253,0
2.9651218412478215,3.5527145534733044,0
2.9675231685331305,3.5532320768803523,0
2.970079485036795,3.552973752925954,0
2.9726356657247806,3.552715514619731,0
2.9742364600378615,3.553060587323216,0
2.9777476196536874,3.5521992949518264,0
2.980148675307632,3.552716989655231,0
2.9812584170943595,3.551338230975581,0
2.986060256770873,3.5523737916787574,0
2.9891070146303242,3.5538396845243057,0
2.991353601692694,3.5551328982711397,0
2.9936003245707568,3.556426026369799,0
2.9952010736119483,3.556771127622678,0
2.996464242736664,3.5546175065356387,0
2.997264549349417,3.554790099986171,0
2.998402571694328,3.5574613301284366,0
2.9992029462149254,3.557633880754878,0
3.0008036952561135,3.5579789820077536,0
3.0006199274887386,3.5547051545906108,0
2.999973817836185,3.553757213393009,0
3.0007740791770416,3.553929835392932,0
3.0030207794191526,3.555222977766288,0
3.0057296630948116,3.554190333842975,0
3.008468841927961,3.557206408293581,0
3.008961343154951,3.558929326096141,0
3.0094539349257197,3.5606521867999135,0
3.008653537769181,3.5604796504481726,0
3.0054519491430085,3.559789505041195,0
3.0081609912702945,3.5587567611949993,0
3.0081609912702945,3.5587567611949993,0
3.008961343154951,3.558929326096141,0
3.0073606393856522,3.558584196293868,0
3.0062523462995507,3.559962041392943,0
3.004989969432984,3.562115162865595,0
3.0030809622870827,3.5633206714586763,0
3.0019723296617755,3.564698730678195,0
3.001510146228231,3.5670245169748647,0
3.0008939016501657,3.570125565370425,0
3.000277657072104,3.5732266137659856,0
3.0004317182166176,3.5724513516670946,0
3.000924423167131,3.5741741409973855,0
3.001571234534051,3.575121639679388,0
3.0018792662792926,3.5735711725803974,0
3.0007703846585585,3.5749493888215795,0
3.0011091869161852,3.577447340327879,0
3.001571234534051,3.575121639679388,0
3.001725250406672,3.574346406129891,0
3.001263202788806,3.576672106778382,0
3.001263202788806,3.576672106778382,0
3.0000001921157207,3.578825627942546,0
3.0003391075530814,3.5813235080753607,0
3.0009861452794695,3.5822708640104004,0
2.999415012317357,3.585974909372343,0
2.999754199386082,3.5884726182088045,0
2.9984909170816323,3.590626310669329,0
2.9983369012090115,3.5914015442188223,0
2.9989842332027195,3.592348714582805,0
3.000125085041038,3.595018160387994,0
3.0012662085107245,3.59768743489683,0
3.0000029488422157,3.5998411130826575,0
2.999047449287584,3.6004444954658474,0
2.998585605393245,3.6027700676420658,0
2.998431657428469,3.603545258367472,0
2.998925471540396,3.6052673482376285,0
3.000375011566426,3.6063859129776255,0
3.001484459085841,3.6050073398690294,0
3.0013306016648507,3.605782473495651,0
3.0019784769212947,3.606729301266917,0
3.000221131509491,3.607161060878944,0
2.9997271815818856,3.6054390566569694,0
3.000188889660535,3.6031135701289294,0
3.000836651737238,3.604060469273673,0
3.0016708073512106,3.608279539970763,0
3.003614840567586,3.6111197663400105,0
3.004449924255397,3.6153382517745385,0
3.0044833884455038,3.619384971690941,0
3.0043634026616814,3.62420656828942,0
3.0055069255417806,3.626874329680412,0
3.0074530639012593,3.629713228502883,0
3.009553104953625,3.631776965149335,0
3.0106975332716104,3.634444155552469,0
3.0099302834019177,3.638318538962878,0
3.0101191442574375,3.6415891545732926,0
3.0104615909025796,3.644084807853435,0
3.008088883714656,3.647617059147855,0
3.0072860418758083,3.647446064463349,0
3.0056803581981093,3.647104075094326,0
3.0033068587520333,3.650636826003133,0
3.004263354288348,3.6500328155332937,0
3.0028110753126924,3.648915978031585,0
2.9997531126593344,3.647457151160854,0
2.997002864847957,3.644448057036886,0
2.998113172533369,3.6430689414898154,0
2.997310398602359,3.642897903981215,0
2.998608503253763,3.6447900749552993,0
2.997651939809611,3.6453941282492295,0
2.9991039245179465,3.646511151321995,0
2.9991039245179465,3.646511151321995,0
2.994474353547581,3.6487566695818394,0
2.990800825394583,3.6503984628657733,0
2.9877758742123923,3.652986641405377,0
2.9839471757534604,3.655404396248329,0
2.980921047502008,3.657993317072158,0
2.9806127893972985,3.6595439269181185,0
2.9788519354136653,3.6599778991081244,0
2.9788519354136653,3.6599778991081244,0
2.9788519354136653,3.6599778991081244,0
2.979809449567604,3.6593732462769353,0
2.979809449567604,3.6593732462769353,0
2.9799636012559105,3.6585979270792564,0
2.979809449567604,3.6593732462769353,0
2.9806127893972985,3.6595439269181185,0
2.9806127893972985,3.6595439269181185,0
2.9793469945026914,3.661699203869965,0
2.9827478791560793,3.665653384252213,0
2.9832769230620073,3.671421080612429,0
2.987483433775761,3.6755444998915046,0
2.988783304031056,3.6774355574392494,0
2.9916910310149945,3.6796672339851426,0
2.994942177989799,3.6843939499992295,0
2.998654942499467,3.686795236584061,0
3.0022147776619903,3.689971071532952,0
3.0073835560786186,3.693486840294547,0
3.0148128879371043,3.698287015315188,0
3.018222464794256,3.702235714213934,0
3.0246569701976505,3.7035962488477807,0
3.0331575318365047,3.7029741285297035,0
3.1189447431694184,3.701005141891528,0
3.1245704987517158,3.702198407536681,0
3.1288886878566444,3.701505469030927,0
3.130346105192338,3.7026190661765064,0
3.133860252753209,3.701755889545165,0
3.1367201643564435,3.6999498963323028,0
3.1432980241012807,3.7005419207987558,0
3.1498755216709604,3.7011341736603462,0
3.1543981225271978,3.703702044048434,0
3.160677457624658,3.705838540241306,0
3.1642485881248774,3.7090072521165958,0
3.1700227685008144,3.709428810062306,0
3.173237214345047,3.710110847441605,0
3.176897342017252,3.7084775047780596,0
3.180111516230113,3.7091597134537224,0
3.182163877717464,3.7071856946932478,0
3.1848710184251807,3.7061541499215664,0
3.1874295985235754,3.705894398497506,0
3.190284484946517,3.7040915742672915,0
3.195696864942377,3.702029683798454,0
3.200812259535276,3.7015112943766653,0
3.2041729344862553,3.701423008702097,0
3.210746063318112,3.702018016580137,0
3.2141062855501517,3.7019300163995084,0
3.21717133325501,3.7033843752901987,0
3.221481894045695,3.7026962473572027,0
3.222285007515918,3.7028670707453557,0
3.226153327142626,3.7044921531013166,0
3.2311192556883093,3.7047461280150102,0
3.234184688204273,3.706200244235859,0
3.237250301807812,3.707654246259132,0
3.2407566173309235,3.7067960086728178,0
3.2407566173309235,3.7067960086728178,0
3.24250963927679,3.706366975527839,0
3.242803229287656,3.7048256156852766,0
3.245359093072377,3.704567577224811,0
3.2457992743651545,3.7022556659332366,0
3.2476985480537195,3.7010562954597006,0
3.248648116990161,3.7004566530470164,0
3.2474824561536053,3.6978028523093016,0
3.2476291606152508,3.6970322294868083,0
3.247775865076896,3.6962616066643115,0
3.246973091145893,3.6960905691557144,0
3.247775865076896,3.6962616066643115,0
3.246973091145893,3.6960905691557144,0
3.247775865076896,3.6962616066643115,0
3.247775865076896,3.6962616066643115,0
3.246679636950706,3.697631843350095,0
3.246826364048296,3.696861206252901,0
3.246532909853112,3.6984024804472853,0
3.246386182755522,3.6991731175444755,0
3.2474824561536053,3.6978028523093016,0
3.2476291606152508,3.6970322294868083,0
3.2473357516919634,3.698573475131795,0
3.248648116990161,3.7004566530470164,0
3.2503238219128505,3.7048223086974232,0
3.251853682539899,3.709958044731845,0
3.252070815693589,3.7132108312461973,0
3.251848695628336,3.7187749437895583,0
3.2508233489131335,3.7241683043182547,0
3.2556446102324337,3.7251916173317454,0
3.258858784445298,3.7258738260074047,0
3.261415598939802,3.72561518800968,0
3.266894219977459,3.7275793476965546,0
3.27251902484997,3.728773212878963,0
3.2779981212425255,3.7307370727972184,0
3.282161547488567,3.730819838905944,0
3.287273727776949,3.730303476491077,0
3.2915819117931697,3.729616847401225,0
3.2973512707123334,3.73004144585731,0
3.301368422579735,3.7308945635693043,0
3.3048721123329514,3.73003798184779,0
3.3098372712564306,3.7302924421011667,0
3.312536919465593,3.7292656222540685,0
3.3156054983782326,3.730717754292087,0
3.3181601398217992,3.7304604866652333,0
3.3228992696642976,3.7274677703600254,0
3.3296135571507115,3.727295652716233,0
3.332311552935721,3.726269874921986,0
3.334720893346372,3.7267823450864377,0
3.3385097525380623,3.724389713709506,0
3.3420098658116153,3.723535387390058,0
3.343903752144726,3.7223394142943107,0
3.347547106579981,3.7207166491809467,0
3.3499557000043723,3.7212295904103847,0
3.351046133328058,3.7198630080469357,0
3.3523642934287636,3.7217425316398263,0
3.3523642934287636,3.7217425316398263,0
3.3523642934287636,3.7217425316398263,0
3.354916558097866,3.7214867628561166,0
3.3582715061541784,3.7214020886797954,0
3.3619132534371836,3.719780337069892,0
3.3632318662568323,3.7216595751688466,0
3.3640346628237836,3.72183059840275,0
3.3656402559577003,3.7221726448705574,0
3.3692244473995068,3.7253331202459066,0
3.369367711197164,3.7245646671772974,0
3.3692244473995068,3.7253331202459066,0
3.373238769773497,3.72618802229497,0
3.379804655102216,3.726787598075923,0
3.301156628498667,3.8164540601608756,0
3.302479134701251,3.8183308430120206,0
3.3035127138981153,3.8217460451182212,0
3.3029344977115116,3.824823112023484,0
3.303162450848003,3.8280690752328574,0
3.3043413310777794,3.830714539547756,0
3.303618900383732,3.834560659058887,0
3.3034744142449206,3.835329882961119,0
3.301717136740958,3.835761599749059,0
3.3001879708251245,3.839439179823497,0
3.297707357189225,3.8437175871104365,0
3.2969843605964932,3.847564063488985,0
3.295309871011799,3.8520113956294217,0
3.2960561982630345,3.856963960663137,0
3.295188738167443,3.8615796466692167,0
3.293369377632832,3.866796445381727,0
3.291838944103951,3.870474824839171,0
3.2911158343314852,3.8743213725912042,0
3.2890667324205403,3.876293335795367,0
3.2867279338816715,3.8798042035942792,0
3.2827729938574493,3.8829796769340064,0
3.2794802350083607,3.8870929564367387,0
3.2772846097233526,3.8898354282658225,0
3.276704944836119,3.892913408751671,0
3.277886654559307,3.895557088729497,0
3.2781154904977434,3.8988024952256986,0
3.2801061084936585,3.901613344269343,0
3.2793822064630334,3.9054603916357564,0
3.2804202675774654,3.9088727673520296,0
3.28293141010311,3.913388862123835,0
3.2847792170203114,3.916967878742156,0
3.286338549650729,3.922085029121604,0
3.2870896304509003,3.9270345964690314,0
3.2887948526488664,3.931381637915063,0
3.2896914608414214,3.935561324724219,0
3.2913979280164867,3.9399075810619415,0
3.293105074269967,3.9442534091587618,0
3.2940032669788373,3.9484320967391575,0
3.294092166603871,3.9524438579235692,0
3.2948470502431846,3.9573910271219717,0
3.2950806170946088,3.9606334502065828,0
3.296124427739649,3.9640422001499225,0
3.29650245809394,3.9665154136070093,0
3.2975468572736055,3.9699237924082382,0
3.3002122420313427,3.97366451088358,0
3.3019241418337586,3.978007341294113,0
3.304590975292129,3.981747146188873,0
3.306304278523278,3.986089091568214,0
3.3068276551823708,3.987792538684605,0
3.3065404032367454,3.989329901612116,0
3.304918964939734,3.988997847431932,0
3.304108245791223,3.9888318203418436,0
3.304918964939734,3.988997847431932,0
3.304918964939734,3.988997847431932,0
3.304108245791223,3.9888318203418436,0
3.3058733326970007,3.9883951787835734,0
3.30668402920956,3.9885612201483625,0
3.309639744401757,3.9907626343374574,0
3.3125958217691114,3.9929638201314006,0
3.3155522613116233,3.9951647775301993,0
3.31621976193437,3.99609922913951,0
3.3183657992316355,3.9981339596024696,0
3.32160940017598,3.9987976111725416,0
3.325377781208161,4.00116382482782,0
3.331054399764028,4.002325015229697,0
3.337016504661637,4.001949956130403,0
3.3436462686336164,4.0025092487175336,0
3.3505604324218687,4.00153297698893,0
3.35909499325356,4.000889416076561,0
3.3684388698050327,4.000412767285461,0
3.375632883584146,3.9979038004551377,0
3.3834940131748965,3.99632952790396,0
3.391777464296009,3.992454606796837,0
3.4001991766704336,3.987814387329049,0
3.4114349702275995,3.986143007340811,0
3.4203787011042763,3.983207091471211,0
3.430129461470049,3.9804395294672474,0
3.4404066996196967,3.9793734589462417,0
3.4474435058576134,3.977641738397633,0
3.457577140670402,3.977344335065684,0
3.462992055892361,3.9752808458308273,0
3.4696066085077604,3.9758497310140832,0
3.477169258723027,3.975819901639934,0
3.483251448208268,3.9746910067613506,0
3.488245875411593,3.9749270098320153,0
3.4933786996839125,3.9743976288938434,0
3.500129295229783,3.9742026146367024,0
3.5051225906357466,3.9744393314421984,0
3.509306502414095,3.974509178950509,0
3.5144373799949413,3.973981025636242,0
3.5186207032386605,3.974051244286663,0
3.5228038001229045,3.9741216056840436,0
3.52603988593275,3.974789996453392,0
3.5284669502901345,3.975291289530407,0
3.5331834968300164,3.977058745804186,0
3.5362821815525507,3.9784918924957253,0
3.5388468054488804,3.9782283297276706,0
3.5420829818025084,3.9788966633982312,0
3.545593643427498,3.9780356850701644,0
3.5499128964219473,3.9773420756536737,0
3.554368712973652,3.97588423847877,0
3.559632668175876,3.974594055709364,0
3.56448557454949,3.9755974126970024,0
3.5704204710384495,3.9752395117830233,0
3.5756824569132597,3.9739505709122227,0
3.581343388757656,3.975121653678851,0
3.5861956160528514,3.9761254389073883,0
3.5919925455558186,3.976532650783014,0
3.5965729133495508,3.9790640921453715,0
3.60061654927528,3.979900508462336,0
3.6046601852010163,3.9807369247793005,0
3.608703821126749,3.981573341096265,0
3.612476638804594,3.9839367569110067,0
3.617058726930317,3.9864671133964187,0
3.620158815081588,3.9878993750567666,0
3.624608225660211,3.9864455776210015,0
3.6305394551257066,3.9860899892078727,0
3.6372787326979363,3.985902112299037,0
3.6422654184072876,3.986142997315941,0
3.6480604691266336,3.986551393991384,0
3.652103652333416,3.9873880958022774,0
3.65789827296976,3.987796763696956,0
3.6634245653124218,3.9897308608727897,0
3.668951174558341,3.991664758202866,0
3.6746117894994725,3.992836040815245,0
3.6820232080636437,3.9935796892029174,0
3.6895675005256585,3.9935614366077097,0
3.695094517218628,3.995495076993251,0
3.7012975456505295,3.9983578017021735,0
3.7077668198689686,3.9996964104020343,0
3.713029628010659,4.003152882073945,0
3.7193670243129304,4.0052527636700255,0
3.7248960103333175,4.007185162156958,0
3.7286755735234536,4.009544324112113,0
3.7342053065301,4.011476251534056,0
3.738117630438353,4.013073583879827,0
3.7435162325150912,4.015766313133,0
3.7472975613091144,4.018124361661819,0
3.751342329032216,4.018960064243952,0
3.7561960502999305,4.019962907342514,0
3.761858725112269,4.0211328909574995,0
3.766843509402051,4.021374975048921,0
3.772375121192322,4.02330571767105,0
3.778168542123467,4.023715142124651,0
3.7830221275754994,4.024718070871394,0
3.7877452385400936,4.026481387483162,0
3.7915292836477974,4.028837723048387,0
3.7954440296024075,4.03043352800162,0
3.7977409137396734,4.0316950233726025,0
3.8007169107406433,4.033883647433534,0
3.805311539181176,4.036406095737036,0
3.808158487759389,4.039354208357111,0
3.8119450001853465,4.041708987980407,0
3.813983696933313,4.044489517568465,0
3.8168321847559454,4.047436659509174,0
3.819001288083502,4.049456844056287,0
3.821170663042434,4.051476857307044,0
3.821721270746121,4.0531631319634265,0
3.8255102278543873,4.055516369919484,0
3.8286192572048385,4.056942993074674,0
3.8310480192582688,4.057443215549441,0
3.8356474917915158,4.059962609067867,0
3.839308917085493,4.063074379178399,0
3.841738018678136,4.063574387532714,0
3.8459152528520306,4.06364844607652,0
3.850092260666454,4.063722647367289,0
3.8542690421213983,4.063796991405027,0
3.859126837859634,4.0647972650582,0
3.8623653683517816,4.065464114160314,0
3.86560389884394,4.066130963262431,0
3.867776556015219,4.068148906682179,0
3.8723786543183536,4.070666644335798,0
3.877663238241343,4.0741093837495725,0
3.881329054909095,4.077218384568969,0
3.8849955506552654,4.080326957147456,0
3.8886627254798576,4.083435101485051,0
3.893267992815616,4.08595084068115,0
3.898556696481016,4.0893909821001415,0
3.903163231429815,4.091905921913224,0
3.908024150928771,4.092904225658263,0
3.9119481097139293,4.094494220809974,0
3.9174926919020017,4.0964167840309536,0
3.9222273698356673,4.098172806272757,0
3.9270886967816807,4.099170853073257,0
3.9313923309724927,4.0984870931974235,0
3.9348853818304868,4.097637220583312,0
3.9391881558553017,4.0969540031459495,0
3.943490477161177,4.096271071202519,0
3.9476665116298655,4.096345886305244,0
3.952652314537275,4.096587328035312,0
3.9568278736510685,4.096662442906666,0
3.961128678348473,4.095980467367909,0
3.964619148708472,4.095132222069214,0
3.9686685568007647,4.095964998338545,0
3.9730934300125185,4.09452667467389,0
3.976582813847049,4.093679114560636,0
3.980321783410904,4.091317944615014,0
3.9832504412733023,4.088790490634764,0
3.9849944767480956,4.088367124544337,0
3.987672756623013,4.0873537800108295,0
3.986863237179712,4.087186996361815,0
3.990910834396221,4.088020914606879,0
3.993214758313094,4.089277970547219,0
3.9957679510560347,4.0890216165009505,0
4.000188908248905,4.087585762358806,0
4.005169934971434,4.087830216049863,0
4.009092875138965,4.0894208535629275,0
4.012578908853293,4.088575406104763,0
4.019425957057816,4.087641458851589,0
4.022910994790465,4.086796639480081,0
4.0273286471350325,4.0853628694436495,0
4.031745620401182,4.083929527648113,0
4.03522929997699,4.083085564758402,0
4.039837193082633,4.085599648089691,0
4.043759703167169,4.087190556821987,0
4.046996422783536,4.0878585478998275,0
4.0524146275906325,4.090538915265743,0
4.056337839389531,4.092129381482444,0
4.059452007100017,4.093552764281508,0
4.060947769730433,4.094642180091039,0
4.065803528233406,4.095643738466904,0
4.070536780102387,4.097400660014593,0
4.075515045239349,4.097646855218635,0
4.081180096826152,4.098815339990484,0
4.086723094497913,4.10073890244022,0
4.090525791626185,4.1030834756554455,0
4.093519535209843,4.105260908354239,0
4.098010829663735,4.108526629161538,0
4.10088385485324,4.111458297331126,0
4.104122023170241,4.112125374828391,0
4.107117305998305,4.114301836847815,0
4.111043913189299,4.11589016186003,0
4.114849530354771,4.118232893639391,0
4.117845899708307,4.120408670473381,0
4.120963666534422,4.1218297835956825,0
4.1244076717801725,4.126434879194704,0
4.126474618190365,4.1291975939614005,0
4.129472707875895,4.131372285918449,0
4.130609733351896,4.134722252661174,0
4.131747121003052,4.138071991008747,0
4.1345053131447,4.141754183228013,0
4.134833294532292,4.144937066553101,0
4.134351054762213,4.147953608744764,0
4.133868814992134,4.1509701509364305,0
4.132575991889233,4.153820580389823,0
4.133835546635165,4.156415169686028,0
4.134043624522704,4.160351774592822,0
4.135062806369859,4.164454163919871,0
4.133769960631007,4.1673046076479565,0
4.134099051180016,4.170486791512911,0
4.1344283228166,4.1736688611802855,0
4.132685532318909,4.1740914421624,0
4.130942651277429,4.174514080243302,0
4.131392301768958,4.176942128560331,0
4.131721596041487,4.180124183953012,0
4.131360119937458,4.182386462124491,0
4.1323807278492914,4.186487952145654,0
4.13271056538456,4.189669664945619,0
4.13535539581493,4.194101453359277,0
4.136377429791441,4.198202044074549,0
4.137279673447644,4.2030562849980555,0
4.139114758075237,4.207321432509673,0
4.1410706290048225,4.210832301726409,0
4.1410422273765235,4.2162742514162375,0
4.141254266554842,4.220208358251128,0
4.141586571408361,4.223388515109161,0
4.1420390740292525,4.2258147648144195,0
4.143997140645723,4.229324249385584,0
4.144450073349606,4.231750227871611,0
4.145382755869367,4.231161234382597,0
4.147581353836252,4.233162819000036,0
4.1490871668272575,4.234245896844275,0
4.151286194877137,4.236247210242485,0
4.155685065871008,4.240249323149822,0
4.157884908814989,4.242250122658945,0
4.163098505520036,4.246415736035079,0
4.165873810437841,4.250087136583712,0
4.170395527604903,4.253333672198771,0
4.174104737383615,4.256415308424778,0
4.175612406522305,4.257497215743896,0
4.17793353375912,4.258743422914815,0
4.180254796811617,4.2599895444375555,0
4.1832708594393075,4.262152902285507,0
4.18698212908923,4.265233239514114,0
4.192362828556973,4.268485436926152,0
4.196332181080692,4.270291783892219,0
4.20041993054928,4.271345338806672,0
4.203547569084577,4.273091751894928,0
4.207159845806956,4.277157325495452,0
4.208248125008147,4.281042581099928,0
4.20873274973118,4.283361747687046,0
4.209939466269397,4.2864941930153435,0
4.2105427437542176,4.288060452128619,0
4.21307423717435,4.293572702604962,0
4.213558323335469,4.295892112186262,0
4.216326785677982,4.299898699586279,0
4.218373021564833,4.303092068993664,0
4.218975666239409,4.304658613625101,0
4.221140527959953,4.307099087708345,0
4.221140527959953,4.307099087708345,0
4.255959763930953,4.296648229245434,0
4.260283903367885,4.296196382302298,0
4.2642461773781335,4.292670608467585,0
4.268930233530472,4.289958253095698,0
4.271333477898423,4.290892426242898,0
4.273976397462352,4.290319715268012,0
4.273976397462352,4.290319715268012,0
4.273135370140373,4.290259471572629,0
4.274697533330148,4.291133425323856,0
4.275899887516896,4.294267838905004,0
4.279984701823082,4.2953227181377365,0
4.281907410962855,4.299271194116287,0
4.286592365630742,4.301893747903382,0
4.29043603715974,4.304456173417336,0
4.294038821728453,4.308526029790265,0
4.294759297857912,4.3093400375139765,0
4.293557855650754,4.311540527016962,0
4.2939175129736,4.314615450184679,0
4.294637867926628,4.315429512582085,0
4.294517599479111,4.316183149038466,0
4.29487706830529,4.319258157254147,0
4.292233943204987,4.32516627552608,0
4.290311334626285,4.331888383297166,0
4.2885091964558235,4.337856763489054,0
4.286587059118791,4.344578658640227,0
4.286465319514409,4.350668273429985,0
4.288862972726889,4.356940283816023,0
4.290299680235108,4.363905529016851,0
4.291856023380603,4.370117423279453,0
4.29425454186779,4.37105372870057,0
4.296532536090549,4.372743786000306,0
4.299408947276895,4.376002295435786,0
4.303244984690817,4.378568165392224,0
4.305999915665346,4.38258085802099,0
4.307437501912322,4.3842103921820375,0
4.311151709049188,4.38753060327798,0
4.31234746585254,4.390667993537818,0
4.313543007231132,4.393805480995329,0
4.314738333184955,4.396943065650518,0
4.3168934200068385,4.399387950078115,0
4.317249186219886,4.4024646288787785,0
4.3174839838549275,4.4062952600282586,0
4.3203564635393334,4.409555543321247,0
4.323107543796205,4.413569973358392,0
4.324180393198681,4.41746219074609,0
4.326091752146208,4.4214157878269695,0
4.325365536756756,4.4259396841655025,0
4.327034096849218,4.431401574734696,0
4.327267251870438,4.4352329470164165,0
4.327379169032703,4.439818393144051,0
4.328450429677538,4.443711327364582,0
4.328683099993043,4.447542918341064,0
4.329996230473647,4.449927978238236,0
4.3291480367026125,4.455206282539667,0
4.329976027250723,4.460607722868424,0
4.3309248652004015,4.465255265522057,0
4.331035449421936,4.469841313060279,0
4.330065546550273,4.4758739038275195,0
4.329580595114443,4.478890199211143,0
4.329424357386863,4.483437726159622,0
4.3296575317781425,4.489406804851235,0
4.32905345156594,4.495314342064848,0
4.330608364550002,4.499397802514707,0
4.331924569708818,4.504456160159215,0
4.333242457805444,4.509515145105986,0
4.335401695654223,4.514637197966291,0
4.335883282812137,4.519634996906348,0
4.3360047505274295,4.52262135542874,0
4.336966838721825,4.52567051003367,0
4.337690331286826,4.5296946036534,0
4.339016353582878,4.534756620561147,0
4.3416628803173225,4.53793255920548,0
4.342992212391071,4.542995809807692,0
4.345038845997042,4.545134807937558,0
4.347086152778132,4.547274056988336,0
4.348657726846536,4.551363727730671,0
4.351310536548816,4.554542008303478,0
4.35372693844085,4.558696043384032,0
4.355065246182932,4.563762639598352,0
4.359407655434552,4.567069627937514,0
4.361223995904325,4.570186659773377,0
4.361724544161582,4.575191526319017,0
4.365835874906033,4.5794762556231206,0
4.367656086132772,4.582594730254204,0
4.369241011507821,4.586689377594549,0
4.371907172516742,4.589872634765364,0
4.374338833044945,4.594032357386499,0
4.376163756497558,4.597152588463938,0
4.3771453667705735,4.600209019775207,0
4.377656741927758,4.605217921965444,0
4.379249408816737,4.609315454896233,0
4.378072979558247,4.614196318442531,0
4.379292848873096,4.616277685278547,0
4.378116980593873,4.621158757925606,0
4.3788677367514275,4.625193013842107,0
4.377457367991482,4.631050551939481,0
4.377739796362725,4.637037989677534,0
4.376565050042043,4.641919480526106,0
4.3766145486745245,4.648883969196589,0
4.376287715563464,4.653830974437543,0
4.33755965552756,4.62501322466731,0
4.340230640958207,4.628198280104634,0
4.341953751230815,4.635285517169915,0
4.346457457725943,4.641593710185198,0
4.3513016291284075,4.642959979107918,0
4.3555358658734455,4.643285564612629,0
4.355437755156618,4.6472539506654655,0
4.355340093223205,4.6512225039989055,0
4.355993860622476,4.659225564169763,0
4.356886167553213,4.666253664415745,0
4.357073794985325,4.676210721901096,0
4.358349501998415,4.68525894024615,0
4.361563782306742,4.693464795706774,0
4.360008609093846,4.696327276690276,0
4.358217869539619,4.700165825832666,0
4.3596828418434015,4.701274679222664,0
4.3568064910169895,4.706022987548682,0
4.353078356223985,4.710704338687094,0
4.349112972151836,4.716361130682124,0
4.347319483799183,4.720198655230803,0
4.343586861172014,4.724878333563165,0
4.341791970371183,4.728715335359958,0
4.340376889385368,4.734571117010976,0
4.339433502061489,4.738474971444987,0
4.336785088258324,4.742244367841831,0
4.33560529312421,4.747123976783591,0
4.333572423771177,4.75193614760601,0
4.334334960493418,4.7559747946384014,0
4.3350983947824915,4.760013776232007,0
4.333683650384238,4.765869683343482,0
4.335538361836132,4.769001017671101,0
4.335214558013131,4.77394915205614,0
4.3357459040323505,4.778965498233319,0
4.336043030060484,4.7849584144111965,0
4.33696159082109,4.791996300572592,0
4.335550548886019,4.79785358774906,0
4.3343746806068,4.802734660396116,0
4.332728465015887,4.809568162101993,0
4.328747429622091,4.815219120185908,0
4.327806061823583,4.819123727382646,0
4.326629352075454,4.824004486378566,0
4.324359794422552,4.82979230715835,0
4.324511274528824,4.832789852571224,0
4.323957233667564,4.838716041572333,0
4.323874325488973,4.842690094255673,0
4.323944973039957,4.849662466024693,0
4.324252196694957,4.855659146016187,0
4.323701465611396,4.861586568711761,0
4.322996617818987,4.864515463220901,0
4.323541371242772,4.8695368069061615,0
4.324556696369957,4.872605805172906,0
4.322053311411452,4.87937034232392,0
4.32369579325967,4.883486443401903,0
4.3236181021882985,4.887462440722281,0
4.3198621989213954,4.89213344137324,0
4.318688574559257,4.897015350423324,0
4.315556910921181,4.902732366561583,0
4.314382725579772,4.907614066510909,0
4.31242390093286,4.908448880858032,0
4.311719053140447,4.911377775367175,0
4.310779256083904,4.915282968046029,0
4.3120343548969515,4.917377466409565,0
4.312192510656544,4.920377500121443,0
4.3127445007129275,4.925401541206465,0
4.31439534115227,4.929520757885722,0
4.316910924179368,4.933711761980057,0
4.31683744045252,4.937689327556118,0
4.318258043853611,4.942786598851445,0
4.317717971376187,4.9487179944613935,0
4.318510913174897,4.952767974754799,0
4.3193047525404396,4.956818289609412,0
4.319000863481545,4.9617738470713135,0
4.320661577156063,4.965896743923885,0
4.320592805655092,4.969876065946302,0
4.32005761369733,4.9758092807328325,0
4.3208558287011805,4.979861226573352,0
4.321421731043472,4.984890453357142,0
4.322454951409391,4.9879661219380225,0
4.324122509031003,4.992091569819827,0
4.325558651557884,4.997194633206114,0
4.324796644535411,5.004107178123327,0
4.326003391492936,5.010188609776826,0
4.32657658656575,5.015220554870446,0
4.32888734491554,5.020399085845138,0
4.329463344884701,5.0254320764425415,0
4.332009893967534,5.029634622898655,0
4.334558238184034,5.033837838477179,0
4.336239203210216,5.037968283867073,0
4.338790913302336,5.042172754050139,0
4.342445007946843,5.045473717162206,0
4.344130516905118,5.049605856268226,0
4.346278631661146,5.05178268072498,0
4.348427419592305,5.053959756102643,0
4.352086955735732,5.057262747492047,0
4.354237482702626,5.059440471082059,0
4.358129499801397,5.061766244258422,0
4.360052033647108,5.064922858867529,0
4.361334283856859,5.067027477707686,0
4.361746181686154,5.0690582181252,0
4.363487784013888,5.069206309531708,0
4.3656419573460425,5.071385392276635,0
4.36733891028144,5.075521797038093,0
4.368165847423949,5.079584448837352,0
4.369636602371834,5.084700413740329,0
4.371566036262582,5.087859600288741,0
4.37303982049853,5.0929766943358,0
4.374287126257325,5.099073243974001,0
4.375119785388399,5.103138028600984,0
4.3772434460058385,5.109310694039927,0
4.377623148182614,5.115334389849188,0
4.377585847618729,5.119325442424053,0
4.378614079826747,5.126404207783381,0
4.378350861764982,5.131374925050139,0
4.378962708309544,5.136421277185907,0
4.378473628847825,5.142371680054634,0
4.379087551015687,5.147418805863204,0
4.377303599310633,5.151259885124748,0
4.376394768309822,5.155176620165371,0
4.375485937309023,5.1590933552059965,0
4.374804314058423,5.162030906486464,0
4.3743173663179284,5.167982103938073,0
4.373635911361109,5.17091971794877,0
4.37250015309974,5.175815741299928,0
4.371787231763449,5.182746582533358,0
4.368246755682062,5.186434008308268,0
4.367110436441422,5.1913298225586715,0
4.365323511546233,5.19516979358621,0
4.365292325656398,5.199163125359316,0
4.361520883263701,5.203828333919311,0
4.359732555920335,5.207667782194957,0
4.355730820391447,5.213311024460953,0
4.353745180935395,5.214135843791901,0
4.351531436162308,5.215939512321796,0
4.348209977533777,5.2186447014655,0
4.3462232722171095,5.219469123505014,0
4.345995110802146,5.220447951793886,0
4.345766949387187,5.221426780082755,0
4.3448875091425485,5.221349514227846,0
4.345115726655436,5.2203707068490495,0
4.344236342508733,5.220293461904223,0
4.342477574215316,5.22013897201456,0
4.341369748164016,5.221040450808221,0
4.337165988296565,5.223667307683165,0
4.33693732200026,5.2246459477813545,0
4.337588376438227,5.2257019582848265,0
4.334262878758942,5.228405641903084,0
4.333154155140804,5.229306786135538,0
4.332467651370546,5.2322425182394205,0
4.332432650821669,5.236234428127386,0
4.331517536853035,5.240148821239536,0
4.329950470879599,5.243006869287004,0
4.32773111631381,5.24480844680933,0
4.326621270737135,5.245709172840272,0
4.3252822539828095,5.247588350778717,0
4.323026552517888,5.253381336347189,0
4.3227626051830725,5.258351781782967,0
4.321193631880117,5.261209118887859,0
4.3191659796343025,5.266023234347312,0
4.3169085391336495,5.271815571703449,0
4.313997014906963,5.276550769412015,0
4.311967343135773,5.281364132108749,0
4.30794103671483,5.286998215761596,0
4.304796358357677,5.292710380762301,0
4.302993782140838,5.296544517878729,0
4.298114396943369,5.298106205637051,0
4.296540206533198,5.300961598104909,0
4.2934272750451505,5.3026806404332625,0
4.290506999541844,5.30741257617003,0
4.287355140650025,5.31312206468105,0
4.284432509033781,5.317853122194638,0
4.280623312736168,5.32250425827371,0
4.280779790115563,5.329508622458505,0
4.278509839777172,5.335296296867757,0
4.278048468133811,5.3372520715386855,0
4.2780122334305375,5.341243521404984,0
4.277320344259284,5.344177246141609,0
4.278632662957939,5.346293072782327,0
4.279484619775921,5.350365050475336,0
4.280141284006593,5.351423151986381,0
4.278989537836008,5.356313215965976,0
4.277837791665426,5.36120327994557,0
4.276686045494841,5.366093343925165,0
4.275073600856025,5.372939433496597,0
4.272802865146652,5.378726815164793,0
4.269411961842021,5.385411075410005,0
4.268489891730429,5.389322875672775,0
4.2671067865630405,5.395190576066923,0
4.263713190557912,5.401873832628503,0
4.261208403151237,5.408637847027624,0
4.258933572293188,5.414423702260297,0
4.258901544934442,5.418416720382275,0
4.256856895016732,5.4232245000888,0
4.2554724434990945,5.429091698641134,0
4.250982348666312,5.432675700056478,0
4.246952840105916,5.43430363405983,0
4.247581235538959,5.439356154667919,0
4.246226791854685,5.441229582335556,0
4.24239341735051,5.445871706172014,0
4.241699508653877,5.448804678145912,0
4.239219792462986,5.451573081573674,0
4.243883979424261,5.455000010106886,0
4.240048529296775,5.459641360270545,0
4.2379986622718455,5.464447195340032,0
4.234591490568366,5.4711253916633,0
4.2329715849052505,5.477968700194669,0
4.231814509431597,5.482856777717075,0
4.231984786901048,5.489866285780479,0
4.233052119364231,5.496959625462544,0
4.2330232895873365,5.500953835458837,0
4.233225931003094,5.50397045086072,0
4.234094044024072,5.508048450655526,0
4.236755706053248,5.512293904586901,0
4.239419163216088,5.516540027640705,0
4.24006051727028,5.521597378476272,0
4.24160010437468,5.526739000042092,0
4.239321571053441,5.532523475209768,0
4.244016555776675,5.535961883374522,0
4.244433058193607,5.541999296193424,0
4.246667675953173,5.544208363986861,0
4.24911295713207,5.549437037322999,0
4.251120311043511,5.552625267966519,0
4.252917338123183,5.552794018527784,0
4.2560536109065055,5.555088632566093,0
4.259419447552961,5.556404941067424,0
4.259190781256656,5.557383581165613,0
4.260318129386576,5.5564893790782826,0
4.256249412932771,5.562107654713927,0
4.253993594714387,5.563895640687072,0
4.246764992807581,5.571215456917734,0
4.246977058675082,5.574235585212328,0
4.245389629154129,5.577086042902327,0
4.245160401878554,5.5780644738997545,0
4.24491451807625,5.583041652379901,0
4.242426162804595,5.585806835656008,0
4.238577641860104,5.590443313772035,0
4.23854432880665,5.598440808737454,0
4.235365318518131,5.60414017677185,0
4.234661036262601,5.611074238156931,0
4.234874897263779,5.61409503557395,0
4.237351869213853,5.61533056532766,0
4.236664355680912,5.618265921050181,0
4.231908289430326,5.622814657363399,0
4.232581502549483,5.623878927346759,0
4.232581502549483,5.623878927346759,0
4.2348451744776625,5.622093868784212,0
4.2348451744776625,5.622093868784212,0
4.234615947202084,5.623072299781644,0
4.233942677985002,5.622008008888201,0
4.236206013325614,5.620222824865202,0
4.236664355680912,5.618265921050181,0
4.241862388249697,5.615759132955045,0
4.2434509958271285,5.6129091143766345,0
4.243908665007297,5.610951959640712,0
4.245268045309146,5.609080372059733,0
4.248659009269321,5.60640109049978,0
4.250919090930168,5.60461469369239,0
4.257924804627159,5.5982756712977135,0
4.265143145170924,5.594956986298385,0
4.273477731012669,5.594744916791932,0
4.276415004187875,5.590019316808096,0
4.281598002512212,5.587506924812676,0
4.2870124113736665,5.58001195953759,0
4.292417175949275,5.576518355504675,0
4.297151864332033,5.567956694677449,0
4.302330201970808,5.561437609370564,0
4.307279648921568,5.5558970805215715,0
4.3117795002360495,5.548311759684211,0
4.31582202351553,5.546688676818416,0
4.319866673958622,5.541061430760312,0
4.324581508232811,5.536497325541482,0
4.325928546990706,5.534621137743855,0
4.331539141448694,5.526135425436774,0
4.3308672746797825,5.525071657295225,0
4.3349043519027255,5.519441588376907,0
4.3373701558077045,5.516667999250377,0
4.339390286373675,5.507846124065594,0
4.344766324253012,5.500336856298759,0
4.3490200628158675,5.493723672526052,0
4.356401823209151,5.485397071235351,0
4.362883835908196,5.47698563464235,0
4.369807758827527,5.470616125357349,0
4.376951713520004,5.467269713597684,0
4.381191488256629,5.464656280991321,0
4.38676708216574,5.4601624785722045,0
4.39211793663344,5.45664877995657,0
4.394341606182007,5.4508438547348845,0
4.400580147289617,5.447410495755282,0
4.405032768707116,5.443812526409388,0
4.406809427681647,5.439968728838011,0
4.409255653410078,5.437187842095067,0
4.409925781143244,5.43825096202427,0
4.4101468742193966,5.4372694990658665,0
4.413925160559199,5.432606841535097,0
4.418600506450346,5.432032973398183,0
4.424606734896393,5.429576895361848,0
4.430610943817065,5.427120064562793,0
4.437942669417019,5.422779769259776,0
4.444161239662591,5.419338966293235,0
4.447707662124248,5.415653756986337,0
4.45481111411339,5.4122922481520455,0
4.473315259893663,5.423001998670493,0
4.473294947886451,5.418989471447912,0
4.478178652624305,5.417429393765417,0
4.481064937341419,5.416689744297976,0
4.484406988466802,5.417997186927224,0
4.48575319031341,5.420125643253648,0
4.487556841506088,5.424301818979025,0
4.491117236909194,5.424626774056161,0
4.493139232379598,5.427820462229427,0
4.495162237612686,5.4310145267840575,0
4.50004571795883,5.4294543654612575,0
4.5029321709697285,5.428714778724043,0
4.5080291150739455,5.426170310672546,0
4.514444039209835,5.42173882340423,0
4.517757588030655,5.419030685939852,0
4.521070127088784,5.416322172094112,0
4.524842359410076,5.415662214050357,0
4.525731785085725,5.415743201898728,0
4.530820819382225,5.413195785526572,0
4.533916192219099,5.411470198344535,0
4.537259197009238,5.412777996445065,0
4.542167925980181,5.415232202431497,0
4.542630872923105,5.417281971017868,0
4.53953589277172,5.419007704570433,0
4.538432947240075,5.41991100254068,0
4.535088203414194,5.4186025562278,0
4.538219539579931,5.420895330179448,0
4.538006131919786,5.42187965781822,0
4.537543353270646,5.419829951962075,0
4.533984977392915,5.419505749647669,0
4.531102339041052,5.420246758270025,0
4.533274791182201,5.414422742149256,0
4.533882472807321,5.407452673613875,0
4.532960505776355,5.403354600146425,0
4.533849202178956,5.403435316163815,0
4.533849202178956,5.403435316163815,0
4.532960505776355,5.403354600146425,0
4.533635289637473,5.4044194556119045,0
4.532746537136944,5.404338718684439,0
4.532746537136944,5.404338718684439,0
4.5333884430551805,5.401386363070397,0
4.532071809373754,5.403273884129035,0
4.532071809373754,5.403273884129035,0
4.532071809373754,5.403273884129035,0
4.5322858341110965,5.402289786501097,0
4.53253256849753,5.405322837222453,0
4.532318599858119,5.406306955760467,0
4.531429735161737,5.406226177012851,0
4.532104631218704,5.4072910742984845,0
4.531429735161737,5.406226177012851,0
4.531643759899076,5.405242079384912,0
4.529866142702172,5.405080563709824,0
4.530754951300622,5.405161321547364,0
4.530540870465355,5.406145398265227,0
4.52922373190259,5.408032731133186,0
4.530540870465355,5.406145398265227,0
4.530540870465355,5.406145398265227,0
4.530540870465355,5.406145398265227,0
4.530540870465355,5.406145398265227,0
4.530326789630088,5.407129474983094,0
4.531429735161737,5.406226177012851,0
4.532318599858119,5.406306955760467,0
4.530754951300622,5.405161321547364,0
4.531857784636415,5.404257981756974,0
4.528548948041472,5.4069678756677035,0
4.527017279860015,5.409839117972918,0
4.521928245563522,5.412386534345082,0
4.521713715944834,5.413370443782341,0
4.5226030294246335,5.4134513898105645,0
4.51597828789593,5.4188685429624925,0
4.5129094539361745,5.424608978385507,0
4.512019467281249,5.424527781436378,0
4.5129094539361745,5.424608978385507,0
4.510914446126296,5.425430305733819,0
4.512234445683347,5.423544039279722,0
4.510024403373453,5.425349087874611,0
4.509134360620603,5.425267870015407,0
4.509134360620603,5.425267870015407,0
4.512234445683347,5.423544039279722,0
4.510914446126296,5.425430305733819,0
4.512019467281249,5.424527781436378,0
4.513124376240349,5.423625215318783,0
4.512234445683347,5.423544039279722,0
4.514229173003592,5.422722607381029,0
4.51244942408545,5.4225602971230735,0
4.513554220848693,5.421657689185324,0
4.512234445683347,5.423544039279722,0
4.511344515126353,5.423462863240665,0
4.510454584569359,5.4233816872016085,0
4.510239493971412,5.4243653875381135,0
4.50845952066156,5.424202993639845,0
4.510454584569359,5.4233816872016085,0
4.510454584569359,5.4233816872016085,0
4.509564654012362,5.423300511162555,0
4.508889926249179,5.422235676607148,0
4.509349507316486,5.424284190588985,0
4.509779800708245,5.422316831736133,0
4.509564654012362,5.423300511162555,0
4.508674723455368,5.423219335123498,0
4.508430569573584,5.420187246265616,0
4.548347610834309,5.49613152164256,0
4.550817402249724,5.497364374906589,0
4.550394177196772,5.499334368428972,0
4.551076590375967,5.500402067664748,0
4.550653477518868,5.502372103007282,0
4.554018697088125,5.503688181497779,0
4.554912891087582,5.503770946702588,0
4.55985617638159,5.506238033295631,0
4.561696010737229,5.510427696019818,0
4.56032871607005,5.508291377504943,0
4.560750482576896,5.5063208403205905,0
4.5620664430831965,5.504433068341047,0
4.562960637082654,5.504515833545852,0
4.5638548310821,5.504598598750661,0
4.563222686203172,5.507554592717874,0
4.561855615927698,5.505418357843297,0
4.563906389634692,5.508622772885385,0
4.565747682536433,5.512812979271537,0
4.567116211358009,5.5149497578080755,0
4.568695455139228,5.516101205022213,0
4.571169790486731,5.517335752002367,0
4.566695454613846,5.516920671373793,0
4.566011021909279,5.515852219375294,0
4.566011021909279,5.515852219375294,0
4.563326588679324,5.515603233728378,0
4.564431946421841,5.514700834891382,0
4.563326588679324,5.515603233728378,0
4.564274248560892,5.519710884010479,0
4.566118065869347,5.523902031350037,0
4.5652767767727305,5.52784394212177,0
4.563750157404712,5.530717066333793,0
4.564435487676118,5.531785852893503,0
4.564645809950271,5.53080037520057,0
4.568228420132495,5.531133610667666,0
4.566647325119682,5.529981473421035,0
4.566647325119682,5.529981473421035,0
4.565331196319601,5.531869182670352,0
4.564014843127808,5.533756808279371,0
4.562908643916391,5.53465889346522,0
4.5613273806097965,5.533506693488363,0
4.5613273806097965,5.533506693488363,0
4.560906399473929,5.535477523413775,0
4.560960594629087,5.539502680322055,0
4.560539725689072,5.541473552067618,0
4.559853946634252,5.540404598227305,0
4.56006443720219,5.539419183264599,0
4.562121942660426,5.542626107515762,0
4.565231227783208,5.540905706032493,0
4.567233696617386,5.540087159724244,0
4.568816081882517,5.5412397779026215,0
4.5715047224569965,5.541490331805214,0
4.574193363031483,5.5417408857078065,0
4.575776309275884,5.542893712986938,0
4.577091428313281,5.541005627356256,0
4.576882003605959,5.541991439610403,0
4.578255805632679,5.544130183694055,0
4.578942874939823,5.545199618466103,0
4.581004756036368,5.548408173703173,0
4.580257657389659,5.543311407374976,0
4.577359479912001,5.544046623906375,0
4.576882003605959,5.541991439610403,0
4.576882003605959,5.541991439610403,0
4.574670502749953,5.543795944543319,0
4.577568848521395,5.543060790742153,0
4.577091428313281,5.541005627356256,0
4.5739260968037385,5.538700181898751,0
4.572343767636532,5.5375475846304525,0
4.568703989109014,5.5331880840210665,0
4.566912459626195,5.533021382647213,0
4.566437115041381,5.530966992934118,0
4.566382527200734,5.52694168965531,0
4.565487099046887,5.526858464428837,0
4.567223591905641,5.522999695243275,0
4.567854390434324,5.520043199434248,0
4.570749594721839,5.5193068746688425,0
4.571169790486731,5.517335752002367,0
4.575644126359617,5.517750832630945,0
4.577378038713729,5.513891101581905,0
4.5797962715765514,5.511099780711206,0
4.578901797087465,5.51101691095602,0
4.577112848109291,5.510851171445648,0
4.57869209189051,5.5120026186597855,0
4.580327999135676,5.517180142825534,0
4.580803848601832,5.519234720729308,0
4.58211762128898,5.517346133256812,0
4.584325868465211,5.515540415539498,0
4.585906065911196,5.516692218224922,0
4.584860064333135,5.521621697697157,0
4.584860064333135,5.521621697697157,0
4.587277399629116,5.518830042265243,0
4.5888581580543715,5.519982054051425,0
4.592229099612194,5.521300265369643,0
4.593393140344027,5.524424696246985,0
4.595391962812943,5.523604790783818,0
4.59607858333667,5.52467405827527,0
4.5972438021249715,5.527798928264197,0
4.597452160971681,5.526812718718617,0
4.600346131104807,5.526075933931541,0
4.599992528136955,5.532076834633017,0
4.600200662591952,5.531090541447131,0
4.611856192071855,5.475858123037629,0
4.6138488998667135,5.475035938376216,0
4.618518074985889,5.474459770130974,0
4.616525759876513,5.475282101162918,0
4.616941467807241,5.4733093056903925,0
4.614056922125862,5.4740496033701795,0
4.615841383269871,5.474213670074498,0
4.616941467807241,5.4733093056903925,0
4.620717795277205,5.472650874082159,0
4.619141300294416,5.471500451461733,0
4.61824923801619,5.471418480839798,0
4.618041440148755,5.472404899486136,0
4.617149321772601,5.47232290795413,0
4.617833642281319,5.473391318132478,0
4.618041440148755,5.472404899486136,0
4.618725816755397,5.47347333057456,0
4.618041440148755,5.472404899486136,0
4.618041440148755,5.472404899486136,0
4.61824923801619,5.471418480839798,0
4.618041440148755,5.472404899486136,0
4.617833642281319,5.473391318132478,0
4.618041440148755,5.472404899486136,0
4.618041440148755,5.472404899486136,0
4.614949152697868,5.474131636722337,0
4.615841383269871,5.474213670074498,0
4.617357175737965,5.471336510217871,0
4.618041440148755,5.472404899486136,0
4.618518074985889,5.474459770130974,0
4.617418046546447,5.475364155425154,0
4.617418046546447,5.475364155425154,0
4.61542556314329,5.4761864237268725,0
4.615841383269871,5.474213670074498,0
4.613372769910928,5.472981255922061,0
4.613372769910928,5.472981255922061,0
4.613372769910928,5.472981255922061,0
4.6160492933331625,5.473227293248311,0
4.614264944385006,5.473063268364143,0
4.6160492933331625,5.473227293248311,0
4.618933558524905,5.472486891018146,0
4.616941467807241,5.4733093056903925,0
4.617418046546447,5.475364155425154,0
4.619887276982588,5.476596799588421,0
4.619617991229472,5.473555343016642,0
4.617833642281319,5.473391318132478,0
4.616941467807241,5.4733093056903925,0
4.613164691553855,5.473967570018022,0
4.615157118859088,5.473145280806229,0
4.615841383269871,5.474213670074498,0
4.617833642281319,5.473391318132478,0
4.615841383269871,5.474213670074498,0
4.614949152697868,5.474131636722337,0
4.616525759876513,5.475282101162918,0
4.614949152697868,5.474131636722337,0
4.6181025914468705,5.4764326492438045,0
4.619887276982588,5.476596799588421,0
4.6181025914468705,5.4764326492438045,0
4.617625844413883,5.474377736778816,0
4.616941467807241,5.4733093056903925,0
4.617625844413883,5.474377736778816,0
4.618787248543143,5.477501184882602,0
4.618518074985889,5.474459770130974,0
4.618994934214726,5.476514724416113,0
4.618310333216378,5.475446209687391,0
4.618518074985889,5.474459770130974,0
4.618725816755397,5.47347333057456,0
4.615841383269871,5.474213670074498,0
4.615633473206579,5.475200046900685,0
4.615157118859088,5.473145280806229,0
4.615633473206579,5.475200046900685,0
4.615633473206579,5.475200046900685,0
4.6181025914468705,5.4764326492438045,0
4.618579562871567,5.478487645349091,0
4.618579562871567,5.478487645349091,0
4.617479366138344,5.479391967913042,0
4.616794652944137,5.4783234113641655,0
4.617687107907852,5.478405528356628,0
4.614801832953418,5.479145554205431,0
4.614741186536648,5.475117992638445,0
4.614533220375435,5.476104348554557,0
4.616794652944137,5.4783234113641655,0
4.617894849677359,5.477419088800218,0
4.614533220375435,5.476104348554557,0
4.615217653079998,5.477172800553056,0
4.616110051945785,5.4772548966354435,0
4.617210248679012,5.476350574071489,0
4.614949152697868,5.474131636722337,0
4.614056922125862,5.4740496033701795,0
4.6160492933331625,5.473227293248311,0
4.613164691553855,5.473967570018022,0
4.613372769910928,5.472981255922061,0
4.613580848267997,5.4719949418261,0
4.6111127397904,5.470762715864346,0
4.608586845890304,5.465503994749469,0
4.609895457568157,5.463613483550009,0
4.609895457568157,5.463613483550009,0
4.6096292011031075,5.460573156122319,0
4.609895457568157,5.463613483550009,0
4.611053888507289,5.466735823419789,0
4.610696246488693,5.472735218595812,0
4.609595769265837,5.4736394366093855,0
4.6115820940364,5.5160560546510204,0
4.611853960294162,5.519098473086281,0
4.613163750028487,5.517208400998413,0
4.611374464462745,5.5170425360275885,0
4.6115820940364,5.5160560546510204,0
4.61089519302304,5.5149866826091944,0
4.609792920666521,5.51589023150035,0
4.609106131849014,5.5148209012786715,0
4.612684254197074,5.515152463939717,0
4.61110287869462,5.514000222142705,0
4.609521727583889,5.512848063985995,0
4.610416145975044,5.512930912831106,0
4.610000662436029,5.5149037919439365,0
4.610687507351457,5.515973143075687,0
4.611997353183707,5.514083091897891,0
4.612476680721343,5.516138966226357,0
4.611789723610055,5.515069573274456,0
4.609106131849014,5.5148209012786715,0
4.6115820940364,5.5160560546510204,0
4.610208404205537,5.513917352387519,0
4.61110287869462,5.514000222142705,0
4.609521727583889,5.512848063985995,0
4.61089519302304,5.5149866826091944,0
4.610416145975044,5.512930912831106,0
4.61089519302304,5.5149866826091944,0
4.61110287869462,5.514000222142705,0
4.610208404205537,5.513917352387519,0
4.610416145975044,5.512930912831106,0
4.610208404205537,5.513917352387519,0
4.609521727583889,5.512848063985995,0
4.60931392971645,5.513834482632333,0
4.60931392971645,5.513834482632333,0
4.60931392971645,5.513834482632333,0
4.608419455227359,5.513751612877147,0
4.608419455227359,5.513751612877147,0
4.608419455227359,5.513751612877147,0
4.6088351631580835,5.511778817404625,0
4.608419455227359,5.513751612877147,0
4.609106131849014,5.5148209012786715,0
4.610208404205537,5.513917352387519,0
4.60931392971645,5.513834482632333,0
4.608419455227359,5.513751612877147,0
4.608211601261996,5.51473801061341,0
4.608211601261996,5.51473801061341,0
4.608211601261996,5.51473801061341,0
4.608211601261996,5.51473801061341,0
4.608898333981578,5.51580731992501,0
4.608898333981578,5.51580731992501,0
4.61226910724562,5.517125468512997,0
4.613850931531481,5.51827787759062,0
4.615847678377094,5.517457198454654,0
4.617976376662391,5.524695615367026,0
4.619626701074818,5.529878513422215,0
4.619073714928589,5.536868969281379,0
4.621623169958053,5.542136472628037,0
4.625000674973339,5.543457130425107,0
4.6227257789021365,5.541233049197341,0
4.62003797979656,5.540982808945884,0
4.621899299658267,5.54518048022905,0
4.622588893372129,5.546250855954508,0
4.623761965870219,5.549378653354033,0
4.625142050864778,5.551519739366157,0
4.624729372222113,5.553493663982771,0
4.627213019825508,5.554731682035484,0
4.628728026922623,5.551854229437797,0
4.627625361880611,5.552757631958418,0
4.625142050864778,5.551519739366157,0
4.625419695209018,5.554564311539213,0
4.624594562315398,5.558512244412736,0
4.62369767561545,5.558428475524298,0
4.6261821646877515,5.559666807228147,0
4.627491337344878,5.55777650512945,0
4.62500712876221,5.556538277975974,0
4.627625361880611,5.552757631958418,0
4.6283157970633795,5.553828321335015,0
4.630387775786797,5.557040640385704,0
4.6283157970633795,5.553828321335015,0
4.622523256767103,5.555300176282955,0
4.620936383667804,5.554145885298528,0
4.617832932729431,5.555868461429672,0
4.620523256241725,5.556119642634531,0
4.616522582015836,5.557758324416785,0
4.61755652253958,5.5528243492782785,0
4.619556410869105,5.552004841106552,0
4.620866200603427,5.5501147690186805,0
4.619763086778001,5.551018004258697,0
4.620659580792463,5.551101626776614,0
4.621420030745817,5.556203369702821,0
4.621213523130706,5.557190269280902,0
4.621420030745817,5.556203369702821,0
4.621349511093886,5.552172127962521,0
4.622039553591161,5.5532426709685865,0
4.62114294738085,5.553159006630526,0
4.620659580792463,5.551101626776614,0
4.622039553591161,5.5532426709685865,0
4.622523256767103,5.555300176282955,0
4.625625978432424,5.553577328320827,0
4.628521911992998,5.552841275386406,0
4.628109682133751,5.55481536728362,0
4.6268006777704045,5.5567057321125475,0
4.75256259240566,5.476705363774368,0
4.751870418187156,5.475634026185428,0
4.749994232374778,5.4714308137322085,0
4.747919560950862,5.468217490997887,0
4.743573078841724,5.46278123708996,0
4.740120622438262,5.457427685656615,0
4.7371600034101675,5.454134671498611,0
4.733598037265104,5.453809130939359,0
4.728456322457479,5.4523319549752856,0
4.723718422820042,5.448877550602653,0
4.719267087097254,5.448471043105094,0
4.715099790882398,5.451111491529222,0
4.709554765785924,5.451611732164402,0
4.70599279964086,5.451286191605149,0
4.7020251109960896,5.4529371685118875,0
4.698462696067608,5.452611460672031,0
4.693806311275807,5.453192396414522,0
4.689556658746412,5.451797191072387,0
4.687292477379273,5.449577103669071,0
4.683248210506445,5.44719458054734,0
4.67948237334884,5.447856922339721,0
4.674753729869366,5.444405968129569,0
4.670027105915267,5.440955766682141,0
4.666261493149371,5.441618192114827,0
4.66187910633656,5.445242340875456,0
4.657906256682498,5.4468913940552355,0
4.653726618923688,5.449527242262715,0
4.64817643281793,5.450025559170932,0
4.643103330332718,5.452578914004587,0
4.639126329432052,5.454226419838765,0
4.635769300160142,5.4529133942193155,0
4.632205538881411,5.452587184537645,0
4.6268598969633175,5.452097870015134,0
4.624334844532132,5.446839462551392,0
4.620564239050729,5.447500026987338,0
4.617892091266803,5.447255620646992,0
4.615485919458298,5.450051437183959,0
4.613970126990203,5.452928597040589,0
4.610197389787572,5.4535883668936584,0
4.607315368512911,5.454329605526851,0
4.605797949204934,5.4572061589912835,0
4.6051716946083445,5.4601643485164395,0
4.602970964554334,5.461972868183892,0
4.60187043123355,5.46287706528739,0
4.598512897080301,5.461563851477258,0
4.596938926504226,5.460414369810234,0
4.595311377850187,5.455239961245763,0
4.5952580241639325,5.4512151179886175,0
4.595205119261099,5.447190442012079,0
4.595152663141683,5.443165933316148,0
4.595781442144986,5.440208684744398,0
4.59840023624265,5.4364282478276,0
4.600808764164096,5.433633309513816,0
4.604159790957809,5.434944097755164,0
4.604840801688823,5.436011274239046,0
4.604213537329546,5.438969087382837,0
4.602642091160192,5.437820546669222,0
4.601908119428408,5.432728673298726,0
4.601175269655169,5.427637218129739,0
4.602693081648638,5.4247608110358385,0
4.599763709165924,5.4214794437899805,0
4.599712935984311,5.41745556239632,0
4.597205722693936,5.412203804336642,0
4.597996294706867,5.40423803308132,0
4.598157807226858,5.399229405847372,0
4.5989977499732255,5.3952869932338245,0
4.602290935246518,5.392571265411977,0
4.603130204817759,5.388628601877521,0
4.602872306943841,5.385591390051104,0
4.599743102499328,5.38329941068233,0
4.601984956891489,5.3855111758755285,0
4.601517578212324,5.383459755393183,0
4.600630340355828,5.383379583037755,0
4.603034604834811,5.3805830555582155,0
4.6054381961386746,5.377786277157767,0
4.60721199867654,5.377946370947711,0
4.607889250846444,5.379012146456521,0
4.607469952648383,5.3809836036842,0
4.609244091773814,5.381143822934597,0
4.612742774899537,5.377440819153314,0
4.6131615121183245,5.3754691528248735,0
4.61488549513934,5.371605720692436,0
4.6180133532336,5.373897198219396,0
4.621091055223452,5.372165024363522,0
4.62192673452736,5.368221022584223,0
4.620154166143887,5.368061388815946,0
4.620154166143887,5.368061388815946,0
4.62192673452736,5.368221022584223,0
4.619058793832391,5.3689675096464065,0
4.617495313568682,5.367821938163534,0
4.614836460993473,5.367582487511122,0
4.6106146891338184,5.366197674476588,0
4.606393478253445,5.364813070542816,0
4.605087334884381,5.366704501785602,0
4.602008174348423,5.368436131979511,0
4.596944889000451,5.370993146076405,0
4.594961212971846,5.37181869726,0
4.591669205755018,5.374534864193439,0
4.589263146142368,5.377330722550557,0
4.5890523189868695,5.378316012052807,0
4.563997443199696,5.715788836169537,0
4.561145102286066,5.72054609400794,0
4.559198174957299,5.72539029906628,0
4.559064318715354,5.730409234967539,0
4.55690869595232,5.7362395241110065,0
4.552863367776489,5.7378615614730215,0
4.5504234250158895,5.740644790144437,0
4.543517172943584,5.747020886103275,0
4.5399577918607825,5.750701265182688,0
4.5373053390068705,5.754469156054078,0
4.531717123064176,5.758958253706172,0
4.529970869166107,5.762813384538568,0
4.52983280557963,5.767830752184146,0
4.527595724068881,5.769625722122562,0
4.524448909432888,5.77133213476521,0
4.524729414771414,5.774377773352125,0
4.519482628546392,5.772861432816324,0
4.516754438933329,5.772596137310384,0
4.516403584763907,5.778598062605564,0
4.512623334996661,5.783259988283685,0
4.512413124918357,5.7842455077967685,0
4.507441795218426,5.785772923941071,0
4.5013482222999315,5.7881964449895875,0
4.494553331200827,5.789545220106831,0
4.487545256833286,5.791878406503148,0
4.478987843437263,5.797076248530843,0
4.475193793579958,5.801733030330343,0
4.476443107718552,5.808894202297886,0
4.477206643057897,5.8139970952782605,0
4.4768472059056315,5.819995821331865,0
4.475363954792851,5.826890066807561,0
4.480416743240497,5.829397969868317,0
4.4793589610977484,5.834323058224655,0
4.477811080615375,5.837188257518001,0
4.475627857672222,5.843008258904241,0
4.476397171098061,5.848113305622412,0
4.4792071560463995,5.852414045793861,0
4.485605524705836,5.853045217395021,0
4.488208160570153,5.858332543493418,0
4.49397752583458,5.861920880026027,0
4.497005237983444,5.86523890263453,0
4.500949134519175,5.868647887197504,0
4.505313787799061,5.870085958194764,0
4.509182676848688,5.869462028211387,0
4.512136335176216,5.8687474917448235,0
4.516004382756936,5.868123248110312,0
4.517833834438452,5.868304084695318,0
4.523322189483004,5.868846594450336,0
4.522198936501759,5.869742322973188,0
4.522569595766697,5.876826521826878,0
4.5251068729883706,5.878084529911934,0
4.5286431957927995,5.883469341908405,0
4.5328053805083215,5.8858958180091925,0
4.537262375533782,5.891373264766191,0
4.541133115815001,5.890750024815311,0
4.543792861399428,5.886984852253754,0
4.540631629596177,5.888685891006954,0
4.543880659212899,5.89102253429736,0
4.547839870482715,5.894437227310988,0
4.551297483337855,5.895787744696115,0
4.552716949077212,5.8979435095813635,0
4.554458266357692,5.894086538662307,0
4.557709988674915,5.896424185636345,0
4.559244069067237,5.893553842464385,0
4.561487657937523,5.891761298094746,0
4.565150824743014,5.892124560430506,0
4.5703459402195925,5.889616685011433,0
4.570029586275314,5.895631470003149,0
4.573693426255932,5.895994983259822,0
4.582141666497918,5.895825277566672,0
4.588961408978715,5.894485765612952,0
4.596899019039757,5.8922485177691115,0
4.603715115155296,5.890907646660473,0
4.607783443481225,5.889294182429481,0
4.612459626283666,5.884715670168518,0
4.618760660482032,5.88130560501321,0
4.6236343752312585,5.875736847562063,0
4.627186800171103,5.8720538756332665,0
4.634394313814951,5.868731154989337,0
4.637943148487466,5.865046844815701,0
4.647283058322184,5.864958963373958,0
4.654683223393153,5.860644178363259,0
4.661366531157714,5.8552488553303235,0
4.668958674480692,5.849941755031949,0
4.6743217021985615,5.846432593902733,0
4.678456120470543,5.839774934399081,0
4.683500047476066,5.833205748550892,0
4.685607201630113,5.827357393102048,0
4.688938926179301,5.824656030502183,0
4.694921138124599,5.827259830295269,0
4.696545540737105,5.8284281101203135,0
4.698052525830651,5.825547667381809,0
4.703402146143954,5.822033508744511,0
4.707640630628255,5.8194195952064085,0
4.712986267988743,5.815903951953736,0
4.717616618784767,5.81130835616095,0
4.725294372102056,5.8100381224132285,0
4.729846123114292,5.810482058946231,0
4.735504634317223,5.810024119394132,0
4.7398599753412185,5.8114587193188285,0
4.745517869466948,5.811000549755899,0
4.752476128875255,5.808648795212388,0
4.757026757928955,5.809092313543879,0
4.764176546805846,5.8057480764320815,0
4.770740191104004,5.80537697954955,0
4.776975254140137,5.8019423241452515,0
4.780091775895517,5.800224620061744,0
4.7884706790996425,5.800029069515066,0
4.793597074615569,5.797495579253297,0
4.797812671145625,5.794873134404323,0
4.807148604615492,5.789714941005403,0
4.811744174696734,5.785106380965701,0
4.819253854066922,5.77976854285609,0
4.8226028633656135,5.772004793217743,0
4.826807801289533,5.769378375454387,0
4.830677594493963,5.76368595269042,0
4.831442366018056,5.759715520575476,0
4.8338295767272115,5.756912636432929,0
4.840367976958191,5.75653213001635,0
4.84423137499893,5.750837323503752,0
4.8471866667543075,5.745054566087585,0
4.849615564811241,5.737198390789462,0
4.8529487544944985,5.729428744509772,0
4.854470668224611,5.721485036509591,0
4.855945957989363,5.71859277957833,0
4.852851538817244,5.720318722231653,0
4.853422593053601,5.717339957192042,0
4.855612103522194,5.715527255509457,0
4.854564701526311,5.7113824271128095,0
4.856563299603515,5.710562438009344,0
4.858228155409407,5.706676966657152,0
4.864076968514496,5.700157257173309,0
4.86649924701603,5.692298614486258,0
4.870680343320949,5.689663309940748,0
4.877990533904871,5.680246157826872,0
4.878602938901437,5.6722139761712285,0
4.883912511882784,5.663616060398098,0
4.891165756482767,5.6592465118992195,0
4.896425003035571,5.655698667130022,0
4.903295244796304,5.653314104677783,0
4.9094124955976355,5.654904365456382,0
4.912302258386227,5.654166012413633,0
4.919320827623743,5.655841693976647,0
4.920408570617159,5.654932729375901,0
4.92059555615365,5.653938553091489,0
4.921156512763133,5.650956024238258,0
4.929602008764302,5.654790251726581,0
4.934291379137214,5.654221611108582,0
4.9353780562700145,5.653312249216391,0
4.935564144239674,5.652317738370773,0
4.935750232209337,5.65132322752515,0
4.937394780565629,5.647430186725568,0
4.938666928590891,5.645526083976922,0
4.93795287618083,5.644446591458472,0
4.9376111119059445,5.641378119068925,0
4.941954005778101,5.637739249615031,0
4.939968759007538,5.63856421531651,0
4.943010271246461,5.641887381803624,0
4.946266600181673,5.6391579160620715,0
4.9473518187683645,5.638248010507915,0
4.944124779539049,5.635919563967171,0
4.9477228727491465,5.636258570615155,0
4.953146721765542,5.631708206441349,0
4.954416345384086,5.629803162739304,0
4.958911998469258,5.630226189196634,0
4.958727088556067,5.631221139153848,0
4.953860774175602,5.6327876989598025,0
4.954945207391319,5.6318775006645865,0
4.9576429358299805,5.632131441999437,0
4.9565586709080485,5.633041703024883,0
4.9565586709080485,5.633041703024883,0
4.959626275271027,5.631305765355389,0
4.949364279621523,5.632364358851337,0
4.954945207391319,5.6318775006645865,0
4.952275029622811,5.626564998835086,0
4.960761097601182,5.620276689624525,0
4.964170690630752,5.621609307984876,0
4.958250466894864,5.61902861382541,0
4.967813675358432,5.611827388009793,0
4.9608950574206645,5.629400408002205,0
4.961819046007356,5.624425449115392,0
4.960920251977882,5.624340969284379,0
4.962348356798003,5.626499954321279,0
4.960761097601182,5.620276689624525,0
4.9609460075143765,5.619281739667311,0
4.958778936216611,5.621102805380161,0
4.960576187687991,5.621271639581735,0
4.960576187687991,5.621271639581735,0
4.9602063678616055,5.623261539496159,0
4.956214606618154,5.629972373322236,0
4.956214606618154,5.629972373322236,0
4.9555006103060215,5.628892901713858,0
4.955685744610921,5.627898035396949,0
4.956029528411179,5.63096726054922,0
4.952432781551334,5.630628755743054,0
4.952247478952653,5.631623559329736,0
4.952432781551334,5.630628755743054,0
4.952062176353966,5.632618362916414,0
4.952247478952653,5.631623559329736,0
4.954231154981262,5.630798008146133,0
4.955897868606709,5.62184439948464,0
4.952089670926199,5.6275597815116924,0
4.946324169830774,5.629041715116106,0
4.946695560399117,5.627052400683802,0
4.939689557097267,5.625381402977737,0
4.936839181641439,5.621065607551806,0
4.935940443709896,5.620981148630868,0
4.936806357766137,5.626122202499339,0
4.941270589424182,5.631602346656095,0
4.940712662102765,5.634586004653418,0
4.940371290513369,5.631517678634403,0
4.942169888334998,5.631687014677787,0
4.939471991602552,5.631433010612707,0
4.940030255511537,5.628449478075844,0
4.937519119923877,5.62720121408605,0
4.939689557097267,5.625381402977737,0
4.938418194442985,5.62728579846744,0
4.945767083978261,5.63202568676456,0
4.937146607396993,5.629190110316838,0
4.937859593946438,5.630269205543851,0
4.947008932534946,5.635179119916856,0
4.939471991602552,5.631433010612707,0
4.938418194442985,5.62728579846744,0
4.936992670127509,5.625127775294018,0
4.934855225123201,5.621891054185024,0
4.933430822766262,5.619733449213118,0
4.932532140932647,5.619649011202256,0
4.935228186433498,5.61990232523484,0
4.931785545136918,5.623626218181716,0
4.930139818724157,5.627518819869714,0
4.935129546513817,5.635072047347215,0
4.9446243518403925,5.643051814174754,0
4.950553270754973,5.64563574939595,0
4.95574434515045,5.652200153568412,0
4.969230400251163,5.6585377257209934,0
4.977388566730607,5.644117281567777,0
4.980289219105018,5.638314157737909,0
4.98640237475767,5.639902892080983,0
4.998291304014366,5.634944692021691,0
5.007304725943907,5.6256613288225665,0
5.008942661332771,5.616696993292251,0
5.025840068262696,5.609161349992132,0
5.032304026544452,5.608753095905133,0
5.044512056513497,5.6068549205648175,0
5.05671470766951,5.599885910515429,0
5.053844810135065,5.595562838383167,0
5.060657845186128,5.583019292970146,0
5.0628081002817105,5.571054299550994,0
5.064063712594422,5.559006373646426,0
5.075691052659586,5.549945712129109,0
5.079979425934603,5.541217690739856,0
5.09087206955255,5.5310698417962385,0
5.099435339424144,5.523746435283179,0
5.114589079548615,5.514998057337134,0
5.13007752219713,5.5042466897693,0
5.1336293412053635,5.499499618263055,0
5.134884877656244,5.502658153473817,0
5.137354906639299,5.493753435694543,0
5.146055010500593,5.4854171592894225,0
5.166249164588919,5.5045162208964875,0
5.167440993558557,5.492444520235885,0
5.161304303128407,5.470571694293831,0
5.1671167747589095,5.499520247383625,0
5.1728588137448845,5.508167228051182,0
5.172263881555505,5.495930603373161,0
5.1653815544189285,5.509512194409346,0
5.1622097023739215,5.517341978066668,0
5.15742534047693,5.5240079148349714,0
5.1465844191477395,5.534175042868355,0
5.133437398123963,5.552244118355503,0
5.1142086231107555,5.578873823825553,0
5.103164322474438,5.600166677084854,0
5.08419603901573,5.619696901561198,0
5.085271216073483,5.618783253103498,0
5.090835202269304,5.618290080073898,0
5.096207441192789,5.613720478630473,0
5.099944513289749,5.602909755285673,0
5.089583417791562,5.620201773180007,0
5.0859918319410085,5.6198651921008,0
5.0768542541532895,5.630166150869087,0
5.069852395510068,5.633565527850422,0
5.068063047258438,5.63846846931132,0
5.066265010416075,5.63829934236869,0
5.066265010416075,5.63829934236869,0
5.067884925194424,5.639465949387688,0
5.065908541896334,5.64029421888112,0
5.06680767251337,5.640378824172586,0
5.068783999713528,5.6395505337690786,0
5.066451316189482,5.642373742505171,0
5.065017370596976,5.645281410162202,0
5.06520406905587,5.649355956669211,0
5.062156765554519,5.656168291127898,0
5.064688482493448,5.662493056457265,0
5.06703378146312,5.664743379829996,0
5.065065581874421,5.6706435295362745,0
5.067222892132875,5.668818825470257,0
5.065065581874421,5.6706435295362745,0
5.071536166299538,5.665168915496409,0
5.072259082182079,5.666251711806812,0
5.0745924949791785,5.663428774901703,0
5.150148852438175,5.5710471853402375,0
5.152833453961904,5.5712962337173835,0
5.153554743004559,5.572378423635595,0
5.151591206131766,5.573211481536358,0
5.151764896459547,5.572212349564012,0
5.152833453961904,5.5712962337173835,0
5.151764896459547,5.572212349564012,0
5.151591206131766,5.573211481536358,0
5.154102622209063,5.574459850076529,0
5.152312551272349,5.574293692364645,0
5.151965282812647,5.576291998129488,0
5.153408534073073,5.578456628886819,0
5.152860430476856,5.576375118805583,0
5.153755578141066,5.576458239481674,0
5.1564410211337055,5.576707601509952,0
5.153755578141066,5.576458239481674,0
5.152860430476856,5.576375118805583,0
5.154102622209063,5.574459850076529,0
5.153929100175063,5.575459044779102,0
5.1564410211337055,5.576707601509952,0
5.155545873469496,5.576624480833864,0
5.155545873469496,5.576624480833864,0
5.155545873469496,5.576624480833864,0
5.1562676673934895,5.577706858942754,0
5.158780093233474,5.578955603864287,0
5.168077940768473,5.577788170299172,0
5.17468843798131,5.576370663763203,0
5.182192287724693,5.575035608780912,0
5.186666904087211,5.575450793959863,0
5.1941683977176645,5.574114860754392,0
5.198300906629768,5.576530275425149,0
5.198854395626984,5.57861379287365,0
5.198130133394198,5.5775304947214295,0
5.195998403790483,5.579364733781951,0
5.199578770055627,5.579697132846025,0
5.1985548038173235,5.585698699544615,0
5.199109022087587,5.5877824888241,0
5.200218131803243,5.591950318303976,0
5.199706653565432,5.594951289843948,0
5.20406131482634,5.601454466189541,0
5.201803347153181,5.6093743544882315,0
5.201122498127976,5.613376068076377,0
5.202793062746494,5.619630384235499,0
5.207667616934266,5.623135725552469,0
5.209003647322525,5.631393094063615,0
5.208155951916638,5.636396490653336,0
5.206630100186054,5.645402604514839,0
5.207801808600358,5.654662596980966,0
5.209653356277169,5.6599204994775825,0
5.211392465974598,5.671269195090982,0
5.212573430546861,5.680532637719594,0
5.210885332465619,5.690542149208877,0
5.212972664287506,5.699892894528716,0
5.214161875255051,5.709159410938451,0
5.2165931657589475,5.716510616798985,0
5.219531502764415,5.720859199223568,0
5.2183557243898875,5.727868052824011,0
5.216508072658485,5.7388819656247065,0
5.210811397131604,5.745458383233768,0
5.208666316221247,5.747287645696282,0
5.207256773227019,5.7502044092362254,0
5.206015366865792,5.752119970706335,0
5.207487789048294,5.754295474703014,0
5.208455913527654,5.759474626729357,0
5.207214338872642,5.761390125469237,0
5.204499107880732,5.761129660190775,0
5.206709424092303,5.764393543488065,0
5.206709424092303,5.764393543488065,0
5.20687772901908,5.763392404148455,0
5.2071099228968265,5.767483908726838,0
5.206036204385178,5.7683981008465,0
5.2043936821422285,5.767223067067015,0
5.203656741777927,5.766135043237686,0
5.203488268557361,5.76713611984707,0
5.203656741777927,5.766135043237686,0
5.202077267017032,5.770052339725048,0
5.200160172639883,5.775971538510266,0
5.1960923875596805,5.7837179087504325,0
5.194911111588301,5.79072471316346,0
5.19423609674751,5.794728601399477,0
5.1948056858497935,5.7968181200396955,0
5.191978633955692,5.802648677888843,0
5.188073487911634,5.809391796871758,0
5.188474547695424,5.812482371211281,0
5.18836934634863,5.818575861727815,0
5.188707078160732,5.81657400125011,0
5.191834027542576,5.8199290137824775,0
5.190756943155311,5.820841951297606,0
5.187927198560711,5.826671505463121,0
5.187251959328211,5.830675310058833,0
5.1850961076158555,5.832500557786819,0
5.1853297600397035,5.836592606027164,0
5.183004144854472,5.839418449432792,0
5.179196907426682,5.840065359589332,0
5.178287342595219,5.8399768650237895,0
5.177377777763748,5.839888370458247,0
5.178287342595219,5.8399768650237895,0
5.177377777763748,5.839888370458247,0
5.176468212932281,5.839799875892709,0
5.175558648100811,5.839711381327167,0
5.178161920806229,5.829792455410992,0
5.178161920806229,5.829792455410992,0
5.177422343839353,5.82870344880811,0
5.179070924658426,5.82988074087578,0
5.181797936215023,5.830145597270132,0
5.181628789819339,5.831146422958604,0
5.183045120662744,5.828232189537811,0
5.181967082610711,5.829144771581657,0
5.181459643423651,5.832147248647079,0
5.180550527375594,5.83205892136214,0
5.1821362290063995,5.828143945893181,0
5.18071972986921,5.831058116583744,0
5.179472152736004,5.83297137794553,0
5.180381324881981,5.833059726140537,0
5.176914063183386,5.8317056122224,0
5.176914063183386,5.8317056122224,0
5.1779925500188355,5.830793197459162,0
5.1779925500188355,5.830793197459162,0
5.180550527375594,5.83205892136214,0
5.180550527375594,5.83205892136214,0
5.179810669919089,5.830969810208881,0
5.1779925500188355,5.830793197459162,0
5.179070924658426,5.82988074087578,0
5.179810669919089,5.830969810208881,0
5.177823179231442,5.831793939507335,0
5.179641411327545,5.831970594077205,0
5.181459643423651,5.832147248647079,0
5.181121350632278,5.834148900024029,0
5.179472152736004,5.83297137794553,0
5.18095220423659,5.835149725712498,0
5.181121350632278,5.834148900024029,0
5.180042919894753,5.835061335697336,0
5.180212122388365,5.834060530918936,0
5.180212122388365,5.834060530918936,0
5.18095220423659,5.835149725712498,0
5.186304672368237,5.841774288172662,0
5.191493491701056,5.849401725508713,0
5.196281475641783,5.853938672145542,0
5.196926565965935,5.861125163089412,0
5.196662203654469,5.868223201287893,0
5.19905989808802,5.870493054671297,0
5.19980340190979,5.871583524979478,0
5.2007881874734885,5.876768887298287,0
5.201271872915882,5.884959089521075,0
5.199765206676354,5.893972354628456,0
5.1971027572458475,5.898800393072996,0
5.195595081243631,5.907813281799019,0
5.194681870046903,5.907723428078558,0
5.192184696255115,5.91154919803941,0
5.190264796981616,5.917467351320841,0
5.191254182575342,5.9226544282658615,0
5.187916381716477,5.931486229485966,0
5.18308237315404,5.938133660837309,0
5.17790883764583,5.946782283543932,0
5.170320553934243,5.953154696204148,0
5.163980857118549,5.957614223883937,0
5.158215798218574,5.964165152110752,0
5.155366868132916,5.969987555030393,0
5.153024872352976,5.972807292693922,0
5.149425818890151,5.977536757916454,0
5.1449762651250985,5.98726857422492,0
5.13844846081437,5.992721859987615,0
5.138108260693475,5.994722800421993,0
5.132494396852529,6.000266211736115,0
5.129871377676782,6.01017777730566,0
5.126498010732163,6.018996321537788,0
5.126224280066875,6.026090867753631,0
5.123769229230348,6.0350011685231095,0
5.124246968292475,6.043189154277876,0
5.123804988798334,6.051284860743408,0
5.1196760569776245,6.05900843900109,0
5.113699609942884,6.066544447629404,0
5.111000079782581,6.071358664513934,0
5.1067958150337915,6.073985333198191,0
5.103170563839029,6.078705033415382,0
5.101390471745365,6.083611425038768,0
5.09834311214609,6.090423738587379,0
5.094198304612018,6.098141399293649,0
5.089878965281265,6.106857878321129,0
5.087513576665739,6.109668896483111,0
5.087169674081661,6.111668456852492,0
5.083706052160352,6.115384529431072,0
5.080068796009197,6.120099754892067,0
5.079896508129597,6.121099409616306,0
5.078798555313455,6.122004568583282,0
5.075676535961225,6.123720223479378,0
5.073652357229278,6.124530677588346,0
5.071345079478224,6.1324321859305115,0
5.069382377486377,6.1383343848242085,0
5.068110173363188,6.14023846666278,0
5.067183442566037,6.140143573614083,0
5.063019112953349,6.147853957614021,0
5.061572713621036,6.150756983234249,0
5.06232704434273,6.151851489187031,0
5.060188127616385,6.158751879099668,0
5.06227989776248,6.163035448973687,0
5.063790354339535,6.165225130001673,0
5.062862221094207,6.165129714201086,0
5.062862221094207,6.165129714201086,0
5.064891224247884,6.164321058358627,0
4.9542970466075005,6.44258695275855,0
4.954712130873059,6.445682754616989,0
4.954888457803413,6.444684605418203,0
4.956008905888304,6.44378783139156,0
4.955064784733761,6.44368645621941,0
4.955241111664115,6.4426883070206244,0
4.955241111664115,6.4426883070206244,0
4.955417438594463,6.4416901578218315,0
4.954473429635776,6.441588824469832,0
4.954649812664055,6.440590696181122,0
4.953882298929493,6.439491276360556,0
4.953882298929493,6.439491276360556,0
4.9540587380557035,6.438493168981914,0
4.954235177181907,6.437495061603283,0
4.954235177181907,6.437495061603283,0
4.954411616308114,6.436496954224641,0
4.953644383063196,6.435397638954459,0
4.953644383063196,6.435397638954459,0
4.953820878287331,6.434399552485896,0
4.953997373511463,6.433401466017337,0
4.953997373511463,6.433401466017337,0
4.954173868735591,6.432403379548774,0
4.954173868735591,6.432403379548774,0
4.954350363959726,6.431405293080214,0
4.95340691598031,6.431304168828969,0
4.95305381333619,6.433300299945941,0
4.952286860580902,6.432201089226133,0
4.952286860580902,6.432201089226133,0
4.952286860580902,6.432201089226133,0
4.952286860580902,6.432201089226133,0
4.951166692985645,6.43309796780315,0
4.951166692985645,6.43309796780315,0
4.950223132810379,6.4329968017317505,0
4.950399852426216,6.431998798903493,0
4.95057657204206,6.431000796075232,0
4.949456348348871,6.431897653742173,0
4.94963312406264,6.43089967182399,0
4.95305381333619,6.433300299945941,0
4.954173868735591,6.432403379548774,0
4.954173868735591,6.432403379548774,0
4.955117372812936,6.432504524710097,0
4.955293811939139,6.431506417331459,0
4.954526859183858,6.430407206611655,0
4.954526859183858,6.430407206611655,0
4.954703354407993,6.429409120143092,0
4.954879849632121,6.428411033674532,0
4.9541131212685485,6.427311906595026,0
4.950930011273741,6.429004790418716,0
4.949043339706613,6.4288026255565285,0
4.947156668139488,6.428600460694341,0
4.94827689183267,6.427703603027403,0
4.947510556154587,6.426604622318429,0
4.947687500162136,6.425606703130473,0
4.948984443471158,6.423711842635278,0
4.9482183321847835,6.422612945566602,0
4.949338219290404,6.421715962439212,0
4.949515107200021,6.42071802234118,0
4.949868883019267,6.418722142145118,0
4.950811657823557,6.41882301547545,0
4.951165321446947,6.416827093459236,0
4.95228475976916,6.415929943051243,0
4.95151898507034,6.414831171443019,0
4.952638311196694,6.413933979214875,0
4.953580805511351,6.414034747994833,0
4.953757525127191,6.413036745166572,0
4.953934244743035,6.412038742338314,0
4.954110964358875,6.411040739510053,0
4.9552299538976605,6.410143421821452,0
4.956172223820609,6.410244106961105,0
4.9571144937435605,6.410344792100766,0
4.95729104506562,6.409346726542278,0
4.958409754114772,6.408449304303296,0
4.958586249338907,6.407451217834733,0
4.958586249338907,6.407451217834733,0
4.959704790094275,6.406553732865525,0
4.959704790094275,6.406553732865525,0
4.961765208087112,6.405756786665446,0
4.962883468352846,6.404859197145857,0
4.963059739185272,6.403861027036996,0
4.963236010017695,6.402862856928131,0
4.963236010017695,6.402862856928131,0
4.964354045891724,6.401965183768244,0
4.9647064753607175,6.399968801730363,0
4.966589781052221,6.400169711988006,0
4.965648128206471,6.400069256859183,0
4.966765883590867,6.399171479148915,0
4.965824286843041,6.399071044930171,0
4.9647064753607175,6.399968801730363,0
4.965648128206471,6.400069256859183,0
4.964882690095216,6.398970610711423,0
4.964882690095216,6.398970610711423,0
4.965824286843041,6.399071044930171,0
4.9687110026100285,6.404464259651753,0
4.969828757994421,6.4035664819414855,0
4.970770579133951,6.403666999800535,0
4.972063932175644,6.401770801060497,0
4.969828757994421,6.4035664819414855,0
4.971122223231969,6.401670325021598,0
4.9687110026100285,6.404464259651753,0
4.966827248135111,6.4042631821135,0
5.168026734626476,6.617634473341532,0
5.16691200853014,6.618533380195888,0
5.165331878327667,6.616317728853922,0
5.1654942929721095,6.615314393956368,0
5.164704452262576,6.614206651925688,0
5.164866923004947,6.613203337938209,0
5.164077250589198,6.612095658637756,0
5.1642397774294935,6.611092365560349,0
5.1642397774294935,6.611092365560349,0
5.164402304269785,6.610089072482946,0
5.164402304269785,6.610089072482946,0
5.164564831110077,6.609085779405547,0
5.164727357950369,6.6080824863281435,0
5.163775439183965,6.607978204655474,0
5.165052411630956,6.606075900173334,0
5.165052411630956,6.606075900173334,0
5.164263187998628,6.6049683881534875,0
5.165214938471248,6.605072607095931,0
5.165377465311543,6.604069314018528,0
5.164588353875068,6.602961843818832,0
5.164588353875068,6.602961843818832,0
5.164588353875068,6.602961843818832,0
5.164750936813288,6.601958571651505,0
5.163799354634445,6.601854415439291,0
5.163010467589675,6.600747028879898,0
5.163010467589675,6.600747028879898,0
5.163173162723751,6.599743798532721,0
5.162058941508761,6.600642893577753,0
5.163173162723751,6.599743798532721,0
5.1614330300877,6.59853238122156,0
5.162384443972762,6.59863647470355,0
5.1614330300877,6.59853238122156,0
5.1614330300877,6.59853238122156,0
5.160644479630498,6.597425120122622,0
5.160644479630498,6.597425120122622,0
5.157790406269097,6.597112902406877,0
5.160644479630498,6.597425120122622,0
5.159856041369149,6.596317900843832,0
5.15890473967994,6.596213849181996,0
5.159693121843365,6.597321047550707,0
5.15890473967994,6.596213849181996,0
5.1590677153036495,6.595210723385197,0
5.158116469712372,6.595106692633436,0
5.158116469712372,6.595106692633436,0
5.157953437990734,6.596109797520157,0
5.157002136301529,6.596005745858317,0
5.156050834612323,6.595901694196478,0
5.161784523625485,6.59040294680398,0
5.161947387053338,6.58939977918703,0
5.160045569045906,6.5891919686044105,0
5.160045569045906,6.5891919686044105,0
5.1587685965989145,6.591094273086551,0
5.157817575399346,6.590990325975088,0
5.157817575399346,6.590990325975088,0
5.155915533000204,6.590782431752167,0
5.155915533000204,6.590782431752167,0
5.155915533000204,6.590782431752167,0
5.1538501783897885,6.591577537865589,0
5.154013490601059,6.590574537529243,0
5.154013490601059,6.590574537529243,0
5.153225837710686,6.589467610991516,0
5.151784599387664,6.59237256033871,0
5.15257236447389,6.593479528696591,0
5.153360241755976,6.594586538874619,0
5.152735732783089,6.592476549270323,0
5.151487388012448,6.588256820982629,0
5.1480111617911035,6.585835491885764,0
5.1480111617911035,6.585835491885764,0
5.148961958598967,6.5859393553569205,0
5.148961958598967,6.5859393553569205,0
5.148961958598967,6.5859393553569205,0
5.148961958598967,6.5859393553569205,0
5.149125607397803,6.58493648048103,0
5.148829686274912,6.580821222056695,0
5.148993391171675,6.57981836809088,0
5.149943851391974,6.579922106101581,0
5.148993391171675,6.57981836809088,0
5.149943851391974,6.579922106101581,0
5.148829686274912,6.580821222056695,0
5.1497802025931385,6.580924980977471,0
5.1497802025931385,6.580924980977471,0
5.149616553794306,6.581927855853362,0
5.149452904995471,6.582930730729249,0
5.149289256196639,6.583933605605143,0
5.149585570005016,6.588049010400013,0
5.149421977304108,6.589051906185979,0
5.148471012202464,6.588947979984592,0
5.149585570005016,6.588049010400013,0
5.149585570005016,6.588049010400013,0
5.148634661001299,6.587945105108702,0
5.148798309800135,6.586942230232811,0
5.149749162705923,6.587046114614047,0
5.148961958598967,6.5859393553569205,0
5.148961958598967,6.5859393553569205,0
5.149125607397803,6.58493648048103,0
5.149289256196639,6.583933605605143,0
5.149289256196639,6.583933605605143,0
5.148338571584631,6.583829783954137,0
5.148502276481388,6.582826929988318,0
5.152141310032665,6.584245070558158,0
5.139386413149058,6.597140938731073,0
5.140173841647719,6.598247781628498,0
5.139845758679076,6.600253238639219,0
5.139845758679076,6.600253238639219,0
5.138565925237803,6.602154476707494,0
5.139353634226104,6.603261424155299,0
5.139977470023865,6.6053711628386935,0
5.139813484637465,6.606373912254128,0
5.1388615097731325,6.606269609671379,0
5.139977470023865,6.6053711628386935,0
5.138237730073303,6.604159891898064,0
5.140469426183049,6.6023629145923834,0
5.138565925237803,6.602154476707494,0
5.138565925237803,6.602154476707494,0
5.138730022820056,6.60115176911221,0
5.139681717194751,6.601255967144578,0
5.1395176757104295,6.602258695649937,0
5.138730022820056,6.60115176911221,0
5.1395176757104295,6.602258695649937,0
5.1395176757104295,6.602258695649937,0
5.139681717194751,6.601255967144578,0
5.139681717194751,6.601255967144578,0
5.139681717194751,6.601255967144578,0
5.138730022820056,6.60115176911221,0
5.1395176757104295,6.602258695649937,0
5.1395176757104295,6.602258695649937,0
5.139189592741779,6.604264152660658,0
5.138237730073303,6.604159891898064,0
5.1395176757104295,6.602258695649937,0
5.137450021085005,6.603052944450262,0
5.138565925237803,6.602154476707494,0
5.138730022820056,6.60115176911221,0
5.138730022820056,6.60115176911221,0
5.138565925237803,6.602154476707494,0
5.138237730073303,6.604159891898064,0
5.138565925237803,6.602154476707494,0
5.137778328445361,6.601047571079842,0
5.137942482125538,6.600044884394634,0
5.138730022820056,6.60115176911221,0
5.138565925237803,6.602154476707494,0
5.138730022820056,6.60115176911221,0
5.138237730073303,6.604159891898064,0
5.136498214514457,6.60294870459774,0
5.1384018276555565,6.6031571843027805,0
5.137614174765179,6.60205025776505,0
5.137285867404824,6.60405563113547,0
5.137614174765179,6.60205025776505,0
5.138106635805716,6.599042197709423,0
5.137778328445361,6.601047571079842,0
5.138730022820056,6.60115176911221,0
5.137778328445361,6.601047571079842,0
5.137614174765179,6.60205025776505,0
5.1384018276555565,6.6031571843027805,0
5.138565925237803,6.602154476707494,0
5.1384018276555565,6.6031571843027805,0
5.138565925237803,6.602154476707494,0
5.138106635805716,6.599042197709423,0
5.1388941204023055,6.600149061516927,0
5.137942482125538,6.600044884394634,0
5.137942482125538,6.600044884394634,0
5.137942482125538,6.600044884394634,0
5.137942482125538,6.600044884394634,0
5.137942482125538,6.600044884394634,0
5.138106635805716,6.599042197709423,0
5.137942482125538,6.600044884394634,0
5.137778328445361,6.601047571079842,0
5.137942482125538,6.600044884394634,0
5.1371550536268735,6.598938041497206,0
5.1362034714480345,6.598833885284989,0
5.137319263404976,6.59793537572207,0
5.137319263404976,6.59793537572207,0
5.136532003200095,6.596828595554875,0
5.136532003200095,6.596828595554875,0
5.1376476829611875,6.595930044171805,0
5.136532003200095,6.596828595554875,0
5.135744855191064,6.5957218572078276,0
5.137811892739293,6.594927378396672,0
5.137319263404976,6.59793537572207,0
5.1371550536268735,6.598938041497206,0
5.1371550536268735,6.598938041497206,0
5.136039205571997,6.599836530150046,0
5.1371550536268735,6.598938041497206,0
5.137942482125538,6.600044884394634,0
5.137285867404824,6.60405563113547,0
5.137285867404824,6.60405563113547,0
5.136957560044468,6.606061004505889,0
5.136957560044468,6.606061004505889,0
5.13712171372465,6.605058317820681,0
5.136957560044468,6.606061004505889,0
5.136793406364291,6.607063691191097,0
5.138697468288807,6.607272338176742,0
5.1382053438358355,6.610280523692818,0
5.138041302351514,6.611283252198177,0
5.138829572319082,6.612390408746744,0
5.138337616159895,6.615398656993051,0
5.137845660000707,6.618406905239361,0
5.136893011961249,6.6183023517357,0
5.136728970476927,6.6193050802410625,0
5.1357762663395405,6.619200505827333,0
5.137385136414217,6.61529416621962,0
5.136728970476927,6.6193050802410625,0
5.136728970476927,6.6193050802410625,0
5.136728970476927,6.6193050802410625,0
5.136564928992598,6.620307808746421,0
5.137517689227909,6.62041240407023,0
5.136728970476927,6.6193050802410625,0
5.138798308040162,6.618511458743015,0
5.140078702460702,6.616610429775491,0
5.138173630773501,6.616401406408489,0
5.137681674614306,6.619409654654795,0
5.136564928992598,6.620307808746421,0
5.1357762663395405,6.619200505827333,0
5.138798308040162,6.618511458743015,0
5.139914829270161,6.6176132210110765,0
5.140078702460702,6.616610429775491,0
5.139617954482507,6.613497607115455,0
5.138665586932685,6.613393158162179,0
5.139617954482507,6.613497607115455,0
5.138337616159895,6.615398656993051,0
5.139750956079617,6.618616012246665,0
5.139750956079617,6.618616012246665,0
5.1391261666171,6.616505918091992,0
5.139454025194038,6.614500377440965,0
5.138829572319082,6.612390408746744,0
5.138665586932685,6.613393158162179,0
5.138665586932685,6.613393158162179,0
5.1391261666171,6.616505918091992,0
5.139914829270161,6.6176132210110765,0
5.138962237328631,6.617508688417502,0
5.1391261666171,6.616505918091992,0
5.138173630773501,6.616401406408489,0
5.1391261666171,6.616505918091992,0
5.138962237328631,6.617508688417502,0
5.139290095905569,6.6155031477664785,0
5.138337616159895,6.615398656993051,0
5.138501601546292,6.614395907577617,0
5.1391261666171,6.616505918091992,0
5.1391261666171,6.616505918091992,0
5.138962237328631,6.617508688417502,0
5.138009645387104,6.617404155823923,0
5.138962237328631,6.617508688417502,0
5.138962237328631,6.617508688417502,0
5.136728970476927,6.6193050802410625,0
5.136728970476927,6.6193050802410625,0
5.137057053445574,6.617299623230341,0
5.138337616159895,6.615398656993051,0
5.138337616159895,6.615398656993051,0
5.138041302351514,6.611283252198177,0
5.138993557705483,6.611387659331307,0
5.138993557705483,6.611387659331307,0
5.137253144579798,6.610176137469772,0
5.138041302351514,6.611283252198177,0
5.137253144579798,6.610176137469772,0
5.138041302351514,6.611283252198177,0
5.138501601546292,6.614395907577617,0
5.1391261666171,6.616505918091992,0
5.136893011961249,6.6183023517357,0
5.136728970476927,6.6193050802410625,0
5.138173630773501,6.616401406408489,0
5.137221094929899,6.616296894724982,0
5.134987715882335,6.618093244728392,0
5.1357762663395405,6.619200505827333,0
5.13465940852198,6.620098618098812,0
5.135448071175041,6.6212059210179,0
5.13465940852198,6.620098618098812,0
5.135448071175041,6.6212059210179,0
5.135448071175041,6.6212059210179,0
5.138009645387104,6.617404155823923,0
5.137221094929899,6.616296894724982,0
5.137845660000707,6.618406905239361,0
5.138009645387104,6.617404155823923,0
5.138337616159895,6.615398656993051,0
5.138501601546292,6.614395907577617,0
5.137549177898546,6.614291437714261,0
5.137713219382867,6.6132887092088986,0
5.138369385320161,6.6092777951874595,0
5.1382053438358355,6.610280523692818,0
5.138041302351514,6.611283252198177,0
5.1375813397442975,6.608170722279205,0
5.1375813397442975,6.608170722279205,0
5.137417242162048,6.609173429874488,0
5.137253144579798,6.610176137469772,0
5.137417242162048,6.609173429874488,0
5.137417242162048,6.609173429874488,0
5.136957560044468,6.606061004505889,0
5.138533426804486,6.608275066682097,0
5.1375813397442975,6.608170722279205,0
5.136957560044468,6.606061004505889,0
5.1379095349088,6.606165307088634,0
5.137285867404824,6.60405563113547,0
5.137285867404824,6.60405563113547,0
5.13666242429256,6.601946038822604,0
5.137450021085005,6.603052944450262,0
5.137285867404824,6.60405563113547,0
5.138565925237803,6.602154476707494,0
5.137614174765179,6.60205025776505,0
5.1384018276555565,6.6031571843027805,0
5.137614174765179,6.60205025776505,0
5.137450021085005,6.603052944450262,0
5.137778328445361,6.601047571079842,0
5.175594067829422,6.636848939333458,0
5.175432438555962,6.637852566972072,0
5.176385928064327,6.637957434126864,0
5.175432438555962,6.637852566972072,0
5.175432438555962,6.637852566972072,0
5.176385928064327,6.637957434126864,0
5.176547501239863,6.636953785578179,0
5.175594067829422,6.636848939333458,0
5.176709074415392,6.635950137029486,0
5.177662451727901,6.636054962364124,0
5.176547501239863,6.636953785578179,0
5.176709074415392,6.635950137029486,0
5.176547501239863,6.636953785578179,0
5.176547501239863,6.636953785578179,0
5.175109180009045,6.639859822249303,0
5.174317263676215,6.638751306545821,0
5.1741555783048305,6.639754913274359,0
5.173993892933446,6.640758520002898,0
5.173201976600616,6.639650004299419,0
5.175432438555962,6.637852566972072,0
5.173363718069929,6.63864641848096,0
5.174478949047604,6.637747699817286,0
5.174478949047604,6.637747699817286,0
5.173201976600616,6.639650004299419,0
5.171924779761913,6.64155222514125,0
5.170971065861842,6.6414472743461594,0
5.170971065861842,6.6414472743461594,0
5.169855442198681,6.6423458466393015,0
5.171601184627431,6.643559354958025,0
5.171908044846102,6.647678690847123,0
5.174139404368283,6.645881588080986,0
5.178116562417152,6.645298014543648,0
5.177001219243625,6.646196691387171,0
5.177001219243625,6.646196691387171,0
5.177001219243625,6.646196691387171,0
5.1785863982595295,6.648414224635946,0
5.1814485497224325,6.648729453402588,0
5.184310701185328,6.6490446821692295,0
5.188287690940413,6.648461045901666,0
5.191149674109528,6.6487762119380776,0
5.194965651668351,6.649196433319961,0
5.197827634837466,6.6495115993563765,0
5.200689618006585,6.649826765392788,0
5.204505595565408,6.650246986774672,0
5.207207912888514,6.651566512302349,0
5.211978165326677,6.652091893580078,0
5.216589312898101,6.653621843449834,0
5.2223139524114615,6.65425242644357,0
5.228197023616435,6.65387818992437,0
5.231375701875006,6.6521836542047055,0
5.2331254272565815,6.6533986471388005,0
5.232967276054598,6.654403571202106,0
5.236625551194855,6.655828883927899,0
5.240441977537092,6.65624927259039,0
5.2429892290442055,6.65857487223553,0
5.2431467631689905,6.657569718161394,0
5.2431467631689905,6.657569718161394,0
5.244100925852479,6.657674836237096,0
5.245055088535967,6.657779954312794,0
5.245055088535967,6.657779954312794,0
5.245851885388447,6.658890289192854,0
5.249668760514105,6.659310845135945,0
5.249668760514105,6.659310845135945,0
5.249511619074813,6.660316145580616,0
5.249511619074813,6.660316145580616,0
5.251420168833494,6.660526465372314,0
5.253171801544589,6.661742169248985,0
5.253171801544589,6.661742169248985,0
5.253969271572199,6.662852755049954,0
5.255878045722589,6.663063158481961,0
5.256832432797786,6.663168360197957,0
5.256675740141908,6.664173827923232,0
5.255564548214981,6.665074052112352,0
5.255564548214981,6.665074052112352,0
5.254610048943931,6.664968808576198,0
5.253655549672882,6.664863565040047,0
5.252544133354245,6.665763705588866,0
5.252544133354245,6.665763705588866,0
5.2523872163066585,6.666769089673835,0
5.253184966823902,6.667879780025185,0
5.253184966823902,6.667879780025185,0
5.253028105874243,6.66888518502023,0
5.2539828295370015,6.668990512196682,0
5.254780804445954,6.670101286188334,0
5.25573558420664,6.670206634274866,0
5.258443399126595,6.671528208989958,0
5.26035307084382,6.671738946983165,0
5.262106442590657,6.672955299072186,0
5.263860038729199,6.674171734801501,0
5.265769934838126,6.674382556435013,0
5.268634779001523,6.674698788885287,0
5.269433875869023,6.6758099810784515,0
5.271188145182691,6.677026667728676,0
5.271987522539817,6.678137964472221,0
5.272942638888068,6.678243438019209,0
5.2746973569851505,6.679460291950036,0
5.275652529431323,6.6795657864071,0
5.276452299473942,6.680677229521169,0
5.2802732136503465,6.681099290989714,0
5.2826738701284555,6.6844341221737515,0
5.336276802408062,6.511221219709107,0
5.340365550379442,6.50961536674566,0
5.343201952893818,6.509920997787571,0
5.343201952893818,6.509920997787571,0
5.348845885223671,6.504388794273996,0
5.353876510432514,6.502883480079678,0
5.3562236672217445,6.500065666143104,0
5.360763812551049,6.495436446948641,0
5.3651497896311895,6.491813636432859,0
5.372063271748118,6.490509065215576,0
5.37644543416922,6.486884832814649,0
5.378484647145623,6.486079982605968,0
5.3856955266650886,6.482758516566577,0
5.391658829051352,6.481350311888967,0
5.396226725121,6.482864140090385,0
5.399207759236937,6.48215980774075,0
5.404375050141692,6.479641560924144,0
5.409886338092839,6.4812564924667235,0
5.413660354402214,6.481661073112008,0
5.4155473625569,6.481863363434648,0
5.416639873874118,6.480956176190329,0
5.419619056758453,6.480251153808197,0
5.425227366904622,6.474705672396578,0
5.428204922949082,6.474000043622251,0
5.427410370013682,6.472890545145212,0
5.431775029881539,6.469259788800677,0
5.435047346725959,6.466536282430681,0
5.434252905986412,6.465426825773793,0
5.434252905986412,6.465426825773793,0
5.43440101565945,6.4644181588069465,0
5.437524213068151,6.462702943022439,0
5.437524213068151,6.462702943022439,0
5.443325773985098,6.462298324163299,0
5.4460051472560345,6.463609297470025,0
5.4505696213521375,6.4651218501568195,0
5.452748473214584,6.46330517555986,0
5.458548799977141,6.462900096679057,0
5.462108136107595,6.458155827122951,0
5.468344545493981,6.454721673560471,0
5.473344933920135,6.4532050888353645,0
5.478781124480477,6.448659324878204,0
5.482546389513232,6.449060643551682,0
5.485079840930286,6.451381099318212,0
5.4889905790335085,6.450772768251284,0
5.4930456682486515,6.449154369242436,0
5.4949281885691725,6.4493549867590225,0
5.497607449644253,6.450665918245601,0
5.498837692517995,6.448746195670431,0
5.5020941897469875,6.446016792659098,0
5.503832078465951,6.447227373567227,0
5.508825342455371,6.445708133262514,0
5.510994882061926,6.443887987592991,0
5.515986238721819,6.442368036345702,0
5.518665163209334,6.443678842371824,0
5.522571525674245,6.443068880318993,0
5.527418138536724,6.4425588506430955,0
5.529812231557365,6.445891235348277,0
5.5345165689312275,6.446392047287098,0
5.538280038830315,6.4467926968381555,0
5.538280038830315,6.4467926968381555,0
5.538280038830315,6.4467926968381555,0
5.539363013499926,6.445881954880978,0
5.539220906305086,6.4468928592259225,0
5.538137875537547,6.447803580273025,0
5.538137875537547,6.447803580273025,0
5.537995712244779,6.4488144637078975,0
5.538137875537547,6.447803580273025,0
5.538280038830315,6.4467926968381555,0
5.53842220212308,6.445781813403283,0
5.53842220212308,6.445781813403283,0
5.538137875537547,6.447803580273025,0
5.539505120694766,6.444871050536026,0
5.538990855294152,6.441738279663799,0
5.54007354947413,6.440827433156237,0
5.538990855294152,6.441738279663799,0
5.54021565666897,6.439816528811296,0
5.54035776386381,6.438805624466344,0
5.54021565666897,6.439816528811296,0
5.54007354947413,6.440827433156237,0
5.541156131458251,6.439916544828527,0
5.54021565666897,6.439816528811296,0
5.54021565666897,6.439816528811296,0
5.54021565666897,6.439816528811296,0
5.539417345172453,6.4387056293591876,0
5.53913301858692,6.4407273962289295,0
5.54007354947413,6.440827433156237,0
5.540303824876769,6.445982096358666,0
5.539220906305086,6.4468928592259225,0
5.539078799110246,6.447903763570871,0
5.538564365415851,6.4447709299684135,0
5.538564365415851,6.4447709299684135,0
5.539647227889606,6.443860146191085,0
5.54007354947413,6.440827433156237,0
5.54007354947413,6.440827433156237,0
5.54035776386381,6.438805624466344,0
5.54035776386381,6.438805624466344,0
5.539559508465224,6.437694745924311,0
5.539843835050757,6.435672979054569,0
5.538903584653184,6.435573046677639,0
5.538903584653184,6.435573046677639,0
5.57385684631878,6.39001950628645,0
5.574934884370805,6.389106924242604,0
5.57723099204641,6.386270082137177,0
5.58046359155847,6.38353177143361,0
5.585849013494819,6.378967083857965,0
5.590015636534552,6.376326384512936,0
5.5931048385994515,6.374598497222575,0
5.593383891979844,6.372574764805719,0
5.594599325000836,6.370649521970577,0
5.596472084282052,6.370846501133997,0
5.598066351162146,6.37306742181503,0
5.600078468839776,6.372252472039797,0
5.603443638899073,6.36849970227842,0
5.6057326221379356,6.365660204593375,0
5.608298414840107,6.36079613808846,0
5.609511547846093,6.358870037940207,0
5.608714638797757,6.357759661239996,0
5.607917841945273,6.356649326359928,0
5.609788918288672,6.356845678221081,0
5.610863085583734,6.355931653382019,0
5.612872566658787,6.355115720833233,0
5.614500296782545,6.350152537444327,0
5.61678563365615,6.347311680604371,0
5.619070297354625,6.344470572843502,0
5.621492412120002,6.340616825201408,0
5.623499593180046,6.339800035339522,0
5.622703132915124,6.338689825919907,0
5.6219067848460575,6.3375796583204504,0
5.62391362931854,6.336762742998104,0
5.62391362931854,6.336762742998104,0
5.623255405491491,6.334640186438328,0
5.62152508999268,6.333432428390413,0
5.619794998885574,6.3322247539828,0
5.618065132170184,6.3310171632154955,0
5.616335489846499,6.329809656088486,0
5.617407974203751,6.328895003947153,0
5.615540039344264,6.328699823050243,0
5.615540039344264,6.328699823050243,0
5.615401466318826,6.329712044729952,0
5.614467442791156,6.329614433371422,0
5.61353341926349,6.329516822012888,0
5.610731348680478,6.32922398793729,0
5.609419164468839,6.324980463983483,0
5.606617767060953,6.324687880828797,0
5.604373578847017,6.320347498279183,0
5.600639279870002,6.319957721967473,0
5.600639279870002,6.319957721967473,0
5.601433384021984,6.321067053163908,0
5.601572854614254,6.320055166045403,0
5.6026458438528515,6.319140702094753,0
5.6009183332503945,6.3179339895506175,0
5.59970570512575,6.319860277889546,0
5.601433384021984,6.321067053163908,0
5.59970570512575,6.319860277889546,0
5.595551984609244,6.322505786551986,0
5.595551984609244,6.322505786551986,0
5.591396917742493,6.325150793372611,0
5.587661272415225,6.324760515219086,0
5.583925627087961,6.324370237065558,0
5.578974548739701,6.3259052017471795,0
5.574815498920124,6.328548723952434,0
5.571078731634323,6.328158027597389,0
5.569210347991415,6.327962679419873,0
5.567059096309087,6.329789641774063,0
5.566549262644706,6.326658522797814,0
5.565473580705614,6.327571983064832,0
5.566549262644706,6.326658522797814,0
5.569634313463002,6.324929088161852,0
5.570427071264735,6.326037917516466,0
5.568841667857125,6.323820300627389,0
5.569916957110724,6.322906693989843,0
5.573793699870141,6.322285691417054,0
5.572859844636255,6.322188142788754,0
5.568841667857125,6.323820300627389,0
5.5681905684668145,6.321700399647224,0
5.567256713232922,6.321602851018916,0
5.565530605078642,6.3203966612266775,0
5.566747496645739,6.318471962053501,0
5.5681905684668145,6.321700399647224,0
5.567624832387949,6.325745020710642,0
5.566266282409423,6.32868079150937,0
5.568276156169965,6.3278650053311125,0
5.568276156169965,6.3278650053311125,0
5.56691766228937,6.330800797039917,0
5.567710644482812,6.331909710034836,0
5.568362417048249,6.33402986193591,0
5.5692969454572605,6.334127661485123,0
5.571448309335452,6.332300740951087,0
5.570372683494284,6.333214222128177,0
5.570513893122293,6.332202983222018,0
5.570796312378306,6.330180505409707,0
5.570513893122293,6.332202983222018,0
5.570003274086936,6.329071571504713,0
5.569210347991415,6.327962679419873,0
5.566407772527061,6.327669657153592,0
5.568558912013543,6.325842652979254,0
5.568841667857125,6.323820300627389,0
5.56524740045165,6.322418846297932,0
5.563379577788016,6.32222370722117,0
5.560719726595703,6.320920010620778,0
5.5690960847622755,6.3084581043937895,0
5.569520555115204,6.3054247013264515,0
5.570594946801979,6.3045107601276875,0
5.57087781484141,6.302488449595977,0
5.575032601218531,6.299843338224978,0
5.577971505791233,6.299123302408518,0
5.5790450560091,6.298209047558622,0
5.5791860412454,6.297197725012161,0
5.577462233106125,6.295992392533023,0
5.575738649358566,6.29478714369419,0
5.5738739681788445,6.294593175581667,0
5.570144605819419,6.294205239356614,0
5.567347584049841,6.293914287187828,0
5.563760160591471,6.292515383887601,0
5.565624729575337,6.292709310179976,0
5.56576655628054,6.291698301284651,0
5.564976210689668,6.290590371063292,0
5.567914442087243,6.289870084325923,0
5.567914442087243,6.289870084325923,0
5.566333863101363,6.287654265703349,0
5.5655437419021965,6.286546419122292,0
5.5658275075084624,6.284524443151792,0
5.566901169922183,6.283610230122047,0
5.566617516511776,6.285632247912698,0
5.566333863101363,6.287654265703349,0
5.567124096496375,6.288762154104557,0
5.56404403839359,6.290493449737255,0
5.56217969380144,6.290299607085185,0
5.558451004617133,6.289911921781041,0
5.557376500734506,6.29082582115965,0
5.555796931511299,6.288610378918442,0
5.556081819076109,6.286588821149458,0
5.555939375293704,6.28759960003395,0
5.556729047709453,6.288707279334403,0
5.5553696001640915,6.291642715571921,0
5.556729047709453,6.288707279334403,0
5.558308729128509,6.290922763395763,0
5.556444272340503,6.290728878923538,0
5.55687143539393,6.287696479539832,0
5.55687143539393,6.287696479539832,0
5.555796931511299,6.288610378918442,0
5.55687143539393,6.287696479539832,0
5.557518832321055,6.2898150004550075,0
5.5547223154328265,6.289524236476897,0
5.555084712599289,6.293664273340909,0
5.55694950597486,6.2938582832735825,0
5.556664842801766,6.295879924682872,0
5.557818763615568,6.3011283308798305,0
5.559968556751798,6.299300824863668,0
5.560110663946638,6.298289920518727,0
5.5609012339292185,6.299397934380384,0
5.561975906105623,6.298484097732008,0
5.564631942638901,6.2997863724472545,0
5.564773769344107,6.2987753635519255,0
5.565989931638153,6.296850392547764,0
5.566780726012439,6.29795849004973,0
5.567571632582581,6.2990666293718505,0
5.565139307994482,6.302916571380173,0
5.563131734248948,6.303733214871539,0
5.562198832679819,6.303636021714517,0
5.563922809112874,6.304841416923878,0
5.564997537387207,6.303927601185574,0
5.565647009937631,6.306046895773548,0
5.564288684350814,6.308982750212575,0
5.564146913743539,6.309993780017976,0
5.567455227723592,6.3134163948249835,0
5.56810565393878,6.31553604488424,0
5.56889773856539,6.3166446233179485,0
5.56609701433263,6.316352291084161,0
5.564371579353473,6.315146352212835,0
5.567964163821134,6.316547179240022,0
5.567822673703493,6.3175583135958,0
5.569407179544278,6.319775595923669,0
5.570058278934589,6.321895496903835,0
5.570850868442541,6.323004263528219,0
5.570709602716608,6.324015481524302,0
5.571219941262331,6.3271467886912305,0
5.57294711527722,6.32835337577491,0
5.574022348432898,6.327439748227285,0
5.574815498920124,6.328548723952434,0
5.574674513683824,6.329560046498891,0
5.574533528447528,6.330571369045352,0
5.575608761603206,6.329657741497726,0
5.5743925432112285,6.331582691591812,0
5.57626126344169,6.331778165229782,0
5.5743925432112285,6.331582691591812,0
5.574674513683824,6.329560046498891,0
5.5743925432112285,6.331582691591812,0
5.575749690741578,6.328646398041187,0
5.576543009522581,6.329755436496562,0
5.576543009522581,6.329755436496562,0
5.577336440499444,6.330864516772085,0
5.578129983672156,6.331973638867758,0
5.577566940293796,6.3360192636148085,0
5.5811647418686725,6.337422035279033,0
5.583687927365073,6.339738664501713,0
5.587286794800566,6.341141833457375,0
5.591165949770847,6.340521730017844,0
5.595044655957707,6.33990145929771,0
5.595839713774456,6.341011145965425,0
5.592380429127083,6.338596131711412,0
5.593035455372295,6.340717496396877,0
5.596774466575177,6.341109029154943,0
5.597709219375901,6.341206912344457,0
5.597569692685703,6.342218778552887,0
5.5986439721766175,6.341304795533976,0
5.602522229580067,6.340684357533235,0
5.602382983379506,6.341696328292041,0
5.604391622985659,6.3408800820921165,0
5.605465397595232,6.339965910882526,0
5.608547138635828,6.3382352425520985,0
5.610693790288142,6.3364065655717,0
5.612701307935751,6.335589901170266,0
5.610832587705289,6.3353944275322895,0
5.610693790288142,6.3364065655717,0
5.609620520559915,6.337320924971976,0
5.608686048248828,6.337223146332839,0
5.606817103626653,6.337027589054561,0
5.608408229022835,6.3392473387713615,0
5.608547138635828,6.3382352425520985,0
5.609759374074983,6.3363088078426415,0
5.610037081105123,6.334284573583972,0
5.611905689139736,6.334480005401794,0
5.615262893293391,6.330724266409668,0
5.616612523701512,6.3277851709089035,0
5.6160943314460035,6.324650936331384,0
5.616232904471438,6.323638714651668,0
5.615715104901419,6.320504626444674,0
5.615197641918961,6.317370663698135,0
5.612258737346256,6.318090699514595,0
5.609180474377137,6.319822664269715,0
5.6082469557308094,6.319725241101864,0
5.610113993023461,6.319920087437563,0
5.609180474377137,6.319822664269715,0
5.6117033232859725,6.3221391680319385,0
5.61529921753133,6.323541228753587,0
5.61529921753133,6.323541228753587,0
5.6160943314460035,6.324650936331384,0
5.61529921753133,6.323541228753587,0
5.616232904471438,6.323638714651668,0
5.61529921753133,6.323541228753587,0
5.616371477496873,6.322626492971956,0
5.616232904471438,6.323638714651668,0
5.616232904471438,6.323638714651668,0
5.617166591411543,6.3237362005497495,0
5.616371477496873,6.322626492971956,0
5.617997692976594,6.317662745011006,0
5.618690277614135,6.3126015320620645,0
5.620177190795374,6.308649733949846,0
5.621525250461538,6.305710052966965,0
5.621802059924846,6.303685484147081,0
5.623011322173859,6.301757941203618,0
5.6255674099346535,6.296890257255601,0
5.6281223757369006,6.292022155106075,0
5.630538207534443,6.28816606553551,0
5.632021698742122,6.284212991908678,0
5.633780540867008,6.278234805799993,0
5.634987334807239,6.2763063428132,0
5.636745054973588,6.270327738503003,0
5.638502101964807,6.2643488832719,0
5.639707773946498,6.262420002083591,0
5.64318593637649,6.2576454756479905,0
5.645320583072408,6.2558123239114,0
5.647042932665581,6.2570171127285725,0
5.646387738126588,6.254895685312878,0
5.645320583072408,6.2558123239114,0
5.649314188959487,6.254171007459622,0
5.649314188959487,6.254171007459622,0
5.650106778467439,6.255279774084006,0
5.651829296354389,6.256484625631401,0
5.65623245054579,6.251804344032159,0
5.660769914320177,6.246110251587449,0
5.660523763204175,6.240949670833608,0
5.662927590045321,6.237089106506847,0
5.667323731995847,6.232406211148138,0
5.668797013380804,6.228449331887532,0
5.669725202724059,6.228544768598201,0
5.669589041909486,6.2295578894111685,0
5.672781755795402,6.226804711643801,0
5.674253578634257,6.22284728872123,0
5.674525451479983,6.2208208798146885,0
5.676788405280689,6.217971679854536,0
5.677331702188724,6.213918694760846,0
5.676811995289185,6.210783895611279,0
5.675501606211206,6.2065410407799,0
5.674192114700066,6.2022985205097285,0
5.6743282194167115,6.201285378786682,0
5.675663039972086,6.198340763025946,0
5.674082348790343,6.196124902583229,0
5.6727746524128655,6.191883051435475,0
5.673319744454567,6.18783073546421,0
5.674790557530734,6.183872936160277,0
5.677186418466242,6.180009402602771,0
5.6815678066619455,6.175321007894162,0
5.684750591214769,6.172564129043401,0
5.687932366004908,6.169806873811275,0
5.692037842304131,6.167143382483761,0
5.695487731378886,6.162358317370028,0
5.699725161148152,6.158680136973871,0
5.704480839270865,6.158136212065312,0
5.7067327417799305,6.155282892820253,0
5.707791201655418,6.154363013160005,0
5.712023919198813,6.150683076317488,0
5.715986783421858,6.14903030114424,0
5.718891412161128,6.148297489271545,0
5.721662011807055,6.148578592794692,0
5.7248331840889755,6.145817385558267,0
5.728926543235957,6.143149377654407,0
5.730506561242578,6.145364987176222,0
5.731429870066172,6.145458604710299,0
5.7307729364914515,6.143336529082266,0
5.728659943595375,6.1451777521080615,0
5.731696133119193,6.143430104796192,0
5.730506561242578,6.145364987176222,0
5.72945000869661,6.146285577779043,0
5.731429870066172,6.145458604710299,0
5.731563001592683,6.144444354753247,0
5.731429870066172,6.145458604710299,0
5.7341997965369735,6.145739457312541,0
5.7345986862351594,6.142696519250698,0
5.736577818331671,6.14186927435097,0
5.7345986862351594,6.142696519250698,0
5.732619329746939,6.143523680510121,0
5.731429870066172,6.145458604710299,0
5.730639748867009,6.144350758129246,0
5.730639748867009,6.144350758129246,0
5.731429870066172,6.145458604710299,0
5.729183521251883,6.148313994052849,0
5.7293167649742465,6.147299785915948,0
5.7285266437750835,6.146191939334887,0
5.728793243415666,6.144163564881232,0
5.726679913932028,6.146004662446575,0
5.725890017124577,6.144896899505824,0
5.727736634771777,6.145084134573985,0
5.730240185993704,6.147393445270179,0
5.730106998369262,6.148407674317156,0
5.730240185993704,6.147393445270179,0
5.731030475486644,6.148501354581466,0
5.730764212433623,6.1505298544955735,0
5.731030475486644,6.148501354581466,0
5.733667943606061,6.149796708061665,0
5.734857291090975,6.147861742041332,0
5.734332759769703,6.144725144625259,0
5.739479754370443,6.14113545879464,0
5.741723522680086,6.1382791075886125,0
5.744756907307554,6.13653041477296,0
5.745812001307417,6.13560928050817,0
5.746866983111424,6.134688104423233,0
5.747789618759899,6.134781471036405,0
5.747789618759899,6.134781471036405,0
5.747789618759899,6.134781471036405,0
5.748447898684873,6.136904048506253,0
5.753589227394976,6.133312250757996,0
5.758728312188001,6.129719616606707,0
5.762286115940878,6.131107479386976,0
5.765844368477179,6.132495509447853,0
5.77150966752928,6.132040100014908,0
5.778227031293181,6.1306624271730925,0
5.784942824315124,6.129284168849157,0
5.786917019794053,6.128455083862768,0
5.789813009452555,6.127719051838426,0
5.795345120880217,6.128277871452461,0
5.801522694686689,6.123757913653986,0
5.805338515097315,6.123114202739028,0
5.807717461677644,6.126440941723779,0
5.811276387389064,6.127829222705561,0
5.811019436591934,6.129861193692232,0
5.810097418020661,6.129768057089894,0
5.810377059599123,6.134941121158899,0
5.81355325181535,6.1393783623043205,0
5.813168498794788,6.142426569705236,0
5.815296160468627,6.147787391594299,0
5.817014134423488,6.148990549425566,0
5.8222970365679565,6.151584225616713,0
5.824301664342158,6.157963061276455,0
5.825893911696877,6.160183229194761,0
5.828537494490341,6.161480861873208,0
5.830384785312667,6.161668347862278,0
5.834876219907731,6.16315367563055,0
5.838444457875042,6.164545427684896,0
5.843189533489532,6.163997550772038,0
5.84780804103498,6.164466370295084,0
5.851754412467468,6.16280744755959,0
5.856246856825219,6.164293151709224,0
5.859017793058705,6.164574380692827,0
5.863087703272171,6.161897632377336,0
5.865059654834024,6.1610677109879255,0
5.866906496872929,6.161255029696388,0
5.870974163169311,6.1585774449778725,0
5.872945217164329,6.157747189027248,0
5.876638003675314,6.158121491882959,0
5.881378030476366,6.157571733063293,0
5.885070592595643,6.157945952278702,0
5.889809834025719,6.157395900717976,0
5.892579087321394,6.157676502399305,0
5.896948329485724,6.160180157589387,0
5.902610262662201,6.159723493551905,0
5.906302824781477,6.1600977127673175,0
5.909873082274167,6.161490217584387,0
5.911163024487891,6.158528873763114,0
5.921266761667194,6.167799489028667,0
5.922311758040184,6.166874590950258,0
5.925884147254102,6.168267890350201,0
5.929335914779248,6.1706801026540745,0
5.932348487075771,6.168923652200348,0
5.935921717758596,6.17031726525143,0
5.934635982889404,6.17328017732838,0
5.936845250973903,6.170410966425809,0
5.941703599448719,6.168841437389112,0
5.9447142083178015,6.1670842550827345,0
5.947724144011751,6.165326821855455,0
5.949127134694095,6.161343742270034,0
5.949127134694095,6.161343742270034,0
5.949247083207744,6.1603245784451985,0
5.9504097841773,6.158379680138925,0
5.9535373683698865,6.1556022257737055,0
5.957108411233559,6.156995023331842,0
5.959192569795121,6.155143052527144,0
5.962317966168559,6.152364782668972,0
5.9613955549117925,6.152271499696106,0
5.962437185409158,6.151345347013148,0
5.966126606044515,6.151718395264325,0
5.971094524916477,6.1491258340387915,0
5.973057500809993,6.148292567037267,0
5.975257232246893,6.145419801421841,0
5.976297628589858,6.144493188717227,0
5.979418144443642,6.141713099682473,0
5.983577261506724,6.138005728820676,0
5.9865775483572214,6.136244699060381,0
5.986813294137914,6.134204824065108,0
5.988655872734366,6.1343905536078225,0
5.990616099829463,6.13355626201259,0
5.992693638835625,6.131701823818972,0
5.99569173786697,6.1299399785657265,0
5.998571964007965,6.129198070810112,0
6.004214543399602,6.128734192796525,0
6.007210622905568,6.1269715947805565,0
6.011126701457439,6.125301380604196,0
6.016766868638218,6.124836603457354,0
6.021254095888747,6.1263203629699525,0
6.0258574569938865,6.126783536772571,0
6.033337958854034,6.126503652765411,0
6.037135323046652,6.125853062435553,0
6.037941039469533,6.126966722017649,0
6.0417381231725145,6.126316027137417,0
6.044499803248041,6.126593805958532,0
6.046226584577443,6.127800246671676,0
6.04990904906985,6.128170702073472,0
6.05175028131605,6.128355929774365,0
6.053591513562253,6.1285411574752615,0
6.053819293437304,6.126498313249243,0
6.055660301291795,6.126683457309834,0
6.055774079033469,6.125661993376674,0
6.056115412258482,6.122597601577194,0
6.055308966562542,6.1214836701641175,0
6.057376856725256,6.119625635437483,0
6.059444298104552,6.117767433430242,0
6.059557907552438,6.116745906766852,0
6.06346444945671,6.1150721378776325,0
6.065530656681613,6.1132134758487275,0
6.066337158475477,6.11432742817188,0
6.0665635920002785,6.112284082104047,0
6.0692095309066865,6.113582593005674,0
6.07024224183364,6.112653115620692,0
6.071387776837515,6.1107018188312665,0
6.074484731561931,6.107912947564728,0
6.078274803024026,6.107259638925036,0
6.080225886157006,6.106421938987474,0
6.084239586247552,6.103724238776163,0
6.087108929390691,6.1029782744658725,0
6.089170873173135,6.101118023271216,0
6.09479606220739,6.100647663134168,0
6.099390447644197,6.101107491324679,0
6.1040958620242485,6.100544830988319,0
6.108689966971422,6.101004554628453,0
6.1143133047740825,6.100533504458909,0
6.1191273919844456,6.098947477372505,0
6.121883350071407,6.099223123365903,0
6.125887176926788,6.0965217429812775,0
6.12897134132383,6.09372810421749,0
6.132753951761629,6.093072014537732,0
6.134699705591533,6.092232328142984,0
6.138263511822615,6.093622428301348,0
6.139991134620921,6.0948291826656344,0
6.141718981810946,6.0960360206702155,0
6.145175349366109,6.098449947600294,0
6.148849286973597,6.0988172246705865,0
6.150469807683557,6.101047931267029,0
6.1527933744642915,6.105417901573713,0
6.154307185771394,6.108672706772854,0
6.15592950161502,6.110904082491722,0
6.158579142984607,6.112203973458342,0
6.15896026571313,6.117414863854243,0
6.158422230864659,6.122533684061661,0
6.159831688881834,6.1268134660866735,0
6.162376864765644,6.1291382920590145,0
6.164815555638306,6.132487300274356,0
6.167576225951141,6.132764702714113,0
6.168882284343152,6.1380698170362855,0
6.172244340137333,6.141512463695783,0
6.179575054314267,6.151564945871549,0
6.184180939826128,6.152029060627569,0
6.185917538292767,6.153239160603963,0
6.189074814361998,6.158733224620498,0
6.190812422591328,6.15994370097825,0
6.193366630241396,6.162271893472774,0
6.196738278781112,6.165718115755215,0
6.1992941132710655,6.168046914641931,0
6.203694770274552,6.170562279474389,0
6.206147766118608,6.173916619759023,0
6.208810253913498,6.175221299132971,0
6.208706012819427,6.176246317778997,0
6.209419997985982,6.178389658953989,0
6.214747105296983,6.180999812284767,0
6.218126551448556,6.184448941067714,0
6.218635027617104,6.188643427768767,0
6.219040440748049,6.193863372227433,0
6.218117188022376,6.193769775603425,0
6.217090311279833,6.194701427636279,0
6.216986687262956,6.195726676293138,0
6.216779439229214,6.197777173606845,0
6.215648601882233,6.199733948836105,0
6.2158559621118314,6.1976834933425415,0
6.215752281997034,6.1987087210893215,0
6.2158559621118314,6.1976834933425415,0
6.214828748781727,6.198615019914936,0
6.214932484994453,6.197589813078235,0
6.217806484265541,6.196845584304221,0
6.218833417106012,6.195913953181446,0
6.217090311279833,6.194701427636279,0
6.218220755941321,6.192744506036494,0
6.217401183330448,6.191625681665709,0
6.219549870581357,6.198058214399769,0
6.221500168343358,6.19722022172115,0
6.219756782027538,6.196007591625602,0
6.220886946199393,6.19405056547544,0
6.219756782027538,6.196007591625602,0
6.216270682571029,6.193582582355418,0
6.217193935296702,6.193676178979423,0
6.217702916346596,6.197870853871155,0
6.218522881642961,6.198989824612472,0
6.218522881642961,6.198989824612472,0
6.218626393463975,6.197964534135462,0
6.217702916346596,6.197870853871155,0
6.218626393463975,6.197964534135462,0
6.220369948073575,6.199177226961233,0
6.221396824816118,6.198245574928386,0
6.219756782027538,6.196007591625602,0
6.217702916346596,6.197870853871155,0
6.216779439229214,6.197777173606845,0
6.217288644670813,6.201971932138882,0
6.219032591965899,6.203184771335184,0
6.219335951821932,6.209430549932822,0
6.221592077748749,6.214839255895171,0
6.226932536366398,6.217454385823956,0
6.232274341334293,6.220070017594555,0
6.236692781380658,6.222592010921002,0
6.238235707511908,6.225857668449418,0
6.241935225774139,6.226234480514208,0
6.240085466643023,6.226046074481815,0
6.239364805823151,6.223900245007815,0
6.238440038453447,6.223806083811766,0
6.241003946117253,6.216813567231039,0
6.2420303179784575,6.215881727007506,0
6.244490265037832,6.209914333623178,0
6.244694035000098,6.207862539884772,0
6.243668224118167,6.2087945892090595,0
6.242024478866401,6.206555225841289,0
6.242330638691147,6.203477723424367,0
6.24325428410231,6.203571466418897,0
6.243356281279297,6.202545611369846,0
6.242228585416232,6.2045035575633385,0
6.241406993279984,6.203383980429827,0
6.241304883907141,6.20440979365873,0
6.240279016927282,6.205341822072942,0
6.240483347868825,6.203290237435297,0
6.240381182398053,6.204316029754118,0
6.242228585416232,6.2045035575633385,0
6.242948292571349,6.206649031566052,0
6.246745320176398,6.205998315775737,0
6.244694035000098,6.207862539884772,0
6.2443883800567015,6.21094023049238,0
6.246236456250003,6.211128009222506,0
6.246957060971951,6.213273817786426,0
6.247576229496179,6.216445690500159,0
6.250044708368108,6.219805801965681,0
6.253540120080512,6.2222342823084205,0
6.254464719156438,6.22232838077424,0
6.252932512656901,6.228391043588626,0
6.2555051204270455,6.230726094587972,0
6.257254228731423,6.231940857511233,0
6.259827902362183,6.234276305802016,0
6.261476920819092,6.236517634716904,0
6.264051828604249,6.238853543029357,0
6.263126388059419,6.238759130912399,0
6.264876786616121,6.239974374767403,0
6.269103461656609,6.244552636588445,0
6.270654634183142,6.247821367897981,0
6.273232459060505,6.250158363534361,0
6.272406435188014,6.249037134504878,0
6.357426450891694,6.249417677470493,0
6.35918268363281,6.250635095973365,0
6.362884894595538,6.251012911721791,0
6.363715967281461,6.252136022658085,0
6.3626958222901635,6.253070183900022,0
6.364452728206402,6.254287853323806,0
6.36639848203631,6.253448166929054,0
6.370932775447649,6.254949469995143,0
6.372784217516578,6.255138503329807,0
6.376487101654433,6.255516569999141,0
6.380376926376442,6.253836569907371,0
6.385098160371925,6.253279806212348,0
6.38806086161129,6.2515047667013555,0
6.3920410151414515,6.2487945622647985,0
6.396944926278628,6.246178142642922,0
6.401754918340316,6.2445905891209925,0
6.406747699739544,6.240943421492361,0
6.409613789202915,6.24019624439768,0
6.411646562063282,6.238325119963676,0
6.413770449102792,6.235424083925942,0
6.416726530786761,6.233646577026015,0
6.417924865085581,6.2306510870511715,0
6.420970826794289,6.227843208525854,0
6.422818790791737,6.22803094543583,0
6.426045185725055,6.223162574580627,0
6.427150554613149,6.221196306177021,0
6.431026130461678,6.219510994926029,0
6.432782587594502,6.2207284970692065,0
6.434539269119032,6.221946082852686,0
6.435282200815951,6.224100213626723,0
6.43435849930686,6.224006449722111,0
6.435462858432267,6.222039804937143,0
6.4374002536710435,6.221197002941118,0
6.43915721568521,6.222414693274974,0
6.4428515729381495,6.222789581612808,0
6.447379919969226,6.224288668210875,0
6.450985126470478,6.225694200005087,0
6.455336350054633,6.229255012627494,0
6.459778070740736,6.231785683635344,0
6.462372724996218,6.2341289522944265,0
6.4668164652076925,6.236660376064997,0
6.469412690205136,6.2390042302061985,0
6.472846046464625,6.242473453571872,0
6.475443898301947,6.244817914105269,0
6.475180485097631,6.247911349999853,0
6.474607159725391,6.243692691251329,0
6.475531702703389,6.243786768807073,0
6.474782880724128,6.241630442475092,0
6.473946366539277,6.2405053032614575,0
6.475046462222231,6.238537069310734,0
6.473197937245509,6.238349123300004,0
6.473285909940728,6.237318040732035,0
6.472361703550295,6.23722408863674,0
6.472361703550295,6.23722408863674,0
6.473858449941982,6.241536406739499,0
6.475356093900512,6.245849059403465,0
6.479716798034346,6.249413405828662,0
6.4824039128192155,6.250727264725832,0
6.485754906176183,6.2552296616670375,0
6.489107694666821,6.259732727730668,0
6.49254896073403,6.263204899417008,0
6.497842903024555,6.266866564459679,0
6.500275187587945,6.271277058493009,0
6.501782704781636,6.275593391330297,0
6.504303354725735,6.278972949166185,0
6.507751464740039,6.282447671881759,0
6.509262123417642,6.286765175683282,0
6.510859127950582,6.290050990524637,0
6.513469096940156,6.292399967634381,0
6.515067503921273,6.295686305227633,0
6.516666584077512,6.298972893741787,0
6.518266337408878,6.302259733176857,0
6.516998879318326,6.306293331505092,0
6.518599586314455,6.309580526411445,0
6.519188114224928,6.313804851790476,0
6.517920487840598,6.317838387388484,0
6.516652412672848,6.321871755705889,0
6.516312639044212,6.326000602554103,0
6.515887922008414,6.331161661114372,0
6.517406658787522,6.3354821759667885,0
6.517996813537877,6.339707107738018,0
6.517657713084365,6.343836205507138,0
6.519093806471314,6.34918978938471,0
6.521545781407109,6.353607622854604,0
6.522984287004924,6.35896210586543,0
6.525438898543285,6.363380922108881,0
6.527810810591575,6.368832786467408,0
6.530100528031131,6.3753178871317004,0
6.533407585565627,6.380867781050274,0
6.536716887017214,6.386418511371875,0
6.537065170167239,6.39374490850674,0
6.539362797414512,6.400232957491699,0
6.541662444187153,6.406721759239385,0
6.542947892348774,6.414146938697023,0
6.5461023973284185,6.421767717253086,0
6.545523500897879,6.428999054058654,0
6.545027303957422,6.435197342749138,0
6.5428271125915245,6.439133810650581,0
6.540626023658795,6.443069943990814,0
6.538257965003957,6.449071588079086,0
6.535472818631401,6.460237134497923,0
6.537095459917008,6.463532505243862,0
6.53566086381057,6.4696315515899165,0
6.535494679459436,6.471697355079016,0
6.534996126406039,6.477894765546321,0
6.53474684987934,6.480993470779971,0
6.53535170228659,6.485223880991022,0
6.534936521898395,6.49038849426416,0
6.5345213415101995,6.495553107537294,0
6.534189197199641,6.499684798155798,0
6.533774016811449,6.5048494114289355,0
6.5332758003456135,6.5110469473566965,0
6.5337995240047455,6.516310991164946,0
6.533218664146759,6.523541596117866,0
6.533909189234219,6.5267400664478465,0
6.534351447557668,6.533037618392839,0
6.534794379056244,6.539335421258741,0
6.5350724725539315,6.547699529455567,0
6.534575939025906,6.553897692685595,0
6.534079405497888,6.56009585591563,0
6.534855266677994,6.562262260904085,0
6.534441769227612,6.567427501479489,0
6.535135491896913,6.570627163683781,0
6.535829551153778,6.573826951348529,0
6.537548579823671,6.576094376037851,0
6.539268057276978,6.57836196800778,0
6.540741231393721,6.583729373445372,0
6.540412228567082,6.5878622350281155,0
6.53819733954429,6.591793224489734,0
6.5359815529546665,6.595723879390139,0
6.534790791876006,6.598722192225196,0
6.533434519621327,6.603786559470265,0
6.532077686387378,6.608850717614576,0
6.530802991664242,6.6128816185430495,0
6.5296106037456845,6.615879324985908,0
6.529196825805666,6.621044461010932,0
6.528700292277648,6.627242624240964,0
6.528203758749626,6.633440787470999,0
6.527789980809608,6.638605923496023,0
6.528073908491709,6.646972206340717,0
6.528606663917095,6.652239616671146,0
6.528358733740653,6.6553388237466145,0
6.529921451294577,6.659675732098361,0
6.530620671560726,6.662877443490068,0
6.53132022841444,6.666079280342231,0
6.532884965493739,6.6704169414567005,0
6.534450600139866,6.6747549371323736,0
6.53696478767678,6.679195959876189,0
6.53766653234965,6.682398612221295,0
6.539152889479258,6.687770931526671,0
6.540558622742083,6.694177072619926,0
6.539446578200671,6.696140852724529,0
6.5418840687257,6.701617160961515,0
6.542506591979972,6.705854157846403,0
6.542966521150447,6.712158296465233,0
6.543427123496048,6.718462686004976,0
6.541282929006943,6.721356152595316,0
6.5416621782127145,6.728694092091953,0
6.539516693471292,6.731587077750557,0
6.536338105117416,6.735409394423609,0
6.536092699347684,6.738509542452487,0
6.533863337059714,6.74243513711458,0
6.533453766464227,6.74760184139528,0
6.5341595501878444,6.750805999265843,0
6.53486567049903,6.754010282596859,0
6.536605679793645,6.756285527654477,0
6.535490381572462,6.758248094974697,0
6.5352451440965105,6.761348305733797,0
6.534129453189841,6.763310726683482,0
6.533884047420109,6.766410874712356,0
6.533802245496865,6.76744425738865,0
6.529910524590921,6.768059676971227,0
6.525936104194905,6.769708144668886,0
6.5239485574093266,6.770532253057265,0
6.521795836035309,6.773422541316105,0
6.518772100251297,6.775174830664774,0
6.519559854191947,6.777345668589273,0
6.519559854191947,6.777345668589273,0
6.518524170074851,6.778274037740243,0
6.518358883290549,6.780340175790556,0
6.519229505015058,6.781478028330202,0
6.519852645346528,6.78571525522592,0
6.518651393955501,6.788709657876826,0
6.519439989365054,6.79088080945246,0
6.518403632072829,6.791808927682524,0
6.520146334067945,6.794085176423778,0
6.521807121943958,6.797394766021174,0
6.521724759041444,6.798427939596706,0
6.520440920356194,6.802455432182846,0
6.5211482187238445,6.805660154625453,0
6.521773546874474,6.8098981970141175,0
6.52073640421127,6.810826022503125,0
6.5206540413087595,6.811859196078661,0
6.520242226796185,6.817025063956336,0
6.519369473350455,6.815886416833816,0
6.519369473350455,6.815886416833816,0
6.518414357002207,6.815780943286832,0
6.519369473350455,6.815886416833816,0
6.519287054350013,6.816919569499273,0
6.520242226796185,6.817025063956336,0
6.557130439840154,6.776259436541551,0
6.556969640890021,6.778327247397922,0
6.556969640890021,6.778327247397922,0
6.557842169944049,6.7794658108801364,0
6.55776182656691,6.780499737218399,0
6.557681483189771,6.781533663556658,0
6.55958756463966,6.781743063305022,0
6.55672844246482,6.781428963682469,0
6.555614490593893,6.783392032844503,0
6.554580826002169,6.784321154758199,0
6.550767989927262,6.783902104340555,0
6.546874193398022,6.784516750250333,0
6.544014398048056,6.784202399706871,0
6.5421078678147495,6.783992832677896,0
6.542514072534612,6.778824873792654,0
6.543791796545811,6.774795102008266,0
6.541014868979712,6.773447766079951,0
6.538482842301995,6.769000093932078,0
6.5366595164401105,6.767757666978703,0
6.535707092792361,6.767653197115351,0
6.535788782519749,6.76661977261891,0
6.535707092792361,6.767653197115351,0
6.535788782519749,6.76661977261891,0
6.535707092792361,6.767653197115351,0
6.5366595164401105,6.767757666978703,0
6.535707092792361,6.767653197115351,0
6.5366595164401105,6.767757666978703,0
6.5366595164401105,6.767757666978703,0
6.537693517619392,6.766828670525463,0
6.536822783699034,6.76569077616567,0
6.53674115006957,6.766724221572186,0
6.5379382502139975,6.76372827157568,0
6.537856672682459,6.764761737892272,0
6.537856672682459,6.764761737892272,0
6.537856672682459,6.764761737892272,0
6.534999906620563,6.764448516492898,0
6.53587047224714,6.765586348122465,0
6.536822783699034,6.76569077616567,0
6.53587047224714,6.765586348122465,0
6.5376119400878565,6.767862136842055,0
6.537775095150927,6.765795204208867,0
6.53674115006957,6.766724221572186,0
6.53674115006957,6.766724221572186,0
6.5366595164401105,6.767757666978703,0
6.53674115006957,6.766724221572186,0
6.535952161974528,6.764552923626024,0
6.534999906620563,6.764448516492898,0
6.534999906620563,6.764448516492898,0
6.53301353789146,6.765273063992865,0
6.534999906620563,6.764448516492898,0
6.53706768458742,6.762590439946113,0
6.53706768458742,6.762590439946113,0
6.535952161974528,6.764552923626024,0
6.535952161974528,6.764552923626024,0
6.53674115006957,6.766724221572186,0
6.536822783699034,6.76569077616567,0
6.53674115006957,6.766724221572186,0
6.53674115006957,6.766724221572186,0
6.53674115006957,6.766724221572186,0
6.536577882810647,6.768791112385223,0
6.5366595164401105,6.767757666978703,0
6.53587047224714,6.765586348122465,0
6.53587047224714,6.765586348122465,0
6.53674115006957,6.766724221572186,0
6.5366595164401105,6.767757666978703,0
6.5376119400878565,6.767862136842055,0
6.5366595164401105,6.767757666978703,0
6.5366595164401105,6.767757666978703,0
6.537530362556318,6.768895603158651,0
6.537693517619392,6.766828670525463,0
6.537775095150927,6.765795204208867,0
6.537775095150927,6.765795204208867,0
6.537775095150927,6.765795204208867,0
6.537856672682459,6.764761737892272,0
6.537775095150927,6.765795204208867,0
6.535788782519749,6.76661977261891,0
6.533965849343353,6.765377492036066,0
6.533965849343353,6.765377492036066,0
6.533965849343353,6.765377492036066,0
6.533965849343353,6.765377492036066,0
6.534836414969931,6.766515323665633,0
6.533095395912628,6.76423970222665,0
6.533965849343353,6.765377492036066,0
6.533965849343353,6.765377492036066,0
6.534129453189841,6.763310726683482,0
6.533965849343353,6.765377492036066,0
6.534754669144611,6.767548727252002,0
6.534836414969931,6.766515323665633,0
6.535707092792361,6.767653197115351,0
6.534754669144611,6.767548727252002,0
6.534836414969931,6.766515323665633,0
6.533884047420109,6.766410874712356,0
6.534754669144611,6.767548727252002,0
6.534836414969931,6.766515323665633,0
6.534836414969931,6.766515323665633,0
6.533965849343353,6.765377492036066,0
6.533965849343353,6.765377492036066,0
6.534836414969931,6.766515323665633,0
6.535788782519749,6.76661977261891,0
6.535707092792361,6.767653197115351,0
6.693308456881386,6.861218552463498,0
6.694264975677811,6.861324548762376,0
6.693452650845106,6.859144552224734,0
6.693452650845106,6.859144552224734,0
6.693308456881386,6.861218552463498,0
6.693380553863246,6.860181552344116,0
6.692496244244538,6.859038597746011,0
6.691539837643965,6.858932643267288,0
6.691539837643965,6.858932643267288,0
6.691539837643965,6.858932643267288,0
6.690583431043404,6.858826688788561,0
6.691539837643965,6.858932643267288,0
6.692424091164753,6.8600755769553174,0
6.692424091164753,6.8600755769553174,0
6.690655696319045,6.857789751399402,0
6.690655696319045,6.857789751399402,0
6.690655696319045,6.857789751399402,0
6.690655696319045,6.857789751399402,0
6.688742995313756,6.85757788426211,0
6.6907279615946855,6.85675281401025,0
6.689771667189969,6.856646901351677,0
6.690655696319045,6.857789751399402,0
6.689771667189969,6.856646901351677,0
6.691612046821685,6.857895684968057,0
6.689843988563538,6.855609984872597,0
6.691684255999398,6.8568587266688255,0
6.691684255999398,6.8568587266688255,0
6.689843988563538,6.855609984872597,0
6.69080022687033,6.855715876621094,0
6.689843988563538,6.855609984872597,0
6.689843988563538,6.855609984872597,0
6.689843988563538,6.855609984872597,0
6.689843988563538,6.855609984872597,0
6.689843988563538,6.855609984872597,0
6.690655696319045,6.857789751399402,0
6.691684255999398,6.8568587266688255,0
6.68888775025675,6.8555040931241,0
6.68888775025675,6.8555040931241,0
6.689771667189969,6.856646901351677,0
6.689771667189969,6.856646901351677,0
6.689771667189969,6.856646901351677,0
6.689771667189969,6.856646901351677,0
6.689771667189969,6.856646901351677,0
6.689843988563538,6.855609984872597,0
6.68888775025675,6.8555040931241,0
6.688003945519384,6.8543613267166705,0
6.68888775025675,6.8555040931241,0
6.687931511949962,6.8553982013756,0
6.6871202529778735,6.853218602129399,0
6.687192742645223,6.852181748380545,0
6.687192742645223,6.852181748380545,0
6.687192742645223,6.852181748380545,0
6.687265232312573,6.851144894631695,0
6.688148812658227,6.852287577398812,0
6.6863092183974935,6.851039086523496,0
6.687192742645223,6.852181748380545,0
6.6863092183974935,6.851039086523496,0
6.686381764162768,6.850002253684721,0
6.68542580634562,6.8498964664866016,0
6.686381764162768,6.850002253684721,0
6.686381764162768,6.850002253684721,0
6.686381764162768,6.850002253684721,0
6.685498408208822,6.848859654557899,0
6.686381764162768,6.850002253684721,0
6.686454309928049,6.848965420845943,0
6.68542580634562,6.8498964664866016,0
6.685498408208822,6.848859654557899,0
6.687265232312573,6.851144894631695,0
6.687265232312573,6.851144894631695,0
6.688221246227656,6.851250702739886,0
6.687337721979922,6.850108040882841,0
6.687410211647276,6.849071187133987,0
6.687410211647276,6.849071187133987,0
6.687410211647276,6.849071187133987,0
6.685498408208822,6.848859654557899,0
6.68652685569333,6.847928588007168,0
6.687337721979922,6.850108040882841,0
6.687337721979922,6.850108040882841,0
6.687337721979922,6.850108040882841,0
6.686454309928049,6.848965420845943,0
6.687410211647276,6.849071187133987,0
6.686454309928049,6.848965420845943,0
6.687337721979922,6.850108040882841,0
6.687337721979922,6.850108040882841,0
6.686381764162768,6.850002253684721,0
6.686381764162768,6.850002253684721,0
6.686381764162768,6.850002253684721,0
6.68542580634562,6.8498964664866016,0
6.684542506489599,6.848753888269858,0
6.684542506489599,6.848753888269858,0
6.686381764162768,6.850002253684721,0
6.68542580634562,6.8498964664866016,0
6.6863092183974935,6.851039086523496,0
6.686381764162768,6.850002253684721,0
6.684469848528465,6.849790679288482,0
6.68542580634562,6.8498964664866016,0
6.685353204482414,6.850933278415301,0
6.6863092183974935,6.851039086523496,0
6.686236672632216,6.852075919362278,0
6.684397190567335,6.8508274703071095,0
6.684469848528465,6.849790679288482,0
6.684469848528465,6.849790679288482,0
6.685353204482414,6.850933278415301,0
6.684469848528465,6.849790679288482,0
6.684469848528465,6.849790679288482,0
6.684469848528465,6.849790679288482,0
6.683586604770369,6.84864812198181,0
6.684469848528465,6.849790679288482,0
6.685353204482414,6.850933278415301,0
6.6835138907113105,6.849684892090362,0
6.683586604770369,6.84864812198181,0
6.6835138907113105,6.849684892090362,0
6.683586604770369,6.84864812198181,0
6.6835138907113105,6.849684892090362,0
6.6835138907113105,6.849684892090362,0
6.682557932894159,6.849579104892246,0
6.682557932894159,6.849579104892246,0
6.682557932894159,6.849579104892246,0
6.684324532606205,6.8518642613257335,0
6.683295748534135,6.8527952024160115,0
6.683295748534135,6.8527952024160115,0
6.682485162737173,6.850615854090719,0
6.681529148822094,6.850510045982521,0
6.681529148822094,6.850510045982521,0
6.681456322567179,6.851546774270922,0
6.6823396224232035,6.8526893524876655,0
6.6823396224232035,6.8526893524876655,0
6.680500252554172,6.8514409452526515,0
6.680500252554172,6.8514409452526515,0
6.679617120991935,6.850298429766131,0
6.680573134907014,6.850404237874329,0
6.680500252554172,6.8514409452526515,0
6.681456322567179,6.851546774270922,0
6.681456322567179,6.851546774270922,0
6.681456322567179,6.851546774270922,0
6.681456322567179,6.851546774270922,0
6.681456322567179,6.851546774270922,0
6.680573134907014,6.850404237874329,0
6.680573134907014,6.850404237874329,0
6.680573134907014,6.850404237874329,0
6.680573134907014,6.850404237874329,0
6.68064601725985,6.8493675304960036,0
6.679762997893469,6.848225056829637,0
6.679762997893469,6.848225056829637,0
6.679690059442702,6.8492617432978875,0
6.678807096174243,6.848119290541593,0
6.6787341016255475,6.849155956099764,0
6.6787341016255475,6.849155956099764,0
6.677778143808393,6.849050168901645,0
6.678661107076856,6.850192621657936,0
6.6777050931617765,6.850086813549744,0
6.67763204251515,6.851123458197836,0
6.67763204251515,6.851123458197836,0
6.676675972502142,6.8510176291795695,0
6.674690613535731,6.851842553060894,0
6.675573576804187,6.852985005817185,0
6.675573576804187,6.852985005817185,0
6.675573576804187,6.852985005817185,0
6.674617394595327,6.852879134978764,0
6.674544175654926,6.85391571689663,0
6.674617394595327,6.852879134978764,0
6.674690613535731,6.851842553060894,0
6.674617394595327,6.852879134978764,0
6.675646739646666,6.851948402989237,0
6.675573576804187,6.852985005817185,0
6.674617394595327,6.852879134978764,0
6.675646739646666,6.851948402989237,0
6.676675972502142,6.8510176291795695,0
6.674763832476131,6.850805971143025,0
6.674763832476131,6.850805971143025,0
6.676675972502142,6.8510176291795695,0
6.676675972502142,6.8510176291795695,0
6.6757199024891385,6.850911800161295,0
6.676675972502142,6.8510176291795695,0
6.676602865757594,6.85205425291759,0
6.678515117979465,6.852265952774278,0
6.67844212343077,6.853302618332453,0
6.67844212343077,6.853302618332453,0
6.67844212343077,6.853302618332453,0
6.67844212343077,6.853302618332453,0
6.67748594122191,6.853196747494032,0
6.67844212343077,6.853302618332453,0
6.677558991868533,6.852160102845936,0
6.678515117979465,6.852265952774278,0
6.677558991868533,6.852160102845936,0
6.677558991868533,6.852160102845936,0
6.67763204251515,6.851123458197836,0
6.676675972502142,6.8510176291795695,0
6.676675972502142,6.8510176291795695,0
6.676675972502142,6.8510176291795695,0
6.676675972502142,6.8510176291795695,0
6.676675972502142,6.8510176291795695,0
6.676675972502142,6.8510176291795695,0
6.6757199024891385,6.850911800161295,0
6.6757199024891385,6.850911800161295,0
6.6757199024891385,6.850911800161295,0
6.674690613535731,6.851842553060894,0
6.675646739646666,6.851948402989237,0
6.674690613535731,6.851842553060894,0
6.673661212386463,6.8527732641403425,0
6.673587937348135,6.8538098251481365,0
6.673587937348135,6.8538098251481365,0
6.673661212386463,6.8527732641403425,0
6.674617394595327,6.852879134978764,0
6.674544175654926,6.85391571689663,0
6.673661212386463,6.8527732641403425,0
6.673661212386463,6.8527732641403425,0
6.673734487424792,6.8517367031325485,0
6.673661212386463,6.8527732641403425,0
6.673734487424792,6.8517367031325485,0
6.673734487424792,6.8517367031325485,0
6.672851692450113,6.850594313106484,0
6.67277836131386,6.8516308532042025,0
6.672851692450113,6.850594313106484,0
6.671969009671294,6.84945196490057,0
6.671969009671294,6.84945196490057,0
6.67277836131386,6.8516308532042025,0
6.670939552424102,6.850382655069943,0
6.671969009671294,6.84945196490057,0
6.670939552424102,6.850382655069943,0
6.672705030177603,6.8526673933019175,0
6.672705030177603,6.8526673933019175,0
6.672705030177603,6.8526673933019175,0
6.672705030177603,6.8526673933019175,0
6.672705030177603,6.8526673933019175,0
6.672705030177603,6.8526673933019175,0
6.672705030177603,6.8526673933019175,0
6.672705030177603,6.8526673933019175,0
6.673734487424792,6.8517367031325485,0
6.673734487424792,6.8517367031325485,0
6.673734487424792,6.8517367031325485,0
6.673734487424792,6.8517367031325485,0
6.67380776246312,6.850700142124754,0
6.674690613535731,6.851842553060894,0
6.674763832476131,6.850805971143025,0
6.673881037501452,6.849663581116964,0
6.673881037501452,6.849663581116964,0
6.673881037501452,6.849663581116964,0
6.674910270356936,6.848732807307286,0
6.672998354722626,6.848521232911047,0
6.674910270356936,6.848732807307286,0
6.673954312539777,6.84862702010917,0
6.673954312539777,6.84862702010917,0
6.673071685858883,6.847484692813328,0
6.674910270356936,6.848732807307286,0
6.674910270356936,6.848732807307286,0
6.673071685858883,6.847484692813328,0
6.6732183481314,6.8454116126178945,0
6.673071685858883,6.847484692813328,0
6.673145016995143,6.846448152715613,0
6.672189171373848,6.846342407337644,0
6.673145016995143,6.846448152715613,0
6.672189171373848,6.846342407337644,0
6.672262558608029,6.845305888150005,0
6.672262558608029,6.845305888150005,0
6.67417413765477,6.845517337085788,0
6.672262558608029,6.845305888150005,0
6.672262558608029,6.845305888150005,0
6.672335945842214,6.844269368962362,0
6.672409333076395,6.843232849774719,0
6.673291679267653,6.844375072520176,0
6.672409333076395,6.843232849774719,0
6.672409333076395,6.843232849774719,0
6.671453655748877,6.84312716712698,0
6.672335945842214,6.844269368962362,0
6.672335945842214,6.844269368962362,0
6.673291679267653,6.844375072520176,0
6.674247412693099,6.844480776077997,0
6.672335945842214,6.844269368962362,0
6.672335945842214,6.844269368962362,0
6.67417413765477,6.845517337085788,0
6.674247412693099,6.844480776077997,0
6.673291679267653,6.844375072520176,0
6.672335945842214,6.844269368962362,0
6.672335945842214,6.844269368962362,0
6.673291679267653,6.844375072520176,0
6.674247412693099,6.844480776077997,0
6.672409333076395,6.843232849774719,0
6.672409333076395,6.843232849774719,0
6.6734383415401695,6.842301992324739,0
6.674320687731427,6.843444215070203,0
6.674320687731427,6.843444215070203,0
6.674320687731427,6.843444215070203,0
6.672556107544761,6.841159811399432,0
6.672556107544761,6.841159811399432,0
6.672556107544761,6.841159811399432,0
6.672556107544761,6.841159811399432,0
6.672556107544761,6.841159811399432,0
6.672409333076395,6.843232849774719,0
6.674320687731427,6.843444215070203,0
6.674320687731427,6.843444215070203,0
6.674320687731427,6.843444215070203,0
6.674320687731427,6.843444215070203,0
6.674320687731427,6.843444215070203,0
6.674320687731427,6.843444215070203,0
6.672482720310583,6.842196330587079,0
6.672482720310583,6.842196330587079,0
6.674320687731427,6.843444215070203,0
6.674247412693099,6.844480776077997,0
6.673365010403909,6.843338532422461,0
6.673365010403909,6.843338532422461,0
6.673291679267653,6.844375072520176,0
6.673365010403909,6.843338532422461,0
6.672482720310583,6.842196330587079,0
6.674393962769759,6.842407654062406,0
6.674393962769759,6.842407654062406,0
6.674393962769759,6.842407654062406,0
6.674393962769759,6.842407654062406,0
6.6734383415401695,6.842301992324739,0
6.6734383415401695,6.842301992324739,0
6.672556107544761,6.841159811399432,0
6.672482720310583,6.842196330587079,0
6.6734383415401695,6.842301992324739,0
6.672482720310583,6.842196330587079,0
6.6734383415401695,6.842301992324739,0
6.673511672676419,6.841265452227024,0
6.672556107544761,6.841159811399432,0
6.672482720310583,6.842196330587079,0
6.672482720310583,6.842196330587079,0
6.6734383415401695,6.842301992324739,0
6.672409333076395,6.843232849774719,0
6.672482720310583,6.842196330587079,0
6.672556107544761,6.841159811399432,0
6.672556107544761,6.841159811399432,0
6.672556107544761,6.841159811399432,0
6.673511672676419,6.841265452227024,0
6.672409333076395,6.843232849774719,0
6.672482720310583,6.842196330587079,0
6.672556107544761,6.841159811399432,0
6.6716005424130955,6.841054170571848,0
6.672482720310583,6.842196330587079,0
6.672482720310583,6.842196330587079,0
6.6734383415401695,6.842301992324739,0
6.672482720310583,6.842196330587079,0
6.672556107544761,6.841159811399432,0
6.671673985745212,6.84001767229428,0
6.672556107544761,6.841159811399432,0
6.671673985745212,6.84001767229428,0
6.671453655748877,6.84312716712698,0
6.672409333076395,6.843232849774719,0
6.67152709908099,6.842090668849412,0
6.6716005424130955,6.841054170571848,0
6.6716005424130955,6.841054170571848,0
6.670718476711471,6.839912052376768,0
6.67152709908099,6.842090668849412,0
6.670644977281434,6.8409485297442565,0
6.672556107544761,6.841159811399432,0
6.67152709908099,6.842090668849412,0
6.672482720310583,6.842196330587079,0
6.67152709908099,6.842090668849412,0
6.6705714778513965,6.841985007111749,0
6.6705714778513965,6.841985007111749,0
6.670718476711471,6.839912052376768,0
6.670718476711471,6.839912052376768,0
6.670718476711471,6.839912052376768,0
6.670718476711471,6.839912052376768,0
6.670644977281434,6.8409485297442565,0
6.671673985745212,6.84001767229428,0
6.67152709908099,6.842090668849412,0
6.672482720310583,6.842196330587079,0
6.6716005424130955,6.841054170571848,0
6.6696894121497685,6.840842888916665,0
6.67152709908099,6.842090668849412,0
6.67152709908099,6.842090668849412,0
6.670644977281434,6.8409485297442565,0
6.670718476711471,6.839912052376768,0
6.670718476711471,6.839912052376768,0
6.670718476711471,6.839912052376768,0
6.670718476711471,6.839912052376768,0
6.670718476711471,6.839912052376768,0
6.670644977281434,6.8409485297442565,0
6.6705714778513965,6.841985007111749,0
6.6716005424130955,6.841054170571848,0
6.670644977281434,6.8409485297442565,0
6.670644977281434,6.8409485297442565,0
6.672482720310583,6.842196330587079,0
6.67152709908099,6.842090668849412,0
6.672482720310583,6.842196330587079,0
6.672482720310583,6.842196330587079,0
6.672482720310583,6.842196330587079,0
6.6716005424130955,6.841054170571848,0
6.6716005424130955,6.841054170571848,0
6.6716005424130955,6.841054170571848,0
6.670644977281434,6.8409485297442565,0
6.67152709908099,6.842090668849412,0
6.67152709908099,6.842090668849412,0
6.670644977281434,6.8409485297442565,0
6.6705714778513965,6.841985007111749,0
6.670497978421359,6.843021484479241,0
6.672409333076395,6.843232849774719,0
6.670497978421359,6.843021484479241,0
6.6705714778513965,6.841985007111749,0
6.670497978421359,6.843021484479241,0
6.67152709908099,6.842090668849412,0
6.67152709908099,6.842090668849412,0
6.672409333076395,6.843232849774719,0
6.67152709908099,6.842090668849412,0
6.669615856621807,6.841879345374082,0
6.669615856621807,6.841879345374082,0
6.6716005424130955,6.841054170571848,0
6.672409333076395,6.843232849774719,0
6.672409333076395,6.843232849774719,0
6.671453655748877,6.84312716712698,0
6.670497978421359,6.843021484479241,0
6.6716005424130955,6.841054170571848,0
6.670644977281434,6.8409485297442565,0
6.670644977281434,6.8409485297442565,0
6.670497978421359,6.843021484479241,0
6.67152709908099,6.842090668849412,0
6.670644977281434,6.8409485297442565,0
6.670497978421359,6.843021484479241,0
6.670497978421359,6.843021484479241,0
6.6705714778513965,6.841985007111749,0
6.670497978421359,6.843021484479241,0
6.669615856621807,6.841879345374082,0
6.6696894121497685,6.840842888916665,0
6.6696894121497685,6.840842888916665,0
6.6696894121497685,6.840842888916665,0
6.670718476711471,6.839912052376768,0
6.67152709908099,6.842090668849412,0
6.670718476711471,6.839912052376768,0
6.6716005424130955,6.841054170571848,0
6.67152709908099,6.842090668849412,0
6.6705714778513965,6.841985007111749,0
6.670644977281434,6.8409485297442565,0
6.670644977281434,6.8409485297442565,0
6.67152709908099,6.842090668849412,0
6.670497978421359,6.843021484479241,0
6.670497978421359,6.843021484479241,0
6.67152709908099,6.842090668849412,0
6.67152709908099,6.842090668849412,0
6.671453655748877,6.84312716712698,0
6.67152709908099,6.842090668849412,0
6.67152709908099,6.842090668849412,0
6.670644977281434,6.8409485297442565,0
6.670644977281434,6.8409485297442565,0
6.670644977281434,6.8409485297442565,0
6.670497978421359,6.843021484479241,0
6.671453655748877,6.84312716712698,0
6.6705714778513965,6.841985007111749,0
6.671453655748877,6.84312716712698,0
6.672482720310583,6.842196330587079,0
6.671453655748877,6.84312716712698,0
6.671453655748877,6.84312716712698,0
6.670644977281434,6.8409485297442565,0
6.670644977281434,6.8409485297442565,0
6.670497978421359,6.843021484479241,0
6.672409333076395,6.843232849774719,0
6.671380212416768,6.8441636654045475,0
6.671453655748877,6.84312716712698,0
6.671380212416768,6.8441636654045475,0
6.671380212416768,6.8441636654045475,0
6.671453655748877,6.84312716712698,0
6.672409333076395,6.843232849774719,0
6.673365010403909,6.843338532422461,0
6.672409333076395,6.843232849774719,0
6.671453655748877,6.84312716712698,0
6.672335945842214,6.844269368962362,0
6.672335945842214,6.844269368962362,0
6.671453655748877,6.84312716712698,0
6.6705714778513965,6.841985007111749,0
6.67152709908099,6.842090668849412,0
6.67152709908099,6.842090668849412,0
6.671380212416768,6.8441636654045475,0
6.672335945842214,6.844269368962362,0
6.6705714778513965,6.841985007111749,0
6.672335945842214,6.844269368962362,0
6.672262558608029,6.845305888150005,0
6.672335945842214,6.844269368962362,0
6.671453655748877,6.84312716712698,0
6.670424478991322,6.84405796184673,0
6.671453655748877,6.84312716712698,0
6.670497978421359,6.843021484479241,0
6.670350979561281,6.845094439214218,0
6.671453655748877,6.84312716712698,0
6.670497978421359,6.843021484479241,0
6.671453655748877,6.84312716712698,0
6.671453655748877,6.84312716712698,0
6.671306769084659,6.845200163682112,0
6.671380212416768,6.8441636654045475,0
6.671380212416768,6.8441636654045475,0
6.670497978421359,6.843021484479241,0
6.670350979561281,6.845094439214218,0
6.671306769084659,6.845200163682112,0
6.672335945842214,6.844269368962362,0
6.671306769084659,6.845200163682112,0
6.672189171373848,6.846342407337644,0
6.671306769084659,6.845200163682112,0
6.672262558608029,6.845305888150005,0
6.6732183481314,6.8454116126178945,0
6.6732183481314,6.8454116126178945,0
6.672262558608029,6.845305888150005,0
6.672262558608029,6.845305888150005,0
6.672335945842214,6.844269368962362,0
6.671380212416768,6.8441636654045475,0
6.672335945842214,6.844269368962362,0
6.672262558608029,6.845305888150005,0
6.671380212416768,6.8441636654045475,0
6.673291679267653,6.844375072520176,0
6.673291679267653,6.844375072520176,0
6.671453655748877,6.84312716712698,0
6.671453655748877,6.84312716712698,0
6.671380212416768,6.8441636654045475,0
6.671380212416768,6.8441636654045475,0
6.672409333076395,6.843232849774719,0
6.672482720310583,6.842196330587079,0
6.673291679267653,6.844375072520176,0
6.672335945842214,6.844269368962362,0
6.672335945842214,6.844269368962362,0
6.671380212416768,6.8441636654045475,0
6.673291679267653,6.844375072520176,0
6.672335945842214,6.844269368962362,0
6.673291679267653,6.844375072520176,0
6.674247412693099,6.844480776077997,0
6.672262558608029,6.845305888150005,0
6.672409333076395,6.843232849774719,0
6.672482720310583,6.842196330587079,0
6.672409333076395,6.843232849774719,0
6.672409333076395,6.843232849774719,0
6.671380212416768,6.8441636654045475,0
6.672335945842214,6.844269368962362,0
6.673291679267653,6.844375072520176,0
6.672335945842214,6.844269368962362,0
6.671380212416768,6.8441636654045475,0
6.67152709908099,6.842090668849412,0
6.672409333076395,6.843232849774719,0
6.672262558608029,6.845305888150005,0
6.672262558608029,6.845305888150005,0
6.672262558608029,6.845305888150005,0
6.672335945842214,6.844269368962362,0
6.673365010403909,6.843338532422461,0
6.675129927178144,6.845623061553681,0
6.6732183481314,6.8454116126178945,0
6.672262558608029,6.845305888150005,0
6.673291679267653,6.844375072520176,0
6.6732183481314,6.8454116126178945,0
6.6732183481314,6.8454116126178945,0
6.671453655748877,6.84312716712698,0
6.671306769084659,6.845200163682112,0
6.672262558608029,6.845305888150005,0
6.671380212416768,6.8441636654045475,0
6.673365010403909,6.843338532422461,0
6.672335945842214,6.844269368962362,0
6.673291679267653,6.844375072520176,0
6.672409333076395,6.843232849774719,0
6.672262558608029,6.845305888150005,0
6.672335945842214,6.844269368962362,0
6.672409333076395,6.843232849774719,0
6.672409333076395,6.843232849774719,0
6.672335945842214,6.844269368962362,0
6.673291679267653,6.844375072520176,0
6.6732183481314,6.8454116126178945,0
6.673291679267653,6.844375072520176,0
6.672409333076395,6.843232849774719,0
6.672262558608029,6.845305888150005,0
6.671306769084659,6.845200163682112,0
6.6732183481314,6.8454116126178945,0
6.67417413765477,6.845517337085788,0
6.672262558608029,6.845305888150005,0
6.671380212416768,6.8441636654045475,0
6.672262558608029,6.845305888150005,0
6.672335945842214,6.844269368962362,0
6.671453655748877,6.84312716712698,0
6.671453655748877,6.84312716712698,0
6.672262558608029,6.845305888150005,0
6.672262558608029,6.845305888150005,0
6.672409333076395,6.843232849774719,0
6.672409333076395,6.843232849774719,0
6.672409333076395,6.843232849774719,0
6.672409333076395,6.843232849774719,0
6.674247412693099,6.844480776077997,0
6.674247412693099,6.844480776077997,0
6.674247412693099,6.844480776077997,0
6.674247412693099,6.844480776077997,0
6.672482720310583,6.842196330587079,0
6.672482720310583,6.842196330587079,0
6.672556107544761,6.841159811399432,0
6.672556107544761,6.841159811399432,0
6.673511672676419,6.841265452227024,0
6.672482720310583,6.842196330587079,0
6.672556107544761,6.841159811399432,0
6.673511672676419,6.841265452227024,0
6.672556107544761,6.841159811399432,0
6.672556107544761,6.841159811399432,0
6.672556107544761,6.841159811399432,0
6.6726294947789455,6.840123292211793,0
6.672556107544761,6.841159811399432,0
6.6734383415401695,6.842301992324739,0
6.673511672676419,6.841265452227024,0
6.6726294947789455,6.840123292211793,0
6.673585003812679,6.840228912129305,0
6.671673985745212,6.84001767229428,0
6.6726294947789455,6.840123292211793,0
6.672776269247311,6.83805025383651,0
6.672849656481496,6.837013734648867,0
6.672702882013127,6.83908677302415,0
6.673731666085196,6.838155831933875,0
6.673731666085196,6.838155831933875,0
6.673731666085196,6.838155831933875,0
6.673658334948936,6.839192372031587,0
6.670938975001583,6.836802620274295,0
6.67189431574154,6.836908177461581,0
6.672776269247311,6.83805025383651,0
6.672849656481496,6.837013734648867,0
6.67189431574154,6.836908177461581,0
6.67189431574154,6.836908177461581,0
6.670938975001583,6.836802620274295,0
6.67182087240943,6.837944675739152,0
6.67182087240943,6.837944675739152,0
6.671747429077321,6.838981174016716,0
6.671747429077321,6.838981174016716,0
6.671747429077321,6.838981174016716,0
6.671673985745212,6.84001767229428,0
6.671673985745212,6.84001767229428,0
6.670718476711471,6.839912052376768,0
6.670718476711471,6.839912052376768,0
6.670718476711471,6.839912052376768,0
6.669762967677734,6.839806432459248,0
6.669762967677734,6.839806432459248,0
6.670718476711471,6.839912052376768,0
6.669836523205699,6.838769976001835,0
6.669836523205699,6.838769976001835,0
6.669028293521674,6.836591505899722,0
6.669028293521674,6.836591505899722,0
6.66888107026989,6.8386643769943944,0
6.667925617334081,6.838558777986961,0
6.66873384701811,6.840737248089077,0
6.66873384701811,6.840737248089077,0
6.66866023539222,6.841773683636415,0
6.667778281886445,6.840631607261486,0
6.667704614162627,6.841668021898752,0
6.66682271675478,6.840525966433894,0
6.666675269111288,6.8425987538882715,0
6.6676309464388055,6.8427044365360175,0
6.666675269111288,6.8425987538882715,0
6.6676309464388055,6.8427044365360175,0
6.667557278714991,6.843740851173276,0
6.667557278714991,6.843740851173276,0
6.667557278714991,6.843740851173276,0
6.6666015452895415,6.843635147615458,0
6.666675269111288,6.8425987538882715,0
6.666675269111288,6.8425987538882715,0
6.666675269111288,6.8425987538882715,0
6.665793371703444,6.841456698423418,0
6.665940931542789,6.839383952789195,0
6.665940931542789,6.839383952789195,0
6.666014711462459,6.83834757997208,0
6.666014711462459,6.83834757997208,0
6.665133094544256,6.83720562905761,0
6.666162271301804,6.836274834337857,0
6.666162271301804,6.836274834337857,0
6.666162271301804,6.836274834337857,0
6.665280766579457,6.835132925243538,0
6.666236051221482,6.835238461520749,0
6.666236051221482,6.835238461520749,0
6.665280766579457,6.835132925243538,0
6.665280766579457,6.835132925243538,0
6.665354602597056,6.834096573336499,0
6.665354602597056,6.834096573336499,0
6.664399374052948,6.833991057969364,0
6.6644732661684785,6.8329547269724,0
6.6644732661684785,6.8329547269724,0
6.663444145508848,6.8338855426022285,0
6.663518093722303,6.83284923251534,0
6.66256292127613,6.83274373805828,0
6.66256292127613,6.83274373805828,0
6.662488916964747,6.833780027235093,0
6.66145962801134,6.834710780134689,0
6.66145962801134,6.834710780134689,0
6.661385567602029,6.835747048401426,0
6.66035611035484,6.8366777385707955,0
6.661311507192721,6.836783316668157,0
6.6602819938476046,6.837713985927451,0
6.6620448910964605,6.839997762295948,0
6.664542406403456,6.845496444313902,0
6.667115272372072,6.849959338996861,0
6.669542485830867,6.856495690256619,0
6.670352005767217,6.858674641290474,0
6.67189838767878,6.864069334376811,0
6.671531731997501,6.869252034865401,0
6.672415536734864,6.87039480127283,0
6.674110319954682,6.87371706237608,0
6.674848303888439,6.8769332226300754,0
6.67558662440976,6.880149508344527,0
6.675659675056384,6.8791128636964345,0
6.6757327257030035,6.878076219048335,0
6.6757327257030035,6.878076219048335,0
6.673817668584782,6.8778634736878566,0
6.672122436581546,6.874541045304003,0
6.668513493810337,6.871006373401489,0
6.667629857366759,6.869863669724285,0
6.664979621211131,6.866435809613595,0
6.662478179049245,6.860935663890345,0
6.662699855395825,6.857826670899463,0
6.662995423857936,6.853681346911618,0
6.664025554280254,6.852750907663157,0
6.66424706233305,6.849641851942046,0
6.664542406403456,6.845496444313902,0
6.660867144736873,6.843000926268562,0
6.6584453166790745,6.836466582376072,0
6.67505670823774,6.846659643471547,0
6.673291679267653,6.844375072520176,0
6.672556107544761,6.841159811399432,0
6.671747429077321,6.838981174016716,0
6.670718476711471,6.839912052376768,0
6.670865475571546,6.837839097641787,0
6.671747429077321,6.838981174016716,0
6.672702882013127,6.83908677302415,0
6.672702882013127,6.83908677302415,0
6.673585003812679,6.840228912129305,0
6.673511672676419,6.841265452227024,0
6.6754228029397495,6.841476733882203,0
6.675349583999349,6.842513315800073,0
6.6762320423864665,6.843655580365684,0
6.6762320423864665,6.843655580365684,0
6.676158879543994,6.844692183193626,0
6.676158879543994,6.844692183193626,0
6.677041506224885,6.845834510489464,0
6.677114612969433,6.844797886751447,0
6.677114612969433,6.844797886751447,0
6.677114612969433,6.844797886751447,0
6.676085716701515,6.845728786021571,0
6.675203146118548,6.844586479635812,0
6.674320687731427,6.843444215070203,0
6.672409333076395,6.843232849774719,0
6.672409333076395,6.843232849774719,0
6.67152709908099,6.842090668849412,0
6.672482720310583,6.842196330587079,0
6.673511672676419,6.841265452227024,0
6.672556107544761,6.841159811399432,0
6.671747429077321,6.838981174016716,0
6.670865475571546,6.837839097641787,0
6.670791976141505,6.838875575009276,0
6.670791976141505,6.838875575009276,0
6.67182087240943,6.837944675739152,0
6.67182087240943,6.837944675739152,0
6.67182087240943,6.837944675739152,0
6.67182087240943,6.837944675739152,0
6.671747429077321,6.838981174016716,0
6.6726294947789455,6.840123292211793,0
6.672702882013127,6.83908677302415,0
6.671673985745212,6.84001767229428,0
6.670938975001583,6.836802620274295,0
6.670938975001583,6.836802620274295,0
6.670938975001583,6.836802620274295,0
6.670791976141505,6.838875575009276,0
6.670865475571546,6.837839097641787,0
6.670057189789592,6.835660606629592,0
6.669101905147567,6.8355550703523775,0
6.669101905147567,6.8355550703523775,0
6.669101905147567,6.8355550703523775,0
6.669101905147567,6.8355550703523775,0
6.669028293521674,6.836591505899722,0
6.669028293521674,6.836591505899722,0
6.669836523205699,6.838769976001835,0
6.670865475571546,6.837839097641787,0
6.670865475571546,6.837839097641787,0
6.670865475571546,6.837839097641787,0
6.670865475571546,6.837839097641787,0
6.670865475571546,6.837839097641787,0
6.670791976141505,6.838875575009276,0
6.670791976141505,6.838875575009276,0
6.670791976141505,6.838875575009276,0
6.670791976141505,6.838875575009276,0
6.669836523205699,6.838769976001835,0
6.66888107026989,6.8386643769943944,0
6.668954681895784,6.83762794144706,0
6.668954681895784,6.83762794144706,0
6.669910078733665,6.837733519544418,0
6.669910078733665,6.837733519544418,0
6.669910078733665,6.837733519544418,0
6.669910078733665,6.837733519544418,0
6.668146620505539,6.83544953407517,0
6.669028293521674,6.836591505899722,0
6.669910078733665,6.837733519544418,0
6.669028293521674,6.836591505899722,0
6.669028293521674,6.836591505899722,0
6.669028293521674,6.836591505899722,0
6.669028293521674,6.836591505899722,0
6.669028293521674,6.836591505899722,0
6.670865475571546,6.837839097641787,0
6.670865475571546,6.837839097641787,0
6.669836523205699,6.838769976001835,0
6.671747429077321,6.838981174016716,0
6.669762967677734,6.839806432459248,0
6.670718476711471,6.839912052376768,0
6.671673985745212,6.84001767229428,0
6.670718476711471,6.839912052376768,0
6.6726294947789455,6.840123292211793,0
6.670791976141505,6.838875575009276,0
6.671747429077321,6.838981174016716,0
6.671747429077321,6.838981174016716,0
6.671747429077321,6.838981174016716,0
6.670791976141505,6.838875575009276,0
6.671673985745212,6.84001767229428,0
6.670644977281434,6.8409485297442565,0
6.670644977281434,6.8409485297442565,0
6.670718476711471,6.839912052376768,0
6.672482720310583,6.842196330587079,0
6.670644977281434,6.8409485297442565,0
6.670497978421359,6.843021484479241,0
6.670497978421359,6.843021484479241,0
6.670497978421359,6.843021484479241,0
6.670497978421359,6.843021484479241,0
6.6705714778513965,6.841985007111749,0
6.670644977281434,6.8409485297442565,0
6.670644977281434,6.8409485297442565,0
6.670644977281434,6.8409485297442565,0
6.670718476711471,6.839912052376768,0
6.670644977281434,6.8409485297442565,0
6.670718476711471,6.839912052376768,0
6.670718476711471,6.839912052376768,0
6.670718476711471,6.839912052376768,0
6.669836523205699,6.838769976001835,0
6.670791976141505,6.838875575009276,0
6.670791976141505,6.838875575009276,0
6.669836523205699,6.838769976001835,0
6.669910078733665,6.837733519544418,0
6.669836523205699,6.838769976001835,0
6.669910078733665,6.837733519544418,0
6.669910078733665,6.837733519544418,0
6.670865475571546,6.837839097641787,0
6.669910078733665,6.837733519544418,0
6.670865475571546,6.837839097641787,0
6.672702882013127,6.83908677302415,0
6.670791976141505,6.838875575009276,0
6.670791976141505,6.838875575009276,0
6.671747429077321,6.838981174016716,0
6.671747429077321,6.838981174016716,0
6.671747429077321,6.838981174016716,0
6.6716005424130955,6.841054170571848,0
6.671747429077321,6.838981174016716,0
6.671747429077321,6.838981174016716,0
6.6716005424130955,6.841054170571848,0
6.671747429077321,6.838981174016716,0
6.671747429077321,6.838981174016716,0
6.6726294947789455,6.840123292211793,0
6.671673985745212,6.84001767229428,0
6.671673985745212,6.84001767229428,0
6.6716005424130955,6.841054170571848,0
6.671747429077321,6.838981174016716,0
6.671673985745212,6.84001767229428,0
6.67182087240943,6.837944675739152,0
6.67182087240943,6.837944675739152,0
6.671747429077321,6.838981174016716,0
6.67182087240943,6.837944675739152,0
6.671747429077321,6.838981174016716,0
6.6726294947789455,6.840123292211793,0
6.672702882013127,6.83908677302415,0
6.6726294947789455,6.840123292211793,0
6.672776269247311,6.83805025383651,0
6.673731666085196,6.838155831933875,0
6.672702882013127,6.83908677302415,0
6.673731666085196,6.838155831933875,0
6.673658334948936,6.839192372031587,0
6.673658334948936,6.839192372031587,0
6.675496021880157,6.840440151964337,0
6.673658334948936,6.839192372031587,0
6.673658334948936,6.839192372031587,0
6.673658334948936,6.839192372031587,0
6.673658334948936,6.839192372031587,0
6.673658334948936,6.839192372031587,0
6.674613787884745,6.839297971039031,0
6.673731666085196,6.838155831933875,0
6.673658334948936,6.839192372031587,0
6.673658334948936,6.839192372031587,0
6.673731666085196,6.838155831933875,0
6.673731666085196,6.838155831933875,0
6.673731666085196,6.838155831933875,0
6.672702882013127,6.83908677302415,0
6.672776269247311,6.83805025383651,0
6.674467237808084,6.841371093054615,0
6.674540512846416,6.840334532046821,0
6.674540512846416,6.840334532046821,0
6.6726294947789455,6.840123292211793,0
6.674540512846416,6.840334532046821,0
6.6726294947789455,6.840123292211793,0
6.6726294947789455,6.840123292211793,0
6.6726294947789455,6.840123292211793,0
6.671747429077321,6.838981174016716,0
6.673585003812679,6.840228912129305,0
6.673585003812679,6.840228912129305,0
6.673585003812679,6.840228912129305,0
6.6726294947789455,6.840123292211793,0
6.671747429077321,6.838981174016716,0
6.672702882013127,6.83908677302415,0
6.673658334948936,6.839192372031587,0
6.673658334948936,6.839192372031587,0
6.673658334948936,6.839192372031587,0
6.673658334948936,6.839192372031587,0
6.673658334948936,6.839192372031587,0
6.67182087240943,6.837944675739152,0
6.670865475571546,6.837839097641787,0
6.67182087240943,6.837944675739152,0
6.67182087240943,6.837944675739152,0
6.672702882013127,6.83908677302415,0
6.673658334948936,6.839192372031587,0
6.67182087240943,6.837944675739152,0
6.672849656481496,6.837013734648867,0
6.670938975001583,6.836802620274295,0
6.671085973861658,6.834729665539314,0
6.67101247443162,6.835766142906806,0
6.67101247443162,6.835766142906806,0
6.67101247443162,6.835766142906806,0
6.670938975001583,6.836802620274295,0
6.67182087240943,6.837944675739152,0
6.67182087240943,6.837944675739152,0
6.671747429077321,6.838981174016716,0
6.671747429077321,6.838981174016716,0
6.672776269247311,6.83805025383651,0
6.67189431574154,6.836908177461581,0
6.67101247443162,6.835766142906806,0
6.67101247443162,6.835766142906806,0
6.67189431574154,6.836908177461581,0
6.67182087240943,6.837944675739152,0
6.67182087240943,6.837944675739152,0
6.672776269247311,6.83805025383651,0
6.672776269247311,6.83805025383651,0
6.671747429077321,6.838981174016716,0
6.67182087240943,6.837944675739152,0
6.672849656481496,6.837013734648867,0
6.671967759073652,6.835871679184017,0
6.671967759073652,6.835871679184017,0
6.67101247443162,6.835766142906806,0
6.671967759073652,6.835871679184017,0
6.67189431574154,6.836908177461581,0
6.671967759073652,6.835871679184017,0
6.670938975001583,6.836802620274295,0
6.670865475571546,6.837839097641787,0
6.67189431574154,6.836908177461581,0
6.67182087240943,6.837944675739152,0
6.671747429077321,6.838981174016716,0
6.673658334948936,6.839192372031587,0
6.673658334948936,6.839192372031587,0
6.673658334948936,6.839192372031587,0
6.672702882013127,6.83908677302415,0
6.672776269247311,6.83805025383651,0
6.67189431574154,6.836908177461581,0
6.672776269247311,6.83805025383651,0
6.67189431574154,6.836908177461581,0
6.672041202405762,6.834835180906449,0
6.67101247443162,6.835766142906806,0
6.67101247443162,6.835766142906806,0
6.671159473291695,6.833693188171825,0
6.672114645737874,6.833798682628885,0
6.671159473291695,6.833693188171825,0
6.671085973861658,6.834729665539314,0
6.672041202405762,6.834835180906449,0
6.671967759073652,6.835871679184017,0
6.671232972721736,6.832656710804329,0
6.671085973861658,6.834729665539314,0
6.671232972721736,6.832656710804329,0
6.671159473291695,6.833693188171825,0
6.671159473291695,6.833693188171825,0
6.671232972721736,6.832656710804329,0
6.672114645737874,6.833798682628885,0
6.671232972721736,6.832656710804329,0
6.672188089069984,6.832762184351317,0
6.67130647215177,6.8316202334368406,0
6.671232972721736,6.832656710804329,0
6.672114645737874,6.833798682628885,0
6.672114645737874,6.833798682628885,0
6.672114645737874,6.833798682628885,0
6.672188089069984,6.832762184351317,0
6.672114645737874,6.833798682628885,0
6.672188089069984,6.832762184351317,0
6.672188089069984,6.832762184351317,0
6.672261532402093,6.831725686073749,0
6.671159473291695,6.833693188171825,0
6.671232972721736,6.832656710804329,0
6.672188089069984,6.832762184351317,0
6.671232972721736,6.832656710804329,0
6.672188089069984,6.832762184351317,0
6.672261532402093,6.831725686073749,0
6.672188089069984,6.832762184351317,0
6.672261532402093,6.831725686073749,0
6.672188089069984,6.832762184351317,0
6.671232972721736,6.832656710804329,0
6.671232972721736,6.832656710804329,0
6.672334975734206,6.830689187796182,0
6.672334975734206,6.830689187796182,0
6.671232972721736,6.832656710804329,0
6.672041202405762,6.834835180906449,0
6.672041202405762,6.834835180906449,0
6.673069818184047,6.8339041770859446,0
6.673069818184047,6.8339041770859446,0
6.673143205418231,6.832867657898298,0
6.673069818184047,6.8339041770859446,0
6.672996430949862,6.834940696273584,0
6.6740983217664756,6.832973131445282,0
6.672261532402093,6.831725686073749,0
6.672188089069984,6.832762184351317,0
6.672188089069984,6.832762184351317,0
6.672188089069984,6.832762184351317,0
6.672188089069984,6.832762184351317,0
6.672261532402093,6.831725686073749,0
6.672334975734206,6.830689187796182,0
6.673143205418231,6.832867657898298,0
6.673216592652416,6.831831138710658,0
6.673143205418231,6.832867657898298,0
6.673216592652416,6.831831138710658,0
6.673216592652416,6.831831138710658,0
6.673216592652416,6.831831138710658,0
6.6740983217664756,6.832973131445282,0
6.674024990630215,6.834009671543001,0
6.6740983217664756,6.832973131445282,0
6.6740983217664756,6.832973131445282,0
6.673143205418231,6.832867657898298,0
6.673216592652416,6.831831138710658,0
6.673216592652416,6.831831138710658,0
6.6740983217664756,6.832973131445282,0
6.673143205418231,6.832867657898298,0
6.673143205418231,6.832867657898298,0
6.673143205418231,6.832867657898298,0
6.674024990630215,6.834009671543001,0
6.673143205418231,6.832867657898298,0
6.673143205418231,6.832867657898298,0
6.673216592652416,6.831831138710658,0
6.673289979886601,6.830794619523015,0
6.673216592652416,6.831831138710658,0
6.672261532402093,6.831725686073749,0
6.673289979886601,6.830794619523015,0
6.672334975734206,6.830689187796182,0
6.672334975734206,6.830689187796182,0
6.672334975734206,6.830689187796182,0
6.673216592652416,6.831831138710658,0
6.673069818184047,6.8339041770859446,0
6.673069818184047,6.8339041770859446,0
6.673069818184047,6.8339041770859446,0
6.672996430949862,6.834940696273584,0
6.672188089069984,6.832762184351317,0
6.672188089069984,6.832762184351317,0
6.672188089069984,6.832762184351317,0
6.672188089069984,6.832762184351317,0
6.672188089069984,6.832762184351317,0
6.672261532402093,6.831725686073749,0
6.672261532402093,6.831725686073749,0
6.671232972721736,6.832656710804329,0
6.67130647215177,6.8316202334368406,0
6.672334975734206,6.830689187796182,0
6.6713799715818105,6.830583756069348,0
6.6713799715818105,6.830583756069348,0
6.67130647215177,6.8316202334368406,0
6.67130647215177,6.8316202334368406,0
6.672188089069984,6.832762184351317,0
6.67130647215177,6.8316202334368406,0
6.671232972721736,6.832656710804329,0
6.670424967429415,6.830478324342515,0
6.672261532402093,6.831725686073749,0
6.6713799715818105,6.830583756069348,0
6.67130647215177,6.8316202334368406,0
6.6713799715818105,6.830583756069348,0
6.6713799715818105,6.830583756069348,0
6.67130647215177,6.8316202334368406,0
6.6713799715818105,6.830583756069348,0
6.671453471011844,6.82954727870186,0
6.672261532402093,6.831725686073749,0
6.67130647215177,6.8316202334368406,0
6.6713799715818105,6.830583756069348,0
6.67130647215177,6.8316202334368406,0
6.67130647215177,6.8316202334368406,0
6.671453471011844,6.82954727870186,0
6.67130647215177,6.8316202334368406,0
6.67130647215177,6.8316202334368406,0
6.671453471011844,6.82954727870186,0
6.671453471011844,6.82954727870186,0
6.6713799715818105,6.830583756069348,0
6.6713799715818105,6.830583756069348,0
6.67130647215177,6.8316202334368406,0
6.672334975734206,6.830689187796182,0
6.6713799715818105,6.830583756069348,0
6.672261532402093,6.831725686073749,0
6.6713799715818105,6.830583756069348,0
6.672261532402093,6.831725686073749,0
6.672188089069984,6.832762184351317,0
6.673069818184047,6.8339041770859446,0
6.672261532402093,6.831725686073749,0
6.672261532402093,6.831725686073749,0
6.672261532402093,6.831725686073749,0
6.672261532402093,6.831725686073749,0
6.672188089069984,6.832762184351317,0
6.67130647215177,6.8316202334368406,0
6.672334975734206,6.830689187796182,0
6.672261532402093,6.831725686073749,0
6.672188089069984,6.832762184351317,0
6.672261532402093,6.831725686073749,0
6.672188089069984,6.832762184351317,0
6.67130647215177,6.8316202334368406,0
6.67130647215177,6.8316202334368406,0
6.672261532402093,6.831725686073749,0
6.6713799715818105,6.830583756069348,0
6.672334975734206,6.830689187796182,0
6.6713799715818105,6.830583756069348,0
6.672334975734206,6.830689187796182,0
6.671232972721736,6.832656710804329,0
6.671453471011844,6.82954727870186,0
6.6713799715818105,6.830583756069348,0
6.6713799715818105,6.830583756069348,0
6.672334975734206,6.830689187796182,0
6.672261532402093,6.831725686073749,0
6.6713799715818105,6.830583756069348,0
6.6713799715818105,6.830583756069348,0
6.671453471011844,6.82954727870186,0
6.67130647215177,6.8316202334368406,0
6.67130647215177,6.8316202334368406,0
6.671232972721736,6.832656710804329,0
6.671232972721736,6.832656710804329,0
6.6713799715818105,6.830583756069348,0
6.671232972721736,6.832656710804329,0
6.672041202405762,6.834835180906449,0
6.672996430949862,6.834940696273584,0
6.672188089069984,6.832762184351317,0
6.671232972721736,6.832656710804329,0
6.672261532402093,6.831725686073749,0
6.672188089069984,6.832762184351317,0
6.673069818184047,6.8339041770859446,0
6.672188089069984,6.832762184351317,0
6.672188089069984,6.832762184351317,0
6.672188089069984,6.832762184351317,0
6.673143205418231,6.832867657898298,0
6.673069818184047,6.8339041770859446,0
6.672188089069984,6.832762184351317,0
6.673069818184047,6.8339041770859446,0
6.672188089069984,6.832762184351317,0
6.673143205418231,6.832867657898298,0
6.673289979886601,6.830794619523015,0
6.672334975734206,6.830689187796182,0
6.672261532402093,6.831725686073749,0
6.673143205418231,6.832867657898298,0
6.673143205418231,6.832867657898298,0
6.672188089069984,6.832762184351317,0
6.673216592652416,6.831831138710658,0
6.672261532402093,6.831725686073749,0
6.672334975734206,6.830689187796182,0
6.673289979886601,6.830794619523015,0
6.672261532402093,6.831725686073749,0
6.673143205418231,6.832867657898298,0
6.673143205418231,6.832867657898298,0
6.673216592652416,6.831831138710658,0
6.673069818184047,6.8339041770859446,0
6.673216592652416,6.831831138710658,0
6.673069818184047,6.8339041770859446,0
6.673143205418231,6.832867657898298,0
6.673216592652416,6.831831138710658,0
6.673143205418231,6.832867657898298,0
6.673069818184047,6.8339041770859446,0
6.674024990630215,6.834009671543001,0
6.672188089069984,6.832762184351317,0
6.673143205418231,6.832867657898298,0
6.672188089069984,6.832762184351317,0
6.673143205418231,6.832867657898298,0
6.673143205418231,6.832867657898298,0
6.672996430949862,6.834940696273584,0
6.673143205418231,6.832867657898298,0
6.672188089069984,6.832762184351317,0
6.673143205418231,6.832867657898298,0
6.673289979886601,6.830794619523015,0
6.673289979886601,6.830794619523015,0
6.672261532402093,6.831725686073749,0
6.673143205418231,6.832867657898298,0
6.673216592652416,6.831831138710658,0
6.672334975734206,6.830689187796182,0
6.673216592652416,6.831831138710658,0
6.672334975734206,6.830689187796182,0
6.672334975734206,6.830689187796182,0
6.673289979886601,6.830794619523015,0
6.673216592652416,6.831831138710658,0
6.673289979886601,6.830794619523015,0
6.673216592652416,6.831831138710658,0
6.673289979886601,6.830794619523015,0
6.673216592652416,6.831831138710658,0
6.673289979886601,6.830794619523015,0
6.672408419066315,6.829652689518618,0
6.673289979886601,6.830794619523015,0
6.673289979886601,6.830794619523015,0
6.673363367120782,6.829758100335372,0
6.673363367120782,6.829758100335372,0
6.673289979886601,6.830794619523015,0
6.673363367120782,6.829758100335372,0
6.672334975734206,6.830689187796182,0
6.672334975734206,6.830689187796182,0
6.672408419066315,6.829652689518618,0
6.672334975734206,6.830689187796182,0
6.672408419066315,6.829652689518618,0
6.673289979886601,6.830794619523015,0
6.673289979886601,6.830794619523015,0
6.673289979886601,6.830794619523015,0
6.673216592652416,6.831831138710658,0
6.673289979886601,6.830794619523015,0
6.672408419066315,6.829652689518618,0
6.672408419066315,6.829652689518618,0
6.672408419066315,6.829652689518618,0
6.672261532402093,6.831725686073749,0
6.672334975734206,6.830689187796182,0
6.672334975734206,6.830689187796182,0
6.673216592652416,6.831831138710658,0
6.672334975734206,6.830689187796182,0
6.67130647215177,6.8316202334368406,0
6.672334975734206,6.830689187796182,0
6.673289979886601,6.830794619523015,0
6.672408419066315,6.829652689518618,0
6.672408419066315,6.829652689518618,0
6.672334975734206,6.830689187796182,0
6.672408419066315,6.829652689518618,0
6.672334975734206,6.830689187796182,0
6.672261532402093,6.831725686073749,0
6.673216592652416,6.831831138710658,0
6.672261532402093,6.831725686073749,0
6.673289979886601,6.830794619523015,0
6.672334975734206,6.830689187796182,0
6.672261532402093,6.831725686073749,0
6.673216592652416,6.831831138710658,0
6.673216592652416,6.831831138710658,0
6.673216592652416,6.831831138710658,0
6.673216592652416,6.831831138710658,0
6.673069818184047,6.8339041770859446,0
6.673143205418231,6.832867657898298,0
6.672261532402093,6.831725686073749,0
6.672188089069984,6.832762184351317,0
6.672188089069984,6.832762184351317,0
6.672334975734206,6.830689187796182,0
6.672261532402093,6.831725686073749,0
6.673143205418231,6.832867657898298,0
6.672261532402093,6.831725686073749,0
6.673143205418231,6.832867657898298,0
6.672188089069984,6.832762184351317,0
6.672334975734206,6.830689187796182,0
6.672261532402093,6.831725686073749,0
6.672188089069984,6.832762184351317,0
6.672114645737874,6.833798682628885,0
6.673216592652416,6.831831138710658,0
6.672114645737874,6.833798682628885,0
6.672114645737874,6.833798682628885,0
6.672996430949862,6.834940696273584,0
6.672923043715681,6.835977215461227,0
6.672923043715681,6.835977215461227,0
6.672041202405762,6.834835180906449,0
6.672923043715681,6.835977215461227,0
6.672996430949862,6.834940696273584,0
6.672996430949862,6.834940696273584,0
6.672996430949862,6.834940696273584,0
6.672996430949862,6.834940696273584,0
6.672188089069984,6.832762184351317,0
6.672114645737874,6.833798682628885,0
6.673069818184047,6.8339041770859446,0
6.672114645737874,6.833798682628885,0
6.673069818184047,6.8339041770859446,0
6.673143205418231,6.832867657898298,0
6.672114645737874,6.833798682628885,0
6.672188089069984,6.832762184351317,0
6.673143205418231,6.832867657898298,0
6.673069818184047,6.8339041770859446,0
6.673143205418231,6.832867657898298,0
6.673143205418231,6.832867657898298,0
6.673216592652416,6.831831138710658,0
6.673143205418231,6.832867657898298,0
6.672114645737874,6.833798682628885,0
6.673069818184047,6.8339041770859446,0
6.673069818184047,6.8339041770859446,0
6.672188089069984,6.832762184351317,0
6.673069818184047,6.8339041770859446,0
6.673878328357706,6.836082751738438,0
6.673069818184047,6.8339041770859446,0
6.673143205418231,6.832867657898298,0
6.674024990630215,6.834009671543001,0
6.673069818184047,6.8339041770859446,0
6.673069818184047,6.8339041770859446,0
6.673143205418231,6.832867657898298,0
6.673069818184047,6.8339041770859446,0
6.672188089069984,6.832762184351317,0
6.673216592652416,6.831831138710658,0
6.672188089069984,6.832762184351317,0
6.673069818184047,6.8339041770859446,0
6.673216592652416,6.831831138710658,0
6.673216592652416,6.831831138710658,0
6.673069818184047,6.8339041770859446,0
6.673069818184047,6.8339041770859446,0
6.672923043715681,6.835977215461227,0
6.672923043715681,6.835977215461227,0
6.672923043715681,6.835977215461227,0
6.672188089069984,6.832762184351317,0
6.672188089069984,6.832762184351317,0
6.673216592652416,6.831831138710658,0
6.673143205418231,6.832867657898298,0
6.673143205418231,6.832867657898298,0
6.672188089069984,6.832762184351317,0
6.673216592652416,6.831831138710658,0
6.673216592652416,6.831831138710658,0
6.672114645737874,6.833798682628885,0
6.672188089069984,6.832762184351317,0
6.673143205418231,6.832867657898298,0
6.672188089069984,6.832762184351317,0
6.673069818184047,6.8339041770859446,0
6.672996430949862,6.834940696273584,0
6.672996430949862,6.834940696273584,0
6.672996430949862,6.834940696273584,0
6.672188089069984,6.832762184351317,0
6.673216592652416,6.831831138710658,0
6.673143205418231,6.832867657898298,0
6.673069818184047,6.8339041770859446,0
6.673069818184047,6.8339041770859446,0
6.673069818184047,6.8339041770859446,0
6.673069818184047,6.8339041770859446,0
6.673951659493962,6.835046211640716,0
6.672923043715681,6.835977215461227,0
6.672923043715681,6.835977215461227,0
6.672923043715681,6.835977215461227,0
6.672114645737874,6.833798682628885,0
6.672923043715681,6.835977215461227,0
6.672114645737874,6.833798682628885,0
6.672849656481496,6.837013734648867,0
6.672041202405762,6.834835180906449,0
6.672923043715681,6.835977215461227,0
6.672996430949862,6.834940696273584,0
6.672996430949862,6.834940696273584,0
6.672996430949862,6.834940696273584,0
6.673069818184047,6.8339041770859446,0
6.673143205418231,6.832867657898298,0
6.672996430949862,6.834940696273584,0
6.673069818184047,6.8339041770859446,0
6.673069818184047,6.8339041770859446,0
6.672996430949862,6.834940696273584,0
6.672923043715681,6.835977215461227,0
6.672923043715681,6.835977215461227,0
6.672849656481496,6.837013734648867,0
6.67189431574154,6.836908177461581,0
6.672776269247311,6.83805025383651,0
6.672041202405762,6.834835180906449,0
6.672041202405762,6.834835180906449,0
6.672041202405762,6.834835180906449,0
6.672041202405762,6.834835180906449,0
6.672114645737874,6.833798682628885,0
6.672188089069984,6.832762184351317,0
6.672188089069984,6.832762184351317,0
6.672188089069984,6.832762184351317,0
6.672114645737874,6.833798682628885,0
6.673069818184047,6.8339041770859446,0
6.672041202405762,6.834835180906449,0
6.673069818184047,6.8339041770859446,0
6.672114645737874,6.833798682628885,0
6.671967759073652,6.835871679184017,0
6.671967759073652,6.835871679184017,0
6.672041202405762,6.834835180906449,0
6.673069818184047,6.8339041770859446,0
6.671967759073652,6.835871679184017,0
6.671967759073652,6.835871679184017,0
6.672996430949862,6.834940696273584,0
6.672923043715681,6.835977215461227,0
6.671967759073652,6.835871679184017,0
6.671967759073652,6.835871679184017,0
6.672923043715681,6.835977215461227,0
6.674687062923077,6.838261410031237,0
6.674760337961402,6.837224849023443,0
6.674687062923077,6.838261410031237,0
6.6738049972214455,6.837119291836153,0
6.673878328357706,6.836082751738438,0
6.6738049972214455,6.837119291836153,0
6.6738049972214455,6.837119291836153,0
6.674760337961402,6.837224849023443,0
6.6738049972214455,6.837119291836153,0
6.672923043715681,6.835977215461227,0
6.672923043715681,6.835977215461227,0
6.672923043715681,6.835977215461227,0
6.673951659493962,6.835046211640716,0
6.672923043715681,6.835977215461227,0
6.673951659493962,6.835046211640716,0
6.672923043715681,6.835977215461227,0
6.672923043715681,6.835977215461227,0
6.672923043715681,6.835977215461227,0
6.673731666085196,6.838155831933875,0
6.673878328357706,6.836082751738438,0
6.6738049972214455,6.837119291836153,0
6.672923043715681,6.835977215461227,0
6.673731666085196,6.838155831933875,0
6.6738049972214455,6.837119291836153,0
6.672923043715681,6.835977215461227,0
6.6738049972214455,6.837119291836153,0
6.672849656481496,6.837013734648867,0
6.672849656481496,6.837013734648867,0
6.673731666085196,6.838155831933875,0
6.673731666085196,6.838155831933875,0
6.673731666085196,6.838155831933875,0
6.673731666085196,6.838155831933875,0
6.673731666085196,6.838155831933875,0
6.673658334948936,6.839192372031587,0
6.674687062923077,6.838261410031237,0
6.673731666085196,6.838155831933875,0
6.673878328357706,6.836082751738438,0
6.673658334948936,6.839192372031587,0
6.673658334948936,6.839192372031587,0
6.673658334948936,6.839192372031587,0
6.673658334948936,6.839192372031587,0
6.673658334948936,6.839192372031587,0
6.673658334948936,6.839192372031587,0
6.674687062923077,6.838261410031237,0
6.673658334948936,6.839192372031587,0
6.674760337961402,6.837224849023443,0
6.673658334948936,6.839192372031587,0
6.674613787884745,6.839297971039031,0
6.674687062923077,6.838261410031237,0
6.674687062923077,6.838261410031237,0
6.674687062923077,6.838261410031237,0
6.674687062923077,6.838261410031237,0
6.674687062923077,6.838261410031237,0
6.674687062923077,6.838261410031237,0
6.674613787884745,6.839297971039031,0
6.675569240820558,6.839403570046464,0
6.674760337961402,6.837224849023443,0
6.675642459760962,6.838366988128598,0
6.675569240820558,6.839403570046464,0
6.675569240820558,6.839403570046464,0
6.6757156787013585,6.837330406210732,0
6.674687062923077,6.838261410031237,0
6.6738049972214455,6.837119291836153,0
6.674760337961402,6.837224849023443,0
6.674687062923077,6.838261410031237,0
6.674760337961402,6.837224849023443,0
6.674760337961402,6.837224849023443,0
6.674760337961402,6.837224849023443,0
6.6738049972214455,6.837119291836153,0
6.673878328357706,6.836082751738438,0
6.674687062923077,6.838261410031237,0
6.674760337961402,6.837224849023443,0
6.673951659493962,6.835046211640716,0
6.673731666085196,6.838155831933875,0
6.673731666085196,6.838155831933875,0
6.672923043715681,6.835977215461227,0
6.6738049972214455,6.837119291836153,0
6.672923043715681,6.835977215461227,0
6.672923043715681,6.835977215461227,0
6.672849656481496,6.837013734648867,0
6.6738049972214455,6.837119291836153,0
6.6738049972214455,6.837119291836153,0
6.672849656481496,6.837013734648867,0
6.673731666085196,6.838155831933875,0
6.673731666085196,6.838155831933875,0
6.673731666085196,6.838155831933875,0
6.6738049972214455,6.837119291836153,0
6.672849656481496,6.837013734648867,0
6.672849656481496,6.837013734648867,0
6.672849656481496,6.837013734648867,0
6.673731666085196,6.838155831933875,0
6.6738049972214455,6.837119291836153,0
6.672923043715681,6.835977215461227,0
6.672849656481496,6.837013734648867,0
6.673731666085196,6.838155831933875,0
6.673731666085196,6.838155831933875,0
6.673658334948936,6.839192372031587,0
6.673731666085196,6.838155831933875,0
6.673731666085196,6.838155831933875,0
6.674687062923077,6.838261410031237,0
6.673731666085196,6.838155831933875,0
6.674613787884745,6.839297971039031,0
6.674613787884745,6.839297971039031,0
6.674540512846416,6.840334532046821,0
6.674613787884745,6.839297971039031,0
6.673731666085196,6.838155831933875,0
6.673731666085196,6.838155831933875,0
6.674613787884745,6.839297971039031,0
6.673731666085196,6.838155831933875,0
6.673731666085196,6.838155831933875,0
6.673731666085196,6.838155831933875,0
6.674613787884745,6.839297971039031,0
6.674467237808084,6.841371093054615,0
6.673658334948936,6.839192372031587,0
6.674613787884745,6.839297971039031,0
6.673658334948936,6.839192372031587,0
6.6754228029397495,6.841476733882203,0
6.676378368071415,6.841582374709795,0
6.675496021880157,6.840440151964337,0
6.676378368071415,6.841582374709795,0
6.674613787884745,6.839297971039031,0
6.674613787884745,6.839297971039031,0
6.674613787884745,6.839297971039031,0
6.674467237808084,6.841371093054615,0
6.6754228029397495,6.841476733882203,0
6.676305205228942,6.842618977537736,0
6.677260826458529,6.842724639275403,0
6.677260826458529,6.842724639275403,0
6.676378368071415,6.841582374709795,0
6.676305205228942,6.842618977537736,0
6.676378368071415,6.841582374709795,0
6.676305205228942,6.842618977537736,0
6.677260826458529,6.842724639275403,0
6.675349583999349,6.842513315800073,0
6.676305205228942,6.842618977537736,0
6.675349583999349,6.842513315800073,0
6.675349583999349,6.842513315800073,0
6.675276365058949,6.843549897717942,0
6.6754228029397495,6.841476733882203,0
6.675349583999349,6.842513315800073,0
6.6754228029397495,6.841476733882203,0
6.675349583999349,6.842513315800073,0
6.6762320423864665,6.843655580365684,0
6.676305205228942,6.842618977537736,0
6.6754228029397495,6.841476733882203,0
6.676305205228942,6.842618977537736,0
6.6754228029397495,6.841476733882203,0
6.677187719713981,6.843761263013427,0
6.675276365058949,6.843549897717942,0
6.675276365058949,6.843549897717942,0
6.675276365058949,6.843549897717942,0
6.675276365058949,6.843549897717942,0
6.674467237808084,6.841371093054615,0
6.674393962769759,6.842407654062406,0
6.675276365058949,6.843549897717942,0
6.6762320423864665,6.843655580365684,0
6.675276365058949,6.843549897717942,0
6.676305205228942,6.842618977537736,0
6.6762320423864665,6.843655580365684,0
6.675276365058949,6.843549897717942,0
6.675276365058949,6.843549897717942,0
6.6754228029397495,6.841476733882203,0
6.674467237808084,6.841371093054615,0
6.676305205228942,6.842618977537736,0
6.6754228029397495,6.841476733882203,0
6.675496021880157,6.840440151964337,0
6.674467237808084,6.841371093054615,0
6.675496021880157,6.840440151964337,0
6.6754228029397495,6.841476733882203,0
6.674613787884745,6.839297971039031,0
6.674613787884745,6.839297971039031,0
6.675496021880157,6.840440151964337,0
6.674540512846416,6.840334532046821,0
6.675496021880157,6.840440151964337,0
6.674613787884745,6.839297971039031,0
6.674467237808084,6.841371093054615,0
6.673585003812679,6.840228912129305,0
6.675496021880157,6.840440151964337,0
6.674540512846416,6.840334532046821,0
6.674613787884745,6.839297971039031,0
6.674540512846416,6.840334532046821,0
6.674687062923077,6.838261410031237,0
6.674613787884745,6.839297971039031,0
6.675569240820558,6.839403570046464,0
6.675569240820558,6.839403570046464,0
6.674687062923077,6.838261410031237,0
6.673731666085196,6.838155831933875,0
6.673731666085196,6.838155831933875,0
6.674613787884745,6.839297971039031,0
6.675496021880157,6.840440151964337,0
6.675496021880157,6.840440151964337,0
6.674540512846416,6.840334532046821,0
6.674540512846416,6.840334532046821,0
6.674540512846416,6.840334532046821,0
6.674613787884745,6.839297971039031,0
6.674687062923077,6.838261410031237,0
6.674760337961402,6.837224849023443,0
6.673731666085196,6.838155831933875,0
6.6738049972214455,6.837119291836153,0
6.673731666085196,6.838155831933875,0
6.674687062923077,6.838261410031237,0
6.6738049972214455,6.837119291836153,0
6.672849656481496,6.837013734648867,0
6.672849656481496,6.837013734648867,0
6.6738049972214455,6.837119291836153,0
6.6738049972214455,6.837119291836153,0
6.6738049972214455,6.837119291836153,0
6.673878328357706,6.836082751738438,0
6.673878328357706,6.836082751738438,0
6.673878328357706,6.836082751738438,0
6.673878328357706,6.836082751738438,0
6.673878328357706,6.836082751738438,0
6.672923043715681,6.835977215461227,0
6.673878328357706,6.836082751738438,0
6.674760337961402,6.837224849023443,0
6.672923043715681,6.835977215461227,0
6.672923043715681,6.835977215461227,0
6.671967759073652,6.835871679184017,0
6.672923043715681,6.835977215461227,0
6.672996430949862,6.834940696273584,0
6.672923043715681,6.835977215461227,0
6.672923043715681,6.835977215461227,0
6.672923043715681,6.835977215461227,0
6.672996430949862,6.834940696273584,0
6.673069818184047,6.8339041770859446,0
6.672996430949862,6.834940696273584,0
6.672923043715681,6.835977215461227,0
6.673878328357706,6.836082751738438,0
6.672996430949862,6.834940696273584,0
6.673878328357706,6.836082751738438,0
6.673878328357706,6.836082751738438,0
6.672923043715681,6.835977215461227,0
6.6738049972214455,6.837119291836153,0
6.672923043715681,6.835977215461227,0
6.672923043715681,6.835977215461227,0
6.672996430949862,6.834940696273584,0
6.673878328357706,6.836082751738438,0
6.673878328357706,6.836082751738438,0
6.672923043715681,6.835977215461227,0
6.6738049972214455,6.837119291836153,0
6.6738049972214455,6.837119291836153,0
6.6738049972214455,6.837119291836153,0
6.674687062923077,6.838261410031237,0
6.673658334948936,6.839192372031587,0
6.673731666085196,6.838155831933875,0
6.673658334948936,6.839192372031587,0
6.674613787884745,6.839297971039031,0
6.673658334948936,6.839192372031587,0
6.673585003812679,6.840228912129305,0
6.674613787884745,6.839297971039031,0
6.674613787884745,6.839297971039031,0
6.674613787884745,6.839297971039031,0
6.675496021880157,6.840440151964337,0
6.675496021880157,6.840440151964337,0
6.673585003812679,6.840228912129305,0
6.674613787884745,6.839297971039031,0
6.674613787884745,6.839297971039031,0
6.674613787884745,6.839297971039031,0
6.674613787884745,6.839297971039031,0
6.675496021880157,6.840440151964337,0
6.675496021880157,6.840440151964337,0
6.675496021880157,6.840440151964337,0
6.675496021880157,6.840440151964337,0
6.674467237808084,6.841371093054615,0
6.6754228029397495,6.841476733882203,0
6.674613787884745,6.839297971039031,0
6.673658334948936,6.839192372031587,0
6.673658334948936,6.839192372031587,0
6.673585003812679,6.840228912129305,0
6.673658334948936,6.839192372031587,0
6.674467237808084,6.841371093054615,0
6.673585003812679,6.840228912129305,0
6.674540512846416,6.840334532046821,0
6.673658334948936,6.839192372031587,0
6.674467237808084,6.841371093054615,0
6.674467237808084,6.841371093054615,0
6.6754228029397495,6.841476733882203,0
6.674467237808084,6.841371093054615,0
6.674540512846416,6.840334532046821,0
6.672702882013127,6.83908677302415,0
6.673658334948936,6.839192372031587,0
6.673511672676419,6.841265452227024,0
6.6754228029397495,6.841476733882203,0
6.674613787884745,6.839297971039031,0
6.674467237808084,6.841371093054615,0
6.674467237808084,6.841371093054615,0
6.674467237808084,6.841371093054615,0
6.6754228029397495,6.841476733882203,0
6.674540512846416,6.840334532046821,0
6.673585003812679,6.840228912129305,0
6.673658334948936,6.839192372031587,0
6.674613787884745,6.839297971039031,0
6.672776269247311,6.83805025383651,0
6.672849656481496,6.837013734648867,0
6.673731666085196,6.838155831933875,0
6.672776269247311,6.83805025383651,0
6.672923043715681,6.835977215461227,0
6.672849656481496,6.837013734648867,0
6.673731666085196,6.838155831933875,0
6.672849656481496,6.837013734648867,0
6.672849656481496,6.837013734648867,0
6.672776269247311,6.83805025383651,0
6.672849656481496,6.837013734648867,0
6.672849656481496,6.837013734648867,0
6.672849656481496,6.837013734648867,0
6.672849656481496,6.837013734648867,0
6.672041202405762,6.834835180906449,0
6.672849656481496,6.837013734648867,0
6.672849656481496,6.837013734648867,0
6.673731666085196,6.838155831933875,0
6.672849656481496,6.837013734648867,0
6.672923043715681,6.835977215461227,0
6.672923043715681,6.835977215461227,0
6.672996430949862,6.834940696273584,0
6.672923043715681,6.835977215461227,0
6.673069818184047,6.8339041770859446,0
6.672996430949862,6.834940696273584,0
6.672996430949862,6.834940696273584,0
6.672996430949862,6.834940696273584,0
6.672041202405762,6.834835180906449,0
6.672923043715681,6.835977215461227,0
6.672923043715681,6.835977215461227,0
6.672996430949862,6.834940696273584,0
6.672923043715681,6.835977215461227,0
6.673069818184047,6.8339041770859446,0
6.672114645737874,6.833798682628885,0
6.672923043715681,6.835977215461227,0
6.672923043715681,6.835977215461227,0
6.672923043715681,6.835977215461227,0
6.673069818184047,6.8339041770859446,0
6.672041202405762,6.834835180906449,0
6.672923043715681,6.835977215461227,0
6.672849656481496,6.837013734648867,0
6.672849656481496,6.837013734648867,0
6.672923043715681,6.835977215461227,0
6.672923043715681,6.835977215461227,0
6.67101247443162,6.835766142906806,0
6.671967759073652,6.835871679184017,0
6.671085973861658,6.834729665539314,0
6.672041202405762,6.834835180906449,0
6.671967759073652,6.835871679184017,0
6.671967759073652,6.835871679184017,0
6.672041202405762,6.834835180906449,0
6.672996430949862,6.834940696273584,0
6.672114645737874,6.833798682628885,0
6.671159473291695,6.833693188171825,0
6.672041202405762,6.834835180906449,0
6.672114645737874,6.833798682628885,0
6.671967759073652,6.835871679184017,0
6.671967759073652,6.835871679184017,0
6.671967759073652,6.835871679184017,0
6.672041202405762,6.834835180906449,0
6.672923043715681,6.835977215461227,0
6.672041202405762,6.834835180906449,0
6.672923043715681,6.835977215461227,0
6.672849656481496,6.837013734648867,0
6.672923043715681,6.835977215461227,0
6.672776269247311,6.83805025383651,0
6.671967759073652,6.835871679184017,0
6.672114645737874,6.833798682628885,0
6.671967759073652,6.835871679184017,0
6.672041202405762,6.834835180906449,0
6.671967759073652,6.835871679184017,0
6.672041202405762,6.834835180906449,0
6.672041202405762,6.834835180906449,0
6.671967759073652,6.835871679184017,0
6.672041202405762,6.834835180906449,0
6.672923043715681,6.835977215461227,0
6.672996430949862,6.834940696273584,0
6.672114645737874,6.833798682628885,0
6.672188089069984,6.832762184351317,0
6.672114645737874,6.833798682628885,0
6.672996430949862,6.834940696273584,0
6.671967759073652,6.835871679184017,0
6.672996430949862,6.834940696273584,0
6.672996430949862,6.834940696273584,0
6.672923043715681,6.835977215461227,0
6.673878328357706,6.836082751738438,0
6.672923043715681,6.835977215461227,0
6.673878328357706,6.836082751738438,0
6.672923043715681,6.835977215461227,0
6.672923043715681,6.835977215461227,0
6.673069818184047,6.8339041770859446,0
6.672923043715681,6.835977215461227,0
6.672996430949862,6.834940696273584,0
6.673951659493962,6.835046211640716,0
6.673951659493962,6.835046211640716,0
6.672923043715681,6.835977215461227,0
6.672996430949862,6.834940696273584,0
6.672923043715681,6.835977215461227,0
6.672923043715681,6.835977215461227,0
6.672041202405762,6.834835180906449,0
6.672996430949862,6.834940696273584,0
6.673069818184047,6.8339041770859446,0
6.673069818184047,6.8339041770859446,0
6.673069818184047,6.8339041770859446,0
6.672923043715681,6.835977215461227,0
6.672923043715681,6.835977215461227,0
6.672996430949862,6.834940696273584,0
6.672923043715681,6.835977215461227,0
6.671967759073652,6.835871679184017,0
6.672923043715681,6.835977215461227,0
6.673731666085196,6.838155831933875,0
6.672923043715681,6.835977215461227,0
6.672923043715681,6.835977215461227,0
6.672041202405762,6.834835180906449,0
6.671967759073652,6.835871679184017,0
6.672041202405762,6.834835180906449,0
6.672114645737874,6.833798682628885,0
6.672114645737874,6.833798682628885,0
6.672114645737874,6.833798682628885,0
6.672114645737874,6.833798682628885,0
6.672041202405762,6.834835180906449,0
6.672041202405762,6.834835180906449,0
6.672114645737874,6.833798682628885,0
6.672041202405762,6.834835180906449,0
6.672188089069984,6.832762184351317,0
6.671159473291695,6.833693188171825,0
6.670277856373488,6.8325512372573485,0
6.671232972721736,6.832656710804329,0
6.670277856373488,6.8325512372573485,0
6.669175516773457,6.834518634805043,0
6.670130745317557,6.8346241501721785,0
6.669175516773457,6.834518634805043,0
6.669175516773457,6.834518634805043,0
6.669175516773457,6.834518634805043,0
6.669175516773457,6.834518634805043,0
6.670130745317557,6.8346241501721785,0
6.670130745317557,6.8346241501721785,0
6.670204300845523,6.833587693714762,0
6.670204300845523,6.833587693714762,0
6.670204300845523,6.833587693714762,0
6.671232972721736,6.832656710804329,0
6.670277856373488,6.8325512372573485,0
6.67130647215177,6.8316202334368406,0
6.671159473291695,6.833693188171825,0
6.671159473291695,6.833693188171825,0
6.670277856373488,6.8325512372573485,0
6.6703514119014535,6.831514780799928,0
6.670277856373488,6.8325512372573485,0
6.670204300845523,6.833587693714762,0
6.670277856373488,6.8325512372573485,0
6.670204300845523,6.833587693714762,0
6.6703514119014535,6.831514780799928,0
6.670204300845523,6.833587693714762,0
6.670204300845523,6.833587693714762,0
6.6692491283993505,6.833482199257698,0
6.6703514119014535,6.831514780799928,0
6.6703514119014535,6.831514780799928,0
6.670277856373488,6.8325512372573485,0
6.670277856373488,6.8325512372573485,0
6.670277856373488,6.8325512372573485,0
6.6703514119014535,6.831514780799928,0
6.6703514119014535,6.831514780799928,0
6.6703514119014535,6.831514780799928,0
6.6703514119014535,6.831514780799928,0
6.670277856373488,6.8325512372573485,0
6.6703514119014535,6.831514780799928,0
6.670424967429415,6.830478324342515,0
6.671232972721736,6.832656710804329,0
6.671232972721736,6.832656710804329,0
6.671232972721736,6.832656710804329,0
6.672261532402093,6.831725686073749,0
6.67130647215177,6.8316202334368406,0
6.6713799715818105,6.830583756069348,0
6.671232972721736,6.832656710804329,0
6.671232972721736,6.832656710804329,0
6.672261532402093,6.831725686073749,0
6.672188089069984,6.832762184351317,0
6.672261532402093,6.831725686073749,0
6.673143205418231,6.832867657898298,0
6.673143205418231,6.832867657898298,0
6.673216592652416,6.831831138710658,0
6.6740983217664756,6.832973131445282,0
6.673143205418231,6.832867657898298,0
6.6740983217664756,6.832973131445282,0
6.673143205418231,6.832867657898298,0
6.673143205418231,6.832867657898298,0
6.6740983217664756,6.832973131445282,0
6.673069818184047,6.8339041770859446,0
6.672996430949862,6.834940696273584,0
6.673069818184047,6.8339041770859446,0
6.673069818184047,6.8339041770859446,0
6.673069818184047,6.8339041770859446,0
6.672261532402093,6.831725686073749,0
6.672114645737874,6.833798682628885,0
6.672114645737874,6.833798682628885,0
6.672188089069984,6.832762184351317,0
6.672261532402093,6.831725686073749,0
6.671232972721736,6.832656710804329,0
6.672261532402093,6.831725686073749,0
6.673143205418231,6.832867657898298,0
6.672188089069984,6.832762184351317,0
6.672261532402093,6.831725686073749,0
6.672188089069984,6.832762184351317,0
6.673216592652416,6.831831138710658,0
6.673216592652416,6.831831138710658,0
6.673216592652416,6.831831138710658,0
6.673289979886601,6.830794619523015,0
6.673216592652416,6.831831138710658,0
6.673143205418231,6.832867657898298,0
6.6740983217664756,6.832973131445282,0
6.6740983217664756,6.832973131445282,0
6.6740983217664756,6.832973131445282,0
6.673143205418231,6.832867657898298,0
6.674171652902732,6.831936591347564,0
6.673216592652416,6.831831138710658,0
6.673216592652416,6.831831138710658,0
6.674244984038989,6.830900051249849,0
6.673289979886601,6.830794619523015,0
6.673363367120782,6.829758100335372,0
6.673363367120782,6.829758100335372,0
6.673363367120782,6.829758100335372,0
6.673436754354967,6.828721581147732,0
6.673436754354967,6.828721581147732,0
6.673436754354967,6.828721581147732,0
6.673510141589148,6.827685061960086,0
6.672628749062646,6.826543194685918,0
6.672702192394755,6.82550669640835,0
6.672775635726868,6.82447019813079,0
6.672775635726868,6.82447019813079,0
6.671894467592072,6.82332841449692,0
6.671747468731997,6.825401369231898,0
6.671967967022109,6.822291937129428,0
6.671013411653135,6.822186672683195,0
6.6710869671811,6.821150216225785,0
6.670058856284161,6.822081408236972,0
6.670132467910054,6.821044972689631,0
6.670132467910054,6.821044972689631,0
6.669177968639005,6.82093972915348,0
6.669177968639005,6.82093972915348,0
6.668297193189698,6.819798091890139,0
6.669177968639005,6.82093972915348,0
6.669104300915183,6.821976143790742,0
6.6699852446582675,6.82311784378431,0
6.6699116330323776,6.824154279331648,0
6.669690798154701,6.827263585973665,0
6.668809630019911,6.826121802339795,0
6.669764409780594,6.826227150426327,0
6.66873596229609,6.827158216977061,0
6.668662294572272,6.828194631614323,0
6.667633678793983,6.829125635434828,0
6.667559954972241,6.830162029162015,0
6.6666049508198455,6.830056597435185,0
6.66667873073952,6.82902022461807,0
6.665723782685053,6.828914813801315,0
6.664768834630586,6.828809402984554,0
6.662858938521655,6.8285985813510415,0
6.6618299300578805,6.829529438801021,0
6.733293494170123,6.854147968960088,0
6.733433088103826,6.85207225409512,0
6.733433088103826,6.85207225409512,0
6.732407445515676,6.853004366149634,0
6.733363291136975,6.853110111527602,0
6.733363291136975,6.853110111527602,0
6.732337592450897,6.854042202672044,0
6.733293494170123,6.854147968960088,0
6.733223697203272,6.8551858263925745,0
6.73315390023642,6.856223683825057,0
6.732197886321341,6.856117875716862,0
6.73315390023642,6.856223683825057,0
6.732128033256561,6.857155712239269,0
6.73110205408085,6.858087698833334,0
6.73110205408085,6.858087698833334,0
6.7301459279699145,6.857981848904991,0
6.729119780500419,6.8589137727688225,0
6.728163598291562,6.858807901930401,0
6.728163598291562,6.858807901930401,0
6.728093520835074,6.859845654812506,0
6.727207416082695,6.85870203109198,0
6.726251233873835,6.858596160253558,0
6.725295051664975,6.858490289415133,0
6.7243388694561155,6.858384418576712,0
6.724409171304309,6.8573467493349085,0
6.723453045193374,6.857240899406566,0
6.723453045193374,6.857240899406566,0
6.7243388694561155,6.858384418576712,0
6.7243388694561155,6.858384418576712,0
6.724268567607922,6.8594220878185155,0
6.724268567607922,6.8594220878185155,0
6.723523403139495,6.856203251074838,0
6.7245497750007,6.8552714108513015,0
6.721822673539414,6.852878773503562,0
6.7189549683817305,6.852561474639433,0
6.715273087159758,6.850063489205162,0
6.7132905330896975,6.850889458590274,0
6.7113788418471,6.850677967834336,0
6.712263656347151,6.851821110623128,0
6.709253552359417,6.853578481120181,0
6.707198901307493,6.855441450624671,0
6.707941260879561,6.858659241864572,0
6.709782706371893,6.859908422772385,0
6.710596882436189,6.862089109342527,0
6.710170359121143,6.868313368346993,0
6.710914065043465,6.871531661428708,0
6.712544324501572,6.875893745511554,0
6.717047730616287,6.880575156735876,0
6.719426688712225,6.888157394897174,0
6.720173255628826,6.891376754392748,0
6.723654216737231,6.896991469545895,0
6.727417282805252,6.898455842293046,0
6.725150267662638,6.9034312758609815,0
6.726787595459559,6.9077959946133625,0
6.725898798006682,6.9066513672092,0
6.725010112749665,6.905506781625192,0
6.725010112749665,6.905506781625192,0
6.725150267662638,6.9034312758609815,0
6.725150267662638,6.9034312758609815,0
6.725220345119123,6.902393522978873,0
6.725290422575611,6.901355770096767,0
6.725290422575611,6.901355770096767,0
6.725150267662638,6.9034312758609815,0
6.725150267662638,6.9034312758609815,0
6.7260388407238025,6.904575819624835,0
6.725968819365246,6.905613593417019,0
6.726927525980823,6.905720405208847,0
6.726927525980823,6.905720405208847,0
6.727886232596404,6.905827217000674,0
6.7298734427944105,6.905002983151846,0
6.7300130367281135,6.902927268286874,0
6.729054498406313,6.902820519225276,0
6.729194204535872,6.900744846180459,0
6.728235778409928,6.900638138939009,0
6.728235778409928,6.900638138939009,0
6.727277352283984,6.900531431697562,0
6.727417282805252,6.898455842293046,0
6.7263889475166,6.899386950663928,0
6.725500654945073,6.898242511450448,0
6.725500654945073,6.898242511450448,0
6.724542341014978,6.898135846029149,0
6.724542341014978,6.898135846029149,0
6.7246124745693905,6.897098114057119,0
6.724682608123807,6.896060382085089,0
6.724682608123807,6.896060382085089,0
6.7246124745693905,6.897098114057119,0
6.725640809858046,6.896167005686234,0
6.726528990233717,6.897311403079563,0
6.726528990233717,6.897311403079563,0
6.727627178587145,6.895342458186271,0
6.728585324223452,6.89544906087734,0
6.728585324223452,6.89544906087734,0
6.728515415060752,6.896486876489671,0
6.728445505898044,6.897524692102003,0
6.726669032950838,6.895235855495198,0
6.7239349753465945,6.892840625298074,0
6.72120159091747,6.890445646021867,0
6.717652235290391,6.885869311053092,0
6.719919979706059,6.880894149316138,0
6.723073436188606,6.877062464929182,0
6.666452262857707,6.859287070732233,0
6.668659634758264,6.855353279320475,0
6.671822235202928,6.851525003275853,0
6.676968399480337,6.846871134227488,0
6.679172068917712,6.842935962750733,0
6.68218458511631,6.8411794913869315,0
6.687179767580822,6.838597092458176,0
6.693272857909129,6.834045644085741,0
6.700317362122501,6.8295982891952995,0
6.70435125746679,6.826908116611232,0
6.70940956124484,6.823285371950977,0
6.714323558863306,6.821736585709342,0
6.7182822718397475,6.820082263190493,0
6.723335190216794,6.81645751116298,0
6.727221245232105,6.8158399796627585,0
6.7311068514639985,6.81522228088193,0
6.731387161289945,6.811071269353505,0
6.731597393659403,6.807958010707182,0
6.731877703485349,6.803806999178757,0
6.732017858398322,6.801731493414547,0
6.730994628021033,6.8026645046023155,0
6.7299712854478955,6.803597473969933,0
6.727994565562248,6.804425618002917,0
6.725064300070311,6.805148873971028,0
6.723228239978976,6.80390170043048,0
6.723228239978976,6.80390170043048,0
6.723298822316806,6.802864135739053,0
6.723439986992467,6.800789006356201,0
6.7244636100552455,6.799856141538964,0
6.721005200313517,6.794249832236229,0
6.720194053537284,6.792070274810179,0
6.718288757458371,6.7918611678028675,0
6.716312430258213,6.792689458206382,0
6.7144070219834475,6.792480309378917,0
6.7144070219834475,6.792480309378917,0
6.714478165300548,6.791442953788248,0
6.715430813340003,6.791547507291902,0
6.715430813340003,6.791547507291902,0
6.716383461379461,6.79165206079556,0
6.716454492500706,6.790614663384741,0
6.716454492500706,6.790614663384741,0
6.717478059465559,6.7896817776574245,0
6.716596554743198,6.788539868563099,0
6.716596554743198,6.788539868563099,0
6.71666758586445,6.787502471152276,0
6.715786249435872,6.786360624788184,0
6.711834156014827,6.7880174146959575,0
6.712359102682772,6.7943457880924925,0
6.713027121355896,6.798599743048747,0
6.713553302178237,6.804928576466942,0
6.713268728909831,6.809077998829618,0
6.713795807299007,6.8154071668090275,0
6.71131833539523,6.82349577538298,0
6.713684278772085,6.8310731624067245,0
6.713044998680864,6.840409739104103,0
6.711805365162142,6.844453708829871,0
6.7132905330896975,6.850889458590274,0
6.711023405751231,6.855864850338058,0
6.708541558209134,6.863951827926112,0
6.706200538755141,6.869963550670857,0
6.705843980700731,6.875150014973066,0
6.707331168153662,6.881586517496196,0
6.705202176202796,6.884485650717043,0
6.7052734878136775,6.883448357856601,0
6.705344799424559,6.882411064996159,0
6.70541611103544,6.881373772135717,0
6.705487422646325,6.880336479275275,0
6.705558734257206,6.879299186414833,0
6.706587406133416,6.878368203504408,0
6.706587406133416,6.878368203504408,0
6.707615965813776,6.877437178773821,0
6.707615965813776,6.877437178773821,0
6.708644413298277,6.876506112223087,0
6.707687165228805,6.876399844093228,0
6.708644413298277,6.876506112223087,0
6.709601661367756,6.876612380352949,0
6.709601661367756,6.876612380352949,0
6.710629940558476,6.875681251071988,0
6.711658107553344,6.874750079970877,0
6.711658107553344,6.874750079970877,0
6.711658107553344,6.874750079970877,0
6.711587132530024,6.875787498291771,0
6.710629940558476,6.875681251071988,0
6.710558909437228,6.876718648482807,0
6.709459486929408,6.87868713335444,0
6.70953057414858,6.8776497568536925,0
6.708430983346975,6.879618178995095,0
6.708430983346975,6.879618178995095,0
6.7075447663987475,6.878474513454417,0
6.7075447663987475,6.878474513454417,0
6.707615965813776,6.877437178773821,0
6.7075447663987475,6.878474513454417,0
6.707615965813776,6.877437178773821,0
6.706658661646372,6.877330889733887,0
6.707687165228805,6.876399844093228,0
6.707687165228805,6.876399844093228,0
6.707687165228805,6.876399844093228,0
6.708644413298277,6.876506112223087,0
6.708644413298277,6.876506112223087,0
6.710558909437228,6.876718648482807,0
6.7018684001620095,6.834994717817917,0
6.701940104458384,6.833957571328003,0
6.702895108610779,6.83406300305484,0
6.702823460412333,6.8351001704548295,0
6.7018684001620095,6.834994717817917,0
6.701796695865642,6.836031864307834,0
6.701796695865642,6.836031864307834,0
6.701724991569268,6.837069010797741,0
6.701940104458384,6.833957571328003,0
6.7018684001620095,6.834994717817917,0
6.704805116915562,6.834273866508507,0
6.70774149708155,6.8335528897386375,0
6.710606341244947,6.833869122188911,0
6.713613247650837,6.832110559817544,0
6.715664757218846,6.830246419348811,0
6.719554346403562,6.82963020518336,0
6.719483651869879,6.830667728054628,0
6.7185289282071174,6.830562400878176,0
6.718387426943895,6.832637404800568,0
6.7175033978148235,6.831494554752844,0
6.7175033978148235,6.831494554752844,0
6.716548618054137,6.831389206666312,0
6.714639058532768,6.8311785104932525,0
6.714710033556088,6.830141092172354,0
6.7138263410145775,6.828998367585086,0
6.712871673449747,6.828893061318709,0
6.711917005884917,6.828787755052325,0
6.710962338320087,6.828682448785948,0
6.710962338320087,6.828682448785948,0
6.71007892626821,6.827539828749053,0
6.7090530031904265,6.82847183625319,0
6.708981691579545,6.829509129113628,0
6.708981691579545,6.829509129113628,0
6.708981691579545,6.829509129113628,0
6.708981691579545,6.829509129113628,0
6.7090530031904265,6.82847183625319,0
6.7090530031904265,6.82847183625319,0
6.7090530031904265,6.82847183625319,0
6.710007670755257,6.8285771425195705,0
6.71007892626821,6.827539828749053,0
6.707143668060766,6.828261223720432,0
6.704208073265754,6.828982493231358,0
6.700317362122501,6.8295982891952995,0
6.700245545630274,6.830635393865059,0
6.699146964591357,6.832604192387823,0
6.696138038660095,6.834362001996464,0
6.6930562303759835,6.837156518983438,0
6.692028736556246,6.838087941005455,0
6.692911812020554,6.8392304355819,0
6.692984021198271,6.838193477282665,0
6.693939305840299,6.838299013559876,0
6.694894590482328,6.838404549837087,0
6.694894590482328,6.838404549837087,0
6.695921916008288,6.83747306508484,0
6.695921916008288,6.83747306508484,0
6.6968051597663845,6.838615622391515,0
6.6968051597663845,6.838615622391515,0
6.697832373096489,6.83768409581911,0
6.6968051597663845,6.838615622391515,0
6.696877144552392,6.837578580451979,0
6.696877144552392,6.837578580451979,0
6.697976230472655,6.83560997011989,0
6.698048159160731,6.834572907270282,0
6.698048159160731,6.834572907270282,0
6.69819201653689,6.832498781571065,0
6.697309053268437,6.831356328814774,0
6.697381038054441,6.830319286875241,0
6.696570283963698,6.828139875819716,0
6.696714365731566,6.826065833760804,0
6.696714365731566,6.826065833760804,0
6.696786406615498,6.825028812731343,0
6.697740961984472,6.825134077177577,0
6.697812946770483,6.82409703523804,0
6.698767446041529,6.824202278774191,0
6.698839374729609,6.823165215924583,0
6.699793817902734,6.823270438550658,0
6.700748261075855,6.823375661176737,0
6.701630943854681,6.8245180093826505,0
6.702585443125727,6.824623252918798,0
6.704709217969381,6.821722175060913,0
6.704780810069899,6.820684986750852,0
6.703826535190558,6.820579826855003,0
6.703754886992108,6.821616994254988,0
6.703754886992108,6.821616994254988,0
6.703683238793669,6.822654161654977,0
6.703683238793669,6.822654161654977,0
6.703683238793669,6.822654161654977,0
6.703683238793669,6.822654161654977,0
6.703611590595223,6.823691329054967,0
6.702728851718469,6.822548959938974,0
6.702728851718469,6.822548959938974,0
6.703611590595223,6.823691329054967,0
6.7015591834603825,6.825555134962485,0
6.7015591834603825,6.825555134962485,0
6.700604628091405,6.825449870516255,0
6.700604628091405,6.825449870516255,0
6.7015591834603825,6.825555134962485,0
6.700532811599178,6.826486975186018,0
6.70148742306608,6.82659226054232,0
6.7015591834603825,6.825555134962485,0
6.657649636487466,6.820712970436009,0
6.656695081118489,6.8206077059897865,0
6.657649636487466,6.820712970436009,0
6.657649636487466,6.820712970436009,0
6.65867847665746,6.819782050255807,0
6.6587527614584765,6.818745865629374,0
6.657723977386411,6.819676806719656,0
6.657723977386411,6.819676806719656,0
6.6587527614584765,6.818745865629374,0
6.657798318285355,6.818640643003302,0
6.657798318285355,6.818640643003302,0
6.657723977386411,6.819676806719656,0
6.657798318285355,6.818640643003302,0
6.657872659184299,6.8176044792869455,0
6.656769478115361,6.819571563183505,0
6.658529907055424,6.821854419508668,0
6.657575295588522,6.821749134152366,0
6.6586041918564405,6.820818234882239,0
6.6586041918564405,6.820818234882239,0
6.657649636487466,6.820712970436009,0
6.657649636487466,6.820712970436009,0
6.655889431939109,6.818430197751148,0
6.655963885033909,6.817394075854942,0
6.655889431939109,6.818430197751148,0
6.655963885033909,6.817394075854942,0
6.655889431939109,6.818430197751148,0
6.654860479573266,6.8193610761112,0
6.654860479573266,6.8193610761112,0
6.653905980302213,6.819255832575045,0
6.654934988765987,6.818324975125069,0
6.654860479573266,6.8193610761112,0
6.653980545592862,6.818219752498997,0
6.653905980302213,6.819255832575045,0
6.653905980302213,6.819255832575045,0
6.653980545592862,6.818219752498997,0
6.652951481031167,6.819150589038898,0
6.655666072654714,6.821538563439759,0
6.65383141501156,6.820291912651101,0
6.655740525749511,6.820502441543553,0
6.65383141501156,6.820291912651101,0
6.654636951995087,6.8224693790695845,0
6.6537568497209065,6.821327992727156,0
6.65383141501156,6.820291912651101,0
6.65383141501156,6.820291912651101,0
6.6537568497209065,6.821327992727156,0
6.652876859642586,6.820186648204874,0
6.6537568497209065,6.821327992727156,0
6.652876859642586,6.820186648204874,0
6.6537568497209065,6.821327992727156,0
6.652876859642586,6.820186648204874,0
6.651847626787099,6.821117422014545,0
6.652802238254004,6.8212227073708505,0
6.651847626787099,6.821117422014545,0
6.6501627729003765,6.817798861994689,0
6.6501627729003765,6.817798861994689,0
6.651042482489064,6.818940101966593,0
6.652802238254004,6.8212227073708505,0
6.652802238254004,6.8212227073708505,0
6.652802238254004,6.8212227073708505,0
6.652727616865427,6.822258766536827,0
6.652802238254004,6.8212227073708505,0
6.652727616865427,6.822258766536827,0
6.651847626787099,6.821117422014545,0
6.651042482489064,6.818940101966593,0
6.6501627729003765,6.817798861994689,0
6.651042482489064,6.818940101966593,0
6.651117216073494,6.817904084620764,0
6.651117216073494,6.817904084620764,0
6.652146336733125,6.816973268990939,0
6.6501627729003765,6.817798861994689,0
6.652146336733125,6.816973268990939,0
6.6501627729003765,6.817798861994689,0
6.651847626787099,6.821117422014545,0
6.651847626787099,6.821117422014545,0
6.652802238254004,6.8212227073708505,0
6.652802238254004,6.8212227073708505,0
6.652802238254004,6.8212227073708505,0
6.652727616865427,6.822258766536827,0
6.652802238254004,6.8212227073708505,0
6.651117216073494,6.817904084620764,0
6.652071659246616,6.8180093072468395,0
6.651042482489064,6.818940101966593,0
6.651117216073494,6.817904084620764,0
6.651117216073494,6.817904084620764,0
6.651191949657928,6.816868067274939,0
6.652071659246616,6.8180093072468395,0
6.652146336733125,6.816973268990939,0
6.652071659246616,6.8180093072468395,0
6.652071659246616,6.8180093072468395,0
6.651117216073494,6.817904084620764,0
6.652071659246616,6.8180093072468395,0
6.651117216073494,6.817904084620764,0
6.652146336733125,6.816973268990939,0
6.652146336733125,6.816973268990939,0
6.652146336733125,6.816973268990939,0
6.652071659246616,6.8180093072468395,0
6.652071659246616,6.8180093072468395,0
6.652221014219631,6.815937230735038,0
6.651191949657928,6.816868067274939,0
6.651191949657928,6.816868067274939,0
6.7230926995185065,6.9052931580415375,0
6.7230926995185065,6.9052931580415375,0
6.7230926995185065,6.9052931580415375,0
6.722133992902929,6.90518634624971,0
6.723162889170844,6.904255446979583,0
6.721315889983739,6.903004195974276,0
6.722204238653195,6.904148656097835,0
6.722204238653195,6.904148656097835,0
6.723162889170844,6.904255446979583,0
6.722204238653195,6.904148656097835,0
6.722274484403464,6.903110965945952,0
6.723162889170844,6.904255446979583,0
6.723162889170844,6.904255446979583,0
6.723162889170844,6.904255446979583,0
6.723162889170844,6.904255446979583,0
6.723162889170844,6.904255446979583,0
6.723162889170844,6.904255446979583,0
6.724121539688497,6.904362237861335,0
6.723162889170844,6.904255446979583,0
6.723233078823185,6.903217735917629,0
6.723233078823185,6.903217735917629,0
6.722274484403464,6.903110965945952,0
6.724121539688497,6.904362237861335,0
6.723233078823185,6.903217735917629,0
6.724121539688497,6.904362237861335,0
6.724121539688497,6.904362237861335,0
6.72419167324291,6.903324505889305,0
6.72419167324291,6.903324505889305,0
6.723233078823185,6.903217735917629,0
6.72419167324291,6.903324505889305,0
6.72419167324291,6.903324505889305,0
6.724121539688497,6.904362237861335,0
6.72419167324291,6.903324505889305,0
6.725150267662638,6.9034312758609815,0
6.725150267662638,6.9034312758609815,0
6.72419167324291,6.903324505889305,0
6.72419167324291,6.903324505889305,0
6.723233078823185,6.903217735917629,0
6.72419167324291,6.903324505889305,0
6.725150267662638,6.9034312758609815,0
6.725150267662638,6.9034312758609815,0
6.725150267662638,6.9034312758609815,0
6.725150267662638,6.9034312758609815,0
6.72419167324291,6.903324505889305,0
6.725150267662638,6.9034312758609815,0
6.725150267662638,6.9034312758609815,0
6.72419167324291,6.903324505889305,0
6.7242618067973225,6.902286773917272,0
6.725150267662638,6.9034312758609815,0
6.72419167324291,6.903324505889305,0
6.723303268475526,6.902180024855671,0
6.725150267662638,6.9034312758609815,0
6.725150267662638,6.9034312758609815,0
6.725150267662638,6.9034312758609815,0
6.7242618067973225,6.902286773917272,0
6.7242618067973225,6.902286773917272,0
6.725150267662638,6.9034312758609815,0
6.725150267662638,6.9034312758609815,0
6.725150267662638,6.9034312758609815,0
6.72508019020615,6.904469028743083,0
6.72419167324291,6.903324505889305,0
6.725150267662638,6.9034312758609815,0
6.72508019020615,6.904469028743083,0
6.72419167324291,6.903324505889305,0
6.72508019020615,6.904469028743083,0
6.724121539688497,6.904362237861335,0
6.724121539688497,6.904362237861335,0
6.724121539688497,6.904362237861335,0
6.724121539688497,6.904362237861335,0
6.724121539688497,6.904362237861335,0
6.723162889170844,6.904255446979583,0
6.722274484403464,6.903110965945952,0
6.723162889170844,6.904255446979583,0
6.723233078823185,6.903217735917629,0
6.723162889170844,6.904255446979583,0
6.723233078823185,6.903217735917629,0
6.722274484403464,6.903110965945952,0
6.723162889170844,6.904255446979583,0
6.723162889170844,6.904255446979583,0
6.723233078823185,6.903217735917629,0
6.723162889170844,6.904255446979583,0
6.723162889170844,6.904255446979583,0
6.723162889170844,6.904255446979583,0
6.722274484403464,6.903110965945952,0
6.723162889170844,6.904255446979583,0
6.722204238653195,6.904148656097835,0
6.722274484403464,6.903110965945952,0
6.722204238653195,6.904148656097835,0
6.723233078823185,6.903217735917629,0
6.722204238653195,6.904148656097835,0
6.721315889983739,6.903004195974276,0
6.721386191831929,6.901966526732473,0
6.722274484403464,6.903110965945952,0
6.722274484403464,6.903110965945952,0
6.722204238653195,6.904148656097835,0
6.722274484403464,6.903110965945952,0
6.722204238653195,6.904148656097835,0
6.721315889983739,6.903004195974276,0
6.722274484403464,6.903110965945952,0
6.722204238653195,6.904148656097835,0
6.721315889983739,6.903004195974276,0
6.721315889983739,6.903004195974276,0
6.721315889983739,6.903004195974276,0
6.722274484403464,6.903110965945952,0
6.721315889983739,6.903004195974276,0
6.721315889983739,6.903004195974276,0
6.721245588135538,6.904041865216083,0
6.721245588135538,6.904041865216083,0
6.721245588135538,6.904041865216083,0
6.721315889983739,6.903004195974276,0
6.722204238653195,6.904148656097835,0
6.721315889983739,6.903004195974276,0
6.721386191831929,6.901966526732473,0
6.720427653510129,6.901859777670879,0
6.721386191831929,6.901966526732473,0
6.721386191831929,6.901966526732473,0
6.721386191831929,6.901966526732473,0
6.720427653510129,6.901859777670879,0
6.7203572955640105,6.9028974260026,0
6.7203572955640105,6.9028974260026,0
6.7203572955640105,6.9028974260026,0
6.720427653510129,6.901859777670879,0
6.7203572955640105,6.9028974260026,0
6.721315889983739,6.903004195974276,0
6.721315889983739,6.903004195974276,0
6.721245588135538,6.904041865216083,0
6.721315889983739,6.903004195974276,0
6.720286937617885,6.903935074334331,0
6.721245588135538,6.904041865216083,0
6.721245588135538,6.904041865216083,0
6.721315889983739,6.903004195974276,0
6.721386191831929,6.901966526732473,0
6.721245588135538,6.904041865216083,0
6.7203572955640105,6.9028974260026,0
6.721315889983739,6.903004195974276,0
6.721315889983739,6.903004195974276,0
6.721315889983739,6.903004195974276,0
6.721315889983739,6.903004195974276,0
6.722204238653195,6.904148656097835,0
6.722274484403464,6.903110965945952,0
6.722274484403464,6.903110965945952,0
6.722274484403464,6.903110965945952,0
6.723162889170844,6.904255446979583,0
6.723162889170844,6.904255446979583,0
6.721315889983739,6.903004195974276,0
6.722204238653195,6.904148656097835,0
6.722274484403464,6.903110965945952,0
6.722204238653195,6.904148656097835,0
6.722204238653195,6.904148656097835,0
6.722274484403464,6.903110965945952,0
6.722204238653195,6.904148656097835,0
6.723162889170844,6.904255446979583,0
6.722274484403464,6.903110965945952,0
6.722274484403464,6.903110965945952,0
6.722274484403464,6.903110965945952,0
6.723162889170844,6.904255446979583,0
6.723162889170844,6.904255446979583,0
6.722274484403464,6.903110965945952,0
6.723233078823185,6.903217735917629,0
6.723162889170844,6.904255446979583,0
6.724121539688497,6.904362237861335,0
6.724121539688497,6.904362237861335,0
6.724121539688497,6.904362237861335,0
6.724121539688497,6.904362237861335,0
6.72419167324291,6.903324505889305,0
6.724121539688497,6.904362237861335,0
6.724121539688497,6.904362237861335,0
6.724121539688497,6.904362237861335,0
6.723233078823185,6.903217735917629,0
6.723162889170844,6.904255446979583,0
6.723162889170844,6.904255446979583,0
6.723233078823185,6.903217735917629,0
6.723233078823185,6.903217735917629,0
6.723233078823185,6.903217735917629,0
6.723233078823185,6.903217735917629,0
6.722274484403464,6.903110965945952,0
6.722274484403464,6.903110965945952,0
6.722274484403464,6.903110965945952,0
6.722274484403464,6.903110965945952,0
6.722274484403464,6.903110965945952,0
6.722204238653195,6.904148656097835,0
6.722204238653195,6.904148656097835,0
6.721315889983739,6.903004195974276,0
6.721315889983739,6.903004195974276,0
6.721315889983739,6.903004195974276,0
6.721315889983739,6.903004195974276,0
6.721315889983739,6.903004195974276,0
6.721315889983739,6.903004195974276,0
6.721315889983739,6.903004195974276,0
6.721315889983739,6.903004195974276,0
6.721315889983739,6.903004195974276,0
6.720427653510129,6.901859777670879,0
6.721315889983739,6.903004195974276,0
6.7203572955640105,6.9028974260026,0
6.720427653510129,6.901859777670879,0
6.720427653510129,6.901859777670879,0
6.7203572955640105,6.9028974260026,0
6.720427653510129,6.901859777670879,0
6.720427653510129,6.901859777670879,0
6.719398701144282,6.902790656030927,0
6.779768658783237,6.894865460426015,0
6.779768658783237,6.894865460426015,0
6.7797017228106675,6.895904384272356,0
6.778810849734491,6.894758983195398,0
6.778743857663994,6.8957978861316676,0
6.7797017228106675,6.895904384272356,0
6.7797017228106675,6.895904384272356,0
6.777853040685745,6.894652505964782,0
6.778810849734491,6.894758983195398,0
6.7797017228106675,6.895904384272356,0
6.778743857663994,6.8957978861316676,0
6.7797017228106675,6.895904384272356,0
6.778810849734491,6.894758983195398,0
6.7788778418049915,6.893720080259129,0
6.7797017228106675,6.895904384272356,0
6.7797017228106675,6.895904384272356,0
6.7788778418049915,6.893720080259129,0
6.777853040685745,6.894652505964782,0
6.779835594755809,6.89382653657967,0
6.779835594755809,6.89382653657967,0
6.779768658783237,6.894865460426015,0
6.779835594755809,6.89382653657967,0
6.779835594755809,6.89382653657967,0
6.779768658783237,6.894865460426015,0
6.7797017228106675,6.895904384272356,0
6.779768658783237,6.894865460426015,0
6.7788778418049915,6.893720080259129,0
6.778743857663994,6.8957978861316676,0
6.779768658783237,6.894865460426015,0
6.778944833875489,6.892681177322864,0
6.7797017228106675,6.895904384272356,0
6.779835594755809,6.89382653657967,0
6.779835594755809,6.89382653657967,0
6.779835594755809,6.89382653657967,0
6.779835594755809,6.89382653657967,0
6.7797017228106675,6.895904384272356,0
6.780793347706627,6.893932992900211,0
6.779835594755809,6.89382653657967,0
6.779835594755809,6.89382653657967,0
6.779835594755809,6.89382653657967,0
6.779835594755809,6.89382653657967,0
6.779835594755809,6.89382653657967,0
6.779835594755809,6.89382653657967,0
6.7788778418049915,6.893720080259129,0
6.7797017228106675,6.895904384272356,0
6.778810849734491,6.894758983195398,0
6.7788778418049915,6.893720080259129,0
6.779835594755809,6.89382653657967,0
6.779835594755809,6.89382653657967,0
6.779835594755809,6.89382653657967,0
6.779835594755809,6.89382653657967,0
6.7788778418049915,6.893720080259129,0
6.777853040685745,6.894652505964782,0
6.777920088854174,6.893613623938588,0
6.777920088854174,6.893613623938588,0
6.777920088854174,6.893613623938588,0
6.7760717433168125,6.892361871091467,0
6.775114046463923,6.892255435681001,0
6.773333310074257,6.88996500990844,0
6.771553022468012,6.887674751416487,0
6.76881582337985,6.885278350255128,0
6.767858463114521,6.885172040305118,0
6.767723132623278,6.887249344335839,0
6.764918548779125,6.885891699740217,0
6.762046299689352,6.885572707159959,0
6.760335809049959,6.882244591235519,0
6.760335809049959,6.882244591235519,0
6.759446731107449,6.881099859280976,0
6.759310390853514,6.883176786930338,0
6.7604039230789965,6.881206106500763,0
6.760335809049959,6.882244591235519,0
6.760335809049959,6.882244591235519,0
6.760335809049959,6.882244591235519,0
6.759378560980487,6.882138323105657,0
6.759378560980487,6.882138323105657,0
6.760335809049959,6.882244591235519,0
6.759378560980487,6.882138323105657,0
6.760335809049959,6.882244591235519,0
6.759310390853514,6.883176786930338,0
6.759310390853514,6.883176786930338,0
6.759378560980487,6.882138323105657,0
6.760335809049959,6.882244591235519,0
6.760267695020918,6.883283075970276,0
6.758216634236327,6.885147383719609,0
6.759310390853514,6.883176786930338,0
6.760335809049959,6.882244591235519,0
6.760335809049959,6.882244591235519,0
6.759310390853514,6.883176786930338,0
6.760335809049959,6.882244591235519,0
6.758284860461224,6.884108940805007,0
6.760335809049959,6.882244591235519,0
6.759378560980487,6.882138323105657,0
6.760335809049959,6.882244591235519,0
6.759310390853514,6.883176786930338,0
6.759378560980487,6.882138323105657,0
6.759310390853514,6.883176786930338,0
6.759310390853514,6.883176786930338,0
6.759310390853514,6.883176786930338,0
6.759378560980487,6.882138323105657,0
6.759378560980487,6.882138323105657,0
6.758216634236327,6.885147383719609,0
6.758216634236327,6.885147383719609,0
6.758216634236327,6.885147383719609,0
6.758216634236327,6.885147383719609,0
6.759310390853514,6.883176786930338,0
6.759378560980487,6.882138323105657,0
6.759310390853514,6.883176786930338,0
6.760335809049959,6.882244591235519,0
6.760335809049959,6.882244591235519,0
6.760335809049959,6.882244591235519,0
6.760335809049959,6.882244591235519,0
6.760335809049959,6.882244591235519,0
6.760267695020918,6.883283075970276,0
6.761293057119435,6.882350859365378,0
6.760335809049959,6.882244591235519,0
6.760335809049959,6.882244591235519,0
6.760267695020918,6.883283075970276,0
6.760335809049959,6.882244591235519,0
6.761224999188322,6.88338936501021,0
6.760335809049959,6.882244591235519,0
6.759310390853514,6.883176786930338,0
6.759378560980487,6.882138323105657,0
6.760267695020918,6.883283075970276,0
6.760335809049959,6.882244591235519,0
6.759378560980487,6.882138323105657,0
6.760267695020918,6.883283075970276,0
6.760267695020918,6.883283075970276,0
6.760267695020918,6.883283075970276,0
6.760335809049959,6.882244591235519,0
6.759310390853514,6.883176786930338,0
6.760267695020918,6.883283075970276,0
6.760267695020918,6.883283075970276,0
6.759174050599583,6.885253714579694,0
6.759174050599583,6.885253714579694,0
6.759174050599583,6.885253714579694,0
6.758216634236327,6.885147383719609,0
6.759174050599583,6.885253714579694,0
6.759174050599583,6.885253714579694,0
6.759105880472621,6.886292178404375,0
6.759105880472621,6.886292178404375,0
6.760063352933802,6.886398530174539,0
6.758216634236327,6.885147383719609,0
6.759105880472621,6.886292178404375,0
6.759105880472621,6.886292178404375,0
6.759105880472621,6.886292178404375,0
6.759174050599583,6.885253714579694,0
6.759105880472621,6.886292178404375,0
6.759105880472621,6.886292178404375,0
6.759105880472621,6.886292178404375,0
6.759174050599583,6.885253714579694,0
6.760063352933802,6.886398530174539,0
6.759105880472621,6.886292178404375,0
6.759037710345652,6.887330642229056,0
6.759105880472621,6.886292178404375,0
6.759174050599583,6.885253714579694,0
6.760131466962839,6.885360045439782,0
6.759174050599583,6.885253714579694,0
6.760063352933802,6.886398530174539,0
6.759105880472621,6.886292178404375,0
6.760063352933802,6.886398530174539,0
6.759105880472621,6.886292178404375,0
6.760131466962839,6.885360045439782,0
6.760063352933802,6.886398530174539,0
6.759174050599583,6.885253714579694,0
6.760063352933802,6.886398530174539,0
6.760063352933802,6.886398530174539,0
6.760063352933802,6.886398530174539,0
6.759105880472621,6.886292178404375,0
6.760063352933802,6.886398530174539,0
6.760131466962839,6.885360045439782,0
6.760063352933802,6.886398530174539,0
6.760063352933802,6.886398530174539,0
6.759105880472621,6.886292178404375,0
6.759105880472621,6.886292178404375,0
6.760063352933802,6.886398530174539,0
6.760063352933802,6.886398530174539,0
6.760063352933802,6.886398530174539,0
6.760131466962839,6.885360045439782,0
6.760131466962839,6.885360045439782,0
6.760063352933802,6.886398530174539,0
6.760063352933802,6.886398530174539,0
6.760063352933802,6.886398530174539,0
6.760131466962839,6.885360045439782,0
6.760063352933802,6.886398530174539,0
6.760063352933802,6.886398530174539,0
6.760063352933802,6.886398530174539,0
6.759105880472621,6.886292178404375,0
6.760063352933802,6.886398530174539,0
6.760063352933802,6.886398530174539,0
6.759105880472621,6.886292178404375,0
6.759105880472621,6.886292178404375,0
6.759105880472621,6.886292178404375,0
6.759105880472621,6.886292178404375,0
6.759995238904764,6.887437014909295,0
6.759105880472621,6.886292178404375,0
6.760063352933802,6.886398530174539,0
6.761224999188322,6.88338936501021,0
6.761224999188322,6.88338936501021,0
6.762182303355722,6.883495654050144,0
6.760267695020918,6.883283075970276,0
6.733863453116488,6.8887166331937095,0
6.734821206067309,6.888823089514254,0
6.734751633492163,6.889861030587042,0
6.734821206067309,6.888823089514254,0
6.733793824443417,6.889754553356422,0
6.733863453116488,6.8887166331937095,0
6.733863453116488,6.8887166331937095,0
6.735709442540912,6.889967507817655,0
6.733863453116488,6.8887166331937095,0
6.735709442540912,6.889967507817655,0
6.734821206067309,6.888823089514254,0
6.734821206067309,6.888823089514254,0
6.734751633492163,6.889861030587042,0
6.735500893109265,6.893081393766245,0
6.735500893109265,6.893081393766245,0
6.736458870451791,6.893187933727088,0
6.738236128769977,6.8954770630749564,0
6.736458870451791,6.893187933727088,0
6.736458870451791,6.893187933727088,0
6.736458870451791,6.893187933727088,0
6.736458870451791,6.893187933727088,0
6.736458870451791,6.893187933727088,0
6.736458870451791,6.893187933727088,0
6.736458870451791,6.893187933727088,0
6.736458870451791,6.893187933727088,0
6.736458870451791,6.893187933727088,0
6.736458870451791,6.893187933727088,0
6.736458870451791,6.893187933727088,0
6.736389410072501,6.894225916620027,0
6.736458870451791,6.893187933727088,0
6.736389410072501,6.894225916620027,0
6.736458870451791,6.893187933727088,0
6.736458870451791,6.893187933727088,0
6.736458870451791,6.893187933727088,0
6.738236128769977,6.8954770630749564,0
6.737416847794318,6.893294473687934,0
6.736458870451791,6.893187933727088,0
6.736458870451791,6.893187933727088,0
6.736458870451791,6.893187933727088,0
6.736528330831078,6.892149950834149,0
6.736458870451791,6.893187933727088,0
6.735500893109265,6.893081393766245,0
6.735500893109265,6.893081393766245,0
6.735500893109265,6.893081393766245,0
6.736458870451791,6.893187933727088,0
6.735500893109265,6.893081393766245,0
6.734612488341877,6.891936912732614,0
6.734542915766738,6.892974853805402,0
6.736458870451791,6.893187933727088,0
6.7355704095864795,6.892043431783382,0
6.734542915766738,6.892974853805402,0
6.7355704095864795,6.892043431783382,0
6.734542915766738,6.892974853805402,0
6.734542915766738,6.892974853805402,0
6.733584938424208,6.892868313844556,0
6.734542915766738,6.892974853805402,0
6.7355704095864795,6.892043431783382,0
6.734542915766738,6.892974853805402,0
6.734542915766738,6.892974853805402,0
6.734612488341877,6.891936912732614,0
6.734542915766738,6.892974853805402,0
6.734542915766738,6.892974853805402,0
6.734612488341877,6.891936912732614,0
6.734612488341877,6.891936912732614,0
6.734542915766738,6.892974853805402,0
6.733654567097279,6.891830393681843,0
6.734542915766738,6.892974853805402,0
6.73468206091702,6.890898971659826,0
6.734542915766738,6.892974853805402,0
6.7355704095864795,6.892043431783382,0
6.734612488341877,6.891936912732614,0
6.733654567097279,6.891830393681843,0
6.734542915766738,6.892974853805402,0
6.734612488341877,6.891936912732614,0
6.734612488341877,6.891936912732614,0
6.734612488341877,6.891936912732614,0
6.73468206091702,6.890898971659826,0
6.734612488341877,6.891936912732614,0
6.734612488341877,6.891936912732614,0
6.734612488341877,6.891936912732614,0
6.733654567097279,6.891830393681843,0
6.7355704095864795,6.892043431783382,0
6.73468206091702,6.890898971659826,0
6.73468206091702,6.890898971659826,0
6.736458870451791,6.893187933727088,0
6.734612488341877,6.891936912732614,0
6.735639926063698,6.891005469800518,0
6.7355704095864795,6.892043431783382,0
6.7355704095864795,6.892043431783382,0
6.7355704095864795,6.892043431783382,0
6.7355704095864795,6.892043431783382,0
6.7355704095864795,6.892043431783382,0
6.734821206067309,6.888823089514254,0
6.733933081789562,6.887678713030997,0
6.734821206067309,6.888823089514254,0
6.736806172348238,6.887998019262394,0
6.736597791210368,6.89111196794121,0
6.7355704095864795,6.892043431783382,0
6.736458870451791,6.893187933727088,0
6.7355704095864795,6.892043431783382,0
6.7355704095864795,6.892043431783382,0
6.7355704095864795,6.892043431783382,0
6.7355704095864795,6.892043431783382,0
6.7355704095864795,6.892043431783382,0
6.7355704095864795,6.892043431783382,0
6.736458870451791,6.893187933727088,0
6.7355704095864795,6.892043431783382,0
6.736597791210368,6.89111196794121,0
6.7355704095864795,6.892043431783382,0
6.735639926063698,6.891005469800518,0
6.736528330831078,6.892149950834149,0
6.735639926063698,6.891005469800518,0
6.735639926063698,6.891005469800518,0
6.736597791210368,6.89111196794121,0
6.736528330831078,6.892149950834149,0
6.736597791210368,6.89111196794121,0
6.735639926063698,6.891005469800518,0
6.736528330831078,6.892149950834149,0
6.736528330831078,6.892149950834149,0
6.736528330831078,6.892149950834149,0
6.736528330831078,6.892149950834149,0
6.7355704095864795,6.892043431783382,0
6.736528330831078,6.892149950834149,0
6.7355704095864795,6.892043431783382,0
6.7355704095864795,6.892043431783382,0
6.7355704095864795,6.892043431783382,0
6.7355704095864795,6.892043431783382,0
6.7355704095864795,6.892043431783382,0
6.7355704095864795,6.892043431783382,0
6.7355704095864795,6.892043431783382,0
6.734612488341877,6.891936912732614,0
6.7355704095864795,6.892043431783382,0
6.735639926063698,6.891005469800518,0
6.734612488341877,6.891936912732614,0
6.7355704095864795,6.892043431783382,0
6.7355704095864795,6.892043431783382,0
6.7355704095864795,6.892043431783382,0
6.7355704095864795,6.892043431783382,0
6.7355704095864795,6.892043431783382,0
6.7355704095864795,6.892043431783382,0
6.7355704095864795,6.892043431783382,0
6.7355704095864795,6.892043431783382,0
6.734612488341877,6.891936912732614,0
6.7355704095864795,6.892043431783382,0
6.7355704095864795,6.892043431783382,0
6.7355704095864795,6.892043431783382,0
6.733584938424208,6.892868313844556,0
6.734612488341877,6.891936912732614,0
6.734542915766738,6.892974853805402,0
6.733584938424208,6.892868313844556,0
6.734542915766738,6.892974853805402,0
6.734542915766738,6.892974853805402,0
6.734612488341877,6.891936912732614,0
6.734542915766738,6.892974853805402,0
6.734612488341877,6.891936912732614,0
6.734612488341877,6.891936912732614,0
6.734542915766738,6.892974853805402,0
6.734612488341877,6.891936912732614,0
6.734612488341877,6.891936912732614,0
6.7355704095864795,6.892043431783382,0
6.734612488341877,6.891936912732614,0
6.734542915766738,6.892974853805402,0
6.7355704095864795,6.892043431783382,0
6.734612488341877,6.891936912732614,0
6.735500893109265,6.893081393766245,0
6.734542915766738,6.892974853805402,0
6.7355704095864795,6.892043431783382,0
6.735500893109265,6.893081393766245,0
6.734542915766738,6.892974853805402,0
6.734542915766738,6.892974853805402,0
6.734542915766738,6.892974853805402,0
6.734542915766738,6.892974853805402,0
6.734542915766738,6.892974853805402,0
6.734542915766738,6.892974853805402,0
6.734542915766738,6.892974853805402,0
6.734542915766738,6.892974853805402,0
6.735500893109265,6.893081393766245,0
6.735500893109265,6.893081393766245,0
6.735500893109265,6.893081393766245,0
6.735500893109265,6.893081393766245,0
6.735500893109265,6.893081393766245,0
6.735500893109265,6.893081393766245,0
6.735500893109265,6.893081393766245,0
6.736458870451791,6.893187933727088,0
6.735500893109265,6.893081393766245,0
6.736458870451791,6.893187933727088,0
6.736458870451791,6.893187933727088,0
6.735500893109265,6.893081393766245,0
6.736458870451791,6.893187933727088,0
6.736389410072501,6.894225916620027,0
6.735500893109265,6.893081393766245,0
6.736458870451791,6.893187933727088,0
6.736458870451791,6.893187933727088,0
6.736458870451791,6.893187933727088,0
6.736458870451791,6.893187933727088,0
6.736389410072501,6.894225916620027,0
6.736458870451791,6.893187933727088,0
6.736458870451791,6.893187933727088,0
6.736458870451791,6.893187933727088,0
6.737416847794318,6.893294473687934,0
6.723382687247252,6.858278547738294,0
6.7224265050383885,6.858172676899869,0
6.7224265050383885,6.858172676899869,0
6.7224265050383885,6.858172676899869,0
6.721470322829532,6.858066806061444,0
6.722356090994342,6.859210304321522,0
6.721399852687558,6.859104412573025,0
6.721399852687558,6.859104412573025,0
6.721399852687558,6.859104412573025,0
6.721399852687558,6.859104412573025,0
6.721399852687558,6.859104412573025,0
6.721399852687558,6.859104412573025,0
6.7224265050383885,6.858172676899869,0
6.721399852687558,6.859104412573025,0
6.721399852687558,6.859104412573025,0
6.7224265050383885,6.858172676899869,0
6.721399852687558,6.859104412573025,0
6.7224265050383885,6.858172676899869,0
6.721399852687558,6.859104412573025,0
6.722356090994342,6.859210304321522,0
6.7224265050383885,6.858172676899869,0
6.721399852687558,6.859104412573025,0
6.721470322829532,6.858066806061444,0
6.721399852687558,6.859104412573025,0
6.722356090994342,6.859210304321522,0
6.7203025619009615,6.8610736920275315,0
6.721399852687558,6.859104412573025,0
6.721399852687558,6.859104412573025,0
6.722356090994342,6.859210304321522,0
6.721399852687558,6.859104412573025,0
6.721399852687558,6.859104412573025,0
6.723453045193374,6.857240899406566,0
6.721399852687558,6.859104412573025,0
6.72037308814086,6.860036106426026,0
6.722356090994342,6.859210304321522,0
6.7224265050383885,6.858172676899869,0
6.7224265050383885,6.858172676899869,0
6.7224265050383885,6.858172676899869,0
6.722356090994342,6.859210304321522,0
6.721399852687558,6.859104412573025,0
6.722356090994342,6.859210304321522,0
6.7224265050383885,6.858172676899869,0
6.721399852687558,6.859104412573025,0
6.721399852687558,6.859104412573025,0
6.7224265050383885,6.858172676899869,0
6.7224265050383885,6.858172676899869,0
6.720443614380766,6.8589985208245245,0
6.721399852687558,6.859104412573025,0
6.721470322829532,6.858066806061444,0
6.721470322829532,6.858066806061444,0
6.721399852687558,6.859104412573025,0
6.721470322829532,6.858066806061444,0
6.721399852687558,6.859104412573025,0
6.721399852687558,6.859104412573025,0
6.721470322829532,6.858066806061444,0
6.7224265050383885,6.858172676899869,0
6.721470322829532,6.858066806061444,0
6.721470322829532,6.858066806061444,0
6.721399852687558,6.859104412573025,0
6.721470322829532,6.858066806061444,0
6.7224265050383885,6.858172676899869,0
6.721470322829532,6.858066806061444,0
6.7203025619009615,6.8610736920275315,0
6.719346211398317,6.860967758458877,0
6.7203025619009615,6.8610736920275315,0
6.719346211398317,6.860967758458877,0
6.719346211398317,6.860967758458877,0
6.72037308814086,6.860036106426026,0
6.721399852687558,6.859104412573025,0
6.721470322829532,6.858066806061444,0
6.721470322829532,6.858066806061444,0
6.721470322829532,6.858066806061444,0
6.721399852687558,6.859104412573025,0
6.721470322829532,6.858066806061444,0
6.723382687247252,6.858278547738294,0
6.721470322829532,6.858066806061444,0
6.7224265050383885,6.858172676899869,0
6.721470322829532,6.858066806061444,0
6.721470322829532,6.858066806061444,0
6.721470322829532,6.858066806061444,0
6.722496919082438,6.857135049478217,0
6.721470322829532,6.858066806061444,0
6.721399852687558,6.859104412573025,0
6.721399852687558,6.859104412573025,0
6.721470322829532,6.858066806061444,0
6.721470322829532,6.858066806061444,0
6.721399852687558,6.859104412573025,0
6.721399852687558,6.859104412573025,0
6.722496919082438,6.857135049478217,0
6.720443614380766,6.8589985208245245,0
6.7224265050383885,6.858172676899869,0
6.7224265050383885,6.858172676899869,0
6.7224265050383885,6.858172676899869,0
6.7224265050383885,6.858172676899869,0
6.7224265050383885,6.858172676899869,0
6.721470322829532,6.858066806061444,0
6.721399852687558,6.859104412573025,0
6.721399852687558,6.859104412573025,0
6.721470322829532,6.858066806061444,0
6.721399852687558,6.859104412573025,0
6.727713358169467,6.8085762949701305,0
6.727713358169467,6.8085762949701305,0
6.727713358169467,6.8085762949701305,0
6.727713358169467,6.8085762949701305,0
6.728666847677829,6.80868116212492,0
6.728666847677829,6.80868116212492,0
6.727713358169467,6.8085762949701305,0
6.728666847677829,6.80868116212492,0
6.72668951071498,6.809509076147069,0
6.7276430563212735,6.809613964211934,0
6.72566555106464,6.810441815503857,0
6.7255247229765445,6.812517070347159,0
6.725595137020594,6.811479442925506,0
6.726478436876615,6.812622021142257,0
6.72668951071498,6.809509076147069,0
6.727713358169467,6.8085762949701305,0
6.72654879482274,6.811584372810529,0
6.725595137020594,6.811479442925506,0
6.726478436876615,6.812622021142257,0
6.725595137020594,6.811479442925506,0
6.724641479218455,6.811374513040491,0
6.724500538934503,6.813449726063645,0
6.725595137020594,6.811479442925506,0
6.7255247229765445,6.812517070347159,0
6.726478436876615,6.812622021142257,0
6.725595137020594,6.811479442925506,0
6.725595137020594,6.811479442925506,0
6.725595137020594,6.811479442925506,0
6.724571009076477,6.812412119552068,0
6.724641479218455,6.811374513040491,0
6.725595137020594,6.811479442925506,0
6.725595137020594,6.811479442925506,0
6.725595137020594,6.811479442925506,0
6.72654879482274,6.811584372810529,0
6.7276430563212735,6.809613964211934,0
6.726619152768858,6.810546724478797,0
6.72654879482274,6.811584372810529,0
6.726619152768858,6.810546724478797,0
6.72654879482274,6.811584372810529,0
6.7255247229765445,6.812517070347159,0
6.725595137020594,6.811479442925506,0
6.725595137020594,6.811479442925506,0
6.726619152768858,6.810546724478797,0
6.725595137020594,6.811479442925506,0
6.726478436876615,6.812622021142257,0
6.726478436876615,6.812622021142257,0
6.723546768936501,6.813344754358479,0
6.723617295176407,6.812307168756977,0
6.724571009076477,6.812412119552068,0
6.723617295176407,6.812307168756977,0
6.724571009076477,6.812412119552068,0
6.72654879482274,6.811584372810529,0
6.725595137020594,6.811479442925506,0
6.723617295176407,6.812307168756977,0
6.721639228940507,6.813134810948142,0
6.720614764408829,6.814067362114248,0
6.719731688944513,6.812924867537802,0
6.720685458942516,6.813029839242972,0
6.721568590504749,6.8141723547294895,0
6.721568590504749,6.8141723547294895,0
6.722592998938506,6.813239782653305,0
6.723546768936501,6.813344754358479,0
6.724571009076477,6.812412119552068,0
6.725595137020594,6.811479442925506,0
6.72654879482274,6.811584372810529,0
6.725595137020594,6.811479442925506,0
6.724571009076477,6.812412119552068,0
6.725595137020594,6.811479442925506,0
6.726478436876615,6.812622021142257,0
6.725595137020594,6.811479442925506,0
6.72654879482274,6.811584372810529,0
6.72654879482274,6.811584372810529,0
6.725595137020594,6.811479442925506,0
6.725595137020594,6.811479442925506,0
6.72654879482274,6.811584372810529,0
6.726619152768858,6.810546724478797,0
6.7255247229765445,6.812517070347159,0
6.72654879482274,6.811584372810529,0
6.726478436876615,6.812622021142257,0
6.727502452624886,6.811689302695541,0
6.728666847677829,6.80868116212492,0
6.728666847677829,6.80868116212492,0
6.7276430563212735,6.809613964211934,0
6.725595137020594,6.811479442925506,0
6.72654879482274,6.811584372810529,0
6.725595137020594,6.811479442925506,0
6.725595137020594,6.811479442925506,0
6.72654879482274,6.811584372810529,0
6.726478436876615,6.812622021142257,0
6.7255247229765445,6.812517070347159,0
6.724641479218455,6.811374513040491,0
6.7255247229765445,6.812517070347159,0
6.726408078930497,6.813659669473985,0
6.725595137020594,6.811479442925506,0
6.726408078930497,6.813659669473985,0
6.726478436876615,6.812622021142257,0
6.726478436876615,6.812622021142257,0
6.72654879482274,6.811584372810529,0
6.726408078930497,6.813659669473985,0
6.72654879482274,6.811584372810529,0
6.707157450237055,6.8700696933402625,0
6.707157450237055,6.8700696933402625,0
6.707157450237055,6.8700696933402625,0
6.707086194724106,6.871107007110783,0
6.707157450237055,6.8700696933402625,0
6.707157450237055,6.8700696933402625,0
6.707157450237055,6.8700696933402625,0
6.707157450237055,6.8700696933402625,0
6.70811436171897,6.870175836009672,0
6.70811436171897,6.870175836009672,0
6.70811436171897,6.870175836009672,0
6.70811436171897,6.870175836009672,0
6.70811436171897,6.870175836009672,0
6.708185561133998,6.8691385013290756,0
6.708185561133998,6.8691385013290756,0
6.7091424165179845,6.869244623088406,0
6.7091424165179845,6.869244623088406,0
6.709071273200884,6.870281978679078,0
6.709071273200884,6.870281978679078,0
6.7091424165179845,6.869244623088406,0
6.709071273200884,6.870281978679078,0
6.710099271901971,6.869350744847736,0
6.709071273200884,6.870281978679078,0
6.709071273200884,6.870281978679078,0
6.709355846469286,6.866132556316401,0
6.709640419737692,6.861983133953725,0
6.707941260879561,6.858659241864572,0
6.708897555284278,6.858765154523148,0
6.70985384968899,6.85887106718172,0
6.70985384968899,6.85887106718172,0
6.70985384968899,6.85887106718172,0
6.70985384968899,6.85887106718172,0
6.70985384968899,6.85887106718172,0
6.70985384968899,6.85887106718172,0
6.70985384968899,6.85887106718172,0
6.70985384968899,6.85887106718172,0
6.70985384968899,6.85887106718172,0
6.708897555284278,6.858765154523148,0
6.708897555284278,6.858765154523148,0
6.70985384968899,6.85887106718172,0
6.708897555284278,6.858765154523148,0
6.70985384968899,6.85887106718172,0
6.708897555284278,6.858765154523148,0
6.708897555284278,6.858765154523148,0
6.708897555284278,6.858765154523148,0
6.70985384968899,6.85887106718172,0
6.708897555284278,6.858765154523148,0
6.708897555284278,6.858765154523148,0
6.709782706371893,6.859908422772385,0
6.70985384968899,6.85887106718172,0
6.70985384968899,6.85887106718172,0
6.70985384968899,6.85887106718172,0
6.70985384968899,6.85887106718172,0
6.70985384968899,6.85887106718172,0
6.710810144093706,6.858976979840293,0
6.70985384968899,6.85887106718172,0
6.70985384968899,6.85887106718172,0
6.70985384968899,6.85887106718172,0
6.70985384968899,6.85887106718172,0
6.709782706371893,6.859908422772385,0
6.710810144093706,6.858976979840293,0
6.70985384968899,6.85887106718172,0
6.709782706371893,6.859908422772385,0
6.709782706371893,6.859908422772385,0
6.709782706371893,6.859908422772385,0
6.709782706371893,6.859908422772385,0
6.709782706371893,6.859908422772385,0
6.709782706371893,6.859908422772385,0
6.709782706371893,6.859908422772385,0
6.7088263558692525,6.859802489203741,0
6.70985384968899,6.85887106718172,0
6.7088263558692525,6.859802489203741,0
6.7088263558692525,6.859802489203741,0
6.708897555284278,6.858765154523148,0
6.70985384968899,6.85887106718172,0
6.70985384968899,6.85887106718172,0
6.70985384968899,6.85887106718172,0
6.70985384968899,6.85887106718172,0
6.70985384968899,6.85887106718172,0
6.70985384968899,6.85887106718172,0
6.710810144093706,6.858976979840293,0
6.710810144093706,6.858976979840293,0
6.710810144093706,6.858976979840293,0
6.710810144093706,6.858976979840293,0
6.711766438498422,6.859082892498865,0
6.710810144093706,6.858976979840293,0
6.710810144093706,6.858976979840293,0
6.710810144093706,6.858976979840293,0
6.71183746961967,6.858045495088046,0
6.710810144093706,6.858976979840293,0
6.711766438498422,6.859082892498865,0
6.711766438498422,6.859082892498865,0
6.71183746961967,6.858045495088046,0
6.710810144093706,6.858976979840293,0
6.710810144093706,6.858976979840293,0
6.710810144093706,6.858976979840293,0
6.710810144093706,6.858976979840293,0
6.711766438498422,6.859082892498865,0
6.711766438498422,6.859082892498865,0
6.713608108382463,6.860332157046983,0
6.662570534150962,6.819166756133683,0
6.662644594560273,6.818130487866949,0
6.662718654969581,6.8170942196002144,0
6.6636729859468495,6.817199400406139,0
6.662718654969581,6.8170942196002144,0
6.662644594560273,6.818130487866949,0
6.662718654969581,6.8170942196002144,0
6.662570534150962,6.819166756133683,0
6.662718654969581,6.8170942196002144,0
6.661764323992312,6.816989038794286,0
6.662644594560273,6.818130487866949,0
6.66169020748508,6.818025286150945,0
6.660735820409883,6.817920084434945,0
6.66169020748508,6.818025286150945,0
6.66169020748508,6.818025286150945,0
6.66169020748508,6.818025286150945,0
6.66169020748508,6.818025286150945,0
6.661764323992312,6.816989038794286,0
6.66169020748508,6.818025286150945,0
6.661764323992312,6.816989038794286,0
6.66169020748508,6.818025286150945,0
6.662718654969581,6.8170942196002144,0
6.662644594560273,6.818130487866949,0
6.662644594560273,6.818130487866949,0
6.66169020748508,6.818025286150945,0
6.662644594560273,6.818130487866949,0
6.662718654969581,6.8170942196002144,0
6.662718654969581,6.8170942196002144,0
6.662718654969581,6.8170942196002144,0
6.662718654969581,6.8170942196002144,0
6.66169020748508,6.818025286150945,0
6.662718654969581,6.8170942196002144,0
6.662718654969581,6.8170942196002144,0
6.661764323992312,6.816989038794286,0
6.662718654969581,6.8170942196002144,0
6.66169020748508,6.818025286150945,0
6.662718654969581,6.8170942196002144,0
6.661764323992312,6.816989038794286,0
6.661764323992312,6.816989038794286,0
6.662718654969581,6.8170942196002144,0
6.66169020748508,6.818025286150945,0
6.661764323992312,6.816989038794286,0
6.661764323992312,6.816989038794286,0
6.661764323992312,6.816989038794286,0
6.66169020748508,6.818025286150945,0
6.661764323992312,6.816989038794286,0
6.66169020748508,6.818025286150945,0
6.661764323992312,6.816989038794286,0
6.661764323992312,6.816989038794286,0
6.661764323992312,6.816989038794286,0
6.66169020748508,6.818025286150945,0
6.661764323992312,6.816989038794286,0
6.662718654969581,6.8170942196002144,0
6.66169020748508,6.818025286150945,0
6.66169020748508,6.818025286150945,0
6.661838440499551,6.815952791437631,0
6.66169020748508,6.818025286150945,0
6.66169020748508,6.818025286150945,0
6.661764323992312,6.816989038794286,0
6.660809993015047,6.8168838579883655,0
6.661764323992312,6.816989038794286,0
6.661764323992312,6.816989038794286,0
6.660809993015047,6.8168838579883655,0
6.66169020748508,6.818025286150945,0
6.661764323992312,6.816989038794286,0
6.660735820409883,6.817920084434945,0
6.660809993015047,6.8168838579883655,0
6.660809993015047,6.8168838579883655,0
6.660809993015047,6.8168838579883655,0
6.660661647804719,6.8189563108815285,0
6.660735820409883,6.817920084434945,0
6.660809993015047,6.8168838579883655,0
6.660735820409883,6.817920084434945,0
6.659707204631598,6.818851088255453,0
6.660735820409883,6.817920084434945,0
6.660735820409883,6.817920084434945,0
6.659855662037778,6.8167786771824375,0
6.660735820409883,6.817920084434945,0
6.660661647804719,6.8189563108815285,0
6.660735820409883,6.817920084434945,0
6.659707204631598,6.818851088255453,0
6.659855662037778,6.8167786771824375,0
6.659707204631598,6.818851088255453,0
6.659707204631598,6.818851088255453,0
6.65978143333469,6.817814882718945,0
6.660735820409883,6.817920084434945,0
6.65978143333469,6.817814882718945,0
6.65978143333469,6.817814882718945,0
6.659707204631598,6.818851088255453,0
6.658827046259496,6.817709681002945,0
6.659707204631598,6.818851088255453,0
6.65978143333469,6.817814882718945,0
6.659855662037778,6.8167786771824375,0
6.659707204631598,6.818851088255453,0
6.6587527614584765,6.818745865629374,0
6.659707204631598,6.818851088255453,0
6.659707204631598,6.818851088255453,0
6.65867847665746,6.819782050255807,0
6.6587527614584765,6.818745865629374,0
6.658827046259496,6.817709681002945,0
6.65963297592851,6.8198872937919575,0
6.65963297592851,6.8198872937919575,0
6.6587527614584765,6.818745865629374,0
6.65867847665746,6.819782050255807,0
6.65867847665746,6.819782050255807,0
6.6587527614584765,6.818745865629374,0
6.659707204631598,6.818851088255453,0
6.658827046259496,6.817709681002945,0
6.6587527614584765,6.818745865629374,0
6.657872659184299,6.8176044792869455,0
6.6587527614584765,6.818745865629374,0
6.657723977386411,6.819676806719656,0
6.6587527614584765,6.818745865629374,0
6.6587527614584765,6.818745865629374,0
6.6587527614584765,6.818745865629374,0
6.6587527614584765,6.818745865629374,0
6.657723977386411,6.819676806719656,0
6.6587527614584765,6.818745865629374,0
6.6587527614584765,6.818745865629374,0
6.6587527614584765,6.818745865629374,0
6.657872659184299,6.8176044792869455,0
6.6587527614584765,6.818745865629374,0
6.6587527614584765,6.818745865629374,0
6.657798318285355,6.818640643003302,0
6.656843875112234,6.8185354203772235,0
6.657798318285355,6.818640643003302,0
6.6587527614584765,6.818745865629374,0
6.657872659184299,6.8176044792869455,0
6.657872659184299,6.8176044792869455,0
6.657798318285355,6.818640643003302,0
6.657798318285355,6.818640643003302,0
6.656843875112234,6.8185354203772235,0
6.6587527614584765,6.818745865629374,0
6.657798318285355,6.818640643003302,0
6.657798318285355,6.818640643003302,0
6.657723977386411,6.819676806719656,0
6.655889431939109,6.818430197751148,0
6.657872659184299,6.8176044792869455,0
6.657798318285355,6.818640643003302,0
6.655889431939109,6.818430197751148,0
6.655963885033909,6.817394075854942,0
6.657798318285355,6.818640643003302,0
6.656843875112234,6.8185354203772235,0
6.655889431939109,6.818430197751148,0
6.656843875112234,6.8185354203772235,0
6.655889431939109,6.818430197751148,0
6.656843875112234,6.8185354203772235,0
6.656769478115361,6.819571563183505,0
6.656843875112234,6.8185354203772235,0
6.6569182721091025,6.817499277570942,0
6.657872659184299,6.8176044792869455,0
6.655889431939109,6.818430197751148,0
6.6569182721091025,6.817499277570942,0
6.657872659184299,6.8176044792869455,0
6.657798318285355,6.818640643003302,0
6.656843875112234,6.8185354203772235,0
6.656843875112234,6.8185354203772235,0
6.6569182721091025,6.817499277570942,0
6.657872659184299,6.8176044792869455,0
6.656843875112234,6.8185354203772235,0
6.655889431939109,6.818430197751148,0
6.656843875112234,6.8185354203772235,0
6.656843875112234,6.8185354203772235,0
6.656843875112234,6.8185354203772235,0
6.655814978844312,6.819466319647347,0
6.655814978844312,6.819466319647347,0
6.655889431939109,6.818430197751148,0
6.655889431939109,6.818430197751148,0
6.655963885033909,6.817394075854942,0
6.655889431939109,6.818430197751148,0
6.655889431939109,6.818430197751148,0
6.654934988765987,6.818324975125069,0
6.655889431939109,6.818430197751148,0
6.655889431939109,6.818430197751148,0
6.654934988765987,6.818324975125069,0
6.65662068412162,6.8216438487960644,0
6.657575295588522,6.821749134152366,0
6.657575295588522,6.821749134152366,0
6.65662068412162,6.8216438487960644,0
6.656546287124748,6.822679991602342,0
6.65662068412162,6.8216438487960644,0
6.655666072654714,6.821538563439759,0
6.655591619559917,6.822574685335965,0
6.655740525749511,6.820502441543553,0
6.653980545592862,6.818219752498997,0
6.653980545592862,6.818219752498997,0
6.653980545592862,6.818219752498997,0
6.653980545592862,6.818219752498997,0
6.654934988765987,6.818324975125069,0
6.654055110883519,6.817183672422942,0
6.656695081118489,6.8206077059897865,0
6.65662068412162,6.8216438487960644,0
6.655666072654714,6.821538563439759,0
6.65662068412162,6.8216438487960644,0
6.655666072654714,6.821538563439759,0
6.655666072654714,6.821538563439759,0
6.656695081118489,6.8206077059897865,0
6.65662068412162,6.8216438487960644,0
6.65662068412162,6.8216438487960644,0
6.656546287124748,6.822679991602342,0
6.7255247229765445,6.812517070347159,0
6.725595137020594,6.811479442925506,0
6.726478436876615,6.812622021142257,0
6.722663581276336,6.812202217961882,0
6.723546768936501,6.813344754358479,0
6.725454308932495,6.8135546977688115,0
6.7255247229765445,6.812517070347159,0
6.726478436876615,6.812622021142257,0
6.724571009076477,6.812412119552068,0
6.724571009076477,6.812412119552068,0
6.726478436876615,6.812622021142257,0
6.726478436876615,6.812622021142257,0
6.725595137020594,6.811479442925506,0
6.726478436876615,6.812622021142257,0
6.726478436876615,6.812622021142257,0
6.724641479218455,6.811374513040491,0
6.725595137020594,6.811479442925506,0
6.727432150776689,6.8127269719373444,0
6.725595137020594,6.811479442925506,0
6.72654879482274,6.811584372810529,0
6.728315618926494,6.813869612884318,0
6.730223158922485,6.814079556294654,0
6.7302932924768974,6.8130418243226245,0
6.730223158922485,6.814079556294654,0
6.730223158922485,6.814079556294654,0
6.7292693889244894,6.813974584589488,0
6.72838586467676,6.812831922732439,0
6.728456110427025,6.81179423258056,0
6.72668951071498,6.809509076147069,0
6.726619152768858,6.810546724478797,0
6.728526356177291,6.810756542428681,0
6.727572754473076,6.8106516334537375,0
6.726478436876615,6.812622021142257,0
6.724641479218455,6.811374513040491,0
6.725595137020594,6.811479442925506,0
6.726619152768858,6.810546724478797,0
6.726619152768858,6.810546724478797,0
6.726619152768858,6.810546724478797,0
6.726478436876615,6.812622021142257,0
6.726478436876615,6.812622021142257,0
6.726478436876615,6.812622021142257,0
6.72654879482274,6.811584372810529,0
6.72654879482274,6.811584372810529,0
6.723546768936501,6.813344754358479,0
6.723546768936501,6.813344754358479,0
6.723546768936501,6.813344754358479,0
6.725454308932495,6.8135546977688115,0
6.726478436876615,6.812622021142257,0
6.7255247229765445,6.812517070347159,0
6.727502452624886,6.811689302695541,0
6.727572754473076,6.8106516334537375,0
6.726478436876615,6.812622021142257,0
6.7255247229765445,6.812517070347159,0
6.723476242696599,6.81438233995998,0
6.723476242696599,6.81438233995998,0
6.723476242696599,6.81438233995998,0
6.722451834262845,6.815314912036161,0
6.722310669587181,6.81739004141901,0
6.721497952068994,6.81520989851084,0
6.721568590504749,6.8141723547294895,0
6.721356675197477,6.817284986073538,0
6.721427313633235,6.8162474422921875,0
6.723617295176407,6.812307168756977,0
6.72654879482274,6.811584372810529,0
6.72654879482274,6.811584372810529,0
6.72654879482274,6.811584372810529,0
6.72654879482274,6.811584372810529,0
6.7255247229765445,6.812517070347159,0
6.724430068792525,6.814487332575222,0
6.721497952068994,6.81520989851084,0
6.721497952068994,6.81520989851084,0
6.721427313633235,6.8162474422921875,0
6.721568590504749,6.8141723547294895,0
6.723546768936501,6.813344754358479,0
6.725595137020594,6.811479442925506,0
6.725454308932495,6.8135546977688115,0
6.724500538934503,6.813449726063645,0
6.724500538934503,6.813449726063645,0
6.724500538934503,6.813449726063645,0
6.724571009076477,6.812412119552068,0
6.724641479218455,6.811374513040491,0
6.72566555106464,6.810441815503857,0
6.72566555106464,6.810441815503857,0
6.7258767931967895,6.807328933238896,0
6.725064300070311,6.805148873971028,0
6.723228239978976,6.80390170043048,0
6.722345613298078,6.802759373134641,0
6.723228239978976,6.80390170043048,0
6.7261584493729885,6.803178423552289,0
6.728064867410442,6.803387948761113,0
6.727182016337835,6.802245537824973,0
6.72697094249947,6.805358482820161,0
6.728666847677829,6.80868116212492,0
6.727502452624886,6.811689302695541,0
6.726478436876615,6.812622021142257,0
6.726478436876615,6.812622021142257,0
6.724359598650551,6.815524939086799,0
6.724359598650551,6.815524939086799,0
6.723476242696599,6.81438233995998,0
6.725383894888449,6.814592325190464,0
6.740221543834316,6.894652160103707,0
6.740221543834316,6.894652160103707,0
6.740221543834316,6.894652160103707,0
6.740221543834316,6.894652160103707,0
6.740221543834316,6.894652160103707,0
6.740221543834316,6.894652160103707,0
6.740290779821901,6.893614093570466,0
6.740290779821901,6.893614093570466,0
6.740290779821901,6.893614093570466,0
6.740290779821901,6.893614093570466,0
6.740221543834316,6.894652160103707,0
6.740221543834316,6.894652160103707,0
6.740221543834316,6.894652160103707,0
6.7411795772747745,6.894758720974625,0
6.740221543834316,6.894652160103707,0
6.740290779821901,6.893614093570466,0
6.741248757164428,6.893720633531309,0
6.7411795772747745,6.894758720974625,0
6.742068486923504,6.895903390198935,0
6.740221543834316,6.894652160103707,0
6.740290779821901,6.893614093570466,0
6.740290779821901,6.893614093570466,0
6.740221543834316,6.894652160103707,0
6.740290779821901,6.893614093570466,0
6.740290779821901,6.893614093570466,0
6.7411795772747745,6.894758720974625,0
6.740221543834316,6.894652160103707,0
6.740221543834316,6.894652160103707,0
6.740221543834316,6.894652160103707,0
6.740221543834316,6.894652160103707,0
6.740221543834316,6.894652160103707,0
6.740221543834316,6.894652160103707,0
6.740221543834316,6.894652160103707,0
6.740221543834316,6.894652160103707,0
6.740221543834316,6.894652160103707,0
6.739263510393865,6.894545599232785,0
6.740221543834316,6.894652160103707,0
6.740221543834316,6.894652160103707,0
6.740221543834316,6.894652160103707,0
6.740290779821901,6.893614093570466,0
6.740221543834316,6.894652160103707,0
6.741110397385121,6.895796808417941,0
6.740221543834316,6.894652160103707,0
6.740221543834316,6.894652160103707,0
6.740290779821901,6.893614093570466,0
6.740290779821901,6.893614093570466,0
6.740221543834316,6.894652160103707,0
6.740221543834316,6.894652160103707,0
6.740221543834316,6.894652160103707,0
6.740290779821901,6.893614093570466,0
6.740221543834316,6.894652160103707,0
6.740221543834316,6.894652160103707,0
6.740290779821901,6.893614093570466,0
6.740290779821901,6.893614093570466,0
6.739263510393865,6.894545599232785,0
6.740221543834316,6.894652160103707,0
6.7401523078467385,6.8956902266369475,0
6.740221543834316,6.894652160103707,0
6.739263510393865,6.894545599232785,0
6.739332802479375,6.89350755360962,0
6.739332802479375,6.89350755360962,0
6.739263510393865,6.894545599232785,0
6.739332802479375,6.89350755360962,0
6.739194218308359,6.89558364485595,0
6.739263510393865,6.894545599232785,0
6.740290779821901,6.893614093570466,0
6.7411795772747745,6.894758720974625,0
6.740221543834316,6.894652160103707,0
6.739263510393865,6.894545599232785,0
6.739263510393865,6.894545599232785,0
6.740290779821901,6.893614093570466,0
6.740290779821901,6.893614093570466,0
6.739263510393865,6.894545599232785,0
6.739263510393865,6.894545599232785,0
6.739332802479375,6.89350755360962,0
6.740290779821901,6.893614093570466,0
6.740290779821901,6.893614093570466,0
6.740221543834316,6.894652160103707,0
6.740290779821901,6.893614093570466,0
6.741110397385121,6.895796808417941,0
6.740221543834316,6.894652160103707,0
6.740290779821901,6.893614093570466,0
6.740290779821901,6.893614093570466,0
6.740221543834316,6.894652160103707,0
6.739263510393865,6.894545599232785,0
6.739263510393865,6.894545599232785,0
6.740221543834316,6.894652160103707,0
6.740221543834316,6.894652160103707,0
6.739263510393865,6.894545599232785,0
6.739263510393865,6.894545599232785,0
6.741110397385121,6.895796808417941,0
6.739263510393865,6.894545599232785,0
6.739194218308359,6.89558364485595,0
6.739263510393865,6.894545599232785,0
6.740221543834316,6.894652160103707,0
6.739194218308359,6.89558364485595,0
6.7401523078467385,6.8956902266369475,0
6.739263510393865,6.894545599232785,0
6.740290779821901,6.893614093570466,0
6.741248757164428,6.893720633531309,0
6.655847312070943,6.872733776153815,0
6.653858250641338,6.873557319970146,0
6.654741382203579,6.8746998354566635,0
6.654815667004595,6.873663650830231,0
6.655773083367851,6.873769981690323,0
6.654889951805615,6.872627466203802,0
6.655921540774031,6.871697570617307,0
6.655921540774031,6.871697570617307,0
6.656878844941431,6.871803859657241,0
6.657836149108835,6.871910148697175,0
6.657836149108835,6.871910148697175,0
6.658867513685546,6.8709801694703785,0
6.659824761755026,6.8710864376002405,0
6.659750757443639,6.872122726777047,0
6.6598987660664015,6.870050148423427,0
6.660855958037949,6.87015639564321,0
6.6618131500095,6.870262642862993,0
6.661887042125031,6.869226311866036,0
6.661887042125031,6.869226311866036,0
6.661887042125031,6.869226311866036,0
6.66284417799865,6.8693325381757475,0
6.6629180140162525,6.868296186268708,0
6.663875093791944,6.86840239166834,0
6.663875093791944,6.86840239166834,0
6.664832173567643,6.868508597067972,0
6.665715585619516,6.86965121710487,0
6.667629857366759,6.869863669724285,0
6.666672721493139,6.869757443414578,0
6.667629857366759,6.869863669724285,0
6.668586993240378,6.8699698960339965,0
6.668586993240378,6.8699698960339965,0
6.668660492670416,6.868933418666508,0
6.668660492670416,6.868933418666508,0
6.667776968422686,6.867790756809455,0
6.665641917895698,6.870687631742136,0
6.661665365778447,6.872335304856918,0
6.658423151229698,6.877197779070784,0
6.65341220524768,6.879774302268281,0
6.650240909624323,6.8835993372511695,0
6.647142945137215,6.8863878321363465,0
6.643010755079125,6.890105239834458,0
6.6397602941350975,6.894964640267201,0
6.637542263628397,6.89889445876458,0
6.63554921924597,6.899716517965537,0
6.632521500509139,6.901467322698835,0
6.6335559504718375,6.900538493526195,0
6.632596963366623,6.900431577183991,0
6.633631357231398,6.899502727101279,0
6.634514937577052,6.9006454098684,0
6.634590288238684,6.899609622533408,0
6.635624513809674,6.898680709720466,0
6.63554921924597,6.899716517965537,0
6.63554921924597,6.899716517965537,0
6.634590288238684,6.899609622533408,0
6.634590288238684,6.899609622533408,0
6.6335559504718375,6.900538493526195,0
6.634514937577052,6.9006454098684,0
6.631637976261409,6.900324660841786,0
6.631637976261409,6.900324660841786,0
6.631713495216822,6.899288936237021,0
6.634590288238684,6.899609622533408,0
6.636658627184815,6.897751755087381,0
6.637617445996245,6.897858608699359,0
6.637617445996245,6.897858608699359,0
6.637692628364093,6.896822758634141,0
6.637617445996245,6.897858608699359,0
6.637617445996245,6.897858608699359,0
6.637542263628397,6.89889445876458,0
6.63554921924597,6.899716517965537,0
6.6365833887190355,6.89878758424252,0
6.636508150253263,6.899823413397666,0
6.636508150253263,6.899823413397666,0
6.635624513809674,6.898680709720466,0
6.635624513809674,6.898680709720466,0
6.6365833887190355,6.89878758424252,0
6.635624513809674,6.898680709720466,0
6.63554921924597,6.899716517965537,0
6.6335559504718375,6.900538493526195,0
6.634665638900312,6.8985738351984125,0
6.633631357231398,6.899502727101279,0
6.633631357231398,6.899502727101279,0
6.632672426224108,6.89939583166915,0
6.634665638900312,6.8985738351984125,0
6.634665638900312,6.8985738351984125,0
6.634740989561948,6.897538047863424,0
6.633706763990954,6.8984669606763624,0
6.634740989561948,6.897538047863424,0
6.636733865650591,6.896715925932231,0
6.636733865650591,6.896715925932231,0
6.637692628364093,6.896822758634141,0
6.636809104116367,6.895680096777088,0
6.636658627184815,6.897751755087381,0
6.636809104116367,6.895680096777088,0
6.637767810731944,6.895786908568915,0
6.636733865650591,6.896715925932231,0
6.636809104116367,6.895680096777088,0
6.636809104116367,6.895680096777088,0
6.636809104116367,6.895680096777088,0
6.636733865650591,6.896715925932231,0
6.634816340223573,6.896502260528429,0
6.640493902430549,6.898179169535293,0
6.640493902430549,6.898179169535293,0
6.640493902430549,6.898179169535293,0
6.640568916504616,6.897143256739845,0
6.640493902430549,6.898179169535293,0
6.640568916504616,6.897143256739845,0
6.640493902430549,6.898179169535293,0
6.640493902430549,6.898179169535293,0
6.640493902430549,6.898179169535293,0
6.639535083619112,6.898072315923315,0
6.640568916504616,6.897143256739845,0
6.638651391077598,6.896929591336043,0
6.639535083619112,6.898072315923315,0
6.640493902430549,6.898179169535293,0
6.638576264807682,6.897965462311337,0
6.637617445996245,6.897858608699359,0
6.636658627184815,6.897751755087381,0
6.635775102937082,6.896609093230332,0
6.634665638900312,6.8985738351984125,0
6.634665638900312,6.8985738351984125,0
6.633782170750514,6.897431194251443,0
6.634740989561948,6.897538047863424,0
6.636658627184815,6.897751755087381,0
6.636733865650591,6.896715925932231,0
6.637692628364093,6.896822758634141,0
6.637692628364093,6.896822758634141,0
6.637692628364093,6.896822758634141,0
6.635775102937082,6.896609093230332,0
6.636658627184815,6.897751755087381,0
6.636733865650591,6.896715925932231,0
6.634740989561948,6.897538047863424,0
6.634740989561948,6.897538047863424,0
6.634740989561948,6.897538047863424,0
6.634590288238684,6.899609622533408,0
6.634740989561948,6.897538047863424,0
6.634665638900312,6.8985738351984125,0
6.634740989561948,6.897538047863424,0
6.634816340223573,6.896502260528429,0
6.634740989561948,6.897538047863424,0
6.634740989561948,6.897538047863424,0
6.634740989561948,6.897538047863424,0
6.634740989561948,6.897538047863424,0
6.634665638900312,6.8985738351984125,0
6.634740989561948,6.897538047863424,0
6.635699808373378,6.897644901475402,0
6.637692628364093,6.896822758634141,0
6.637692628364093,6.896822758634141,0
6.637617445996245,6.897858608699359,0
6.636658627184815,6.897751755087381,0
6.635699808373378,6.897644901475402,0
6.635699808373378,6.897644901475402,0
6.636658627184815,6.897751755087381,0
6.634665638900312,6.8985738351984125,0
6.634590288238684,6.899609622533408,0
6.63554921924597,6.899716517965537,0
6.635699808373378,6.897644901475402,0
6.634665638900312,6.8985738351984125,0
6.633706763990954,6.8984669606763624,0
6.634665638900312,6.8985738351984125,0
6.634665638900312,6.8985738351984125,0
6.635699808373378,6.897644901475402,0
6.634740989561948,6.897538047863424,0
6.635775102937082,6.896609093230332,0
6.635775102937082,6.896609093230332,0
6.636658627184815,6.897751755087381,0
6.635699808373378,6.897644901475402,0
6.634740989561948,6.897538047863424,0
6.633782170750514,6.897431194251443,0
6.633782170750514,6.897431194251443,0
6.634740989561948,6.897538047863424,0
6.634740989561948,6.897538047863424,0
6.634740989561948,6.897538047863424,0
6.633782170750514,6.897431194251443,0
6.634740989561948,6.897538047863424,0
6.634740989561948,6.897538047863424,0
6.633782170750514,6.897431194251443,0
6.633782170750514,6.897431194251443,0
6.633782170750514,6.897431194251443,0
6.634740989561948,6.897538047863424,0
6.634740989561948,6.897538047863424,0
6.633706763990954,6.8984669606763624,0
6.6327478890815925,6.898360086154309,0
6.631864533127647,6.897217487027486,0
6.632823351939077,6.897324340639464,0
6.635624513809674,6.898680709720466,0
6.636658627184815,6.897751755087381,0
6.636658627184815,6.897751755087381,0
6.635624513809674,6.898680709720466,0
6.634740989561948,6.897538047863424,0
6.633782170750514,6.897431194251443,0
6.632823351939077,6.897324340639464,0
6.633782170750514,6.897431194251443,0
6.631864533127647,6.897217487027486,0
6.633706763990954,6.8984669606763624,0
6.633631357231398,6.899502727101279,0
6.6327478890815925,6.898360086154309,0
6.6327478890815925,6.898360086154309,0
6.632823351939077,6.897324340639464,0
6.634740989561948,6.897538047863424,0
6.633782170750514,6.897431194251443,0
6.636733865650591,6.896715925932231,0
6.636733865650591,6.896715925932231,0
6.636733865650591,6.896715925932231,0
6.635775102937082,6.896609093230332,0
6.636733865650591,6.896715925932231,0
6.635775102937082,6.896609093230332,0
6.635775102937082,6.896609093230332,0
6.635775102937082,6.896609093230332,0
6.636733865650591,6.896715925932231,0
6.635775102937082,6.896609093230332,0
6.635775102937082,6.896609093230332,0
6.633782170750514,6.897431194251443,0
6.633782170750514,6.897431194251443,0
6.634816340223573,6.896502260528429,0
6.636809104116367,6.895680096777088,0
6.635775102937082,6.896609093230332,0
6.635775102937082,6.896609093230332,0
6.636809104116367,6.895680096777088,0
6.637767810731944,6.895786908568915,0
6.636809104116367,6.895680096777088,0
6.636733865650591,6.896715925932231,0
6.636809104116367,6.895680096777088,0
6.635775102937082,6.896609093230332,0
6.635775102937082,6.896609093230332,0
6.635775102937082,6.896609093230332,0
6.635775102937082,6.896609093230332,0
6.636658627184815,6.897751755087381,0
6.635775102937082,6.896609093230332,0
6.635775102937082,6.896609093230332,0
6.635775102937082,6.896609093230332,0
6.636733865650591,6.896715925932231,0
6.636733865650591,6.896715925932231,0
6.636733865650591,6.896715925932231,0
6.637767810731944,6.895786908568915,0
6.636733865650591,6.896715925932231,0
6.636658627184815,6.897751755087381,0
6.636733865650591,6.896715925932231,0
6.636733865650591,6.896715925932231,0
6.636733865650591,6.896715925932231,0
6.636733865650591,6.896715925932231,0
6.636733865650591,6.896715925932231,0
6.636733865650591,6.896715925932231,0
6.636733865650591,6.896715925932231,0
6.639460013447117,6.899108207808688,0
6.6404188883564785,6.899215082330741,0
6.6404188883564785,6.899215082330741,0
6.6404188883564785,6.899215082330741,0
6.6404188883564785,6.899215082330741,0
6.639460013447117,6.899108207808688,0
6.639460013447117,6.899108207808688,0
6.640493902430549,6.898179169535293,0
6.6404188883564785,6.899215082330741,0
6.639460013447117,6.899108207808688,0
6.6404188883564785,6.899215082330741,0
6.6404188883564785,6.899215082330741,0
6.639535083619112,6.898072315923315,0
6.639460013447117,6.899108207808688,0
6.639460013447117,6.899108207808688,0
6.641452721241979,6.898286023147271,0
6.6404188883564785,6.899215082330741,0
6.639535083619112,6.898072315923315,0
6.6404188883564785,6.899215082330741,0
6.639460013447117,6.899108207808688,0
6.637467081260546,6.8999303088297985,0
6.637542263628397,6.89889445876458,0
6.638501138537755,6.899001333286634,0
6.639460013447117,6.899108207808688,0
6.639460013447117,6.899108207808688,0
6.639460013447117,6.899108207808688,0
6.639460013447117,6.899108207808688,0
6.639460013447117,6.899108207808688,0
6.639460013447117,6.899108207808688,0
6.637467081260546,6.8999303088297985,0
6.636733865650591,6.896715925932231,0
6.635699808373378,6.897644901475402,0
6.636733865650591,6.896715925932231,0
6.636733865650591,6.896715925932231,0
6.636733865650591,6.896715925932231,0
6.636658627184815,6.897751755087381,0
6.636658627184815,6.897751755087381,0
6.636733865650591,6.896715925932231,0
6.636733865650591,6.896715925932231,0
6.636733865650591,6.896715925932231,0
6.636733865650591,6.896715925932231,0
6.636733865650591,6.896715925932231,0
6.636733865650591,6.896715925932231,0
6.636733865650591,6.896715925932231,0
6.636733865650591,6.896715925932231,0
6.636733865650591,6.896715925932231,0
6.636733865650591,6.896715925932231,0
6.636733865650591,6.896715925932231,0
6.636733865650591,6.896715925932231,0
6.636809104116367,6.895680096777088,0
6.636733865650591,6.896715925932231,0
6.636733865650591,6.896715925932231,0
6.635775102937082,6.896609093230332,0
6.635775102937082,6.896609093230332,0
6.636733865650591,6.896715925932231,0
6.635699808373378,6.897644901475402,0
6.637467081260546,6.8999303088297985,0
6.6948587733021405,7.006668402650384,0
6.6948587733021405,7.006668402650384,0
6.6958230897104265,7.0067773054497735,0
6.695894457419236,7.005740033499407,0
6.695894457419236,7.005740033499407,0
6.69664478289695,7.008960793970051,0
6.698573640105227,7.009178683209143,0
6.698573640105227,7.009178683209143,0
6.697680467014045,7.008032424819085,0
6.696858717729594,7.005848915388725,0
6.696858717729594,7.005848915388725,0
6.696858717729594,7.005848915388725,0
6.6979654890658615,7.003883169737016,0
6.69700134095136,7.003774329667845,0
6.6960371928368545,7.003665489598678,0
6.696858717729594,7.005848915388725,0
6.6967874061187125,7.0068862082491705,0
6.6977517225269985,7.006995111048564,0
6.699538068709369,7.009287627828691,0
6.699538068709369,7.009287627828691,0
6.69664478289695,7.008960793970051,0
6.696573471286069,7.0099980868304925,0
6.696573471286069,7.0099980868304925,0
6.696573471286069,7.0099980868304925,0
6.698502440690202,7.010216017889736,0
6.697537955988135,7.010107052360116,0
6.696716094507831,7.007923501109612,0
6.696858717729594,7.005848915388725,0
6.6960371928368545,7.003665489598678,0
6.693001676488159,7.005413387831453,0
6.691965824077283,7.0063416942522,0
6.689072874852425,7.006014985854019,0
6.687893108967465,7.009017397063907,0
6.686784879085092,7.010982599053655,0
6.686641133904789,7.013056766573023,0
6.687605842998565,7.013165815742948,0
6.688498791698038,7.014311990492708,0
6.687534026506334,7.0142029204127105,0
6.68857055209234,7.013274864912869,0
6.68485568528925,7.01076458435411,0
6.68685675167524,7.009945515293968,0
6.68685675167524,7.009945515293968,0
6.688498791698038,7.014311990492708,0
6.687534026506334,7.0142029204127105,0
6.689320148296993,7.016495353552532,0
6.690141729287667,7.018678800252662,0
6.68903333111151,7.02064393951218,0
6.688139989726544,7.019497618391888,0
6.6882835105151415,7.017423367232219,0
6.686569261314631,7.01409385033271,0
6.686569261314631,7.01409385033271,0
6.68685675167524,7.009945515293968,0
6.68485568528925,7.01076458435411,0
6.685964139563328,7.008799466004664,0
6.684927670075254,7.0097275424145735,0
6.68485568528925,7.01076458435411,0
6.68567642481101,7.012947717403101,0
6.685748353499086,7.011910654553489,0
6.684783700503239,7.011801626293643,0
6.684783700503239,7.011801626293643,0
6.685604496122927,7.013984780252709,0
6.686569261314631,7.01409385033271,0
6.686569261314631,7.01409385033271,0
6.686569261314631,7.01409385033271,0
6.686569261314631,7.01409385033271,0
6.68485568528925,7.01076458435411,0
6.683963129275263,7.009618555974875,0
6.684783700503239,7.011801626293643,0
6.686641133904789,7.013056766573023,0
6.685748353499086,7.011910654553489,0
6.683963129275263,7.009618555974875,0
6.683891088391327,7.010655577004336,0
6.684999654861265,7.008690500475041,0
6.684783700503239,7.011801626293643,0
6.683891088391327,7.010655577004336,0
6.684999654861265,7.008690500475041,0
6.684035170159195,7.008581534945417,0
6.683963129275263,7.009618555974875,0
6.683891088391327,7.010655577004336,0
6.68485568528925,7.01076458435411,0
6.68485568528925,7.01076458435411,0
6.683963129275263,7.009618555974875,0
6.684107211043127,7.00754451391596,0
6.683963129275263,7.009618555974875,0
6.684999654861265,7.008690500475041,0
6.685820282187169,7.010873591703881,0
6.686713006494937,7.012019682813339,0
6.685820282187169,7.010873591703881,0
6.685071639647269,7.007653458535508,0
6.684999654861265,7.008690500475041,0
6.68485568528925,7.01076458435411,0
6.684927670075254,7.0097275424145735,0
6.685071639647269,7.007653458535508,0
6.684927670075254,7.0097275424145735,0
6.684999654861265,7.008690500475041,0
6.684999654861265,7.008690500475041,0
6.686036068251404,7.007762403155056,0
6.685215609219281,7.005579374656442,0
6.687072369445701,7.006834264014913,0
6.687072369445701,7.006834264014913,0
6.684999654861265,7.008690500475041,0
6.684999654861265,7.008690500475041,0
6.685964139563328,7.008799466004664,0
6.686036068251404,7.007762403155056,0
6.687000496855546,7.007871347774596,0
6.6879649254596885,7.007980292394144,0
6.687893108967465,7.009017397063907,0
6.6869286242653985,7.008908431534284,0
6.686036068251404,7.007762403155056,0
6.686036068251404,7.007762403155056,0
6.685892210875245,7.009836528854269,0
6.685892210875245,7.009836528854269,0
6.685964139563328,7.008799466004664,0
6.685964139563328,7.008799466004664,0
6.685820282187169,7.010873591703881,0
6.687605842998565,7.013165815742948,0
6.689535261186112,7.0133839140827945,0
6.689535261186112,7.0133839140827945,0
6.686784879085092,7.010982599053655,0
6.685820282187169,7.010873591703881,0
6.686784879085092,7.010982599053655,0
6.685071639647269,7.007653458535508,0
6.686036068251404,7.007762403155056,0
6.684999654861265,7.008690500475041,0
6.686036068251404,7.007762403155056,0
6.687072369445701,7.006834264014913,0
6.686036068251404,7.007762403155056,0
6.68685675167524,7.009945515293968,0
6.687821292475238,7.010054501733666,0
6.686107996939487,7.006725340305444,0
6.686107996939487,7.006725340305444,0
6.685071639647269,7.007653458535508,0
6.684999654861265,7.008690500475041,0
6.686036068251404,7.007762403155056,0
6.685964139563328,7.008799466004664,0
6.687749475983015,7.011091606403426,0
6.686784879085092,7.010982599053655,0
6.687000496855546,7.007871347774596,0
6.687000496855546,7.007871347774596,0
6.687749475983015,7.011091606403426,0
6.687749475983015,7.011091606403426,0
6.687821292475238,7.010054501733666,0
6.687000496855546,7.007871347774596,0
6.6869286242653985,7.008908431534284,0
6.68685675167524,7.009945515293968,0
6.687821292475238,7.010054501733666,0
6.6879649254596885,7.007980292394144,0
6.688036741951915,7.006943187724385,0
6.689072874852425,7.006014985854019,0
6.688036741951915,7.006943187724385,0
6.688036741951915,7.006943187724385,0
6.688036741951915,7.006943187724385,0
6.687072369445701,7.006834264014913,0
6.687000496855546,7.007871347774596,0
6.687893108967465,7.009017397063907,0
6.687000496855546,7.007871347774596,0
6.688036741951915,7.006943187724385,0
6.687893108967465,7.009017397063907,0
6.6879649254596885,7.007980292394144,0
6.687893108967465,7.009017397063907,0
6.689822078371595,7.009235328123147,0
6.688036741951915,7.006943187724385,0
6.687000496855546,7.007871347774596,0
6.6879649254596885,7.007980292394144,0
6.6879649254596885,7.007980292394144,0
6.689001114458126,7.007052111433854,0
6.69182263987625,7.008416070872325,0
6.691751047775732,7.00945325918239,0
6.689822078371595,7.009235328123147,0
6.688929354063831,7.008089237013689,0
6.689001114458126,7.007052111433854,0
6.688929354063831,7.008089237013689,0
6.689822078371595,7.009235328123147,0
6.688929354063831,7.008089237013689,0
6.689001114458126,7.007052111433854,0
6.688929354063831,7.008089237013689,0
6.689893782667966,7.008198181633233,0
6.690786563073665,7.00934429365277,0
6.691607863574699,7.011527635802516,0
6.692429388467438,7.013711061592566,0
6.691393087273145,7.014639200732706,0
6.691393087273145,7.014639200732706,0
6.691393087273145,7.014639200732706,0
6.691321495172627,7.0156763890427705,0
6.691393087273145,7.014639200732706,0
6.691393087273145,7.014639200732706,0
6.691393087273145,7.014639200732706,0
6.691464679373663,7.013602012422645,0
6.690714914875219,7.010381461052759,0
6.690714914875219,7.010381461052759,0
6.690714914875219,7.010381461052759,0
6.690714914875219,7.010381461052759,0
6.688929354063831,7.008089237013689,0
6.689001114458126,7.007052111433854,0
6.689893782667966,7.008198181633233,0
6.693680017179869,7.009671190241633,0
6.695751722001617,7.0078145774001435,0
6.698573640105227,7.009178683209143,0
6.697680467014045,7.008032424819085,0
6.697822978039955,7.005957797278047,0
6.569405756197817,7.032152374633178,0
6.570293712181783,7.033296688386205,0
6.570293712181783,7.033296688386205,0
6.569327207954341,7.033186970093855,0
6.569405756197817,7.032152374633178,0
6.569405756197817,7.032152374633178,0
6.567472859938789,7.031932979868635,0
6.568439308068303,7.032042677250907,0
6.568439308068303,7.032042677250907,0
6.567551520378117,7.030898426228109,0
6.568360703726899,7.033077251801512,0
6.568439308068303,7.032042677250907,0
6.569405756197817,7.032152374633178,0
6.568439308068303,7.032042677250907,0
6.568439308068303,7.032042677250907,0
6.566585128346528,7.030788749755914,0
6.564652344283353,7.030569396811526,0
6.566585128346528,7.030788749755914,0
6.566585128346528,7.030788749755914,0
6.566585128346528,7.030788749755914,0
6.567551520378117,7.030898426228109,0
6.569405756197817,7.032152374633178,0
6.569405756197817,7.032152374633178,0
6.570372204327331,7.032262072015445,0
6.569405756197817,7.032152374633178,0
6.567315539060136,7.034002087149695,0
6.566191545660256,7.035961413408181,0
6.566191545660256,7.035961413408181,0
6.566191545660256,7.035961413408181,0
6.566112829123,7.036995946138635,0
6.565224873139034,7.035851632385608,0
6.565224873139034,7.035851632385608,0
6.565303645774215,7.034817120565229,0
6.564179371884695,7.036776342273342,0
6.565224873139034,7.035851632385608,0
6.565303645774215,7.034817120565229,0
6.567394199499461,7.032967533509169,0
6.569484304441289,7.031117779172494,0
6.5713386524568485,7.032371769397717,0
6.570450696472879,7.031227455644693,0
6.570450696472879,7.031227455644693,0
6.570529188618426,7.0301928392739335,0
6.570529188618426,7.0301928392739335,0
6.570529188618426,7.0301928392739335,0
6.571495524552084,7.030302494836054,0
6.57060768076397,7.0291582229031775,0
6.570686172909518,7.028123606532425,0
6.57060768076397,7.0291582229031775,0
6.571573960599704,7.029267857555222,0
6.571652396647323,7.028233220274387,0
6.57060768076397,7.0291582229031775,0
6.571652396647323,7.028233220274387,0
6.570686172909518,7.028123606532425,0
6.571652396647323,7.028233220274387,0
6.571652396647323,7.028233220274387,0
6.571652396647323,7.028233220274387,0
6.571652396647323,7.028233220274387,0
6.572540240435437,7.02937749220726,0
6.571573960599704,7.029267857555222,0
6.572618620385132,7.028342834016357,0
6.572618620385132,7.028342834016357,0
6.5744728001069035,7.02959676151135,0
6.57269700033482,7.027308175825446,0
6.57269700033482,7.027308175825446,0
6.573663167974701,7.02741776865734,0
6.574629335614581,7.027527361489231,0
6.574707603368417,7.026492661478173,0
6.573819815678235,7.025348410455372,0
6.573819815678235,7.025348410455372,0
6.57285376023421,7.025238859443633,0
6.574707603368417,7.026492661478173,0
6.574707603368417,7.026492661478173,0
6.574707603368417,7.026492661478173,0
6.57285376023421,7.025238859443633,0
6.573741491826468,7.026383089556358,0
6.573741491826468,7.026383089556358,0
6.574785871122259,7.025457961467115,0
6.574785871122259,7.025457961467115,0
6.574785871122259,7.025457961467115,0
6.573819815678235,7.025348410455372,0
6.573898139529998,7.024313731354393,0
6.574785871122259,7.025457961467115,0
6.574864138876094,7.024423261456057,0
6.574864138876094,7.024423261456057,0
6.574942406629937,7.023388561444996,0
6.574942406629937,7.023388561444996,0
6.574942406629937,7.023388561444996,0
6.574864138876094,7.024423261456057,0
6.574942406629937,7.023388561444996,0
6.574054787233528,7.022244373152425,0
6.572123012933041,7.022025396589399,0
6.573088900083285,7.022134884870908,0
6.574864138876094,7.024423261456057,0
6.574864138876094,7.024423261456057,0
6.574864138876094,7.024423261456057,0
6.573898139529998,7.024313731354393,0
6.573898139529998,7.024313731354393,0
6.573898139529998,7.024313731354393,0
6.573898139529998,7.024313731354393,0
6.574864138876094,7.024423261456057,0
6.572044576885425,7.02306003387023,0
6.572044576885425,7.02306003387023,0
6.572123012933041,7.022025396589399,0
6.573010520133593,7.023169543061819,0
6.573088900083285,7.022134884870908,0
6.573976463381765,7.023279052253407,0
6.574942406629937,7.023388561444996,0
6.574942406629937,7.023388561444996,0
6.573976463381765,7.023279052253407,0
6.573976463381765,7.023279052253407,0
6.574864138876094,7.024423261456057,0
6.573898139529998,7.024313731354393,0
6.573898139529998,7.024313731354393,0
6.573898139529998,7.024313731354393,0
6.573819815678235,7.025348410455372,0
6.573819815678235,7.025348410455372,0
6.573898139529998,7.024313731354393,0
6.571966140837802,7.024094671151062,0
6.573819815678235,7.025348410455372,0
6.57285376023421,7.025238859443633,0
6.571966140837802,7.024094671151062,0
6.57285376023421,7.025238859443633,0
6.573819815678235,7.025348410455372,0
6.573819815678235,7.025348410455372,0
6.57285376023421,7.025238859443633,0
6.57285376023421,7.025238859443633,0
6.572932140183902,7.024204201252722,0
6.572932140183902,7.024204201252722,0
6.572932140183902,7.024204201252722,0
6.572044576885425,7.02306003387023,0
6.572932140183902,7.024204201252722,0
6.57285376023421,7.025238859443633,0
6.574785871122259,7.025457961467115,0
6.574707603368417,7.026492661478173,0
6.575673714910373,7.026602233399988,0
6.574785871122259,7.025457961467115,0
6.573898139529998,7.024313731354393,0
6.573819815678235,7.025348410455372,0
6.574785871122259,7.025457961467115,0
6.572932140183902,7.024204201252722,0
6.572932140183902,7.024204201252722,0
6.572932140183902,7.024204201252722,0
6.572932140183902,7.024204201252722,0
6.572932140183902,7.024204201252722,0
6.572044576885425,7.02306003387023,0
6.573898139529998,7.024313731354393,0
6.573819815678235,7.025348410455372,0
6.574785871122259,7.025457961467115,0
6.571573960599704,7.029267857555222,0
6.570372204327331,7.032262072015445,0
6.566427695272019,7.032857815216818,0
6.562482737433289,7.033453391137588,0
6.5595830564571855,7.033124173530325,0
6.556683375481079,7.032794955923066,0
6.556604097964549,7.033829279552762,0
6.5556374815412575,7.033719519440265,0
6.554750254830342,7.032575477518222,0
6.554829644542721,7.03154119570868,0
6.554829644542721,7.03154119570868,0
6.55498842396748,7.029472632089586,0
6.555067813679859,7.028438350280041,0
6.556034149613524,7.028548005842161,0
6.555875482384618,7.030616611281403,0
6.5556374815412575,7.033719519440265,0
6.556445542931499,7.035897926812154,0
6.556445542931499,7.035897926812154,0
6.558458165490475,7.035083165227604,0
6.559424838011697,7.035192946250174,0
6.5603915105329165,7.03530272727275,0
6.560470563657731,7.034268320002749,0
6.558537330811145,7.034048799777754,0
6.557491492969248,7.034973384205031,0
6.558458165490475,7.035083165227604,0
6.5565248204480255,7.034863603182458,0
6.554432695980822,7.036712604756403,0
6.556366265414972,7.036932250441851,0
6.557333050132048,7.037042073284574,0
6.555478814312352,7.0357881248795096,0
6.555478814312352,7.0357881248795096,0
6.556445542931499,7.035897926812154,0
6.556366265414972,7.036932250441851,0
6.556286987898446,7.037966574071547,0
6.556207710381923,7.039000897701246,0
6.557253828713453,7.03807641782435,0
6.557253828713453,7.03807641782435,0
6.558141504207786,7.039220627026996,0
6.558141504207786,7.039220627026996,0
6.560233404283277,7.03737154181275,0
6.56120018900036,7.03748136465547,0
6.56112119197347,7.038515792835547,0
6.561851210001581,7.041728983858796,0
6.561851210001581,7.041728983858796,0
6.56289710394141,7.040804420341598,0
6.563864056952262,7.040914305914548,0
6.564831009963122,7.041024191487498,0
6.568541725519609,7.04353292470066,0
6.57039741988541,7.044787416767697,0
6.57418769344806,7.04626193090154,0
6.5760439487931315,7.047516632069335,0
6.577167269017885,7.04555705488994,0
6.549652512369015,7.086247305088229,0
6.549573066558715,7.087281565987695,0
6.549573066558715,7.087281565987695,0
6.550463210361837,7.088426695233672,0
6.550621989786595,7.086358131614581,0
6.552481667105223,7.0876141082969895,0
6.548762536859677,7.085102238572475,0
6.549652512369015,7.086247305088229,0
6.550463210361837,7.088426695233672,0
6.549573066558715,7.087281565987695,0
6.549652512369015,7.086247305088229,0
6.549493620748404,7.088315826887168,0
6.549493620748404,7.088315826887168,0
6.550383820649458,7.089460977043217,0
6.55119479913191,7.091640471739044,0
6.55200600200607,7.09382005007517,0
6.551115465517455,7.092674774458661,0
6.551115465517455,7.092674774458661,0
6.551115465517455,7.092674774458661,0
6.550383820649458,7.089460977043217,0
6.551432799975267,7.088537563580179,0
6.550383820649458,7.089460977043217,0
6.551432799975267,7.088537563580179,0
6.551432799975267,7.088537563580179,0
6.550304430937079,7.090495258852762,0
6.550621989786595,7.086358131614581,0
6.550621989786595,7.086358131614581,0
6.551512133589721,7.087503260860558,0
6.55054260007422,7.087392413424126,0
6.550621989786595,7.086358131614581,0
6.550621989786595,7.086358131614581,0
6.551432799975267,7.088537563580179,0
6.55054260007422,7.087392413424126,0
6.549573066558715,7.087281565987695,0
6.549493620748404,7.088315826887168,0
6.547315767503065,7.091196747432104,0
6.550383820649458,7.089460977043217,0
6.550463210361837,7.088426695233672,0
6.550463210361837,7.088426695233672,0
6.549652512369015,7.086247305088229,0
6.549573066558715,7.087281565987695,0
6.549573066558715,7.087281565987695,0
6.551512133589721,7.087503260860558,0
6.55054260007422,7.087392413424126,0
6.551432799975267,7.088537563580179,0
6.55054260007422,7.087392413424126,0
6.55054260007422,7.087392413424126,0
6.55054260007422,7.087392413424126,0
6.5513534663608155,7.089571866299799,0
6.548524031134974,7.088204958540658,0
6.549493620748404,7.088315826887168,0
6.547236209496905,7.092230966511426,0
6.548126521593808,7.093376158487629,0
6.548047019685573,7.09441039847702,0
6.550956798288553,7.094743379897903,0
6.551036131903004,7.093709077178286,0
6.551036131903004,7.093709077178286,0
6.551115465517455,7.092674774458661,0
6.552243834555643,7.090717079186078,0
6.550463210361837,7.088426695233672,0
6.5486035330432095,7.087170718551263,0
6.549573066558715,7.087281565987695,0
6.549652512369015,7.086247305088229,0
6.55054260007422,7.087392413424126,0
6.55054260007422,7.087392413424126,0
6.551432799975267,7.088537563580179,0
6.551432799975267,7.088537563580179,0
6.549652512369015,7.086247305088229,0
6.5486035330432095,7.087170718551263,0
6.549493620748404,7.088315826887168,0
6.549493620748404,7.088315826887168,0
6.549493620748404,7.088315826887168,0
6.550383820649458,7.089460977043217,0
6.550383820649458,7.089460977043217,0
6.549493620748404,7.088315826887168,0
6.549573066558715,7.087281565987695,0
6.549573066558715,7.087281565987695,0
6.550383820649458,7.089460977043217,0
6.550463210361837,7.088426695233672,0
6.550463210361837,7.088426695233672,0
6.549493620748404,7.088315826887168,0
6.548365027318507,7.090273438519446,0
6.547156651490745,7.093265185590742,0
6.547315767503065,7.091196747432104,0
6.546505237804027,7.089017420016887,0
6.548524031134974,7.088204958540658,0
6.5486035330432095,7.087170718551263,0
6.5486035330432095,7.087170718551263,0
6.5476339995277115,7.087059871114832,0
6.550463210361837,7.088426695233672,0
6.5486035330432095,7.087170718551263,0
6.5486035330432095,7.087170718551263,0
6.547793115540028,7.084991432956198,0
6.5476339995277115,7.087059871114832,0
6.5486035330432095,7.087170718551263,0
6.5486035330432095,7.087170718551263,0
6.5476339995277115,7.087059871114832,0
6.550463210361837,7.088426695233672,0
6.5486035330432095,7.087170718551263,0
6.5494141749381,7.0893500877866344,0
6.605164336989855,7.0362111777771545,0
6.605164336989855,7.0362111777771545,0
6.605164336989855,7.0362111777771545,0
6.604197888860341,7.036101480394883,0
6.604121360142241,7.037136828618287,0
6.604121360142241,7.037136828618287,0
6.606054368597128,7.037356265202977,0
6.605087864369683,7.037246546910634,0
6.605087864369683,7.037246546910634,0
6.605164336989855,7.0362111777771545,0
6.606054368597128,7.037356265202977,0
6.605825119030392,7.0404624353336445,0
6.603968302706043,7.039207525065095,0
6.605164336989855,7.0362111777771545,0
6.605164336989855,7.0362111777771545,0
6.604197888860341,7.036101480394883,0
6.604121360142241,7.037136828618287,0
6.605087864369683,7.037246546910634,0
6.605087864369683,7.037246546910634,0
6.605087864369683,7.037246546910634,0
6.605087864369683,7.037246546910634,0
6.60501139174951,7.038281916044113,0
6.604934919129338,7.039317285177592,0
6.6059779520748805,7.038391655246535,0
6.607987377052005,7.037575701787667,0
6.610148961898506,7.034688717320783,0
6.610072769767964,7.03572419100464,0
6.610072769767964,7.03572419100464,0
6.607987377052005,7.037575701787667,0
6.6068681519759345,7.039536805402587,0
6.605901535552636,7.03942704529009,0
6.604934919129338,7.039317285177592,0
6.60501139174951,7.038281916044113,0
6.60501139174951,7.038281916044113,0
6.60501139174951,7.038281916044113,0
6.60501139174951,7.038281916044113,0
6.605087864369683,7.037246546910634,0
6.606207201641617,7.0352854851158675,0
6.604197888860341,7.036101480394883,0
6.60404483142414,7.038172176841691,0
6.604121360142241,7.037136828618287,0
6.603154855914799,7.0370271103259405,0
6.603154855914799,7.0370271103259405,0
6.604197888860341,7.036101480394883,0
6.604197888860341,7.036101480394883,0
6.604197888860341,7.036101480394883,0
6.603231440730827,7.035991783012612,0
6.604197888860341,7.036101480394883,0
6.605240809610027,7.035175808643672,0
6.606207201641617,7.0352854851158675,0
6.605240809610027,7.035175808643672,0
6.604197888860341,7.036101480394883,0
6.605164336989855,7.0362111777771545,0
6.605164336989855,7.0362111777771545,0
6.603154855914799,7.0370271103259405,0
6.603154855914799,7.0370271103259405,0
6.604197888860341,7.036101480394883,0
6.6061307851193725,7.036320875159422,0
6.605164336989855,7.0362111777771545,0
6.60404483142414,7.038172176841691,0
6.603078271098774,7.038062437639269,0
6.603154855914799,7.0370271103259405,0
6.6021883516873565,7.0369173920335975,0
6.603154855914799,7.0370271103259405,0
6.6021883516873565,7.0369173920335975,0
6.602264992601313,7.035882085630345,0
6.602264992601313,7.035882085630345,0
6.602341633515266,7.034846779227092,0
6.602264992601313,7.035882085630345,0
6.602341633515266,7.034846779227092,0
6.602341633515266,7.034846779227092,0
6.602264992601313,7.035882085630345,0
6.601375241483677,7.034737102754896,0
6.601375241483677,7.034737102754896,0
6.601375241483677,7.034737102754896,0
6.601375241483677,7.034737102754896,0
6.602418274429219,7.033811472823839,0
6.602494915343172,7.032776166420586,0
6.60353777999493,7.031850473759295,0
6.602494915343172,7.032776166420586,0
6.603461195178905,7.032885801072624,0
6.602418274429219,7.033811472823839,0
6.60338461036288,7.0339211283859555,0
6.602341633515266,7.034846779227092,0
6.60338461036288,7.0339211283859555,0
6.602264992601313,7.035882085630345,0
6.602264992601313,7.035882085630345,0
6.6021883516873565,7.0369173920335975,0
6.599365648212768,7.035552993483535,0
6.6021883516873565,7.0369173920335975,0
6.603308025546852,7.034956455699284,0
6.603231440730827,7.035991783012612,0
6.603231440730827,7.035991783012612,0
6.603154855914799,7.0370271103259405,0
6.6021883516873565,7.0369173920335975,0
6.6021883516873565,7.0369173920335975,0
6.6021883516873565,7.0369173920335975,0
6.6021883516873565,7.0369173920335975,0
6.6021883516873565,7.0369173920335975,0
6.602264992601313,7.035882085630345,0
6.59715690583025,7.091677804879655,0
6.59715690583025,7.091677804879655,0
6.598126383247827,7.091788631406015,0
6.59715690583025,7.091677804879655,0
6.59715690583025,7.091677804879655,0
6.597080208818369,7.092713090372833,0
6.598126383247827,7.091788631406015,0
6.59715690583025,7.091677804879655,0
6.5980497423338775,7.092823937809264,0
6.597080208818369,7.092713090372833,0
6.595371569410567,7.0893856644808935,0
6.596494440851906,7.087425920020895,0
6.596494440851906,7.087425920020895,0
6.5965711939617115,7.086390655437796,0
6.597463693877778,7.087536662906949,0
6.597693784913414,7.084430806427417,0
6.594786530717151,7.084098765959936,0
6.59307929375753,7.080771862819887,0
6.590326836033206,7.078369774117949,0
6.5904811276238,7.076299537692805,0
6.588775517504061,7.07297324094495,0
6.5869158401854335,7.071717264262542,0
6.5860247988154725,7.070571800455351,0
6.5871479507464485,7.068612160545733,0
6.590207252616221,7.0668731281850405,0
6.589470839424422,7.063657553413162,0
6.588734762820181,7.060442104101739,0
6.587031340519594,7.057116622846831,0
6.587031340519594,7.057116622846831,0
6.587031340519594,7.057116622846831,0
6.587031340519594,7.057116622846831,0
6.5881537631775196,7.055156711106228,0
6.590320677327085,7.0522717130965304,0
6.59256406409682,7.048351345953353,0
6.594806553299726,7.044430644248969,0
6.596081416316647,7.040399806050722,0
6.5992120297973,7.037623480829588,0
6.602264992601313,7.035882085630345,0
6.6021883516873565,7.0369173920335975,0
6.604197888860341,7.036101480394883,0
6.604197888860341,7.036101480394883,0
6.603154855914799,7.0370271103259405,0
6.603078271098774,7.038062437639269,0
6.603078271098774,7.038062437639269,0
6.604121360142241,7.037136828618287,0
6.603154855914799,7.0370271103259405,0
6.604121360142241,7.037136828618287,0
6.6021117107734035,7.03795269843685,0
6.602264992601313,7.035882085630345,0
6.602264992601313,7.035882085630345,0
6.603231440730827,7.035991783012612,0
6.602264992601313,7.035882085630345,0
6.603154855914799,7.0370271103259405,0
6.603154855914799,7.0370271103259405,0
6.603078271098774,7.038062437639269,0
6.6021883516873565,7.0369173920335975,0
6.603154855914799,7.0370271103259405,0
6.6021117107734035,7.03795269843685,0
6.603154855914799,7.0370271103259405,0
6.603154855914799,7.0370271103259405,0
6.604121360142241,7.037136828618287,0
6.6021883516873565,7.0369173920335975,0
6.602264992601313,7.035882085630345,0
6.603231440730827,7.035991783012612,0
6.60338461036288,7.0339211283859555,0
6.60338461036288,7.0339211283859555,0
6.602264992601313,7.035882085630345,0
6.603308025546852,7.034956455699284,0
6.602264992601313,7.035882085630345,0
6.602341633515266,7.034846779227092,0
6.602418274429219,7.033811472823839,0
6.602418274429219,7.033811472823839,0
6.602418274429219,7.033811472823839,0
6.601375241483677,7.034737102754896,0
6.602418274429219,7.033811472823839,0
6.602418274429219,7.033811472823839,0
6.601375241483677,7.034737102754896,0
6.602264992601313,7.035882085630345,0
6.602264992601313,7.035882085630345,0
6.603154855914799,7.0370271103259405,0
6.603078271098774,7.038062437639269,0
6.603078271098774,7.038062437639269,0
6.603078271098774,7.038062437639269,0
6.603001686282745,7.039097764952597,0
6.60292510146672,7.0401330922659255,0
6.603891773987943,7.0402428732884985,0
6.604858446509169,7.0403526543110715,0
6.604858446509169,7.0403526543110715,0
6.604858446509169,7.0403526543110715,0
6.605825119030392,7.0404624353336445,0
6.605825119030392,7.0404624353336445,0
6.605825119030392,7.0404624353336445,0
6.606715431127299,7.041607627309848,0
6.606715431127299,7.041607627309848,0
6.607758464072834,7.040681997378787,0
6.607758464072834,7.040681997378787,0
6.607834768399226,7.039646565515081,0
6.606791791551615,7.040572216356217,0
6.6068681519759345,7.039536805402587,0
6.6059779520748805,7.038391655246535,0
6.606054368597128,7.037356265202977,0
6.606054368597128,7.037356265202977,0
6.606054368597128,7.037356265202977,0
6.605087864369683,7.037246546910634,0
6.6061307851193725,7.036320875159422,0
6.605240809610027,7.035175808643672,0
6.605240809610027,7.035175808643672,0
6.605240809610027,7.035175808643672,0
6.606283618163861,7.034250095072309,0
6.606207201641617,7.0352854851158675,0
6.606054368597128,7.037356265202977,0
6.606944512400254,7.038501394448954,0
6.6068681519759345,7.039536805402587,0
6.606791791551615,7.040572216356217,0
6.607834768399226,7.039646565515081,0
6.607834768399226,7.039646565515081,0
6.60880138482252,7.039756325627579,0
6.608877633050987,7.038720872853798,0
6.609768001245818,7.039866085740073,0
6.610734617669117,7.03997584585257,0
6.6108107537017275,7.038940351258635,0
6.610886889734335,7.037904856664703,0
6.610963025766946,7.036869362070767,0
6.610963025766946,7.036869362070767,0
6.610963025766946,7.036869362070767,0
6.609996577637432,7.0367596646885,0
6.609996577637432,7.0367596646885,0
6.611039161799553,7.0358338674768355,0
6.610072769767964,7.03572419100464,0
6.610072769767964,7.03572419100464,0
6.610072769767964,7.03572419100464,0
6.609106377736374,7.035614514532448,0
6.609258874193301,7.033543608984882,0
6.609258874193301,7.033543608984882,0
6.610301346159577,7.032617769953067,0
6.6093351224217685,7.032508156211097,0
6.6093351224217685,7.032508156211097,0
6.608292594357568,7.033433974332837,0
6.606283618163861,7.034250095072309,0
6.6061307851193725,7.036320875159422,0
6.606054368597128,7.037356265202977,0
6.606944512400254,7.038501394448954,0
6.606944512400254,7.038501394448954,0
6.607682159746446,7.041717429242496,0
6.607529551093659,7.043788292969911,0
6.606333629005704,7.046784682078005,0
6.604170192927619,7.049670976512395,0
6.60134530163387,7.048305762469383,0
6.599411059024593,7.048085865863026,0
6.599411059024593,7.048085865863026,0
6.597476816415316,7.047865969256669,0
6.594652486100841,7.046500964314411,0
6.591905694267151,7.044100987530118,0
6.590203730512666,7.040776049937179,0
6.587458341127157,7.038376595904772,0
6.58471362491677,7.035977392793271,0
6.582936030011023,7.033688137984953,0
6.579226212021371,7.031179739332995,0
6.578494006174097,7.027965732816796,0
6.575673714910373,7.026602233399988,0
6.573741491826468,7.026383089556358,0
6.574785871122259,7.025457961467115,0
6.574785871122259,7.025457961467115,0
6.574864138876094,7.024423261456057,0
6.574785871122259,7.025457961467115,0
6.573819815678235,7.025348410455372,0
6.573663167974701,7.02741776865734,0
6.57285376023421,7.025238859443633,0
6.57269700033482,7.027308175825446,0
6.572775380284515,7.0262735176345394,0
6.572775380284515,7.0262735176345394,0
6.57285376023421,7.025238859443633,0
6.571887704790186,7.025129308431893,0
6.5709216493461575,7.025019757420154,0
6.571809268742562,7.0261639457127245,0
6.571809268742562,7.0261639457127245,0
6.571809268742562,7.0261639457127245,0
6.572775380284515,7.0262735176345394,0
6.572775380284515,7.0262735176345394,0
6.57285376023421,7.025238859443633,0
6.572775380284515,7.0262735176345394,0
6.572775380284515,7.0262735176345394,0
6.571809268742562,7.0261639457127245,0
6.572775380284515,7.0262735176345394,0
6.571887704790186,7.025129308431893,0
6.571887704790186,7.025129308431893,0
6.571887704790186,7.025129308431893,0
6.57285376023421,7.025238859443633,0
6.572775380284515,7.0262735176345394,0
6.57285376023421,7.025238859443633,0
6.572775380284515,7.0262735176345394,0
6.571809268742562,7.0261639457127245,0
6.57285376023421,7.025238859443633,0
6.57285376023421,7.025238859443633,0
6.571887704790186,7.025129308431893,0
6.571887704790186,7.025129308431893,0
6.571887704790186,7.025129308431893,0
6.571887704790186,7.025129308431893,0
6.5709216493461575,7.025019757420154,0
6.571887704790186,7.025129308431893,0
6.57285376023421,7.025238859443633,0
6.571887704790186,7.025129308431893,0
6.571966140837802,7.024094671151062,0
6.57285376023421,7.025238859443633,0
6.571887704790186,7.025129308431893,0
6.571887704790186,7.025129308431893,0
6.572775380284515,7.0262735176345394,0
6.5709216493461575,7.025019757420154,0
6.570034142145609,7.02387561094773,0
6.5709216493461575,7.025019757420154,0
6.571887704790186,7.025129308431893,0
6.57285376023421,7.025238859443633,0
6.571887704790186,7.025129308431893,0
6.571809268742562,7.0261639457127245,0
6.571887704790186,7.025129308431893,0
6.571809268742562,7.0261639457127245,0
6.57285376023421,7.025238859443633,0
6.574864138876094,7.024423261456057,0
6.571887704790186,7.025129308431893,0
6.571887704790186,7.025129308431893,0
6.57285376023421,7.025238859443633,0
6.571887704790186,7.025129308431893,0
6.572775380284515,7.0262735176345394,0
6.572775380284515,7.0262735176345394,0
6.574551067860742,7.028562061500288,0
6.57285376023421,7.025238859443633,0
6.571887704790186,7.025129308431893,0
6.571887704790186,7.025129308431893,0
6.571966140837802,7.024094671151062,0
6.571887704790186,7.025129308431893,0
6.57285376023421,7.025238859443633,0
6.573819815678235,7.025348410455372,0
6.57285376023421,7.025238859443633,0
6.573819815678235,7.025348410455372,0
6.572775380284515,7.0262735176345394,0
6.571887704790186,7.025129308431893,0
6.571809268742562,7.0261639457127245,0
6.571809268742562,7.0261639457127245,0
6.572775380284515,7.0262735176345394,0
6.572775380284515,7.0262735176345394,0
6.571809268742562,7.0261639457127245,0
6.571809268742562,7.0261639457127245,0
6.571809268742562,7.0261639457127245,0
6.571809268742562,7.0261639457127245,0
6.571809268742562,7.0261639457127245,0
6.572775380284515,7.0262735176345394,0
6.571730832694943,7.0271985829935595,0
6.572775380284515,7.0262735176345394,0
6.571809268742562,7.0261639457127245,0
6.5709216493461575,7.025019757420154,0
6.571809268742562,7.0261639457127245,0
6.571809268742562,7.0261639457127245,0
6.571730832694943,7.0271985829935595,0
6.570843157200613,7.026054373790913,0
6.57269700033482,7.027308175825446,0
6.571730832694943,7.0271985829935595,0
6.570843157200613,7.026054373790913,0
6.571809268742562,7.0261639457127245,0
6.571730832694943,7.0271985829935595,0
6.572775380284515,7.0262735176345394,0
6.571730832694943,7.0271985829935595,0
6.57269700033482,7.027308175825446,0
6.571652396647323,7.028233220274387,0
6.57269700033482,7.027308175825446,0
6.571652396647323,7.028233220274387,0
6.57269700033482,7.027308175825446,0
6.572618620385132,7.028342834016357,0
6.57269700033482,7.027308175825446,0
6.571652396647323,7.028233220274387,0
6.571730832694943,7.0271985829935595,0
6.570764665055066,7.0270889901616655,0
6.57269700033482,7.027308175825446,0
6.572618620385132,7.028342834016357,0
6.572618620385132,7.028342834016357,0
6.572618620385132,7.028342834016357,0
6.572618620385132,7.028342834016357,0
6.571652396647323,7.028233220274387,0
6.572618620385132,7.028342834016357,0
6.572540240435437,7.02937749220726,0
6.572618620385132,7.028342834016357,0
6.572618620385132,7.028342834016357,0
6.572540240435437,7.02937749220726,0
6.571652396647323,7.028233220274387,0
6.571652396647323,7.028233220274387,0
6.572540240435437,7.02937749220726,0
6.571652396647323,7.028233220274387,0
6.570686172909518,7.028123606532425,0
6.572618620385132,7.028342834016357,0
6.572618620385132,7.028342834016357,0
6.572618620385132,7.028342834016357,0
6.570686172909518,7.028123606532425,0
6.571652396647323,7.028233220274387,0
6.571652396647323,7.028233220274387,0
6.571730832694943,7.0271985829935595,0
6.571652396647323,7.028233220274387,0
6.572618620385132,7.028342834016357,0
6.571652396647323,7.028233220274387,0
6.571652396647323,7.028233220274387,0
6.569877045658661,7.025944801869091,0
6.570686172909518,7.028123606532425,0
6.570764665055066,7.0270889901616655,0
6.571730832694943,7.0271985829935595,0
6.571730832694943,7.0271985829935595,0
6.571730832694943,7.0271985829935595,0
6.57269700033482,7.027308175825446,0
6.572618620385132,7.028342834016357,0
6.57269700033482,7.027308175825446,0
6.571652396647323,7.028233220274387,0
6.571652396647323,7.028233220274387,0
6.57269700033482,7.027308175825446,0
6.573663167974701,7.02741776865734,0
6.571730832694943,7.0271985829935595,0
6.57269700033482,7.027308175825446,0
6.571730832694943,7.0271985829935595,0
6.571730832694943,7.0271985829935595,0
6.571652396647323,7.028233220274387,0
6.571730832694943,7.0271985829935595,0
6.570764665055066,7.0270889901616655,0
6.571652396647323,7.028233220274387,0
6.571730832694943,7.0271985829935595,0
6.571730832694943,7.0271985829935595,0
6.571730832694943,7.0271985829935595,0
6.570764665055066,7.0270889901616655,0
6.570764665055066,7.0270889901616655,0
6.569798497415185,7.026979397329775,0
6.572775380284515,7.0262735176345394,0
6.570843157200613,7.026054373790913,0
6.569877045658661,7.025944801869091,0
6.570764665055066,7.0270889901616655,0
6.570764665055066,7.0270889901616655,0
6.570764665055066,7.0270889901616655,0
6.570843157200613,7.026054373790913,0
6.570764665055066,7.0270889901616655,0
6.570764665055066,7.0270889901616655,0
6.571730832694943,7.0271985829935595,0
6.570686172909518,7.028123606532425,0
6.571730832694943,7.0271985829935595,0
6.571730832694943,7.0271985829935595,0
6.571652396647323,7.028233220274387,0
6.571652396647323,7.028233220274387,0
6.57269700033482,7.027308175825446,0
6.571809268742562,7.0261639457127245,0
6.570764665055066,7.0270889901616655,0
6.571809268742562,7.0261639457127245,0
6.570843157200613,7.026054373790913,0
6.570764665055066,7.0270889901616655,0
6.571809268742562,7.0261639457127245,0
6.572618620385132,7.028342834016357,0
6.570764665055066,7.0270889901616655,0
6.571730832694943,7.0271985829935595,0
6.570764665055066,7.0270889901616655,0
6.570764665055066,7.0270889901616655,0
6.570764665055066,7.0270889901616655,0
6.571730832694943,7.0271985829935595,0
6.570686172909518,7.028123606532425,0
6.570686172909518,7.028123606532425,0
6.571730832694943,7.0271985829935595,0
6.569877045658661,7.025944801869091,0
6.571730832694943,7.0271985829935595,0
6.57269700033482,7.027308175825446,0
6.571730832694943,7.0271985829935595,0
6.570686172909518,7.028123606532425,0
6.570764665055066,7.0270889901616655,0
6.570686172909518,7.028123606532425,0
6.570764665055066,7.0270889901616655,0
6.569798497415185,7.026979397329775,0
6.570764665055066,7.0270889901616655,0
6.570686172909518,7.028123606532425,0
6.571730832694943,7.0271985829935595,0
6.570686172909518,7.028123606532425,0
6.571730832694943,7.0271985829935595,0
6.573663167974701,7.02741776865734,0
6.570764665055066,7.0270889901616655,0
6.570686172909518,7.028123606532425,0
6.570764665055066,7.0270889901616655,0
6.570686172909518,7.028123606532425,0
6.571652396647323,7.028233220274387,0
6.571652396647323,7.028233220274387,0
6.571652396647323,7.028233220274387,0
6.570686172909518,7.028123606532425,0
6.570686172909518,7.028123606532425,0
6.571573960599704,7.029267857555222,0
6.570686172909518,7.028123606532425,0
6.570686172909518,7.028123606532425,0
6.571652396647323,7.028233220274387,0
6.569798497415185,7.026979397329775,0
6.570764665055066,7.0270889901616655,0
6.570686172909518,7.028123606532425,0
6.571652396647323,7.028233220274387,0
6.570686172909518,7.028123606532425,0
6.569798497415185,7.026979397329775,0
6.570764665055066,7.0270889901616655,0
6.571730832694943,7.0271985829935595,0
6.571652396647323,7.028233220274387,0
6.570764665055066,7.0270889901616655,0
6.570843157200613,7.026054373790913,0
6.570764665055066,7.0270889901616655,0
6.570686172909518,7.028123606532425,0
6.57269700033482,7.027308175825446,0
6.571652396647323,7.028233220274387,0
6.5753608682867295,7.030741117084524,0
6.5744728001069035,7.02959676151135,0
6.573584844122937,7.028452447758326,0
6.571730832694943,7.0271985829935595,0
6.57269700033482,7.027308175825446,0
6.571652396647323,7.028233220274387,0
6.571730832694943,7.0271985829935595,0
6.571652396647323,7.028233220274387,0
6.57269700033482,7.027308175825446,0
6.57269700033482,7.027308175825446,0
6.57285376023421,7.025238859443633,0
6.571730832694943,7.0271985829935595,0
6.57269700033482,7.027308175825446,0
6.572618620385132,7.028342834016357,0
6.573663167974701,7.02741776865734,0
6.57269700033482,7.027308175825446,0
6.571809268742562,7.0261639457127245,0
6.571809268742562,7.0261639457127245,0
6.571809268742562,7.0261639457127245,0
6.570843157200613,7.026054373790913,0
6.57269700033482,7.027308175825446,0
6.57269700033482,7.027308175825446,0
6.571730832694943,7.0271985829935595,0
6.570764665055066,7.0270889901616655,0
6.570764665055066,7.0270889901616655,0
6.569798497415185,7.026979397329775,0
6.570843157200613,7.026054373790913,0
6.571730832694943,7.0271985829935595,0
6.570843157200613,7.026054373790913,0
6.57269700033482,7.027308175825446,0
6.57269700033482,7.027308175825446,0
6.570764665055066,7.0270889901616655,0
6.570843157200613,7.026054373790913,0
6.571730832694943,7.0271985829935595,0
6.571730832694943,7.0271985829935595,0
6.570764665055066,7.0270889901616655,0
6.570764665055066,7.0270889901616655,0
6.570764665055066,7.0270889901616655,0
6.571730832694943,7.0271985829935595,0
6.570764665055066,7.0270889901616655,0
6.571730832694943,7.0271985829935595,0
6.570764665055066,7.0270889901616655,0
6.571809268742562,7.0261639457127245,0
6.570764665055066,7.0270889901616655,0
6.571809268742562,7.0261639457127245,0
6.571809268742562,7.0261639457127245,0
6.571809268742562,7.0261639457127245,0
6.57269700033482,7.027308175825446,0
6.571730832694943,7.0271985829935595,0
6.57269700033482,7.027308175825446,0
6.571809268742562,7.0261639457127245,0
6.571730832694943,7.0271985829935595,0
6.57269700033482,7.027308175825446,0
6.571730832694943,7.0271985829935595,0
6.57269700033482,7.027308175825446,0
6.571730832694943,7.0271985829935595,0
6.570843157200613,7.026054373790913,0
6.570843157200613,7.026054373790913,0
6.571730832694943,7.0271985829935595,0
6.57269700033482,7.027308175825446,0
6.571730832694943,7.0271985829935595,0
6.570764665055066,7.0270889901616655,0
6.571730832694943,7.0271985829935595,0
6.571730832694943,7.0271985829935595,0
6.57269700033482,7.027308175825446,0
6.57269700033482,7.027308175825446,0
6.57269700033482,7.027308175825446,0
6.572775380284515,7.0262735176345394,0
6.57269700033482,7.027308175825446,0
6.57269700033482,7.027308175825446,0
6.572775380284515,7.0262735176345394,0
6.571809268742562,7.0261639457127245,0
6.570843157200613,7.026054373790913,0
6.5709216493461575,7.025019757420154,0
6.570843157200613,7.026054373790913,0
6.570843157200613,7.026054373790913,0
6.57269700033482,7.027308175825446,0
6.57269700033482,7.027308175825446,0
6.571809268742562,7.0261639457127245,0
6.573741491826468,7.026383089556358,0
6.571730832694943,7.0271985829935595,0
6.57269700033482,7.027308175825446,0
6.57269700033482,7.027308175825446,0
6.571809268742562,7.0261639457127245,0
6.571809268742562,7.0261639457127245,0
6.570843157200613,7.026054373790913,0
6.571809268742562,7.0261639457127245,0
6.571809268742562,7.0261639457127245,0
6.57269700033482,7.027308175825446,0
6.571809268742562,7.0261639457127245,0
6.572775380284515,7.0262735176345394,0
6.57269700033482,7.027308175825446,0
6.571809268742562,7.0261639457127245,0
6.57269700033482,7.027308175825446,0
6.572775380284515,7.0262735176345394,0
6.57269700033482,7.027308175825446,0
6.572775380284515,7.0262735176345394,0
6.572618620385132,7.028342834016357,0
6.573663167974701,7.02741776865734,0
6.573584844122937,7.028452447758326,0
6.57269700033482,7.027308175825446,0
6.573663167974701,7.02741776865734,0
6.57269700033482,7.027308175825446,0
6.571730832694943,7.0271985829935595,0
6.57269700033482,7.027308175825446,0
6.571730832694943,7.0271985829935595,0
6.571730832694943,7.0271985829935595,0
6.573663167974701,7.02741776865734,0
6.572618620385132,7.028342834016357,0
6.572618620385132,7.028342834016357,0
6.572618620385132,7.028342834016357,0
6.572775380284515,7.0262735176345394,0
6.571730832694943,7.0271985829935595,0
6.571652396647323,7.028233220274387,0
6.57269700033482,7.027308175825446,0
6.572618620385132,7.028342834016357,0
6.571730832694943,7.0271985829935595,0
6.572618620385132,7.028342834016357,0
6.572618620385132,7.028342834016357,0
6.572618620385132,7.028342834016357,0
6.572618620385132,7.028342834016357,0
6.572618620385132,7.028342834016357,0
6.572618620385132,7.028342834016357,0
6.571730832694943,7.0271985829935595,0
6.57269700033482,7.027308175825446,0
6.573584844122937,7.028452447758326,0
6.572618620385132,7.028342834016357,0
6.571652396647323,7.028233220274387,0
6.571730832694943,7.0271985829935595,0
6.571730832694943,7.0271985829935595,0
6.569798497415185,7.026979397329775,0
6.571652396647323,7.028233220274387,0
6.572618620385132,7.028342834016357,0
6.572618620385132,7.028342834016357,0
6.571652396647323,7.028233220274387,0
6.571730832694943,7.0271985829935595,0
6.572618620385132,7.028342834016357,0
6.573741491826468,7.026383089556358,0
6.571730832694943,7.0271985829935595,0
6.571730832694943,7.0271985829935595,0
6.57269700033482,7.027308175825446,0
6.571730832694943,7.0271985829935595,0
6.571652396647323,7.028233220274387,0
6.570764665055066,7.0270889901616655,0
6.571730832694943,7.0271985829935595,0
6.57269700033482,7.027308175825446,0
6.572618620385132,7.028342834016357,0
6.573663167974701,7.02741776865734,0
6.572618620385132,7.028342834016357,0
6.57269700033482,7.027308175825446,0
6.572618620385132,7.028342834016357,0
6.57269700033482,7.027308175825446,0
6.570764665055066,7.0270889901616655,0
6.571730832694943,7.0271985829935595,0
6.571730832694943,7.0271985829935595,0
6.57269700033482,7.027308175825446,0
6.571730832694943,7.0271985829935595,0
6.571809268742562,7.0261639457127245,0
6.57269700033482,7.027308175825446,0
6.570764665055066,7.0270889901616655,0
6.571730832694943,7.0271985829935595,0
6.57269700033482,7.027308175825446,0
6.573819815678235,7.025348410455372,0
6.574785871122259,7.025457961467115,0
6.573819815678235,7.025348410455372,0
6.571730832694943,7.0271985829935595,0
6.57269700033482,7.027308175825446,0
6.571730832694943,7.0271985829935595,0
6.57269700033482,7.027308175825446,0
6.570764665055066,7.0270889901616655,0
6.572775380284515,7.0262735176345394,0
6.57269700033482,7.027308175825446,0
6.571809268742562,7.0261639457127245,0
6.571730832694943,7.0271985829935595,0
6.571730832694943,7.0271985829935595,0
6.571730832694943,7.0271985829935595,0
6.57269700033482,7.027308175825446,0
6.573663167974701,7.02741776865734,0
6.57269700033482,7.027308175825446,0
6.57269700033482,7.027308175825446,0
6.573584844122937,7.028452447758326,0
6.57269700033482,7.027308175825446,0
6.571730832694943,7.0271985829935595,0
6.571809268742562,7.0261639457127245,0
6.572540240435437,7.02937749220726,0
6.57269700033482,7.027308175825446,0
6.57269700033482,7.027308175825446,0
6.57269700033482,7.027308175825446,0
6.572775380284515,7.0262735176345394,0
6.57269700033482,7.027308175825446,0
6.57269700033482,7.027308175825446,0
6.571730832694943,7.0271985829935595,0
6.571730832694943,7.0271985829935595,0
6.571730832694943,7.0271985829935595,0
6.572775380284515,7.0262735176345394,0
6.57269700033482,7.027308175825446,0
6.571809268742562,7.0261639457127245,0
6.571887704790186,7.025129308431893,0
6.572775380284515,7.0262735176345394,0
6.571809268742562,7.0261639457127245,0
6.57269700033482,7.027308175825446,0
6.57269700033482,7.027308175825446,0
6.57269700033482,7.027308175825446,0
6.57269700033482,7.027308175825446,0
6.573663167974701,7.02741776865734,0
6.571730832694943,7.0271985829935595,0
6.57269700033482,7.027308175825446,0
6.571809268742562,7.0261639457127245,0
6.571809268742562,7.0261639457127245,0
6.571887704790186,7.025129308431893,0
6.57285376023421,7.025238859443633,0
6.57285376023421,7.025238859443633,0
6.57285376023421,7.025238859443633,0
6.572775380284515,7.0262735176345394,0
6.571809268742562,7.0261639457127245,0
6.57269700033482,7.027308175825446,0
6.572775380284515,7.0262735176345394,0
6.572775380284515,7.0262735176345394,0
6.571809268742562,7.0261639457127245,0
6.571809268742562,7.0261639457127245,0
6.571809268742562,7.0261639457127245,0
6.571887704790186,7.025129308431893,0
6.571809268742562,7.0261639457127245,0
6.57285376023421,7.025238859443633,0
6.572932140183902,7.024204201252722,0
6.571966140837802,7.024094671151062,0
6.57285376023421,7.025238859443633,0
6.57269700033482,7.027308175825446,0
6.571809268742562,7.0261639457127245,0
6.572775380284515,7.0262735176345394,0
6.571809268742562,7.0261639457127245,0
6.571887704790186,7.025129308431893,0
6.572775380284515,7.0262735176345394,0
6.572775380284515,7.0262735176345394,0
6.571809268742562,7.0261639457127245,0
6.57269700033482,7.027308175825446,0
6.572775380284515,7.0262735176345394,0
6.571730832694943,7.0271985829935595,0
6.572775380284515,7.0262735176345394,0
6.57269700033482,7.027308175825446,0
6.572775380284515,7.0262735176345394,0
6.571809268742562,7.0261639457127245,0
6.57285376023421,7.025238859443633,0
6.571809268742562,7.0261639457127245,0
6.571809268742562,7.0261639457127245,0
6.573584844122937,7.028452447758326,0
6.57269700033482,7.027308175825446,0
6.571809268742562,7.0261639457127245,0
6.571809268742562,7.0261639457127245,0
6.571809268742562,7.0261639457127245,0
6.571730832694943,7.0271985829935595,0
6.57269700033482,7.027308175825446,0
6.57269700033482,7.027308175825446,0
6.573741491826468,7.026383089556358,0
6.57269700033482,7.027308175825446,0
6.574864138876094,7.024423261456057,0
6.573584844122937,7.028452447758326,0
6.573741491826468,7.026383089556358,0
6.573584844122937,7.028452447758326,0
6.571730832694943,7.0271985829935595,0
6.572618620385132,7.028342834016357,0
6.572618620385132,7.028342834016357,0
6.572618620385132,7.028342834016357,0
6.572618620385132,7.028342834016357,0
6.572618620385132,7.028342834016357,0
6.572618620385132,7.028342834016357,0
6.57269700033482,7.027308175825446,0
6.573663167974701,7.02741776865734,0
6.573663167974701,7.02741776865734,0
6.57269700033482,7.027308175825446,0
6.572775380284515,7.0262735176345394,0
6.570764665055066,7.0270889901616655,0
6.571809268742562,7.0261639457127245,0
6.57269700033482,7.027308175825446,0
6.57269700033482,7.027308175825446,0
6.571730832694943,7.0271985829935595,0
6.573663167974701,7.02741776865734,0
6.573584844122937,7.028452447758326,0
6.57269700033482,7.027308175825446,0
6.57269700033482,7.027308175825446,0
6.573663167974701,7.02741776865734,0
6.573663167974701,7.02741776865734,0
6.57269700033482,7.027308175825446,0
6.57269700033482,7.027308175825446,0
6.57269700033482,7.027308175825446,0
6.572618620385132,7.028342834016357,0
6.571809268742562,7.0261639457127245,0
6.571730832694943,7.0271985829935595,0
6.57269700033482,7.027308175825446,0
6.571730832694943,7.0271985829935595,0
6.570843157200613,7.026054373790913,0
6.571809268742562,7.0261639457127245,0
6.571730832694943,7.0271985829935595,0
6.57269700033482,7.027308175825446,0
6.57269700033482,7.027308175825446,0
6.572618620385132,7.028342834016357,0
6.573663167974701,7.02741776865734,0
6.57269700033482,7.027308175825446,0
6.57269700033482,7.027308175825446,0
6.570764665055066,7.0270889901616655,0
6.57269700033482,7.027308175825446,0
6.57269700033482,7.027308175825446,0
6.57269700033482,7.027308175825446,0
6.573741491826468,7.026383089556358,0
6.57269700033482,7.027308175825446,0
6.57269700033482,7.027308175825446,0
6.573584844122937,7.028452447758326,0
6.57269700033482,7.027308175825446,0
6.571730832694943,7.0271985829935595,0
6.571730832694943,7.0271985829935595,0
6.573663167974701,7.02741776865734,0
6.571730832694943,7.0271985829935595,0
6.571730832694943,7.0271985829935595,0
6.572461860485745,7.0304121503981705,0
6.572461860485745,7.0304121503981705,0
6.572618620385132,7.028342834016357,0
6.572618620385132,7.028342834016357,0
6.5744728001069035,7.02959676151135,0
6.572618620385132,7.028342834016357,0
6.572461860485745,7.0304121503981705,0
6.572618620385132,7.028342834016357,0
6.570686172909518,7.028123606532425,0
6.571652396647323,7.028233220274387,0
6.570764665055066,7.0270889901616655,0
6.569719949171713,7.028013992790456,0
6.571652396647323,7.028233220274387,0
6.570764665055066,7.0270889901616655,0
6.571652396647323,7.028233220274387,0
6.571652396647323,7.028233220274387,0
6.571652396647323,7.028233220274387,0
6.570764665055066,7.0270889901616655,0
6.570686172909518,7.028123606532425,0
6.571730832694943,7.0271985829935595,0
6.571652396647323,7.028233220274387,0
6.571652396647323,7.028233220274387,0
6.571652396647323,7.028233220274387,0
6.571652396647323,7.028233220274387,0
6.571652396647323,7.028233220274387,0
6.571652396647323,7.028233220274387,0
6.571573960599704,7.029267857555222,0
6.571573960599704,7.029267857555222,0
6.571652396647323,7.028233220274387,0
6.571573960599704,7.029267857555222,0
6.572461860485745,7.0304121503981705,0
6.572540240435437,7.02937749220726,0
6.571573960599704,7.029267857555222,0
6.571573960599704,7.029267857555222,0
6.571573960599704,7.029267857555222,0
6.571573960599704,7.029267857555222,0
6.571573960599704,7.029267857555222,0
6.570686172909518,7.028123606532425,0
6.571573960599704,7.029267857555222,0
6.571652396647323,7.028233220274387,0
6.571652396647323,7.028233220274387,0
6.571652396647323,7.028233220274387,0
6.571652396647323,7.028233220274387,0
6.571652396647323,7.028233220274387,0
6.571652396647323,7.028233220274387,0
6.570764665055066,7.0270889901616655,0
6.571652396647323,7.028233220274387,0
6.571495524552084,7.030302494836054,0
6.572540240435437,7.02937749220726,0
6.571652396647323,7.028233220274387,0
6.571652396647323,7.028233220274387,0
6.571652396647323,7.028233220274387,0
6.571573960599704,7.029267857555222,0
6.571573960599704,7.029267857555222,0
6.572461860485745,7.0304121503981705,0
6.572540240435437,7.02937749220726,0
6.572540240435437,7.02937749220726,0
6.572540240435437,7.02937749220726,0
6.572618620385132,7.028342834016357,0
6.572540240435437,7.02937749220726,0
6.5753608682867295,7.030741117084524,0
6.576327204220391,7.030850772646641,0
6.576327204220391,7.030850772646641,0
6.57350652027117,7.029487126859308,0
6.5753608682867295,7.030741117084524,0
6.576170893104422,7.032920256309062,0
6.575282656630815,7.031775838005657,0
6.576249048662405,7.031885514477853,0
6.574316264599226,7.031666161533465,0
6.575282656630815,7.031775838005657,0
6.575282656630815,7.031775838005657,0
6.574316264599226,7.031666161533465,0
6.5753608682867295,7.030741117084524,0
6.5753608682867295,7.030741117084524,0
6.574394532353065,7.0306314615224075,0
6.576249048662405,7.031885514477853,0
6.578103789363446,7.033139651073601,0
6.578181832725576,7.032104867422241,0
6.576249048662405,7.031885514477853,0
6.578181832725576,7.032104867422241,0
6.578103789363446,7.033139651073601,0
6.5772154406939904,7.031995190950049,0
6.577137341233932,7.0330299536913365,0
6.576249048662405,7.031885514477853,0
6.577137341233932,7.0330299536913365,0
6.577137341233932,7.0330299536913365,0
6.578992250228762,7.034284153017307,0
6.5644158580840255,7.033672869542432,0
6.5644158580840255,7.033672869542432,0
6.5635281825896925,7.032528660339786,0
6.563449297758659,7.0335631303400135,0
6.562482737433289,7.033453391137588,0
6.563449297758659,7.0335631303400135,0
6.563449297758659,7.0335631303400135,0
6.5635281825896925,7.032528660339786,0
6.562482737433289,7.033453391137588,0
6.5635281825896925,7.032528660339786,0
6.5635281825896925,7.032528660339786,0
6.5635281825896925,7.032528660339786,0
6.5635281825896925,7.032528660339786,0
6.564494686817131,7.032638378632132,0
6.563449297758659,7.0335631303400135,0
6.564494686817131,7.032638378632132,0
6.566506411809275,7.031823282486368,0
6.566506411809275,7.031823282486368,0
6.566506411809275,7.031823282486368,0
6.567472859938789,7.031932979868635,0
6.570529188618426,7.0301928392739335,0
6.574316264599226,7.031666161533465,0
6.5772154406939904,7.031995190950049,0
6.5772154406939904,7.031995190950049,0
6.578181832725576,7.032104867422241,0
6.5772154406939904,7.031995190950049,0
6.578181832725576,7.032104867422241,0
6.578181832725576,7.032104867422241,0
6.578103789363446,7.033139651073601,0
6.578103789363446,7.033139651073601,0
6.578103789363446,7.033139651073601,0
6.579070237492967,7.033249348455872,0
6.578025746001316,7.034174434724964,0
6.577137341233932,7.0330299536913365,0
6.578025746001316,7.034174434724964,0
6.578992250228762,7.034284153017307,0
6.577947702639186,7.035209218376327,0
6.578025746001316,7.034174434724964,0
6.5760927375464355,7.033954998140274,0
6.5760927375464355,7.033954998140274,0
6.576981142313819,7.035099479173905,0
6.577869659277056,7.036244002027686,0
6.577869659277056,7.036244002027686,0
6.578758288436152,7.037388566701619,0
6.579647029791097,7.038533173195706,0
6.57868030117195,7.0384233712630575,0
6.57868030117195,7.0384233712630575,0
6.576746843933648,7.038203767397761,0
6.576824943393703,7.0371690046564765,0
6.574003193583874,7.035804961577703,0
6.571103344313986,7.035475681240211,0
6.5701367278906915,7.035365921127713,0
6.571181780361609,7.034441043959379,0
6.570215220036239,7.034331304756961,0
6.570215220036239,7.034331304756961,0
6.568439308068303,7.032042677250907,0
6.569327207954341,7.033186970093855,0
6.570293712181783,7.033296688386205,0
6.569248659710873,7.034221565554539,0
6.570215220036239,7.034331304756961,0
6.572069960737281,7.035585441352708,0
6.572958253308816,7.036729880566192,0
6.572958253308816,7.036729880566192,0
6.571991580787589,7.036620099543615,0
6.571991580787589,7.036620099543615,0
6.571991580787589,7.036620099543615,0
6.571103344313986,7.035475681240211,0
6.57102490826637,7.036510318521046,0
6.5701367278906915,7.035365921127713,0
6.5682820993855024,7.034111826352117,0
6.569248659710873,7.034221565554539,0
6.569248659710873,7.034221565554539,0
6.569327207954341,7.033186970093855,0
6.5701367278906915,7.035365921127713,0
6.569248659710873,7.034221565554539,0
6.569248659710873,7.034221565554539,0
6.570215220036239,7.034331304756961,0
6.570215220036239,7.034331304756961,0
6.571181780361609,7.034441043959379,0
6.570293712181783,7.033296688386205,0
6.570215220036239,7.034331304756961,0
6.571260216409225,7.033406406678548,0
6.570293712181783,7.033296688386205,0
6.568439308068303,7.032042677250907,0
6.569405756197817,7.032152374633178,0
6.570293712181783,7.033296688386205,0
6.570293712181783,7.033296688386205,0
6.571260216409225,7.033406406678548,0
6.572305100586359,7.032481466779984,0
6.571260216409225,7.033406406678548,0
6.5713386524568485,7.032371769397717,0
6.5713386524568485,7.032371769397717,0
6.574159729091548,7.033735561555584,0
6.573193224864109,7.033625843263238,0
6.574159729091548,7.033735561555584,0
6.5740814613377125,7.034770261566642,0
6.5740814613377125,7.034770261566642,0
6.575048021663086,7.034880000769061,0
6.575048021663086,7.034880000769061,0
6.574159729091548,7.033735561555584,0
6.5714170885044645,7.031337132116882,0
6.5713386524568485,7.032371769397717,0
6.574159729091548,7.033735561555584,0
6.574159729091548,7.033735561555584,0
6.573193224864109,7.033625843263238,0
6.5713386524568485,7.032371769397717,0
6.569484304441289,7.031117779172494,0
6.570450696472879,7.031227455644693,0
6.568596516751107,7.0299735281496964,0
6.566585128346528,7.030788749755914,0
6.566585128346528,7.030788749755914,0
6.565539963679758,7.031713585104097,0
6.564573515550244,7.031603887721829,0
6.5625616783622505,7.032418942047439,0
6.5635281825896925,7.032528660339786,0
6.5635281825896925,7.032528660339786,0
6.5644158580840255,7.033672869542432,0
6.565461191044577,7.032748096924475,0
6.5644158580840255,7.033672869542432,0
6.567315539060136,7.034002087149695,0
6.568360703726899,7.033077251801512,0
6.567394199499461,7.032967533509169,0
6.571495524552084,7.030302494836054,0
6.571495524552084,7.030302494836054,0
6.571495524552084,7.030302494836054,0
6.570529188618426,7.0301928392739335,0
6.5714170885044645,7.031337132116882,0
6.570450696472879,7.031227455644693,0
6.5714170885044645,7.031337132116882,0
6.572461860485745,7.0304121503981705,0
6.5714170885044645,7.031337132116882,0
6.570450696472879,7.031227455644693,0
6.5714170885044645,7.031337132116882,0
6.572305100586359,7.032481466779984,0
6.573271548715876,7.032591164162255,0
6.573271548715876,7.032591164162255,0
6.574159729091548,7.033735561555584,0
6.573271548715876,7.032591164162255,0
6.573271548715876,7.032591164162255,0
6.57238348053605,7.031446808589077,0
6.573271548715876,7.032591164162255,0
6.5714170885044645,7.031337132116882,0
6.570450696472879,7.031227455644693,0
6.570450696472879,7.031227455644693,0
6.570529188618426,7.0301928392739335,0
6.569562852684765,7.030083183711817,0
6.566348978734766,7.033892347947276,0
6.565382418409396,7.033782608744854,0
6.562482737433289,7.033453391137588,0
6.562403796504327,7.034487840227744,0
6.563449297758659,7.0335631303400135,0
6.563449297758659,7.0335631303400135,0
6.5644158580840255,7.033672869542432,0
6.565303645774215,7.034817120565229,0
6.5643370293509165,7.034707360452735,0
6.5643370293509165,7.034707360452735,0
6.563449297758659,7.0335631303400135,0
6.563449297758659,7.0335631303400135,0
6.564494686817131,7.032638378632132,0
6.567315539060136,7.034002087149695,0
6.567315539060136,7.034002087149695,0
6.570529188618426,7.0301928392739335,0
6.570529188618426,7.0301928392739335,0
6.5714170885044645,7.031337132116882,0
6.5714170885044645,7.031337132116882,0
6.573271548715876,7.032591164162255,0
6.5714170885044645,7.031337132116882,0
6.570450696472879,7.031227455644693,0
6.570529188618426,7.0301928392739335,0
6.570529188618426,7.0301928392739335,0
6.570450696472879,7.031227455644693,0
6.570450696472879,7.031227455644693,0
6.569484304441289,7.031117779172494,0
6.569562852684765,7.030083183711817,0
6.569484304441289,7.031117779172494,0
6.569562852684765,7.030083183711817,0
6.567394199499461,7.032967533509169,0
6.567315539060136,7.034002087149695,0
6.570450696472879,7.031227455644693,0
6.570450696472879,7.031227455644693,0
6.570450696472879,7.031227455644693,0
6.5714170885044645,7.031337132116882,0
6.572461860485745,7.0304121503981705,0
6.5714170885044645,7.031337132116882,0
6.570450696472879,7.031227455644693,0
6.5713386524568485,7.032371769397717,0
6.570450696472879,7.031227455644693,0
6.570450696472879,7.031227455644693,0
6.569405756197817,7.032152374633178,0
6.569405756197817,7.032152374633178,0
6.569405756197817,7.032152374633178,0
6.568439308068303,7.032042677250907,0
6.569405756197817,7.032152374633178,0
6.567551520378117,7.030898426228109,0
6.568517912409703,7.031008102700305,0
6.569405756197817,7.032152374633178,0
6.568439308068303,7.032042677250907,0
6.569405756197817,7.032152374633178,0
6.568439308068303,7.032042677250907,0
6.565461191044577,7.032748096924475,0
6.436744169488065,6.950442908497607,0
6.433942334442346,6.9490862884956925,0
6.433855595901523,6.950117831085322,0
6.434905136206602,6.949194626723045,0
6.434818453763707,6.95022619022275,0
6.434905136206602,6.949194626723045,0
6.435781311625888,6.9503345493601785,0
6.435781311625888,6.9503345493601785,0
6.435781311625888,6.9503345493601785,0
6.436830739735111,6.949411303177744,0
6.436744169488065,6.950442908497607,0
6.436744169488065,6.950442908497607,0
6.436657599241023,6.951474513817466,0
6.436657599241023,6.951474513817466,0
6.43770702735025,6.950551267635031,0
6.437620513201132,6.951582893864966,0
6.437620513201132,6.951582893864966,0
6.437620513201132,6.951582893864966,0
6.4385834271612445,6.95169127391247,0
6.4384969691100515,6.952722921052484,0
6.4384969691100515,6.952722921052484,0
6.439546341121353,6.95179965395997,0
6.439546341121353,6.95179965395997,0
6.4394599391680885,6.952831322010059,0
6.4394599391680885,6.952831322010059,0
6.4403365633707885,6.9539714119277996,0
6.440422909226125,6.952939722967635,0
6.440422909226125,6.952939722967635,0
6.441385879284162,6.953048123925214,0
6.441385879284162,6.953048123925214,0
6.4394599391680885,6.952831322010059,0
6.4394599391680885,6.952831322010059,0
6.439546341121353,6.95179965395997,0
6.442262615682715,6.954188255663109,0
6.443397996961792,6.952233174149981,0
6.442348849342196,6.953156524882793,0
6.440681946792132,6.949844656087148,0
6.441472169041571,6.952016414054981,0
6.440422909226125,6.952939722967635,0
6.440422909226125,6.952939722967635,0
6.442348849342196,6.953156524882793,0
6.440509255081462,6.951908034007474,0
6.440509255081462,6.951908034007474,0
6.440509255081462,6.951908034007474,0
6.440422909226125,6.952939722967635,0
6.440422909226125,6.952939722967635,0
6.440422909226125,6.952939722967635,0
6.440509255081462,6.951908034007474,0
6.442348849342196,6.953156524882793,0
6.440509255081462,6.951908034007474,0
6.440509255081462,6.951908034007474,0
6.440422909226125,6.952939722967635,0
6.442262615682715,6.954188255663109,0
6.445065628784906,6.955545314776607,0
6.446200729574343,6.953590128713106,0
6.448298463834256,6.951743218146724,0
6.452321240643407,6.9501127749342935,0
6.450395749310751,6.949896140299742,0
6.448556155050014,6.948647649424423,0
6.448727949193852,6.946583936942886,0
6.448727949193852,6.946583936942886,0
6.448813846265772,6.945552080702122,0
6.447851324991152,6.945443847025146,0
6.447851324991152,6.945443847025146,0
6.447851324991152,6.945443847025146,0
6.447851324991152,6.945443847025146,0
6.447851324991152,6.945443847025146,0
6.447851324991152,6.945443847025146,0
6.446888803716533,6.945335613348174,0
6.447679418651461,6.947507517686532,0
6.447679418651461,6.947507517686532,0
6.4466307759132135,6.948431056610023,0
6.4467167851809855,6.947399242189405,0
6.446888803716533,6.945335613348174,0
6.4467167851809855,6.947399242189405,0
6.4467167851809855,6.947399242189405,0
6.4466307759132135,6.948431056610023,0
6.446544766645438,6.94946287103064,0
6.446458757377663,6.950494685451254,0
6.448298463834256,6.951743218146724,0
6.44926132169644,6.9518515772841525,0
6.450224179558621,6.951959936421581,0
6.452492586003828,6.948048895172153,0
6.451615681311491,6.946908700704032,0
6.452578258684039,6.94701695529108,0
6.452663931364249,6.945985015410013,0
6.4535408360565825,6.947125209878131,0
6.451701410089633,6.945876781733041,0
6.452663931364249,6.945985015410013,0
6.452663931364249,6.945985015410013,0
6.4535408360565825,6.947125209878131,0
6.452663931364249,6.945985015410013,0
6.452578258684039,6.94701695529108,0
6.452578258684039,6.94701695529108,0
6.451701410089633,6.945876781733041,0
6.451615681311491,6.946908700704032,0
6.450653103938944,6.946800446116985,0
6.451701410089633,6.945876781733041,0
6.451701410089633,6.945876781733041,0
6.451701410089633,6.945876781733041,0
6.423619493542837,6.967706978029614,0
6.423619493542837,6.967706978029614,0
6.422393727357679,6.970692242977453,0
6.4223064278375865,6.971723576466328,0
6.419326683973971,6.9724283897477015,0
6.418275011947664,6.973350799527111,0
6.4181874880358585,6.974382049375684,0
6.416083695199827,6.976226701653893,0
6.412226205174974,6.975791006816014,0
6.411962623676871,6.978884379980368,0
6.411786902678138,6.980946628756605,0
6.411786902678138,6.980946628756605,0
6.411611181679405,6.983008877532846,0
6.408364770931708,6.986805913924417,0
6.408276742138558,6.987836975582308,0
6.407223611566145,6.988758841699749,0
6.405205210920684,6.989571449546503,0
6.404151799858639,6.9904932111135665,0
6.402921658035165,6.993476845075506,0
6.401691179624134,6.996460353576985,0
6.401426083482004,6.999553162169303,0
6.403181014825222,7.001833969307054,0
6.403970451703678,7.004005434533816,0
6.402651495716082,7.008019837412586,0
6.403441269182103,7.010191428099809,0
6.403441269182103,7.010191428099809,0
6.404407549017833,7.010301062751854,0
6.40537382885357,7.010410697403895,0
6.4063401086892995,7.01052033205594,0
6.405285743962494,7.011441738151714,0
6.40537382885357,7.010410697403895,0
6.4063401086892995,7.01052033205594,0
6.407218415829817,7.011661049275951,0
6.406252079896152,7.01155139371383,0
6.4063401086892995,7.01052033205594,0
6.408272668360766,7.010739601360022,0
6.410205228032236,7.010958870664105,0
6.410293032433675,7.009927725365909,0
6.410468641236555,7.007865434769521,0
6.410380836835113,7.008896580067713,0
6.410380836835113,7.008896580067713,0
6.410380836835113,7.008896580067713,0
6.409238948196503,7.010849236012064,0
6.408184751763475,7.011770704838067,0
6.407218415829817,7.011661049275951,0
6.407306388525033,7.010629966707981,0
6.407306388525033,7.010629966707981,0
6.406164051103005,7.012582455371721,0
6.403878703083819,7.016487181778299,0
6.4028238895736,7.0174084205934655,0
6.3986919350527955,7.020062042365264,0
6.398338249138245,7.024185703514718,0
6.397282706354968,7.0251066704989,0
6.396315585050324,7.0249967221957235,0
6.395348463745687,7.024886773892543,0
6.397282706354968,7.0251066704989,0
6.395437053518105,7.023855921335407,0
6.396315585050324,7.0249967221957235,0
6.395348463745687,7.024886773892543,0
6.395437053518105,7.023855921335407,0
6.396315585050324,7.0249967221957235,0
6.397371183931536,7.024075776121613,0
6.396315585050324,7.0249967221957235,0
6.398338249138245,7.024185703514718,0
6.398338249138245,7.024185703514718,0
6.397459661508098,7.023044881744326,0
6.398249827659605,7.02521661880208,0
6.397459661508098,7.023044881744326,0
6.398426670616882,7.023154788227355,0
6.399305314344954,7.024295630907815,0
6.399393679725666,7.023264694710377,0
6.399305314344954,7.024295630907815,0
6.399040218202824,7.027388439500129,0
6.400007451703317,7.0274984296234635,0
6.399040218202824,7.027388439500129,0
6.398072984702331,7.027278449376805,0
6.398338249138245,7.024185703514718,0
6.397459661508098,7.023044881744326,0
6.3994820451063745,7.0222337585129395,0
6.398338249138245,7.024185703514718,0
6.399305314344954,7.024295630907815,0
6.398426670616882,7.023154788227355,0
6.397459661508098,7.023044881744326,0
6.3985150920955185,7.022123872939989,0
6.397459661508098,7.023044881744326,0
6.396138517701342,7.0270584691301465,0
6.39587291667787,7.030151089531778,0
6.396751840895583,7.031292036762622,0
6.396751840895583,7.031292036762622,0
6.394905514883597,7.03004103667822,0
6.394905514883597,7.03004103667822,0
6.39587291667787,7.030151089531778,0
6.394905514883597,7.03004103667822,0
6.394905514883597,7.03004103667822,0
6.394994104656014,7.029010184121088,0
6.39587291667787,7.030151089531778,0
6.39587291667787,7.030151089531778,0
6.39587291667787,7.030151089531778,0
6.395784383003377,7.031181962998989,0
6.39587291667787,7.030151089531778,0
6.37528834380522,7.0309312826739685,0
6.375378055536178,7.0299008483183485,0
6.375557478998104,7.027839979607105,0
6.375467767267139,7.028870413962725,0
6.375557478998104,7.027839979607105,0
6.375647190729058,7.026809545251481,0
6.377492282586651,7.028060085314216,0
6.376524880792378,7.027950032460659,0
6.379337598835946,7.029310709017253,0
6.376524880792378,7.027950032460659,0
6.377492282586651,7.028060085314216,0
6.374410541546052,7.02979075364464,0
6.3715079995756625,7.029460469623519,0
6.367637943615147,7.0290200909286895,0
6.367637943615147,7.0290200909286895,0
6.367637943615147,7.0290200909286895,0
6.368605457605277,7.029130185602398,0
6.368605457605277,7.029130185602398,0
6.365793188345123,7.0277696763264075,0
6.362800373664506,7.028469617560152,0
6.358839652308269,7.02905931774966,0
6.357086067315308,7.026779012453723,0
6.357267622498455,7.024718938325353,0
6.35542382089319,7.023468879194365,0
6.356391110491611,7.023578890227764,0
6.356391110491611,7.023578890227764,0
6.35542382089319,7.023468879194365,0
6.356300276802109,7.024608906381875,0
6.357267622498455,7.024718938325353,0
6.357449177681605,7.022658864196984,0
6.357630732864752,7.020598790068618,0
6.357630732864752,7.020598790068618,0
6.3557873800429014,7.0193488982182295,0
6.357630732864752,7.020598790068618,0
6.357721510456329,7.019568753004432,0
6.357721510456329,7.019568753004432,0
6.356663611560116,7.020488841765438,0
6.3564819441811125,7.022548874073657,0
6.356391110491611,7.023578890227764,0
6.3564819441811125,7.022548874073657,0
6.356391110491611,7.023578890227764,0
6.3564819441811125,7.022548874073657,0
6.357358400090032,7.0236889012611705,0
6.3564819441811125,7.022548874073657,0
6.3564819441811125,7.022548874073657,0
6.356391110491611,7.023578890227764,0
6.3564819441811125,7.022548874073657,0
6.3564819441811125,7.022548874073657,0
6.358144246701158,7.025859028243097,0
6.361832859674376,7.028359522886447,0
6.365612642924663,7.029830126836142,0
6.367547783100775,7.030050358003706,0
6.366580213012718,7.029940242419922,0
6.368695562021728,7.028099897617302,0
6.370630477806131,7.028320045144568,0
6.372565393590534,7.02854019267183,0
6.373532851482739,7.028650266435466,0
6.372565393590534,7.02854019267183,0
6.3715979356983325,7.028430118908201,0
6.370630477806131,7.028320045144568,0
6.3715979356983325,7.028430118908201,0
6.3715979356983325,7.028430118908201,0
6.3715979356983325,7.028430118908201,0
6.3715979356983325,7.028430118908201,0
6.372565393590534,7.02854019267183,0
6.372565393590534,7.02854019267183,0
6.3715979356983325,7.028430118908201,0
6.369663019913933,7.028209971380935,0
6.368605457605277,7.029130185602398,0
6.369663019913933,7.028209971380935,0
6.369572971595407,7.0292402802761025,0
6.370630477806131,7.028320045144568,0
6.369572971595407,7.0292402802761025,0
6.369663019913933,7.028209971380935,0
6.369572971595407,7.0292402802761025,0
6.3715979356983325,7.028430118908201,0
6.370630477806131,7.028320045144568,0
6.370720470026729,7.027289715339325,0
6.370720470026729,7.027289715339325,0
6.370630477806131,7.028320045144568,0
6.368785666438178,7.0270696096322105,0
6.3697530682324555,7.027179662485768,0
6.3697530682324555,7.027179662485768,0
6.369663019913933,7.028209971380935,0
6.369663019913933,7.028209971380935,0
6.370630477806131,7.028320045144568,0
6.370630477806131,7.028320045144568,0
6.369663019913933,7.028209971380935,0
6.370630477806131,7.028320045144568,0
6.370630477806131,7.028320045144568,0
6.370630477806131,7.028320045144568,0
6.372475513565792,7.029570564297227,0
6.372565393590534,7.02854019267183,0
6.3715979356983325,7.028430118908201,0
6.374410541546052,7.02979075364464,0
6.376345569526308,7.030010942992057,0
6.377581882121756,7.027029609138442,0
6.377581882121756,7.027029609138442,0
6.378638771255282,7.026109143996074,0
6.378638771255282,7.026109143996074,0
6.4227108730273414,7.047783340316581,0
6.4236790601925975,7.047893685911202,0
6.4236790601925975,7.047893685911202,0
6.4236790601925975,7.047893685911202,0
6.422797779861945,7.046751860457178,0
6.4236790601925975,7.047893685911202,0
6.4236790601925975,7.047893685911202,0
6.42464724735785,7.0480040315058154,0
6.4236790601925975,7.047893685911202,0
6.4236790601925975,7.047893685911202,0
6.4236790601925975,7.047893685911202,0
6.4236790601925975,7.047893685911202,0
6.4236790601925975,7.047893685911202,0
6.4256154345231025,7.0481143771004255,0
6.427898314233499,7.044208730650524,0
6.428866277007039,7.044318992604836,0
6.4298342397805825,7.044429254559148,0
6.4298342397805825,7.044429254559148,0
6.4298342397805825,7.044429254559148,0
6.428866277007039,7.044318992604836,0
6.4289528472540844,7.043287387284977,0
6.4289528472540844,7.043287387284977,0
6.4299207539297,7.04339762832921,0
6.430888660605323,7.043507869373453,0
6.430888660605323,7.043507869373453,0
6.430888660605323,7.043507869373453,0
6.430802202554133,7.04453951651346,0
6.4299207539297,7.04339762832921,0
6.4290394175011265,7.042255781965114,0
6.428866277007039,7.044318992604836,0
6.428866277007039,7.044318992604836,0
6.4299207539297,7.04339762832921,0
6.4299207539297,7.04339762832921,0
6.430093782227935,7.04133437586934,0
6.430093782227935,7.04133437586934,0
6.430093782227935,7.04133437586934,0
6.4289528472540844,7.043287387284977,0
6.4298342397805825,7.044429254559148,0
6.4299207539297,7.04339762832921,0
6.4289528472540844,7.043287387284977,0
6.427984940578469,7.04317714624074,0
6.4298342397805825,7.044429254559148,0
6.427984940578469,7.04317714624074,0
6.4289528472540844,7.043287387284977,0
6.4290394175011265,7.042255781965114,0
6.4289528472540844,7.043287387284977,0
6.4299207539297,7.04339762832921,0
6.430093782227935,7.04133437586934,0
6.430093782227935,7.04133437586934,0
6.4290394175011265,7.042255781965114,0
6.427984940578469,7.04317714624074,0
6.427898314233499,7.044208730650524,0
6.4286065662659055,7.047413808564414,0
6.428779706759997,7.0453505979246955,0
6.428866277007039,7.044318992604836,0
6.4298342397805825,7.044429254559148,0
6.428693136512951,7.046382203244555,0
6.4298342397805825,7.044429254559148,0
6.4298342397805825,7.044429254559148,0
6.4299207539297,7.04339762832921,0
6.4299207539297,7.04339762832921,0
6.4299207539297,7.04339762832921,0
6.4299207539297,7.04339762832921,0
6.429747725631469,7.045460880789083,0
6.429747725631469,7.045460880789083,0
6.429488183184116,7.048555759478891,0
6.426410256802562,7.050287849694463,0
6.425528695982276,7.049145919690062,0
6.425528695982276,7.049145919690062,0
6.424560452719096,7.049035553185373,0
6.4227108730273414,7.047783340316581,0
6.4227108730273414,7.047783340316581,0
6.4227108730273414,7.047783340316581,0
6.421655722929554,7.048704453671299,0
6.4227108730273414,7.047783340316581,0
6.423592209455919,7.04892518668068,0
6.42544195744145,7.050177462279695,0
6.426410256802562,7.050287849694463,0
6.426410256802562,7.050287849694463,0
6.427205303473727,7.052461405928796,0
6.430024080093421,7.053824340773563,0
6.429055612438528,7.053713890628565,0
6.429315154885881,7.05061901193876,0
6.4314245575146245,7.048776450668122,0
6.4306292864517545,7.046602810793484,0
6.430802202554133,7.04453951651346,0
6.430715744502944,7.045571163653474,0
6.4306292864517545,7.046602810793484,0
6.431510959467889,7.047744782618036,0
6.433360931845133,7.0489971418573525,0
6.43407041803194,7.052202679792909,0
6.43407041803194,7.052202679792909,0
6.43407041803194,7.052202679792909,0
6.43407041803194,7.052202679792909,0
6.433102062572903,7.052092271468066,0
6.433102062572903,7.052092271468066,0
6.43407041803194,7.052202679792909,0
6.43407041803194,7.052202679792909,0
6.433102062572903,7.052092271468066,0
6.433102062572903,7.052092271468066,0
6.416806558071528,7.036697586265515,0
6.416806558071528,7.036697586265515,0
6.416719258551431,7.037728919754393,0
6.418567435795008,7.038980609871288,0
6.418393061146524,7.041043360489343,0
6.421122574818675,7.043436896970334,0
6.423939612402638,7.0447991836027555,0
6.421742685862089,7.047672994721967,0
6.4218296487946205,7.046641535772636,0
6.422623966192731,7.048814820175988,0
6.42350535871924,7.0499566874501625,0
6.4225370593581275,7.049846300035394,0
6.423592209455919,7.04892518668068,0
6.424560452719096,7.049035553185373,0
6.424560452719096,7.049035553185373,0
6.4253552189006236,7.051209004869328,0
6.424560452719096,7.049035553185373,0
6.424473658080341,7.050067074864927,0
6.424560452719096,7.049035553185373,0
6.424560452719096,7.049035553185373,0
6.424560452719096,7.049035553185373,0
6.424473658080341,7.050067074864927,0
6.424560452719096,7.049035553185373,0
6.424560452719096,7.049035553185373,0
6.424560452719096,7.049035553185373,0
6.424560452719096,7.049035553185373,0
6.4256154345231025,7.0481143771004255,0
6.426670304131257,7.047193159195338,0
6.4286065662659055,7.047413808564414,0
6.42957469733323,7.047524133248952,0
6.429401669034995,7.049587385708826,0
6.429401669034995,7.049587385708826,0
6.429401669034995,7.049587385708826,0
6.429401669034995,7.049587385708826,0
6.429488183184116,7.048555759478891,0
6.429488183184116,7.048555759478891,0
6.4286065662659055,7.047413808564414,0
6.42851999601886,7.048445413884274,0
6.4286065662659055,7.047413808564414,0
6.4286065662659055,7.047413808564414,0
6.4286065662659055,7.047413808564414,0
6.42851999601886,7.048445413884274,0
6.4286065662659055,7.047413808564414,0
6.429488183184116,7.048555759478891,0
6.4286065662659055,7.047413808564414,0
6.429488183184116,7.048555759478891,0
6.4286065662659055,7.047413808564414,0
6.429488183184116,7.048555759478891,0
6.4286065662659055,7.047413808564414,0
6.428693136512951,7.046382203244555,0
6.4286065662659055,7.047413808564414,0
6.4286065662659055,7.047413808564414,0
6.4296612114823475,7.046492507019018,0
6.4296612114823475,7.046492507019018,0
6.428693136512951,7.046382203244555,0
6.4286065662659055,7.047413808564414,0
6.428693136512951,7.046382203244555,0
6.428693136512951,7.046382203244555,0
6.427725061543555,7.046271899470092,0
6.4286065662659055,7.047413808564414,0
6.428693136512951,7.046382203244555,0
6.42957469733323,7.047524133248952,0
6.428693136512951,7.046382203244555,0
6.42957469733323,7.047524133248952,0
6.429488183184116,7.048555759478891,0
6.429488183184116,7.048555759478891,0
6.4286065662659055,7.047413808564414,0
6.430715744502944,7.045571163653474,0
6.428866277007039,7.044318992604836,0
6.430715744502944,7.045571163653474,0
6.4298342397805825,7.044429254559148,0
6.428866277007039,7.044318992604836,0
6.428866277007039,7.044318992604836,0
6.426843669017053,7.045130032195921,0
6.427103716345748,7.042035341696796,0
6.424026463139317,7.043767682833277,0
6.422177500524757,7.0425156999753185,0
6.419273780497903,7.042184976842606,0
6.418393061146524,7.041043360489343,0
6.41759969741317,7.038870431557278,0
6.417425210568833,7.040933140355179,0
6.417425210568833,7.040933140355179,0
6.419360911724215,7.041153580623501,0
6.418305873822284,7.042074735798373,0
6.417425210568833,7.040933140355179,0
6.417425210568833,7.040933140355179,0
6.4146964822676615,7.038539896615248,0
6.4146090705517125,7.039571188283972,0
6.4155768650314755,7.0396813875080575,0
6.4155768650314755,7.0396813875080575,0
6.4165446595112385,7.039791586732143,0
6.417337967146668,7.041964494754129,0
6.418393061146524,7.041043360489343,0
6.418305873822284,7.042074735798373,0
6.417337967146668,7.041964494754129,0
6.418393061146524,7.041043360489343,0
6.417337967146668,7.041964494754129,0
6.418393061146524,7.041043360489343,0
6.419273780497903,7.042184976842606,0
6.419186649271587,7.0432163730617106,0
6.423058500365769,7.043657420878958,0
6.423145407200376,7.042625941019555,0
6.423939612402638,7.0447991836027555,0
6.422177500524757,7.0425156999753185,0
6.421035555788219,7.04446833500959,0
6.4208615177272925,7.046531211088098,0
6.420948536757756,7.045499773048846,0
6.420948536757756,7.045499773048846,0
6.419980461788356,7.0453894692743795,0
6.422090537592222,7.043547158924646,0
6.420948536757756,7.045499773048846,0
6.420948536757756,7.045499773048846,0
6.419273780497903,7.042184976842606,0
6.419273780497903,7.042184976842606,0
6.418393061146524,7.041043360489343,0
6.416370060471049,7.0418542537098965,0
6.416370060471049,7.0418542537098965,0
6.417337967146668,7.041964494754129,0
6.417337967146668,7.041964494754129,0
6.417337967146668,7.041964494754129,0
6.418305873822284,7.042074735798373,0
6.418305873822284,7.042074735798373,0
6.417337967146668,7.041964494754129,0
6.417337967146668,7.041964494754129,0
6.416370060471049,7.0418542537098965,0
6.416370060471049,7.0418542537098965,0
6.417337967146668,7.041964494754129,0
6.416282760950949,7.0428855871987714,0
6.417337967146668,7.041964494754129,0
6.417337967146668,7.041964494754129,0
6.417337967146668,7.041964494754129,0
6.417425210568833,7.040933140355179,0
6.417337967146668,7.041964494754129,0
6.4181314991738,7.044137486416425,0
6.420948536757756,7.045499773048846,0
6.420948536757756,7.045499773048846,0
6.420948536757756,7.045499773048846,0
6.420948536757756,7.045499773048846,0
6.421122574818675,7.043436896970334,0
6.420948536757756,7.045499773048846,0
6.420948536757756,7.045499773048846,0
6.420948536757756,7.045499773048846,0
6.419980461788356,7.0453894692743795,0
6.420948536757756,7.045499773048846,0
6.421122574818675,7.043436896970334,0
6.420241687173522,7.042295217886842,0
6.421122574818675,7.043436896970334,0
6.422003574659691,7.044578617873977,0
6.420948536757756,7.045499773048846,0
6.419893386659965,7.04642088640356,0
6.419980461788356,7.0453894692743795,0
6.41980631153158,7.047452303532733,0
6.419980461788356,7.0453894692743795,0
6.419980461788356,7.0453894692743795,0
6.4207744986968365,7.047562649127354,0
6.423592209455919,7.04892518668068,0
6.4207744986968365,7.047562649127354,0
6.42068747966637,7.048594087166606,0
6.421655722929554,7.048704453671299,0
6.42068747966637,7.048594087166606,0
6.421742685862089,7.047672994721967,0
6.42068747966637,7.048594087166606,0
6.420948536757756,7.045499773048846,0
6.421209593849142,7.042405458931082,0
6.421035555788219,7.04446833500959,0
6.420067536916747,7.044358052145199,0
6.42068747966637,7.048594087166606,0
6.421655722929554,7.048704453671299,0
6.42068747966637,7.048594087166606,0
6.42068747966637,7.048594087166606,0
6.424560452719096,7.049035553185373,0
6.421568759997019,7.049735912620626,0
6.421568759997019,7.049735912620626,0
6.419545086146414,7.050546554920274,0
6.419370935889642,7.0526093891786275,0
6.41945801101803,7.051577972049451,0
6.420426422574991,7.051688401284373,0
6.420252384514072,7.053751277362878,0
6.419283860761254,7.053640806307808,0
6.420426422574991,7.051688401284373,0
6.419632161274805,7.049515137791094,0
6.421742685862089,7.047672994721967,0
6.420948536757756,7.045499773048846,0
6.422003574659691,7.044578617873977,0
6.422003574659691,7.044578617873977,0
6.420948536757756,7.045499773048846,0
6.422177500524757,7.0425156999753185,0
6.423145407200376,7.042625941019555,0
6.422971593531162,7.044688900738365,0
6.420948536757756,7.045499773048846,0
6.420948536757756,7.045499773048846,0
6.420948536757756,7.045499773048846,0
6.420948536757756,7.045499773048846,0
6.420948536757756,7.045499773048846,0
6.420948536757756,7.045499773048846,0
6.420948536757756,7.045499773048846,0
6.420948536757756,7.045499773048846,0
6.419980461788356,7.0453894692743795,0
6.420948536757756,7.045499773048846,0
6.421655722929554,7.048704453671299,0
6.395082694428432,7.027979331563952,0
6.3940267589596615,7.028900152177609,0
6.394994104656014,7.029010184121088,0
6.394905514883597,7.03004103667822,0
6.396840318472147,7.030261142385335,0
6.39587291667787,7.030151089531778,0
6.39587291667787,7.030151089531778,0
6.39587291667787,7.030151089531778,0
6.396663363319014,7.032322931139909,0
6.395784383003377,7.031181962998989,0
6.39587291667787,7.030151089531778,0
6.39596145035236,7.029120216064566,0
6.396840318472147,7.030261142385335,0
6.394994104656014,7.029010184121088,0
6.394994104656014,7.029010184121088,0
6.394994104656014,7.029010184121088,0
6.39596145035236,7.029120216064566,0
6.394905514883597,7.03004103667822,0
6.39596145035236,7.029120216064566,0
6.394994104656014,7.029010184121088,0
6.394905514883597,7.03004103667822,0
6.396840318472147,7.030261142385335,0
6.394905514883597,7.03004103667822,0
6.394816925111176,7.031071889235356,0
6.396840318472147,7.030261142385335,0
6.3987751220606945,7.030481248092446,0
6.3987751220606945,7.030481248092446,0
6.399919142420536,7.028529386730977,0
6.400007451703317,7.0274984296234635,0
6.400095760986101,7.02646747251595,0
6.399393679725666,7.023264694710377,0
6.398426670616882,7.023154788227355,0
6.3994820451063745,7.0222337585129395,0
6.3994820451063745,7.0222337585129395,0
6.399393679725666,7.023264694710377,0
6.399393679725666,7.023264694710377,0
6.399393679725666,7.023264694710377,0
6.3994820451063745,7.0222337585129395,0
6.3985150920955185,7.022123872939989,0
6.39649265239931,7.0229349752613,0
6.395437053518105,7.023855921335407,0
6.393148115231593,7.027759309497142,0
6.394115404830011,7.027869320530549,0
6.394115404830011,7.027869320530549,0
6.39587291667787,7.030151089531778,0
6.39596145035236,7.029120216064566,0
6.3940267589596615,7.028900152177609,0
6.3940267589596615,7.028900152177609,0
6.393148115231593,7.027759309497142,0
6.394115404830011,7.027869320530549,0
6.396840318472147,7.030261142385335,0
6.39587291667787,7.030151089531778,0
6.39596145035236,7.029120216064566,0
6.3940267589596615,7.028900152177609,0
6.393148115231593,7.027759309497142,0
6.393236817199863,7.026728498760161,0
6.391391164363004,7.025477749596668,0
6.388578614613213,7.024117135770304,0
6.389634662277832,7.023196356976797,0
6.386555277350169,7.024927903530401,0
6.384531715695424,7.025738587650199,0
6.381719390337338,7.024378057464137,0
6.379516573514451,7.027249673025402,0
6.378638771255282,7.026109143996074,0
6.378549227818102,7.027139641081924,0
6.378549227818102,7.027139641081924,0
6.376524880792378,7.027950032460659,0
6.375557478998104,7.027839979607105,0
6.374320773717162,7.030821167090188,0
6.374410541546052,7.02979075364464,0
6.374410541546052,7.02979075364464,0
6.37528834380522,7.0309312826739685,0
6.376524880792378,7.027950032460659,0
6.378549227818102,7.027139641081924,0
6.379516573514451,7.027249673025402,0
6.378549227818102,7.027139641081924,0
6.377581882121756,7.027029609138442,0
6.376614536425407,7.02691957719496,0
6.378549227818102,7.027139641081924,0
6.380573350452124,7.026329166062887,0
6.377671481656865,7.025999132962671,0
6.378638771255282,7.026109143996074,0
6.379516573514451,7.027249673025402,0
6.378549227818102,7.027139641081924,0
6.378549227818102,7.027139641081924,0
6.377581882121756,7.027029609138442,0
6.376614536425407,7.02691957719496,0
6.376614536425407,7.02691957719496,0
6.376524880792378,7.027950032460659,0
6.377581882121756,7.027029609138442,0
6.377492282586651,7.028060085314216,0
6.378638771255282,7.026109143996074,0
6.376524880792378,7.027950032460659,0
6.376524880792378,7.027950032460659,0
6.375557478998104,7.027839979607105,0
6.376524880792378,7.027950032460659,0
6.376524880792378,7.027950032460659,0
6.377671481656865,7.025999132962671,0
6.378549227818102,7.027139641081924,0
6.379516573514451,7.027249673025402,0
6.42897162265238,7.183910872319462,0
6.427996142756609,7.183797808415008,0
6.42897162265238,7.183910872319462,0
6.429947102548152,7.184023936223912,0
6.430922582443923,7.184137000128366,0
6.43100836731999,7.183105102067444,0
6.431898062339695,7.18425006403282,0
6.431898062339695,7.18425006403282,0
6.433849022131238,7.184476191841721,0
6.432873542235466,7.184363127937271,0
6.431898062339695,7.18425006403282,0
6.431898062339695,7.18425006403282,0
6.430922582443923,7.184137000128366,0
6.429947102548152,7.184023936223912,0
6.429947102548152,7.184023936223912,0
6.430922582443923,7.184137000128366,0
6.431898062339695,7.18425006403282,0
6.43295921491568,7.183331188056201,0
6.433934638713527,7.183444231050576,0
6.434910062511371,7.183557274044954,0
6.436946358395563,7.182751336512332,0
6.436860910107061,7.183783360033704,0
6.437750941714331,7.18492844745953,0
6.436775461818556,7.18481538355508,0
6.435799981922784,7.184702319650629,0
6.436946358395563,7.182751336512332,0
6.438007118286059,7.1818323141651845,0
6.438092510476629,7.180800269733734,0
6.436227503854937,7.17954230659414,0
6.433301905636522,7.179203428531917,0
6.430547989366097,7.176800796168006,0
6.429572902155815,7.1766878786340875,0
6.428511861775686,7.177606796430851,0
6.429487005083896,7.177719734874856,0
6.430376307418115,7.178864550469697,0
6.430204625470129,7.180928304771385,0
6.430922582443923,7.184137000128366,0
6.431898062339695,7.18425006403282,0
6.43295921491568,7.183331188056201,0
6.43295921491568,7.183331188056201,0
6.433934638713527,7.183444231050576,0
6.436056495082077,7.181606311816736,0
6.437031806684065,7.181719312990957,0
6.437202703261072,7.179655265948213,0
6.436313008241367,7.17851030398284,0
6.433387578316733,7.178171488650847,0
6.431437291700313,7.177945611762848,0
6.431523076576379,7.176913713701932,0
6.431523076576379,7.176913713701932,0
6.431523076576379,7.176913713701932,0
6.430547989366097,7.176800796168006,0
6.429487005083896,7.177719734874856,0
6.430376307418115,7.178864550469697,0
6.43029046644412,7.1798964276205375,0
6.430204625470129,7.180928304771385,0
6.430922582443923,7.184137000128366,0
6.43083679756786,7.185168898189282,0
6.43181233356156,7.1852819830038115,0
6.43181233356156,7.1852819830038115,0
6.43181233356156,7.1852819830038115,0
6.43083679756786,7.185168898189282,0
6.43083679756786,7.185168898189282,0
6.43083679756786,7.185168898189282,0
6.42986126157416,7.185055813374756,0
6.42986126157416,7.185055813374756,0
6.430751012691793,7.186200796250201,0
6.4287998285085415,7.185974584800995,0
6.428885725580461,7.18494272856023,0
6.427910189586761,7.184829643745701,0
6.428885725580461,7.18494272856023,0
6.428885725580461,7.18494272856023,0
6.4287998285085415,7.185974584800995,0
6.427910189586761,7.184829643745701,0
6.4287998285085415,7.185974584800995,0
6.427910189586761,7.184829643745701,0
6.427824236416914,7.18586147907639,0
6.426848644325286,7.185748373351789,0
6.42773828324707,7.186893314407083,0
6.42773828324707,7.186893314407083,0
6.427824236416914,7.18586147907639,0
6.426934653593062,7.1847165589311714,0
6.426934653593062,7.1847165589311714,0
6.427192681396381,7.181621115669323,0
6.428425908605838,7.178638631761547,0
6.4304621483921025,7.1778326733188536,0
6.429487005083896,7.177719734874856,0
6.429572902155815,7.1766878786340875,0
6.427536718467472,7.177493857986857,0
6.4265615751592655,7.177380919542859,0
6.428597814945533,7.176574961100162,0
6.4266476405249655,7.176349126032317,0
6.426733705890669,7.175317332521779,0
6.426733705890669,7.175317332521779,0
6.4266476405249655,7.176349126032317,0
6.427622727735251,7.176462043566239,0
6.428597814945533,7.176574961100162,0
6.428597814945533,7.176574961100162,0
6.427622727735251,7.176462043566239,0
6.425500310387431,7.178299753699324,0
6.429487005083896,7.177719734874856,0
6.429658799227738,7.175656022393319,0
6.429744696299654,7.174624166152551,0
6.429658799227738,7.175656022393319,0
6.427622727735251,7.176462043566239,0
6.4266476405249655,7.176349126032317,0
6.427708737003027,7.175430229145626,0
6.427708737003027,7.175430229145626,0
6.427622727735251,7.176462043566239,0
6.429658799227738,7.175656022393319,0
6.429487005083896,7.177719734874856,0
6.4304621483921025,7.1778326733188536,0
6.4304621483921025,7.1778326733188536,0
6.427536718467472,7.177493857986857,0
6.4304621483921025,7.1778326733188536,0
6.4313515068242495,7.1789775098237705,0
6.431437291700313,7.177945611762848,0
6.429487005083896,7.177719734874856,0
6.429572902155815,7.1766878786340875,0
6.428597814945533,7.176574961100162,0
6.427622727735251,7.176462043566239,0
6.426819771256369,7.174285539011237,0
6.426733705890669,7.175317332521779,0
6.427708737003027,7.175430229145626,0
6.427708737003027,7.175430229145626,0
6.427622727735251,7.176462043566239,0
6.427622727735251,7.176462043566239,0
6.429572902155815,7.1766878786340875,0
6.429487005083896,7.177719734874856,0
6.429572902155815,7.1766878786340875,0
6.428597814945533,7.176574961100162,0
6.427536718467472,7.177493857986857,0
6.428597814945533,7.176574961100162,0
6.427622727735251,7.176462043566239,0
6.427622727735251,7.176462043566239,0
6.426733705890669,7.175317332521779,0
6.4247836436659576,7.1750915392740815,0
6.42486982122751,7.174059787583694,0
6.422833581441246,7.174865746026391,0
6.423894846213081,7.173946911869923,0
6.423981079872565,7.172915181089607,0
6.424955998789066,7.173028035893303,0
6.424955998789066,7.173028035893303,0
6.4247836436659576,7.1750915392740815,0
6.424697466104405,7.1761232909644725,0
6.4256725533146835,7.176236208498395,0
6.425586431851055,7.177267981098861,0
6.4256725533146835,7.176236208498395,0
6.4265615751592655,7.177380919542859,0
6.427622727735251,7.176462043566239,0
6.428683768115381,7.175543125769469,0
6.429658799227738,7.175656022393319,0
6.430547989366097,7.176800796168006,0
6.430633830340092,7.175768919017166,0
6.429658799227738,7.175656022393319,0
6.428769721285228,7.1745112904387796,0
6.426733705890669,7.175317332521779,0
6.42584479624194,7.174172663297465,0
6.426733705890669,7.175317332521779,0
6.428683768115381,7.175543125769469,0
6.431523076576379,7.176913713701932,0
6.434448338207229,7.177252466303699,0
6.434362721624943,7.1782844270948445,0
6.434020255295806,7.18241227025943,0
6.434191488460375,7.180348348677136,0
6.434362721624943,7.1782844270948445,0
6.431437291700313,7.177945611762848,0
6.430547989366097,7.176800796168006,0
6.429658799227738,7.175656022393319,0
6.4277947462707985,7.174398414725005,0
6.42788075553857,7.173366600304391,0
6.42788075553857,7.173366600304391,0
6.428769721285228,7.1745112904387796,0
6.428683768115381,7.175543125769469,0
6.429572902155815,7.1766878786340875,0
6.429572902155815,7.1766878786340875,0
6.428339955435991,7.17967046709224,0
6.428339955435991,7.17967046709224,0
6.430032943522143,7.182992059073069,0
6.430032943522143,7.182992059073069,0
6.430032943522143,7.182992059073069,0
6.42897162265238,7.183910872319462,0
6.429229313868138,7.180815303597157,0
6.429315210940054,7.179783447356392,0
6.429401108011977,7.178751591115621,0
6.429487005083896,7.177719734874856,0
6.429572902155815,7.1766878786340875,0
6.429572902155815,7.1766878786340875,0
6.428769721285228,7.1745112904387796,0
6.428769721285228,7.1745112904387796,0
6.426733705890669,7.175317332521779,0
6.4256725533146835,7.176236208498395,0
6.4256725533146835,7.176236208498395,0
6.4247836436659576,7.1750915392740815,0
6.4256725533146835,7.176236208498395,0
6.4256725533146835,7.176236208498395,0
6.427708737003027,7.175430229145626,0
6.428597814945533,7.176574961100162,0
6.429572902155815,7.1766878786340875,0
6.429315210940054,7.179783447356392,0
6.431094152196053,7.182073204006528,0
6.435252304448799,7.179429347240067,0
6.435337864933153,7.178397365538846,0
6.435337864933153,7.178397365538846,0
6.432326706230388,7.179090469177844,0
6.4304621483921025,7.1778326733188536,0
6.431437291700313,7.177945611762848,0
6.431437291700313,7.177945611762848,0
6.429572902155815,7.1766878786340875,0
6.429487005083896,7.177719734874856,0
6.428597814945533,7.176574961100162,0
6.428511861775686,7.177606796430851,0
6.429487005083896,7.177719734874856,0
6.431608861452446,7.175881815641009,0
6.431523076576379,7.176913713701932,0
6.432498163786661,7.177026631235854,0
6.432498163786661,7.177026631235854,0
6.431523076576379,7.176913713701932,0
6.4304621483921025,7.1778326733188536,0
6.43029046644412,7.1798964276205375,0
6.4313515068242495,7.1789775098237705,0
6.432326706230388,7.179090469177844,0
6.432669621342939,7.174962793293865,0
6.431523076576379,7.176913713701932,0
6.431523076576379,7.176913713701932,0
6.431523076576379,7.176913713701932,0
6.431523076576379,7.176913713701932,0
6.431437291700313,7.177945611762848,0
6.432498163786661,7.177026631235854,0
6.4335589236771575,7.176107608888707,0
6.432412435008526,7.178058550206849,0
6.431265721948186,7.180009407884686,0
6.4313515068242495,7.1789775098237705,0
6.433387578316733,7.178171488650847,0
6.433473250996947,7.177139548769777,0
6.432498163786661,7.177026631235854,0
6.431523076576379,7.176913713701932,0
6.431523076576379,7.176913713701932,0
6.432498163786661,7.177026631235854,0
6.432412435008526,7.178058550206849,0
6.433301905636522,7.179203428531917,0
6.432240977452249,7.180122388148838,0
6.433301905636522,7.179203428531917,0
6.435166743964441,7.180461328941288,0
6.436227503854937,7.17954230659414,0
6.432240977452249,7.180122388148838,0
6.432240977452249,7.180122388148838,0
6.4313515068242495,7.1789775098237705,0
6.4304621483921025,7.1778326733188536,0
6.4304621483921025,7.1778326733188536,0
6.429572902155815,7.1766878786340875,0
6.428597814945533,7.176574961100162,0
6.426733705890669,7.175317332521779,0
6.4277947462707985,7.174398414725005,0
6.4266476405249655,7.176349126032317,0
6.4266476405249655,7.176349126032317,0
6.428597814945533,7.176574961100162,0
6.428511861775686,7.177606796430851,0
6.4304621483921025,7.1778326733188536,0
6.4304621483921025,7.1778326733188536,0
6.430547989366097,7.176800796168006,0
6.431523076576379,7.176913713701932,0
6.4304621483921025,7.1778326733188536,0
6.4313515068242495,7.1789775098237705,0
6.428339955435991,7.17967046709224,0
6.427450709199704,7.178525672407474,0
6.428339955435991,7.17967046709224,0
6.429572902155815,7.1766878786340875,0
6.429487005083896,7.177719734874856,0
6.430547989366097,7.176800796168006,0
6.430547989366097,7.176800796168006,0
6.4304621483921025,7.1778326733188536,0
6.431437291700313,7.177945611762848,0
6.431437291700313,7.177945611762848,0
6.4313515068242495,7.1789775098237705,0
6.434362721624943,7.1782844270948445,0
6.433301905636522,7.179203428531917,0
6.432326706230388,7.179090469177844,0
6.434277105042661,7.17931638788599,0
6.434362721624943,7.1782844270948445,0
6.435508985901873,7.1763334021364,0
6.436569521400656,7.175414296148951,0
6.439494446443938,7.175752923290265,0
6.442249035889489,7.178155806575084,0
6.444114154707044,7.179413811534829,0
6.444114154707044,7.179413811534829,0
6.446064441323461,7.179639688422824,0
6.447039584631675,7.179752626866822,0
6.446954697322443,7.180784859488956,0
6.448014727939885,7.179865565310823,0
6.447039584631675,7.179752626866822,0
6.445894554509142,7.181704111846933,0
6.444029099104032,7.1804459814267325,0
6.441993532492887,7.181252190790335,0
6.439067765980695,7.180913249997886,0
6.436141999468507,7.18057430920544,0
6.434448338207229,7.177252466303699,0
6.430547989366097,7.176800796168006,0
6.428597814945533,7.176574961100162,0
6.4277947462707985,7.174398414725005,0
6.428683768115381,7.175543125769469,0
6.4346195713717975,7.175188544721404,0
6.4346195713717975,7.175188544721404,0
6.435508985901873,7.1763334021364,0
6.437373599838075,7.177591218905466,0
6.436141999468507,7.18057430920544,0
6.436141999468507,7.18057430920544,0
6.4359709906956475,7.182638314428033,0
6.437031806684065,7.181719312990957,0
6.438007118286059,7.1818323141651845,0
6.437117254972566,7.180687289469589,0
6.436227503854937,7.17954230659414,0
6.4350811834800865,7.181493310642512,0
6.434105871878092,7.181380309468285,0
6.432326706230388,7.179090469177844,0
6.431437291700313,7.177945611762848,0
6.430376307418115,7.178864550469697,0
6.4313515068242495,7.1789775098237705,0
6.431437291700313,7.177945611762848,0
6.432498163786661,7.177026631235854,0
6.4346195713717975,7.175188544721404,0
6.435594546386227,7.175301420435183,0
6.438519471429508,7.175640047576493,0
6.439323774258643,7.177817053973314,0
6.440213581474204,7.178962057758838,0
6.442249035889489,7.178155806575084,0
6.443139011398834,7.179300873090831,0
6.443053899697897,7.180333022072659,0
6.444919299005079,7.181591131582788,0
6.444114154707044,7.179413811534829,0
6.443053899697897,7.180333022072659,0
6.442078700291756,7.180220062718583,0
6.439067765980695,7.180913249997886,0
6.437117254972566,7.180687289469589,0
6.436141999468507,7.18057430920544,0
6.434995622995729,7.18252529234373,0
6.434995622995729,7.18252529234373,0
6.434191488460375,7.180348348677136,0
6.434105871878092,7.181380309468285,0
6.435166743964441,7.180461328941288,0
6.436056495082077,7.181606311816736,0
6.437031806684065,7.181719312990957,0
6.438007118286059,7.1818323141651845,0
6.438982429888046,7.181945315339412,0
6.438641085517453,7.18607357670551,0
6.439531341516435,7.187218747771638,0
6.4388117577027515,7.184009446022461,0
6.439067765980695,7.180913249997886,0
6.439238438165994,7.178849119314837,0
6.438348687048361,7.177704136439388,0
6.4374590481265805,7.176559195384094,0
6.433644596357368,7.1750756690076365,0
6.43071967131408,7.174737041866322,0
6.426905836622069,7.173253745500695,0
6.424955998789066,7.173028035893303,0
6.422031242039562,7.172689471482215,0
6.423006160956064,7.172802326285915,0
6.424955998789066,7.173028035893303,0
6.426819771256369,7.174285539011237,0
6.428769721285228,7.1745112904387796,0
6.429658799227738,7.175656022393319,0
6.430547989366097,7.176800796168006,0
6.4335589236771575,7.176107608888707,0
6.432583892564804,7.17599471226486,0
6.432498163786661,7.177026631235854,0
6.432583892564804,7.17599471226486,0
6.4335589236771575,7.176107608888707,0
6.4335589236771575,7.176107608888707,0
6.434448338207229,7.177252466303699,0
6.431523076576379,7.176913713701932,0
6.432498163786661,7.177026631235854,0
6.431437291700313,7.177945611762848,0
6.432498163786661,7.177026631235854,0
6.4313515068242495,7.1789775098237705,0
6.432326706230388,7.179090469177844,0
6.4313515068242495,7.1789775098237705,0
6.43029046644412,7.1798964276205375,0
6.431437291700313,7.177945611762848,0
6.430547989366097,7.176800796168006,0
6.431523076576379,7.176913713701932,0
6.429487005083896,7.177719734874856,0
6.431523076576379,7.176913713701932,0
6.429572902155815,7.1766878786340875,0
6.427622727735251,7.176462043566239,0
6.428683768115381,7.175543125769469,0
6.430547989366097,7.176800796168006,0
6.429658799227738,7.175656022393319,0
6.429658799227738,7.175656022393319,0
6.429572902155815,7.1766878786340875,0
6.429572902155815,7.1766878786340875,0
6.431437291700313,7.177945611762848,0
6.4304621483921025,7.1778326733188536,0
6.429572902155815,7.1766878786340875,0
6.430547989366097,7.176800796168006,0
6.429658799227738,7.175656022393319,0
6.429572902155815,7.1766878786340875,0
6.429487005083896,7.177719734874856,0
6.430376307418115,7.178864550469697,0
6.431265721948186,7.180009407884686,0
6.434191488460375,7.180348348677136,0
6.435166743964441,7.180461328941288,0
6.438092510476629,7.180800269733734,0
6.438092510476629,7.180800269733734,0
6.440128301479483,7.179994144010436,0
6.440043021484762,7.1810262302620345,0
6.438641085517453,7.18607357670551,0
6.438641085517453,7.18607357670551,0
6.438555749424804,7.187105642047033,0
6.438385077239506,7.189169772730082,0
6.441567693498548,7.186412831149092,0
6.4436038210889635,7.185606830886243,0
6.444664300489823,7.184687703988722,0
6.445979497916305,7.180671900134882,0
6.4480995591511885,7.1788333117786145,0
6.449244196588229,7.176881680427979,0
6.449244196588229,7.176881680427979,0
6.449159421474853,7.1779139548702595,0
6.451109483699565,7.178139748117953,0
6.450219171602658,7.17699455614175,0
6.449244196588229,7.176881680427979,0
6.449244196588229,7.176881680427979,0
6.4511941466170875,7.177107431855518,0
6.450134452587207,7.178026851494103,0
6.449159421474853,7.1779139548702595,0
6.44712447194091,7.178720394244696,0
6.443139011398834,7.179300873090831,0
6.442334203688361,7.177123678503332,0
6.438434079238938,7.176672092007941,0
6.437373599838075,7.177591218905466,0
6.434533954789515,7.176220505512553,0
6.4335589236771575,7.176107608888707,0
6.433473250996947,7.177139548769777,0
6.4321552486741105,7.181154307119833,0
6.4321552486741105,7.181154307119833,0
6.433044887595887,7.182299248175131,0
6.434020255295806,7.18241227025943,0
6.4359709906956475,7.182638314428033,0
6.437750941714331,7.18492844745953,0
6.438641085517453,7.18607357670551,0
6.440506933608056,7.187331853496239,0
6.438641085517453,7.18607357670551,0
6.436946358395563,7.182751336512332,0
6.435166743964441,7.180461328941288,0
6.431437291700313,7.177945611762848,0
6.429744696299654,7.174624166152551,0
6.428052774074118,7.171302971463156,0
6.426189282096452,7.170045572895603,0
6.425300709035287,7.168901029131746,0
6.426017039169192,7.172109118096536,0
6.4277947462707985,7.174398414725005,0
6.428597814945533,7.176574961100162,0
6.43029046644412,7.1798964276205375,0
6.433216232956312,7.1802353684129905,0
6.433934638713527,7.183444231050576,0
6.434020255295806,7.18241227025943,0
6.431094152196053,7.182073204006528,0
6.428082095926456,7.182765973084315,0
6.426045182965062,7.183571680606104,0
6.425069703069287,7.18345861670165,0
6.424180400735072,7.182313801106808,0
6.424352755858184,7.18025029772603,0
6.4244389334197365,7.179218546035642,0
6.424525110981293,7.178186794345251,0
6.425586431851055,7.177267981098861,0
6.4256725533146835,7.176236208498395,0
6.4256725533146835,7.176236208498395,0
6.4256725533146835,7.176236208498395,0
6.424697466104405,7.1761232909644725,0
6.423636145234635,7.177042104210862,0
6.4256725533146835,7.176236208498395,0
6.4256725533146835,7.176236208498395,0
6.426733705890669,7.175317332521779,0
6.42788075553857,7.173366600304391,0
6.426905836622069,7.173253745500695,0
6.424955998789066,7.173028035893303,0
6.425042176350619,7.171996284202912,0
6.424067313532046,7.171883450309295,0
6.420254320308938,7.170400467594806,0
6.420254320308938,7.170400467594806,0
6.420167862257749,7.171432114734817,0
6.421056323123061,7.172576616678523,0
6.421056323123061,7.172576616678523,0
6.421056323123061,7.172576616678523,0
6.421056323123061,7.172576616678523,0
6.421944896184225,7.17372116044238,0
6.420969921169796,7.1736082847286085,0
6.421858550328892,7.174752849402541,0
6.421858550328892,7.174752849402541,0
6.42079711726327,7.175671620828783,0
6.42079711726327,7.175671620828783,0
6.4208835192165346,7.174639952778694,0
6.420969921169796,7.1736082847286085,0
6.421056323123061,7.172576616678523,0
6.421142725076322,7.1715449486284335,0
6.4221175878948955,7.171657782522054,0
6.422203933750232,7.170626093561893,0
6.421142725076322,7.1715449486284335,0
6.421142725076322,7.1715449486284335,0
6.421056323123061,7.172576616678523,0
6.422031242039562,7.172689471482215,0
6.421142725076322,7.1715449486284335,0
6.420254320308938,7.170400467594806,0
6.420254320308938,7.170400467594806,0
6.421142725076322,7.1715449486284335,0
6.421142725076322,7.1715449486284335,0
6.422031242039562,7.172689471482215,0
6.423092450713469,7.171770616415678,0
6.423092450713469,7.171770616415678,0
6.421944896184225,7.17372116044238,0
6.421858550328892,7.174752849402541,0
6.421944896184225,7.17372116044238,0
6.421056323123061,7.172576616678523,0
6.421142725076322,7.1715449486284335,0
6.4213155289828485,7.169481612528262,0
6.422203933750232,7.170626093561893,0
6.4221175878948955,7.171657782522054,0
6.421142725076322,7.1715449486284335,0
6.421056323123061,7.172576616678523,0
6.4221175878948955,7.171657782522054,0
6.420167862257749,7.171432114734817,0
6.417329900146999,7.170062028644171,0
6.415120071083223,7.17293103044598,0
6.4150333325423965,7.17396257303561,0
6.4140583014300425,7.173849676411766,0
6.4140583014300425,7.173849676411766,0
6.4140583014300425,7.173849676411766,0
6.414231890707548,7.171786633052655,0
6.414231890707548,7.171786633052655,0
6.414231890707548,7.171786633052655,0
6.414231890707548,7.171786633052655,0
6.4140583014300425,7.173849676411766,0
6.41494659400157,7.174994115625246,0
6.4150333325423965,7.17396257303561,0
6.414145096068793,7.172818154732209,0
6.4130832703176885,7.173736779787923,0
6.412021332370724,7.174655363023476,0
6.4130832703176885,7.173736779787923,0
6.4140583014300425,7.173849676411766,0
6.4140583014300425,7.173849676411766,0
6.416896768422141,7.175219950693091,0
6.41999494615537,7.173495409014837,0
6.421056323123061,7.172576616678523,0
6.422031242039562,7.172689471482215,0
6.4221175878948955,7.171657782522054,0
6.42326503022829,7.169707196675198,0
6.423178740470881,7.170738906545438,0
6.421229127029587,7.170513280578348,0
6.4200814042065595,7.172463761874827,0
6.421056323123061,7.172576616678523,0
6.421142725076322,7.1715449486284335,0
6.422203933750232,7.170626093561893,0
6.422203933750232,7.170626093561893,0
6.422290279605569,7.169594404601728,0
6.421229127029587,7.170513280578348,0
6.421142725076322,7.1715449486284335,0
6.421229127029587,7.170513280578348,0
6.421142725076322,7.1715449486284335,0
6.421142725076322,7.1715449486284335,0
6.422031242039562,7.172689471482215,0
6.4200814042065595,7.172463761874827,0
6.421056323123061,7.172576616678523,0
6.423092450713469,7.171770616415678,0
6.422203933750232,7.170626093561893,0
6.421142725076322,7.1715449486284335,0
6.4221175878948955,7.171657782522054,0
6.422031242039562,7.172689471482215,0
6.423981079872565,7.172915181089607,0
6.42486982122751,7.174059787583694,0
6.42584479624194,7.174172663297465,0
6.425758674778315,7.175204435897928,0
6.427622727735251,7.176462043566239,0
6.425586431851055,7.177267981098861,0
6.4256725533146835,7.176236208498395,0
6.4247836436659576,7.1750915392740815,0
6.425758674778315,7.175204435897928,0
6.424611288542845,7.17715504265486,0
6.424525110981293,7.178186794345251,0
6.4244389334197365,7.179218546035642,0
6.423204976937228,7.18220075811243,0
6.424180400735072,7.182313801106808,0
6.425069703069287,7.18345861670165,0
6.42481133867841,7.186553934503042,0
6.426676625789739,7.18781200219302,0
6.429432056704197,7.190215199128975,0
6.430407873187534,7.190328388493878,0
6.43155514722714,7.188377739916799,0
6.43057944293966,7.18826459237204,0
6.42960373865218,7.188151444827287,0
6.428542137292784,7.1890701535233,0
6.428456240220864,7.190102009764068,0
6.42739447056768,7.191020655729851,0
6.427480423737528,7.1899888203991615,0
6.426762635057514,7.186780187772406,0
6.4270206628608335,7.183684744510554,0
6.428339955435991,7.17967046709224,0
6.427450709199704,7.178525672407474,0
6.427622727735251,7.176462043566239,0
6.4266476405249655,7.176349126032317,0
6.425758674778315,7.175204435897928,0
6.4247836436659576,7.1750915392740815,0
6.422661001926425,7.176929165766868,0
6.42486982122751,7.174059787583694,0
6.42486982122751,7.174059787583694,0
6.4247836436659576,7.1750915392740815,0
6.424697466104405,7.1761232909644725,0
6.4265615751592655,7.177380919542859,0
6.427536718467472,7.177493857986857,0
6.428597814945533,7.176574961100162,0
6.429487005083896,7.177719734874856,0
6.4313515068242495,7.1789775098237705,0
6.433473250996947,7.177139548769777,0
6.434448338207229,7.177252466303699,0
6.436398512627797,7.177478301371547,0
6.436227503854937,7.17954230659414,0
6.436141999468507,7.18057430920544,0
6.438092510476629,7.180800269733734,0
6.440128301479483,7.179994144010436,0
6.4411035008856174,7.180107103364509,0
6.442249035889489,7.178155806575084,0
6.444284265913076,7.177349471751025,0
6.443309234800719,7.177236575127175,0
6.442249035889489,7.178155806575084,0
6.440213581474204,7.178962057758838,0
6.439153102073348,7.179881184656363,0
6.436946358395563,7.182751336512332,0
6.434653381058297,7.186653219148617,0
6.431640876005282,7.187345820945801,0
6.42960373865218,7.188151444827287,0
6.43066522781573,7.18723269431112,0
6.4326165241948345,7.187458947580481,0
6.432787869555256,7.185395067818341,0
6.432787869555256,7.185395067818341,0
6.433934638713527,7.183444231050576,0
6.434910062511371,7.183557274044954,0
6.434995622995729,7.18252529234373,0
6.434995622995729,7.18252529234373,0
6.434020255295806,7.18241227025943,0
6.433044887595887,7.182299248175131,0
6.433130560276101,7.181267308294057,0
6.4321552486741105,7.181154307119833,0
6.432240977452249,7.180122388148838,0
6.433216232956312,7.1802353684129905,0
6.433216232956312,7.1802353684129905,0
6.434277105042661,7.17931638788599,0
6.434191488460375,7.180348348677136,0
6.434191488460375,7.180348348677136,0
6.435252304448799,7.179429347240067,0
6.434995622995729,7.18252529234373,0
6.434020255295806,7.18241227025943,0
6.434105871878092,7.181380309468285,0
6.432069519895972,7.182186226090831,0
6.431094152196053,7.182073204006528,0
6.430204625470129,7.180928304771385,0
6.430118784496138,7.181960181922225,0
6.43100836731999,7.183105102067444,0
6.431983791117837,7.183218145061822,0
6.431983791117837,7.183218145061822,0
6.433044887595887,7.182299248175131,0
6.434020255295806,7.18241227025943,0
6.435166743964441,7.180461328941288,0
6.4350811834800865,7.181493310642512,0
6.436141999468507,7.18057430920544,0
6.43817790266721,7.179768225302286,0
6.438092510476629,7.180800269733734,0
6.438007118286059,7.1818323141651845,0
6.437665549523754,7.185960491890981,0
6.43758015733318,7.186992536322428,0
6.438555749424804,7.187105642047033,0
6.438641085517453,7.18607357670551,0
6.440592157504852,7.186299746334562,0
6.440677381401645,7.1852676391728885,0
6.440592157504852,7.186299746334562,0
6.439616621511156,7.186186661520036,0
6.437665549523754,7.185960491890981,0
6.436690013530054,7.1858474070764515,0
6.436604565241552,7.186879430597827,0
6.436433668664545,7.188943477640571,0
6.4372385885708745,7.191120714048221,0
6.4372385885708745,7.191120714048221,0
6.4372385885708745,7.191120714048221,0
6.436177323799036,7.19203954820469,0
6.436262772087538,7.191007524683318,0
6.436262772087538,7.191007524683318,0
6.436604565241552,7.186879430597827,0
6.43758015733318,7.186992536322428,0
6.438470413332155,7.1881377073885595,0
6.4393607815269895,7.1892829202748345,0
6.439446061521714,7.188250834023236,0
6.4414825256996835,7.187444959220844,0
6.440677381401645,7.1852676391728885,0
6.439616621511156,7.186186661520036,0
6.437750941714331,7.18492844745953,0
6.438007118286059,7.1818323141651845,0
6.436227503854937,7.17954230659414,0
6.436227503854937,7.17954230659414,0
6.434277105042661,7.17931638788599,0
6.434277105042661,7.17931638788599,0
6.436141999468507,7.18057430920544,0
6.437117254972566,7.180687289469589,0
6.439153102073348,7.179881184656363,0
6.442163868090624,7.1791879346468335,0
6.440506933608056,7.187331853496239,0
6.440506933608056,7.187331853496239,0
6.439446061521714,7.188250834023236,0
6.439616621511156,7.186186661520036,0
6.43758015733318,7.186992536322428,0
6.436690013530054,7.1858474070764515,0
6.435799981922784,7.184702319650629,0
6.437031806684065,7.181719312990957,0
6.436056495082077,7.181606311816736,0
6.435166743964441,7.180461328941288,0
6.434191488460375,7.180348348677136,0
6.433130560276101,7.181267308294057,0
6.431094152196053,7.182073204006528,0
6.431094152196053,7.182073204006528,0
6.432069519895972,7.182186226090831,0
6.433934638713527,7.183444231050576,0
6.433934638713527,7.183444231050576,0
6.434020255295806,7.18241227025943,0
6.433130560276101,7.181267308294057,0
6.4321552486741105,7.181154307119833,0
6.433216232956312,7.1802353684129905,0
6.433301905636522,7.179203428531917,0
6.432326706230388,7.179090469177844,0
6.432326706230388,7.179090469177844,0
6.433473250996947,7.177139548769777,0
6.43470518795408,7.174156583930262,0
6.43470518795408,7.174156583930262,0
6.4346195713717975,7.175188544721404,0
6.434448338207229,7.177252466303699,0
6.433301905636522,7.179203428531917,0
6.432240977452249,7.180122388148838,0
6.431094152196053,7.182073204006528,0
6.431094152196053,7.182073204006528,0
6.432069519895972,7.182186226090831,0
6.433044887595887,7.182299248175131,0
6.434105871878092,7.181380309468285,0
6.434020255295806,7.18241227025943,0
6.434995622995729,7.18252529234373,0
6.434105871878092,7.181380309468285,0
6.434191488460375,7.180348348677136,0
6.434191488460375,7.180348348677136,0
6.432240977452249,7.180122388148838,0
6.433473250996947,7.177139548769777,0
6.434533954789515,7.176220505512553,0
6.433730269037582,7.174043729126566,0
6.432669621342939,7.174962793293865,0
6.433644596357368,7.1750756690076365,0
6.433473250996947,7.177139548769777,0
6.433216232956312,7.1802353684129905,0
6.435166743964441,7.180461328941288,0
6.436141999468507,7.18057430920544,0
6.438092510476629,7.180800269733734,0
6.439067765980695,7.180913249997886,0
6.439153102073348,7.179881184656363,0
6.437117254972566,7.180687289469589,0
6.435166743964441,7.180461328941288,0
6.434191488460375,7.180348348677136,0
6.433216232956312,7.1802353684129905,0
6.431265721948186,7.180009407884686,0
6.43029046644412,7.1798964276205375,0
6.429401108011977,7.178751591115621,0
6.429487005083896,7.177719734874856,0
6.429401108011977,7.178751591115621,0
6.431437291700313,7.177945611762848,0
6.432755350121077,7.1739308743228705,0
6.433644596357368,7.1750756690076365,0
6.432583892564804,7.17599471226486,0
6.431437291700313,7.177945611762848,0
6.432326706230388,7.179090469177844,0
6.433301905636522,7.179203428531917,0
6.434191488460375,7.180348348677136,0
6.435252304448799,7.179429347240067,0
6.4372881515495735,7.178623242426841,0
6.439409110351292,7.176784988631788,0
6.438519471429508,7.175640047576493,0
6.437629944703588,7.17449514834135,0
6.439323774258643,7.177817053973314,0
6.437202703261072,7.179655265948213,0
6.437117254972566,7.180687289469589,0
6.435252304448799,7.179429347240067,0
6.435252304448799,7.179429347240067,0
6.434105871878092,7.181380309468285,0
6.435166743964441,7.180461328941288,0
6.436141999468507,7.18057430920544,0
6.438092510476629,7.180800269733734,0
6.440128301479483,7.179994144010436,0
6.440128301479483,7.179994144010436,0
6.440213581474204,7.178962057758838,0
6.443139011398834,7.179300873090831,0
6.4411035008856174,7.180107103364509,0
6.440043021484762,7.1810262302620345,0
6.439153102073348,7.179881184656363,0
6.438263294857784,7.178736180870839,0
6.437202703261072,7.179655265948213,0
6.437202703261072,7.179655265948213,0
6.438092510476629,7.180800269733734,0
6.438982429888046,7.181945315339412,0
6.438726421610102,7.185041511363984,0
6.438555749424804,7.187105642047033,0
6.436775461818556,7.18481538355508,0
6.4326165241948345,7.187458947580481,0
6.4326165241948345,7.187458947580481,0
6.43155514722714,7.188377739916799,0
6.430407873187534,7.190328388493878,0
6.429517897678192,7.189183321978128,0
6.428542137292784,7.1890701535233,0
6.429517897678192,7.189183321978128,0
6.430493658063597,7.189296490432959,0
6.4325308515146205,7.188490887461551,0
6.43155514722714,7.188377739916799,0
6.43359217238439,7.187572074215161,0
6.4326165241948345,7.187458947580481,0
6.43155514722714,7.188377739916799,0
6.42986126157416,7.185055813374756,0
6.429143416796215,7.181847159837925,0
6.430118784496138,7.181960181922225,0
6.432069519895972,7.182186226090831,0
6.433216232956312,7.1802353684129905,0
6.435166743964441,7.180461328941288,0
6.435166743964441,7.180461328941288,0
6.435166743964441,7.180461328941288,0
6.4350811834800865,7.181493310642512,0
6.4350811834800865,7.181493310642512,0
6.434020255295806,7.18241227025943,0
6.4350811834800865,7.181493310642512,0
6.436141999468507,7.18057430920544,0
6.436141999468507,7.18057430920544,0
6.437117254972566,7.180687289469589,0
6.437117254972566,7.180687289469589,0
6.436860910107061,7.183783360033704,0
6.436604565241552,7.186879430597827,0
6.437665549523754,7.185960491890981,0
6.438555749424804,7.187105642047033,0
6.437665549523754,7.185960491890981,0
6.438007118286059,7.1818323141651845,0
6.43817790266721,7.179768225302286,0
6.437117254972566,7.180687289469589,0
6.436141999468507,7.18057430920544,0
6.436227503854937,7.17954230659414,0
6.434191488460375,7.180348348677136,0
6.434277105042661,7.17931638788599,0
6.434277105042661,7.17931638788599,0
6.435252304448799,7.179429347240067,0
6.436313008241367,7.17851030398284,0
6.436141999468507,7.18057430920544,0
6.4350811834800865,7.181493310642512,0
6.43817790266721,7.179768225302286,0
6.436141999468507,7.18057430920544,0
6.4350811834800865,7.181493310642512,0
6.434191488460375,7.180348348677136,0
6.433130560276101,7.181267308294057,0
6.433130560276101,7.181267308294057,0
6.432240977452249,7.180122388148838,0
6.433216232956312,7.1802353684129905,0
6.433216232956312,7.1802353684129905,0
6.434191488460375,7.180348348677136,0
6.436227503854937,7.17954230659414,0
6.438092510476629,7.180800269733734,0
6.439067765980695,7.180913249997886,0
6.441738029096285,7.18434857500559,0
6.442628341193192,7.185493766981793,0
6.4436038210889635,7.185606830886243,0
6.444409301974563,7.187784276394655,0
6.443518765485955,7.186639000778147,0
6.442543229492255,7.186525915963621,0
6.4414825256996835,7.187444959220844,0
6.438385077239506,7.189169772730082,0
6.438470413332155,7.1881377073885595,0
6.437665549523754,7.185960491890981,0
6.43758015733318,7.186992536322428,0
6.437494765142603,7.188024580753879,0
6.439616621511156,7.186186661520036,0
6.439531341516435,7.187218747771638,0
6.4414825256996835,7.187444959220844,0
6.440251261917673,7.1904281749812675,0
6.439104941542823,7.192379179029636,0
6.43829974114686,7.190201838071609,0
6.439446061521714,7.188250834023236,0
6.440592157504852,7.186299746334562,0
6.4414825256996835,7.187444959220844,0
6.4414825256996835,7.187444959220844,0
6.440592157504852,7.186299746334562,0
6.438641085517453,7.18607357670551,0
6.437494765142603,7.188024580753879,0
6.436177323799036,7.19203954820469,0
6.4360918755105345,7.193071571726062,0
6.436177323799036,7.19203954820469,0
6.438385077239506,7.189169772730082,0
6.440421709711263,7.188363960657913,0
6.441567693498548,7.186412831149092,0
6.441652861297417,7.1853807030773424,0
6.439957741490044,7.182058316513636,0
6.440128301479483,7.179994144010436,0
6.43817790266721,7.179768225302286,0
6.438092510476629,7.180800269733734,0
6.437202703261072,7.179655265948213,0
6.436141999468507,7.18057430920544,0
6.438092510476629,7.180800269733734,0
6.439067765980695,7.180913249997886,0
6.440128301479483,7.179994144010436,0
6.439531341516435,7.187218747771638,0
6.439616621511156,7.186186661520036,0
6.440592157504852,7.186299746334562,0
6.440677381401645,7.1852676391728885,0
6.4397871815005985,7.184122489016836,0
6.439067765980695,7.180913249997886,0
6.437117254972566,7.180687289469589,0
6.435252304448799,7.179429347240067,0
6.434362721624943,7.1782844270948445,0
6.432412435008526,7.178058550206849,0
6.432498163786661,7.177026631235854,0
6.433730269037582,7.174043729126566,0
6.43470518795408,7.174156583930262,0
6.4346195713717975,7.175188544721404,0
6.434448338207229,7.177252466303699,0
6.434277105042661,7.17931638788599,0
6.436227503854937,7.17954230659414,0
6.437202703261072,7.179655265948213,0
6.438092510476629,7.180800269733734,0
6.440128301479483,7.179994144010436,0
6.439153102073348,7.179881184656363,0
6.439153102073348,7.179881184656363,0
6.439067765980695,7.180913249997886,0
6.437117254972566,7.180687289469589,0
6.437117254972566,7.180687289469589,0
6.435166743964441,7.180461328941288,0
6.434191488460375,7.180348348677136,0
6.434191488460375,7.180348348677136,0
6.434191488460375,7.180348348677136,0
6.436227503854937,7.17954230659414,0
6.436141999468507,7.18057430920544,0
6.437117254972566,7.180687289469589,0
6.4378363339049045,7.183896403028083,0
6.4378363339049045,7.183896403028083,0
6.438007118286059,7.1818323141651845,0
6.438092510476629,7.180800269733734,0
6.43817790266721,7.179768225302286,0
6.4372881515495735,7.178623242426841,0
6.436313008241367,7.17851030398284,0
6.436227503854937,7.17954230659414,0
6.436227503854937,7.17954230659414,0
6.437202703261072,7.179655265948213,0
6.43817790266721,7.179768225302286,0
6.440213581474204,7.178962057758838,0
6.440213581474204,7.178962057758838,0
6.4402988614689285,7.177929971507236,0
6.439238438165994,7.178849119314837,0
6.438092510476629,7.180800269733734,0
6.439238438165994,7.178849119314837,0
6.43817790266721,7.179768225302286,0
6.43817790266721,7.179768225302286,0
6.437117254972566,7.180687289469589,0
6.438007118286059,7.1818323141651845,0
6.4350811834800865,7.181493310642512,0
6.435166743964441,7.180461328941288,0
6.436141999468507,7.18057430920544,0
6.437117254972566,7.180687289469589,0
6.437117254972566,7.180687289469589,0
6.438348687048361,7.177704136439388,0
6.439238438165994,7.178849119314837,0
6.4372881515495735,7.178623242426841,0
6.437117254972566,7.180687289469589,0
6.436141999468507,7.18057430920544,0
6.436227503854937,7.17954230659414,0
6.435337864933153,7.178397365538846,0
6.433301905636522,7.179203428531917,0
6.433301905636522,7.179203428531917,0
6.434191488460375,7.180348348677136,0
6.435166743964441,7.180461328941288,0
6.436141999468507,7.18057430920544,0
6.438092510476629,7.180800269733734,0
6.438007118286059,7.1818323141651845,0
6.438897093795397,7.182977380680935,0
6.438641085517453,7.18607357670551,0
6.437665549523754,7.185960491890981,0
6.437665549523754,7.185960491890981,0
6.436604565241552,7.186879430597827,0
6.435799981922784,7.184702319650629,0
6.436860910107061,7.183783360033704,0
6.438641085517453,7.18607357670551,0
6.438641085517453,7.18607357670551,0
6.439531341516435,7.187218747771638,0
6.440592157504852,7.186299746334562,0
6.441652861297417,7.1853807030773424,0
6.440592157504852,7.186299746334562,0
6.439616621511156,7.186186661520036,0
6.439531341516435,7.187218747771638,0
6.440336485814466,7.18939606781959,0
6.440251261917673,7.1904281749812675,0
6.44211767098755,7.191686660872758,0
6.440886351107608,7.194669855723106,0
6.438214405054207,7.191233903413131,0
6.439446061521714,7.188250834023236,0
6.441652861297417,7.1853807030773424,0
6.444834299499995,7.182623322384764,0
6.446064441323461,7.179639688422824,0
6.4480995591511885,7.1788333117786145,0
6.450219171602658,7.17699455614175,0
6.453228647367613,7.176300825200478,0
6.4553473622522475,7.174461735002399,0
6.4654012994888035,7.12351234474421,0
6.466289255472766,7.124656658497237,0
6.468233371317211,7.124880235276908,0
6.472121603006094,7.125327388836258,0
6.474870694854793,7.127728222933655,0
6.476815035090944,7.1279518833536315,0
6.479814805914515,7.127254534969271,0
6.480953328677508,7.125300624420387,0
6.482008478775292,7.124379511065673,0
6.484118442383309,7.122537158895788,0
6.484284514538587,7.120471313586531,0
6.486310881089686,7.119661674970523,0
6.487448281894132,7.117707346220119,0
6.488585458306872,7.115752933829416,0
6.488668269992804,7.114719927534484,0
6.4897224103279,7.113798437798408,0
6.491747711018391,7.112988401890956,0
6.495632801223358,7.113434384486066,0
6.497575346325849,7.113657375783621,0
6.498628869583751,7.112735656036708,0
6.499600086037063,7.112847130775414,0
6.500571302490382,7.112958605514116,0
6.501624601356571,7.112036802126902,0
6.501624601356571,7.112036802126902,0
6.501624601356571,7.112036802126902,0
6.500735579511993,7.110892091082441,0
6.501624601356571,7.112036802126902,0
6.500653441001184,7.1119253482982785,0
6.499682280645793,7.111813894469652,0
6.499928864471993,7.1087141855523654,0
6.499928864471993,7.1087141855523654,0
6.499928864471993,7.1087141855523654,0
6.501706683769452,7.111003524000989,0
6.49984666986326,7.109747421858128,0
6.49984666986326,7.109747421858128,0
6.496851162482148,7.11044635940824,0
6.497822266739611,7.110557792326787,0
6.497015888287173,7.108380012257168,0
6.49604489622557,7.108268621158771,0
6.49676879957963,7.111479532983772,0
6.49879337099707,7.1106692252453385,0
6.497739959935021,7.1115909868123985,0
6.497822266739611,7.110557792326787,0
6.494991429065589,7.109190361815756,0
6.494185443298651,7.107012728116665,0
6.494350505691241,7.1049465064260495,0
6.494350505691241,7.1049465064260495,0
6.494350505691241,7.1049465064260495,0
6.4954862796558,7.102991571283454,0
6.494350505691241,7.1049465064260495,0
6.495403804557434,7.104024703038835,0
6.4945155680838305,7.102880284735434,0
6.495403804557434,7.104024703038835,0
6.495403804557434,7.104024703038835,0
6.496374572227332,7.10413601049693,0
6.496374572227332,7.10413601049693,0
6.49734533989723,7.1042473179550285,0
6.49734533989723,7.1042473179550285,0
6.498316107567131,7.1043586254131235,0
6.499533627357014,7.101370286684162,0
6.499533627357014,7.101370286684162,0
6.496621829228658,7.1010365525005525,0
6.496621829228658,7.1010365525005525,0
6.496704248229097,7.100003399835096,0
6.496704248229097,7.100003399835096,0
6.497592428604772,7.101147797228425,0
6.49767479150729,7.100114623652889,0
6.498645334785479,7.100225847470682,0
6.498974562003831,7.096093069528241,0
6.50180338015247,7.097459747276552,0
6.503498051176429,7.100781966559651,0
6.50155696462005,7.100559518924065,0
6.500586421341858,7.100448295106272,0
6.498645334785479,7.100225847470682,0
6.497839517312315,7.098048276501821,0
6.497839517312315,7.098048276501821,0
6.4988922551992445,7.097126264013852,0
6.499862630183653,7.097237425101415,0
6.500833005168058,7.097348586188986,0
6.501885518663272,7.096426490060715,0
6.501967657174081,7.095393232844877,0
6.502049795684886,7.09435997562904,0
6.504072235381095,7.0935488733077285,0
6.504154261696044,7.09251557427174,0
6.505206326407841,7.091593310862862,0
6.50537026684189,7.089526670970734,0
6.506422107161985,7.088604323921551,0
6.507473835286223,7.087681935052224,0
6.506667849519278,7.085504301353133,0
6.506749763638375,7.0844709604969935,0
6.507719409349736,7.0845818497535795,0
6.508770856984334,7.083659356333868,0
6.509740446597764,7.083770224680375,0
6.510710036211194,7.0838810930268785,0
6.510791725938585,7.082847668530437,0
6.510873415665973,7.081814244033993,0
6.510873415665973,7.081814244033993,0
6.51184289308355,7.081925070560352,0
6.510955105393361,7.0807808195375515,0
6.512975525564194,7.079968964453521,0
6.434191488460375,7.180348348677136,0
6.434191488460375,7.180348348677136,0
6.435252304448799,7.179429347240067,0
6.434277105042661,7.17931638788599,0
6.434191488460375,7.180348348677136,0
6.433216232956312,7.1802353684129905,0
6.43117993707212,7.181041305945605,0
6.430204625470129,7.180928304771385,0
6.429143416796215,7.181847159837925,0
6.4281680490963,7.181734137753622,0
6.4281680490963,7.181734137753622,0
6.430118784496138,7.181960181922225,0
6.433044887595887,7.182299248175131,0
6.434910062511371,7.183557274044954,0
6.435885486309218,7.183670317039329,0
6.435799981922784,7.184702319650629,0
6.435714477536358,7.185734322261926,0
6.435714477536358,7.185734322261926,0
6.43359217238439,7.187572074215161,0
6.4325308515146205,7.188490887461551,0
6.431469418449009,7.189409658887794,0
6.43057944293966,7.18826459237204,0
6.43057944293966,7.18826459237204,0
6.4313836896708665,7.190441577858785,0
6.431297960892728,7.191473496829783,0
6.431469418449009,7.189409658887794,0
6.43057944293966,7.18826459237204,0
6.43057944293966,7.18826459237204,0
6.428885725580461,7.18494272856023,0
6.428082095926456,7.182765973084315,0
6.430118784496138,7.181960181922225,0
6.43117993707212,7.181041305945605,0
6.433216232956312,7.1802353684129905,0
6.434105871878092,7.181380309468285,0
6.435166743964441,7.180461328941288,0
6.436141999468507,7.18057430920544,0
6.437117254972566,7.180687289469589,0
6.438092510476629,7.180800269733734,0
6.440128301479483,7.179994144010436,0
6.439153102073348,7.179881184656363,0
6.439153102073348,7.179881184656363,0
6.43817790266721,7.179768225302286,0
6.438092510476629,7.180800269733734,0
6.437117254972566,7.180687289469589,0
6.436056495082077,7.181606311816736,0
6.4350811834800865,7.181493310642512,0
6.434105871878092,7.181380309468285,0
6.433044887595887,7.182299248175131,0
6.431094152196053,7.182073204006528,0
6.431726604783417,7.18631390197481,0
6.432702196875045,7.186427007699411,0
6.43359217238439,7.187572074215161,0
6.4345678205739425,7.187685200849842,0
6.43359217238439,7.187572074215161,0
6.4325308515146205,7.188490887461551,0
6.433420939219822,7.1896359957974525,0
6.432359506154199,7.190554767223691,0
6.432273833473985,7.1915867071047614,0
6.431469418449009,7.189409658887794,0
6.43057944293966,7.18826459237204,0
6.43066522781573,7.18723269431112,0
6.42986126157416,7.185055813374756,0
6.431094152196053,7.182073204006528,0
6.4321552486741105,7.181154307119833,0
6.432240977452249,7.180122388148838,0
6.432326706230388,7.179090469177844,0
6.4313515068242495,7.1789775098237705,0
6.4313515068242495,7.1789775098237705,0
6.430376307418115,7.178864550469697,0
6.4304621483921025,7.1778326733188536,0
6.428597814945533,7.176574961100162,0
6.429572902155815,7.1766878786340875,0
6.426733705890669,7.175317332521779,0
6.427708737003027,7.175430229145626,0
6.426733705890669,7.175317332521779,0
6.426733705890669,7.175317332521779,0
6.426733705890669,7.175317332521779,0
6.426733705890669,7.175317332521779,0
6.426819771256369,7.174285539011237,0
6.4256725533146835,7.176236208498395,0
6.425500310387431,7.178299753699324,0
6.4244389334197365,7.179218546035642,0
6.42231584289679,7.181056005247818,0
6.42231584289679,7.181056005247818,0
6.42231584289679,7.181056005247818,0
6.422402132654199,7.1800242953775815,0
6.422402132654199,7.1800242953775815,0
6.422402132654199,7.1800242953775815,0
6.421513166907545,7.178879605243193,0
6.420537911403478,7.178766624979044,0
6.42257471216902,7.177960875637105,0
6.421513166907545,7.178879605243193,0
6.419649113950605,7.177621997574882,0
6.4215995127628815,7.177847916283028,0
6.4215995127628815,7.177847916283028,0
6.420537911403478,7.178766624979044,0
6.419476197848226,7.179685291854906,0
6.418241343798883,7.182667169370482,0
6.415054856782874,7.185422668156253,0
6.411867360004177,7.188177790560658,0
6.480653123617792,7.202412147778137,0
6.481463653316826,7.204591475193354,0
6.481298029944966,7.206657487783211,0
6.481049594887171,7.209756506668004,0
6.481777873879544,7.212969049478911,0
6.480552724771588,7.215954544437579,0
6.481281340351526,7.219167212708939,0
6.482656937881938,7.226625994658175,0
6.4872970657904965,7.230294494170288,0
6.489818927597831,7.235802251161076,0
6.494298817535526,7.2415387706303065,0
6.4998415429870136,7.246357041425195,0
6.507263075150256,7.252438419238288,0
6.513710137180421,7.258407109528299,0
6.518444015870681,7.261046680210228,0
6.520979789963931,7.266559622899788,0
6.5256365228589,7.270234311794294,0
6.528255725715276,7.274714478199755,0
6.5328362103817845,7.279424619868049,0
6.537577493998416,7.282066950679969,0
6.539141827246649,7.287468334990525,0
6.542747505192505,7.292065663675267,0
6.546433694809281,7.29562912875198,0
6.548316596669711,7.296893762205716,0
6.549297405868554,7.297008812567359,0
6.550121230776302,7.299193095670514,0
6.54996424648521,7.301262328412026,0
6.550631535885284,7.305516011537296,0
6.550474663790045,7.307585286098956,0
6.551220894119087,7.310804520134077,0
6.5529491678013585,7.314139264552505,0
6.5529491678013585,7.314139264552505,0
6.551732489480386,7.317127916932606,0
6.555425691338048,7.320693995768771,0
6.553226969663836,7.323567137765565,0
6.5541310257528735,7.324717452710306,0
6.555113293497815,7.324833046733918,0
6.556095561242763,7.324948640757523,0
6.556999841723513,7.326099039342569,0
6.559042364477605,7.325295422828347,0
6.559946813252132,7.32644588414362,0
6.56002463222255,7.325411016851959,0
6.56002463222255,7.325411016851959,0
6.559120239545955,7.324260576446761,0
6.55806009673266,7.3251798288047425,0
6.557077828987715,7.325064234781131,0
6.55806009673266,7.3251798288047425,0
6.5571558162519175,7.324029430219696,0
6.558138027898941,7.3241450033332285,0
6.5571558162519175,7.324029430219696,0
6.558138027898941,7.3241450033332285,0
6.560102451192975,7.32437614956029,0
6.55806009673266,7.3251798288047425,0
6.5571558162519175,7.324029430219696,0
6.5571558162519175,7.324029430219696,0
6.559198114614308,7.323225730065175,0
6.560413727074664,7.320236680393638,0
6.560569365015507,7.318166945810308,0
6.560569365015507,7.318166945810308,0
6.560569365015507,7.318166945810308,0
6.560569365015507,7.318166945810308,0
6.560647183985928,7.317132078518643,0
6.560569365015507,7.318166945810308,0
6.560569365015507,7.318166945810308,0
6.560413727074664,7.320236680393638,0
6.560491546045085,7.319201813101973,0
6.561551240074969,7.318282393463392,0
6.560413727074664,7.320236680393638,0
6.561551240074969,7.318282393463392,0
6.561551240074969,7.318282393463392,0
6.5614734772024725,7.319317281665128,0
6.561395714329976,7.320352169866869,0
6.561551240074969,7.318282393463392,0
6.5614734772024725,7.319317281665128,0
6.5614734772024725,7.319317281665128,0
6.5614734772024725,7.319317281665128,0
6.5614734772024725,7.319317281665128,0
6.561551240074969,7.318282393463392,0
6.561395714329976,7.320352169866869,0
6.561395714329976,7.320352169866869,0
6.562377701585291,7.320467659340096,0
6.561395714329976,7.320352169866869,0
6.561395714329976,7.320352169866869,0
6.561395714329976,7.320352169866869,0
6.560335908104243,7.321271547685299,0
6.559042364477605,7.325295422828347,0
6.558886614340906,7.327365115591526,0
6.55979117531129,7.32851561872695,0
6.560618085605032,7.330701051884265,0
6.5625055313975516,7.331967379054131,0
6.562039627337711,7.338176959185475,0
6.562557000785503,7.344502509721796,0
6.5620914333132205,7.350712215313596,0
6.563593767206459,7.35715436355715,0
6.566236362898426,7.361643249464166,0
6.566834248017134,7.36693493639245,0
6.568571721759451,7.3702731100632874,0
6.570309868676887,7.373611534655026,0
6.5750035701057925,7.3773000032894025,0
6.5757584395155995,7.380522457476175,0
6.569640484819473,7.436192294944654,0
6.574275160083523,7.440922635746038,0
6.577999776780345,7.444500424224586,0
6.58377914557936,7.447279154585409,0
6.589408598426093,7.45212975235728,0
6.596330809528482,7.452956182245039,0
6.602189231452314,7.454700505335865,0
6.610100778638461,7.455645163916767,0
6.616949322017032,7.457508008441792,0
6.621968099417682,7.457062151788122,0
6.626839316978984,7.458689040768682,0
6.631564657638762,7.462389302685729,0
6.636510496588645,7.462980132500313,0
6.639332459644599,7.4654081287860095,0
6.642009892149272,7.46990999985001,0
6.645678399773445,7.474530747819507,0
6.64531651241596,7.479715225664531,0
6.646234200301276,7.480870621757656,0
6.646234200301276,7.480870621757656,0
6.648142121837179,7.482144581105143,0
6.64997817078293,7.484455624212313,0
6.650968404433524,7.484574187466663,0
6.650050267764794,7.483418624092931,0
6.650050267764794,7.483418624092931,0
6.652102607656129,7.482618666841951,0
6.6511124862013915,7.482500145407748,0
6.653020800422784,7.483774251125762,0
6.655001155528112,7.484011335814319,0
6.65584781229218,7.486204129318271,0
6.65584781229218,7.486204129318271,0
6.65676639774432,7.48735985997261,0
6.658747089437213,7.48759707012162,0
6.659737435283663,7.487715675196121,0
6.66256573740538,7.490146034320372,0
6.664404142464068,7.492457955650721,0
6.666314139623271,7.4937326886710025,0
6.669286018631514,7.494088817545649,0
6.671196408476206,7.495363696936465,0
6.673036272080999,7.497676161928776,0
6.669709293564452,7.502507041018301,0
6.669425617862881,7.506656797942188,0
6.668150418258399,7.510687510679979,0
6.666803738749252,7.515755453547989,0
6.662622754640189,7.518390799913654,0
6.662694010153146,7.517353486143136,0
6.661488158732094,7.520346174167834,0
6.6613455355103355,7.522420759888718,0
6.6619814550236,7.527726623848309,0
6.664532364411574,7.534309081824915,0
6.661268899894047,7.538099761553482,0
6.662119539610934,7.540294039672805,0
6.662119539610934,7.540294039672805,0
6.662190739025963,7.539256704992216,0
6.662190739025963,7.539256704992216,0
6.662261938440992,7.538219370311623,0
6.662261938440992,7.538219370311623,0
6.66233313785602,7.537182035631027,0
6.662404337271045,7.536144700950434,0
6.662404337271045,7.536144700950434,0
6.662404337271045,7.536144700950434,0
6.6624755366860775,7.535107366269841,0
6.6624755366860775,7.535107366269841,0
6.6624755366860775,7.535107366269841,0
6.662617935516131,7.533032696908652,0
6.662617935516131,7.533032696908652,0
6.662617935516131,7.533032696908652,0
6.66375298020764,7.531077489935075,0
6.663824123524741,7.530040134344407,0
6.663824123524741,7.530040134344407,0
6.6636818368905395,7.532114845525744,0
6.662760334346185,7.53095802754747,0
6.663824123524741,7.530040134344407,0
6.662760334346185,7.53095802754747,0
6.663610693573439,7.533152201116412,0
6.662760334346185,7.53095802754747,0
6.659711029053014,7.5316369123350135,0
6.658789750900368,7.530480177997042,0
6.658861174707102,7.529442926956747,0
6.658789750900368,7.530480177997042,0
6.659853764470633,7.529562368434281,0
6.659925132179442,7.528525096483914,0
6.659853764470633,7.529562368434281,0
6.659853764470633,7.529562368434281,0
6.659925132179442,7.528525096483914,0
6.660917665845041,7.528644517051369,0
6.660917665845041,7.528644517051369,0
6.66084635423416,7.529681809911814,0
6.66084635423416,7.529681809911814,0
6.660775042623278,7.530719102772252,0
6.661838943997687,7.529801251389344,0
6.661767688484733,7.530838565159861,0
6.661696432971773,7.531875878930379,0
6.6607037310123935,7.531756395632694,0
6.661696432971773,7.531875878930379,0
6.6616251774588235,7.532913192700899,0
6.661553921945867,7.533950506471413,0
6.6616251774588235,7.532913192700899,0
6.661553921945867,7.533950506471413,0
6.661482666432914,7.5349878202419305,0
6.6624755366860775,7.535107366269841,0
6.662261938440992,7.538219370311623,0
6.661268899894047,7.538099761553482,0
6.661340155407004,7.537062447782969,0
6.661340155407004,7.537062447782969,0
6.661268899894047,7.538099761553482,0
6.661340155407004,7.537062447782969,0
6.661340155407004,7.537062447782969,0
6.661340155407004,7.537062447782969,0
6.66233313785602,7.537182035631027,0
6.662404337271045,7.536144700950434,0
6.663326120305037,7.537301623479088,0
6.664248015534877,7.538458587827897,0
6.664105841096532,7.540533340829384,0
6.665098991839329,7.5406529914076685,0
6.665170022960581,7.539615593996849,0
6.665170022960581,7.539615593996849,0
6.665098991839329,7.5406529914076685,0
6.667298050101106,7.537779974871334,0
6.668361895377586,7.53686210257835,0
6.668361895377586,7.53686210257835,0
6.668361895377586,7.53686210257835,0
6.667368969026494,7.536742535640357,0
6.667368969026494,7.536742535640357,0
6.666376042675406,7.536622968702375,0
6.666376042675406,7.536622968702375,0
6.666305067652086,7.537660387023273,0
6.6654541474455655,7.5354660043535695,0
6.663254976987933,7.538338979069756,0
6.662190739025963,7.539256704992216,0
6.662190739025963,7.539256704992216,0
6.662190739025963,7.539256704992216,0
6.662190739025963,7.539256704992216,0
6.662190739025963,7.539256704992216,0
6.662190739025963,7.539256704992216,0
6.662190739025963,7.539256704992216,0
6.662261938440992,7.538219370311623,0
6.662261938440992,7.538219370311623,0
6.663254976987933,7.538338979069756,0
6.663254976987933,7.538338979069756,0
6.6631838336708356,7.539376334660425,0
6.664176928315705,7.5394959643286406,0
6.664176928315705,7.5394959643286406,0
6.664248015534877,7.538458587827897,0
6.6631838336708356,7.539376334660425,0
6.664176928315705,7.5394959643286406,0
6.664176928315705,7.5394959643286406,0
6.664105841096532,7.540533340829384,0
6.664105841096532,7.540533340829384,0
6.665098991839329,7.5406529914076685,0
6.665027960718081,7.541690388818495,0
6.665027960718081,7.541690388818495,0
6.665098991839329,7.5406529914076685,0
6.665098991839329,7.5406529914076685,0
6.6660921425821265,7.54077264198596,0
6.66616311760545,7.539735223665065,0
6.668291032550123,7.537899562719396,0
6.667298050101106,7.537779974871334,0
6.668291032550123,7.537899562719396,0
6.668291032550123,7.537899562719396,0
6.668361895377586,7.53686210257835,0
6.668361895377586,7.53686210257835,0
6.667368969026494,7.536742535640357,0
6.667298050101106,7.537779974871334,0
6.668361895377586,7.53686210257835,0
6.668361895377586,7.53686210257835,0
6.667368969026494,7.536742535640357,0
6.66743988795189,7.535705096409387,0
6.66743988795189,7.535705096409387,0
6.665312085203073,7.537540799175211,0
6.664248015534877,7.538458587827897,0
6.664248015534877,7.538458587827897,0
6.664248015534877,7.538458587827897,0
6.665312085203073,7.537540799175211,0
6.6654541474455655,7.5354660043535695,0
6.666517992722046,7.534548132060586,0
6.666447017698726,7.53558555038148,0
6.666517992722046,7.534548132060586,0
6.6654541474455655,7.5354660043535695,0
6.666517992722046,7.534548132060586,0
6.666517992722046,7.534548132060586,0
6.666588967745366,7.5335107137396875,0
6.666588967745366,7.5335107137396875,0
6.66552517856681,7.53442860694275,0
6.66552517856681,7.53442860694275,0
6.6654541474455655,7.5354660043535695,0
6.663397263622137,7.53626426788842,0
6.66233313785602,7.537182035631027,0
6.664390189973226,7.536383834826406,0
6.662261938440992,7.538219370311623,0
6.663397263622137,7.53626426788842,0
6.663468406939238,7.535226912297748,0
6.662617935516131,7.533032696908652,0
6.6624755366860775,7.535107366269841,0
6.663610693573439,7.533152201116412,0
6.662617935516131,7.533032696908652,0
6.663610693573439,7.533152201116412,0
6.663610693573439,7.533152201116412,0
6.662689134931156,7.531995362228063,0
6.662689134931156,7.531995362228063,0
6.66460345163075,7.533271705324172,0
6.61143921557948,7.520600993965257,0
6.61143921557948,7.520600993965257,0
6.6104467941097305,7.520481615217957,0
6.611365099072245,7.521637241321919,0
6.61143921557948,7.520600993965257,0
6.61143921557948,7.520600993965257,0
6.61143921557948,7.520600993965257,0
6.612357576639919,7.521756640979298,0
6.61143921557948,7.520600993965257,0
6.611365099072245,7.521637241321919,0
6.61143921557948,7.520600993965257,0
6.612357576639919,7.521756640979298,0
6.61426858356181,7.523031750380941,0
6.614342531775264,7.521995440294056,0
6.61426858356181,7.523031750380941,0
6.61426858356181,7.523031750380941,0
6.61426858356181,7.523031750380941,0
6.61426858356181,7.523031750380941,0
6.6152611172274085,7.523151170948399,0
6.6152611172274085,7.523151170948399,0
6.61426858356181,7.523031750380941,0
6.61426858356181,7.523031750380941,0
6.613276049896211,7.52291232981349,0
6.61335005420759,7.5218760406366805,0
6.612283516230608,7.522792909246032,0
6.613276049896211,7.52291232981349,0
6.61335005420759,7.5218760406366805,0
6.61335005420759,7.5218760406366805,0
6.613424058518973,7.520839751459867,0
6.61335005420759,7.5218760406366805,0
6.613202045584828,7.523948618990296,0
6.613202045584828,7.523948618990296,0
6.61335005420759,7.5218760406366805,0
6.613276049896211,7.52291232981349,0
6.6152611172274085,7.523151170948399,0
6.615187225111882,7.5241875019453595,0
6.614194635348355,7.52406806046783,0
6.61426858356181,7.523031750380941,0
6.6152611172274085,7.523151170948399,0
6.61426858356181,7.523031750380941,0
6.61426858356181,7.523031750380941,0
6.61426858356181,7.523031750380941,0
6.61426858356181,7.523031750380941,0
6.614194635348355,7.52406806046783,0
6.613276049896211,7.52291232981349,0
6.613276049896211,7.52291232981349,0
6.613276049896211,7.52291232981349,0
6.613276049896211,7.52291232981349,0
6.613202045584828,7.523948618990296,0
6.612283516230608,7.522792909246032,0
6.61426858356181,7.523031750380941,0
6.612357576639919,7.521756640979298,0
6.613276049896211,7.52291232981349,0
6.612357576639919,7.521756640979298,0
6.613276049896211,7.52291232981349,0
6.612357576639919,7.521756640979298,0
6.614342531775264,7.521995440294056,0
6.616327486910617,7.522234239608821,0
6.614342531775264,7.521995440294056,0
6.614342531775264,7.521995440294056,0
6.61426858356181,7.523031750380941,0
6.61426858356181,7.523031750380941,0
6.61426858356181,7.523031750380941,0
6.614342531775264,7.521995440294056,0
6.6152611172274085,7.523151170948399,0
6.614342531775264,7.521995440294056,0
6.61426858356181,7.523031750380941,0
6.61335005420759,7.5218760406366805,0
6.614342531775264,7.521995440294056,0
6.61426858356181,7.523031750380941,0
6.61426858356181,7.523031750380941,0
6.614416479988716,7.520959130207174,0
6.613424058518973,7.520839751459867,0
6.61335005420759,7.5218760406366805,0
6.614342531775264,7.521995440294056,0
6.614194635348355,7.52406806046783,0
6.615187225111882,7.5241875019453595,0
6.615335009342939,7.522114839951438,0
6.614342531775264,7.521995440294056,0
6.614342531775264,7.521995440294056,0
6.614342531775264,7.521995440294056,0
6.616327486910617,7.522234239608821,0
6.6152611172274085,7.523151170948399,0
6.6152611172274085,7.523151170948399,0
6.6152611172274085,7.523151170948399,0
6.61426858356181,7.523031750380941,0
6.61426858356181,7.523031750380941,0
6.61426858356181,7.523031750380941,0
6.6152611172274085,7.523151170948399,0
6.614194635348355,7.52406806046783,0
6.613202045584828,7.523948618990296,0
6.612283516230608,7.522792909246032,0
6.613202045584828,7.523948618990296,0
6.61335005420759,7.5218760406366805,0
6.612283516230608,7.522792909246032,0
6.613202045584828,7.523948618990296,0
6.613424058518973,7.520839751459867,0
6.61143921557948,7.520600993965257,0
6.613424058518973,7.520839751459867,0
6.613498062830356,7.519803462283058,0
6.611290982565006,7.522673488678578,0
6.611290982565006,7.522673488678578,0
6.61037262150457,7.5215178416645365,0
6.611365099072245,7.521637241321919,0
6.612357576639919,7.521756640979298,0
6.613424058518973,7.520839751459867,0
6.613424058518973,7.520839751459867,0
6.613424058518973,7.520839751459867,0
6.613498062830356,7.519803462283058,0
6.614490428202171,7.519922820120286,0
6.613276049896211,7.52291232981349,0
6.613276049896211,7.52291232981349,0
6.61335005420759,7.5218760406366805,0
6.61335005420759,7.5218760406366805,0
6.61335005420759,7.5218760406366805,0
6.61335005420759,7.5218760406366805,0
6.61335005420759,7.5218760406366805,0
6.61335005420759,7.5218760406366805,0
6.613276049896211,7.52291232981349,0
6.613276049896211,7.52291232981349,0
6.613276049896211,7.52291232981349,0
6.61335005420759,7.5218760406366805,0
6.613276049896211,7.52291232981349,0
6.61335005420759,7.5218760406366805,0
6.614342531775264,7.521995440294056,0
6.614342531775264,7.521995440294056,0
6.61335005420759,7.5218760406366805,0
6.613276049896211,7.52291232981349,0
6.613276049896211,7.52291232981349,0
6.613276049896211,7.52291232981349,0
6.61426858356181,7.523031750380941,0
6.613276049896211,7.52291232981349,0
6.61335005420759,7.5218760406366805,0
6.61335005420759,7.5218760406366805,0
6.61335005420759,7.5218760406366805,0
6.613424058518973,7.520839751459867,0
6.61335005420759,7.5218760406366805,0
6.61335005420759,7.5218760406366805,0
6.614416479988716,7.520959130207174,0
6.61335005420759,7.5218760406366805,0
6.612431637049227,7.520720372712567,0
6.611513332086716,7.5195647466086015,0
6.611513332086716,7.5195647466086015,0
6.611587448593948,7.518528499251943,0
6.61143921557948,7.520600993965257,0
6.612505697458534,7.519684104445833,0
6.614342531775264,7.521995440294056,0
6.615335009342939,7.522114839951438,0
6.615335009342939,7.522114839951438,0
6.615335009342939,7.522114839951438,0
6.614342531775264,7.521995440294056,0
6.615335009342939,7.522114839951438,0
6.61426858356181,7.523031750380941,0
6.61426858356181,7.523031750380941,0
6.6152611172274085,7.523151170948399,0
6.61426858356181,7.523031750380941,0
6.61426858356181,7.523031750380941,0
6.612357576639919,7.521756640979298,0
6.613276049896211,7.52291232981349,0
6.612283516230608,7.522792909246032,0
6.614342531775264,7.521995440294056,0
6.613276049896211,7.52291232981349,0
6.61426858356181,7.523031750380941,0
6.613276049896211,7.52291232981349,0
6.61426858356181,7.523031750380941,0
6.614194635348355,7.52406806046783,0
6.61426858356181,7.523031750380941,0
6.614194635348355,7.52406806046783,0
6.61426858356181,7.523031750380941,0
6.613276049896211,7.52291232981349,0
6.613276049896211,7.52291232981349,0
6.61335005420759,7.5218760406366805,0
6.614342531775264,7.521995440294056,0
6.61335005420759,7.5218760406366805,0
6.614342531775264,7.521995440294056,0
6.613276049896211,7.52291232981349,0
6.613276049896211,7.52291232981349,0
6.613276049896211,7.52291232981349,0
6.6093801439368995,7.521398442007158,0
6.605186874381808,7.524029209066246,0
6.601216290935987,7.523551359515817,0
6.5990814198483605,7.52538442761211,0
6.5950353735450555,7.525942323576519,0
6.592132113447196,7.524547898157799,0
6.591064116924112,7.525464223105182,0
6.589003137952009,7.52626096020451,0
6.588161081217962,7.5240698813267635,0
6.586251084058752,7.522795148306482,0
6.585182807046035,7.523711368703484,0
6.584190048988724,7.523591864495728,0
6.583197290931416,7.523472360287968,0
6.581211774816797,7.523233351872452,0
6.582280276221226,7.5223172151157485,0
6.582280276221226,7.5223172151157485,0
6.582280276221226,7.5223172151157485,0
6.582280276221226,7.5223172151157485,0
6.582280276221226,7.5223172151157485,0
6.582356019568351,7.521281574151285,0
6.584265680139989,7.5225561817111135,0
6.584265680139989,7.5225561817111135,0
6.670772251869433,7.530876224687127,0
6.670772251869433,7.530876224687127,0
6.667652644728065,7.532592778716477,0
6.667581725802677,7.533630217947447,0
6.667581725802677,7.533630217947447,0
6.6685744838599845,7.533749722155207,0
6.667581725802677,7.533630217947447,0
6.667581725802677,7.533630217947447,0
6.66772356365346,7.531555339485504,0
6.667794482578852,7.53051790025453,0
6.668787072342379,7.530637341732067,0
6.669567241917292,7.533869226362967,0
6.669638048646831,7.532831745311839,0
6.668503621032517,7.534787182296252,0
6.668503621032517,7.534787182296252,0
6.668503621032517,7.534787182296252,0
6.6685744838599845,7.533749722155207,0
6.6685744838599845,7.533749722155207,0
6.6685744838599845,7.533749722155207,0
6.6685744838599845,7.533749722155207,0
6.6685744838599845,7.533749722155207,0
6.667581725802677,7.533630217947447,0
6.6685744838599845,7.533749722155207,0
6.66772356365346,7.531555339485504,0
6.667581725802677,7.533630217947447,0
6.6685744838599845,7.533749722155207,0
6.667652644728065,7.532592778716477,0
6.667581725802677,7.533630217947447,0
6.6685744838599845,7.533749722155207,0
6.667581725802677,7.533630217947447,0
6.667652644728065,7.532592778716477,0
6.668645346687448,7.5327122620141616,0
6.668645346687448,7.5327122620141616,0
6.667652644728065,7.532592778716477,0
6.667652644728065,7.532592778716477,0
6.668645346687448,7.5327122620141616,0
6.667652644728065,7.532592778716477,0
6.667652644728065,7.532592778716477,0
6.667652644728065,7.532592778716477,0
6.66772356365346,7.531555339485504,0
6.666659942768682,7.532473295418793,0
6.66772356365346,7.531555339485504,0
6.665667240809302,7.532353812121109,0
6.666659942768682,7.532473295418793,0
6.666659942768682,7.532473295418793,0
6.667652644728065,7.532592778716477,0
6.666659942768682,7.532473295418793,0
6.666659942768682,7.532473295418793,0
6.666659942768682,7.532473295418793,0
6.666659942768682,7.532473295418793,0
6.666659942768682,7.532473295418793,0
6.665809303051795,7.5302790172994705,0
6.66772356365346,7.531555339485504,0
6.666659942768682,7.532473295418793,0
6.666730917792005,7.531435877097898,0
6.666730917792005,7.531435877097898,0
6.665667240809302,7.532353812121109,0
6.665667240809302,7.532353812121109,0
6.666730917792005,7.531435877097898,0
6.665667240809302,7.532353812121109,0
6.664674538849923,7.532234328823428,0
6.665667240809302,7.532353812121109,0
6.66573827193055,7.53131641471029,0
6.665667240809302,7.532353812121109,0
6.664745626069095,7.531196952322684,0
6.665667240809302,7.532353812121109,0
6.664674538849923,7.532234328823428,0
6.66573827193055,7.53131641471029,0
6.664745626069095,7.531196952322684,0
6.66573827193055,7.53131641471029,0
6.666730917792005,7.531435877097898,0
6.66573827193055,7.53131641471029,0
6.66573827193055,7.53131641471029,0
6.66573827193055,7.53131641471029,0
6.664745626069095,7.531196952322684,0
6.66573827193055,7.53131641471029,0
6.66573827193055,7.53131641471029,0
6.66573827193055,7.53131641471029,0
6.66573827193055,7.53131641471029,0
6.66573827193055,7.53131641471029,0
6.66573827193055,7.53131641471029,0
6.66573827193055,7.53131641471029,0
6.666730917792005,7.531435877097898,0
6.66573827193055,7.53131641471029,0
6.666730917792005,7.531435877097898,0
6.666801892815322,7.530398458777,0
6.666801892815322,7.530398458777,0
6.665809303051795,7.5302790172994705,0
6.666801892815322,7.530398458777,0
6.665809303051795,7.5302790172994705,0
6.665809303051795,7.5302790172994705,0
6.665809303051795,7.5302790172994705,0
6.664816713288268,7.530159575821941,0
6.664816713288268,7.530159575821941,0
6.664887800507444,7.529122199321193,0
6.664887800507444,7.529122199321193,0
6.664887800507444,7.529122199321193,0
6.664887800507444,7.529122199321193,0
6.664887800507444,7.529122199321193,0
6.664037553476046,7.526928067572399,0
6.594394425488744,7.6042412501026355,0
6.594319691904314,7.605277267448461,0
6.595316769502009,7.605398381732044,0
6.594394425488744,7.6042412501026355,0
6.593397403988984,7.6041201567291274,0
6.593322614306626,7.605156153164877,0
6.593322614306626,7.605156153164877,0
6.593322614306626,7.605156153164877,0
6.593397403988984,7.6041201567291274,0
6.593397403988984,7.6041201567291274,0
6.593397403988984,7.6041201567291274,0
6.593397403988984,7.6041201567291274,0
6.594319691904314,7.605277267448461,0
6.594394425488744,7.6042412501026355,0
6.594394425488744,7.6042412501026355,0
6.594394425488744,7.6042412501026355,0
6.594469159073181,7.60320523275681,0
6.594543892657615,7.602169215410985,0
6.594618626242049,7.60113319806516,0
6.595540801961526,7.602290266964342,0
6.595391446988515,7.604362343476144,0
6.596388468488282,7.604483436849655,0
6.597385489988046,7.604604530223163,0
6.595466124475021,7.603326305220243,0
6.595391446988515,7.604362343476144,0
6.5952420920155,7.606434419987949,0
6.594319691904314,7.605277267448461,0
6.594319691904314,7.605277267448461,0
6.593397403988984,7.6041201567291274,0
6.595391446988515,7.604362343476144,0
6.593472193671346,7.603084160293378,0
6.593472193671346,7.603084160293378,0
6.594469159073181,7.60320523275681,0
6.594394425488744,7.6042412501026355,0
6.594469159073181,7.60320523275681,0
6.594469159073181,7.60320523275681,0
6.593472193671346,7.603084160293378,0
6.593472193671346,7.603084160293378,0
6.593472193671346,7.603084160293378,0
6.593322614306626,7.605156153164877,0
6.595167414528998,7.607470458243849,0
6.593023455577185,7.60930013890788,0
6.593721823228851,7.61356540621507,0
6.592574717483021,7.6155161175223824,0
6.592425138118301,7.617588110393882,0
6.592200769071223,7.620696099701128,0
6.592825020215653,7.62599761436498,0
6.594448312385225,7.631420975165067,0
6.596147235706066,7.635808653180529,0
6.597921453590612,7.639160522950931,0
6.599770629451292,7.641476459015806,0
6.601471908885074,7.645865015254451,0
6.6003984708630625,7.646779311924501,0
6.59910206624215,7.650802120653683,0
6.596805498637551,7.654702665045129,0
6.5934335295835,7.659516774253966,0
6.5931352684208875,7.663661094558183,0
6.589985144007194,7.665366273506365,0
6.586759444540164,7.66810715614924,0
6.583532735310442,7.6708476624107504,0
6.583532735310442,7.6708476624107504,0
6.582532067445417,7.670725209882324,0
6.582532067445417,7.670725209882324,0
6.58260719371534,7.66968933890703,0
6.58260719371534,7.66968933890703,0
6.581606581948243,7.669566907288679,0
6.58260719371534,7.66968933890703,0
6.581606581948243,7.669566907288679,0
6.581606581948243,7.669566907288679,0
6.58060597018115,7.669444475670325,0
6.580681208646922,7.668408646515179,0
6.580681208646922,7.668408646515179,0
6.57968065297775,7.6682862358068995,0
6.5786800973085775,7.6681638250986275,0
6.5786800973085775,7.6681638250986275,0
6.577679541639405,7.668041414390348,0
6.577754948398965,7.6670056479654285,0
6.576754448827721,7.666883258167232,0
6.574677874631892,7.667674182265518,0
6.5726767632935506,7.667429360848967,0
6.571676207624378,7.667306950140688,0
6.5717519509715,7.666271309176224,0
6.5717519509715,7.666271309176224,0
6.5717519509715,7.666271309176224,0
6.572828137791937,7.665358037099889,0
6.572903825041131,7.66432237522535,0
6.5719791810128605,7.663164386282833,0
6.569826807371985,7.664990930435511,0
6.567825920425349,7.664746192659258,0
6.567825920425349,7.664746192659258,0
6.567901888164183,7.6637106353350966,0
6.566977524625546,7.6625527509429645,0
6.567901888164183,7.6637106353350966,0
6.568902275539571,7.663832983313149,0
6.567901888164183,7.6637106353350966,0
6.56797785590301,7.662675078010935,0
6.567901888164183,7.6637106353350966,0
6.5690540988213755,7.661761826844675,0
6.56805382364184,7.661639520686773,0
6.567901888164183,7.6637106353350966,0
6.553904575896709,7.689160426083088,0
6.552826032963335,7.690072819936248,0
6.553904575896709,7.689160426083088,0
6.553904575896709,7.689160426083088,0
6.553904575896709,7.689160426083088,0
6.553904575896709,7.689160426083088,0
6.554983006634231,7.688247990409774,0
6.554983006634231,7.688247990409774,0
6.555908267739699,7.689406209363121,0
6.554906421818206,7.689283317723103,0
6.554676667370124,7.692389299663088,0
6.556298332699814,7.69781205407098,0
6.556068914839301,7.700918161471421,0
6.557844759563729,7.704270637634011,0
6.559545029234815,7.708658817491294,0
6.560243116396855,7.712923980248107,0
6.562021036744582,7.716277230083502,0
6.561716717005851,7.7204192920995425,0
6.561640637071168,7.72145480760355,0
6.561336317332437,7.72559686961959,0
6.562264046746694,7.726756008616267,0
6.564119842162775,7.729074412070073,0
6.567984153843568,7.731640397070414,0
6.570845217154691,7.734082967678855,0
6.571622974518743,7.7373139531765,0
6.57355625231768,7.738597363878188,0
6.574485328082186,7.7397570047166795,0
6.57742348109068,7.741164436202467,0
6.579282417990676,7.743484010620509,0
6.5812167055523005,7.74476779770356,0
6.582071664809572,7.746963685898709,0
6.5831512175056375,7.746051668426912,0
6.583076427823276,7.747087664862661,0
6.58415592442141,7.746175626480785,0
6.58415592442141,7.746175626480785,0
6.58415592442141,7.746175626480785,0
6.583226007187999,7.745015671991162,0
6.582146510589865,7.7459277103730315,0
6.582296202150438,7.743855759321683,0
6.582221356370152,7.744891734847357,0
6.5802120547344565,7.7446438605597585,0
6.5802120547344565,7.7446438605597585,0
6.5802120547344565,7.7446438605597585,0
6.578202753098758,7.744395986272156,0
6.578277823270756,7.743360094386787,0
6.580361970686738,7.742571993148712,0
6.581291607430515,7.743731843087961,0
6.582296202150438,7.743855759321683,0
6.582221356370152,7.744891734847357,0
6.583226007187999,7.745015671991162,0
6.5812167055523005,7.74476779770356,0
6.5812167055523005,7.74476779770356,0
6.582296202150438,7.743855759321683,0
6.582296202150438,7.743855759321683,0
6.582146510589865,7.7459277103730315,0
6.583226007187999,7.745015671991162,0
6.582296202150438,7.743855759321683,0
6.583226007187999,7.745015671991162,0
6.583226007187999,7.745015671991162,0
6.582146510589865,7.7459277103730315,0
6.583226007187999,7.745015671991162,0
6.583226007187999,7.745015671991162,0
6.583226007187999,7.745015671991162,0
6.583226007187999,7.745015671991162,0
6.58415592442141,7.746175626480785,0
6.58609071686438,7.747459601754517,0
6.588025733699059,7.7487436606685485,0
6.5891050059054805,7.74783153864637,0
6.590184165916057,7.746919374804044,0
6.592193579747605,7.7471672909117935,0
6.59319828666338,7.747291248965674,0
6.596360528229315,7.745590586593835,0
6.596286467820008,7.7466268548605655,0
6.5982957694557065,7.746874729148168,0
6.596286467820008,7.7466268548605655,0
6.595355933509396,7.745466670360106,0
6.5962124074107,7.7476631231273,0
6.596064286592085,7.749735659660772,0
6.594837117958747,7.752720401856713,0
6.597630235534616,7.7562015199301335,0
6.598561499118279,7.757361976261574,0
6.600498142792841,7.758646641567804,0
6.599566710915397,7.757486122506137,0
6.598561499118279,7.757361976261574,0
6.598561499118279,7.757361976261574,0
6.598561499118279,7.757361976261574,0
6.598561499118279,7.757361976261574,0
6.599566710915397,7.757486122506137,0
6.599640546932999,7.756449770599097,0
6.600571922712511,7.7576102687506925,0
6.599566710915397,7.757486122506137,0
6.598561499118279,7.757361976261574,0
6.600571922712511,7.7576102687506925,0
6.600571922712511,7.7576102687506925,0
6.600498142792841,7.758646641567804,0
6.601355963044391,7.760843596176812,0
6.600276803033822,7.761755760019142,0
6.602214007687657,7.7630406344261225,0
6.604077881205232,7.765362048930822,0
6.607953636863147,7.7679322995866045,0
6.580137096758314,7.745679794265282,0
6.581066901795868,7.746839706934757,0
6.582146510589865,7.7459277103730315,0
6.581066901795868,7.746839706934757,0
6.581066901795868,7.746839706934757,0
6.582071664809572,7.746963685898709,0
6.5831512175056375,7.746051668426912,0
6.581141803674086,7.745803752319155,0
6.582221356370152,7.744891734847357,0
6.581141803674086,7.745803752319155,0
6.5802120547344565,7.7446438605597585,0
6.581141803674086,7.745803752319155,0
6.583076427823276,7.747087664862661,0
6.584006457252542,7.748247661172439,0
6.584006457252542,7.748247661172439,0
6.583001638140917,7.748123661298411,0
6.584081190836976,7.747211643826613,0
6.583226007187999,7.745015671991162,0
6.582071664809572,7.746963685898709,0
6.583076427823276,7.747087664862661,0
6.582071664809572,7.746963685898709,0
6.580991999917657,7.747875661550356,0
6.581066901795868,7.746839706934757,0
6.5802120547344565,7.7446438605597585,0
6.580062138782168,7.746715727970805,0
6.581291607430515,7.743731843087961,0
6.581291607430515,7.743731843087961,0
6.579282417990676,7.743484010620509,0
6.5802870127105955,7.743607926854235,0
6.581291607430515,7.743731843087961,0
6.581291607430515,7.743731843087961,0
6.5802120547344565,7.7446438605597585,0
6.5802870127105955,7.743607926854235,0
6.581291607430515,7.743731843087961,0
6.581291607430515,7.743731843087961,0
6.5802870127105955,7.743607926854235,0
6.581291607430515,7.743731843087961,0
6.5812167055523005,7.74476779770356,0
6.581291607430515,7.743731843087961,0
6.5812167055523005,7.74476779770356,0
6.5802120547344565,7.7446438605597585,0
6.5802870127105955,7.743607926854235,0
6.579207403916612,7.744519923415957,0
6.5802120547344565,7.7446438605597585,0
6.5812167055523005,7.74476779770356,0
6.5802870127105955,7.743607926854235,0
6.5802870127105955,7.743607926854235,0
6.580361970686738,7.742571993148712,0
6.579282417990676,7.743484010620509,0
6.580137096758314,7.745679794265282,0
6.579057375768471,7.74659174900685,0
6.578052612754767,7.746467770042901,0
6.578052612754767,7.746467770042901,0
6.5781276829267625,7.745431878157529,0
6.579282417990676,7.743484010620509,0
6.578277823270756,7.743360094386787,0
6.578202753098758,7.744395986272156,0
6.5802120547344565,7.7446438605597585,0
6.5802120547344565,7.7446438605597585,0
6.579207403916612,7.744519923415957,0
6.578202753098758,7.744395986272156,0
6.577273228550833,7.743236178153062,0
6.578277823270756,7.743360094386787,0
6.5812167055523005,7.74476779770356,0
6.5812167055523005,7.74476779770356,0
6.5812167055523005,7.74476779770356,0
6.582296202150438,7.743855759321683,0
6.583300796870358,7.743979675555412,0
6.582296202150438,7.743855759321683,0
6.582296202150438,7.743855759321683,0
6.582296202150438,7.743855759321683,0
6.581366509308733,7.742695888472362,0
6.5802870127105955,7.743607926854235,0
6.581291607430515,7.743731843087961,0
6.582296202150438,7.743855759321683,0
6.5812167055523005,7.74476779770356,0
6.581141803674086,7.745803752319155,0
6.581141803674086,7.745803752319155,0
6.580137096758314,7.745679794265282,0
6.580137096758314,7.745679794265282,0
6.5812167055523005,7.74476779770356,0
6.5812167055523005,7.74476779770356,0
6.5812167055523005,7.74476779770356,0
6.581291607430515,7.743731843087961,0
6.581291607430515,7.743731843087961,0
6.581141803674086,7.745803752319155,0
6.581291607430515,7.743731843087961,0
6.5812167055523005,7.74476779770356,0
6.582221356370152,7.744891734847357,0
6.582296202150438,7.743855759321683,0
6.582221356370152,7.744891734847357,0
6.58415592442141,7.746175626480785,0
6.5861653382529575,7.746423542588538,0
6.588174752084505,7.746671458696291,0
6.58810024289178,7.747707559682418,0
6.58810024289178,7.747707559682418,0
6.5891050059054805,7.74783153864637,0
6.589960974925443,7.750027803222885,0
6.59182215574252,7.752348214043952,0
6.591896440543536,7.7513120294175195,0
6.60881280346495,7.770129756037434,0
6.609745413398869,7.771290714210689,0
6.610824461213582,7.770378508548205,0
6.6118302900878945,7.7705028848036015,0
6.609745413398869,7.771290714210689,0
6.609818632339266,7.77025413229282,0
6.60881280346495,7.770129756037434,0
6.609672194458465,7.772327296128559,0
6.60881280346495,7.770129756037434,0
6.607880305726891,7.768968839684323,0
6.608886078503282,7.769093195029637,0
6.609818632339266,7.77025413229282,0
6.6078069745906305,7.770005379782038,0
6.60881280346495,7.770129756037434,0
6.609818632339266,7.77025413229282,0
6.60881280346495,7.770129756037434,0
6.608886078503282,7.769093195029637,0
6.606874532950506,7.768844484339009,0
6.606874532950506,7.768844484339009,0
6.6069479201846875,7.76780796515137,0
6.605942203506228,7.767683630716128,0
6.6069479201846875,7.76780796515137,0
6.606874532950506,7.768844484339009,0
6.605868760174118,7.768720128993696,0
6.605868760174118,7.768720128993696,0
6.605868760174118,7.768720128993696,0
6.605795316842006,7.76975662727126,0
6.605942203506228,7.767683630716128,0
6.606874532950506,7.768844484339009,0
6.6069479201846875,7.76780796515137,0
6.6069479201846875,7.76780796515137,0
6.607880305726891,7.768968839684323,0
6.606874532950506,7.768844484339009,0
6.606801145716322,7.769881003526653,0
6.602704218593168,7.770419934052434,0
6.598828350739399,7.7678496415765,0
6.597896470078535,7.766688955234223,0
6.5951755616803815,7.762170878861575,0
6.594318302408098,7.7599741333533245,0
6.594540651929805,7.756865391283348,0
6.594466535422573,7.757901638640007,0
6.594540651929805,7.756865391283348,0
6.59353544013269,7.756741245038793,0
6.592530228335573,7.7566170987942336,0
6.592530228335573,7.7566170987942336,0
6.5924559996324845,7.757653304330741,0
6.594244185900866,7.76101038070998,0
6.5951755616803815,7.762170878861575,0
6.5932387497120395,7.760886150825122,0
6.594244185900866,7.76101038070998,0
6.594318302408098,7.7599741333533245,0
6.594318302408098,7.7599741333533245,0
6.594318302408098,7.7599741333533245,0
6.5933129223172,7.759849924378539,0
6.594318302408098,7.7599741333533245,0
6.5933129223172,7.759849924378539,0
6.594318302408098,7.7599741333533245,0
6.5975562873211615,7.757237830017022,0
6.5975562873211615,7.757237830017022,0
6.596625079835423,7.756077394595657,0
6.596551075524044,7.757113683772463,0
6.596477071212664,7.758149972949273,0
6.5984876070027525,7.758398307258538,0
6.5984876070027525,7.758398307258538,0
6.597408390894252,7.759310450190789,0
6.597408390894252,7.759310450190789,0
6.596181053967133,7.762295129656508,0
6.5951755616803815,7.762170878861575,0
6.595249622089693,7.761134610594844,0
6.596181053967133,7.762295129656508,0
6.5951755616803815,7.762170878861575,0
6.595249622089693,7.761134610594844,0
6.5951755616803815,7.762170878861575,0
6.5951755616803815,7.762170878861575,0
6.5951755616803815,7.762170878861575,0
6.5951755616803815,7.762170878861575,0
6.5951755616803815,7.762170878861575,0
6.5941700693936305,7.762046628066635,0
6.5951755616803815,7.762170878861575,0
6.594318302408098,7.7599741333533245,0
6.591525016538455,7.756492952549678,0
6.591747870941507,7.753384398670384,0
6.589886577928574,7.751063946029166,0
6.590035371922312,7.748991660416603,0
6.588249261277234,7.745635357710164,0
6.586389202418697,7.743315365090609,0
6.585384663796702,7.7431914697669555,0
6.584305391590274,7.744103591789134,0
6.582221356370152,7.744891734847357,0
6.582221356370152,7.744891734847357,0
6.581141803674086,7.745803752319155,0
6.5802870127105955,7.743607926854235,0
6.5802120547344565,7.7446438605597585,0
6.5802870127105955,7.743607926854235,0
6.579282417990676,7.743484010620509,0
6.579282417990676,7.743484010620509,0
6.579282417990676,7.743484010620509,0
6.581141803674086,7.745803752319155,0
6.5802120547344565,7.7446438605597585,0
6.580991999917657,7.747875661550356,0
6.582146510589865,7.7459277103730315,0
6.582146510589865,7.7459277103730315,0
6.583226007187999,7.745015671991162,0
6.5831512175056375,7.746051668426912,0
6.582221356370152,7.744891734847357,0
6.581141803674086,7.745803752319155,0
6.582071664809572,7.746963685898709,0
6.581141803674086,7.745803752319155,0
6.5802120547344565,7.7446438605597585,0
6.579207403916612,7.744519923415957,0
6.577198102280914,7.744272049128359,0
6.577198102280914,7.744272049128359,0
6.577198102280914,7.744272049128359,0
6.577198102280914,7.744272049128359,0
6.577198102280914,7.744272049128359,0
6.577198102280914,7.744272049128359,0
6.577198102280914,7.744272049128359,0
6.577198102280914,7.744272049128359,0
6.577198102280914,7.744272049128359,0
6.578202753098758,7.744395986272156,0
6.5781276829267625,7.745431878157529,0
6.5781276829267625,7.745431878157529,0
6.579057375768471,7.74659174900685,0
6.5781276829267625,7.745431878157529,0
6.577273228550833,7.743236178153062,0
6.577198102280914,7.744272049128359,0
6.578202753098758,7.744395986272156,0
6.5802120547344565,7.7446438605597585,0
6.581291607430515,7.743731843087961,0
6.581141803674086,7.745803752319155,0
6.581141803674086,7.745803752319155,0
6.582221356370152,7.744891734847357,0
6.582221356370152,7.744891734847357,0
6.581141803674086,7.745803752319155,0
6.581141803674086,7.745803752319155,0
6.579207403916612,7.744519923415957,0
6.579057375768471,7.74659174900685,0
6.581141803674086,7.745803752319155,0
6.580062138782168,7.746715727970805,0
6.580062138782168,7.746715727970805,0
6.579132389842542,7.745555836211402,0
6.581141803674086,7.745803752319155,0
6.5812167055523005,7.74476779770356,0
6.581066901795868,7.746839706934757,0
6.579132389842542,7.745555836211402,0
6.579207403916612,7.744519923415957,0
6.582146510589865,7.7459277103730315,0
6.581996819029289,7.747999661424384,0
6.582146510589865,7.7459277103730315,0
6.581141803674086,7.745803752319155,0
6.582146510589865,7.7459277103730315,0
6.581141803674086,7.745803752319155,0
6.581141803674086,7.745803752319155,0
6.580137096758314,7.745679794265282,0
6.582146510589865,7.7459277103730315,0
6.582146510589865,7.7459277103730315,0
6.580137096758314,7.745679794265282,0
6.5802120547344565,7.7446438605597585,0
6.579207403916612,7.744519923415957,0
6.5802120547344565,7.7446438605597585,0
6.579132389842542,7.745555836211402,0
6.582146510589865,7.7459277103730315,0
6.582221356370152,7.744891734847357,0
6.582146510589865,7.7459277103730315,0
6.581141803674086,7.745803752319155,0
6.581141803674086,7.745803752319155,0
6.581141803674086,7.745803752319155,0
6.582146510589865,7.7459277103730315,0
6.582146510589865,7.7459277103730315,0
6.582146510589865,7.7459277103730315,0
6.580137096758314,7.745679794265282,0
6.5802870127105955,7.743607926854235,0
6.5802870127105955,7.743607926854235,0
6.5802870127105955,7.743607926854235,0
6.5802870127105955,7.743607926854235,0
6.5802870127105955,7.743607926854235,0
6.5802870127105955,7.743607926854235,0
6.5802870127105955,7.743607926854235,0
6.5812167055523005,7.74476779770356,0
6.583076427823276,7.747087664862661,0
6.583076427823276,7.747087664862661,0
6.583076427823276,7.747087664862661,0
6.582071664809572,7.746963685898709,0
6.582071664809572,7.746963685898709,0
6.582071664809572,7.746963685898709,0
6.582146510589865,7.7459277103730315,0
6.582146510589865,7.7459277103730315,0
6.582146510589865,7.7459277103730315,0
6.5831512175056375,7.746051668426912,0
6.583076427823276,7.747087664862661,0
6.583076427823276,7.747087664862661,0
6.582071664809572,7.746963685898709,0
6.583076427823276,7.747087664862661,0
6.5831512175056375,7.746051668426912,0
6.58415592442141,7.746175626480785,0
6.58415592442141,7.746175626480785,0
6.584230658005843,7.745139609134959,0
6.5831512175056375,7.746051668426912,0
6.5831512175056375,7.746051668426912,0
6.5831512175056375,7.746051668426912,0
6.530263208377711,7.6674620293581555,0
6.531342031800719,7.666549740055373,0
6.53126404453652,7.667584544616808,0
6.534188734042509,7.668986957684439,0
6.533187841785779,7.668864421515707,0
6.533187841785779,7.668864421515707,0
6.533109966717429,7.669899267897296,0
6.533187841785779,7.668864421515707,0
6.535111863426753,7.670144382054911,0
6.536112811781415,7.670266939133718,0
6.536035105006846,7.67130184824553,0
6.536035105006846,7.67130184824553,0
6.535034100554256,7.671179270256651,0
6.533955277131245,7.67209155955943,0
6.533955277131245,7.67209155955943,0
6.533955277131245,7.67209155955943,0
6.534956337681763,7.672214158458388,0
6.5348785748092695,7.673249046660132,0
6.536880808106151,7.673494286278196,0
6.539884158051478,7.673862145705293,0
6.540885274699917,7.67398476551433,0
6.541809021161356,7.675142419895632,0
6.5407304221300535,7.676054792838716,0
6.5407304221300535,7.676054792838716,0
6.539729193285762,7.675932131209532,0
6.538650425960675,7.676844441422389,0
6.537649141018456,7.676721758883133,0
6.538572887479894,7.6778794132644315,0
6.537571546439743,7.677756709815096,0
6.536570205399588,7.677634006365761,0
6.536803157429507,7.674529216300087,0
6.53403309610167,7.6710566922677685,0
6.532109018362771,7.669776710818493,0
6.529262372218902,7.667339514099503,0
6.528496002734048,7.664112773347213,0
6.527573546524938,7.66295559989765,0
6.527573546524938,7.66295559989765,0
6.527495334869023,7.663990320818783,0
6.52949667059907,7.664235225875643,0
6.532576605360429,7.663567757989416,0
6.531575993593329,7.663445326371061,0
6.529574770059131,7.663200463134359,0
6.527495334869023,7.663990320818783,0
6.5285741582920345,7.663078031516001,0
6.52949667059907,7.664235225875643,0
6.531498006329127,7.664480130932496,0
6.530497338464098,7.66435767840407,0
6.530497338464098,7.66435767840407,0
6.528496002734048,7.664112773347213,0
6.528496002734048,7.664112773347213,0
6.528496002734048,7.664112773347213,0
6.5263381314963205,7.665937268312476,0
6.525259027583676,7.666849453064881,0
6.525337351435439,7.665814773963898,0
6.525259027583676,7.666849453064881,0
6.522178026961711,7.667516523659671,0
6.52209953481616,7.668551140030427,0
6.522178026961711,7.667516523659671,0
6.522178026961711,7.667516523659671,0
6.522021042670616,7.669585756401187,0
6.518860708434197,7.671287129715598,0
6.519626012058438,7.674513473176443,0
6.518388745798234,7.677494451558772,0
6.52023455578329,7.679809133019106,0
6.5193901990342376,7.677617196828258,0
6.519311594692834,7.67865177137886,0
6.518388745798234,7.677494451558772,0
6.516385839326226,7.677248961019796,0
6.517387292562226,7.677371706289282,0
6.516385839326226,7.677248961019796,0
6.516307066691041,7.6782834728401745,0
6.516307066691041,7.6782834728401745,0
6.513144656831322,7.679984072481787,0
6.513144656831322,7.679984072481787,0
6.513065715902357,7.681018521571936,0
6.5143040480231775,7.678037940481051,0
6.513302538689249,7.677915174301486,0
6.51322359776028,7.678949623391635,0
6.51322359776028,7.678949623391635,0
6.51322359776028,7.678949623391635,0
6.512222032328424,7.678826836301997,0
6.512222032328424,7.678826836301997,0
6.514461817685248,7.675969000480595,0
6.5136972433340645,7.672742928850731,0
6.515857358488869,7.670919270288497,0
6.516015015955087,7.668850288467894,0
6.51485624184043,7.670796650479467,0
6.51485624184043,7.670796650479467,0
6.516937247772496,7.670007378277148,0
6.516937247772496,7.670007378277148,0
6.517016020407681,7.668972866456773,0
6.517094793042858,7.667938354636398,0
6.517094793042858,7.667938354636398,0
6.517094793042858,7.667938354636398,0
6.517094793042858,7.667938354636398,0
6.517094793042858,7.667938354636398,0
6.517173565678043,7.666903842816019,0
6.517173565678043,7.666903842816019,0
6.518410607546542,7.6639227807933885,0
6.516487988353738,7.662643343006081,0
6.594242269446532,7.676339127808276,0
6.595243161703266,7.676461663977008,0
6.598320067176559,7.675793066946696,0
6.599246730730201,7.676951808651932,0
6.599320903335364,7.675915582205349,0
6.599469248545688,7.673843129312182,0
6.598394295879647,7.674756861410188,0
6.5973192310177495,7.675670551688036,0
6.5973192310177495,7.675670551688036,0
6.597393515818766,7.674634367061607,0
6.598394295879647,7.674756861410188,0
6.5973192310177495,7.675670551688036,0
6.598394295879647,7.674756861410188,0
6.596392735757885,7.674511872713026,0
6.594242269446532,7.676339127808276,0
6.595243161703266,7.676461663977008,0
6.594242269446532,7.676339127808276,0
6.592091354351762,7.678166215622923,0
6.592016789061109,7.679202295698975,0
6.593017849611623,7.679324894597933,0
6.593017849611623,7.679324894597933,0
6.593017849611623,7.679324894597933,0
6.594093363256935,7.678411371600685,0
6.594093363256935,7.678411371600685,0
6.594018910162138,7.6794474934968875,0
6.594945573715783,7.680606235202127,0
6.592943340418898,7.6803609955840635,0
6.592016789061109,7.679202295698975,0
6.589013607409562,7.6788344990021,0
6.587862967494331,7.680783892974649,0
6.5879377571766895,7.6797478965388954,0
6.590089345446586,7.677921059645158,0
6.592091354351762,7.678166215622923,0
6.590089345446586,7.677921059645158,0
6.590164022933088,7.676885021389257,0
6.591090349899172,7.678043637634044,0
6.591015728510595,7.679079696800017,0
6.590941107122017,7.680115755965996,0
6.5919422237704595,7.680238375775026,0
6.589939990473571,7.679993136156959,0
6.589865312987065,7.681029174412863,0
6.589939990473571,7.679993136156959,0
6.587862967494331,7.680783892974649,0
6.589865312987065,7.681029174412863,0
6.589865312987065,7.681029174412863,0
6.588938873825128,7.679870516347929,0
6.589939990473571,7.679993136156959,0
6.588938873825128,7.679870516347929,0
6.589939990473571,7.679993136156959,0
6.588938873825128,7.679870516347929,0
6.588938873825128,7.679870516347929,0
6.587788177811973,7.681819889410399,0
6.5887894066562644,7.68194255103958,0
6.588864140240695,7.680906533693754,0
6.5887894066562644,7.68194255103958,0
6.588864140240695,7.680906533693754,0
6.587788177811973,7.681819889410399,0
6.588864140240695,7.680906533693754,0
6.590014667960077,7.678957097901058,0
6.589939990473571,7.679993136156959,0
6.589865312987065,7.681029174412863,0
6.588864140240695,7.680906533693754,0
6.587862967494331,7.680783892974649,0
6.587862967494331,7.680783892974649,0
6.5887894066562644,7.68194255103958,0
6.5887894066562644,7.68194255103958,0
6.5887894066562644,7.68194255103958,0
6.587862967494331,7.680783892974649,0
6.589939990473571,7.679993136156959,0
6.589939990473571,7.679993136156959,0
6.589939990473571,7.679993136156959,0
6.591015728510595,7.679079696800017,0
6.591015728510595,7.679079696800017,0
6.590941107122017,7.680115755965996,0
6.591015728510595,7.679079696800017,0
6.590866485733436,7.681151815131972,0
6.591793093189157,7.682310535927133,0
6.592943340418898,7.6803609955840635,0
6.593944457067341,7.6804836153930935,0
6.592943340418898,7.6803609955840635,0
6.590791864344858,7.682187874297952,0
6.590791864344858,7.682187874297952,0
6.591793093189157,7.682310535927133,0
6.590941107122017,7.680115755965996,0
6.589939990473571,7.679993136156959,0
6.589939990473571,7.679993136156959,0
6.591164971287753,7.677007578468064,0
6.590164022933088,7.676885021389257,0
6.590238700419597,7.675848983133353,0
6.590313377906103,7.674812944877452,0
6.589312541747294,7.674690429618799,0
6.5893872753317275,7.67365441227297,0
6.5893872753317275,7.67365441227297,0
6.59246418080502,7.672985815242658,0
6.593390395575248,7.6741443896672905,0
6.595540749690748,7.672317092751889,0
6.5954663526938795,7.673353235558167,0
6.595540749690748,7.672317092751889,0
6.595540749690748,7.672317092751889,0
6.593539413960698,7.672072187695029,0
6.594688988015317,7.670122396431051,0
6.594688988015317,7.670122396431051,0
6.594688988015317,7.670122396431051,0
6.595540749690748,7.672317092751889,0
6.598394295879647,7.674756861410188,0
6.599246730730201,7.676951808651932,0
6.599320903335364,7.675915582205349,0
6.600173506479699,7.678110592177319,0
6.599246730730201,7.676951808651932,0
6.599320903335364,7.675915582205349,0
6.598320067176559,7.675793066946696,0
6.598394295879647,7.674756861410188,0
6.5973192310177495,7.675670551688036,0
6.5973192310177495,7.675670551688036,0
6.5973192310177495,7.675670551688036,0
6.597393515818766,7.674634367061607,0
6.598394295879647,7.674756861410188,0
6.5973192310177495,7.675670551688036,0
6.597393515818766,7.674634367061607,0
6.597393515818766,7.674634367061607,0
6.599543421150848,7.672806902865602,0
6.598691210692003,7.67061203926416,0
6.596764440252606,7.6693310541312485,0
6.596764440252606,7.6693310541312485,0
6.596764440252606,7.6693310541312485,0
6.596838781151547,7.6682948904148915,0
6.597839224624863,7.668417259303016,0
6.598839668098179,7.668539628191144,0
6.597764939823847,7.669453443929449,0
6.595540749690748,7.672317092751889,0
6.593464904767973,7.67310828868116,0
6.5925387460956735,7.671949735166603,0
6.591538078230645,7.671827282638176,0
6.59246418080502,7.672985815242658,0
6.5925387460956735,7.671949735166603,0
6.59246418080502,7.672985815242658,0
6.5925387460956735,7.671949735166603,0
6.5925387460956735,7.671949735166603,0
6.591463456842071,7.672863341804156,0
6.5925387460956735,7.671949735166603,0
6.591463456842071,7.672863341804156,0
6.594614534920524,7.671158518327253,0
6.595615146687621,7.671280949945608,0
6.595540749690748,7.672317092751889,0
6.5974678006197855,7.673598182435175,0
6.598542753285823,7.672684450337172,0
6.598616981988915,7.671648244800668,0
6.598616981988915,7.671648244800668,0
6.599617593756015,7.671770676419019,0
6.598616981988915,7.671648244800668,0
6.599617593756015,7.671770676419019,0
6.598616981988915,7.671648244800668,0
6.5974678006197855,7.673598182435175,0
6.598468524582735,7.67372065587368,0
6.598468524582735,7.67372065587368,0
6.598468524582735,7.67372065587368,0
6.596541417555773,7.672439545280316,0
6.596541417555773,7.672439545280316,0
6.5974678006197855,7.673598182435175,0
6.597393515818766,7.674634367061607,0
6.5974678006197855,7.673598182435175,0
6.598394295879647,7.674756861410188,0
6.598394295879647,7.674756861410188,0
6.598394295879647,7.674756861410188,0
6.5974678006197855,7.673598182435175,0
6.598394295879647,7.674756861410188,0
6.5974678006197855,7.673598182435175,0
6.596467076656829,7.673475708996673,0
6.5943911756361295,7.674266884015868,0
6.593464904767973,7.67310828868116,0
6.593390395575248,7.6741443896672905,0
6.593166867997073,7.677252692625675,0
6.592016789061109,7.679202295698975,0
6.593017849611623,7.679324894597933,0
6.593017849611623,7.679324894597933,0
6.592943340418898,7.6803609955840635,0
6.591718527898504,7.683346616003188,0
6.594424794737687,7.687859234846087,0
6.594276000743946,7.68993152045865,0
6.597058179224035,7.6934085610673115,0
6.599061758871166,7.693654302527193,0
6.5999894882854235,7.69481344152387,0
6.603068918165434,7.69414578544696,0
6.607930644031484,7.6968330101913445,0
6.612011639343354,7.696288141204075,0
6.615017177107834,7.6966568161241256,0
6.617093975695365,7.695865975666138,0
6.618095765518934,7.695988846396077,0
6.620172283616835,7.695197901387715,0
6.623177484793757,7.695566450847313,0
6.626182685970672,7.695935000306907,0
6.629260320717012,7.695266675107575,0
6.631335997346007,7.694475416448078,0
6.631408318719579,7.693438499968998,0
6.63448516809494,7.692769882028607,0
6.637561680882744,7.692101138627763,0
6.639708332535058,7.690272461647368,0
6.641782775009656,7.6894807429662,0
6.641854535403954,7.6884436173863655,0
6.641926295798253,7.687406491806531,0
6.7260341900095995,7.807664778901287,0
6.726908054268296,7.809867713791938,0
6.725900879043731,7.809742835694731,0
6.724893703819163,7.809617957597528,0
6.723752993237021,7.811571052653466,0
6.721671538521537,7.812360157575167,0
6.721738418396182,7.811321212818751,0
6.720798066948337,7.810157369055052,0
6.720798066948337,7.810157369055052,0
6.721872178145471,7.809243323305907,0
6.720865002920906,7.8091184452087035,0
6.720998874866048,7.807040597516018,0
6.720931938893479,7.808079521362362,0
6.719857827696341,7.8089935671115,0
6.719924819766842,7.807954664175231,0
6.719991811837335,7.806915761238965,0
6.7189847488086265,7.806790924961909,0
6.719051796977052,7.8057520429357155,0
6.719051796977052,7.8057520429357155,0
6.718044790046267,7.805627227568738,0
6.718044790046267,7.805627227568738,0
6.715896343260287,7.807455235426712,0
6.715896343260287,7.807455235426712,0
6.713814776348951,7.808244298528265,0
6.713882105007013,7.8072055210524525,0
6.714956496693784,7.806291579853692,0
6.715023769253918,7.8052527814678,0
6.716030776184702,7.805377596834777,0
6.716097992646905,7.804338777538813,0
6.715091041814048,7.804213983081908,0
6.715158314374182,7.803175184696023,0
6.7140840909811885,7.80408918862501,0
6.7140840909811885,7.80408918862501,0
6.713144524904319,7.8029256376023675,0
6.713144524904319,7.8029256376023675,0
6.712272511877224,7.800723392744214,0
6.710258946799069,7.800473929290863,0
6.709184555112294,7.801387870489624,0
6.709184555112294,7.801387870489624,0
6.7069677138076464,7.804254258531973,0
6.705892929435382,7.805168053360202,0
6.7036072448286355,7.809072654306323,0
6.70239612020244,7.8120633767839145,0
6.70333568627931,7.813226927806554,0
6.704275364552036,7.814390520649347,0
6.702328174467183,7.8131019242488975,0
6.702124337261409,7.816217566643843,0
6.704004030394419,7.818544877789879,0
6.705079600137658,7.81763137570271,0
6.705079600137658,7.81763137570271,0
6.705147377579134,7.816592765507501,0
6.706222779028597,7.815679200690106,0
6.706087336341497,7.817756462900675,0
6.705215155020614,7.815554155312292,0
6.705215155020614,7.815554155312292,0
6.706290500372148,7.814640569584817,0
6.705282932462087,7.814515545117082,0
6.706290500372148,7.814640569584817,0
6.707095072545332,7.817881550098637,0
6.707095072545332,7.817881550098637,0
6.707027407299709,7.818920202113993,0
6.707899981306081,7.821122656072905,0
6.705816450967298,7.8219109873218144,0
6.705681008280198,7.8239882495323805,0
6.7055455655930984,7.82606551174295,0
6.707359108124514,7.829432039476394,0
6.707291498976819,7.8304707124018265,0
6.7093758146865845,7.829682673893984,0
6.710451608821533,7.8287692554471136,0
6.708502567505086,7.827479969014167,0
6.7075619355676,7.826316020700084,0
6.7074943264199085,7.827354693625519,0
6.706418420089104,7.828268070252239,0
6.707359108124514,7.829432039476394,0
6.707088671533732,7.833586731178137,0
6.705877098124127,7.836577286375121,0
6.704800630814049,7.837490453901083,0
6.706615407499864,7.840857441656183,0
6.704394302752753,7.843722240532788,0
6.703181831776305,7.846712461168561,0
6.702910722010397,7.850866901949399,0
6.703717089317259,7.854108551585632,0
6.701494189436474,7.856972681339812,0
6.70034854223675,7.85892393630909,0
6.698260580161726,7.859710615662017,0
6.69610427966596,7.861535696109399,0
6.6919270091656635,7.863108552973436,0
6.689769586711353,7.864933215219306,0
6.687543152661167,7.867796027638715,0
6.685384720444173,7.869620313503223,0
6.684167873829416,7.87260890315309,0
6.681135409059948,7.872230191396717,0
6.67897574268855,7.874054017239562,0
6.67580458155221,7.875751354909369,0
6.671621589063349,7.877322078945692,0
6.669460239754148,7.879145277486259,0
6.668379396805765,7.880056814026318,0
6.669321206799719,7.881221201451986,0
6.669321206799719,7.881221201451986,0
6.6682402516554795,7.882132696171894,0
6.707148415275814,7.863960260498359,0
6.707080918323971,7.8649989752439495,0
6.707080918323971,7.8649989752439495,0
6.707080918323971,7.8649989752439495,0
6.707080918323971,7.8649989752439495,0
6.707080918323971,7.8649989752439495,0
6.707080918323971,7.8649989752439495,0
6.707148415275814,7.863960260498359,0
6.707080918323971,7.8649989752439495,0
6.707080918323971,7.8649989752439495,0
6.707080918323971,7.8649989752439495,0
6.706070657713415,7.864872947092582,0
6.707080918323971,7.8649989752439495,0
6.707080918323971,7.8649989752439495,0
6.707080918323971,7.8649989752439495,0
6.707013421372132,7.866037689989536,0
6.707080918323971,7.8649989752439495,0
6.7060031046636475,7.865911640928093,0
6.707013421372132,7.866037689989536,0
6.707013421372132,7.866037689989536,0
6.7060031046636475,7.865911640928093,0
6.707013421372132,7.866037689989536,0
6.705060397102862,7.864746918941215,0
6.706070657713415,7.864872947092582,0
6.7060031046636475,7.865911640928093,0
6.7060031046636475,7.865911640928093,0
6.706070657713415,7.864872947092582,0
6.706070657713415,7.864872947092582,0
6.705867998564113,7.867989028599116,0
6.7046547422166896,7.870978956493829,0
6.705597786365036,7.872143803941164,0
6.706608439661082,7.872269978463059,0
6.706540942709243,7.873308693208649,0
6.704451914773603,7.874094975270136,0
6.705395127215731,7.875259885447697,0
6.70532757416596,7.876298579283212,0
6.704249087330517,7.877210994046443,0
6.701148508532004,7.877870767024827,0
6.697104548997579,7.877365567095424,0
6.692924137013371,7.878937252995229,0
6.69271945833869,7.8820525817390354,0
6.690560240750713,7.883876574862484,0
6.6894120691442716,7.885826888878356,0
6.685228852263705,7.887397529274374,0
6.682999445023384,7.890259233459773,0
6.680033018659653,7.8888412632958484,0
6.67780254555872,7.891702570189814,0
6.674697703317751,7.892360754002443,0
6.671523176305783,7.894056837067712,0
6.670511120561564,7.893930139793923,0
6.667405380753763,7.894587989045345,0
6.6653811570694685,7.894334552677613,0
6.663426730352029,7.893043258877402,0
6.663426730352029,7.893043258877402,0
6.659518550092265,7.890460922197882,0
6.657564796549945,7.889169879318576,0
6.655541021649068,7.888916610231451,0
6.653446888802069,7.889700989476058,0
6.651282061421387,7.891522891591933,0
6.651282061421387,7.891522891591933,0
6.651070650995461,7.894635711126664,0
6.650058426957454,7.894508951122649,0
6.651070650995461,7.894635711126664,0
6.648834455905966,7.897494885192909,0
6.648763873568132,7.8985324498843354,0
6.648693291230302,7.899570014575755,0
6.647822063574186,7.897368062458664,0
6.649776321997841,7.898659293528652,0
6.649705795757939,7.899696879130154,0
6.651589976725113,7.9020258630822475,0
6.651660390769166,7.900988235660591,0
6.652532235502484,7.903190417788526,0
6.654346843894519,7.906557342813404,0
6.655219305705035,7.9087597549521576,0
6.657105057414167,7.911089324386374,0
6.6549385470956715,7.912910599199979,0
6.6527012861455646,7.9157693759747865,0
6.653503894891305,7.919009624635951,0
6.65336340339077,7.921085004939712,0
6.652941928889163,7.9273111458509895,0
6.652871683138898,7.928348836002868,0
6.650632570957189,7.931206922745183,0
6.6472373773613285,7.936012375182692,0
6.643911195361348,7.939779677446662,0
6.642542749856496,7.944839507205309,0
6.641173743372374,7.949899127863198,0
6.642921471889764,7.954304997644499,0
6.641622991645544,7.958327032700886,0
6.644387768622661,7.962861460752713,0
6.644105439271339,7.967011719518414,0
6.643964274595682,7.9690868489012665,0
6.64361136290653,7.974274672358391,0
6.645503509779353,7.97660662554123,0
6.645362569495397,7.978681838564384,0
6.647255389543339,7.981014042668129,0
6.650165650736504,7.98347495141293,0
6.652936542387671,7.988011658663002,0
6.6539537591411815,7.988140279663753,0
6.65402372440181,7.987102484961493,0
6.65402372440181,7.987102484961493,0
6.652129558003622,7.984769779015931,0
6.65402372440181,7.987102484961493,0
6.65402372440181,7.987102484961493,0
6.65402372440181,7.987102484961493,0
6.654970975894692,7.988268900664501,0
6.654970975894692,7.988268900664501,0
6.654970975894692,7.988268900664501,0
6.655040885057396,7.987231085052169,0
6.655988192648202,7.988397521665252,0
6.655040885057396,7.987231085052169,0
6.65402372440181,7.987102484961493,0
6.65402372440181,7.987102484961493,0
6.654093689662446,7.986064690259237,0
6.655040885057396,7.987231085052169,0
6.653076585104788,7.985936111078637,0
6.653076585104788,7.985936111078637,0
6.654093689662446,7.986064690259237,0
6.652129558003622,7.984769779015931,0
6.653146606463348,7.984898337286452,0
6.652199635460107,7.983732026133826,0
6.653146606463348,7.984898337286452,0
6.653146606463348,7.984898337286452,0
6.652129558003622,7.984769779015931,0
6.653146606463348,7.984898337286452,0
6.652129558003622,7.984769779015931,0
6.653216627821909,7.983860563494268,0
6.652129558003622,7.984769779015931,0
6.652059480547134,7.985807531898036,0
6.651112509543889,7.984641220745406,0
6.650165650736504,7.98347495141293,0
6.6490784126244336,7.984384104204359,0
6.650165650736504,7.98347495141293,0
6.650165650736504,7.98347495141293,0
6.651112509543889,7.984641220745406,0
6.651112509543889,7.984641220745406,0
6.652059480547134,7.985807531898036,0
6.65402372440181,7.987102484961493,0
6.65402372440181,7.987102484961493,0
6.65402372440181,7.987102484961493,0
6.6539537591411815,7.988140279663753,0
6.65402372440181,7.987102484961493,0
6.654093689662446,7.986064690259237,0
6.6551107942201035,7.986193269439834,0
6.654093689662446,7.986064690259237,0
6.653146606463348,7.984898337286452,0
6.652129558003622,7.984769779015931,0
6.653076585104788,7.985936111078637,0
6.652059480547134,7.985807531898036,0
6.652059480547134,7.985807531898036,0
6.652059480547134,7.985807531898036,0
6.653006563746228,7.986973884870817,0
6.652059480547134,7.985807531898036,0
6.651989403090646,7.986845284780145,0
6.651112509543889,7.984641220745406,0
6.652059480547134,7.985807531898036,0
6.653146606463348,7.984898337286452,0
6.653286649180465,7.982822789702087,0
6.654303585444339,7.982951306152465,0
6.654303585444339,7.982951306152465,0
6.655320521708216,7.983079822602836,0
6.654303585444339,7.982951306152465,0
6.653146606463348,7.984898337286452,0
6.652059480547134,7.985807531898036,0
6.651042375989476,7.985678952717439,0
6.652059480547134,7.985807531898036,0
6.653006563746228,7.986973884870817,0
6.65402372440181,7.987102484961493,0
6.653006563746228,7.986973884870817,0
6.652059480547134,7.985807531898036,0
6.651112509543889,7.984641220745406,0
6.650095461084163,7.984512662474884,0
6.650025271431822,7.985550373536839,0
6.651112509543889,7.984641220745406,0
6.651989403090646,7.986845284780145,0
6.653006563746228,7.986973884870817,0
6.653006563746228,7.986973884870817,0
6.652059480547134,7.985807531898036,0
6.652129558003622,7.984769779015931,0
6.652059480547134,7.985807531898036,0
6.653006563746228,7.986973884870817,0
6.65402372440181,7.987102484961493,0
6.65402372440181,7.987102484961493,0
6.65402372440181,7.987102484961493,0
6.654093689662446,7.986064690259237,0
6.65402372440181,7.987102484961493,0
6.65402372440181,7.987102484961493,0
6.65402372440181,7.987102484961493,0
6.65402372440181,7.987102484961493,0
6.65402372440181,7.987102484961493,0
6.655040885057396,7.987231085052169,0
6.65402372440181,7.987102484961493,0
6.652059480547134,7.985807531898036,0
6.654093689662446,7.986064690259237,0
6.654093689662446,7.986064690259237,0
6.65402372440181,7.987102484961493,0
6.653076585104788,7.985936111078637,0
6.652059480547134,7.985807531898036,0
6.654093689662446,7.986064690259237,0
6.653076585104788,7.985936111078637,0
6.653076585104788,7.985936111078637,0
6.646011162392757,7.938997472849927,0
6.646011162392757,7.938997472849927,0
6.644925887708133,7.939907357494008,0
6.6448552492723785,7.940944901275358,0
6.644784610836616,7.941982445056706,0
6.646814219921911,7.942237888791702,0
6.6446433339651065,7.944057532619404,0
6.645658250703605,7.9441852963070545,0
6.644572695529352,7.945095076400758,0
6.646673167442106,7.944313059994702,0
6.646602641202204,7.945350645596207,0
6.646602641202204,7.945350645596207,0
6.646673167442106,7.944313059994702,0
6.645869997717096,7.941072602232776,0
6.645869997717096,7.941072602232776,0
6.645869997717096,7.941072602232776,0
6.647688084180608,7.944440823682349,0
6.647688084180608,7.944440823682349,0
6.646673167442106,7.944313059994702,0
6.646532114962302,7.946388231197705,0
6.647617614038634,7.94547843019393,0
6.647688084180608,7.944440823682349,0
6.647688084180608,7.944440823682349,0
6.647617614038634,7.94547843019393,0
6.646602641202204,7.945350645596207,0
6.646602641202204,7.945350645596207,0
6.649788275603729,7.943658702725919,0
6.648703000919106,7.9445685873699965,0
6.648703000919106,7.9445685873699965,0
6.648703000919106,7.9445685873699965,0
6.648773414963159,7.943530959948344,0
6.648773414963159,7.943530959948344,0
6.645728833041439,7.943147731615625,0
6.646743693682009,7.9432754743932,0
6.646673167442106,7.944313059994702,0
6.644572695529352,7.945095076400758,0
6.645517086027947,7.946260425689903,0
6.644431418657831,7.947170163963456,0
6.643345639091869,7.948079860416854,0
6.643274944558186,7.9491173832881294,0
6.642259747330044,7.948989515050101,0
6.641173743372374,7.949899127863198,0
6.639001398869464,7.951718228028938,0
6.637986033347548,7.951590297060683,0
6.637986033347548,7.951590297060683,0
6.639001398869464,7.951718228028938,0
6.641244550101913,7.948861646812077,0
6.641173743372374,7.949899127863198,0
6.639143236720251,7.949643349566994,0
6.638057008370868,7.9505528787397886,0
6.634868793464694,7.952243859746591,0
6.633782172429825,7.953153242548858,0
6.6306643715677005,7.953806596134008,0
6.63073573927651,7.952769324183645,0
6.626530644204394,7.954331809650153,0
6.626673828405426,7.952257433030024,0
6.626530644204394,7.954331809650153,0
6.626530644204394,7.954331809650153,0
6.625371757893877,7.956278129841575,0
6.626315867902839,7.957443374580343,0
6.62406923859891,7.960298659372512,0
6.622037385596538,7.960042379234494,0
6.620949586505198,7.960951322925165,0
6.617685516056053,7.9636779030762845,0
6.616741462145015,7.962512679247588,0
6.615725367350045,7.962384476448353,0
6.613837708311397,7.960054196071567,0
6.612749404338707,7.96096295157156,0
6.610789760514049,7.959669713134307,0
6.611733365641669,7.9608347696824,0
6.612749404338707,7.96096295157156,0
6.611588610698675,7.962908560820409,0
6.610500026236359,7.963817211770024,0
6.609483819245536,7.963688967150635,0
6.608395066489436,7.964597555370027,0
6.6073062015374795,7.965506101769261,0
6.607233599674274,7.96654291369796,0
6.604982706927888,7.969396609324381,0
6.603893393192518,7.9703049884430115,0
6.6037478528785485,7.972378486839961,0
6.605781276622881,7.972635352460099,0
6.605490644778353,7.976782516534602,0
6.6052726708949585,7.979892889590477,0
6.605127354972694,7.981966471627729,0
6.604982039050434,7.98404005366498,0
6.603891996042009,7.98494816095263,0
6.6048367231281695,7.986113635702232,0
6.603891996042009,7.98494816095263,0
6.603891996042009,7.98494816095263,0
6.60381928198295,7.985984931061182,0
6.603891996042009,7.98494816095263,0
6.602729070680748,7.986892975618602,0
6.60381928198295,7.985984931061182,0
6.60367385386483,7.988058471278279,0
6.6048367231281695,7.986113635702232,0
6.6048367231281695,7.986113635702232,0
6.603601139805772,7.989095241386831,0
6.602365219895816,7.9920767216109745,0
6.60120178965321,7.994021348086264,0
6.598148119867307,7.993634732321286,0
6.593856903331563,7.996228990388261,0
6.593783684391159,7.99726557230613,0
6.590655954195945,7.99791522480789,0
6.5886196133594055,7.997657271863819,0
6.586436049271079,7.999472190014419,0
6.583233641589359,8.00115788077208,0
6.581049067738348,8.002972422541323,0
6.580975175622822,8.004008753538283,0
6.57886404510392,8.004786797029961,0
6.579808716092156,8.005952250869488,0
6.579808716092156,8.005952250869488,0
6.579734767878698,8.006988560956373,0
6.578642032169782,8.00789566456039,0
6.580753499276241,8.007117746529168,0
6.581846066691387,8.006210580194924,0
6.581772230673785,8.007246932101964,0
6.582938521910666,8.00530337204053,0
6.582864741990996,8.006339744857641,0
6.581772230673785,8.007246932101964,0
6.580827391391768,8.006081415532208,0
6.581846066691387,8.006210580194924,0
6.582790962071321,8.007376117674752,0
6.583883417290611,8.006468909520361,0
6.583883417290611,8.006468909520361,0
6.581846066691387,8.006210580194924,0
6.582569622312299,8.01048523612609,0
6.581550722620982,8.010355987823072,0
6.581550722620982,8.010355987823072,0
6.582569622312299,8.01048523612609,0
6.580457930814131,8.01126307051701,0
6.580384038698604,8.012299401513971,0
6.579069233957611,8.016315351738342,0
6.5798667938899165,8.019553718492698,0
6.57884738931725,8.019424281999001,0
6.576586398943995,8.022274213811798,0
6.5764382781253765,8.024346750345266,0
6.57432473539561,8.02512389470369,0
6.573230765532298,8.02603053828604,0
6.570245770754699,8.024605646887068,0
6.5673356778553185,8.022144800872496,0
6.569449388878866,8.021367719244296,0
6.5673356778553185,8.022144800872496,0
6.5641273237933255,8.023828275162135,0
6.559823485223994,8.02641782846208,0
6.556613504322122,8.028100696359527,0
6.555518300304406,8.02900687992021,0
6.554573461022397,8.027841363350454,0
6.556688630592042,8.02706482538423,0
6.557858736487969,8.02512268720794,0
6.558953603918123,8.024216378186804,0
6.557858736487969,8.02512268720794,0
6.5556686650401055,8.026935179789774,0
6.553478144808825,8.02874750509099,0
6.553252261117713,8.0318549298262,0
6.554272507159286,8.031984679971032,0
6.5541220302277345,8.034056338281324,0
6.554046791761959,8.035092167436467,0
6.551779911106358,8.037939903691324,0
6.5495878201331195,8.039751643510424,0
6.550533108198554,8.040917327360784,0
6.5473197053231225,8.042598919743615,0
6.547395280376467,8.041563216048921,0
6.546374473355623,8.04143325680333,0
6.5473197053231225,8.042598919743615,0
6.547395280376467,8.041563216048921,0
6.5455050408331665,8.039231973808658,0
6.542518811901175,8.037806622388022,0
6.543539450628238,8.037936518903386,0
6.5424429563582045,8.038842221532335,0
6.542139534186305,8.042984618109582,0
6.541194526610507,8.041819038809603,0
6.540097695752912,8.042724615978091,0
6.541194526610507,8.041819038809603,0
6.541118614969609,8.04285461704384,0
6.542215389729279,8.04194901896527,0
6.543236252848047,8.042078999120939,0
6.541194526610507,8.041819038809603,0
6.540249631230569,8.040653501329771,0
6.542215389729279,8.04194901896527,0
6.540173663491739,8.041689058653933,0
6.540249631230569,8.040653501329771,0
6.541270438251413,8.040783460575366,0
6.540249631230569,8.040653501329771,0
6.5403255989694,8.03961794400561,0
6.541270438251413,8.040783460575366,0
6.539152800372971,8.041559078498263,0
6.539304848046484,8.039488005670094,0
6.539228824209726,8.040523542084177,0
6.539304848046484,8.039488005670094,0
6.539228824209726,8.040523542084177,0
6.539152800372971,8.041559078498263,0
6.537979777384834,8.043500129350615,0
6.536958802070213,8.043370107374795,0
6.535709250363979,8.04634650645055,0
6.533590658820774,8.047121768902159,0
6.532416738265809,8.0490624851933,0
6.5302976418412655,8.049837559454232,0
6.52817832102501,8.050612550074863,0
6.526058775817049,8.051387457055188,0
6.522917469923488,8.052032049318633,0
6.42713947382985,8.036690556472884,0
6.424075369829509,8.036300051433834,0
6.421176216025906,8.033843282884018,0
6.414110293179949,8.031899411815772,0
6.409170591195277,8.029183122066211,0
6.4053363591489685,8.025564475299802,0
6.403461490437689,8.023238962420272,0
6.398441220684166,8.021556515368662,0
6.3933374660695925,8.020906823691075,0
6.3903594274349516,8.019484525141483,0
6.3874661078157615,8.017029931239534,0
6.385678426428726,8.013673043050975,0
6.38270184634019,8.012251288163352,0
6.377684998560216,8.010570116626358,0
6.373944461197695,8.005922520119704,0
6.369014969035746,8.003210036003914,0
6.367231719384947,7.999854799711333,0
6.362218574068162,7.998175008239333,0
6.357205989730652,7.996495425868087,0
6.3522803683256726,7.993784384547517,0
6.3482887032048545,7.992234803242017,0
6.345230152899294,7.9918463683004575,0
6.344210636130775,7.991716889986606,0
6.339871343671533,7.994293228118732,0
6.336550558218121,7.996998668183345,0
6.333403586433924,7.997641148529151,0
6.328391731369464,7.99596183798889,0
6.323380437284275,7.9942827365493905,0
6.319124854077799,7.995826402947792,0
6.31690841660421,7.997629067794058,0
6.314779951825848,7.998400650072348,0
6.31265126265577,7.99917214871034,0
6.311542539037635,8.00007329294279,0
6.309413457182075,8.000844645210254,0
6.305243546655809,8.001356371727585,0
6.304045279600491,8.003288013045886,0
6.304045279600491,8.003288013045886,0
6.302935826709302,8.004188885447356,0
6.300984036594432,8.002898574420698,0
6.295130012600069,7.999028143182539,0
6.29504052526082,8.000058661178464,0
6.293089520516926,7.99876864289287,0
6.287147916512833,7.995929440593208,0
6.2839974105592304,7.996570603604244,0
6.28195703067194,7.996311145134722,0
6.280097308400968,7.993991277975624,0
6.280187637209128,7.992961073630838,0
6.278418916921435,7.989611253047851,0
6.277489560667295,7.988451507658983,0
6.277399063565351,7.9894816492735465,0
6.277399063565351,7.9894816492735465,0
6.278418916921435,7.989611253047851,0
6.278418916921435,7.989611253047851,0
6.278509357925447,7.988581090523212,0
6.276741423008733,7.985231562681292,0
6.2758124033421545,7.984071942752873,0
6.273682536115611,7.984843002279277,0
6.27377325760926,7.9838129443050185,0
6.2747928304757075,7.983942443528946,0
6.27377325760926,7.9838129443050185,0
6.274883495871425,7.982912364644612,0
6.273863979102906,7.982782886330757,0
6.2747928304757075,7.983942443528946,0
6.2747928304757075,7.983942443528946,0
6.2747928304757075,7.983942443528946,0
6.2747928304757075,7.983942443528946,0
6.2747928304757075,7.983942443528946,0
6.2747928304757075,7.983942443528946,0
6.2747928304757075,7.983942443528946,0
6.274883495871425,7.982912364644612,0
6.274883495871425,7.982912364644612,0
6.2758124033421545,7.984071942752873,0
6.275631184746565,7.986132142341695,0
6.2758124033421545,7.984071942752873,0
6.274883495871425,7.982912364644612,0
6.2758124033421545,7.984071942752873,0
6.274883495871425,7.982912364644612,0
6.2747928304757075,7.983942443528946,0
6.274883495871425,7.982912364644612,0
6.274883495871425,7.982912364644612,0
6.275721794044358,7.9851020425472825,0
6.275721794044358,7.9851020425472825,0
6.275631184746565,7.986132142341695,0
6.275631184746565,7.986132142341695,0
6.275631184746565,7.986132142341695,0
6.275721794044358,7.9851020425472825,0
6.275903012639944,7.983041842958464,0
6.274883495871425,7.982912364644612,0
6.273863979102906,7.982782886330757,0
6.2747928304757075,7.983942443528946,0
6.2747928304757075,7.983942443528946,0
6.273863979102906,7.982782886330757,0
6.2747928304757075,7.983942443528946,0
6.2747928304757075,7.983942443528946,0
6.2758124033421545,7.984071942752873,0
6.2747928304757075,7.983942443528946,0
6.2747928304757075,7.983942443528946,0
6.2758124033421545,7.984071942752873,0
6.2758124033421545,7.984071942752873,0
6.276741423008733,7.985231562681292,0
6.305685495980519,8.020169754340408,0
6.305685495980519,8.020169754340408,0
6.305774310144649,8.019138985423574,0
6.305685495980519,8.020169754340408,0
6.305596681816393,8.021200523257239,0
6.305685495980519,8.020169754340408,0
6.308838077557425,8.019529365002168,0
6.308838077557425,8.019529365002168,0
6.308838077557425,8.019529365002168,0
6.307816821753168,8.01939923847597,0
6.304753054340388,8.019008858897372,0
6.305507867652267,8.022231292174073,0
6.308394848205694,8.02468352323747,0
6.3083062023353484,8.025714354884528,0
6.308394848205694,8.02468352323747,0
6.309416384499588,8.024813754314046,0
6.308394848205694,8.02468352323747,0
6.3073733119118,8.024553292160896,0
6.3073733119118,8.024553292160896,0
6.307284609943526,8.025584102897877,0
6.308394848205694,8.02468352323747,0
6.30746201388007,8.02352248142391,0
6.306529291750305,8.022361481430497,0
6.30746201388007,8.02352248142391,0
6.306529291750305,8.022361481430497,0
6.306529291750305,8.022361481430497,0
6.306529291750305,8.022361481430497,0
6.305507867652267,8.022231292174073,0
6.305507867652267,8.022231292174073,0
6.306440533684103,8.023392271257407,0
6.3045753138162794,8.02107035491089,0
6.304664184078334,8.020039606904135,0
6.301511209815942,8.02067984987184,0
6.303731798536127,8.018878732371174,0
6.3045753138162794,8.02107035491089,0
6.304664184078334,8.020039606904135,0
6.304664184078334,8.020039606904135,0
6.305685495980519,8.020169754340408,0
6.304664184078334,8.020039606904135,0
6.303642872176148,8.019909459467858,0
6.301422171260107,8.021710535148369,0
6.303287166736222,8.024032367854584,0
6.303287166736222,8.024032367854584,0
6.303287166736222,8.024032367854584,0
6.303287166736222,8.024032367854584,0
6.303287166736222,8.024032367854584,0
6.303287166736222,8.024032367854584,0
6.303287166736222,8.024032367854584,0
6.303287166736222,8.024032367854584,0
6.303287166736222,8.024032367854584,0
6.303287166736222,8.024032367854584,0
6.30430870303012,8.024162598931163,0
6.306529291750305,8.022361481430497,0
6.30746201388007,8.02352248142391,0
6.307550715848347,8.022491670686925,0
6.307550715848347,8.022491670686925,0
6.306529291750305,8.022361481430497,0
6.305507867652267,8.022231292174073,0
6.306529291750305,8.022361481430497,0
6.307550715848347,8.022491670686925,0
6.306529291750305,8.022361481430497,0
6.307550715848347,8.022491670686925,0
6.30746201388007,8.02352248142391,0
6.307550715848347,8.022491670686925,0
6.30746201388007,8.02352248142391,0
6.306529291750305,8.022361481430497,0
6.308394848205694,8.02468352323747,0
6.308483494076036,8.023652691590407,0
6.307550715848347,8.022491670686925,0
6.308572139946385,8.02262185994335,0
6.307550715848347,8.022491670686925,0
6.30746201388007,8.02352248142391,0
6.307550715848347,8.022491670686925,0
6.306529291750305,8.022361481430497,0
6.30746201388007,8.02352248142391,0
6.307550715848347,8.022491670686925,0
6.30746201388007,8.02352248142391,0
6.307550715848347,8.022491670686925,0
6.30746201388007,8.02352248142391,0
6.309504974272002,8.02378290175691,0
6.309416384499588,8.024813754314046,0
6.309327794727171,8.025844606871182,0
6.309416384499588,8.024813754314046,0
6.306529291750305,8.022361481430497,0
6.305685495980519,8.020169754340408,0
6.304753054340388,8.019008858897372,0
6.304753054340388,8.019008858897372,0
6.303820724896109,8.017848005274494,0
6.304664184078334,8.020039606904135,0
6.305685495980519,8.020169754340408,0
6.306440533684103,8.023392271257407,0
6.30746201388007,8.02352248142391,0
6.307284609943526,8.025584102897877,0
6.307284609943526,8.025584102897877,0
6.30746201388007,8.02352248142391,0
6.306529291750305,8.022361481430497,0
6.306529291750305,8.022361481430497,0
6.307550715848347,8.022491670686925,0
6.306529291750305,8.022361481430497,0
6.307550715848347,8.022491670686925,0
6.338519159427321,8.03477920923076,0
6.338432196494786,8.03581066818009,0
6.338519159427321,8.03477920923076,0
6.338432196494786,8.03581066818009,0
6.338519159427321,8.03477920923076,0
6.337584305576321,8.033617414654472,0
6.337497286545865,8.034648852693728,0
6.338432196494786,8.03581066818009,0
6.338519159427321,8.03477920923076,0
6.337410267515402,8.035680290732984,0
6.338519159427321,8.03477920923076,0
6.337497286545865,8.034648852693728,0
6.338432196494786,8.03581066818009,0
6.337497286545865,8.034648852693728,0
6.33945412547417,8.035941045627197,0
6.338519159427321,8.03477920923076,0
6.337497286545865,8.034648852693728,0
6.338519159427321,8.03477920923076,0
6.340562905190236,8.035039922304822,0
6.339541032308777,8.03490956576779,0
6.339541032308777,8.03490956576779,0
6.338519159427321,8.03477920923076,0
6.340562905190236,8.035039922304822,0
6.338519159427321,8.03477920923076,0
6.338519159427321,8.03477920923076,0
6.338519159427321,8.03477920923076,0
6.338519159427321,8.03477920923076,0
6.338519159427321,8.03477920923076,0
6.337497286545865,8.034648852693728,0
6.337497286545865,8.034648852693728,0
6.33945412547417,8.035941045627197,0
6.337497286545865,8.034648852693728,0
6.338519159427321,8.03477920923076,0
6.337497286545865,8.034648852693728,0
6.338519159427321,8.03477920923076,0
6.338432196494786,8.03581066818009,0
6.338606122359852,8.033747750281428,0
6.338606122359852,8.033747750281428,0
6.338432196494786,8.03581066818009,0
6.338519159427321,8.03477920923076,0
6.338519159427321,8.03477920923076,0
6.339367218639566,8.0369725254866,0
6.339367218639566,8.0369725254866,0
6.337584305576321,8.033617414654472,0
6.339627939143384,8.033878085908384,0
6.338519159427321,8.03477920923076,0
6.339541032308777,8.03490956576779,0
6.340562905190236,8.035039922304822,0
6.338606122359852,8.033747750281428,0
6.338519159427321,8.03477920923076,0
6.338606122359852,8.033747750281428,0
6.338519159427321,8.03477920923076,0
6.338606122359852,8.033747750281428,0
6.338519159427321,8.03477920923076,0
6.338519159427321,8.03477920923076,0
6.338345233562251,8.036842127129418,0
6.338432196494786,8.03581066818009,0
6.339541032308777,8.03490956576779,0
6.338432196494786,8.03581066818009,0
6.338606122359852,8.033747750281428,0
6.337671324606784,8.032585976615216,0
6.337671324606784,8.032585976615216,0
6.337671324606784,8.032585976615216,0
6.337584305576321,8.033617414654472,0
6.338606122359852,8.033747750281428,0
6.338606122359852,8.033747750281428,0
6.338519159427321,8.03477920923076,0
6.338519159427321,8.03477920923076,0
6.338606122359852,8.033747750281428,0
6.338519159427321,8.03477920923076,0
6.338606122359852,8.033747750281428,0
6.338606122359852,8.033747750281428,0
6.338519159427321,8.03477920923076,0
6.338519159427321,8.03477920923076,0
6.338345233562251,8.036842127129418,0
6.338432196494786,8.03581066818009,0
6.339367218639566,8.0369725254866,0
6.337497286545865,8.034648852693728,0
6.33945412547417,8.035941045627197,0
6.339541032308777,8.03490956576779,0
6.338519159427321,8.03477920923076,0
6.337497286545865,8.034648852693728,0
6.337497286545865,8.034648852693728,0
6.336562488792794,8.033487079027516,0
6.336649563921185,8.03245566189834,0
6.336649563921185,8.03245566189834,0
6.337671324606784,8.032585976615216,0
6.337671324606784,8.032585976615216,0
6.336649563921185,8.03245566189834,0
6.338432196494786,8.03581066818009,0
6.338345233562251,8.036842127129418,0
6.337410267515402,8.035680290732984,0
6.337497286545865,8.034648852693728,0
6.336562488792794,8.033487079027516,0
6.336562488792794,8.033487079027516,0
6.337758343637244,8.031554538575968,0
6.336649563921185,8.03245566189834,0
6.337584305576321,8.033617414654472,0
6.336649563921185,8.03245566189834,0
6.337584305576321,8.033617414654472,0
6.275721794044358,7.9851020425472825,0
6.274702165079983,7.98497252241328,0
6.27377325760926,7.9838129443050185,0
6.27377325760926,7.9838129443050185,0
6.27377325760926,7.9838129443050185,0
6.27377325760926,7.9838129443050185,0
6.273682536115611,7.984843002279277,0
6.272753684742813,7.983683445081084,0
6.27377325760926,7.9838129443050185,0
6.272844462334387,7.982653408016901,0
6.272753684742813,7.983683445081084,0
6.27377325760926,7.9838129443050185,0
6.272844462334387,7.982653408016901,0
6.271734111876366,7.98355394585716,0
6.27293523992596,7.981623370952718,0
6.272844462334387,7.982653408016901,0
6.272753684742813,7.983683445081084,0
6.272844462334387,7.982653408016901,0
6.2719157792553695,7.981493913548942,0
6.269876857914184,7.981234998741389,0
6.269694966143472,7.983294947409306,0
6.266909590081539,7.979816714926329,0
6.263851376363544,7.979428405445223,0
6.260793162645548,7.979040095964116,0
6.253749174089073,7.97710440073546,0
6.2477252632803975,7.97529839292141,0
6.241609509019526,7.974522024880109,0
6.237717821550323,7.971945835762835,0
6.2347531903202515,7.970528534721332,0
6.234846099633053,7.969499292240023,0
6.2347531903202515,7.970528534721332,0
6.231509662857992,7.9721988983935255,0
6.229471190300224,7.971940150866576,0
6.224375008905799,7.971293282049203,0
6.223355772626917,7.971163908285732,0
6.219091325947961,7.97270427089218,0
6.218165784352863,7.971545947388453,0
6.215845442372768,7.974373756341194,0
6.2114851692888,7.976942274105017,0
6.2083319706346956,7.977582433432421,0
6.204347766538181,7.976035633166987,0
6.199249621716309,7.975388032496969,0
6.193227001159954,7.973582505614662,0
6.18953022018054,7.968951218967028,0
6.183509843541266,7.967146528487749,0
6.179528612634883,7.965600836456325,0
6.177490140077111,7.965342088929376,0
6.172297627396336,7.965723187078694,0
6.169239750265902,7.965335003058048,0
6.164143288381847,7.9646880296902935,0
6.158027534120979,7.963911661648993,0
6.151911779860107,7.963135293607689,0
6.1456004459343205,7.964413772175842,0
6.141228784971158,7.966978045194306,0
6.136032625925125,7.967357784188707,0
6.129717589536149,7.9686348826918625,0
6.126460766865176,7.970300290676125,0
6.127381876724048,7.971456962283867,0
6.1261643680797455,7.973381431446214,0
6.123302238908007,7.970938463546339,0
6.1222823294539985,7.970808838861956,0
6.122183305467146,7.971835802145019,0
6.120044238180565,7.972603432419014,0
6.114944129931246,7.971955099896345,0
6.112904086631524,7.971695766887272,0
6.112804557763322,7.97272254197965,0
6.1115853100832815,7.974646362929654,0
6.1104654790755895,7.97554336696712,0
6.10832523373254,7.976310558129523,0
6.105064484206675,7.977974502408486,0
6.104764719545617,7.981054388574037,0
6.100582243083682,7.981561431234425,0
6.09854096562956,7.981301638203693,0
6.095378623013346,7.9819383891887625,0
6.092215943809574,7.982575014713376,0
6.092014754351947,7.98462777031526,0
6.090073735039077,7.983341474023135,0
6.084666737691961,7.985770372086407,0
6.082725886672872,7.984484138524504,0
6.078743533807948,7.982938028291571,0
6.074558532939296,7.983444129998546,0
6.0722117127376265,7.986262069395572,0
6.071088908539803,7.987157965199028,0
6.068025477714585,7.986767711080891,0
6.065983190497775,7.986507541668793,0
6.063736684535282,7.988298998714495,0
6.062715428731025,7.988168872188297,0
6.063634575162439,7.989324811943394,0
6.063736684535282,7.988298998714495,0
6.064859993614455,7.987403291101721,0
6.063940903280965,7.986247372256695,0
6.059651661318249,7.987778492609699,0
6.056382889788807,7.989439446747845,0
6.054134925280209,7.991230360131581,0
6.0511732672402765,7.989814167324088,0
6.049336208531837,7.987502747835556,0
6.046375335862884,7.986086847769119,0
6.046375335862884,7.986086847769119,0
6.041062369787113,7.987486921552595,0
6.036976897786662,7.986966248167196,0
6.034934161786435,7.986705911474498,0
6.032787633475554,7.9874707607084225,0
6.028597920381031,7.987975105969049,0
6.0274723673847745,7.988869977178801,0
6.023281925017194,7.989374050608436,0
6.022364685915303,7.988218821795915,0
6.017257004445831,7.987567666413028,0
6.017257004445831,7.987567666413028,0
6.015213931858042,7.987307204259874,0
6.012359151514751,7.984866975579912,0
6.008273455122588,7.984346218554212,0
6.004187758730428,7.983825461528507,0
6.000207649782592,7.982280187698596,0
5.999186281782478,7.982150019352247,0
5.997143545782251,7.981889682659549,0
5.997355057258453,7.979840774511587,0
5.993376014171222,7.978295897973112,0
5.99133361475856,7.978035686740867,0
5.991227522432897,7.979060015354392,0
5.9910153377815725,7.981108672581449,0
5.991930669553948,7.982263190451398,0
5.992036705781686,7.981238840927798,0
5.992036705781686,7.981238840927798,0
5.991824633326214,7.983287539974999,0
5.988760192738308,7.9828969094755,0
5.989675524510687,7.984051427345452,0
5.987632451922902,7.983790965192295,0
5.983759276769625,7.9812216763999935,0
5.981609831366537,7.981985438309987,0
5.980588351170571,7.981855228143488,0
5.977630732181385,7.980440540861441,0
5.972309407514484,7.9818374990436425,0
5.9690302578685355,7.983494584817784,0
5.967793956418671,7.985412049104781,0
5.965642996371553,7.986175246442734,0
5.965642996371553,7.986175246442734,0
5.964621179588022,7.986044910815778,0
5.963384261060959,7.987962145091942,0
5.963384261060959,7.987962145091942,0
5.959995316626163,7.990642179414618,0
5.958166784802639,7.988333938257586,0
5.957036912265998,7.989227199391511,0
5.956821137347337,7.9912745183737215,0
5.957036912265998,7.989227199391511,0
5.954992829915522,7.988966360856995,0
5.954884830260337,7.989989978527952,0
5.950796441167675,7.989468217818612,0
5.951337561402141,7.984350547665358,0
5.946445486557547,7.981652010570038,0
5.945423781969872,7.981521716763229,0
5.941010608540683,7.984070516325698,0
5.937944989896316,7.9836794467146035,0
5.935097614479389,7.981241978164629,0
5.9345125646403964,7.97701894921029,0
5.931666647769578,7.9745820243222845,0
5.931885339780447,7.972535792664008,0
5.929623799573498,7.974321645809436,0
5.929514341372212,7.975344719818423,0
5.929514341372212,7.975344719818423,0
5.928492861176242,7.9752145096519165,0
5.92838334687703,7.976237562750832,0
5.927252240185993,7.97713036386309,0
5.928492861176242,7.9752145096519165,0
5.92838334687703,7.976237562750832,0
5.930535821568178,7.975474929984923,0
5.929514341372212,7.975344719818423,0
5.927361810583136,7.976107331674253,0
5.9282738325778155,7.97726061584974,0
5.927361810583136,7.976107331674253,0
5.930535821568178,7.975474929984923,0
5.933709495965658,7.97484240283514,0
5.934840097775357,7.973949413532196,0
5.935861465775467,7.974079581878545,0
5.9371009648071755,7.972163309465866,0
5.938013211193564,7.973316677281655,0
5.93812222061144,7.972293435992064,0
5.93812222061144,7.972293435992064,0
5.93812222061144,7.972293435992064,0
5.936991899291375,7.973186529845382,0
5.936991899291375,7.973186529845382,0
5.935861465775467,7.974079581878545,0
5.934840097775357,7.973949413532196,0
5.934840097775357,7.973949413532196,0
5.935970587389193,7.973056382409105,0
5.938013211193564,7.973316677281655,0
5.936079709002918,7.972033182939665,0
5.9371009648071755,7.972163309465866,0
5.936991899291375,7.973186529845382,0
5.9371009648071755,7.972163309465866,0
5.93812222061144,7.972293435992064,0
5.93812222061144,7.972293435992064,0
5.9371009648071755,7.972163309465866,0
5.934949275487007,7.972926234972832,0
5.936991899291375,7.973186529845382,0
5.938013211193564,7.973316677281655,0
5.939143476415698,7.972423562518262,0
5.9371009648071755,7.972163309465866,0
5.9371009648071755,7.972163309465866,0
5.936079709002918,7.972033182939665,0
5.936079709002918,7.972033182939665,0
5.966879578311055,7.984257886706118,0
5.968008609378785,7.983364311921058,0
5.966986960889042,7.983234039024332,0
5.966772195733071,7.985281734387904,0
5.968922987486401,7.984518474319724,0
5.96881571710427,7.985542363821661,0
5.965750435047468,7.985151419671023,0
5.967793956418671,7.985412049104781,0
5.965642996371553,7.986175246442734,0
5.966772195733071,7.985281734387904,0
5.967793956418671,7.985412049104781,0
5.966772195733071,7.985281734387904,0
5.965965312399295,7.983103766127602,0
5.966879578311055,7.984257886706118,0
5.966986960889042,7.983234039024332,0
5.966986960889042,7.983234039024332,0
5.966879578311055,7.984257886706118,0
5.966772195733071,7.985281734387904,0
5.965642996371553,7.986175246442734,0
5.964621179588022,7.986044910815778,0
5.963599362804491,7.985914575188822,0
5.961555729237432,7.98565390393491,0
5.958166784802639,7.988333938257586,0
5.955906927533501,7.990120418705281,0
5.954884830260337,7.989989978527952,0
5.953754677234059,7.9908831351114955,0
5.9517103704918775,7.990622212936675,0
5.949774343894511,7.989337777641278,0
5.946708052075014,7.988946457109279,0
5.944555296894237,7.989708985324807,0
5.944555296894237,7.989708985324807,0
5.942510990152048,7.989448063149993,0
5.938313479445661,7.989949501910097,0
5.937182316656703,7.990842282112279,0
5.936964410016817,7.9928888065116155,0
5.933897276728416,7.992497172328477,0
5.932874898965618,7.9923666276007665,0
5.9318525212028135,7.992236082873056,0
5.931743287393232,7.993259240522345,0
5.930611563625,7.9941518116237695,0
5.929807765677214,7.991974993417632,0
5.926521603790384,7.9936294654323135,0
5.923454133914422,7.993237705788726,0
5.921409153997111,7.992976532693,0
5.917319194162495,7.992454186501547,0
5.916516854760808,7.990277911957374,0
5.916737005317778,7.988232223961067,0
5.91458228670955,7.9889940203239505,0
5.917429213343052,7.991431321593318,0
5.915384345621597,7.991170190317739,0
5.9170991558013775,7.994499916318006,0
5.915856403089894,7.996414975946298,0
5.916769098259703,7.997568511042697,0
5.917681905625361,7.998722087959241,0
5.918594825186872,7.9998757066959385,0
5.919727558717788,7.998983511975879,0
5.919837409604568,7.99796058433742,0
5.917681905625361,7.998722087959241,0
5.917571942542732,7.999744973777549,0
5.913149849543139,8.002290448637986,0
5.910993447997093,8.003051617698596,0
5.9099703409612445,8.0029208011399,0
5.907924126889537,8.002659168022507,0
5.905767332658005,8.003420190712593,0
5.902587094803053,8.004050271383523,0
5.898272272185594,8.005571856742023,0
5.894979995624713,8.00722404955846,0
5.891687045888709,8.008875991453987,0
5.889417090992698,8.010658708088059,0
5.8881704675242545,8.012572324921134,0
5.886923619664099,8.0144858581139,0
5.884429250768662,8.018312673578539,0
5.8819339843064,8.022139154481955,0
5.879661561101599,8.0239209510727,0
5.87522746314561,8.026461951176941,0
5.871929071910682,8.028111864795136,0
5.868630007500627,8.029761527492415,0
5.864305311648003,8.031279432677593,0
5.861004788691844,8.03292855171291,0
5.856678409901406,8.034445829595821,0
5.853602861923942,8.034051058901333,0
5.850527313946483,8.03365628820685,0
5.84551506619653,8.03197683129606,0
5.841528449889154,8.030429131897371,0
5.837428168035956,8.029902938251997,0
5.8343529566460575,8.029508293017965,0
5.831277745256159,8.02911364778393,0
5.831959631262844,8.03230889796226,0
5.831048843422565,8.031156073808436,0
5.828883914991607,8.031914064537546,0
5.828654788766308,8.033956406921746,0
5.826718762168941,8.032671971626353,0
5.824782959963279,8.031387619971259,0
5.823642877603913,8.032277075471413,0
5.822502683048697,8.033166489151409,0
5.823642877603913,8.032277075471413,0
5.819426630189891,8.032771530266242,0
5.815209933992449,8.033265817780471,0
5.812133712839863,8.032870796165074,0
5.808941862714015,8.03349654845034,0
5.807800714494032,8.034385606659054,0
5.806659454078197,8.03527462304762,0
5.80346681858137,8.03590008259183,0
5.799015891247265,8.038434809673372,0
5.796731799673633,8.040212256968374,0
5.794330901070275,8.043010039052454,0
5.790903080772022,8.045675582692692,0
5.787474250711078,8.04834074995157,0
5.78404441088745,8.051005540829085,0
5.779586807900021,8.05353777961162,0
5.77638929188354,8.054161419979245,0
5.773074015172565,8.055805039664659,0
5.7710201717827765,8.055540562776976,0
5.765767746515891,8.055899328965484,0
5.762686813137432,8.055502550903732,0
5.759487726378989,8.056125605789237,0
5.754234123055639,8.05648393286615,0
5.751034250926217,8.0571066950106,0
5.747834042209234,8.057729331694595,0
5.743725233471121,8.057199959717718,0
5.739377986251817,8.058709459052476,0
5.734241414349906,8.058047534980627,0
5.7311594712087555,8.057650380537513,0
5.727289998518671,8.055082471810202,0
5.7230610729731275,8.055572200927934,0
5.7199792981257644,8.05517510921505,0
5.7166566164884145,8.056815968770476,0
5.717683986966723,8.056948374494926,0
5.716174802908444,8.060891871307096,0
5.715147208038424,8.060759381942347,0
5.715026698545504,8.061778336666428,0
5.715026698545504,8.061778336666428,0
5.715026698545504,8.061778336666428,0
5.714119613168407,8.060626892577599,0
5.713878481986715,8.062664760205607,0
5.713999047577563,8.061645826391604,0
5.715026698545504,8.061778336666428,0
5.712185101215077,8.059343021854247,0
5.711943745641676,8.061380805841953,0
5.711943745641676,8.061380805841953,0
5.711943745641676,8.061380805841953,0
5.710795360789099,8.062267166650905,0
5.709646863740673,8.063153485639702,0
5.7043869774494915,8.063509470788144,0
5.7003969952664875,8.061960516784914,0
5.6962859426112935,8.061430308405011,0
5.692296633603412,8.05988160532269,0
5.687158098274054,8.05921894939819,0
5.684980547809506,8.05997223536027,0
5.682558275895932,8.062762050705523,0
5.681163430558591,8.06568429268529,0
5.6768059735165615,8.067189986386282,0
5.673475943050764,8.068828106721796,0
5.670022373803988,8.071484052637299,0
5.6668138625937985,8.072103594630093,0
5.66348181260263,8.073740962202884,0
5.663358610409208,8.074758913243333,0
5.660149089436334,8.075378078854762,0
5.657844578217251,8.077147914882225,0
5.655663213093664,8.07789977895916,0
5.6503946316237865,8.078252523045876,0
5.645906343070251,8.080773324017024,0
5.646563377695248,8.083959311031826,0
5.646563377695248,8.083959311031826,0
5.646563377695248,8.083959311031826,0
5.646687421357576,8.082941673642516,0
5.647716699165407,8.083074790309531,0
5.646687421357576,8.082941673642516,0
5.646687421357576,8.082941673642516,0
5.646687421357576,8.082941673642516,0
5.646563377695248,8.083959311031826,0
5.647592711601007,8.08409244860892,0
5.646687421357576,8.082941673642516,0
5.646811465019898,8.081924036253202,0
5.646563377695248,8.083959311031826,0
5.647592711601007,8.08409244860892,0
5.646563377695248,8.083959311031826,0
5.646687421357576,8.082941673642516,0
5.646563377695248,8.083959311031826,0
5.646563377695248,8.083959311031826,0
5.647592711601007,8.08409244860892,0
5.646687421357576,8.082941673642516,0
5.647716699165407,8.083074790309531,0
5.647592711601007,8.08409244860892,0
5.646563377695248,8.083959311031826,0
5.647592711601007,8.08409244860892,0
5.646563377695248,8.083959311031826,0
5.646563377695248,8.083959311031826,0
5.647592711601007,8.08409244860892,0
5.647592711601007,8.08409244860892,0
5.647592711601007,8.08409244860892,0
5.64269457818029,8.081391653225428,0
5.638702183786425,8.07984180008895,0
5.634336087663623,8.08134427363828,0
5.633306809855796,8.081211156971264,0
5.633306809855796,8.081211156971264,0
5.630218976432307,8.080811806970203,0
5.629189698624479,8.080678690303188,0
5.627256252531751,8.079395216871273,0
5.624043309585328,8.080013106968089,0
5.610158669724456,8.082350212443494,0
5.607070163125844,8.081950611521531,0
5.607196338509397,8.080933768715095,0
5.607196338509397,8.080933768715095,0
5.607070163125844,8.081950611521531,0
5.60475858356795,8.083717812879456,0
5.6005136140152665,8.084201561715545,0
5.593179015905431,8.084285291428156,0
5.592149289314186,8.08415200748053,0
5.58918723858876,8.082735668302504,0
5.584941203175465,8.083219019847157,0
5.583911476584216,8.083085735899534,0
5.580567141147018,8.084718524165748,0
5.5763199837751785,8.085201457508887,0
5.569884336843014,8.086433599349355,0
5.564862720739242,8.08475065045593,0
5.563704294357727,8.085633268361335,0
5.559069282506112,8.080902802099498,0
5.555208112309234,8.078337988063389,0
5.551218635007572,8.076789222250842,0
5.548517910717585,8.073342543072044,0
5.547488464615974,8.073209363674803,0
5.54491851573956,8.068747556315778,0
5.5441486009397245,8.066583367795346,0
5.541450737644016,8.06313775503041,0
5.538623894068401,8.060707939568132,0
5.535537406995164,8.060309091408886,0
5.53220438726601,8.053685646558662,0
5.527715241170355,8.047945676926943,0
5.527209906485723,8.04375236119013,0
5.525938920443711,8.037396446098633,0
5.520035350834167,8.034571420830282,0
5.516450765708889,8.029981954333984,0
5.510945524818265,8.024113781903033,0
5.504284774638325,8.01912931470142,0
5.503156793357988,8.01176282982619,0
5.50265953677485,8.007572525140272,0
5.503188697005264,8.003514270707512,0
5.498191427401839,8.001840396786928,0
5.495246430446247,8.000430414271907,0
5.49025017060551,7.998756916732685,0
5.487572334269764,7.995318768864763,0
5.487705521894203,7.9943045398177865,0
5.48476215177849,7.992895163694961,0
5.4838700445479205,7.991749302596332,0
5.484136868580212,7.989721011782983,0
5.48467051664479,7.985664430156277,0
5.4822630385107445,7.98019930880978,0
5.4826637794405215,7.977157060780431,0
5.4839555056423315,7.975260255648195,0
5.482930940060378,7.975128895427535,0
5.485380475566501,7.97234924237906,0
5.486671696886965,7.9704522490561445,0
5.49014428333102,7.96780339165629,0
5.494905847178458,7.963256704530497,0
5.4993995772309106,7.9607379318366895,0
5.502868461211783,7.958087694371844,0
5.504554813669319,7.953146362012017,0
5.508154080378269,7.949480849996405,0
5.5076609189438095,7.94529207174601,0
5.507035691843459,7.942117940744112,0
5.508323210700734,7.940219567356202,0
5.50819075234935,7.941234068234166,0
5.50872058575489,7.9371760647223155,0
5.508455669052118,7.939205066478241,0
5.509478102912848,7.939335632116027,0
5.509478102912848,7.939335632116027,0
5.5093457006593916,7.940350153904063,0
5.5093457006593916,7.940350153904063,0
5.509478102912848,7.939335632116027,0
5.5103681906180455,7.940480740451925,0
5.511390680576703,7.940611326999793,0
5.511258390519096,7.941625890607984,0
5.511126100461496,7.942640454216171,0
5.5121487026160025,7.942771082584187,0
5.5120164686563236,7.943785667102446,0
5.512774771185256,7.945945527237221,0
5.5126425933235055,7.946960132665559,0
5.513797541633551,7.94607621833546,0
5.513665419869724,7.947090844673877,0
5.5145561807500485,7.948236203930687,0
5.5145561807500485,7.948236203930687,0
5.5145561807500485,7.948236203930687,0
5.515447053826222,7.949381605007648,0
5.515447053826222,7.949381605007648,0
5.515315044258259,7.950396273166216,0
5.516338039098251,7.950527047904757,0
5.517361033938251,7.950657822643304,0
5.518515870052436,7.949773866493054,0
5.518647711326622,7.948759135604259,0
5.519934164323288,7.946860364924909,0
5.518680007659391,7.940510722856118,0
5.519702441520121,7.940641288493904,0
5.520856660557111,7.93975710233282,0
5.520856660557111,7.93975710233282,0
5.521879038319909,7.939887647060534,0
5.522010767398243,7.938872874351588,0
5.522010767398243,7.938872874351588,0
5.523033089063116,7.939003398169223,0
5.523033089063116,7.939003398169223,0
5.438270394298154,7.873571933834761,0
5.437387823715184,7.872429627448994,0
5.437524601606956,7.871416736646861,0
5.435623019136813,7.870145140137929,0
5.436505365328074,7.871287362883386,0
5.436505365328074,7.871287362883386,0
5.437524601606956,7.871416736646861,0
5.437524601606956,7.871416736646861,0
5.437524601606956,7.871416736646861,0
5.436505365328074,7.871287362883386,0
5.436505365328074,7.871287362883386,0
5.436505365328074,7.871287362883386,0
5.436505365328074,7.871287362883386,0
5.435349238961567,7.872170838101898,0
5.435486129049188,7.8711579891199115,0
5.436505365328074,7.871287362883386,0
5.435623019136813,7.870145140137929,0
5.436642199317774,7.870274492991328,0
5.437387823715184,7.872429627448994,0
5.437524601606956,7.871416736646861,0
5.437524601606956,7.871416736646861,0
5.437387823715184,7.872429627448994,0
5.437524601606956,7.871416736646861,0
5.436368531338381,7.872300232775448,0
5.437114267931648,7.874455409053269,0
5.437387823715184,7.872429627448994,0
5.436642199317774,7.870274492991328,0
5.437387823715184,7.872429627448994,0
5.437387823715184,7.872429627448994,0
5.437524601606956,7.871416736646861,0
5.438543837885838,7.871546110410339,0
5.436368531338381,7.872300232775448,0
5.436505365328074,7.871287362883386,0
5.435486129049188,7.8711579891199115,0
5.437387823715184,7.872429627448994,0
5.437524601606956,7.871416736646861,0
5.436231697348681,7.873313102667506,0
5.437387823715184,7.872429627448994,0
5.437524601606956,7.871416736646861,0
5.437524601606956,7.871416736646861,0
5.438543837885838,7.871546110410339,0
5.436231697348681,7.873313102667506,0
5.438543837885838,7.871546110410339,0
5.437524601606956,7.871416736646861,0
5.437387823715184,7.872429627448994,0
5.435486129049188,7.8711579891199115,0
5.437387823715184,7.872429627448994,0
5.437251045823416,7.873442518251132,0
5.437251045823416,7.873442518251132,0
5.438543837885838,7.871546110410339,0
5.438543837885838,7.871546110410339,0
5.437251045823416,7.873442518251132,0
5.437387823715184,7.872429627448994,0
5.438407116091998,7.872559022122552,0
5.437387823715184,7.872429627448994,0
5.437387823715184,7.872429627448994,0
5.437251045823416,7.873442518251132,0
5.4360948633589885,7.874325972559568,0
5.4360948633589885,7.874325972559568,0
5.437251045823416,7.873442518251132,0
5.436505365328074,7.871287362883386,0
5.437251045823416,7.873442518251132,0
5.437251045823416,7.873442518251132,0
5.437387823715184,7.872429627448994,0
5.438680559679682,7.870533198698126,0
5.436505365328074,7.871287362883386,0
5.438407116091998,7.872559022122552,0
5.437251045823416,7.873442518251132,0
5.437387823715184,7.872429627448994,0
5.437387823715184,7.872429627448994,0
5.437387823715184,7.872429627448994,0
5.438407116091998,7.872559022122552,0
5.437387823715184,7.872429627448994,0
5.438407116091998,7.872559022122552,0
5.437387823715184,7.872429627448994,0
5.435486129049188,7.8711579891199115,0
5.436915867297163,7.868248753207208,0
5.436307469574928,7.865080895228008,0
5.437600037245645,7.8631844037469065,0
5.442557421222919,7.864843410603694,0
5.44343976741418,7.865985633349151,0
5.447515366179466,7.866502626561232,0
5.450572065253436,7.866890371470294,0
5.450299855820148,7.868916654916383,0
5.450027646386857,7.870942938362468,0
5.448600039860118,7.873852968858053,0
5.448327718230974,7.875879210483987,0
5.447035879833308,7.877775973796069,0
5.4458800900543665,7.878659574475034,0
5.446627229095814,7.880815273504744,0
5.445471271023088,7.881698811453482,0
5.445334998012662,7.8827118904462985,0
5.447374592528973,7.88297105617476,0
5.44825828507048,7.884113780762036,0
5.449278138426564,7.88424338453634,0
5.451181908715867,7.885515796538225,0
5.452201818169879,7.885645421222609,0
5.454105868948812,7.8869179377748715,0
5.454990122469596,7.888060871462905,0
5.458185731156554,7.887436520152704,0
5.44281558056263,7.893725946492214,0
5.4416587810209975,7.894609170789817,0
5.4416587810209975,7.894609170789817,0
5.4405018692835085,7.895492353267265,0
5.440365427979305,7.896505369529859,0
5.440228986675098,7.897518385792445,0
5.440092545370888,7.898531402055035,0
5.439819662762478,7.9005574345802145,0
5.439683221458267,7.901570450842804,0
5.438389363535229,7.9034664613921635,0
5.438252866133098,7.904479456744678,0
5.437979871328828,7.906505447449703,0
5.440022158545641,7.906765616861797,0
5.440906973045692,7.907908759650589,0
5.440770643937341,7.908921817733329,0
5.440770643937341,7.908921817733329,0
5.441655626731173,7.9100650232523435,0
5.441655626731173,7.9100650232523435,0
5.442540721720864,7.9112082705915086,0
5.442540721720864,7.9112082705915086,0
5.44138308071032,7.912091181237976,0
5.441246807699894,7.913104260230796,0
5.441246807699894,7.913104260230796,0
5.440088998395577,7.913987108147033,0
5.435866299719937,7.914479158283164,0
5.435866299719937,7.914479158283164,0
5.430484669781439,7.9158536381340205,0
5.42830431442054,7.916605878592321,0
5.4255132613223935,7.914189403758318,0
5.42490312456442,7.911020897566772,0
5.420954598749518,7.909487396109462,0
5.418027889718147,7.908084230279112,0
5.416260504635126,7.905798781104561,0
5.413472424727118,7.903383414504571,0
5.4117060494067815,7.901098341711382,0
5.4099401228698625,7.8988134361988,0
5.409057327895184,7.897671046172736,0
5.408174645116361,7.896528697966826,0
5.408174645116361,7.896528697966826,0
5.407153838095521,7.896398738721228,0
5.4072920745333946,7.895386391581059,0
5.407015601657648,7.897411085861396,0
5.407760104096525,7.899565802117554,0
5.4074837434166305,7.901590538218041,0
5.408090458201055,7.904757768894974,0
5.407952333959038,7.90577015785529,0
5.40971893367108,7.908055314288784,0
5.408421373284856,7.909949944773146,0
5.407261712748944,7.91083210265689,0
5.406101940017173,7.911714218720483,0
5.403920350501878,7.912465999157117,0
5.403782057966076,7.91347832538721,0
5.402621948646747,7.9143603159903435,0
5.401600131863219,7.914229980363395,0
5.401461727131565,7.915242264773333,0
5.400439854250109,7.915111908236302,0
5.399279464441143,7.9159937942890615,0
5.399279464441143,7.9159937942890615,0
5.403228887822877,7.917527630307578,0
5.406571091538851,7.915894047458487,0
5.410658583064677,7.916415473606609,0
5.414883750049103,7.915924343513812,0
5.416789820353415,7.917197612828797,0
5.419718044028816,7.918601343231192,0
5.423805759946351,7.919122853019619,0
5.425849617905122,7.919383607913833,0
5.431096040693809,7.91902260434723,0
5.43416165933818,7.919413673958324,0
5.438385536070285,7.918922062933781,0
5.441178552595876,7.921339269620432,0
5.44281409640471,7.924639449683777,0
5.443700145059157,7.9257830524942285,0
5.443428047821726,7.927809377760468,0
5.446087203547755,7.9312405625731905,0
5.44683798895446,7.93339762075782,0
5.446430516273434,7.936437359578086,0
5.445887219365396,7.9404903446717725,0
5.448820379658386,7.941895915160828,0
5.449436574992479,7.945066679640547,0
5.451076438341701,7.948368469779716,0
5.4477351321925624,7.950002387190018,0
5.447599476259338,7.9510156961936715,0
5.4452809405584865,7.9527803047022125,0
5.445145172429402,7.953793571885711,0
5.44412150441428,7.953662546226255,0
5.442961956074228,7.95454474593015,0
5.442554315099422,7.95758442202019,0
5.439074492022769,7.960230582020284,0
5.435729876095937,7.961863265736124,0
5.435185008445941,7.965915665347687,0
5.43286355565289,7.967679186532301,0
5.430541654076418,7.9694425404363045,0
5.428834545385865,7.974376136068134,0
5.426784741046831,7.974113164705898,0
5.426511521850852,7.976139071770625,0
5.423436478754734,7.97574448926682,0
5.421727294440881,7.9806773112258504,0
5.422000962420277,7.9786515714417305,0
5.422752589295886,7.9808089432774985,0
5.420701999585873,7.980545679174206,0
5.405573555565802,8.007451057798342,0
5.405573555565802,8.007451057798342,0
5.403106966289847,8.010224354183809,0
5.400777435395295,8.011984864317519,0
5.400501972282232,8.014009934979224,0
5.398171768212556,8.01577019419203,0
5.396592798333007,8.01968767887007,0
5.397482549450643,8.02083266174552,0
5.396041198931766,8.023737569272555,0
5.395765399231145,8.025762514473797,0
5.3948754237218,8.02461744795805,0
5.3926816048584065,8.02536466999819,0
5.393295500177491,8.028534577164809,0
5.393019476085161,8.03055943872575,0
5.391991264137946,8.030426719350164,0
5.392881464039,8.031571869506223,0
5.392605439946667,8.03359673106716,0
5.3880772096690634,8.036102644064428,0
5.383686093870793,8.037595791720019,0
5.380322853432169,8.039221533290736,0
5.377849083621548,8.04199215318652,0
5.3743455311217545,8.044629468224603,0
5.371731224858252,8.048411577947455,0
5.368086462730449,8.052060131891697,0
5.366360673430183,8.056986764468327,0
5.364773625449136,8.060901238095475,0
5.362155841114156,8.064682051393635,0
5.359537159212337,8.068462530130581,0
5.3569175797436905,8.07224267430632,0
5.355188368469872,8.077168031368338,0
5.355800468655296,8.080337269412531,0
5.355940107541343,8.079325445024256,0
5.352567106063415,8.080947548241799,0
5.352706913243246,8.079935786583754,0
5.352986527602905,8.077912263267656,0
5.355800468655296,8.080337269412531,0
5.3534585962167895,8.082093179329593,0
5.351116274994862,8.083848921966055,0
5.350976411717106,8.084860662714028,0
5.349805026714435,8.085738450391954,0
5.3508365484393465,8.085872403462002,0
5.351728262984434,8.087018118190098,0
5.351728262984434,8.087018118190098,0
5.351728262984434,8.087018118190098,0
5.349665107338751,8.086750170229852,0
5.3504169586060755,8.088907625705925,0
5.348353578568691,8.088639594105377,0
5.348073627621467,8.090662991961022,0
5.346341667549222,8.095587324429331,0
5.343716927071284,8.099365544878108,0
5.340339381661259,8.100985954379528,0
5.339166594210415,8.101863219305564,0
5.3378532703066845,8.103751974058667,0
5.335788095135634,8.103483273335698,0
5.334474322448489,8.105371860808194,0
5.332408922885726,8.105103076444923,0
5.331376223104346,8.104968684263287,0
5.330343523322966,8.104834292081652,0
5.330061889437932,8.10685706263503,0
5.3309539405705735,8.108002902823575,0
5.329780255552894,8.108879833188404,0
5.326258527324729,8.11151037336197,0
5.324802310855176,8.114409739718958,0
5.322030021683478,8.119196836235343,0
5.3183641106371695,8.122837507081059,0
5.31573084327432,8.126612549198331,0
5.313096678344632,8.130387256754396,0
5.311637656978732,8.133285577607598,0
5.310319957436686,8.135172701374799,0
5.308860318993592,8.138070792217174,0
5.306365512460321,8.140833570834577,0
5.304011971652979,8.142585131455903,0
5.303728093850864,8.144607065606252,0
5.301657982062231,8.144336524796628,0
5.298410594988582,8.144941576106984,0
5.295771044657897,8.148714276295781,0
5.29370037188999,8.1484435263854,0
5.2934154843251875,8.150465084154387,0
5.293130596760381,8.152486641923371,0
5.291667536343731,8.155383457251126,0
5.289453466128663,8.15612313075395,0
5.2881323446130715,8.158008979006532,0
5.287096447249844,8.157873394950585,0
5.2859177695166615,8.158748464318677,0
5.286525550161695,8.161916092287044,0
5.286382825889653,8.162926766621158,0
5.284918306926901,8.165823038286948,0
5.286562994697846,8.169126626692627,0
5.285526480257424,8.168990812625847,0
5.283739124312369,8.166697919464362,0
5.2807729223403435,8.165280032940732,0
5.278843347004589,8.16399800230404,0
5.279129580919644,8.161976946376871,0
5.276770766907163,8.163726541451084,0
5.273231704419533,8.166350620411272,0
5.269404500687333,8.170995044356054,0
5.266899989212678,8.173754205530372,0
5.2635015753737875,8.175366836483644,0
5.258028225324537,8.176707128360782,0
5.256242440121433,8.17441482068141,0
5.26142753673026,8.175094831968721,0
5.2599584738354075,8.177989409918382,0
5.26010248835977,8.176979216516006,0
5.258921286219866,8.177853344930693,0
5.2599584738354075,8.177989409918382,0
5.2599584738354075,8.177989409918382,0
5.26010248835977,8.176979216516006,0
5.2599584738354075,8.177989409918382,0
5.261283578303825,8.176105046281169,0
5.260995661450956,8.178125474906071,0
5.259065356842154,8.176843172438392,0
5.254628240743688,8.178319173831934,0
5.25284256773644,8.176026907972712,0
5.250479265889794,8.177774830240875,0
5.247970883658173,8.180532548619972,0
5.2457513158462525,8.181270172935378,0
5.24234908734832,8.182881382003504,0
5.237618220212568,8.186375637374073,0
5.234961616112059,8.19014198089987,0
5.229189354016231,8.193498603027074,0
5.2254918037390645,8.197127480590108,0
5.222977419029238,8.199882961591111,0
5.218384732233435,8.202364848911436,0
5.215576372094631,8.207138500249162,0
5.212166458180693,8.20874684463692,0
5.210395397853283,8.213656602782493,0
5.207730491259564,8.217419851617084,0
5.20402475068504,8.221045676309075,0
5.201651351211524,8.222789834763613,0
5.198983751917304,8.22655207991458,0
5.197050193628726,8.225268564662514,0
5.1917018409065605,8.225591574621625,0
5.186500475898889,8.224905499412372,0
5.181003452524415,8.226236967237579,0
5.1744648097981525,8.227430718179118,0
5.168965430310742,8.228761307781141,0
5.16554637243469,8.230366243826566,0
5.16108580740271,8.231833504808474,0
5.154542452450574,8.233025499303658,0
5.151270270093164,8.233621308360565,0
5.145766010086096,8.23495007878601,0
5.141002157369233,8.238432039032087,0
5.137428089775117,8.241043070105054,0
5.1341533830109825,8.241637938208559,0
5.127602959720043,8.242827298034204,0
5.124025862837868,8.245437199963085,0
5.122381033991935,8.249330136212297,0
5.122079541440719,8.25134550459888,0
5.122971031594091,8.252491135686675,0
5.123711999863563,8.254644534608062,0
5.124754348488398,8.254782523322714,0
5.123862633943318,8.25363680859462,0
5.122971031594091,8.252491135686675,0
5.119103915016943,8.249924105182544,0
5.12014603925007,8.25006201025689,0
5.121188163483197,8.250199915331244,0
5.118953000447554,8.25093172664561,0
5.113288513615203,8.25326464746156,0
5.108513441312926,8.256742425692497,0
5.10612523198666,8.258481063887064,0
5.102693776468726,8.260081378805765,0
5.098066813839484,8.26255049006986,0
5.0938949510313485,8.261997615167925,0
5.0915044977880015,8.263735416959463,0
5.087027215573755,8.265196446738823,0
5.082701745495733,8.265650189616323,0
5.078375826634289,8.266103765213224,0
5.07493971498841,8.267702344595644,0
5.072546456848713,8.2694391008834,0
5.072546456848713,8.2694391008834,0
5.071502930167409,8.26930067305716,0
5.073283666557071,8.27159109882972,0
5.073283666557071,8.27159109882972,0
5.071196388802754,8.271314159536935,0
5.073283666557071,8.27159109882972,0
5.073283666557071,8.27159109882972,0
5.072240027679911,8.271452629183326,0
5.069109111048434,8.271037220244157,0
5.065241770079581,8.268470106099727,0
5.061221495015957,8.266909860655634,0
5.058245083221205,8.265488168498237,0
5.054960671515694,8.26607941915865,0
5.051404359745657,8.261500491340492,0
5.047695226076712,8.257928474042831,0
5.043987438758013,8.254356958586985,0
5.03908313456532,8.251653863095168,0
5.035222637543562,8.249089299979964,0
5.030476091867364,8.245381134054313,0
5.0276601312896005,8.242955375146714,0
5.021249571276414,8.243132994224386,0
5.017392440130283,8.240569685713726,0
5.012180697006109,8.239879742140474,0
5.009053651131595,8.239465775996521,0
5.0024852765039896,8.240648444597955,0
4.997272972400538,8.239958291923948,0
4.994145589938469,8.239544200319543,0
4.992060668297086,8.23926813924994,0
4.991333724509381,8.237119967847466,0
4.991175965992891,8.2381250382813,0
4.989975746655709,8.238992078180338,0
4.990910580689462,8.30786414288081,0
4.988975451658927,8.306580042146628,0
4.990493375848249,8.303703676872875,0
4.990650629483397,8.302698418248358,0
4.990650629483397,8.302698418248358,0
4.990650629483397,8.302698418248358,0
4.990493375848249,8.303703676872875,0
4.989604690591229,8.302559091288867,0
4.990807883118549,8.301693159623841,0
4.989447380858156,8.303564329003304,0
4.990650629483397,8.302698418248358,0
4.990650629483397,8.302698418248358,0
4.990493375848249,8.303703676872875,0
4.989447380858156,8.303564329003304,0
4.989447380858156,8.303564329003304,0
4.989447380858156,8.303564329003304,0
4.989447380858156,8.303564329003304,0
4.989447380858156,8.303564329003304,0
4.990493375848249,8.303703676872875,0
4.989447380858156,8.303564329003304,0
4.989604690591229,8.302559091288867,0
4.98929007112508,8.304569566717745,0
4.990493375848249,8.303703676872875,0
4.990493375848249,8.303703676872875,0
4.990650629483397,8.302698418248358,0
4.987670234735827,8.301275241475587,0
4.987985078593685,8.299264849687013,0
4.985320537466659,8.295831657507026,0
4.984432581482686,8.294687343754003,0
4.984017844950266,8.290527797789395,0
4.981671233067086,8.285085363874991,0
4.979484343127847,8.278638591379405,0
4.979072018806296,8.274479944548052,0
4.977774094613704,8.26917786218685,0
4.9776158873137994,8.270182765340081,0
4.9776158873137994,8.270182765340081,0
4.9776158873137994,8.270182765340081,0
4.975844014396614,8.267895643359477,0
4.975844014396614,8.267895643359477,0
4.975433373012869,8.263737623830394,0
4.97575012420025,8.26172794298439,0
4.973187046489738,8.264465274039708,0
4.973345534279282,8.263460475436855,0
4.9724601587999615,8.262317123547312,0
4.974706317029309,8.261589410607769,0
4.973252878237314,8.25729323508343,0
4.973002295385072,8.252131002433615,0
4.971550539530892,8.247835454211547,0
4.971301303028902,8.242673723403549,0
4.972978949162162,8.23879301954861,0
4.972730217541514,8.233631476931293,0
4.973365290658229,8.2296127007214,0
4.97175779581293,8.226322975695886,0
4.97103376911743,8.22417589161735,0
4.97182845198223,8.219152735006123,0
4.970699730283261,8.212849847866522,0
4.970294979181865,8.208694023895386,0
4.970613188915344,8.206684886711344,0
4.972290217971409,8.202803952845574,0
4.9705273207225495,8.200520176477077,0
4.968764872257111,8.198236567389188,0
4.9701236915796905,8.196364770707454,0
4.9680431455766225,8.196090340623755,0
4.966843487218711,8.19695758962354,0
4.965081824124251,8.194674273276714,0
4.964201160870797,8.193532677833524,0
4.9662814824821595,8.193807024276921,0
4.963882053570483,8.195541480456352,0
4.962841780568947,8.1954042654145,0
4.960761234565879,8.1951298353308,0
4.958840522702609,8.193851108486061,0
4.960360073731813,8.190975349604503,0
4.961879288173456,8.188099465262493,0
4.958919537463043,8.186683983397568,0
4.95731989632753,8.183397185782653,0
4.954521270009231,8.180977888088435,0
4.951402638823783,8.180567058455836,0
4.948605022268172,8.17814813714298,0
4.945647403278986,8.17673344986093,0
4.94148990154018,8.176185927938374,0
4.940611482203817,8.175045168898212,0
4.939733175063299,8.173904451678204,0
4.939894187259565,8.172900594028754,0
4.939411150670779,8.175912166977092,0
4.941329001539771,8.177189827407968,0
4.942529276974881,8.176322808419012,0
4.939894187259565,8.172900594028754,0
4.937421287796976,8.168474961100639,0
4.937027251399645,8.164323130953953,0
4.936472371099832,8.16117522118694,0
4.937117541843424,8.157160208790671,0
4.935363620262898,8.154879778034278,0
4.934486827766413,8.153739625386311,0
4.932895152536545,8.150455797002145,0
4.932342011272475,8.147308535447479,0
4.928352421774957,8.14575972781478,0
4.926924675833561,8.141473129105098,0
4.927248607555608,8.139466124748779,0
4.924622605704474,8.136047297790778,0
4.925984061629624,8.134176483882602,0
4.928479446875713,8.12528121745753,0
4.925693779178566,8.122866749990791,0
4.924107545447626,8.119584949883961,0
4.923395860296086,8.11744246602207,0
4.921810692425751,8.11416106320668,0
4.92229810465285,8.111151121244244,0
4.921587204872285,8.109008930123409,0
4.9177693422751005,8.10646025866572,0
4.916349337847642,8.102176545546481,0
4.912370406956267,8.100631710828157,0
4.90975382955688,8.097216396762871,0
4.907138261920178,8.093801459078946,0
4.903488760347702,8.09025166919172,0
4.900711563437547,8.087840359146405,0
4.898969759009265,8.085564444966366,0
4.896029698671253,8.084156302538002,0
4.89374703842493,8.078737706109866,0
4.895109840700332,8.076867394043504,0
4.895602470034646,8.073859396718102,0
4.893157675633518,8.069444239737898,0
4.890714227582638,8.065029584599511,0
4.8872386968275805,8.060480767290318,0
4.884633226817755,8.05706959342001,0
4.881863659225672,8.054661127144993,0
4.882193873915547,8.052656464717145,0
4.884589936951606,8.050920753933177,0
4.888018363181477,8.049319309870388,0
4.889215945916085,8.048451287197796,0
4.887150434157473,8.048182461014378,0
4.886985551204241,8.049184875868605,0
4.884754932100684,8.0499183808991,0
4.8828543032953,8.048647139861458,0
4.879053718859655,8.046104908707068,0
4.874387056631594,8.042426518729172,0
4.870920277153161,8.037880963391782,0
4.866090975888955,8.03520582467113,0
4.862627562286139,8.030661523938285,0
4.85916594381699,8.02611789232786,0
4.854674598756596,8.02144097676981,0
4.8510497241741035,8.0179003664058,0
4.8486246201453795,8.013492548862157,0
4.846535677186793,8.007082285358688,0
4.843083034385977,8.002541999360371,0
4.840830330432706,7.997134568912639,0
4.837549302336367,7.991594377269177,0
4.83273587678552,7.988925156099938,0
4.831349755506004,7.984654072666405,0
4.82826074402605,7.98425428355376,0
4.8253404862562945,7.982853522382104,0
4.821391006776629,7.981319665453512,0
4.819670070777217,7.979051529821614,0
4.820008251372737,7.977049836624516,0
4.821544687877992,7.9741803716757325,0
4.8191340010165185,7.969777928021536,0
4.817584062644389,7.966509656733663,0
4.8158653705620615,7.964242357504794,0
4.813288173907473,7.960841722312626,0
4.811910018533606,7.956573608109839,0
4.811221277434232,7.954439676468894,0
4.810872399868188,7.950304678933122,0
4.810693846754305,7.945169294820474,0
4.809318496276784,7.940902226121462,0
4.80914128951315,7.935767343850621,0
4.8110183749227104,7.93089710574807,0
4.810841729138346,7.9257624325779865,0
4.807586730480168,7.920231943209636,0
4.807412048123247,7.915098001892197,0
4.806382619755183,7.908832125586535,0
4.805013440049642,7.904567356995848,0
4.804157141030089,7.897302139617086,0
4.804327090530297,7.89016890976125,0
4.802620140648273,7.881773283829784,0
4.80159766842317,7.875510000373495,0
4.800918762194577,7.867247031087384,0
4.801093480018594,7.860115578587983,0
4.797178350203843,7.852461821717277,0
4.796333943944827,7.845201037274556,0
4.795319437625359,7.838940723049017,0
4.793790928661373,7.835680439410051,0
4.792606883260728,7.8304208045024595,0
4.7898865696486155,7.828030697273874,0
4.78427556187431,7.824250848483519,0
4.778839310288394,7.819472265012259,0
4.774426502325895,7.814824623560142,0
4.772731259177078,7.812566064742903,0
4.769168765489482,7.809048706383042,0
4.766801442325633,7.804662426217334,0
4.764609155839818,7.799277515921105,0
4.763438237354112,7.794022773971221,0
4.76294012815649,7.790896025200784,0
4.764654855019547,7.787029142905862,0
4.765350065114081,7.783032782297088,0
4.762988744428423,7.778648739509478,0
4.762666008496399,7.774523486068965,0
4.762840035411742,7.773524479557075,0
4.761499465649003,7.769270375104988,0
4.7606553221460715,7.768142392121057,0
4.759315986537732,7.763888747690629,0
4.754749459109487,7.760247682197797,0
4.749341817466377,7.755479762865129,0
4.713354330483547,7.835628534601231,0
4.713706535560831,7.833632068923045,0
4.712860484728381,7.8325033749965485,0
4.712860484728381,7.8325033749965485,0
4.713036643364951,7.831505163067533,0
4.711168719651049,7.830246112603998,0
4.711344990483475,7.829247942495133,0
4.711697532148321,7.827251602277407,0
4.714798229730654,7.8215230437773755,0
4.71381278213741,7.815273560971033,0
4.710433964208612,7.810760792632294,0
4.707233661029324,7.805250690587723,0
4.706430094061211,7.798005128680085,0
4.70562809783506,7.79076015225457,0
4.703276818678351,7.786379852370505,0
4.704516604787663,7.779394857166402,0
4.703364142519959,7.774146994631408,0
4.697119145223091,7.768253622433964,0
4.696681246834764,7.759016613266308,0
4.6946939533200265,7.752644238819951,0
4.6976186605595736,7.747913954979161,0
4.69886315889476,7.74093071622141,0
4.696040360957863,7.73343357894278,0
4.690474455916917,7.729670541853263,0
4.686641565663244,7.722047439153492,0
4.684966517768174,7.719796407963493,0
4.681259841262438,7.717289180275781,0
4.675522209321159,7.714526007011255,0
4.672833366646131,7.712147630335124,0
4.668473290735079,7.707519644354139,0
4.664655546921711,7.699902187374796,0
4.660841729963245,7.6922861941007525,0
4.659894653352115,7.686051013786173,0
4.657031839859673,7.684671664532004,0
4.651488149597846,7.680916907832451,0
4.647612326696418,7.679410505833211,0
4.644281079809776,7.674915469238641,0
4.640951628056797,7.670421101766493,0
4.639287575355436,7.6681741689513245,0
4.635960816302955,7.663680805162809,0
4.629778648684404,7.657810852250115,0
4.628482171892344,7.653573183117501,0
4.624331296296898,7.6479593012420715,0
4.622854565719589,7.644718317602944,0
4.617878900406051,7.637983666719695,0
4.616221242868374,7.635739117653156,0
4.613735598030761,7.632372607704479,0
4.61410250076494,7.630381620466125,0
4.614285952132029,7.629386126846946,0
4.609962564265274,7.624771816055446,0
4.607663848866231,7.620411108912283,0
4.604998342928862,7.618041430827628,0
4.600311530399402,7.615419403699182,0
4.599669350579493,7.613302827421045,0
4.597559584144392,7.607948675846117,0
4.594712534169453,7.606575202323217,0
4.592420550521659,7.602217004389136,0
4.592975280261236,7.599232154517502,0
4.5916950718680205,7.595000549306828,0
4.590415761041644,7.590769278657369,0
4.589137347782096,7.586538342569121,0
4.587303755999557,7.585292089071899,0
4.588498477739883,7.584422999985453,0
4.588313175141199,7.585417803572128,0
4.587118397302948,7.586286871748506,0
4.5854703886087265,7.584045919214979,0
4.584646552555391,7.582925505678439,0
4.585388660516951,7.578946625892925,0
4.584193994874553,7.579815735889454,0
4.584379577962871,7.578821036853146,0
4.584936327227819,7.575836939744242,0
4.583475584559725,7.572601915476682,0
4.583024092739496,7.56949254297913,0
4.582122118861733,7.5632741743653895,0
4.5800275549648575,7.557925689420969,0
4.577934674005807,7.5525778317788195,0
4.575657107525263,7.548225007734185,0
4.574574599372614,7.543003220063554,0
4.57110601361493,7.539520865170363,0
4.570659290118503,7.536413270029243,0
4.567379877716473,7.531937554344591,0
4.565740844690577,7.529699947423172,0
4.56208948074093,7.527213337070066,0
4.5610138726333105,7.521994121338743,0
4.559939386484231,7.5167753238089325,0
4.560877119063054,7.511805487890658,0
4.560179633275027,7.504599466936117,0
4.56011305162356,7.499505819334498,0
4.56004703095137,7.49441238083363,0
4.5591651401314905,7.4882014980269815,0
4.559100578005406,7.483108603188082,0
4.558660586260231,7.480003517256044,0
4.558408982499724,7.475904777791484,0
4.559161188088154,7.4719296618195905,0
4.55753079414303,7.469695275049823,0
4.557092204846029,7.466590711869674,0
4.556653952136585,7.463486274149979,0
4.557407055291854,7.459511492739296,0
4.5591626214458145,7.45565983297946,0
4.562296192413406,7.44994352778377,0
4.56423857581008,7.445097629009304,0
4.5631757019319,7.439883159865154,0
4.564116519896714,7.43491447400104,0
4.563055328956352,7.4297006321591645,0
4.563620156322802,7.426719546101154,0
4.564809212172499,7.425848345097062,0
4.564184983689248,7.42373846004314,0
4.563749311484457,7.4206349841869255,0
4.565502914210967,7.416782592574442,0
4.563632753167944,7.410453878366084,0
4.563198315117546,7.407350862531537,0
4.563141326211614,7.402260790552855,0
4.562330448779438,7.4011452072438,0
4.562519061155815,7.400151637351584,0
4.560087270328182,7.396805201075548,0
4.556846453299968,7.392343871522961,0
4.5544170185852835,7.388998313470104,0
4.554795365296581,7.387011591887184,0
4.5523672769321415,7.383666535676145,0
4.547943462630354,7.380078665415816,0
4.546326195600166,7.3778491716037635,0
4.546087101677394,7.373755095086075,0
4.54746460160969,7.371890261459537,0
4.548033804614445,7.368910806387429,0
4.549600590098244,7.366052653789584,0
4.54955167929381,7.3609655928618025,0
4.550310616633489,7.356992986098987,0
4.549882910334343,7.353892479473515,0
4.549265694091972,7.351785208179052,0
4.55121144336427,7.34694056400912,0
4.549788118013531,7.3437194867620335,0
4.548555480662468,7.339505613295529,0
4.546137658218679,7.336164383628336,0
4.5450972235113305,7.330958278514462,0
4.5438675032524785,7.3267454923718915,0
4.541643454194361,7.322412616539445,0
4.542405757409668,7.318441264381175,0
4.539992983779314,7.315101916620794,0
4.538766741591939,7.310890426902915,0
4.5385357818685925,7.306799382346199,0
4.538496239417977,7.3017158134010565,0
4.538266233359391,7.29762512431563,0
4.539030331708361,7.293654441279777,0
4.53899207951007,7.288571353266363,0
4.539756402250749,7.284600753870812,0
4.541322626755278,7.281742392172216,0
4.543690416436089,7.279996142710107,0
4.546859771293185,7.279362005484497,0
4.546859771293185,7.279362005484497,0
4.5478525854484175,7.279481530602332,0
4.547661897448741,7.2804743268217464,0
4.547661897448741,7.2804743268217464,0
4.547661897448741,7.2804743268217464,0
4.546669027195577,7.280354780793836,0
4.545676156942413,7.280235234765929,0
4.545676156942413,7.280235234765929,0
4.544683286689249,7.280115688738018,0
4.543690416436089,7.279996142710107,0
4.542888514672239,7.27888390501316,0
4.541895700517003,7.278764379895328,0
4.540902886361767,7.27864485477749,0
4.539108450932321,7.277413196513088,0
4.538306941853957,7.276301105186665,0
4.537696850048334,7.274196489471812,0
4.536704260284807,7.2740770479942825,0
4.53571167052128,7.273957606516753,0
4.534527607387091,7.274830668517577,0
4.534719080757746,7.273838165039219,0
4.534719080757746,7.273838165039219,0
4.534527607387091,7.274830668517577,0
4.534109549931401,7.271733758425125,0
4.534109549931401,7.271733758425125,0
4.5343010793999845,7.270741275856839,0
4.534492608868572,7.26974879328856,0
4.533691829063265,7.268636973793125,0
4.534684138337159,7.268756310720278,0
4.53506719727433,7.266771345583713,0
4.533691829063265,7.268636973793125,0
4.532891161453811,7.2675251961178375,0
4.533082803118251,7.266532755369706,0
4.532282303802582,7.265421040424652,0
4.531481916682765,7.264309367299745,0
4.52930588086225,7.26506321783387,0
4.52850566203621,7.263951607439196,0
4.527705555406037,7.262840038864667,0
4.523737440269002,7.262363109357565,0
4.522745411484749,7.2622438769807935,0
4.52136875302136,7.264109024258467,0
4.522553152743107,7.2632360877180915,0
4.521561067860922,7.263116834431241,0
4.522553152743107,7.2632360877180915,0
4.523160832337872,7.265339804299689,0
4.523737440269002,7.262363109357565,0
4.52869758419029,7.262959271241442,0
4.52908142849844,7.260974598845937,0
4.530265211142989,7.260101432294732,0
4.531448881591693,7.25922822392338,0
4.532632439844537,7.258354973731869,0
4.531640691549917,7.2582358459054745,0
4.530073345086844,7.261093789402558,0
4.536757198127482,7.252757587261819,0
4.536757198127482,7.252757587261819,0
4.536948783693994,7.251765125603615,0
4.533782963006306,7.252400580163997,0
4.533782963006306,7.252400580163997,0
4.535157770238097,7.2505347428538265,0
4.534358224587187,7.249423383380051,0
4.534933486168072,7.246446186596113,0
4.535700501609252,7.242476590884202,0
4.5354768907143495,7.238388285547401,0
4.536435940505459,7.2334263954578795,0
4.538385055653379,7.228583005892485,0
4.538162230129455,7.224494993296744,0
4.538929469962341,7.220525481225131,0
4.538323585501242,7.2184224337659515,0
4.539282915781989,7.213460648226807,0
4.5400503800065835,7.2094912197954955,0
4.538456337518202,7.207270382754768,0
4.538235587617574,7.203183143831826,0
4.536834701437662,7.199970430615007,0
4.535434488432873,7.196757968319094,0
4.535819005916153,7.194773546844498,0
4.533842577665716,7.1945379258612405,0
4.53403494860321,7.19354575694409,0
4.530877935290071,7.194184494386352,0
4.52928680989389,7.191964744669555,0
4.528901507039635,7.1939488734030945,0
4.529094158466759,7.192956809036325,0
4.529094158466759,7.192956809036325,0
4.52928680989389,7.191964744669555,0
4.531045293140057,7.188114172233654,0
4.5329958668340815,7.183271326330232,0
4.53258605577366,7.180177490018895,0
4.530996613315299,7.177958367604376,0
4.530780351248843,7.173872801487484,0
4.530564537965802,7.1697874026512025,0
4.530349173466178,7.165702171095525,0
4.531313552560356,7.1607422674631955,0
4.531892180016865,7.157766325283795,0
4.533649653500344,7.153915376466536,0
4.533649653500344,7.153915376466536,0
4.534228112663072,7.150939371556909,0
4.534420932383981,7.149947369920369,0
4.534613752104885,7.148955368283829,0
4.534806571825797,7.147963366647282,0
4.534806571825797,7.147963366647282,0
4.534206689842897,7.145862556566204,0
4.532235646993467,7.145628942950207,0
4.533221168418184,7.1457457497582055,0
4.5340138140240605,7.146854537292672,0
4.534806571825797,7.147963366647282,0
4.5340138140240605,7.146854537292672,0
4.533414100334944,7.144753789941813,0
4.533414100334944,7.144753789941813,0
4.533607032251709,7.143761830125424,0
4.534592441480569,7.1438785951132715,0
4.535385030988522,7.144987361737659,0
4.5343995656617295,7.1448705758397395,0
4.534592441480569,7.1438785951132715,0
4.533799964168473,7.142769870309031,0
4.534592441480569,7.1438785951132715,0
4.534592441480569,7.1438785951132715,0
4.534592441480569,7.1438785951132715,0
4.535171068937078,7.140902652933875,0
4.535556820574747,7.138918691480942,0
4.5363491295930665,7.140027353554949,0
4.541852671472668,7.137634441731905,0
4.541852671472668,7.137634441731905,0
4.542430289166486,7.134658123171146,0
4.5455545478781865,7.1289383469028955,0
4.550669252734124,7.12852824647862,0
4.555783396610789,7.12811793695359,0
4.555783396610789,7.12811793695359,0
4.55715141599341,7.126249569524269,0
4.556358994779231,7.1251408656301045,0
4.555975262666934,7.12712557984576,0
4.554798997144612,7.1280015483471075,0
4.555783396610789,7.12811793695359,0
4.555783396610789,7.12811793695359,0
4.555975262666934,7.12712557984576,0
4.555783396610789,7.12811793695359,0
4.555783396610789,7.12811793695359,0
4.555783396610789,7.12811793695359,0
4.554607074990532,7.128993884544858,0
4.554990919298685,7.127009212149353,0
4.554798997144612,7.1280015483471075,0
4.554607074990532,7.128993884544858,0
4.555975262666934,7.12712557984576,0
4.554798997144612,7.1280015483471075,0
4.554798997144612,7.1280015483471075,0
4.554798997144612,7.1280015483471075,0
4.551845798746083,7.127652382527657,0
4.548700341605915,7.128295427445501,0
4.5455545478781865,7.1289383469028955,0
4.543585524554128,7.1287054860496255,0
4.543200446091582,7.130689698423467,0
4.5443775530828106,7.129814043573255,0
4.545939401949028,7.126954050888752,0
4.547116172352695,7.126078270578084,0
4.5457249350162385,7.122869153894285,0
4.5567182186853685,7.1180781863695834,0
4.555734380198466,7.117962006863856,0
4.555542401946468,7.118954322151534,0
4.5547505417115595,7.117845827358131,0
4.553574612776799,7.118721921319928,0
4.55182213200883,7.122574731133923,0
4.548869775079208,7.1222258789656046,0
4.545532451882892,7.123861280991282,0
4.545917418149589,7.121877026797289,0
4.545125838404317,7.1207686365542635,0
4.544526966184108,7.118668202854543,0
4.54255906481859,7.1184357602027895,0
4.54255906481859,7.1184357602027895,0
4.54255906481859,7.1184357602027895,0
4.542751772343642,7.117443716746095,0
4.543350364074218,7.119544045895434,0
4.541767877758808,7.117327516330292,0
4.539800088589146,7.117095115498689,0
4.53802528743417,7.115870775760769,0
4.5364438108814475,7.113654622576988,0
4.535460084590397,7.113538484891411,0
4.533879169016945,7.111322540808388,0
4.53191194082655,7.111090349077539,0
4.5311217635294625,7.109982481586403,0
4.532105321526732,7.11009855654175,0
4.533879169016945,7.111322540808388,0
4.533685900512619,7.112314375164324,0
4.534669570705741,7.112430491939822,0
4.534862783112139,7.111438636673814,0
4.533685900512619,7.112314375164324,0
4.533685900512619,7.112314375164324,0
4.534669570705741,7.112430491939822,0
4.531525179426193,7.1130739341491065,0
4.5309283267313525,7.110974253212113,0
4.53073488993325,7.111966024837827,0
4.533685900512619,7.112314375164324,0
4.531331798726015,7.1140657266848955,0
4.530348016337037,7.113949568089243,0
4.531331798726015,7.1140657266848955,0
4.531331798726015,7.1140657266848955,0
4.531331798726015,7.1140657266848955,0
4.531331798726015,7.1140657266848955,0
4.53250890571724,7.113190071834683,0
4.531331798726015,7.1140657266848955,0
4.531331798726015,7.1140657266848955,0
4.5323155811149896,7.114181885280544,0
4.5323155811149896,7.114181885280544,0
4.5323155811149896,7.114181885280544,0
4.53054145313514,7.112957796463533,0
4.53073488993325,7.111966024837827,0
4.529751219740124,7.111849908062322,0
4.528171089537651,7.1096342567203585,0
4.526993870350566,7.110509869750416,0
4.527381192730196,7.108526493779603,0
4.527381192730196,7.108526493779603,0
4.527187531540381,7.1095181817650115,0
4.527381192730196,7.108526493779603,0
4.527187531540381,7.1095181817650115,0
4.529541745522842,7.1077668720645875,0
4.532685463627274,7.107123178934398,0
4.53229870222691,7.109106764005968,0
4.53386217793301,7.106247377713657,0
4.535232048547222,7.104379700316834,0
4.535232048547222,7.104379700316834,0
4.537584803983581,7.102627846954444,0
4.538357429217466,7.098660342250092,0
4.538147394020918,7.094577097151603,0
4.537551270599131,7.092477688045594,0
4.538324344616431,7.088510350621849,0
4.537921994580316,7.0854192953505795,0
4.538695292989324,7.08145204156714,0
4.540450298164011,7.077600172706546,0
4.543186336929253,7.073863437847898,0
4.544747119934854,7.071003047871958,0
4.5461145222402735,7.069134450431804,0
4.547867676183369,7.065281891538714,0
4.549620381343047,7.061429165365016,0
4.551967526986694,7.059675220995068,0
4.554314223846934,7.057921109344509,0
4.555680055410392,7.056051926422235,0
4.556853067252952,7.055174745136501,0
4.557238257911351,7.053190574582814,0
4.55547046899726,7.0519688486043535,0
4.55547046899726,7.0519688486043535,0
4.55547046899726,7.0519688486043535,0
4.557430853240554,7.052198489305969,0
4.557623448569753,7.051206404029124,0
4.559181202287295,7.0483448849090955,0
4.560336437674934,7.042392247787578,0
4.562086001350696,7.038538350649645,0
4.564219970313879,7.032699990216962,0
4.565968524226957,7.028845716697667,0
4.568502991994663,7.02609772150376,0
4.572015295771077,7.023463668437479,0
4.572783657562503,7.0194945745673785,0
4.574722114104283,7.01464721208761,0
4.575682285853929,7.009685740199604,0
4.5776199009268055,7.0048380640687,0
4.577602629353233,6.999762796423589,0
4.578562801102883,6.994801324535587,0
4.5791069415101795,6.981674867976054,0
4.581635350701763,6.97892461449397,0
4.585330769257709,6.975294942348057,0
4.589216539225767,6.970672348522271,0
4.594075825662152,6.9661620867482945,0
4.595816694159222,6.962304948548635,0
4.59541613925677,6.9592145623997865,0
4.59541613925677,6.9592145623997865,0
4.599889113076209,6.956688052977981,0
4.601819715908199,6.951837763087621,0
4.60161035388677,6.947754768910038,0
4.60336748419472,6.948972521974124,0
4.605888937243346,6.946219675642659,0
4.606462011005078,6.943241663365772,0
4.608409717116853,6.943466578390286,0
4.6099561390531285,6.940600835434971,0
4.608581674996859,6.937397970863792,0
4.610127928639351,6.934532165178254,0
4.61148298940082,6.932658967521451,0
4.612246414574663,6.92868803356469,0
4.612246414574663,6.92868803356469,0
4.610300391400703,6.928463745842443,0
4.611464315379074,6.9275831771244505,0
4.611046601098906,6.919417565150653,0
4.612782981761804,6.915558754144939,0
4.612956846971333,6.909490857561021,0
4.61158636586789,6.906289477605213,0
4.612733186566473,6.900333703972343,0
4.613880007265056,6.894377930339473,0
4.618321067951964,6.886770695742811,0
4.619657847377173,6.879821854059539,0
4.620994626802386,6.872873012376267,0
4.622919058862394,6.86802042237758,0
4.6248429299431315,6.863167623278141,0
4.627735268678762,6.858425274323686,0
4.630626485455846,6.853682507167726,0
4.633516580274389,6.848939321810246,0
4.635818293185082,6.842099612937204,0
4.637928813214753,6.836252512092891,0
4.636945934980577,6.831067860716651,0
4.637517494098272,6.828089283867715,0
4.6361548106066905,6.82489081041243,0
4.635555776680665,6.817721486640686,0
4.639599417361072,6.812093864201216,0
4.641913128640191,6.810327457426165,0
4.643260223496014,6.808451290538617,0
4.646729444064444,6.805801178534221,0
4.648265992765555,6.8029317554055915,0
4.650577796715151,6.801164637687968,0
4.652493589694398,6.796308827537629,0
4.655769597856427,6.794650570799245,0
4.658648921872974,6.789903370707243,0
4.661527123930981,6.785155752413722,0
4.66247523462631,6.780189784859449,0
4.663612967460708,6.774230623794317,0
4.664750700295105,6.768271462729189,0
4.664924958190124,6.762203712515799,0
4.663946960475599,6.757020880316141,0
4.661044256799396,6.751621706222991,0
4.661031697451701,6.746548195024239,0
4.662172122986597,6.740590037642747,0
4.6627423357540465,6.737610958951997,0
4.663692690366457,6.732645827800749,0
4.665023186823838,6.7256946441890015,0
4.664431557824184,6.7185280805472445,0
4.6653824734158675,6.713563158496751,0
4.66556312647457,6.70749779203199,0
4.664602680823254,6.707390332027817,0
4.666133844123362,6.704518901531923,0
4.67227531352599,6.703177107254646,0
4.677455383612539,6.701727497501906,0
4.6826343317405446,6.7002774695476575,0
4.686852329335885,6.698719793398556,0
4.689149996607867,6.6969474063418595,0
4.690109712986132,6.697054594515048,0
4.694703476788128,6.693509234919542,0
4.695080925932594,6.691522178775415,0
4.699483945636985,6.688969594489247,0
4.700443157133911,6.689076594471757,0
4.700631601216507,6.6880829618493145,0
4.702155920569517,6.685208980324187,0
4.701950709794691,6.681127533492209,0
4.702704486125082,6.677153003002427,0
4.701745947803282,6.67704625394083,0
4.701164522038386,6.6749523232746455,0
4.701353078316842,6.67395873247235,0
4.701353078316842,6.67395873247235,0
4.702122948164334,6.6750590305160955,0
4.701934447983806,6.676052642228459,0
4.7009759657599375,6.675945914076937,0
4.701353078316842,6.67395873247235,0
4.701164522038386,6.6749523232746455,0
4.7009759657599375,6.675945914076937,0
4.700787409481485,6.676939504879229,0
4.700017483536069,6.675839185925412,0
4.700017483536069,6.675839185925412,0
4.699436338260806,6.673745359809605,0
4.700206095912449,6.674845616033199,0
4.700394708288826,6.673852046140976,0
4.700394708288826,6.673852046140976,0
4.728392720313426,6.634344080939961,0
4.72781168723402,6.632250296644308,0
4.72762419681618,6.633244284738037,0
4.72781168723402,6.632250296644308,0
4.726668238999025,6.633138497539914,0
4.727249215980507,6.635232260925498,0
4.727249215980507,6.635232260925498,0
4.725918052935967,6.637114366274535,0
4.725918052935967,6.637114366274535,0
4.7251494733407995,6.636014549162535,0
4.725899883795567,6.632038764068216,0
4.725319299499581,6.629945147053167,0
4.721104169486484,6.626435062274332,0
4.719177843272881,6.6211492866468475,0
4.719177843272881,6.6211492866468475,0
4.718410666125894,6.620049992286734,0
4.716500096841838,6.619838919732313,0
4.717267161792975,6.620938172272275,0
4.715544812199809,6.619733383455102,0
4.714401139573109,6.62062150071041,0
4.715544812199809,6.619733383455102,0
4.716500096841838,6.619838919732313,0
4.718598829718857,6.6190562551139145,0
4.717455381483866,6.619944456009524,0
4.7195540582629505,6.61916177048105,0
4.720509286807058,6.619267285848185,0
4.719365950767919,6.620155528563945,0
4.719177843272881,6.6211492866468475,0
4.718410666125894,6.620049992286734,0
4.718222502532932,6.621043729459558,0
4.718222502532932,6.621043729459558,0
4.721088524752794,6.62136040102142,0
4.721088524752794,6.62136040102142,0
4.723578892961861,6.62366479784983,0
4.723578892961861,6.62366479784983,0
4.722435556922726,6.624553040565594,0
4.7243465749902,6.624764280400623,0
4.7243465749902,6.624764280400623,0
4.724534345897673,6.623770396857271,0
4.725114369214388,6.625863804771566,0
4.727588307318793,6.623093247606011,0
4.727588307318793,6.623093247606011,0
4.73045449783244,6.623409981898092,0
4.732365291508202,6.623621138092826,0
4.731409894670321,6.623515559995457,0
4.731409894670321,6.623515559995457,0
4.731409894670321,6.623515559995457,0
4.73045449783244,6.623409981898092,0
4.732365291508202,6.623621138092826,0
4.73045449783244,6.623409981898092,0
4.731409894670321,6.623515559995457,0
4.731222516448337,6.624509589909337,0
4.7293116105767155,6.624298391894463,0
4.73045449783244,6.623409981898092,0
4.73045449783244,6.623409981898092,0
4.730079629192623,6.625397999905708,0
4.729517326232887,6.6283800269171245,0
4.72799917765186,6.631256308550576,0
4.72799917765186,6.631256308550576,0
4.727043332030558,6.631150563172607,0
4.727043332030558,6.631150563172607,0
4.727043332030558,6.631150563172607,0
4.725524678568185,6.634026656615376,0
4.722281095008,6.635696999377494,0
4.7213422404706336,6.640666417094252,0
4.7207789277482135,6.643648067724314,0
4.722129101402061,6.646841878232728,0
4.722898241976495,6.647941904445485,0
4.72002784411832,6.647623601897717,0
4.717738479339545,6.649399083645612,0
4.716593628656383,6.6502867617893315,0
4.715448665777359,6.6511743981129,0
4.713927487908268,6.6540495506022665,0
4.711244131684513,6.652737092680166,0
4.710098720022071,6.653624561723124,0
4.712577594744058,6.6508558446442265,0
4.715243847688026,6.6470930976514495,0
4.7173453854614,6.6463114785368305,0
4.718677894856185,6.644429875029612,0
4.7198223528538605,6.643542050515361,0
4.722879736248537,6.6428661767787105,0
4.723648652431262,6.643966119351166,0
4.722879736248537,6.6428661767787105,0
4.722879736248537,6.6428661767787105,0
4.724980320357147,6.642084202192809,0
4.725936783055644,6.642190177581611,0
4.728993493275187,6.641514052924055,0
4.72859922134057,6.638426008703682,0
4.728205285993514,6.635338089943769,0
4.727249215980507,6.635232260925498,0
4.726480692483264,6.634132464723571,0
4.725524678568185,6.634026656615376,0
4.7245686646531055,6.633920848507181,0
4.7234249359284775,6.634808944852416,0
4.723612650738023,6.633815040398989,0
4.724756323364723,6.632926923143678,0
4.723032178637887,6.6317214652040875,0
4.721120375199433,6.631509932627999,0
4.721308258302763,6.630516090904802,0
4.720932492096107,6.6325037743512,0
4.788111783062995,6.622672390754602,0
4.790205803714137,6.621887969689848,0
4.791344708017039,6.620998075078106,0
4.791160751768608,6.621993380506602,0
4.791344708017039,6.620998075078106,0
4.790389816060497,6.620892685171427,0
4.790205803714137,6.621887969689848,0
4.791160751768608,6.621993380506602,0
4.790205803714137,6.621887969689848,0
4.790021791367781,6.6228832542082685,0
4.790021791367781,6.6228832542082685,0
4.790205803714137,6.621887969689848,0
4.791160751768608,6.621993380506602,0
4.790021791367781,6.6228832542082685,0
4.793841807977351,6.623304981115602,0
4.793658020022697,6.624300349274328,0
4.79461308027302,6.624405801911234,0
4.793841807977351,6.623304981115602,0
4.791747899522065,6.624089444000507,0
4.793658020022697,6.624300349274328,0
4.790792839271742,6.623983991363598,0
4.790021791367781,6.6228832542082685,0
4.78906678721539,6.6227778224814315,0
4.78906678721539,6.6227778224814315,0
4.787927658520779,6.623667633452872,0
4.790205803714137,6.621887969689848,0
4.790021791367781,6.6228832542082685,0
4.790976795520173,6.622988685935102,0
4.790021791367781,6.6228832542082685,0
4.790021791367781,6.6228832542082685,0
4.790205803714137,6.621887969689848,0
4.790205803714137,6.621887969689848,0
4.790976795520173,6.622988685935102,0
4.791931799672568,6.623094117661935,0
4.793841807977351,6.623304981115602,0
4.793841807977351,6.623304981115602,0
4.793841807977351,6.623304981115602,0
4.793841807977351,6.623304981115602,0
4.793841807977351,6.623304981115602,0
4.793841807977351,6.623304981115602,0
4.793290444113396,6.626291085591774,0
4.793290444113396,6.626291085591774,0
4.793658020022697,6.624300349274328,0
4.79288680382496,6.623199549388765,0
4.791931799672568,6.623094117661935,0
4.79288680382496,6.623199549388765,0
4.792702959772381,6.6241948966374125,0
4.79288680382496,6.623199549388765,0
4.791160751768608,6.621993380506602,0
4.789250855659674,6.621782558873086,0
4.78734095955074,6.621571737239574,0
4.788295907605207,6.621677148056332,0
4.78734095955074,6.621571737239574,0
4.7871229584485455,6.617485522910336,0
4.784443192492123,6.616174403233085,0
4.782132909774521,6.612873258180954,0
4.7836409607286825,6.609993212733883,0
4.785148675095275,6.607113041826359,0
4.784748064094899,6.604022634767436,0
4.78625544187393,6.601142338399455,0
4.786624364133484,6.599152103923824,0
4.78603968468882,6.597056960473253,0
4.787546669782365,6.594176517734741,0
4.790006583404999,6.591400733050268,0
4.788837897690797,6.587210697070027,0
4.785949162398435,6.5818167295857215,0
4.782323031370389,6.5804033983332815,0
4.778697349125757,6.578990234361452,0
4.778697349125757,6.578990234361452,0
4.778485462697613,6.5749062992304665,0
4.773327501782294,6.571295320211213,0
4.771213516857081,6.567003469947231,0
4.765293651999919,6.562295162114985,0
4.762438232288265,6.561982442557429,0
4.757679199435518,6.561461243294829,0
4.757679199435518,6.561461243294829,0
4.758444525350917,6.562559847622438,0
4.758444525350917,6.562559847622438,0
4.758444525350917,6.562559847622438,0
4.758444525350917,6.562559847622438,0
4.757492662682438,6.562455586859844,0
4.758444525350917,6.562559847622438,0
4.75939638801939,6.562664108385036,0
4.758444525350917,6.562559847622438,0
4.759209963462169,6.563658493770209,0
4.759023538904948,6.564652879155371,0
4.759209963462169,6.563658493770209,0
4.759023538904948,6.564652879155371,0
4.759023538904948,6.564652879155371,0
4.759975513769277,6.564757181738116,0
4.759975513769277,6.564757181738116,0
4.759975513769277,6.564757181738116,0
4.759975513769277,6.564757181738116,0
4.760927488633609,6.564861484320865,0
4.759975513769277,6.564757181738116,0
4.761113800994977,6.563867057115548,0
4.760927488633609,6.564861484320865,0
4.760927488633609,6.564861484320865,0
4.759023538904948,6.564652879155371,0
4.760741176272241,6.565855911526185,0
4.757139160764861,6.569520398948086,0
4.757325641420014,6.568526034472995,0
4.7597891453099805,6.565751588033365,0
4.7597891453099805,6.565751588033365,0
4.759975513769277,6.564757181738116,0
4.759602776850684,6.566745994328606,0
4.7597891453099805,6.565751588033365,0
4.759602776850684,6.566745994328606,0
4.7597891453099805,6.565751588033365,0
4.760741176272241,6.565855911526185,0
4.760741176272241,6.565855911526185,0
4.760741176272241,6.565855911526185,0
4.760741176272241,6.565855911526185,0
4.759602776850684,6.566745994328606,0
4.760741176272241,6.565855911526185,0
4.759602776850684,6.566745994328606,0
4.760741176272241,6.565855911526185,0
4.760741176272241,6.565855911526185,0
4.760741176272241,6.565855911526185,0
4.760741176272241,6.565855911526185,0
4.760554863910869,6.566850338731502,0
4.760554863910869,6.566850338731502,0
4.760554863910869,6.566850338731502,0
4.760368551549501,6.567844765936826,0
4.759416408391388,6.567740400623851,0
4.760554863910869,6.566850338731502,0
4.760368551549501,6.567844765936826,0
4.760554863910869,6.566850338731502,0
4.760554863910869,6.566850338731502,0
4.760741176272241,6.565855911526185,0
4.760554863910869,6.566850338731502,0
4.760554863910869,6.566850338731502,0
4.759416408391388,6.567740400623851,0
4.760554863910869,6.566850338731502,0
4.760554863910869,6.566850338731502,0
4.760182239188133,6.568839193142143,0
4.760182239188133,6.568839193142143,0
4.759416408391388,6.567740400623851,0
4.761320694707614,6.567949131249797,0
4.760554863910869,6.566850338731502,0
4.760554863910869,6.566850338731502,0
4.761506950971057,6.566954683134405,0
4.761320694707614,6.567949131249797,0
4.7609481821807265,6.569938027480589,0
4.761506950971057,6.566954683134405,0
4.7609481821807265,6.569938027480589,0
4.760368551549501,6.567844765936826,0
4.763017638527785,6.5640756204608905,0
4.761320694707614,6.567949131249797,0
4.760368551549501,6.567844765936826,0
4.760368551549501,6.567844765936826,0
4.760368551549501,6.567844765936826,0
4.757904991561606,6.570619191466381,0
4.758091416118827,6.569624806081215,0
4.758091416118827,6.569624806081215,0
4.7588573030134995,6.570723619509582,0
4.758091416118827,6.569624806081215,0
4.759043671472796,6.5697292132143374,0
4.758091416118827,6.569624806081215,0
4.760368551549501,6.567844765936826,0
4.760368551549501,6.567844765936826,0
4.760368551549501,6.567844765936826,0
4.760368551549501,6.567844765936826,0
4.760368551549501,6.567844765936826,0
4.758091416118827,6.569624806081215,0
4.758091416118827,6.569624806081215,0
4.759043671472796,6.5697292132143374,0
4.759043671472796,6.5697292132143374,0
4.758091416118827,6.569624806081215,0
4.757904991561606,6.570619191466381,0
4.75676619945456,6.5715091278982705,0
4.759043671472796,6.5697292132143374,0
4.7588573030134995,6.570723619509582,0
4.758091416118827,6.569624806081215,0
4.760182239188133,6.568839193142143,0
4.760182239188133,6.568839193142143,0
4.75676619945456,6.5715091278982705,0
4.75676619945456,6.5715091278982705,0
4.755813831904742,6.571404678944994,0
4.75676619945456,6.5715091278982705,0
4.7588573030134995,6.570723619509582,0
4.760182239188133,6.568839193142143,0
4.761320694707614,6.567949131249797,0
4.761320694707614,6.567949131249797,0
4.761320694707614,6.567949131249797,0
4.761320694707614,6.567949131249797,0
4.761320694707614,6.567949131249797,0
4.760182239188133,6.568839193142143,0
4.761134438444174,6.568943579365193,0
4.761320694707614,6.567949131249797,0
4.760182239188133,6.568839193142143,0
4.761320694707614,6.567949131249797,0
4.762272837865723,6.568053496562772,0
4.761134438444174,6.568943579365193,0
4.761320694707614,6.567949131249797,0
4.761134438444174,6.568943579365193,0
4.762272837865723,6.568053496562772,0
4.762272837865723,6.568053496562772,0
4.761320694707614,6.567949131249797,0
4.762086637700211,6.569047965588243,0
4.674680610524927,6.5533849005140326,0
4.673728747856444,6.553280639751435,0
4.675063445070389,6.551399851737166,0
4.674872027797662,6.552392376125599,0
4.674680610524927,6.5533849005140326,0
4.673537274485788,6.554273143229796,0
4.674680610524927,6.5533849005140326,0
4.674680610524927,6.5533849005140326,0
4.674872027797662,6.552392376125599,0
4.6758238343682095,6.552496615978118,0
4.674489193252196,6.554377424902466,0
4.674297775979461,6.555369949290899,0
4.6754411120186,6.554481706575135,0
4.6754411120186,6.554481706575135,0
4.675632473193403,6.55348916127663,0
4.676775640938761,6.552600855830637,0
4.676775640938761,6.552600855830637,0
4.676775640938761,6.552600855830637,0
4.6754411120186,6.554481706575135,0
4.675632473193403,6.55348916127663,0
4.677344949551404,6.554690269920478,0
4.676584335861882,6.553593422039224,0
4.676775640938761,6.552600855830637,0
4.678488061198834,6.553801943564416,0
4.677727447509309,6.552705095683155,0
4.677536198530355,6.553697682801818,0
4.67867925407986,6.552809335535677,0
4.677536198530355,6.553697682801818,0
4.676393030785004,6.554585988247808,0
4.677536198530355,6.553697682801818,0
4.676393030785004,6.554585988247808,0
4.676584335861882,6.553593422039224,0
4.676393030785004,6.554585988247808,0
4.675249750843793,6.555474251873644,0
4.675249750843793,6.555474251873644,0
4.676393030785004,6.554585988247808,0
4.6754411120186,6.554481706575135,0
4.676393030785004,6.554585988247808,0
4.676584335861882,6.553593422039224,0
4.678870446960882,6.551816727506942,0
4.677727447509309,6.552705095683155,0
4.677536198530355,6.553697682801818,0
4.676584335861882,6.553593422039224,0
4.677344949551404,6.554690269920478,0
4.676584335861882,6.553593422039224,0
4.676584335861882,6.553593422039224,0
4.677344949551404,6.554690269920478,0
4.6754411120186,6.554481706575135,0
4.676393030785004,6.554585988247808,0
4.675632473193403,6.55348916127663,0
4.67410635870673,6.556362473679336,0
4.6739149414339956,6.557354998067769,0
4.6737235241612645,6.558347522456199,0
4.672962854373811,6.557250653664866,0
4.67410635870673,6.556362473679336,0
4.67410635870673,6.556362473679336,0
4.67410635870673,6.556362473679336,0
4.6754411120186,6.554481706575135,0
4.675249750843793,6.555474251873644,0
4.676393030785004,6.554585988247808,0
4.675249750843793,6.555474251873644,0
4.676201725708125,6.5555785544563925,0
4.676201725708125,6.5555785544563925,0
4.676201725708125,6.5555785544563925,0
4.676201725708125,6.5555785544563925,0
4.675249750843793,6.555474251873644,0
4.675058389668987,6.556466797172156,0
4.676201725708125,6.5555785544563925,0
4.677344949551404,6.554690269920478,0
4.677344949551404,6.554690269920478,0
4.677536198530355,6.553697682801818,0
4.678488061198834,6.553801943564416,0
4.6819167229659975,6.551136713575314,0
4.684392848889551,6.548366971902702,0
4.684201936498166,6.549359684481818,0
4.686868301637986,6.545596979309188,0
4.688771017212254,6.545805124453018,0
4.688010403522725,6.544708276571761,0
4.689152393211614,6.543819532014183,0
4.688961705211934,6.544812328233601,0
4.689152393211614,6.543819532014183,0
4.688961705211934,6.544812328233601,0
4.689152393211614,6.543819532014183,0
4.688201147620333,6.543715501262419,0
4.688961705211934,6.544812328233601,0
4.688961705211934,6.544812328233601,0
4.688961705211934,6.544812328233601,0
4.688961705211934,6.544812328233601,0
4.688771017212254,6.545805124453018,0
4.6878196594251165,6.545701051881103,0
4.688771017212254,6.545805124453018,0
4.688771017212254,6.545805124453018,0
4.6878196594251165,6.545701051881103,0
4.688771017212254,6.545805124453018,0
4.6878196594251165,6.545701051881103,0
4.68858032921257,6.546797920672439,0
4.688771017212254,6.545805124453018,0
4.68858032921257,6.546797920672439,0
4.68858032921257,6.546797920672439,0
4.68991300690114,6.54491637989544,0
4.676771202614553,6.55766803127646,0
4.6769624515935,6.556675444157797,0
4.679248787084216,6.554898833265824,0
4.681534673791511,6.553122055093237,0
4.6824864803620585,6.553226294945755,0
4.6824864803620585,6.553226294945755,0
4.681152624617024,6.555107396611163,0
4.679439923867314,6.553906204327006,0
4.68039178653579,6.554010465089604,0
4.679248787084216,6.554898833265824,0
4.678105675436786,6.555787159621886,0
4.6769624515935,6.556675444157797,0
4.6769624515935,6.556675444157797,0
4.679057650301118,6.5558914622046345,0
4.679248787084216,6.554898833265824,0
4.679057650301118,6.5558914622046345,0
4.677153700572454,6.5556828570391374,0
4.678105675436786,6.555787159621886,0
4.678105675436786,6.555787159621886,0
4.678105675436786,6.555787159621886,0
4.677914482555764,6.556779767650621,0
4.676771202614553,6.55766803127646,0
4.676771202614553,6.55766803127646,0
4.677914482555764,6.556779767650621,0
4.680009625165447,6.555995764787379,0
4.680582867220959,6.553017815240715,0
4.6813436492042655,6.554114725852202,0
4.678105675436786,6.555787159621886,0
4.679057650301118,6.5558914622046345,0
4.679057650301118,6.5558914622046345,0
4.68020070585062,6.5550031149384935,0
4.6813436492042655,6.554114725852202,0
4.6813436492042655,6.554114725852202,0
4.6813436492042655,6.554114725852202,0
4.680009625165447,6.555995764787379,0
4.67886651351802,6.556884091143445,0
4.67886651351802,6.556884091143445,0
4.677723289674741,6.557772375679356,0
4.679818544480277,6.556988414636265,0
4.6786753767349225,6.557876720082255,0
4.676771202614553,6.55766803127646,0
4.675627810477486,6.558556253082145,0
4.676771202614553,6.55766803127646,0
4.675627810477486,6.558556253082145,0
4.6769624515935,6.556675444157797,0
4.677914482555764,6.556779767650621,0
4.678296868317812,6.5547945515931545,0
4.678105675436786,6.555787159621886,0
4.6758191155543685,6.557563686873564,0
4.674867028494184,6.557459342470665,0
4.6758191155543685,6.557563686873564,0
4.678105675436786,6.555787159621886,0
4.6769624515935,6.556675444157797,0
4.676771202614553,6.55766803127646,0
4.676579953635596,6.55866061839512,0
4.675627810477486,6.558556253082145,0
4.676771202614553,6.55766803127646,0
4.676579953635596,6.55866061839512,0
4.676388704656649,6.559653205513779,0
4.676388704656649,6.559653205513779,0
4.676579953635596,6.55866061839512,0
4.677532096793712,6.558764983708098,0
4.677532096793712,6.558764983708098,0
4.676388704656649,6.559653205513779,0
4.67734090391269,6.559757591736833,0
4.67734090391269,6.559757591736833,0
4.6786753767349225,6.557876720082255,0
4.680961600029782,6.556100067370128,0
4.679818544480277,6.556988414636265,0
4.677532096793712,6.558764983708098,0
4.677532096793712,6.558764983708098,0
4.6786753767349225,6.557876720082255,0
4.6786753767349225,6.557876720082255,0
4.67886651351802,6.556884091143445,0
4.6786753767349225,6.557876720082255,0
4.677723289674741,6.557772375679356,0
4.6786753767349225,6.557876720082255,0
4.6786753767349225,6.557876720082255,0
4.6794363831099375,6.558973714334044,0
4.679627463795111,6.557981064485151,0
4.680579550855295,6.558085408888054,0
4.680579550855295,6.558085408888054,0
4.680579550855295,6.558085408888054,0
4.681722606404794,6.557197061621913,0
4.68267463736705,6.557301385114734,0
4.68153163791548,6.55818975329095,0
4.68153163791548,6.55818975329095,0
4.682292812584272,6.559286810272962,0
4.681340669426163,6.5591824449599905,0
4.68153163791548,6.55818975329095,0
4.681340669426163,6.5591824449599905,0
4.682292812584272,6.559286810272962,0
4.68153163791548,6.55818975329095,0
4.68267463736705,6.557301385114734,0
4.68362666832931,6.557405708607561,0
4.68362666832931,6.557405708607561,0
4.682483724975665,6.5582940976938495,0
4.682292812584272,6.559286810272962,0
4.686292073216407,6.558711475305444,0
4.689338854102861,6.558031649564491,0
4.676228499425211,6.450206982131149,0
4.6760525156703885,6.446136429448593,0
4.678136775282219,6.445348370030665,0
4.678714056388479,6.442371926009454,0
4.679868618600995,6.436419037967024,0
4.67741774333259,6.434129361831882,0
4.679710761064587,6.427286411897107,0
4.679169620199289,6.420138667323453,0
4.681269649916601,6.414287656294988,0
4.681288785897696,6.4092259592889995,0
4.682829997314716,6.401289444354848,0
4.685679477234071,6.396531120102587,0
4.685334465867378,6.388392607586852,0
4.68895264416572,6.379665314924946,0
4.69107057570973,6.368752146868825,0
4.692610889559919,6.36081529737346,0
4.691329274160918,6.352578211635716,0
4.689110157162769,6.3442422181147435,0
4.689906854995332,6.335214856491056,0
4.687693796573299,6.3268811212582605,0
4.68661650097026,6.317656320449483,0
4.6873900237709805,6.313689150306345,0
4.687418696399675,6.308631008013208,0
4.6859592394262926,6.30139150690221,0
4.68731447506951,6.294449544633835,0
4.689963337656085,6.290680315517594,0
4.688700963846063,6.2824504019358045,0
4.685374693971735,6.275016138129402,0
4.686344402368988,6.270058220954262,0
4.6861842943275285,6.265993585823118,0
4.685830581194175,6.262920659587454,0
4.686800850570695,6.257962951513072,0
4.686094995045963,6.251817684523871,0
4.6862891611171165,6.250826184729142,0
4.685354127826763,6.250728196989247,0
4.6842248162693885,6.251621667223926,0
4.685159905657674,6.251719675873897,0
4.685354127826763,6.250728196989247,0
4.6870300844342445,6.251915693173839,0
4.685159905657674,6.251719675873897,0
4.683484061246045,6.250532221509459,0
4.684030538002375,6.252613125198501,0
4.683484061246045,6.250532221509459,0
4.6842248162693885,6.251621667223926,0
4.684965683488588,6.252711154758547,0
4.6842248162693885,6.251621667223926,0
4.683095392516165,6.252515095638458,0
4.682354637492821,6.251425649923988,0
4.682354637492821,6.251425649923988,0
4.681419548104536,6.251327641274017,0
4.6829378088814195,6.24845140146072,0
4.680484458716251,6.251229632624046,0
4.680678961374973,6.250238258289773,0
4.683289726881107,6.251523658573959,0
4.681965856567089,6.253408482232835,0
4.682549027955687,6.250434233769564,0
4.682160247029952,6.2524170660784115,0
4.682901058151227,6.2535065327029535,0
4.683095392516165,6.252515095638458,0
4.6842248162693885,6.251621667223926,0
4.683289726881107,6.251523658573959,0
4.683678395610986,6.24954078444496,0
4.683484061246045,6.250532221509459,0
4.6842248162693885,6.251621667223926,0
4.686094995045963,6.251817684523871,0
4.6842248162693885,6.251621667223926,0
4.684613372803412,6.249638751274777,0
4.6842248162693885,6.251621667223926,0
4.686094995045963,6.251817684523871,0
4.683289726881107,6.251523658573959,0
4.681419548104536,6.251327641274017,0
4.681030654982951,6.25331043176271,0
4.6842248162693885,6.251621667223926,0
4.6862891611171165,6.250826184729142,0
4.685159905657674,6.251719675873897,0
4.683678395610986,6.24954078444496,0
4.684419094536398,6.250630209249355,0
4.684419094536398,6.250630209249355,0
4.685354127826763,6.250728196989247,0
4.685548349995848,6.249736718104597,0
4.684419094536398,6.250630209249355,0
4.6862891611171165,6.250826184729142,0
4.685548349995848,6.249736718104597,0
4.684419094536398,6.250630209249355,0
4.686094995045963,6.251817684523871,0
4.685354127826763,6.250728196989247,0
4.684807651070425,6.248647293300202,0
4.682197334347713,6.247362060296627,0
4.681651474668577,6.245281386618416,0
4.6827806740300915,6.244387874563582,0
4.683132199344286,6.247459985306296,0
4.682586227469301,6.2453792698079305,0
4.682197334347713,6.247362060296627,0
4.6827806740300915,6.244387874563582,0
4.684687323047221,6.23952865607091,0
4.688073238193958,6.236847492604145,0
4.691846251328613,6.232182869526266,0
4.698224925058042,6.228801743915685,0
4.700286016225995,6.228005048636511,0
4.702927361690346,6.224233017570132,0
4.7268782133741,6.062817283033329,0
4.731544298549668,6.058235006958743,0
4.7397101261236045,6.055018951736116,0
4.747486723988384,6.053785561541723,0
4.751952135733259,6.050192359693082,0
4.75306820817984,6.049293954680547,0
4.757916005686756,6.043715536774435,0
4.757224286839637,6.037575539124301,0
4.7574167138750525,6.0365833911172295,0
4.756493966030728,6.036489982683907,0
4.755571218186397,6.036396574250585,0
4.756381828304875,6.027374398325662,0
4.757881688961682,6.0244913000075435,0
4.7596145420431455,6.015562344325268,0
4.758927311030188,6.00942401948118,0
4.757320529754743,6.003193478078092,0
4.757364012236188,5.998140856044937,0
4.757022191863381,5.9950723627453115,0
4.755374340317353,5.993895342508637,0
4.754113025779986,5.990734653560082,0
4.753192802342372,5.990642186080166,0
4.75338601474877,5.989650330814154,0
4.751545680069402,5.989465437674465,0
4.750818893429901,5.988381198568842,0
4.7497053453900335,5.9892805445347825,0
4.7506255127297194,5.989372991104624,0
4.750432132029545,5.990364783640413,0
4.749511908591927,5.9902723161604925,0
4.750045370629181,5.99234836871198,0
4.750965706262644,5.992440878012051,0
4.75188604189611,5.992533387312122,0
4.750045370629181,5.99234836871198,0
4.75188604189611,5.992533387312122,0
4.752613165123176,5.993617751878201,0
4.750965706262644,5.992440878012051,0
4.751692773391785,5.993525221668055,0
4.7507723816603935,5.993432691457912,0
4.7535335568545705,5.993710282088344,0
4.755374340317353,5.993895342508637,0
4.753340400546101,5.994702158264435,0
4.753340400546101,5.994702158264435,0
4.7535335568545705,5.993710282088344,0
4.751692773391785,5.993525221668055,0
4.752613165123176,5.993617751878201,0
4.753340400546101,5.994702158264435,0
4.752613165123176,5.993617751878201,0
4.752613165123176,5.993617751878201,0
4.752613165123176,5.993617751878201,0
4.752613165123176,5.993617751878201,0
4.75426084837542,5.9947947093846565,0
4.7535335568545705,5.993710282088344,0
4.752613165123176,5.993617751878201,0
4.752613165123176,5.993617751878201,0
4.752613165123176,5.993617751878201,0
4.754453948585962,5.99380281229849,0
4.7535335568545705,5.993710282088344,0
4.752613165123176,5.993617751878201,0
4.7535335568545705,5.993710282088344,0
4.753340400546101,5.994702158264435,0
4.7535335568545705,5.993710282088344,0
4.752419952716778,5.994609607144213,0
4.7535335568545705,5.993710282088344,0
4.753340400546101,5.994702158264435,0
4.754453948585962,5.99380281229849,0
4.751306236383133,5.995508890379931,0
4.751692773391785,5.993525221668055,0
4.75057905705814,5.994424504903769,0
4.748931598197604,5.993247631037622,0
4.744910791403871,5.989809978760903,0
4.74234400667256,5.988540971976043,0
4.741617781012327,5.987456941971175,0
4.739439777206748,5.984205102877468,0
4.73745706143087,5.979962182190551,0
4.737120345969423,5.9768955917078195,0
4.737703349064244,5.973921280514325,0
4.739594122368011,5.969056144470233,0
4.738003497295566,5.962831625168935,0
4.737333320052439,5.956699656987862,0
4.7364698182070555,5.951559502252646,0
4.737053831064561,5.94858556744051,0
4.733771703670872,5.946236587205462,0
4.734551285047711,5.942271675350494,0
4.734608399325431,5.937224134465726,0
4.735388205093983,5.93325930625106,0
4.734529247180696,5.928120845231973,0
4.733807509354627,5.927038488033155,0
4.736031127362875,5.925238499676574,0
4.733340529948915,5.9199183865795355,0
4.732814697229742,5.917845177798338,0
4.731177504289867,5.916672130476034,0
4.729931560584511,5.913517170888216,0
4.727574705441864,5.911262540039893,0
4.727050219072943,5.909189833100513,0
4.728357428302623,5.907298799149164,0
4.728944470448191,5.904325993481116,0
4.729140151163378,5.903335058258435,0
4.7293358318785685,5.902344123035753,0
4.729531512593756,5.9013531878130685,0
4.7286796791172065,5.896217382373589,0
4.730377744895922,5.892344289786195,0
4.710626944864593,5.916651666958824,0
4.712329610673326,5.912780288997638,0
4.711413482384387,5.91268934795324,0
4.712526188955351,5.911789688336164,0
4.715863635493097,5.909090458564023,0
4.718873230041876,5.9033279421011,0
4.720900550257735,5.9025186589563745,0
4.7212929214508,5.9005371648923735,0
4.719332139964408,5.896302420045043,0
4.718287655060731,5.892158678972336,0
4.716525976263078,5.886934274416937,0
4.71548362308063,5.882791327927109,0
4.714048449921698,5.88062970822067,0
4.7146390262366715,5.87765821988739,0
4.714315605983938,5.87459658509259,0
4.7145834352213,5.868563712885422,0
4.7173950490398795,5.86379127433208,0
4.719812047748309,5.860999493439721,0
4.7213153303786655,5.858117670636215,0
4.722818276421464,5.855235722372257,0
4.723927729312649,5.854334849970794,0
4.723085544679556,5.8492026410643305,0
4.720544789386405,5.847943336554582,0
4.716573797551902,5.84452425242506,0
4.712727179379321,5.845156483708479,0
4.712924543032319,5.844166175788068,0
4.711889819167958,5.840026073068522,0
4.71371399764433,5.840204944106418,0
4.711372793823337,5.8379561471692085,0
4.713591587409855,5.8361543605461215,0
4.711767857716904,5.835975656788836,0
4.71307467426109,5.8340844764669555,0
4.716082361480343,5.828321249061467,0
4.718891450892208,5.823547869554719,0
4.717145142926569,5.818329194360061,0
4.7206667140065335,5.814634721889647,0
4.721850222749417,5.808692623446262,0
4.723625485863742,5.799779475781186,0
4.722080636699779,5.793572019101635,0
4.719866667534987,5.7953756039912285,0
4.723504926860862,5.795729582253394,0
4.723702234415935,5.794739253422904,0
4.726036482093974,5.796985457510733,0
4.728568373914648,5.798241458228524,0
4.731100602322886,5.799497584406769,0
4.7331167590512635,5.798684140156983,0
4.73220708202394,5.79859560377129,0
4.7331167590512635,5.798684140156983,0
4.730387727969294,5.7984185309999035,0
4.731494207670345,5.797516550364428,0
4.732403828599743,5.797605065840045,0
4.733829801698633,5.799763256294071,0
4.732920068573385,5.799674698998302,0
4.7327233780955105,5.800665257839622,0
4.731297404996617,5.7985070673856,0
4.731297404996617,5.7985070673856,0
4.731100602322886,5.799497584406769,0
4.731100602322886,5.799497584406769,0
4.731100602322886,5.799497584406769,0
4.727264642756449,5.800133788604562,0
4.725642203571386,5.798966240632161,0
4.724019988778036,5.797798776300063,0
4.7233076193057855,5.79671991108388,0
4.7233076193057855,5.79671991108388,0
4.7233076193057855,5.79671991108388,0
4.722397998376387,5.796631395608266,0
4.721685797197921,5.795552593122309,0
4.721685797197921,5.795552593122309,0
4.722397998376387,5.796631395608266,0
4.7225953620293915,5.7956410876878515,0
4.720064199481769,5.794385358801044,0
4.718245182014684,5.794208411490114,0
4.715002884149207,5.791874277408791,0
4.712472731364269,5.790618924903342,0
4.707611808972771,5.787118664734763,0
4.700934898402252,5.783442586399339,0
4.698719021907937,5.78524546034636,0
4.69718628989623,5.779042520243152,0
4.694149153295612,5.77572098474193,0
4.6913129145174075,5.771410458655069,0
4.683029496573116,5.766572770808732,0
4.681199878628167,5.757318086376518,0
4.6800809472176645,5.749141639858216,0
4.680874555106623,5.736108170405181,0
4.681677024437711,5.7321517898610885,0
4.681068891501916,5.7260429482236965,0
4.676839777401792,5.719586568627456,0
4.675632148580622,5.716445890621319,0
4.674927969405726,5.715370078276187,0
4.673420313167412,5.709176484976801,0
4.674628729389909,5.703243670607016,0
4.676441353723664,5.694344449052338,0
4.678150919577426,5.690475643030453,0
4.674138971698554,5.68303633677051,0
4.67173616779602,5.676759622795032,0
4.670845173408772,5.667604264347553,0
4.66684573536763,5.660169621034484,0
4.66384433314656,5.656861405251469,0
4.666661276268211,5.652090953155316,0
4.66386475482237,5.6477952314020285,0
4.625655919561929,5.475116036948247,0
4.624493673963759,5.4719922751933225,0
4.620656419587377,5.4686230406841965,0
4.620864105258963,5.467636580217707,0
4.619227861426232,5.462458930591509,0
4.616702023624065,5.457200230386704,0
4.6150694261565945,5.452023939915424,0
4.614386732487759,5.450956136129275,0
4.611713911528714,5.450711478868019,0
4.6098756479150325,5.446522401625948,0
4.611183530319842,5.444631618595508,0
4.609402322855601,5.444468764675577,0
4.607621115391357,5.444305910755649,0
4.608247538281724,5.4413477839607225,0
4.608456345911847,5.440361741695746,0
4.608873961172094,5.438389657165793,0
4.6079836940275385,5.438308355666287,0
4.6079836940275385,5.438308355666287,0
4.606203159738424,5.4381457526672605,0
4.60599418381452,5.439131732202011,0
4.6046857965283685,5.441022327041775,0
4.602904925651696,5.440859598582296,0
4.602904925651696,5.440859598582296,0
4.602904925651696,5.440859598582296,0
4.601333311188554,5.439710995138448,0
4.5987150780701604,5.443491641156005,0
4.597352832216412,5.441357204547941,0
4.597090951389667,5.43831850810615,0
4.596200628147187,5.438237185696565,0
4.595729603102761,5.436184406059294,0
4.595729603102761,5.436184406059294,0
4.593739419714616,5.437007531674116,0
4.593949181009499,5.436021844880429,0
4.593739419714616,5.437007531674116,0
4.594158942304382,5.435036158086735,0
4.59352965841973,5.437993218467806,0
4.592168758916237,5.435859283701554,0
4.591749011934763,5.4378305736486325,0
4.591068618280943,5.4367636271755835,0
4.590808308196163,5.433725516215912,0
4.589609089506435,5.426583016945944,0
4.587522913449856,5.419360449870929,0
4.584761616944601,5.411072901869979,0
4.582215747624854,5.401801778992976,0
4.582127440372428,5.393758950983507,0
4.583139498147002,5.384811863140314,0
4.579801205582733,5.3835058214861355,0
4.581069197803782,5.377595213616708,0
4.5818732894171355,5.36963448168963,0
4.5838165142827165,5.364788896566289,0
4.584198558899587,5.358798597273182,0
4.583695665674973,5.352728982937748,0
4.579902953052688,5.349376351028706,0
4.578805673411676,5.350281760916591,0
4.57969117223243,5.35036128505967,0
4.578593836493493,5.351266674037483,0
4.578381999575306,5.352251587158371,0
4.578381999575306,5.352251587158371,0
4.581000120497851,5.348470899320663,0
4.58167383849835,5.349535357494712,0
4.580153221608526,5.352410719084833,0
4.58192444364175,5.352569851011296,0
4.580153221608526,5.352410719084833,0
4.58192444364175,5.352569851011296,0
4.58281005465836,5.352649416974522,0
4.583233167515459,5.350679381631984,0
4.5799414968862,5.353395674025872,0
4.58103883262514,5.352490285048059,0
4.583695665674973,5.352728982937748,0
4.582386941801264,5.35461945231706,0
4.583695665674973,5.352728982937748,0
4.580153221608526,5.352410719084833,0
4.580827164000738,5.353475260899177,0
4.580615495376335,5.354460236750295,0
4.580153221608526,5.352410719084833,0
4.579518047441539,5.355365583907954,0
4.580192158127524,5.356430188452528,0
4.581077993535846,5.356509838056063,0
4.580615495376335,5.354460236750295,0
4.582175385372718,5.355604469988325,0
4.582598498229814,5.353634434645791,0
4.582598498229814,5.353634434645791,0
4.582598498229814,5.353634434645791,0
4.580827164000738,5.353475260899177,0
4.582386941801264,5.35461945231706,0
4.582598498229814,5.353634434645791,0
4.582386941801264,5.35461945231706,0
4.582638164021862,5.35765417584447,0
4.583524055528109,5.357733846358077,0
4.5855071705774435,5.356908086073723,0
4.585929834651125,5.354937883450582,0
4.586393005985762,5.356987735677258,0
4.585084506503762,5.358878288696861,0
4.584198558899587,5.358798597273182,0
4.584873174466917,5.359863390008435,0
4.583312611295412,5.3587189058495,0
4.583312611295412,5.3587189058495,0
4.583312611295412,5.3587189058495,0
4.583312611295412,5.3587189058495,0
4.584198558899587,5.358798597273182,0
4.512939975766116,5.428625311241852,0
4.512725109559867,5.429609095218655,0
4.511834842415311,5.429527793719146,0
4.5107295968686465,5.4304302343762885,0
4.510944575270749,5.429446492219636,0
4.51005430812619,5.429365190720127,0
4.509809312775499,5.426332788211113,0
4.509809312775499,5.426332788211113,0
4.50891921392472,5.426251549441833,0
4.510699411626273,5.426414026980396,0
4.509779800708245,5.422316831736133,0
4.510884765765272,5.421414286528606,0
4.511774584126407,5.421495420747512,0
4.511774584126407,5.421495420747512,0
4.512664402487552,5.421576554966418,0
4.510914446126296,5.425430305733819,0
4.510914446126296,5.425430305733819,0
4.51180448887915,5.425511523593027,0
4.511589510477052,5.426495265749679,0
4.51180448887915,5.425511523593027,0
4.511589510477052,5.426495265749679,0
4.513339298544523,5.422641452252051,0
4.512664402487552,5.421576554966418,0
4.510239493971412,5.4243653875381135,0
4.506923757331432,5.427072709509535,0
4.5056029724034055,5.428958683222575,0
4.503363137536617,5.426747670792103,0
4.500936041201314,5.429535687870839,0
4.50425329248532,5.4268289304714585,0
4.509134360620603,5.425267870015407,0
4.509105129042986,5.421252018090801,0
4.509779800708245,5.422316831736133,0
4.509105129042986,5.421252018090801,0
4.509320331836797,5.420268359574447,0
4.512204653126464,5.419527978254358,0
4.513769143152867,5.420673926118596,0
4.513769143152867,5.420673926118596,0
4.514444039209835,5.42173882340423,0
4.513554220848693,5.421657689185324,0
4.513554220848693,5.421657689185324,0
4.513554220848693,5.421657689185324,0
4.512234445683347,5.423544039279722,0
4.514229173003592,5.422722607381029,0
4.515763477787612,5.419852347849371,0
4.516622718220891,5.415917128301853,0
4.518401681768047,5.41607914581876,0
4.517297445984077,5.416981962857264,0
4.5181869838555855,5.417062992525789,0
4.517972285943124,5.418046839232822,0
4.520641067851418,5.418289990968628,0
4.518647238098012,5.4191117574285315,0
4.518647238098012,5.4191117574285315,0
4.518647238098012,5.4191117574285315,0
4.520855597470099,5.417306081531368,0
4.519966059598595,5.417225051862843,0
4.520855597470099,5.417306081531368,0
4.520855597470099,5.417306081531368,0
4.520641067851418,5.418289990968628,0
4.518861879912553,5.418127889811423,0
4.519751473881989,5.418208940390027,0
4.5204265382327335,5.419273900405887,0
4.518861879912553,5.418127889811423,0
4.5204265382327335,5.419273900405887,0
4.5204265382327335,5.419273900405887,0
4.519536888165373,5.4191928289172075,0
4.516653183952901,5.41993344024813,0
4.516653183952901,5.41993344024813,0
4.515088637828573,5.4187874714738165,0
4.516653183952901,5.41993344024813,0
4.5175428901181895,5.420014532646881,0
4.515763477787612,5.419852347849371,0
4.509564654012362,5.423300511162555,0
4.509349507316486,5.424284190588985,0
4.512019467281249,5.424527781436378,0
4.514474617137697,5.425755177170654,0
4.514044996921058,5.427722786944408,0
4.516040004730936,5.426901459596095,0
4.515825306818467,5.4278853063031285,0
4.516930103581711,5.426982698365379,0
4.515825306818467,5.4278853063031285,0
4.513369708178605,5.426657743288246,0
4.514935151869764,5.42780404662377,0
4.517144745396244,5.425998830748274,0
4.516254702643398,5.425917612889066,0
4.514935151869764,5.42780404662377,0
4.516254702643398,5.425917612889066,0
4.514474617137697,5.425755177170654,0
4.516469400555863,5.424933766182036,0
4.518924830901945,5.426161266466693,0
4.518924830901945,5.426161266466693,0
4.519568419757999,5.423209538154918,0
4.519353890139314,5.424193447592181,0
4.518893131015542,5.42214449449876,0
4.516653183952901,5.41993344024813,0
4.514873771622327,5.41977125545062,0
4.5153338575709725,5.421819957623136,0
4.516008921921724,5.422884917638999,0
4.520855597470099,5.417306081531368,0
4.527049596823623,5.413856119951689,0
4.530145586737692,5.412130762780482,0
4.598924446679554,5.442505807991786,0
4.601805289897747,5.441764130247005,0
4.605367256042808,5.442089670806258,0
4.604004449209789,5.4399550250974364,0
4.605785207890616,5.440117711736757,0
4.608401421483638,5.436336312956485,0
4.611280581764021,5.435594007909433,0
4.6139508783163485,5.435837724217283,0
4.618609619221083,5.4352576666979715,0
4.619707852526862,5.434352612281366,0
4.619707852526862,5.434352612281366,0
4.621014108091778,5.432461222858731,0
4.618761090212132,5.430245296560475,0
4.6196508524753455,5.430326409869306,0
4.618079686795621,5.429177973706061,0
4.614938028611306,5.426881352300491,0
4.614257073978209,5.425814196726684,0
4.611797267993818,5.424585065456128,0
4.6104361440986175,5.422451047049577,0
4.608866436964995,5.421303154548308,0
4.607977123485199,5.421222208520085,0
4.608186211604959,5.420236270805486,0
4.6090754689868305,5.420317195923634,0
4.6090754689868305,5.420317195923634,0
4.608395299724712,5.419250333090886,0
4.607087810005403,5.421141262491858,0
4.608186211604959,5.420236270805486,0
4.612578696044636,5.41661588585848,0
4.613414150956839,5.412671800438879,0
4.6113748212269705,5.409471651052229,0
4.609388396399943,5.410296177642117,0
4.610277092802541,5.410376893659507,0
4.608290499681733,5.411201357519172,0
4.608290499681733,5.411201357519172,0
4.6071924907676625,5.412106495576072,0
4.60808129936612,5.412187253413617,0
4.608290499681733,5.411201357519172,0
4.609858916563024,5.412348769088702,0
4.608551819529204,5.414239844860205,0
4.60923165220375,5.415306582232496,0
4.610120629095984,5.415387402800267,0
4.609911597074152,5.416373361424942,0
4.60970256505232,5.417359320049613,0
4.609911597074152,5.416373361424942,0
4.609911597074152,5.416373361424942,0
4.610120629095984,5.415387402800267,0
4.609911597074152,5.416373361424942,0
4.612578696044636,5.41661588585848,0
4.612369832316588,5.417601907213381,0
4.615245795015127,5.416858410292015,0
4.615245795015127,5.416858410292015,0
4.61503709958086,5.417844494377142,0
4.614356762024965,5.416777568814169,0
4.615245795015127,5.416858410292015,0
4.6159261886689436,5.417925356765064,0
4.613730507428375,5.419735758339325,0
4.613939258960574,5.418749695164273,0
4.615508909996262,5.41989756675547,0
4.616398111280208,5.419978470963542,0
4.615717549332601,5.418911461760267,0
4.612841306144432,5.419654854131252,0
4.613730507428375,5.419735758339325,0
4.616398111280208,5.419978470963542,0
4.614619708712318,5.419816662547397,0
4.615717549332601,5.418911461760267,0
4.616398111280208,5.419978470963542,0
4.617287312564148,5.420059375171615,0
4.618176513848091,5.420140279379691,0
4.618176513848091,5.420140279379691,0
4.617287312564148,5.420059375171615,0
4.616189528041794,5.420964596868821,0
4.616189528041794,5.420964596868821,0
4.616189528041794,5.420964596868821,0
4.617495839704638,5.419073228356261,0
4.618176513848091,5.420140279379691,0
4.617495839704638,5.419073228356261,0
4.617232444233867,5.416033967342429,0
4.614828404146593,5.41883057846227,0
4.614356762024965,5.416777568814169,0
4.614356762024965,5.416777568814169,0
4.615454490449398,5.4158723262068875,0
4.612107502706436,5.414563043490983,0
4.6123164225324125,5.413577043046157,0
4.613885344295049,5.414724642806373,0
4.61362301468489,5.411685779083978,0
4.613414150956839,5.412671800438879,0
4.614094151925173,5.4137386005413966,0
4.613414150956839,5.412671800438879,0
4.609858916563024,5.412348769088702,0
4.608290499681733,5.411201357519172,0
4.609388396399943,5.410296177642117,0
4.6095975406176315,5.4093102608375965,0
4.608918100628568,5.408243669835834,0
4.6084996999973455,5.410215461624727,0
4.607350244726543,5.407096467367058,0
4.606931619703609,5.409068175515646,0
4.606722307192143,5.41005402958994,0
4.608918100628568,5.408243669835834,0
4.607401747181203,5.411120620591703,0
4.610277092802541,5.410376893659507,0
4.729729591944377,5.4282757424190144,0
4.730417278328716,5.429345407201897,0
4.729125215539348,5.431242086873677,0
4.730215875624964,5.430334209596861,0
4.729125215539348,5.431242086873677,0
4.730014472921219,5.431323011991825,0
4.730014472921219,5.431323011991825,0
4.730014472921219,5.431323011991825,0
4.729410264809964,5.434289419176718,0
4.729611667513719,5.43330061678175,0
4.730702383697263,5.432392760415013,0
4.730098343879796,5.435359230330128,0
4.730098343879796,5.435359230330128,0
4.731676073016981,5.4365101129722255,0
4.731474838607014,5.437498978097416,0
4.731273604197046,5.43848784322261,0
4.7332540265458825,5.437661079254617,0
4.73236443257645,5.437580028676017,0
4.732851782117649,5.439638893145304,0
4.732851782117649,5.439638893145304,0
4.7330529043317675,5.438649986199962,0
4.734430184429964,5.44079002670831,0
4.734229174411702,5.441778975473802,0
4.736209708956391,5.4409522533259675,0
4.735520900613508,5.439882170341566,0
4.736898629495123,5.44202237813052,0
4.737587662229714,5.4430925447552205,0
4.736898629495123,5.44202237813052,0
4.735721854533846,5.438893200665994,0
4.735234224503007,5.43683423164633,0
4.736812402423613,5.437985281569031,0
4.734143620515315,5.437742129833225,0
4.732163254264407,5.438568914711283,0
4.7330529043317675,5.438649986199962,0
4.733455148759994,5.4366721723092795,0
4.732279776246891,5.43354351759665,0
4.734259637616454,5.43271654452791,0
4.736038264576045,5.43287843658436,0
4.736726624135514,5.433948352288148,0
4.736038264576045,5.43287843658436,0
4.732279776246891,5.43354351759665,0
4.7324810106568584,5.43255465247146,0
4.733571502448701,5.4316467124644205,0
4.731591697177059,5.432473706443236,0
4.734746818863876,5.434775346266971,0
4.733857393188224,5.434694358418593,0
4.7358372545577865,5.433867385349849,0
4.733571502448701,5.4316467124644205,0
4.736154281677191,5.427852851279045,0
4.733973859072783,5.429668940393885,0
4.733973859072783,5.429668940393885,0
4.732396859208642,5.428518329582772,0
4.732598149716544,5.427529485367657,0
4.7319104633322056,5.426459820584775,0
4.731709116726382,5.427448643889814,0
4.731709116726382,5.427448643889814,0
4.731021486439971,5.426379000017004,0
4.731021486439971,5.426379000017004,0
4.7319104633322056,5.426459820584775,0
4.731021486439971,5.426379000017004,0
4.731021486439971,5.426379000017004,0
4.731222889143716,5.42539019762204,0
4.731424291847468,5.4244013952270755,0
4.733000730732332,5.425551796937427,0
4.733688417116674,5.426621461720316,0
4.733000730732332,5.425551796937427,0
4.732313156543853,5.424482173974692,0
4.729042017755891,5.427206119456276,0
4.730132509547737,5.426298179449233,0
4.728638987956682,5.429183640605903,0
4.729042017755891,5.427206119456276,0
4.729042017755891,5.427206119456276,0
4.728638987956682,5.429183640605903,0
4.728638987956682,5.429183640605903,0
4.729528133142704,5.429264523903903,0
4.727951413768199,5.428114017643168,0
4.7303339683494094,5.4253093979643445,0
4.7294450475550995,5.425228598306649,0
4.728354555763264,5.426136538313692,0
4.728556126760793,5.425147798648954,0
4.7294450475550995,5.425228598306649,0
4.7294450475550995,5.425228598306649,0
4.730535427151089,5.424320616479456,0
4.730535427151089,5.424320616479456,0
4.728556126760793,5.425147798648954,0
4.7294450475550995,5.425228598306649,0
4.728556126760793,5.425147798648954,0
4.730535427151089,5.424320616479456,0
4.730820083736219,5.427367802411968,0
4.731424291847468,5.4244013952270755,0
4.731424291847468,5.4244013952270755,0
4.731424291847468,5.4244013952270755,0
4.732313156543853,5.424482173974692,0
4.732313156543853,5.424482173974692,0
4.733202021240231,5.424562952722312,0
4.732111809938026,5.4254709972797315,0
4.732111809938026,5.4254709972797315,0
4.73279944022444,5.426540641152542,0
4.732111809938026,5.4254709972797315,0
4.731222889143716,5.42539019762204,0
4.731424291847468,5.4244013952270755,0
4.730535427151089,5.424320616479456,0
4.727868833061947,5.4240782802366,0
4.728757697758326,5.424159058984216,0
4.730736885952766,5.423331834994567,0
4.730535427151089,5.424320616479456,0
4.72774984277067,5.429102757307906,0
4.72774984277067,5.429102757307906,0
4.729528133142704,5.429264523903903,0
4.729528133142704,5.429264523903903,0
4.726173235592022,5.427952292867321,0
4.727263951775569,5.427044436500584,0
4.7267782851721805,5.424986199333567,0
4.726576601978795,5.4259748971781505,0
4.728757697758326,5.424159058984216,0
4.72746557887103,5.426055717745921,0
4.727667205966487,5.425066998991262,0
4.72746557887103,5.426055717745921,0
4.727667205966487,5.425066998991262,0
4.727263951775569,5.427044436500584,0
4.72746557887103,5.426055717745921,0
4.727263951775569,5.427044436500584,0
4.727951413768199,5.428114017643168,0
4.727951413768199,5.428114017643168,0
4.72774984277067,5.429102757307906,0
4.727951413768199,5.428114017643168,0
4.727951413768199,5.428114017643168,0
4.727263951775569,5.427044436500584,0
4.727263951775569,5.427044436500584,0
4.728070460157404,5.423089561481941,0
4.727181651558951,5.423008803644393,0
4.728070460157404,5.423089561481941,0
4.730535427151089,5.424320616479456,0
4.7267782851721805,5.424986199333567,0
4.727263951775569,5.427044436500584,0
4.726576601978795,5.4259748971781505,0
4.7267782851721805,5.424986199333567,0
4.7267782851721805,5.424986199333567,0
4.72746557887103,5.426055717745921,0
4.725687625086557,5.425894076610383,0
4.72637491878541,5.4269635950227375,0
4.728638987956682,5.429183640605903,0
4.729528133142704,5.429264523903903,0
4.728638987956682,5.429183640605903,0
4.72637491878541,5.4269635950227375,0
4.725000443583564,5.42482460001818,0
4.7267782851721805,5.424986199333567,0
4.727062324680109,5.428033155255246,0
4.7269799683655656,5.42399750148898,0
4.728757697758326,5.424159058984216,0
4.7269799683655656,5.42399750148898,0
4.731424291847468,5.4244013952270755,0
4.732111809938026,5.4254709972797315,0
4.732111809938026,5.4254709972797315,0
4.731625694551219,5.423412592832108,0
4.728354555763264,5.426136538313692,0
4.726576601978795,5.4259748971781505,0
4.72746557887103,5.426055717745921,0
4.72746557887103,5.426055717745921,0
4.728354555763264,5.426136538313692,0
4.7267782851721805,5.424986199333567,0
4.730049592253913,5.422262316582213,0
4.72746557887103,5.426055717745921,0
4.727181651558951,5.423008803644393,0
4.727181651558951,5.423008803644393,0
4.726576601978795,5.4259748971781505,0
4.730049592253913,5.422262316582213,0
4.728272087252865,5.4221008427272785,0
4.725605829751281,5.421858631944875,0
4.725807625140522,5.420869975920439,0
4.725404034362043,5.422847287969308,0
4.727585017945721,5.421031407955223,0
4.728473714348318,5.421112123972616,0
4.728272087252865,5.4221008427272785,0
4.727585017945721,5.421031407955223,0
4.7264945822518065,5.421939368872341,0
4.725404034362043,5.422847287969308,0
4.725202238972802,5.423835943993744,0
4.725404034362043,5.422847287969308,0
4.725404034362043,5.422847287969308,0
4.725202238972802,5.423835943993744,0
4.725605829751281,5.421858631944875,0
4.724515225763589,5.422766530131764,0
4.725202238972802,5.423835943993744,0
4.725404034362043,5.422847287969308,0
4.725404034362043,5.422847287969308,0
4.725485885795244,5.426882753544895,0
4.725202238972802,5.423835943993744,0
4.725202238972802,5.423835943993744,0
4.726091103669184,5.423916722741364,0
4.725202238972802,5.423835943993744,0
4.725202238972802,5.423835943993744,0
4.725485885795244,5.426882753544895,0
4.725485885795244,5.426882753544895,0
4.725889364377867,5.424905399675872,0
4.726091103669184,5.423916722741364,0
4.725889364377867,5.424905399675872,0
4.7267782851721805,5.424986199333567,0
4.727263951775569,5.427044436500584,0
4.72746557887103,5.426055717745921,0
4.7303339683494094,5.4253093979643445,0
4.729243532655495,5.426217358881463,0
4.728152984765732,5.42712527797843,0
4.727951413768199,5.428114017643168,0
4.730820083736219,5.427367802411968,0
4.730820083736219,5.427367802411968,0
4.728638987956682,5.429183640605903,0
4.729729591944377,5.4282757424190144,0
4.729528133142704,5.429264523903903,0
4.731306423514734,5.42942629049989,0
4.732883479476797,5.430576922221082,0
4.733772680760737,5.4306578264291545,0
4.729125215539348,5.431242086873677,0
4.728923756737668,5.432230868358566,0
4.731306423514734,5.42942629049989,0
4.730417278328716,5.429345407201897,0
4.729125215539348,5.431242086873677,0
4.729813070217467,5.4323118143867895,0
4.731994278192854,5.430496018013006,0
4.730501037091443,5.4333815837200525,0
4.7326822450668296,5.431565787346273,0
4.730501037091443,5.4333815837200525,0
4.730501037091443,5.4333815837200525,0
4.731390406669167,5.433462550658351,0
4.731390406669167,5.433462550658351,0
4.732279776246891,5.43354351759665,0
4.731189116161271,5.434451394873463,0
4.731877307426952,5.435521247847035,0
4.731877307426952,5.435521247847035,0
4.73207854183692,5.434532382721841,0
4.732279776246891,5.43354351759665,0
4.731189116161271,5.434451394873463,0
4.732279776246891,5.43354351759665,0
4.732279776246891,5.43354351759665,0
4.732279776246891,5.43354351759665,0
4.731390406669167,5.433462550658351,0
4.730501037091443,5.4333815837200525,0
4.7324810106568584,5.43255465247146,0
4.7326822450668296,5.431565787346273,0
4.730702383697263,5.432392760415013,0
4.731792987684962,5.431484862228121,0
4.732883479476797,5.430576922221082,0
4.734460759830572,5.431727637582565,0
4.734460759830572,5.431727637582565,0
4.733571502448701,5.4316467124644205,0
4.731994278192854,5.430496018013006,0
4.7306186810324675,5.4283566048069325,0
4.72774984277067,5.429102757307906,0
4.729729591944377,5.4282757424190144,0
4.7306186810324675,5.4283566048069325,0
4.728152984765732,5.42712527797843,0
4.730417278328716,5.429345407201897,0
4.7309037303030905,5.431403937109973,0
4.730014472921219,5.431323011991825,0
4.730014472921219,5.431323011991825,0
4.727951413768199,5.428114017643168,0
4.72746557887103,5.426055717745921,0
4.727951413768199,5.428114017643168,0
4.726860697584652,5.4290218740099085,0
4.727667205966487,5.425066998991262,0
4.72746557887103,5.426055717745921,0
4.727868833061947,5.4240782802366,0
4.728757697758326,5.424159058984216,0
4.728070460157404,5.423089561481941,0
4.725202238972802,5.423835943993744,0
4.725404034362043,5.422847287969308,0
4.724798648194323,5.425813256042613,0
4.724596852805085,5.426801912067049,0
4.725605829751281,5.421858631944875,0
4.7267782851721805,5.424986199333567,0
4.7264945822518065,5.421939368872341,0
4.724515225763589,5.422766530131764,0
4.723424509580038,5.423674386498504,0
4.724111522789254,5.424743800360481,0
4.724111522789254,5.424743800360481,0
4.723222601994944,5.42466300070279,0
4.724313374276424,5.423755165246124,0
4.722535644883656,5.423593607750888,0
4.722535644883656,5.423593607750888,0
4.723222601994944,5.42466300070279,0
4.722535644883656,5.423593607750888,0
4.723222601994944,5.42466300070279,0
4.723020694409854,5.425651614907071,0
4.7223336812006345,5.424582201045094,0
4.723222601994944,5.42466300070279,0
4.7223336812006345,5.424582201045094,0
4.722737608566678,5.422605014456678,0
4.725605829751281,5.421858631944875,0
4.7264945822518065,5.421939368872341,0
4.728070460157404,5.423089561481941,0
4.727181651558951,5.423008803644393,0
4.728757697758326,5.424159058984216,0
4.725404034362043,5.422847287969308,0
4.724515225763589,5.422766530131764,0
4.7223336812006345,5.424582201045094,0
4.7239096713020885,5.425732435474842,0
4.724111522789254,5.424743800360481,0
4.7239096713020885,5.425732435474842,0
4.724798648194323,5.425813256042613,0
4.72746557887103,5.426055717745921,0
4.635818617322904,5.47001547484318,0
4.635198421302441,5.472975922656509,0
4.634437076309506,5.48095258806125,0
4.63450310812728,5.484982156995496,0
4.634089868505345,5.4869558725113485,0
4.636768411452952,5.487202662600321,0
4.635462548573525,5.4890941983934916,0
4.636149056901392,5.490163424064782,0
4.637728749466035,5.491315038559527,0
4.638002971836727,5.494358335217967,0
4.638896212171417,5.494440744951486,0
4.638896212171417,5.494440744951486,0
4.638689985045943,5.495427749079944,0
4.6395148935478545,5.49147973256612,0
4.638141428108696,5.489341113942913,0
4.637867654521415,5.486297984565088,0
4.638554106751361,5.487367189326303,0
4.640820307643867,5.489588029492346,0
4.641919382418546,5.488683288726875,0
4.640820307643867,5.489588029492346,0
4.642675176243959,5.49378329611681,0
4.640682692840805,5.494605564418528,0
4.641851165308882,5.4977316471918485,0
4.641851165308882,5.4977316471918485,0
4.642126734029823,5.500775445692099,0
4.642538627301512,5.4988012283344325,0
4.642744573937353,5.497814119655594,0
4.642744573937353,5.497814119655594,0
4.643156467209039,5.495839902297924,0
4.64226317077642,5.495757471654329,0
4.643020310952078,5.500857980886078,0
4.645977620202473,5.504149761349616,0
4.647836864440876,5.5083466589599865,0
4.642543903033914,5.511881936773708,0
4.641443874594472,5.512786322067889,0
4.640137843421261,5.5146777951308295,0
4.641032205714492,5.514760623065861,0
4.641032205714492,5.514760623065861,0
4.639931952883348,5.51566492471974,0
4.641032205714492,5.514760623065861,0
4.639243481128027,5.514594967195791,0
4.640137843421261,5.5146777951308295,0
4.640137843421261,5.5146777951308295,0
4.64213234634979,5.513856279591835,0
4.64213234634979,5.513856279591835,0
4.641238040154484,5.513773472566875,0
4.641238040154484,5.513773472566875,0
4.641238040154484,5.513773472566875,0
4.641032205714492,5.514760623065861,0
4.641032205714492,5.514760623065861,0
4.64213234634979,5.513856279591835,0
4.641032205714492,5.514760623065861,0
4.640826371274507,5.515747773564847,0
4.640137843421261,5.5146777951308295,0
4.637937113367258,5.516486314798279,0
4.638831587856345,5.516569184553465,0
4.637248697709861,5.515416378184408,0
4.638143116101027,5.515499227029519,0
4.638349118834796,5.514512139260759,0
4.641649709034461,5.511799171568903,0
4.641238040154484,5.513773472566875,0
4.639655374399712,5.512620749838121,0
4.641443874594472,5.512786322067889,0
4.6405496244970905,5.512703535953005,0
4.637454756541558,5.514429311325724,0
4.637454756541558,5.514429311325724,0
4.637248697709861,5.515416378184408,0
4.637937113367258,5.516486314798279,0
4.637937113367258,5.516486314798279,0
4.638143116101027,5.515499227029519,0
4.639037534492186,5.515582075874626,0
4.638349118834796,5.514512139260759,0
4.638143116101027,5.515499227029519,0
4.638143116101027,5.515499227029519,0
4.638349118834796,5.514512139260759,0
4.64233812469185,5.51286910818277,0
4.641238040154484,5.513773472566875,0
4.64213234634979,5.513856279591835,0
4.641238040154484,5.513773472566875,0
4.64282093030096,5.514926278935931,0
4.641238040154484,5.513773472566875,0
4.64213234634979,5.513856279591835,0
4.641032205714492,5.514760623065861,0
4.641238040154484,5.513773472566875,0
4.641238040154484,5.513773472566875,0
4.639243481128027,5.514594967195791,0
4.6403437339591775,5.513690665541919,0
4.638349118834796,5.514512139260759,0
4.6405496244970905,5.512703535953005,0
4.639655374399712,5.512620749838121,0
4.6403437339591775,5.513690665541919,0
4.6405496244970905,5.512703535953005,0
4.6403437339591775,5.513690665541919,0
4.6405496244970905,5.512703535953005,0
4.6405496244970905,5.512703535953005,0
4.639449427763871,5.513607858516956,0
4.639449427763871,5.513607858516956,0
4.638349118834796,5.514512139260759,0
4.6403437339591775,5.513690665541919,0
4.641032205714492,5.514760623065861,0
4.625756690663199,5.535478478563174,0
4.625756690663199,5.535478478563174,0
4.626445835593643,5.536548687008025,0
4.6307179272938725,5.537952256380436,0
4.632097226917441,5.540093049651507,0
4.633271028688593,5.543221118882013,0
4.633755236745877,5.545278812387064,0
4.631551028620393,5.547086035629825,0
4.634518547693517,5.550381621727134,0
4.634518547693517,5.550381621727134,0
4.6355474394038225,5.545445764681823,0
4.636854985221067,5.5435548561909265,0
4.636854985221067,5.5435548561909265,0
4.636854985221067,5.5435548561909265,0
4.63595899608795,5.543471421863696,0
4.63595899608795,5.543471421863696,0
4.6357532177458864,5.544458593272761,0
4.63506300695483,5.5433879875364696,0
4.636164774430011,5.542484250454638,0
4.63506300695483,5.5433879875364696,0
4.637060707465203,5.54256766387179,0
4.639954060521127,5.541830649073884,0
4.639263793632146,5.540760022427516,0
4.637956640500391,5.542651077288944,0
4.640849937458391,5.541914041580963,0
4.636164774430011,5.542484250454638,0
4.6357532177458864,5.544458593272761,0
4.6357532177458864,5.544458593272761,0
4.631757031354166,5.546098947861061,0
4.630376946359615,5.543957861848931,0
4.63388886859612,5.540259792845504,0
4.636987887798252,5.538535564818389,0
4.638089318685871,5.537631702276098,0
4.637883596441739,5.538618894595238,0
4.63960196967005,5.534753371455235,0
4.642009600024661,5.531958098580233,0
4.6397350966389475,5.529734163722999,0
4.640146541127216,5.527759779084722,0
4.6397350966389475,5.529734163722999,0
4.641936724259786,5.527925978616757,0
4.642904915982651,5.532041281986558,0
4.644079390928923,5.535169602137973,0
4.643389348431647,5.534099059131911,0
4.645180204739344,5.534265509584856,0
4.645590863856633,5.532290832205522,0
4.646691453275345,5.531386656012096,0
4.647586713135411,5.5314698185083415,0
4.646896726736063,5.530399296412355,0
4.6471020001967815,5.529411936812611,0
4.64702817076715,5.525379461377845,0
4.651223179357977,5.5227493425311,0
4.651223179357977,5.5227493425311,0
4.652117934336701,5.522832316836663,0
4.653012689315421,5.522915291142226,0
4.653012689315421,5.522915291142226,0
4.65267782305521,5.528923175808977,0
4.648687134260342,5.530565579584696,0
4.649787443189421,5.529661298840892,0
4.649787443189421,5.529661298840892,0
4.65267782305521,5.528923175808977,0
4.654953560595317,5.531147570687882,0
4.656053476838906,5.530243143573546,0
4.658534375643875,5.531480137032556,0
4.658738919831542,5.530492505601828,0
4.658534375643875,5.531480137032556,0
4.658738919831542,5.530492505601828,0
4.658534375643875,5.531480137032556,0
4.6576391718817405,5.531396995446386,0
4.657153280886639,5.529338674639064,0
4.657843772167336,5.530409384925736,0
4.657843772167336,5.530409384925736,0
4.655363097754066,5.529172475107032,0
4.65707703924614,5.525305300071047,0
4.662446242293605,5.525803396825342,0
4.66403171294473,5.526957165057873,0
4.666025710991914,5.526135461328202,0
4.670420888132096,5.522516080064829,0
4.673512334114076,5.520789029177493,0
4.675301395288109,5.520954810508016,0
4.6761959258751205,5.521037701173277,0
4.676399516398028,5.520049714271263,0
4.6761959258751205,5.521037701173277,0
4.674406864701091,5.520871919842751,0
4.673512334114076,5.520789029177493,0
4.671802543868605,5.524657751559072,0
4.669118278932437,5.5244088286423825,0
4.6682235239537135,5.524325854336819,0
4.671723272940049,5.520623247846967,0
4.675017972857372,5.517908084597167,0
4.677213878489649,5.516097766663208,0
4.678922266286943,5.512228521529739,0
4.678028240581273,5.512145819055156,0
4.678028240581273,5.512145819055156,0
4.676036486451171,5.512968359187859,0
4.676036486451171,5.512968359187859,0
4.675346163464262,5.511897711631416,0
4.675346163464262,5.511897711631416,0
4.676443891888692,5.510992469024131,0
4.675549922280947,5.510909787459628,0
4.677134214875608,5.512063116580578,0
4.6727426280027515,5.515683836088794,0
4.672946499015296,5.51469595373716,0
4.674044507929359,5.5137908156802595,0
4.675142404647573,5.512885635803201,0
4.678922266286943,5.512228521529739,0
4.680913739927412,5.511405876846659,0
4.683595648750643,5.511653921540173,0
4.684692816195806,5.510748469832134,0
4.679329335136902,5.510252505905559,0
4.677745154738101,5.509099218604767,0
4.677745154738101,5.509099218604767,0
4.678842602672898,5.508193871447105,0
4.680630205300822,5.508359109115659,0
4.67924978371871,5.506217897643076,0
4.6799399384118345,5.507288482469292,0
4.683027906322341,5.505560135157268,0
4.683921539342521,5.505642691261315,0
4.682134273302157,5.505477579053217,0
4.681444118609029,5.504406994226997,0
4.681647596936077,5.503418965504839,0
4.682744539989535,5.5025134301564975,0
4.681647596936077,5.503418965504839,0
4.681647596936077,5.503418965504839,0
4.678073513638768,5.503088908369236,0
4.677666108201251,5.505064798532963,0
4.678073513638768,5.503088908369236,0
4.67876338784227,5.504159388645078,0
4.6774624054824905,5.506052743614823,0
4.678559741221434,5.505147354637014,0
4.680550541686774,5.504324459033025,0
4.6796569647645185,5.50424192383905,0
4.678967034463099,5.503171422653139,0
4.678967034463099,5.503171422653139,0
4.677869810920011,5.5040768534510995,0
4.679170681083935,5.5021834566612,0
4.680064145810331,5.502265950035024,0
4.679170681083935,5.5021834566612,0
4.679170681083935,5.5021834566612,0
4.67876338784227,5.504159388645078,0
4.676286471990114,5.50292387980144,0
4.677666108201251,5.505064798532963,0
4.682134273302157,5.505477579053217,0
4.682541117760408,5.503501479788735,0
4.685628188104079,5.501772797915503,0
4.686521596732554,5.501855270379252,0
4.687415005361025,5.501937742842998,0
4.688308413989496,5.502020215306743,0
4.691597391918261,5.499302919229223,0
4.694967660300957,5.500620879626531,0
4.696754253166198,5.500785740913724,0
4.701220735329294,5.501197894131707,0
4.702114031761916,5.501280324775305,0
4.703613892418716,5.498397226457186,0
4.70292300845254,5.4973263697999855,0
4.702232236682207,5.496255554962943,0
4.699838967396932,5.499056180817313,0
4.702316275934571,5.500291836031479,0
4.700732151633694,5.499138569640756,0
4.702518520107226,5.499303347287647,0
4.705602224575273,5.497573410809871,0
4.704827020867096,5.49246616853376,0
4.70405293911746,5.487359344459158,0
4.703767497161348,5.484311865785589,0
4.70405293911746,5.487359344459158,0
4.704540961833789,5.489418459849354,0
4.704338717661134,5.490406948593186,0
4.70364833857629,5.489336280126665,0
4.703446038305707,5.490324747960422,0
4.70364833857629,5.489336280126665,0
4.703243738035127,5.491313215794172,0
4.703850638846877,5.488347812292915,0
4.70405293911746,5.487359344459158,0
4.703850638846877,5.488347812292915,0
4.703160428055817,5.487277206556623,0
4.703767497161348,5.484311865785589,0
4.7039698535298555,5.483323418861911,0
4.70465983992921,5.484393940957901,0
4.7041722098983705,5.482334971938233,0
4.703077566859925,5.4832413645996745,0
4.703077566859925,5.4832413645996745,0
4.702387748754358,5.4821709052339145,0
4.701495518182355,5.482088871881757,0
4.701780343061266,5.485136120544496,0
4.69890050960576,5.485878174670638,0
4.700685419533187,5.48604240865556,0
4.701375405932538,5.48711293075155,0
4.701292993520063,5.483077256075209,0
4.701495518182355,5.482088871881757,0
4.701698042844647,5.481100487688305,0
4.700887944195479,5.485054024462109,0
4.700482894870898,5.487030792849012,0
4.7020655045277415,5.4881834946676875,0
4.705433585091281,5.4895006395720465,0
4.708802114438239,5.4908179517570055,0
4.710098608963847,5.488922923981203,0
4.710991176123418,5.489005082793817,0
4.709206041804279,5.4888407651685895,0
4.709206041804279,5.4888407651685895,0
4.706528340325576,5.488594288730752,0
4.7093235735494545,5.483815744435315,0
4.724111522789254,5.424743800360481,0
4.725687625086557,5.425894076610383,0
4.72637491878541,5.4269635950227375,0
4.7269799683655656,5.42399750148898,0
4.728070460157404,5.423089561481941,0
4.726091103669184,5.423916722741364,0
4.7296465624547075,5.424239837731836,0
4.729848077354308,5.423251077157026,0
4.726292842960493,5.422928045806852,0
4.726292842960493,5.422928045806852,0
4.725889364377867,5.424905399675872,0
4.725889364377867,5.424905399675872,0
4.725889364377867,5.424905399675872,0
4.726292842960493,5.422928045806852,0
4.725889364377867,5.424905399675872,0
4.726091103669184,5.423916722741364,0
4.725889364377867,5.424905399675872,0
4.7269799683655656,5.42399750148898,0
4.727181651558951,5.423008803644393,0
4.727181651558951,5.423008803644393,0
4.726091103669184,5.423916722741364,0
4.726091103669184,5.423916722741364,0
4.724798648194323,5.425813256042613,0
4.7269799683655656,5.42399750148898,0
4.7294450475550995,5.425228598306649,0
4.7267782851721805,5.424986199333567,0
4.725889364377867,5.424905399675872,0
4.725687625086557,5.425894076610383,0
4.72439505741584,5.427790568091481,0
4.725485885795244,5.426882753544895,0
4.725485885795244,5.426882753544895,0
4.725889364377867,5.424905399675872,0
4.72746557887103,5.426055717745921,0
4.725082407212618,5.428860107413911,0
4.724193262026606,5.428779224115917,0
4.724596852805085,5.426801912067049,0
4.725485885795244,5.426882753544895,0
4.724798648194323,5.425813256042613,0
4.723707819814923,5.426721070589199,0
4.723707819814923,5.426721070589199,0
4.724798648194323,5.425813256042613,0
4.726576601978795,5.4259748971781505,0
4.727667205966487,5.425066998991262,0
4.725082407212618,5.428860107413911,0
4.726576601978795,5.4259748971781505,0
4.726576601978795,5.4259748971781505,0
4.728840502856286,5.428194880031089,0
4.725687625086557,5.425894076610383,0
4.7267782851721805,5.424986199333567,0
4.727667205966487,5.425066998991262,0
4.726173235592022,5.427952292867321,0
4.72746557887103,5.426055717745921,0
4.7267782851721805,5.424986199333567,0
4.726091103669184,5.423916722741364,0
4.725687625086557,5.425894076610383,0
4.726173235592022,5.427952292867321,0
4.726576601978795,5.4259748971781505,0
4.725485885795244,5.426882753544895,0
4.727062324680109,5.428033155255246,0
4.726173235592022,5.427952292867321,0
4.725687625086557,5.425894076610383,0
4.725000443583564,5.42482460001818,0
4.726091103669184,5.423916722741364,0
4.724111522789254,5.424743800360481,0
4.724596852805085,5.426801912067049,0
4.724313374276424,5.423755165246124,0
4.724111522789254,5.424743800360481,0
4.724596852805085,5.426801912067049,0
4.723707819814923,5.426721070589199,0
4.724111522789254,5.424743800360481,0
4.723222601994944,5.42466300070279,0
4.723222601994944,5.42466300070279,0
4.723424509580038,5.423674386498504,0
4.724111522789254,5.424743800360481,0
4.723626417165132,5.422685772294223,0
4.724717077250755,5.421777895017403,0
4.724111522789254,5.424743800360481,0
4.723424509580038,5.423674386498504,0
4.724515225763589,5.422766530131764,0
4.724717077250755,5.421777895017403,0
4.723626417165132,5.422685772294223,0
4.7264945822518065,5.421939368872341,0
4.723222601994944,5.42466300070279,0
4.723626417165132,5.422685772294223,0
4.725889364377867,5.424905399675872,0
4.727868833061947,5.4240782802366,0
4.727181651558951,5.423008803644393,0
4.727181651558951,5.423008803644393,0
4.727181651558951,5.423008803644393,0
4.725404034362043,5.422847287969308,0
4.726292842960493,5.422928045806852,0
4.723828324750226,5.421697158089938,0
4.725605829751281,5.421858631944875,0
4.723626417165132,5.422685772294223,0
4.727181651558951,5.423008803644393,0
4.7267782851721805,5.424986199333567,0
4.724515225763589,5.422766530131764,0
4.722535644883656,5.423593607750888,0
4.722737608566678,5.422605014456678,0
4.727181651558951,5.423008803644393,0
4.786333057237904,5.448546259309126,0
4.78653075747847,5.4475560768491675,0
4.784652608238645,5.443352132543296,0
4.787519258681289,5.442605164549374,0
4.787618276080174,5.446647028608112,0
4.787420631937536,5.447637231978149,0
4.7854431266809065,5.448465083270069,0
4.786333057237904,5.448546259309126,0
4.786431908373363,5.443514275520652,0
4.785542258306002,5.443433204031972,0
4.782873308103923,5.443189989565937,0
4.7844547397042945,5.444342252273028,0
4.7844547397042945,5.444342252273028,0
4.787420631937536,5.447637231978149,0
4.787123858200161,5.44458552946929,0
4.787618276080174,5.446647028608112,0
4.787123858200161,5.44458552946929,0
4.786135356997342,5.449536441769087,0
4.786135356997342,5.449536441769087,0
4.787222987794898,5.448627435348179,0
4.784256871169951,5.44533237200276,0
4.785245370342416,5.449455244819948,0
4.786135356997342,5.449536441769087,0
4.785542258306002,5.443433204031972,0
4.785344445869583,5.44442334467178,0
4.7837629581712875,5.443271061054617,0
4.784652608238645,5.443352132543296,0
4.788508094441312,5.446728162827018,0
4.787321558440727,5.443595347009328,0
4.788508094441312,5.446728162827018,0
4.787420631937536,5.447637231978149,0
4.787420631937536,5.447637231978149,0
4.7867284577190325,5.446565894389206,0
4.784157571251079,5.45036418851063,0
4.7837629581712875,5.443271061054617,0
4.786629664711853,5.442524113970766,0
4.784652608238645,5.443352132543296,0
4.785542258306002,5.443433204031972,0
4.786629664711853,5.442524113970766,0
4.786234152034869,5.444504437070535,0
4.7844547397042945,5.444342252273028,0
4.782675327373724,5.444180067475521,0
4.782675327373724,5.444180067475521,0
4.780301636264991,5.446987990946301,0
4.783565033539013,5.444261159874273,0
4.7844547397042945,5.444342252273028,0
4.782477346643525,5.445170145385102,0
4.786431908373363,5.443514275520652,0
4.789298446620151,5.442767265706575,0
4.786629664711853,5.442524113970766,0
4.785740070742424,5.442443063392169,0
4.787321558440727,5.443595347009328,0
4.7869261579595985,5.445575711929251,0
4.786234152034869,5.444504437070535,0
4.78653075747847,5.4475560768491675,0
4.782575410377653,5.449211653972554,0
4.785838639357891,5.4464847601703,0
4.7854431266809065,5.448465083270069,0
4.7854431266809065,5.448465083270069,0
4.783465397032575,5.449292850921687,0
4.785245370342416,5.449455244819948,0
4.786333057237904,5.448546259309126,0
4.785245370342416,5.449455244819948,0
4.785245370342416,5.449455244819948,0
4.784157571251079,5.45036418851063,0
4.783761946378242,5.452344469790237,0
4.786135356997342,5.449536441769087,0
4.784059002635608,5.446322491732495,0
4.787618276080174,5.446647028608112,0
4.7867284577190325,5.446565894389206,0
4.787618276080174,5.446647028608112,0
4.785838639357891,5.4464847601703,0
4.78653075747847,5.4475560768491675,0
4.785640883019401,5.4474749217201826,0
4.786630055366992,5.451598045458283,0
4.7846521013269445,5.452425729469596,0
4.786630055366992,5.451598045458283,0
4.784751008560331,5.447393766591201,0
4.787915330307186,5.449698835667348,0
4.787618276080174,5.446647028608112,0
4.787618276080174,5.446647028608112,0
4.787618276080174,5.446647028608112,0
4.786827699509622,5.4506078420882496,0
4.7833663215054045,5.454324751069855,0
4.78643241122435,5.452588248828313,0
4.7846521013269445,5.452425729469596,0
4.78643241122435,5.452588248828313,0
4.78643241122435,5.452588248828313,0
4.786234767081716,5.45357845219835,0
4.786234767081716,5.45357845219835,0
4.7838610759729825,5.456386375669126,0
4.783465563295998,5.458366698768895,0
4.783465563295998,5.458366698768895,0
4.78583947879644,5.455558858938417,0
4.786927390083637,5.454649957067897,0
4.788015189174978,5.453741013377222,0
4.7867298020389235,5.455640181348006,0
4.787520154217766,5.451679284227566,0
4.7867298020389235,5.455640181348006,0
4.786829997494284,5.459682484518332,0
4.749166552740547,5.575189441939141,0
4.7480708999394174,5.576095458219221,0
4.749666973098751,5.577253178456058,0
4.749865346514444,5.576263246917009,0
4.748769693713314,5.577169263197089,0
4.749865346514444,5.576263246917009,0
4.749865346514444,5.576263246917009,0
4.75076256980196,5.576347141265899,0
4.75076256980196,5.576347141265899,0
4.749364982254164,5.574199531310164,0
4.750960887119721,5.575357188816774,0
4.750063719930129,5.575273315377956,0
4.753652388688479,5.575608809133229,0
4.756937832447839,5.5728901957209445,0
4.759628829135252,5.5731416278467165,0
4.759826641571674,5.572151487206906,0
4.759628829135252,5.5731416278467165,0
4.758138224636415,5.57602817632732,0
4.761529249252128,5.577353873452623,0
4.765315562153106,5.5766991638378585,0
4.762228884494927,5.578427992081625,0
4.759141533661623,5.580156569404487,0
4.759445824521229,5.583211073863481,0
4.761043356226672,5.584369337762286,0
4.762031296450221,5.579418216361734,0
4.759035391826,5.5761120497661345,0
4.760130315354083,5.57520576165507,0
4.762624060584351,5.576447543521404,0
4.761726893394762,5.576363670082589,0
4.760829726205177,5.576279796643771,0
4.759035391826,5.5761120497661345,0
4.760130315354083,5.57520576165507,0
4.760829726205177,5.576279796643771,0
4.759734802677098,5.577186084754835,0
4.759734802677098,5.577186084754835,0
4.758639766953166,5.578092331045752,0
4.755551967336444,5.579820741088003,0
4.753559091247801,5.580642863019193,0
4.7540604652707685,5.582706955007396,0
4.753572160034455,5.589721520183808,0
4.752476170645764,5.590627411003432,0
4.75087830235276,5.589469021644174,0
4.748884136011792,5.590290662643625,0
4.7459916805226925,5.591028012002738,0
4.742701692831243,5.593744931698897,0
4.7440073853865385,5.600927118292489,0
4.742408675624624,5.599768415282092,0
4.744205814900155,5.599937207663512,0
4.743808955872922,5.601917028921463,0
4.7440073853865385,5.600927118292489,0
4.744906011122225,5.601011535393273,0
4.742011592205685,5.601748152899738,0
4.742210133915155,5.600758284090915,0
4.742011592205685,5.601748152899738,0
4.742011592205685,5.601748152899738,0
4.742408675624624,5.599768415282092,0
4.744801103440999,5.596967475776587,0
4.74848761357212,5.592270609362025,0
4.748184444671061,5.589216523104543,0
4.74638853954993,5.589048190744791,0
4.748685874791956,5.591280636002825,0
4.746691371863424,5.592102151541816,0
4.748091091132451,5.5942505560804285,0
4.746002954175683,5.600106000044931,0
4.7451043845379175,5.600021603854223,0
4.744906011122225,5.601011535393273,0
4.744906011122225,5.601011535393273,0
4.745804636857919,5.601095952494056,0
4.7451043845379175,5.600021603854223,0
4.7451043845379175,5.600021603854223,0
4.744999532954619,5.595977565147614,0
4.747088118694801,5.590122288463718,0
4.746586969063543,5.588058280115817,0
4.745689072600904,5.587974134846014,0
4.748779396624343,5.586246665757162,0
4.749677180891126,5.586330769206814,0
4.747286492110494,5.589132356924665,0
4.749280658451461,5.588310715925218,0
4.749280658451461,5.588310715925218,0
4.7459916805226925,5.591028012002738,0
4.746889745279113,5.591112220002767,0
4.746190110036313,5.590038101373764,0
4.7459916805226925,5.591028012002738,0
4.745490586989362,5.588964024564913,0
4.748184444671061,5.589216523104543,0
4.748184444671061,5.589216523104543,0
4.748184444671061,5.589216523104543,0
4.748184444671061,5.589216523104543,0
4.748184444671061,5.589216523104543,0
4.746889745279113,5.591112220002767,0
4.746889745279113,5.591112220002767,0
4.748184444671061,5.589216523104543,0
4.747286492110494,5.589132356924665,0
4.750482004304796,5.591449052002879,0
4.746796223446726,5.596146190248426,0
4.742607217334097,5.59877854647327,0
4.742607217334097,5.59877854647327,0
4.742607217334097,5.59877854647327,0
4.742607217334097,5.59877854647327,0
4.740810190254425,5.598609795912001,0
4.769172371378325,5.635582276231915,0
4.769172371378325,5.635582276231915,0
4.767568107921633,5.634421503124031,0
4.767847549429899,5.628392959302516,0
4.768944155895792,5.627487298493726,0
4.763544323380152,5.626977784838118,0
4.764247436694433,5.628053199891813,0
4.7624473803266945,5.627883320186463,0
4.763544323380152,5.626977784838118,0
4.762841322261721,5.625902411604574,0
4.764641154237751,5.626072207669626,0
4.764641154237751,5.626072207669626,0
4.763741238249736,5.6259873096371,0
4.764444295466092,5.627062703780716,0
4.764444295466092,5.627062703780716,0
4.763150493640982,5.6289587352401504,0
4.764444295466092,5.627062703780716,0
4.7624473803266945,5.627883320186463,0
4.763741238249736,5.6259873096371,0
4.762841322261721,5.625902411604574,0
4.763741238249736,5.6259873096371,0
4.765344267552031,5.627147622723324,0
4.763150493640982,5.6289587352401504,0
4.762335460404589,5.623836646810311,0
4.76213843333915,5.6248270801911815,0
4.7624473803266945,5.627883320186463,0
4.762250409359183,5.628873774477402,0
4.763544323380152,5.626977784838118,0
4.762644351294206,5.626892865895513,0
4.763741238249736,5.6259873096371,0
4.763544323380152,5.626977784838118,0
4.763741238249736,5.6259873096371,0
4.7624473803266945,5.627883320186463,0
4.7613503250773945,5.62878881371465,0
4.761153298011951,5.629779247095513,0
4.762756663901811,5.63093968564219,0
4.7624473803266945,5.627883320186463,0
4.762250409359183,5.628873774477402,0
4.762250409359183,5.628873774477402,0
4.762053438391671,5.629864228768348,0
4.762053438391671,5.629864228768348,0
4.762250409359183,5.628873774477402,0
4.763150493640982,5.6289587352401504,0
4.764247436694433,5.628053199891813,0
4.76194140627371,5.625817513572045,0
4.763347408510565,5.62796826003914,0
4.764444295466092,5.627062703780716,0
4.763150493640982,5.6289587352401504,0
4.764247436694433,5.628053199891813,0
4.765457253334759,5.631194693390903,0
4.7651474648783,5.62813813974449,0
4.763544323380152,5.626977784838118,0
4.764950662204569,5.629128656765662,0
4.764950662204569,5.629128656765662,0
4.764950662204569,5.629128656765662,0
4.765850746486365,5.629213617528414,0
4.765850746486365,5.629213617528414,0
4.76675083076816,5.629298578291163,0
4.7663574498124035,5.631279695973809,0
4.766554140290282,5.630289137132483,0
4.767454280670002,5.63037411880531,0
4.766160759334525,5.632270254815129,0
4.766667743150201,5.634336437810898,0
4.764867013607343,5.634166307184639,0
4.766160759334525,5.632270254815129,0
4.769058039245351,5.631534703722519,0
4.767764686203659,5.63343090246256,0
4.766160759334525,5.632270254815129,0
4.766864377530155,5.633345858059503,0
4.766160759334525,5.632270254815129,0
4.768354421049722,5.630459100478145,0
4.769254561429442,5.630544082150973,0
4.769058039245351,5.631534703722519,0
4.769058039245351,5.631534703722519,0
4.769058039245351,5.631534703722519,0
4.769058039245351,5.631534703722519,0
4.768861517061254,5.632525325294065,0
4.767568107921633,5.634421503124031,0
4.767371529639611,5.635412103785502,0
4.7684684726930655,5.6345065684371605,0
4.76866499487716,5.633515946865614,0
4.7684684726930655,5.6345065684371605,0
4.76866499487716,5.633515946865614,0
4.768271950508968,5.63549719000871,0
4.767174951357589,5.636402704446976,0
4.767174951357589,5.636402704446976,0
4.768271950508968,5.63549719000871,0
4.76866499487716,5.633515946865614,0
4.767371529639611,5.635412103785502,0
4.7684684726930655,5.6345065684371605,0
4.76866499487716,5.633515946865614,0
4.7684684726930655,5.6345065684371605,0
4.76858297311982,5.638554203676783,0
4.770303251647299,5.643763176596334,0
4.769830429438851,5.65078351295363,0
4.7708484361209536,5.654917384470622,0
4.770652306622349,5.6559081524126995,0
4.770652306622349,5.6559081524126995,0
4.7708484361209536,5.654917384470622,0
4.771749922850926,5.655002867985264,0
4.644200686246993,5.653987365317679,0
4.6453066049687735,5.653085175581449,0
4.6419024534381315,5.651754585498434,0
4.641204557231067,5.650681115081774,0
4.640710924722033,5.648619908684015,0
4.643126689276066,5.645827667769986,0
4.642718610663422,5.647803307012804,0
4.642718610663422,5.647803307012804,0
4.642922649969741,5.646815487391397,0
4.643212411466234,5.649864576140793,0
4.643706436660757,5.651925928909083,0
4.644608428272075,5.652011600614408,0
4.642600461841049,5.652828097735242,0
4.641612748039567,5.64870551765911,0
4.640013309004601,5.647546542817736,0
4.640710924722033,5.648619908684015,0
4.640013309004601,5.647546542817736,0
4.639315805483022,5.646473218771604,0
4.639315805483022,5.646473218771604,0
4.639315805483022,5.646473218771604,0
4.639809101404499,5.648534299708917,0
4.640013309004601,5.647546542817736,0
4.640217516604704,5.646558785926551,0
4.639027053749221,5.643424506403569,0
4.64074565136924,5.6395590669038675,0
4.640457292320924,5.636510500906361,0
4.641562706161363,5.635608122979445,0
4.639760518072396,5.635437448691217,0
4.639760518072396,5.635437448691217,0
4.641562706161363,5.635608122979445,0
4.640373645754053,5.632474366208356,0
4.638776282342391,5.631316165039777,0
4.6369745430368425,5.631145658032157,0
4.638079956877284,5.6302432801052404,0
4.6369745430368425,5.631145658032157,0
4.636769942751254,5.632133268552806,0
4.635869017000555,5.632047994138915,0
4.637670868501949,5.632218542966694,0
4.638980770432131,5.6303285126989735,0
4.635869017000555,5.632047994138915,0
4.6369745430368425,5.631145658032157,0
4.636278329767592,5.630072814917767,0
4.636482986151112,5.62908522530719,0
4.636769942751254,5.632133268552806,0
4.635869017000555,5.632047994138915,0
4.637179143322438,5.630158047511504,0
4.637875412689613,5.631230911535969,0
4.637179143322438,5.630158047511504,0
4.636073673384072,5.631060404528341,0
4.6369745430368425,5.631145658032157,0
4.633657628340401,5.6338525408919935,0
4.628537291400605,5.636388289441932,0
4.628823518727685,5.639436060856564,0
4.632019479705406,5.641752923215385,0
4.632019479705406,5.641752923215385,0
4.632224248284782,5.640765375424962,0
4.632224248284782,5.640765375424962,0
4.632224248284782,5.640765375424962,0
4.632224248284782,5.640765375424962,0
4.632920966435378,5.641838406730031,0
4.631527642330038,5.639692385940041,0
4.631527642330038,5.639692385940041,0
4.631527642330038,5.639692385940041,0
4.632429016864151,5.639777827634536,0
4.632633785443531,5.6387902798441125,0
4.631527642330038,5.639692385940041,0
4.631527642330038,5.639692385940041,0
4.632019479705406,5.641752923215385,0
4.633125678916823,5.640850838029529,0
4.6317324670073425,5.638704859059693,0
4.631527642330038,5.639692385940041,0
4.631527642330038,5.639692385940041,0
4.6342317659323875,5.639948711023521,0
4.6349285401809155,5.641021763238665,0
4.632920966435378,5.641838406730031,0
4.6333303913982675,5.63986326932903,0
4.632920966435378,5.641838406730031,0
4.632511541472482,5.6438135441310315,0
4.631609942546657,5.643728018796235,0
4.633822453165351,5.641923890244673,0
4.633822453165351,5.641923890244673,0
4.634027109548871,5.640936300634095,0
4.6317324670073425,5.638704859059693,0
4.630626267795918,5.63960694424555,0
4.629724893261802,5.639521502551055,0
4.629519956388648,5.6405089876112555,0
4.629724893261802,5.639521502551055,0
4.629724893261802,5.639521502551055,0
4.628823518727685,5.639436060856564,0
4.630626267795918,5.63960694424555,0
4.630831148571147,5.638619438275278,0
4.632429016864151,5.639777827634536,0
4.631527642330038,5.639692385940041,0
4.630831148571147,5.638619438275278,0
4.629929830134962,5.638534017490862,0
4.630831148571147,5.638619438275278,0
4.630831148571147,5.638619438275278,0
4.629724893261802,5.639521502551055,0
4.630831148571147,5.638619438275278,0
4.629519956388648,5.6405089876112555,0
4.751181976135165,5.592523296092342,0
4.751181976135165,5.592523296092342,0
4.754272187962748,5.590795785183339,0
4.75506388649184,5.586835389904717,0
4.755261811124111,5.585845291085061,0
4.754166102225049,5.5867512864550655,0
4.755261811124111,5.585845291085061,0
4.754364082955249,5.585761208545485,0
4.755459735756382,5.584855192265408,0
4.75506388649184,5.586835389904717,0
4.756159539292966,5.585929373624634,0
4.756159539292966,5.585929373624634,0
4.75506388649184,5.586835389904717,0
4.755261811124111,5.585845291085061,0
4.75795499563068,5.586097538703783,0
4.759050424040105,5.585191438783401,0
4.758852723799539,5.586181621243359,0
4.755961670758619,5.586919493354369,0
4.755961670758619,5.586919493354369,0
4.758852723799539,5.586181621243359,0
4.758852723799539,5.586181621243359,0
4.758655023558976,5.587171803703317,0
4.756661642588988,5.587993737443824,0
4.756859455025403,5.5870035968040135,0
4.759750451968394,5.5862657037829315,0
4.760648180137252,5.586349786322508,0
4.757757239292186,5.587087700253665,0
4.756661642588988,5.587993737443824,0
4.757559482953699,5.588077861803548,0
4.756661642588988,5.587993737443824,0
4.756859455025403,5.5870035968040135,0
4.755763802224273,5.587909613084097,0
4.756859455025403,5.5870035968040135,0
4.755961670758619,5.586919493354369,0
4.755961670758619,5.586919493354369,0
4.757057267461821,5.58601345616421,0
4.755961670758619,5.586919493354369,0
4.755961670758619,5.586919493354369,0
4.75506388649184,5.586835389904717,0
4.755961670758619,5.586919493354369,0
4.75795499563068,5.586097538703783,0
4.757057267461821,5.58601345616421,0
4.756357407827306,5.584939253894902,0
4.756357407827306,5.584939253894902,0
4.754364082955249,5.585761208545485,0
4.754364082955249,5.585761208545485,0
4.754364082955249,5.585761208545485,0
4.754364082955249,5.585761208545485,0
4.755261811124111,5.585845291085061,0
4.755459735756382,5.584855192265408,0
4.752568626617535,5.585593043466336,0
4.753268317958266,5.586667183005414,0
4.752370533691483,5.586583079555766,0
4.753268317958266,5.586667183005414,0
4.753268317958266,5.586667183005414,0
4.753466354786394,5.585677126005912,0
4.753268317958266,5.586667183005414,0
4.754166102225049,5.5867512864550655,0
4.756159539292966,5.585929373624634,0
4.756357407827306,5.584939253894902,0
4.756859455025403,5.5870035968040135,0
4.757559482953699,5.588077861803548,0
4.755763802224273,5.587909613084097,0
4.756859455025403,5.5870035968040135,0
4.758457323318414,5.588161986163275,0
4.756859455025403,5.5870035968040135,0
4.756859455025403,5.5870035968040135,0
4.757757239292186,5.587087700253665,0
4.756859455025403,5.5870035968040135,0
4.757057267461821,5.58601345616421,0
4.754865961859569,5.58782548872437,0
4.757163970276718,5.590058184903313,0
4.757073421634466,5.595093263382985,0
4.752688790904571,5.598716575740589,0
4.747298046253114,5.598210449517239,0
4.747403683207391,5.6022547809649055,0
4.747403683207391,5.6022547809649055,0
4.747601888329303,5.601264786695626,0
4.746505001373777,5.602170342954047,0
4.746505001373777,5.602170342954047,0
4.745606319540158,5.602085904943184,0
4.7440073853865385,5.600927118292489,0
4.743108759650848,5.600842701191702,0
4.743412096845692,5.603896850179414,0
4.743108759650848,5.600842701191702,0
4.7451043845379175,5.600021603854223,0
4.744205814900155,5.599937207663512,0
4.744906011122225,5.601011535393273,0
4.7451043845379175,5.600021603854223,0
4.744205814900155,5.599937207663512,0
4.743108759650848,5.600842701191702,0
4.743108759650848,5.600842701191702,0
4.743108759650848,5.600842701191702,0
4.7440073853865385,5.600927118292489,0
4.7440073853865385,5.600927118292489,0
4.743307245262393,5.599852811472804,0
4.7451043845379175,5.600021603854223,0
4.7451043845379175,5.600021603854223,0
4.7447076377065365,5.602001466932322,0
4.743808955872922,5.601917028921463,0
4.75396812149485,5.587741364364646,0
4.754166102225049,5.5867512864550655,0
4.75506388649184,5.586835389904717,0
4.754166102225049,5.5867512864550655,0
4.753268317958266,5.586667183005414,0
4.752766719543587,5.584603007376909,0
4.753466354786394,5.585677126005912,0
4.753664391614517,5.5846870690064065,0
4.7549580251458465,5.582790974816746,0
4.756449358917742,5.579904698167127,0
4.7553539866062415,5.580810818997584,0
4.755156005876046,5.581800896907161,0
4.754654575755151,5.579736784008883,0
4.755156005876046,5.581800896907161,0
4.755749948066644,5.578830663178422,0
4.754852612583278,5.578746727009381,0
4.754852612583278,5.578746727009381,0
4.7528597925925595,5.579568869850643,0
4.754852612583278,5.578746727009381,0
4.75266164356858,5.580558885029994,0
4.753559091247801,5.580642863019193,0
4.7530579416165395,5.578578854671289,0
4.752160606133174,5.578494918502244,0
4.751263270649805,5.5784109823331995,0
4.7532560906405195,5.577588839491934,0
4.7532560906405195,5.577588839491934,0
4.751659793089473,5.576431035614796,0
4.751461531869637,5.5774210089739995,0
4.752358811255078,5.577504924232969,0
4.754351462952016,5.576682718661477,0
4.752358811255078,5.577504924232969,0
4.751461531869637,5.5774210089739995,0
4.757636906711372,5.573964105249189,0
4.761422826926868,5.5733092492639,0
4.761818227407996,5.5713288843439805,0
4.762319825822672,5.573393059972492,0
4.76052582803106,5.573225438555308,0
4.7587318302394515,5.573057817138128,0
4.760921340708041,5.57124511545554,0
4.76052582803106,5.573225438555308,0
4.76052582803106,5.573225438555308,0
4.761422826926868,5.5733092492639,0
4.762319825822672,5.573393059972492,0
4.768993321007606,5.571999035451494,0
4.770589955146217,5.573156964789089,0
4.768993321007606,5.571999035451494,0
4.770787094407513,5.57216657322838,0
4.769890207707558,5.572082804339935,0
4.770087403066775,5.571092433689294,0
4.770984233668802,5.57117618166766,0
4.7737630302000476,5.566391510720056,0
4.773851895904489,5.561355804938117,0
4.776432319020039,5.5575610655295655,0
4.77732836425109,5.557644520766864,0
4.779317257386914,5.556820914220307,0
4.7800164999442245,5.557894886478781,0
4.77912045471318,5.5578114312414755,0
4.778224409482135,5.55772797600417,0
4.77912045471318,5.5578114312414755,0
4.778421268253794,5.556737479893076,0
4.778224409482135,5.55772797600417,0
4.778027550710476,5.558718472115263,0
4.77912045471318,5.5578114312414755,0
4.77912045471318,5.5578114312414755,0
4.77912045471318,5.5578114312414755,0
4.778224409482135,5.55772797600417,0
4.77912045471318,5.5578114312414755,0
4.779819753368422,5.558885424410025,0
4.779819753368422,5.558885424410025,0
4.77912045471318,5.5578114312414755,0
4.77912045471318,5.5578114312414755,0
4.778224409482135,5.55772797600417,0
4.780213246520031,5.556904348547537,0
4.778224409482135,5.55772797600417,0
4.778923652039449,5.558801948262644,0
4.776629289987554,5.5565706112386195,0
4.776432319020039,5.5575610655295655,0
4.778224409482135,5.55772797600417,0
4.78051916421952,5.559959459398726,0
4.779426260216816,5.560866500272514,0
4.778224409482135,5.55772797600417,0
4.77912045471318,5.5578114312414755,0
4.7800164999442245,5.557894886478781,0
4.778027550710476,5.558718472115263,0
4.77912045471318,5.5578114312414755,0
4.779317257386914,5.556820914220307,0
4.779317257386914,5.556820914220307,0
4.779317257386914,5.556820914220307,0
4.779317257386914,5.556820914220307,0
4.77912045471318,5.5578114312414755,0
4.77912045471318,5.5578114312414755,0
4.77912045471318,5.5578114312414755,0
4.77912045471318,5.5578114312414755,0
4.77912045471318,5.5578114312414755,0
4.778923652039449,5.558801948262644,0
4.778224409482135,5.55772797600417,0
4.77912045471318,5.5578114312414755,0
4.776432319020039,5.5575610655295655,0
4.776629289987554,5.5565706112386195,0
4.778421268253794,5.556737479893076,0
4.772239892964219,5.551118361122807,0
4.773135601607699,5.551201690899656,0
4.773135601607699,5.551201690899656,0
4.773135601607699,5.551201690899656,0
4.773834114891962,5.5522753913271465,0
4.772741098693409,5.553182390380783,0
4.772741098693409,5.553182390380783,0
4.772938350150554,5.552192040640218,0
4.772938350150554,5.552192040640218,0
4.772938350150554,5.552192040640218,0
4.772741098693409,5.553182390380783,0
4.772938350150554,5.552192040640218,0
4.772938350150554,5.552192040640218,0
4.772938350150554,5.552192040640218,0
4.773135601607699,5.551201690899656,0
4.772042585409146,5.552108689953293,0
4.772741098693409,5.553182390380783,0
4.772938350150554,5.552192040640218,0
4.775034394884685,5.555413330113371,0
4.775733300854437,5.556487176911389,0
4.775930327919877,5.555496743530526,0
4.776826260955065,5.555580156947677,0
4.777525279120674,5.556654045565846,0
4.778726849365718,5.559792465283813,0
4.777436974395506,5.561689960448547,0
4.780322473741641,5.560950018240046,0
4.778530046691987,5.560782982304982,0
4.778027550710476,5.558718472115263,0
4.776432319020039,5.5575610655295655,0
4.775733300854437,5.556487176911389,0
4.777131449381503,5.558634995967886,0
4.778530046691987,5.560782982304982,0
4.776432319020039,5.5575610655295655,0
4.777525279120674,5.556654045565846,0
4.77732836425109,5.557644520766864,0
4.777131449381503,5.558634995967886,0
4.776432319020039,5.5575610655295655,0
4.776432319020039,5.5575610655295655,0
4.77732836425109,5.557644520766864,0
4.77732836425109,5.557644520766864,0
4.776629289987554,5.5565706112386195,0
4.7748373117213205,5.556403742584163,0
4.7748373117213205,5.556403742584163,0
4.774640228557953,5.557394155054951,0
4.776432319020039,5.5575610655295655,0
4.776934534511923,5.5596254711689035,0
4.776235348052527,5.558551519820504,0
4.776235348052527,5.558551519820504,0
4.775339246723558,5.558468043673123,0
4.778027550710476,5.558718472115263,0
4.777131449381503,5.558634995967886,0
4.777830691938821,5.55970896822636,0
4.776235348052527,5.558551519820504,0
4.778027550710476,5.558718472115263,0
4.777131449381503,5.558634995967886,0
4.776432319020039,5.5575610655295655,0
4.7748373117213205,5.556403742584163,0
4.774640228557953,5.557394155054951,0
4.776235348052527,5.558551519820504,0
4.776235348052527,5.558551519820504,0
4.774748165527242,5.561439343815724,0
4.7748373117213205,5.556403742584163,0
4.776629289987554,5.5565706112386195,0
4.774138461849496,5.55532991669622,0
4.772741098693409,5.553182390380783,0
4.774729879633373,5.552358742014071,0
4.774031310251178,5.551285020676506,0
4.774532740372081,5.5533491335747875,0
4.776718436181632,5.551535010007058,0
4.776521409116196,5.552525443387921,0
4.774927018894665,5.551368350453355,0
4.774031310251178,5.551285020676506,0
4.775124158155961,5.550377958892643,0
4.777614144825112,5.551618339783911,0
4.775124158155961,5.550377958892643,0
4.77532129741725,5.549387567331927,0
4.773834114891962,5.5522753913271465,0
4.774228505610399,5.550294650025865,0
4.775124158155961,5.550377958892643,0
4.774228505610399,5.550294650025865,0
4.7735301045219956,5.549220991418526,0
4.7735301045219956,5.549220991418526,0
4.7735301045219956,5.549220991418526,0
4.774425700969619,5.5493042793752245,0
4.774425700969619,5.5493042793752245,0
4.776216893864881,5.549470855288625,0
4.773727355979144,5.548230641677964,0
4.774228505610399,5.550294650025865,0
4.774425700969619,5.5493042793752245,0
4.771541547973733,5.550044723425543,0
4.7735301045219956,5.549220991418526,0
4.775518436678546,5.548397175771214,0
4.775625644374784,5.552442092700996,0
4.776324382050753,5.553515876768788,0
4.778116023729432,5.553682619962796,0
4.778116023729432,5.553682619962796,0
4.7800164999442245,5.557894886478781,0
4.779514060060642,5.555830397199138,0
4.7788149857971085,5.55475648767089,0
4.7752314780480525,5.5544229176425794,0
4.785542258306002,5.443433204031972,0
4.786629664711853,5.442524113970766,0
4.786629664711853,5.442524113970766,0
4.785740070742424,5.442443063392169,0
4.7867284577190325,5.446565894389206,0
4.783960882803562,5.442280962234964,0
4.787716958921852,5.4416149820894155,0
4.786827421050344,5.441533952420883,0
4.786629664711853,5.442524113970766,0
4.785740070742424,5.442443063392169,0
4.78415880743583,5.441290863415308,0
4.785937883178839,5.441452922752358,0
4.78415880743583,5.441290863415308,0
4.786827421050344,5.441533952420883,0
4.787123858200161,5.44458552946929,0
4.786135695615258,5.440462782112551,0
4.785048345307331,5.441371893083833,0
4.787321558440727,5.443595347009328,0
4.786135695615258,5.440462782112551,0
4.787123858200161,5.44458552946929,0
4.785048345307331,5.441371893083833,0
4.783960882803562,5.442280962234964,0
4.783467250294521,5.440219755837198,0
4.783269269564322,5.441209833746779,0
4.78415880743583,5.441290863415308,0
4.786234152034869,5.444504437070535,0
4.786431908373363,5.443514275520652,0
4.786431908373363,5.443514275520652,0
4.787519258681289,5.442605164549374,0
4.787420690065815,5.438563467771235,0
4.787420690065815,5.438563467771235,0
4.787420690065815,5.438563467771235,0
4.786531320488095,5.4384825008329365,0
4.787420690065815,5.438563467771235,0
4.788310059643546,5.438644434709538,0
4.785246213841681,5.440381773354101,0
4.78366523102472,5.439229677927617,0
4.784554656700372,5.439310665775995,0
4.78366523102472,5.439229677927617,0
4.785444082376021,5.439391653624369,0
4.784554656700372,5.439310665775995,0
4.78366523102472,5.439229677927617,0
4.785444082376021,5.439391653624369,0
4.78366523102472,5.439229677927617,0
4.784356732068105,5.440300764595651,0
4.78366523102472,5.439229677927617,0
4.783467250294521,5.440219755837198,0
4.78366523102472,5.439229677927617,0
4.785444082376021,5.439391653624369,0
4.78415880743583,5.441290863415308,0
4.785246213841681,5.440381773354101,0
4.784356732068105,5.440300764595651,0
4.786827421050344,5.441533952420883,0
4.784356732068105,5.440300764595651,0
4.784356732068105,5.440300764595651,0
4.78415880743583,5.441290863415308,0
4.784356732068105,5.440300764595651,0
4.785444082376021,5.439391653624369,0
4.787519258681289,5.442605164549374,0
4.787321558440727,5.443595347009328,0
4.786135695615258,5.440462782112551,0
4.787618276080174,5.446647028608112,0
4.786234152034869,5.444504437070535,0
4.786234152034869,5.444504437070535,0
4.789002848908893,5.448789787426296,0
4.785640883019401,5.4474749217201826,0
4.787420631937536,5.447637231978149,0
4.788112918351892,5.448708611387236,0
4.789002848908893,5.448789787426296,0
4.787222987794898,5.448627435348179,0
4.785937656756779,5.450526624229042,0
4.785146633433165,5.445413485311587,0
4.785146633433165,5.445413485311587,0
4.78653075747847,5.4475560768491675,0
4.786333057237904,5.448546259309126,0
4.787222987794898,5.448627435348179,0
4.786135356997342,5.449536441769087,0
4.78702534365226,5.449617638718216,0
4.785838639357891,5.4464847601703,0
4.787717742262473,5.450689059947457,0
4.787322566173053,5.452669508507675,0
4.786333057237904,5.448546259309126,0
4.783663265566915,5.448302731191955,0
4.78643241122435,5.452588248828313,0
4.783663265566915,5.448302731191955,0
4.786630055366992,5.451598045458283,0
4.785937656756779,5.450526624229042,0
4.786135356997342,5.449536441769087,0
4.785937656756779,5.450526624229042,0
4.786135356997342,5.449536441769087,0
4.786135356997342,5.449536441769087,0
4.785640883019401,5.4474749217201826,0
4.787915330307186,5.449698835667348,0
4.786827699509622,5.4506078420882496,0
4.786827699509622,5.4506078420882496,0
4.787520154217766,5.451679284227566,0
4.787915330307186,5.449698835667348,0
4.785838639357891,5.4464847601703,0
4.786333057237904,5.448546259309126,0
4.784059002635608,5.446322491732495,0
4.864517613852442,5.372913596492136,0
4.864517613852442,5.372913596492136,0
4.865319968957319,5.378030959244878,0
4.8665927901577035,5.37612710741714,0
4.866288274906395,5.373072519317844,0
4.8624434473098646,5.369700461948497,0
4.862722271740939,5.36367168811616,0
4.859075256580823,5.359309490107005,0
4.862699610208754,5.3545894553286,0
4.862893720181983,5.353597934623803,0
4.864360146474262,5.350702373900582,0
4.866904105937223,5.346894042942846,0
4.869145176988759,5.340031730278,0
4.870416315251333,5.338127251147995,0
4.86933906257028,5.339040125932893,0
4.872462322664873,5.3322561037166665,0
4.874809367258251,5.329438247959946,0
4.879501436919632,5.323801783683777,0
4.882922087828799,5.320069693987239,0
4.886341392387717,5.316337102448884,0
4.888877498140893,5.312525844080547,0
4.8924871541119295,5.307800330862317,0
4.8959024757180245,5.304066254708587,0
4.898435327791432,5.300253783555867,0
4.902729079879478,5.2965965968756805,0
4.907021036833854,5.292938741073073,0
4.909854982185017,5.292179582505032,0
4.911694930766863,5.287295501932384,0
4.911886796823012,5.286303144824558,0
4.9108941464039475,5.282178724661769,0
4.911470081159958,5.27920177879874,0
4.915869526300206,5.2795889444762985,0
4.91724613322328,5.2817287340637336,0
4.917054547656768,5.28272119572194,0
4.919311885076798,5.284938732096023,0
4.9192352487204545,5.28997899627446,0
4.9219177725905325,5.299301056095786,0
4.919426609895265,5.288986450975951,0
4.919617971070068,5.2879939056774425,0
4.9219523936298515,5.285171345153692,0
4.926162272728966,5.286551725252181,0
4.926006374062386,5.273414873259728,0
4.927076951090122,5.272499510175823,0
4.930901751726683,5.275864102648153,0
4.933233032802555,5.273040371160171,0
4.93900852388661,5.275567117324407,0
4.9445956830839215,5.279087537931243,0
4.950374708337382,5.281615601430246,0
4.954584643534421,5.282996002438811,0
4.956032052629418,5.280093353199941,0
4.962251522969083,5.289731627686773,0
4.964515199454873,5.291951526899407,0
4.966275875077809,5.2921067277316425,0
4.966337757679334,5.287060964203306,0
4.968662867983223,5.284234932606996,0
4.966965701801698,5.279034574638619,0
4.967594590970506,5.285151153004005,0
4.970865671630179,5.291500971729327,0
4.974327945170877,5.296858182425918,0
4.976781973068789,5.298085159958681,0
4.980117011953286,5.2993899888284695,0
4.984014129405807,5.297712707046532,0
4.987723363755002,5.297029266987806,0
4.987349392682013,5.299017619556629,0
4.986788436072533,5.30200014840986,0
4.986788436072533,5.30200014840986,0
4.986601450536035,5.3029943246942715,0
4.985853508390061,5.306971029831917,0
4.985479537317076,5.30895938240074,0
4.985479537317076,5.30895938240074,0
4.986360716597442,5.3090372964679915,0
4.985479537317076,5.30895938240074,0
4.986040493926556,5.305976853547509,0
4.986601450536035,5.3029943246942715,0
4.986975421609024,5.3010059721254486,0
4.986975421609024,5.3010059721254486,0
4.987162407145519,5.300011795841037,0
4.9860946911120685,5.300928225338801,0
4.985081845439254,5.296796277548772,0
4.985853508390061,5.306971029831917,0
4.985479537317076,5.30895938240074,0
4.985666522853567,5.307965206116329,0
4.985666522853567,5.307965206116329,0
4.9853465245743855,5.304904846836145,0
4.985853508390061,5.306971029831917,0
4.986040493926556,5.305976853547509,0
4.987989389240376,5.30513833811699,0
4.992259804590763,5.301472452845328,0
4.99722256245343,5.298877967892828,0
5.000795249890533,5.294138674934736,0
5.005060279839917,5.290470782295806,0
5.009646261733245,5.289863604408346,0
5.01404626785277,5.290250979186663,0
5.0197422141066,5.283674289746617,0
5.0211770572659375,5.280766956650801,0
5.025109747392186,5.274034104515039,0
5.026543356397124,5.271126311397559,0
5.026219206871339,5.268064404771774,0
5.023444900204616,5.263776963408446,0
5.023815168814416,5.26178723077463,0
4.979654384361272,5.325625570620115,0
4.981472005968147,5.320733167837357,0
4.981338768833751,5.31667854863246,0
4.982087384154852,5.3127020944157195,0
4.982087384154852,5.3127020944157195,0
4.981900230324573,5.313696207969908,0
4.982142030123786,5.307653633487622,0
4.983078079764795,5.302683170267077,0
4.983508099254891,5.2956468795220495,0
4.98639192225118,5.289837482669483,0
4.988339190725121,5.288998360846772,0
4.989593219119939,5.287087504143692,0
4.992100602734457,5.283265539816611,0
4.994046805347779,5.2824260207024665,0
4.996046700265268,5.276537685188938,0
4.994474861410428,5.275388998104788,0
4.994848495895852,5.2734005200755085,0
4.996661461374778,5.268506381756474,0
4.997408505953924,5.264529342057617,0
4.996903485565696,5.262463890914486,0
4.996211816228531,5.261392741516232,0
4.995520259087225,5.260321633938126,0
4.993576356488912,5.261162010365368,0
4.992755152480537,5.256037621827211,0
4.991689736462099,5.256954908638079,0
4.993129460141088,5.2540493947188445,0
4.9933746258159175,5.248008074841099,0
4.993749045672324,5.246019889552883,0
4.992871400561359,5.2459432928203995,0
4.9926841345352315,5.246937364554434,0
4.994252383122738,5.248084713393737,0
4.994252383122738,5.248084713393737,0
4.995820856101965,5.249232145873343,0
4.995130140429559,5.248161351946372,0
4.995130140429559,5.248161351946372,0
4.994252383122738,5.248084713393737,0
4.996194939370806,5.247243835124671,0
4.995130140429559,5.248161351946372,0
4.997072640579702,5.247320452767237,0
4.99864116965685,5.248467906156918,0
4.99951892696367,5.248544544709553,0
4.99933210972096,5.249538783724191,0
4.99933210972096,5.249538783724191,0
5.00002316198092,5.250609703111618,0
4.999705744206384,5.247550305694915,0
5.0001361563819735,5.240514161320416,0
4.9984394389838585,5.235313970632642,0
4.999690438090614,5.233401984785477,0
4.9988135222527,5.23332565988397,0
5.000438380236595,5.2294252796478276,0
5.000496896962488,5.22437826151495,0
4.997051452799909,5.219027323841061,0
4.997051452799909,5.219027323841061,0
4.9960489291456796,5.214899223504954,0
4.993796416147376,5.212683485397381,0
4.991044548651477,5.208404408064322,0
4.991795856673079,5.204428957531221,0
4.992734991700079,5.199459644364836,0
4.992235693300408,5.197396326049429,0
4.989112098648608,5.195106437688221,0
4.987052405371212,5.191898697944108,0
4.983056158323951,5.189534073847149,0
4.981118370399688,5.190376729472646,0
4.98005503000455,5.191294789956313,0
4.98005503000455,5.191294789956313,0
4.980741033451078,5.192363827436928,0
4.978305686162887,5.191143812959364,0
4.976556342321217,5.190992835962415,0
4.976815700771592,5.184956806333819,0
4.973129129984937,5.185648694063119,0
4.971001663823678,5.187484522289395,0
4.969063202724289,5.188326926993984,0
4.963815844374416,5.187874246924043,0
4.963815844374416,5.187874246924043,0
4.962941284649435,5.187798800245723,0
4.961876822295757,5.188716442527873,0
4.959062903904552,5.189483065992928,0
4.954879895712509,5.188112701820682,0
4.955260598536743,5.186126858460941,0
4.954082982106556,5.182997367345287,0
4.952143735636188,5.183839479308816,0
4.951459976106744,5.182771278231229,0
4.950776328773152,5.18170311897379,0
4.950585640773475,5.182695915193207,0
4.947580922186738,5.184455293057525,0
4.9467064746576135,5.184379888199352,0
4.943590958107308,5.182093010889041,0
4.93941069871369,5.18072367131051,0
4.937171032140682,5.178512721610261,0
4.937171032140682,5.178512721610261,0
4.936105223436751,5.179429862050597,0
4.936105223436751,5.179429862050597,0
4.936296865101191,5.1784374213024655,0
4.934057983899169,5.17622676434328,0
4.928131802637434,5.17470772328241,0
4.926768434825149,5.172572868472834,0
4.924916707708974,5.168378772812602,0
4.92229572123453,5.168153436461267,0
4.916180086127511,5.167627651641482,0
4.9121984245412875,5.165268464164193,0
4.784774093731549,5.0326370462769745,0
4.7797769432819734,5.031213755577905,0
4.7769210590837154,5.027959780531177,0
4.773862650223162,5.025694189677893,0
4.770601043525193,5.024416732097155,0
4.766677948174831,5.022079374738873,0
4.761433221869911,5.017622719667308,0
4.757923253945631,5.0133116049730155,0
4.753799541262492,5.011963342750757,0
4.749470779510347,5.011602523768541,0
4.745347908296111,5.010254575197418,0
4.744234523992418,5.007149026118405,0
4.742462624226455,5.0029846854958535,0
4.740692070810745,4.99882084671512,0
4.738716356130169,4.995644409354277,0
4.736741651212281,4.9924683483748,0
4.735425742246292,4.9903511834892385,0
4.7334895811619155,4.9911944455069275,0
4.730237959894968,4.989920709919659,0
4.725223134040753,4.984485874771572,0
4.7201800302736885,4.975035543170161,0
4.715770249442013,4.962629656713133,0
4.713806483619901,4.959457673198415,0
4.712887485221465,4.951355750189794,0
4.708548509088978,4.946986167798624,0
4.706145750138795,4.94177334429984,0
4.70418804289281,4.938603619073287,0
4.701579337306782,4.934377904253342,0
4.698972426854429,4.9301528585558145,0
4.696808324189185,4.927970074727494,0
4.69313285623447,4.924661144876595,0
4.689248412355855,4.922338194560449,0
4.684504162507075,4.919945296915881,0
4.681060450792266,4.919663834796136,0
4.6791118314104665,4.916497497001846,0
4.6782510717755486,4.916427194202139,0
4.678236313463117,4.912416737077056,0
4.6758663763578845,4.911221103747721,0
4.676289713606689,4.909251152045485,0
4.677361693082599,4.908336311713477,0
4.6754293466572605,4.90918099561631,0
4.677798891077,4.9103764825751135,0
4.67865931412436,4.910446659914367,0
4.678010447505553,4.909391464903841,0
4.679308292939027,4.911501896745044,0
4.678885404473636,4.91347201572788,0
4.6771788118100055,4.91734192998377,0
4.677616739077461,4.919382372676395,0
4.6771938506120705,4.921352491659235,0
4.678493266787502,4.92346350898255,0
4.680654396262611,4.925645184576858,0
4.681499051234848,4.92170452840967,0
4.6836601807099605,4.923886204003978,0
4.684521333030371,4.923956653174216,0
4.687315561049175,4.923182690272601,0
4.685593368604206,4.923041833752279,0
4.687526332106742,4.922197379860275,0
4.6890195171102285,4.919311793243153,0
4.690512365526153,4.916426081165579,0
4.689651661989156,4.916355799275948,0
4.690933683249586,4.914455376700623,0
4.690073091908445,4.9143851366311395,0
4.690283806868088,4.913399805308735,0
4.6894060450036505,4.909318208980917,0
4.6881073020033455,4.907207442578503,0
4.685088834866868,4.904956739699106,0
4.6833539036348455,4.900806178816424,0
4.680112655926788,4.895531353817972,0
4.678169253652204,4.892366960660716,0
4.673649126167643,4.888993729201829,0
4.664631319484563,4.890265545864683,0
4.657963021146038,4.884715469038966,0
4.649585998422662,4.883034511886265,0
4.642285447566966,4.88444534498279,0
4.635412385206685,4.883887773722677,0
4.630902523642767,4.880518368807632,0
4.624249259548698,4.874973895882196,0
4.617817032432853,4.868447939088274,0
4.611599563885015,4.8649431142725845,0
4.607525385671476,4.8636133156471395,0
4.602593701502787,4.862214427006375,0
4.603461917604392,4.858282553070964,0
4.6021698548150205,4.860179232742745,0
4.604536758074584,4.857368779152811,0
4.605404749784483,4.853436821577098,0
4.605187751857006,4.854419810971027,0
4.607336759622257,4.852592012213805,0
4.608204302548742,4.848659887357492,0
4.606706737349331,4.8475388852135275,0
4.604775176294972,4.848383861857421,0
4.603060613168086,4.848245849107389,0
4.602203331604645,4.848176842732375,0
4.600066380336099,4.846004179380671,0
4.60048876847776,4.848038829982343,0
4.598134482694178,4.846849030564119,0
4.59707304507095,4.843762844215174,0
4.5960122806228405,4.840676908787138,0
4.594734293855549,4.838573879112733,0
4.594313420357921,4.836539793083109,0
4.592600091385432,4.836402240354744,0
4.583294850566542,4.858655572232394,0
4.583731539121992,4.856690597128171,0
4.583949883399718,4.85570810957606,0
4.584371093484911,4.857742321066134,0
4.583731539121992,4.856690597128171,0
4.58458938166471,4.856759812603947,0
4.585025958024303,4.85479479567957,0
4.584371093484911,4.857742321066134,0
4.585447224207421,4.856829028079719,0
4.583949883399718,4.85570810957606,0
4.585244246204102,4.85381228721738,0
4.586756616698647,4.85093385184614,0
4.586320152534903,4.8528989105906675,0
4.584823260510618,4.851778159367612,0
4.584823260510618,4.851778159367612,0
4.583326592878045,4.850657491784858,0
4.582687599494395,4.849605976947654,0
4.584184098833191,4.850726581800178,0
4.584386571955168,4.853743134471834,0
4.583965698457536,4.851709048442217,0
4.584823260510618,4.851778159367612,0
4.584604916232891,4.852760646919723,0
4.584823260510618,4.851778159367612,0
4.585462534383897,4.852829778755197,0
4.585025958024303,4.85479479567957,0
4.586101920453036,4.8538814399629295,0
4.586101920453036,4.8538814399629295,0
4.585883688371162,4.854863969335192,0
4.585447224207421,4.856829028079719,0
4.58608689076619,4.857880793837833,0
4.585228992125554,4.857811557451981,0
4.585010760043684,4.858794086824247,0
4.584792527961813,4.859776616196509,0
4.586290429748782,4.860897743800926,0
4.586290429748782,4.860897743800926,0
4.586290429748782,4.860897743800926,0
4.5860723098627645,4.861880314993343,0
4.5869304328951195,4.861949635019496,0
4.5860723098627645,4.861880314993343,0
4.5865085496348,4.859915172608513,0
4.585650538798305,4.859845894402508,0
4.5860723098627645,4.861880314993343,0
4.586290429748782,4.860897743800926,0
4.5869304328951195,4.861949635019496,0
4.5869304328951195,4.861949635019496,0
4.5869304328951195,4.861949635019496,0
4.5869304328951195,4.861949635019496,0
4.586726669520814,4.858932601416097,0
4.587366560471295,4.859984450814512,0
4.585868714782247,4.85886334412017,0
4.587366560471295,4.859984450814512,0
4.5865085496348,4.859915172608513,0
4.5865085496348,4.859915172608513,0
4.586290429748782,4.860897743800926,0
4.587802688047471,4.858019266609531,0
4.586290429748782,4.860897743800926,0
4.58585418997675,4.862862886185756,0
4.584777834862528,4.863776095531865,0
4.586494305318936,4.863914819224476,0
4.586494305318936,4.863914819224476,0
4.586494305318936,4.863914819224476,0
4.584574295879943,4.860759145568775,0
4.585868714782247,4.85886334412017,0
4.585214186830417,4.861810994967186,0
4.584777834862528,4.863776095531865,0
4.585636070090729,4.863845457378172,0
4.5854179502047145,4.864828028570585,0
4.5854179502047145,4.864828028570585,0
4.584356063798072,4.861741674941037,0
4.585650538798305,4.859845894402508,0
4.585447224207421,4.856829028079719,0
4.585868714782247,4.85886334412017,0
4.583497940765724,4.861672354914887,0
4.584356063798072,4.861741674941037,0
4.584137831716202,4.862724204313302,0
4.583497940765724,4.861672354914887,0
4.583279652585926,4.862654863377074,0
4.584137831716202,4.862724204313302,0
4.5845596588785895,4.864758645814206,0
4.584341482894644,4.865741196096543,0
4.583701367552461,4.86468926305783,0
4.584137831716202,4.862724204313302,0
4.583279652585926,4.862654863377074,0
4.584996010846474,4.862793545249527,0
4.583497940765724,4.861672354914887,0
4.585214186830417,4.861810994967186,0
4.584996010846474,4.862793545249527,0
4.584996010846474,4.862793545249527,0
4.584996010846474,4.862793545249527,0
4.5845596588785895,4.864758645814206,0
4.58585418997675,4.862862886185756,0
4.58585418997675,4.862862886185756,0
4.584356063798072,4.861741674941037,0
4.5860723098627645,4.861880314993343,0
4.586494305318936,4.863914819224476,0
4.585214186830417,4.861810994967186,0
4.585214186830417,4.861810994967186,0
4.586916525166814,4.865949407095908,0
4.586494305318936,4.863914819224476,0
4.5854179502047145,4.864828028570585,0
4.58627624153085,4.8648974113269645,0
4.5845596588785895,4.864758645814206,0
4.585214186830417,4.861810994967186,0
4.585214186830417,4.861810994967186,0
4.5854179502047145,4.864828028570585,0
4.5854179502047145,4.864828028570585,0
4.58627624153085,4.8648974113269645,0
4.58627624153085,4.8648974113269645,0
4.58627624153085,4.8648974113269645,0
4.5854179502047145,4.864828028570585,0
4.5869304328951195,4.861949635019496,0
4.585214186830417,4.861810994967186,0
4.5873525405471405,4.8639841810707765,0
4.58627624153085,4.8648974113269645,0
4.58627624153085,4.8648974113269645,0
4.586712369107026,4.862932227121984,0
4.58585418997675,4.862862886185756,0
4.586726669520814,4.858932601416097,0
4.5860723098627645,4.861880314993343,0
4.58585418997675,4.862862886185756,0
4.5860723098627645,4.861880314993343,0
4.585214186830417,4.861810994967186,0
4.585214186830417,4.861810994967186,0
4.5860723098627645,4.861880314993343,0
4.587366560471295,4.859984450814512,0
4.585214186830417,4.861810994967186,0
4.585432362814359,4.860828444684849,0
4.585432362814359,4.860828444684849,0
4.5860723098627645,4.861880314993343,0
4.585636070090729,4.863845457378172,0
4.58585418997675,4.862862886185756,0
4.586494305318936,4.863914819224476,0
4.586494305318936,4.863914819224476,0
4.5869304328951195,4.861949635019496,0
4.586494305318936,4.863914819224476,0
4.586494305318936,4.863914819224476,0
4.586494305318936,4.863914819224476,0
4.5869304328951195,4.861949635019496,0
4.586494305318936,4.863914819224476,0
4.5869304328951195,4.861949635019496,0
4.586290429748782,4.860897743800926,0
4.5869304328951195,4.861949635019496,0
4.587570548237302,4.863001568058213,0
4.584996010846474,4.862793545249527,0
4.5865085496348,4.859915172608513,0
4.587148496683202,4.860967042917004,0
4.5869304328951195,4.861949635019496,0
4.5869304328951195,4.861949635019496,0
4.587148496683202,4.860967042917004,0
4.585650538798305,4.859845894402508,0
4.585010760043684,4.858794086824247,0
4.584792527961813,4.859776616196509,0
4.5865085496348,4.859915172608513,0
4.585868714782247,4.85886334412017,0
4.584371093484911,4.857742321066134,0
4.584792527961813,4.859776616196509,0
4.585650538798305,4.859845894402508,0
4.5865085496348,4.859915172608513,0
4.58585418997675,4.862862886185756,0
4.5860723098627645,4.861880314993343,0
4.58585418997675,4.862862886185756,0
4.58585418997675,4.862862886185756,0
4.58585418997675,4.862862886185756,0
4.58585418997675,4.862862886185756,0
4.584792527961813,4.859776616196509,0
4.584574295879943,4.860759145568775,0
4.584792527961813,4.859776616196509,0
4.5865085496348,4.859915172608513,0
4.584996010846474,4.862793545249527,0
4.584574295879943,4.860759145568775,0
4.585868714782247,4.85886334412017,0
4.583934517125321,4.8597073379905105,0
4.584792527961813,4.859776616196509,0
4.585432362814359,4.860828444684849,0
4.585010760043684,4.858794086824247,0
4.584574295879943,4.860759145568775,0
4.586290429748782,4.860897743800926,0
4.586290429748782,4.860897743800926,0
4.586290429748782,4.860897743800926,0
4.586290429748782,4.860897743800926,0
4.585010760043684,4.858794086824247,0
4.585650538798305,4.859845894402508,0
4.583716228945519,4.860689846452697,0
4.585868714782247,4.85886334412017,0
4.583934517125321,4.8597073379905105,0
4.584792527961813,4.859776616196509,0
4.583076506288823,4.859638059784508,0
4.583934517125321,4.8597073379905105,0
4.583934517125321,4.8597073379905105,0
4.584574295879943,4.860759145568775,0
4.583934517125321,4.8597073379905105,0
4.583934517125321,4.8597073379905105,0
4.585650538798305,4.859845894402508,0
4.584792527961813,4.859776616196509,0
4.585010760043684,4.858794086824247,0
4.583934517125321,4.8597073379905105,0
4.583934517125321,4.8597073379905105,0
4.583934517125321,4.8597073379905105,0
4.583934517125321,4.8597073379905105,0
4.584574295879943,4.860759145568775,0
4.583934517125321,4.8597073379905105,0
4.583934517125321,4.8597073379905105,0
4.583934517125321,4.8597073379905105,0
4.584152805305113,4.858724829528324,0
4.583934517125321,4.8597073379905105,0
4.583934517125321,4.8597073379905105,0
4.584152805305113,4.858724829528324,0
4.585010760043684,4.858794086824247,0
4.583934517125321,4.8597073379905105,0
4.588238815623651,4.856054082404551,0
4.588238815623651,4.856054082404551,0
4.588238815623651,4.856054082404551,0
4.588238815623651,4.856054082404551,0
4.588238815623651,4.856054082404551,0
4.586101920453036,4.8538814399629295,0
4.586101920453036,4.8538814399629295,0
4.586101920453036,4.8538814399629295,0
4.585025958024303,4.85479479567957,0
4.586101920453036,4.8538814399629295,0
4.584604916232891,4.852760646919723,0
4.586101920453036,4.8538814399629295,0
4.585244246204102,4.85381228721738,0
4.586741418718017,4.8549331429908165,0
4.586305066750132,4.856898243555495,0
4.586959594701966,4.853950592708475,0
4.585244246204102,4.85381228721738,0
4.585680822563695,4.851847270293007,0
4.586523242734074,4.855915693273154,0
4.586726669520814,4.858932601416097,0
4.584792527961813,4.859776616196509,0
4.585228992125554,4.857811557451981,0
4.585010760043684,4.858794086824247,0
4.585228992125554,4.857811557451981,0
4.58608689076619,4.857880793837833,0
4.585228992125554,4.857811557451981,0
4.58608689076619,4.857880793837833,0
4.585228992125554,4.857811557451981,0
4.585228992125554,4.857811557451981,0
4.585228992125554,4.857811557451981,0
4.585010760043684,4.858794086824247,0
4.585010760043684,4.858794086824247,0
4.586523242734074,4.855915693273154,0
4.587381029178864,4.855984887838854,0
4.585883688371162,4.854863969335192,0
4.588238815623651,4.856054082404551,0
4.586523242734074,4.855915693273154,0
4.584152805305113,4.858724829528324,0
4.585650538798305,4.859845894402508,0
4.585214186830417,4.861810994967186,0
4.5860723098627645,4.861880314993343,0
4.584152805305113,4.858724829528324,0
4.584168227677441,4.854725622023945,0
4.584386571955168,4.853743134471834,0
4.585244246204102,4.85381228721738,0
4.585447224207421,4.856829028079719,0
4.585010760043684,4.858794086824247,0
4.584152805305113,4.858724829528324,0
4.584152805305113,4.858724829528324,0
4.584152805305113,4.858724829528324,0
4.585868714782247,4.85886334412017,0
4.585868714782247,4.85886334412017,0
4.583716228945519,4.860689846452697,0
4.5826552962036295,4.857603848294435,0
4.584152805305113,4.858724829528324,0
4.585214186830417,4.861810994967186,0
4.584356063798072,4.861741674941037,0
4.584356063798072,4.861741674941037,0
4.584574295879943,4.860759145568775,0
4.584792527961813,4.859776616196509,0
4.583934517125321,4.8597073379905105,0
4.584574295879943,4.860759145568775,0
4.584792527961813,4.859776616196509,0
4.584137831716202,4.862724204313302,0
4.5860723098627645,4.861880314993343,0
4.585432362814359,4.860828444684849,0
4.585432362814359,4.860828444684849,0
4.585214186830417,4.861810994967186,0
4.584137831716202,4.862724204313302,0
4.586712369107026,4.862932227121984,0
4.584792527961813,4.859776616196509,0
4.58585418997675,4.862862886185756,0
4.58585418997675,4.862862886185756,0
4.586290429748782,4.860897743800926,0
4.584996010846474,4.862793545249527,0
4.585214186830417,4.861810994967186,0
4.585432362814359,4.860828444684849,0
4.582858162011096,4.8606205473366195,0
4.583716228945519,4.860689846452697,0
4.58458938166471,4.856759812603947,0
4.584807669844508,4.8557773041417605,0
4.582873696579281,4.8566213816523955,0
4.585447224207421,4.856829028079719,0
4.584371093484911,4.857742321066134,0
4.585447224207421,4.856829028079719,0
4.584152805305113,4.858724829528324,0
4.584371093484911,4.857742321066134,0
4.5826552962036295,4.857603848294435,0
4.582873696579281,4.8566213816523955,0
4.585868714782247,4.85886334412017,0
4.58608689076619,4.857880793837833,0
4.4855154820271785,4.808843710950338,0
4.483804284775914,4.808706952804844,0
4.483804284775914,4.808706952804844,0
4.482948686150284,4.808638573732097,0
4.482948686150284,4.808638573732097,0
4.483804284775914,4.808706952804844,0
4.483804284775914,4.808706952804844,0
4.484255222204837,4.806747288859839,0
4.483399735775063,4.806678951607246,0
4.485110708634615,4.806815626112435,0
4.484885296018081,4.807795478995011,0
4.485110708634615,4.806815626112435,0
4.485110708634615,4.806815626112435,0
4.484885296018081,4.807795478995011,0
4.486596381073486,4.807932195320355,0
4.487677167923945,4.807020637870217,0
4.488307466128894,4.808068911645698,0
4.487677167923945,4.807020637870217,0
4.4853361212511516,4.805835773229855,0
4.4853361212511516,4.805835773229855,0
4.486191551583001,4.805904089572376,0
4.485966195064396,4.806883963365031,0
4.485966195064396,4.806883963365031,0
4.4853361212511516,4.805835773229855,0
4.484885296018081,4.807795478995011,0
4.484659883401548,4.808775331877587,0
4.485740838545787,4.8078638371576865,0
4.4855154820271785,4.808843710950338,0
4.484255222204837,4.806747288859839,0
4.482948686150284,4.808638573732097,0
4.482723161337894,4.8096183847945255,0
4.485920479811448,4.810871879428543,0
4.485920479811448,4.810871879428543,0
4.48529012550857,4.809823584742993,0
4.486596381073486,4.807932195320355,0
4.487001434955683,4.809960384708635,0
4.487857089679242,4.810028784691458,0
4.486371080652805,4.808912090023085,0
4.486596381073486,4.807932195320355,0
4.48808227790407,4.80904884816858,0
4.486596381073486,4.807932195320355,0
4.486596381073486,4.807932195320355,0
4.48808227790407,4.80904884816858,0
4.485740838545787,4.8078638371576865,0
4.484255222204837,4.806747288859839,0
4.485966195064396,4.806883963365031,0
4.485966195064396,4.806883963365031,0
4.484029753490379,4.8077271208323396,0
4.484255222204837,4.806747288859839,0
4.484885296018081,4.807795478995011,0
4.484029753490379,4.8077271208323396,0
4.485110708634615,4.806815626112435,0
4.484255222204837,4.806747288859839,0
4.486371080652805,4.808912090023085,0
4.485740838545787,4.8078638371576865,0
4.485740838545787,4.8078638371576865,0
4.484029753490379,4.8077271208323396,0
4.485740838545787,4.8078638371576865,0
4.485110708634615,4.806815626112435,0
4.485966195064396,4.806883963365031,0
4.4870469819148475,4.805972405914897,0
4.486821681494167,4.806952300617624,0
4.486191551583001,4.805904089572376,0
4.488352900892206,4.804080891031806,0
4.4874975827562125,4.804012616509436,0
4.484480690919302,4.805767456887338,0
4.485786946484222,4.803876067464699,0
4.485561533867685,4.804855920347279,0
4.485786946484222,4.803876067464699,0
4.484931628348225,4.803807792942333,0
4.485608034491609,4.800868297024827,0
4.48304258496497,4.8006636616484,0
4.479847846996066,4.799411128877864,0
4.479218670749656,4.798363273303899,0
4.472881866207754,4.791872884548695,0
4.469114213655679,4.785588511234906,0
4.4634153366368,4.7801492400254695,0
4.458745921422732,4.777784236421844,0
4.460111187449311,4.771909886623629,0
4.454819552131788,4.768499620295422,0
4.449590517543257,4.761107731836482,0
4.445158239412486,4.757767245556085,0
4.440333473335169,4.752403253744369,0
4.437741689062317,4.7412378077835236,0
4.432764825801534,4.732876040548099,0
4.429888113569135,4.726673219654728,0
4.429106840139259,4.722627588657062,0
4.429478490936429,4.713692332791389,0
4.426999034974369,4.7095147947857825,0
4.424983082376897,4.703382276692125,0
4.422969822479921,4.697250762282092,0
4.424587372030103,4.69040657552755,0
4.424738490730395,4.682452991721036,0
4.426974053039494,4.6766524994353915,0
4.429671099187811,4.668896274298973,0
4.432983801982111,4.662182865408276,0
4.436064079918992,4.656446695640703,0
4.4393737534252296,4.649732157605921,0
4.441374029882635,4.6449078380295425,0
4.442066087347669,4.641974176023147,0
4.464211926228863,4.548096991818518,0
4.464524622662303,4.543144717238498,0
4.4617715144240435,4.543934007225577,0
4.4617715144240435,4.543934007225577,0
4.462612303196931,4.5439968660383485,0
4.460930725651163,4.5438711484128085,0
4.4617715144240435,4.543934007225577,0
4.461540604210658,4.544911810920741,0
4.4617715144240435,4.543934007225577,0
4.4617715144240435,4.543934007225577,0
4.460930725651163,4.5438711484128085,0
4.460930725651163,4.5438711484128085,0
4.4546672456575465,4.541413046901688,0
4.455507922234574,4.541475863894302,0
4.455507922234574,4.541475863894302,0
4.4546672456575465,4.541413046901688,0
4.4546672456575465,4.541413046901688,0
4.454898660752278,4.540435431397203,0
4.455739281231377,4.540498227479745,0
4.4546672456575465,4.541413046901688,0
4.455739281231377,4.540498227479745,0
4.4559706402281805,4.5395205910651875,0
4.454289511465831,4.539395040720258,0
4.44788431240525,4.533943032149427,0
4.444611919202096,4.529720471625595,0
4.438822264591646,4.5253112374803415,0
4.434342007030033,4.519011784876689,0
4.430005319766973,4.515706929365237,0
4.427444674401251,4.508558046271574,0
4.425395628584425,4.50641814900845,0
4.419758127255374,4.505006711196977,0
4.413886742522806,4.504571968846655,0
4.413383108879554,4.499565952246861,0
4.413585276693478,4.491631396609208,0
4.409883890859689,4.485569382019371,0
4.407390204485633,4.4800400733516526,0
4.404057820069859,4.474449470038721,0
4.398681471615653,4.470999786842235,0
4.395469463359781,4.464655498474087,0
4.390213491065477,4.460452130222382,0
4.383874244620088,4.457696562694572,0
4.374425105254332,4.453186575420311,0
4.36916609008523,4.4489845800857175,0
4.366299642294216,4.445721575257924,0
4.362837645381791,4.440888824350385,0
4.362242473253708,4.439318908174716,0
4.357102272414977,4.43436393246802,0
4.348363430358582,4.430672545507452,0
4.344412900573619,4.428857705894828,0
4.3443022221037495,4.424271700880588,0
4.342746023487123,4.423395055968825,0
4.342867328666319,4.422640951748647,0
4.340350992188306,4.422457177160393,0
4.342028549840318,4.42257969355256,0
4.342867328666319,4.422640951748647,0
4.343231244203913,4.42037863908811,0
4.343473854562305,4.418870430647754,0
4.340472256975357,4.42170309116478,0
4.337117087815141,4.421458082679862,0
4.333883075729602,4.420459036798167,0
4.331608891832353,4.418767260314613,0
4.329213470076148,4.41782955767696,0
4.32585808549117,4.417584646389717,0
4.323462529094485,4.416647004500611,0
4.3209459502636065,4.416463339259742,0
4.3177113996161545,4.415464536372223,0
4.3126781611701155,4.415097242339609,0
4.308363056109226,4.415545013055386,0
4.304048085688812,4.415992723022619,0
4.299733249908872,4.416440372241308,0
4.294579729551266,4.41682672073993,0
4.290506090404705,4.415766799377984,0
4.286311926993722,4.415460629894653,0
4.283434381251713,4.417537946921183,0
4.283434381251713,4.417537946921183,0
4.281636474367893,4.418169103434529,0
4.281636474367893,4.418169103434529,0
4.279718325964652,4.419553884254544,0
4.278161090616347,4.418677707106575,0
4.27804082216883,4.419431343562962,0
4.276363318373008,4.419308802871377,0
4.277322325254389,4.4186164428356385,0
4.277202070270917,4.41937007321717,0
4.276844284450707,4.416294305644676,0
4.27480602916852,4.418432650022822,0
4.272289733082644,4.41824885721001,0
4.26893467163481,4.418003800126257,0
4.265939809647392,4.415498107041806,0
4.260068169368683,4.415069384717178,0
4.255155226298257,4.413948442078471,0
4.2516801118276675,4.414456924253432,0
4.249283491771212,4.413519762277833,0
4.246767034116768,4.4133360423632695,0
4.244490009305441,4.411645547674006,0
4.242932006506422,4.410769716792746,0
4.238976952801416,4.408956918331224,0
4.23657987496734,4.408019962900674,0
4.2327439183377,4.405454056495113,0
4.228549216364808,4.405148130005962,0
4.225551634639743,4.402643664042117,0
4.216561336345581,4.400464476701295,0
4.213086114162611,4.400973007475091,0
4.20996841209455,4.39922211114423,0
4.205172398387802,4.397349038613047,0
4.20205421161403,4.395598360976948,0
4.198334578465918,4.392280598047364,0
4.193537514563442,4.3904079993548315,0
4.18862135358561,4.389288508606345,0
4.184781627022602,4.38672430316003,0
4.180941496538164,4.384160279959357,0
4.176261671672471,4.3815354116527025,0
4.1725728864309986,4.378067224611634,0
4.170478097805635,4.375322067721768,0
4.16593349569586,4.372089963824969,0
4.162206380882832,4.3690196188839785,0
4.156846736158613,4.365624214364143,0
4.153937651905075,4.362715285786237,0
4.149157679440869,4.360987827212341,0
4.145194469923101,4.359422584384539,0
4.140654010191678,4.356187868218264,0
4.137627489756344,4.35403110528015,0
4.13390469840925,4.350958033872111,0
4.130062773184314,4.348638198706098,0
4.124828804126707,4.344485432556912,0
4.121348355005807,4.339903319219424,0
4.1170530896299375,4.335157762511926,0
4.111822968683363,4.331002569664317,0
4.106714652656414,4.326092456160481,0
4.10172861690398,4.320427122231788,0
4.09743912369467,4.315677925476656,0
4.092214616463025,4.311519192504289,0
4.087564439407835,4.309031774306256,0
4.082914805615388,4.306544013515502,0
4.079323733732831,4.302709769134129,0
4.0756120792718065,4.299629674575353,0
4.072716191775534,4.296712423849339,0
4.068555950712504,4.291203610062794,0
4.067656604457561,4.286347541978124,0
4.063377184244793,4.281591992983003,0
4.060484329965465,4.278672829447636,0
4.058406586208413,4.275916923711222,0
4.0588948018685755,4.272896612999656,0
4.056939859012832,4.2693851585203575,0
4.0549854594198145,4.265873361448346,0
4.052339678279662,4.26144217257194,0
4.05063122002846,4.256419063893723,0
4.04705083231303,4.252578081855539,0
4.043348775493659,4.249491934825411,0
4.0395247100311344,4.247160836923783,0
4.033382573184689,4.243581604767183,0
4.0283012844788075,4.238654447275604,0
4.022975208864427,4.235237873380704,0
4.0160230319478885,4.231492185893121,0
4.011388926415279,4.228994632660498,0
4.008505850865173,4.226069302456203,0
4.005375905899427,4.224655869120671,0
4.000177633730701,4.2204805917749475,0
3.994732582690105,4.217817154199196,0
3.990101374558755,4.215317773805417,0
3.9870970373517665,4.213147021664632,0
3.984906180878859,4.211140555100943,0
3.983088752290154,4.2068642733259765,0
3.9811475494544126,4.203344154105846,0
3.9775812412982,4.199494293206378,0
3.97495322937667,4.195051898693141,0
3.9742007233990506,4.189425122137795,0
3.971574477081411,4.184981614198222,0
3.969636601729924,4.181459396597685,0
3.967136913880836,4.176257970315593,0
3.9653253706384284,4.171977977119511,0
3.9635145064744393,4.167697555682526,0
3.9606420924555152,4.164765502096131,0
3.9578954899188794,4.161076001232203,0
3.956086685626097,4.156794280797829,0
3.952404457896556,4.153695629133477,0
3.9487229092454292,4.150596549228222,0
3.9467906928807714,4.147070762953536,0
3.944984718081397,4.142787258182086,0
3.942368159949197,4.138337640672365,0
3.94000426603516,4.1323724719715464,0
3.93794879605025,4.129602519933677,0
3.9361457639240243,4.125317159451669,0
3.9307216511346788,4.122640517781562,0
3.928667743030136,4.119869580789626,0
3.9232448752178932,4.117192154011207,0
3.9194440795091943,4.114846381721467,0
3.915517110143046,4.113258285104401,0
3.912401041012984,4.111836101379858,0
3.908220841529996,4.111763912821306,0
3.905915650000072,4.110507656263977,0
3.9034836283702283,4.110009489345522,0
3.9010516067403884,4.109511322427068,0
3.897936035601166,4.108088824659198,0
3.8938827793978383,4.107258475088287,0
3.8902115753746287,4.10415287164669,0
3.8885443371834505,4.099103768745952,0
3.8886259785597836,4.0936282449697075,0
3.8887079368393884,4.08815252134772,0
3.8849955506552654,4.080326957147456,0
3.8800082537753404,4.08008645754736,0
3.8652547398535226,4.117879108682299,0
3.862394390794506,4.114939446682616,0
3.859662727983082,4.1112405245189265,0
3.856675322464678,4.109059094905085,0
3.85300574822967,4.105952463685323,0
3.8493368530730834,4.102845404224674,0
3.8446007264387916,4.101090295563452,0
3.8390541296514087,4.099169002790475,0
3.833765674981432,4.095728704349817,0
3.8300993829587853,4.092620003299054,0
3.82387294895738,4.089772038626418,0
3.8177766272682554,4.0861639144838975,0
3.8133022418669853,4.082887530478239,0
3.8089583309531534,4.0788507586075475,0
3.8050364320391985,4.077259464458443,0
3.8021847751839424,4.074314320975258,0
3.800013906252495,4.072295249854477,0
3.7971631774710772,4.069349521108727,0
3.7917526236141654,4.066664328895364,0
3.7890333653018615,4.062957584197935,0
3.7853745431418204,4.059844172497293,0
3.781585902936822,4.057490734695477,0
3.7786075517973288,4.055303595202989,0
3.7741407041665127,4.052022457723361,0
3.76928209353418,4.051022697959265,0
3.7663049194639413,4.048834816182552,0
3.764137785463795,4.046813389736833,0
3.7642688032139695,4.046052659279088,0
3.7599582650592254,4.046740772937387,0
3.758470040199267,4.045646603653886,0
3.7561722506241146,4.044385679270768,0
3.753874596864641,4.043124669239468,0
3.74969500855223,4.043052095264109,0
3.747397535880335,4.041790971035237,0
3.744027421739329,4.041885209258282,0
3.7414668044056754,4.042146245405039,0
3.737418414931007,4.041312826774362,0
3.7318825928545394,4.039384739245801,0
3.727024661300632,4.03838455124081,0
3.7231085571891818,4.036789602769375,0
3.719060394073992,4.035956041391735,0
3.715557111767822,4.036812366168704,0
3.7116412113798987,4.035217289224999,0
3.70827001071342,4.035312212633485,0
3.706783279825988,4.034217101220005,0
3.703531432024043,4.028812719207711,0
3.700691840128691,4.025859967311238,0
3.698529278589902,4.0238356573768,0
3.6975751750912202,4.019692228297018,0
3.6950031645033015,4.015214518184383,0
3.692565182246536,4.00997417907935,0
3.6902614999522996,4.003971039685563,0
3.687692477309426,3.999491445312973,0
3.6849909655798,3.995773509253411,0
3.6813480791266535,3.9926500481663574,0
3.678648016097661,3.988931198526217,0
3.6760823662109274,3.98444947722383,0
3.673517621762091,3.979967184933585,0
3.6716281194299683,3.9764144623064084,0
3.67054727637516,3.973029065766717,0
3.6685248096014007,3.9702383012211975,0
3.6659628720100272,3.96575423886857,0
3.6625940181092886,3.9611017512768214,0
3.6598997498828005,3.9573792473143463,0
3.6557253151935925,3.95255749227638,0
3.6530327672990914,3.9488339034369666,0
3.650206372161019,3.9458728293923677,0
3.6461698591858998,3.940285990114191,0
3.6418652895484627,3.9362244088208023,0
3.6376967854774414,3.931398913812327,0
3.6342015541957338,3.927504230365521,0
3.6305720229514904,3.9243723472074805,0
3.628692231440759,3.9208135007354556,0
3.625064035717415,3.9176807753703073,0
3.6230499895160477,3.91488470063765,0
3.6213073953691044,3.910561226715714,0
3.6179524625759534,3.9058999601855504,0
3.6137922658975867,3.901069226363422,0
3.611916435677635,3.8975078818194966,0
3.611653577910417,3.8942839301922874,0
3.610856591409128,3.8893633119295714,0
3.6100601481705823,3.884442351074135,0
3.6083224207523017,3.8801158080924303,0
3.6073910890165948,3.8759580186678626,0
3.6061879883232173,3.873327828278331,0
3.6061991404724516,3.8685748644211166,0
3.6045998101231653,3.8634829374305717,0
3.60286502537803,3.859154538738302,0
3.6003257690058454,3.8546561731396807,0
3.5992610880173963,3.8512605844666083,0
3.5947038088899035,3.848714582913715,0
3.59042042649914,3.844639640504308,0
3.586411755739192,3.839035243349308,0
3.582130818030734,3.83495875927267,0
3.577850966847741,3.8308815900105877,0
3.575044061260286,3.827908225452216,0
3.5731794131982966,3.8243398292081707,0
3.5705109499517214,3.8206010520915648,0
3.565822268262963,3.818816023666262,0
3.5619381713809943,3.8172008907738295,0
3.556445719779539,3.8152454529265754,0
3.554193375813764,3.809209938520894,0
3.54911640968659,3.8049581630760656,0
3.5460383236760897,3.8035120264106155,0
3.542294615826467,3.8011302533360443,0
3.5378857614926176,3.797812544083712,0
3.5336161870296934,3.7937288941093783,0
3.5314818072452887,3.791686812177666,0
3.5286825978799143,3.7887085942224523,0
3.5264101832016728,3.7874316679044426,0
3.5276298686716387,3.785305468509577,0
3.526161359721776,3.7841988659653367,0
3.5248317005598437,3.7823265939183166,0
3.520536237946004,3.7830052006286827,0
3.5192068956873293,3.781132728735912,0
3.5157453014232978,3.777216833089959,0
3.515219955436791,3.7755146278721696,0
3.5140304363117814,3.7728758726646774,0
3.513644460739993,3.7704076696260955,0
3.5095211153838264,3.7655536965978946,0
3.5076689397287986,3.7619774349960196,0
3.505956700387177,3.757634818705938,0
3.5039662182069478,3.754823884014108,0
3.5006496533444604,3.75013842187321,0
3.4970548456433654,3.746984641330574,0
3.4927979020390367,3.742893026075528,0
3.4893445698957706,3.738971920165312,0
3.4856120442041068,3.7365830953906176,0
3.4818799712313933,3.7341939851219905,0
3.477867799272399,3.733337726976746,0
3.4741364053781076,3.7309481884672167,0
3.4702649619906722,3.7293250760193857,0
3.4666749757463577,3.726168254966371,0
3.463606487377511,3.7247160658295613,0
3.4605381800962363,3.7232637624951828,0
3.4560065248610847,3.720701601985734,0
3.452418621123922,3.717543467660633,0
3.4480293242485303,3.71421342507044,0
3.445103579050553,3.711993111183041,0
3.4431215174427123,3.7091768663040803,0
3.4411398632819363,3.706360364480581,0
3.4383567933469834,3.7033719686666906,0
3.436376021988142,3.7005549101300232,0
3.433593970670813,3.6975658719547866,0
3.4314723575606827,3.695515739094194,0
3.428691234317192,3.6925261156563884,0
3.4265702776495317,3.6904755688296014,0
3.4239320560285442,3.686717720718331,0
3.422095906624204,3.6831313526312606,0
3.4185156312012737,3.6799684077334014,0
3.4149360348567654,3.676805034594647,0
3.4120159033737174,3.674581180582493,0
3.4090961340658197,3.672357098175194,0
3.4045745744631617,3.669788571151063,0
3.4007118911873313,3.668159934395643,0
3.3968494342709725,3.666531154893253,0
3.395390228695444,3.66541868544871,0
3.3915281565901907,3.6637896632764786,0
3.389268236954859,3.662504857325942,0
3.3868653477891826,3.6619883188729574,0
3.3847488051312418,3.6599349884803267,0
3.380744216214591,3.659073948311722,0
3.3768830269112797,3.6574443694263294,0
3.3728785511743666,3.6565832578842397,0
3.3693049533558934,3.653416101950878,0
3.365444556310738,3.651786023451102,0
3.3620975082000264,3.6518657157583156,0
3.359695026481404,3.651348920360789,0
3.356347729375276,3.651428769689659,0
3.355402868715867,3.6520254429654457,0
3.353368955525564,3.6539878278481908,0
3.3497327540496507,3.6556060821574263,0
3.3506778863404243,3.6550092375852756,0
3.3506778863404243,3.6550092375852756,0
3.3506778863404243,3.6550092375852756,0
3.3492842723673704,3.6491094736381875,0
3.3497168479818598,3.6468023586446776,0
3.346802375485634,3.644574935958371,0
3.3432319919716704,3.641405753018102,0
3.3409745170186476,3.640119405400327,0
3.3372605528037695,3.637718875374418,0
3.3342029070536725,3.636259848657936,0
3.3310006846209816,3.63557010294247,0
3.3277984621882837,3.6348803572270043,0
3.326197350971942,3.634535484369266,0
3.3229951285392474,3.6338457386538003,0
3.3188472531889985,3.6337531658285016,0
3.316590683673862,3.6324662472228653,0
3.3135337170021906,3.631006792265488,0
3.3104769314180906,3.629547223110535,0
3.3072748900729785,3.628857363197497,0
3.3058193515209133,3.6277425812520967,0
3.302617400719587,3.6270526642402743,0
3.2995611131263303,3.625592781041995,0
3.297451180164998,3.623535282437956,0
3.2959961169678245,3.62242020072393,0
3.293740769793846,3.621132511284678,0
3.2934490812025494,3.622672672052726,0
3.2934490812025494,3.622672672052726,0
3.290755997418106,3.62369535223781,0
3.309529542535749,3.6213317365278783,0
3.3072741727258226,3.620044061363327,0
3.3079289745821328,3.620986521077427,0
3.308874695407539,3.6203893053631724,0
3.3087292585589445,3.621159128802656,0
3.309529542535749,3.6213317365278783,0
3.309529542535749,3.6213317365278783,0
3.308874695407539,3.6203893053631724,0
3.3087292585589445,3.621159128802656,0
3.3085838217103465,3.62192895224214,0
3.3093841283230994,3.622101545692672,0
3.309674956748399,3.620561927363095,0
3.3101844349358487,3.6222741391431974,0
3.308874695407539,3.6203893053631724,0
3.308874695407539,3.6203893053631724,0
3.3087292585589445,3.621159128802656,0
3.3080744340666755,3.620216683363246,0
3.3068377263643463,3.62235361732996,0
3.303345264040985,3.6232031188019533,0
3.30130766119127,3.6251678304602457,0
3.298614962217929,3.6261902679754883,0
3.294612523716271,3.6253278717107023,0
3.291264683347407,3.6254080636322925,0
3.288062642002288,3.6247182037192545,0
3.285661110993459,3.624200808784476,0
3.2829673481305868,3.625223917210459,0
3.280419497471211,3.625476902428332,0
3.2821667925224105,3.6250514807815897,0
3.280565681306065,3.6247066079238586,0
3.2834056959116324,3.6229131621693114,0
3.2811504166454952,3.621625429905972,0
3.280496158051914,3.620682627599148,0
3.2799881738369834,3.61896947368907,0
3.2809347774643314,3.6183717012616405,0
3.2799881738369834,3.61896947368907,0
3.2782411051452485,3.6193947525888426,0
3.2742390061828033,3.618532142203609,0
3.2739462310660414,3.6200729881570908,0
3.2719060024464355,3.6220393556801866,0
3.2733606808325106,3.623154680064058,0
3.271105469474211,3.621866904976624,0
3.270597892706327,3.620153494122004,0
3.268489521625362,3.618095010563902,0
3.265434388465419,3.616634399356098,0
3.264126912531836,3.6147481381064104,0
3.262019288437127,3.6126891834833152,0
3.258671131165002,3.612769575250656,0
3.256923541846483,3.6131951824684556,0
3.255175861984174,3.613620846785036,0
3.251827251993099,3.6137015240463093,0
3.248625572823137,3.613011435738123,0
3.2427280935550584,3.613345740578616,0
3.2371248381043713,3.6121382858850417,0
3.2347234429112213,3.6116208053020813,0
3.2313739953900935,3.6117020107271287,0
3.2289725322891023,3.611184572968263,0
3.2259183272029937,3.609723376497893,0
3.2235169320098436,3.6092058959149327,0
3.2198104602935196,3.606800640964451,0
3.216904815816733,3.6045676511464677,0
3.214799862763808,3.6025070121091787,0
3.212043073163663,3.5995020433725244,0
3.211835605559468,3.5962431615627253,0
3.211391010256971,3.5985578564201326,0
3.2104425504819503,3.599156799372679,0
3.209790532847151,3.598212583870893,0
3.210798216520306,3.6016441162300126,0
3.2105018196519772,3.603187246134951,0
3.2119544155309008,3.6043038837909087,0
3.2135552098439817,3.604648956494394,0
3.2143556070005204,3.604821492846135,0
3.215156004157066,3.604994029197883,0
3.216904815816733,3.6045676511464677,0
3.218653536932621,3.604141330193844,0
3.2149479480182386,3.601735518530191,0
3.212191248961883,3.5987304926947523,0
3.2112428118228067,3.5993294213726053,0
3.2112428118228067,3.5993294213726053,0
3.2115392086911356,3.5977862914676635,0
3.2076864399602236,3.596151402395133,0
3.2067379122773545,3.596750388171767,0
3.2076864399602236,3.596151402395133,0
3.2086349223711963,3.595552445167886,0
3.209938776553212,3.5974409903690336,0
3.2107389926221757,3.597613640918347,0
3.2107389926221757,3.597613640918347,0
3.211835605559468,3.5962431615627253,0
3.211983803993636,3.595471596610256,0
3.21453237900333,3.595218154602094,0
3.2153325045285044,3.595390862250195,0
3.213080303751198,3.5941011886281125,0
3.210531751377456,3.5943546163615814,0
3.2086349223711963,3.595552445167886,0
3.207182915026909,3.594435436369821,0
3.2076864399602236,3.596151402395133,0
3.208338344415285,3.5970956892704002,0
3.2084866333932425,3.596324067219143,0
3.209583359510276,3.594953516490037,0
3.2084866333932425,3.596324067219143,0
3.2084866333932425,3.596324067219143,0
3.181481595632416,3.5333760201888076,0
3.181332242764938,3.5341483131508014,0
3.1830787681939334,3.533723376843753,0
3.1830787681939334,3.533723376843753,0
3.1854745270362095,3.5342444118261653,0
3.185974679213377,3.535962504781274,0
3.184175924393962,3.5323525548954073,0
3.182228359969809,3.5295145553788245,0
3.1783854605119117,3.5278734425385707,0
3.175640328424624,3.5248611223331743,0
3.1736940542494594,3.522022309158885,0
3.170151694038257,3.518835454144213,0
3.1655120870832256,3.517019478176671,0
3.162769082774979,3.5140058161497905,0
3.1600266217294752,3.5109918115301895,0
3.157434849072338,3.5072046717414977,0
3.1546935650960855,3.504189924837668,0
3.1503571005216884,3.500826565105598,0
3.1485652723021467,3.4972122471625795,0
3.1477221528530492,3.492998829245348,0
3.1444868510413464,3.488262120943638,0
3.1417487360977177,3.485245375582288,0
3.137416345993831,3.4818794464048324,0
3.1340330494714905,3.477914174583322,0
3.130650658387033,3.4739483317739506,0
3.1253724795499025,3.4711796611348404,0
3.120094934519294,3.468410590804222,0
3.116412207911683,3.4659903616970027,0
3.1143240280957016,3.463919145109525,0
3.109048112853298,3.461149047000756,0
3.10456978790997,3.4585532553061107,0
3.1015338953052307,3.4570805106061933,0
3.095955358308988,3.455857467943929,0
3.091970689025956,3.454983866042312,0
3.0889352491401603,3.453510835848462,0
3.0840013504598964,3.453236662239078,0
3.0790671801482645,3.452962659926051,0
3.076032011893833,3.451489458435841,0
3.0729970247269804,3.450016142748062,0
3.068215557403029,3.4489677348179413,0
3.0650279125203923,3.448268796197862,0
3.0610433564170982,3.44739512292276,0
3.0580088898770335,3.445921478916958,0
3.0543310299980924,3.4434981807499625,0
3.0490600267562513,3.4407249850320305,0
3.046179915628013,3.4384758933562836,0
3.044893581669207,3.436576299539965,0
3.0412174421222566,3.434151916496031,0
3.039288756078143,3.4313020118824795,0
3.0367178084925115,3.4275017393729037,0
3.033839689327646,3.425251391523858,0
3.0314240478636343,3.420675071807082,0
3.0280589280069705,3.416698337404199,0
3.025799362286783,3.4113454851405365,0
3.0237196256791457,3.4092689440912274,0
3.0213073343353294,3.4046905117193518,0
3.016995180768326,3.4013118209631337,0
3.0145847455721935,3.3967322180661377,0
3.01202049822696,3.3929277202463695,0
3.0102525735677617,3.3892983282237346,0
3.008485192171303,3.385668593608383,0
3.0068732753480845,3.381262711862952,0
3.0055924192885186,3.379359663570053,0
3.0036714747383826,3.376504877010266,0
3.0003156582560564,3.3725222757070803,0
2.997755847556494,3.3687149800467786,0
2.99519676120725,3.364907227596184,0
2.9918434799510223,3.3609230275269795,0
2.9894414653272783,3.356338114442849,0
2.9860900175827894,3.3523527581232173,0
2.982739475276176,3.348366830815724,0
2.979701582448058,3.3428275243711276,0
2.9771474760072216,3.339016631487283,0
2.973799785829975,3.3350289055680165,0
2.9712472186335503,3.331217042004802,0
2.9701274182262125,3.328534320731766,0
2.970908476023755,3.32465122975643,0
2.9699454304386634,3.3211915476956158,0
2.9667575509365456,3.316424933904514,0
2.965795546605033,3.312964595207653,0
2.9632466011601686,3.309150447692982,0
2.9608549764362415,3.304558982523112,0
2.9583075702357995,3.300743864329064,0
2.9557608883856687,3.296928289344738,0
2.9516283972195723,3.292758191807767,0
2.949405577901853,3.291449989629495,0
2.9460677343616837,3.287456054217209,0
2.94114467004016,3.283107225110168,0
2.9373367204848897,3.2814440721383598,0
2.931307490856316,3.2784717463089095,0
2.928130816148105,3.273698066542998,0
2.9246397263575155,3.270478879340523,0
2.923527554264421,3.267791347494729,0
2.9230471097373325,3.2619930033609066,0
2.9220935712501017,3.2585273259275134,0
2.920821919761078,3.252550649915122,0
2.920977579797846,3.2477065563947924,0
2.919865512624469,3.2409511352575393,0
2.915904399102562,3.235994855478779,0
2.911944643737492,3.2310377192182216,0
2.91311677908762,3.323179545785834,0
2.91009246782788,3.3176316745232732,0
2.9088156553428703,3.3116582531417116,0
2.908491716642608,3.30508310524176,0
2.903725475051175,3.2999572725228496,0
2.8959446412813996,3.293345262614512,0
2.892927754612373,3.2877927092514696,0
2.8897535698583674,3.2830174592689296,0
2.8834074495691517,3.2775333640268656,0
2.8780136001541123,3.275515745601208,0
2.8745224054437983,3.2763644476901916,0
2.8710308485583305,3.2772133781743236,0
2.866904862169111,3.277107001717411,0
2.860558003153642,3.2756911954583146,0
2.8551641537386026,3.2736735770326533,0
2.850883509410231,3.270275015898765,0
2.8477166813390937,3.2654951266398236,0
2.8434378705224503,3.2620954092555046,0
2.840745910275359,3.259049557787783,0
2.8364685934312384,3.2556488982734884,0
2.830445882955484,3.252672461331418,0
2.8261701958995644,3.249270774038976,0
2.8218953237377526,3.245868572857443,0
2.818413967404503,3.242643247535426,0
2.8150942326221617,3.2386378923658548,0
2.8100292626598247,3.235056659845629,0
2.803850204808878,3.2328569267468055,0
2.7992565035549646,3.231012001694552,0
2.793870599357426,3.2289893728503856,0
2.7903932948587453,3.2257614923576767,0
2.785800680130297,3.223915882119986,0
2.7804159756379683,3.221892496716901,0
2.7758239268082043,3.2200465296117926,0
2.771232149609812,3.218200391210324,0
2.767270568993016,3.217312229118175,0
2.762374464084722,3.212946398847482,0
2.7581090990207784,3.2095382022933805,0
2.7555914817269738,3.205704298598608,0
2.753237432675551,3.201089137432376,0
2.7499294912217565,3.1970763451458737,0
2.7482060009270945,3.1934189318938024,0
2.7460176026252014,3.188021199984018,0
2.7430387896195256,3.1824446365812875,0
2.738943240319408,3.1782512427394565,0
2.7351757782138364,3.1724947344174446,0
2.730455148056194,3.1673401381848763,0
2.725899919652676,3.1614031282304182,0
2.720555702610042,3.155286387477126,0
2.717585921347336,3.14970412847045,0
2.71366263249336,3.1447239956736652,0
2.7106955901802756,3.139140009428697,0
2.707565432343756,3.134336995161263,0
2.7044364063046054,3.1295332671589975,0
2.699563435334447,3.1251528481483746,0
2.696271927578387,3.1211296924321417,0
2.6920263236964246,3.1177090340679,0
2.6882769250767886,3.111941134538,0
2.684033358430085,3.108519191451073,0
2.6831149509330565,3.1050313596885495,0
2.682031549128972,3.1023256847033807,0
2.6782486802033,3.1006467153677306,0
2.6746316204787917,3.098185075365656,0
2.6703911775928084,3.0947611623705953,0
2.6653620856069367,3.0911573044562566,0
2.662536164936526,3.0888740391568383,0
2.6589212329910623,3.086411057333283,0
2.6567607674481373,3.0809957104478904,0
2.652690570408982,3.0767863289458646,0
2.6500331752534088,3.0737186800164302,0
2.646420801169988,3.071254085152159,0
2.641519950972775,3.0709590704857312,0
2.6390306738849887,3.0671072948708122,0
2.6340085990427724,3.0634990118005234,0
2.6296092735555057,3.060853401414729,0
2.626333588326599,3.0568202676855627,0
2.6246361520072767,3.0531464242577044,0
2.621362096566582,3.0491122627503877,0
2.616058488413394,3.042969913191392,0
2.6118307442938473,3.0395379920915317,0
2.6082243687364617,3.0370696144326637,0
2.6039980506815965,3.0336367940269184,0
2.6005607439017773,3.0303836901453174,0
2.5967878800648165,3.0286984113937656,0
2.592563599245203,3.0252643062653313,0
2.5889598041858086,3.02279430129105,0
2.5869324924321013,3.020684700044402,0
2.584736949430873,3.0193592968567273,0
2.5795583234899446,3.0165278461019547,0
2.577081541445061,3.0126681908545123,0
2.574436641332394,3.009592662292551,0
2.5711735190542377,3.0055516061067706,0
2.568529863918677,3.0024752924364932,0
2.566843428669735,2.998794511506084,0
2.564539291882099,2.9941478746338355,0
2.56381068769036,2.9898622410264863,0
2.559764348939666,2.985637813994245,0
2.5536361314263445,2.9834060199268464,0
2.550826644453668,2.9811123911976942,0
2.546103713689419,2.9800270689021566,0
2.539019317543044,2.978399085458854,0
2.5336793869544643,2.9763474647058814,0
2.5297437244973224,2.9754429580861164,0
2.526148825365219,2.9729673431560677,0
2.5220428944252973,2.9728483193179613,0
2.519852127608953,2.971519904169302,0
2.5154710014233075,2.9688628169274374,0
2.5140676613657007,2.9677151175316716,0
2.5144091490410467,2.9661435524310953,0
2.515366844282571,2.965538785402334,0
2.5145798928787215,2.965357769880807,0
2.5144091490410467,2.9661435524310953,0
2.5161537956864137,2.9657198009238606,0
2.5145798928787215,2.965357769880807,0
2.509516425148913,2.9658434131485834,0
2.5063684384459393,2.965119465260056,0
2.5057524346032842,2.9641525387159717,0
2.5053074915015685,2.9623996297758524,0
2.501715104959608,2.959922430354478,0
2.499696847584822,2.9578071192292015,0
2.4978501263058632,2.954905525939246,0
2.494087652368705,2.9532136951019616,0
2.4904968956149496,2.950735467902433,0
2.486220175565471,2.951402255164009,0
2.480712941803205,2.9501342472074406,0
2.474762847446371,2.9471120170386698,0
2.4710013921268406,2.9454195438400355,0
2.4670679932644326,2.9445136097506115,0
2.461733563211041,2.9424585202463653,0
2.457358548731168,2.9397975788364157,0
2.453329277484727,2.9355623886829356,0
2.449914810375734,2.9322948816324548,0
2.4479010122825677,2.9301767583919407,0
2.44291497386844,2.926545750004653,0
2.4409019680334296,2.9244271271497624,0
2.4391563254063726,2.9248515067436465,0
2.4367973726144037,2.9243072611045555,0
2.4336521022251,2.923581600252433,0
2.4309465913055917,2.924612117245953,0
2.428414155726326,2.924855381395435,0
2.4278011398287127,2.9238865705913994,0
2.428934196641155,2.9224931089742476,0
2.428934196641155,2.9224931089742476,0
2.428147879043827,2.922311693761216,0
2.4283212486513825,2.9215242553461245,0
2.4280551304205176,2.9189804677890265,0
2.4244710059993295,2.9164980581033966,0
2.4211526829057313,2.916559635820615,0
2.417047951671023,2.9164398554235866,0
2.4132906387298476,2.914744769955476,0
2.4080515377977534,2.9160192791080135,0
2.4041201761706006,2.9151120602958898,0
2.398442040119029,2.9146299348124884,0
2.3938986359400083,2.9127532913843837,0
2.3909280027713145,2.9112393927341564,0
2.3838517555659635,2.9096062704000722,0
2.3798334401180163,2.905364171293435,0
2.3751164852438578,2.904275080477994,0
2.3697884611635516,2.902215951234613,0
2.363674640112709,2.899975078460173,0
2.3587825500270974,2.8996745394861634,0
2.3548518674783665,2.898766892433141,0
2.3528446338099087,2.8966446295306127,0
2.348738476510519,2.896525748439469,0
2.3446320928516577,2.896407010095295,0
2.3404431241098216,2.8929506364401547,0
2.3366888443855878,2.891253638162702,0
2.332501165892751,2.8877964508498586,0
2.3297098329498063,2.885491373814027,0
2.327095242370568,2.8823967314333103,0
2.322556569104524,2.880517104593615,0
2.3205522102013774,2.8783930288046164,0
2.316367587561423,2.874933914407727,0
2.312969440970434,2.871656115300997,0
2.310357566704866,2.868559759956689,0
2.3061751850236973,2.8650992323648374,0
2.3010309430867046,2.8622460983459277,0
2.2976355354453375,2.8589665720009023,0
2.29249262902923,2.8561125957748885,0
2.287705652022847,2.8516779471918667,0
2.2837792703041018,2.8507675879464927,0
2.278638174763781,2.847912469744756,0
2.274104843581302,2.8460294740766585,0
2.268608384529948,2.844754671364509,0
2.2648606692304227,2.8430535334250386,0
2.2587576907983333,2.84080582307093,0
2.2550104961255997,2.83910435681344,0
2.252476385486233,2.8393486772904737,0
2.2497633820681706,2.84038391920857,0
2.245837339888631,2.839473345842748,0
2.240877966620424,2.8358255218628656,0
2.2376688310765616,2.8317504205256867,0
2.233564326201332,2.8316304973816955,0
2.2307827267157165,2.829319282226326,0
2.226072562625742,2.828225909001901,0
2.223112025089545,2.826705643836995,0
2.2188276314539266,2.8273772702207154,0
2.2150821797491353,2.8256747048115862,0
2.209586988310832,2.824399102716427,0
2.2072319062658465,2.8238524161042164,0
2.202341581784122,2.823550763703871,0
2.202097080882929,2.820993343811516,0
2.1973871884243223,2.819899799290731,0
2.1952126289462335,2.8185611634592966,0
2.1930382052838375,2.8172224419796876,0
2.1910444400040205,2.81509168563268,0
2.189835792616325,2.8131431010576193,0
2.1878425253273512,2.8110120306672854,0
2.188203796820627,2.809427989481879,0
2.185787679114494,2.805530078047532,0
2.1839760661897927,2.8026063447031504,0
2.179992202653626,2.798342519508285,0
2.1780006783325945,2.796210349966305,0
2.1723282918116382,2.795724598709967,0
2.167621387298073,2.7946291699292303,0
2.1636989668701005,2.7937163126119557,0
2.1593551447255983,2.79103570067009,0
2.1550118658438286,2.7883547461355036,0
2.153385664850642,2.7846359802374323,0
2.1498278660361514,2.7821369690796516,0
2.1503734402995285,2.779758594800686,0
2.1477825269211657,2.77664902108733,0
2.1469422587141977,2.7731119130721282,0
2.1476702343281033,2.7699404047741325,0
2.147012548559239,2.765610048542321,0
2.1461732310620647,2.7620723409898638,0
2.1441313326110603,2.756582223243658,0
2.1407601907051905,2.7532873944238787,0
2.1375721292282677,2.7491990033441596,0
2.1351683254774585,2.745293326474865,0
2.1319819843325263,2.741203850518211,0
2.1278306365351014,2.737723752317315,0
2.1234972269263537,2.7350365740150124,0
2.1189813480592363,2.7331425725558347,0
2.1156150955179847,2.7298446604015822,0
2.112432760935725,2.7257526578236266,0
2.1102175381490547,2.7210499499431187,0
2.109385328339325,2.7175077601359305,0
2.1064377385649777,2.7159793298445614,0
2.105654997447324,2.715795659229471,0
2.102292095026268,2.7124956344201223,0
2.0999440753968344,2.711944494102571,0
2.0962144914910965,2.710231922131122,0
2.08995328690019,2.7087621004200813,0
2.088157428594805,2.7058284318868573,0
2.0844286595831676,2.7041153460263274,0
2.0812984194628683,2.7033802067756625,0
2.0773856193125013,2.702461282712324,0
2.072874742989736,2.700564126545199,0
2.066983773727241,2.697504610868897,0
2.06191921947196,2.6979909393221106,0
2.056441457713074,2.696704345710568,0
2.053496357892925,2.695174345202574,0
2.050551439160362,2.693644230497007,0
2.0477919323593134,2.691319083237751,0
2.045218109121148,2.688198732128452,0
2.0436125294759435,2.684466961981773,0
2.041039815399202,2.6813459114123397,0
2.038056678040366,2.6764501829904646,0
2.038017033349412,2.6730854685800445,0
2.036413717298938,2.669352270963703,0
2.033433069894297,2.664454972325199,0
2.032241127835711,2.6624958530240512,0
2.0292999893063417,2.660963354444153,0
2.0281084546947987,2.659003978198456,0
2.0259494008406094,2.657655564199853,0
2.0249443194141676,2.654900498764434,0
2.0229718092888582,2.6527563384773067,0
2.020813343969305,2.6514075533365933,0
2.016719296901716,2.6512810352827714,0
2.0135930407081446,2.6505433836854984,0
2.0106533056075087,2.6490100000744086,0
2.0102448516528284,2.647234080323365,0
2.006337370950071,2.646311801706325,0
2.0028034304240236,2.6437977450183254,0
1.9993039056851103,2.644651700195663,0
1.9969594172634544,2.6440983330254433,0
1.9948019252896323,2.6427489340727703,0
1.9926445691314925,2.641399449471919,0
1.9862057167389864,2.640719764093628,0
1.9818916382292322,2.638020395200421,0
1.977797002627014,2.6378942482887133,0
1.9729206671607233,2.6375837741258614,0
1.967450352628493,2.6362924841391333,0
1.9633550832197546,2.6361667369189306,0
1.960605083516569,2.633835594287099,0
1.9565097235640376,2.6337099041656806,0
1.9529787936189873,2.6311939489430323,0
1.9492599844241632,2.629474582215998,0
1.9459182918857145,2.626161182015938,0
1.9416074276804771,2.623459786115813,0
1.9392369440440866,2.619533096893118,0
1.9363008986028643,2.617997386506481,0
1.93393159203573,2.6140699549995574,0
1.9309961804010332,2.612533844921419,0
1.9276580190703658,2.6092182178686905,0
1.9239421978205815,2.6074969668817047,0
1.9217885086859035,2.6061451697800067,0
1.917102791419003,2.6050363798832485,0
1.9157303041575648,2.6038692240760106,0
1.9116361212742916,2.6037427916703706,0
1.9065710690281783,2.6042294341669106,0
1.9038265924961308,2.6018948085091154,0
1.9018850801299099,2.603120815566516,0
1.9007244300977177,2.6045316780388283,0
1.900702780984867,2.6011556152446076,0
1.9008926295620583,2.6003577848503845,0
1.9001116993201883,2.600172972259564,0
1.8944551579623372,2.5996772287156062,0
1.8897694406954404,2.5985684388188517,0
1.8847031208362761,2.599055880698401,0
1.880417301135985,2.59972840638801,0
1.8761310287167419,2.600401217571548,0
1.8734065715093422,2.601443682486128,0
1.8689287754528152,2.6029153803914404,0
1.8646411222407888,2.603589062331473,0
1.8622973808053978,2.6030352240962635,0
1.860335554847211,2.6008843261523467,0
1.856620616399372,2.5991625184521894,0
1.8499725525475093,2.5959031589295414,0
1.8450789140702444,2.5922138812307196,0
1.8421461734773228,2.5906760867383802,0
1.8392136139719781,2.5891381780484686,0
1.838034891306604,2.587170722324501,0
1.8337326287613358,2.584463902039662,0
1.8284712540571029,2.585752457493655,0
1.8249632182020044,2.5866117799569146,0
1.8196880943305267,2.584519290747565,0
1.8163717405643443,2.584579626566182,0
1.812466523456317,2.5836559204794867,0
1.8079727825456544,2.581747958367032,0
1.8060256111926112,2.582977534098582,0
1.8058223077154931,2.580394134258416,0
1.8028909931872477,2.5788554404601847,0
1.8040572795703156,2.577441023588417,0
1.803458922619317,2.573073253376805,0
1.8005284456211257,2.5715340314148065,0
1.7991503581334616,2.5669806920534555,0
1.7960188412528808,2.562856642781618,0
1.7932826042056487,2.560516821134261,0
1.7919146214977193,2.5593468246623985,0
1.7893798770518234,2.559591544830937,0
1.7885993316210609,2.5594064895702715,0
1.7872314847288102,2.558236407450231,0
1.7885993316210609,2.5594064895702715,0
1.7868449967902489,2.559836350647654,0
1.7878187861902948,2.5592214343096096,0
1.7887925303184478,2.5586065465209558,0
1.7876255648569597,2.560021391633626,0
1.7885993316210609,2.5594064895702715,0
1.7878187861902948,2.5592214343096096,0
1.7885993316210609,2.5594064895702715,0
1.7897662291747025,2.557991687281696,0
1.7891867009903812,2.5603914736055557,0
1.7891867009903812,2.5603914736055557,0
1.7897741156316016,2.5613764290914496,0
1.7903615755447113,2.562361356027953,0
1.7893878087806154,2.5629762580913003,0
1.7903697562689302,2.565745912266653,0
1.7932995541886996,2.5672855624695536,0
1.7915450382703106,2.5677155377445082,0
1.7921327471788437,2.568700307659345,0
1.7934925717985095,2.5664857336178066,0
1.7931065365788896,2.568085391321297,0
1.7915450382703106,2.5677155377445082,0
1.7923257874246001,2.5679004645329044,0
1.7923257874246001,2.5679004645329044,0
1.7921327471788437,2.568700307659345,0
1.7921327471788437,2.568700307659345,0
1.7929135189690797,2.5688852201730406,0
1.793887285733181,2.5682703181096933,0
1.7921327471788437,2.568700307659345,0
1.7915450382703106,2.5677155377445082,0
1.7923257874246001,2.5679004645329044,0
1.7923257874246001,2.5679004645329044,0
1.791939706933091,2.5695001507857818,0
1.7923257874246001,2.5679004645329044,0
1.7921327471788437,2.568700307659345,0
1.7932995541886996,2.5672855624695536,0
1.793887285733181,2.5682703181096933,0
1.7931065365788896,2.568085391321297,0
1.7917381011520135,2.566915680343371,0
1.7919311640337199,2.5661158229422334,0
1.7921242269154245,2.565315965541089,0
1.7956328965770467,2.564456243386328,0
1.7958258689149602,2.5636564430839783,0
1.7969923816575069,2.5622418834652407,0
1.797378281061441,2.5606423114099286,0
1.7965977582666213,2.560457241874566,0
1.7960102304456669,2.5594723577621608,0
1.7954227478966054,2.5584874451003543,0
1.7946422703736857,2.5583023470156014,0
1.7942479186141682,2.55651753412857,0
1.7920919567375222,2.551777455092349,0
1.7932508772904825,2.5469779680928006,0
1.7922628768570004,2.5408224158572743,0
1.7901093370267098,2.536080809428519,0
1.786397105745312,2.530967579360599,0
1.7813257289226634,2.5280684950933185,0
1.779959873993775,2.5268971567999756,0
1.7797611656139551,2.524310859196394,0
1.7299030070323163,2.454781152666719,0
1.7267948730852876,2.450642357633292,0
1.7227139457198977,2.4471178508512637,0
1.7194174027490643,2.4403862632273032,0
1.7176718641545143,2.437420862043531,0
1.7137831712880107,2.436486735428314,0
1.7118422383091847,2.434322661939433,0
1.7071760785007513,2.4332015387048145,0
1.7025099186923143,2.4320804154701925,0
1.6958951841021062,2.4321897529983154,0
1.6879209779201432,2.4311237267686536,0
1.6842192001049252,2.4327833348739496,0
1.6810977971513097,2.4354323378957794,0
1.678369944551818,2.436476944014853,0
1.674666672764074,2.4381374942501175,0
1.6717409584620544,2.43998498400601,0
1.6682339638605264,2.440843649833223,0
1.6655047983760944,2.4418890838847,0
1.6619971246961462,2.442748177952815,0
1.6598481529857452,2.4447831211183946,0
1.6580939992425137,2.4452128679982046,0
1.65517832615385,2.443664310384623,0
1.6505084993219548,2.4425454996508513,0
1.647988866541617,2.4393909749178846,0
1.643517444674984,2.437468937954577,0
1.63748991185523,2.4351736500366847,0
1.6332173929447045,2.432448072800515,0
1.6291438675340775,2.4289188981926984,0
1.6240945381240888,2.4260059103709253,0
1.6221577927955142,2.42383919606317,0
1.619642143941892,2.420682158983599,0
1.6140156313388694,2.4167777635130676,0
1.6099457729516988,2.413246276404397,0
1.6052982560165976,2.4087236814156014,0
1.60103085283016,2.4059948780979994,0
1.5957868533862154,2.4038827611808244,0
1.590742866059788,2.4009664045306494,0
1.5856995125398896,2.398049648188973,0
1.5814342824043948,2.3953194745005,0
1.5763921512256474,2.3924019473252045,0
1.570773583840122,2.3884925414361646,0
1.5665102551241965,2.3857611686731737,0
1.5610689372404583,2.3844515928000973,0
1.557959612735461,2.383703263729771,0
1.5529200394187601,2.380784123513756,0
1.5474790384382775,2.379474347794929,0
1.5418643870716338,2.375562472383379,0
1.5378051223078,2.3720243047166996,0
1.533746672438065,2.368485623160943,0
1.53026445505159,2.3659389487912,0
1.5271861100112023,2.361781368257045,0
1.5246837258227028,2.3586159662052637,0
1.5216069879345753,2.354457372167648,0
1.5177544581646085,2.3501107251830895,0
1.5146796216960503,2.3459509320709593,0
1.5123822068975308,2.3419781641276245,0
1.5085326650726092,2.337629632883111,0
1.5042791603578163,2.3348920649017906,0
1.5017814844463508,2.3317236937131156,0
1.4977318625960638,2.3281794450256825,0
1.4940888294055394,2.3230225772102457,0
1.4909843037213726,2.322271221904238,0
1.488858954792704,2.320901552882386,0
1.484811845532569,2.3173557197036345,0
1.482114225411424,2.314991545423865,0
1.478641017131972,2.3124391897248735,0
1.4739853151311877,2.3113114715804244,0
1.4714923474967634,2.3081401312548557,0
1.4660611705174063,2.306824160317703,0
1.4621817583892938,2.305884181076877,0
1.4585063423054283,2.3041374497564533,0
1.4558110763228083,2.3017717909082407,0
1.4521362035016772,2.3000247169950967,0
1.4484615570400194,2.2982775003349865,0
1.4451959891923316,2.2949160943302473,0
1.4409509050499256,2.2921732161617925,0
1.4376866500871799,2.2888109822246534,0
1.4346278625052538,2.2846410683526273,0
1.4323453874319494,2.280658879109538,0
1.4292883201820175,2.276487880360577,0
1.425046676703598,2.273742832438238,0
1.4200303505047724,2.270809032108815,0
1.4161542205890214,2.2698669830369838,0
1.412689115978699,2.2673095169966118,0
1.4082436801795595,2.2653710926816046,0
1.405554525902705,2.2630015796653034,0
1.4026599042450272,2.261439746583882,0
1.400952326134087,2.2584504067339033,0
1.399039190098538,2.2562688039175924,0
1.3983132786973034,2.2526595801351554,0
1.3954694655940614,2.2476759909556776,0
1.3922143102821245,2.2443080185905018,0
1.389372534414143,2.239323144688335,0
1.3890617227888526,2.2340959344919646,0
1.3879771338810407,2.228679400900642,0
1.3839510081440434,2.225120335078138,0
1.3830749198339891,2.2188942087425936,0
1.3800315699681214,2.21471455952749,0
1.376782232094639,2.2113429185652826,0
1.374307441125893,2.2081601156583446,0
1.3683785692531547,2.202412894933783,0
1.3664718165547427,2.2002272666530267,0
1.3632253760825126,2.196853798529652,0
1.3592060411297098,2.193290450298168,0
1.35673453237332,2.190105577560221,0
1.3544712525833162,2.1861112833744087,0
1.351227573696658,2.1827360737380523,0
1.3495311324717925,2.1797397107373477,0
1.3459314697562839,2.174555492603215,0
1.3426899865565183,2.171178898321287,0
1.3390327245023812,2.1694207186941874,0
1.334037970361324,2.1664733145789015,0
1.3307983206732832,2.16309556404655,0
1.3265778191696391,2.160337183557587,0
1.3236948776607669,2.1587679847327195,0
1.3215849890841067,2.15738856609309,0
1.3194752363231235,2.1560090618052783,0
1.3144201438938161,2.156489423435321,0
1.31189239395564,2.1567297327226065,0
1.308027808373005,2.1557804035555037,0
1.306691199088025,2.1545906223541493,0
1.3050003942140282,2.151590704953989,0
1.3009917207924016,2.1480206333403977,0
1.2985292437789813,2.1448300649985086,0
1.2950850547839607,2.1422594091384717,0
1.2930430875378818,2.1374474427301635,0
1.2900197704853689,2.133255160408563,0
1.2872073081691315,2.1282518007742937,0
1.2832035920199605,2.124678603002149,0
1.2780080108672767,2.1225359525089402,0
1.2741468206767355,2.1215844821373473,0
1.2699343775703333,2.118821019856391,0
1.2668456065054787,2.118059729361544,0
1.263756835440626,2.1172984388666976,0
1.2598958716095634,2.116346825748142,0
1.2570179779169326,2.1147744436659295,0
1.2516127870050742,2.1134420853770735,0
1.244663255832684,2.111729053291402,0
1.2398188596880182,2.111398437531644,0
1.2359578958569521,2.1104468244130885,0
1.2332922829652855,2.1080624657123224,0
1.2296432377600208,2.106299104370354,0
1.2238899856008594,2.1031527414399136,0
1.2193936280675501,2.104636144596437,0
1.2160929610128477,2.1046865880503063,0
1.2116721531243666,2.1027326328653935,0
1.2075990895799205,2.1025928821678193,0
1.205147658908782,2.099395347773978,0
1.2036034544639307,2.0990145883289877,0
1.2012871477966591,2.09844344916149,0
1.1975608778864633,2.100118502488513,0
1.1968672000741751,2.096488951538106,0
1.1972925312983005,2.0948645129613155,0
1.1965993062049591,2.0912346765169723,0
1.1959064432867716,2.087604611677488,0
1.1966782965137792,2.0877951484216553,0
1.1970247279728738,2.0896101808413974,0
1.1989938561947895,2.088366758654132,0
1.1987811905827304,2.089178977942531,0
1.1993404234695646,2.0901817054256995,0
1.199127780493452,2.090993910439394,0
1.2014435438979891,2.091565392199609,0
1.2012309688297158,2.0923775543892162,0
1.2002464273547009,2.092999251208152,0
1.2020029126005092,2.092568034034592,0
1.2004590250589224,2.092187074743844,0
1.2004590250589224,2.092187074743844,0
1.1997429433518114,2.0980626897164925,0
1.2026188677170264,2.0996363136973066,0
1.20746396557605,2.0999664869414723,0
1.210340116300742,2.1015399681753237,0
1.210900005630048,2.102542281692287,0
1.210687770100984,2.1033542297614503,0
1.2118843660174825,2.1019206990709236,0
1.2139122537043328,2.106741544340526,0
1.2187576684666226,2.107071517738934,0
1.2203020992709455,2.1074521344369614,0
1.2251471971299708,2.107782307681127,0
1.2294315454936928,2.1071107098468005,0
1.2323828610521055,2.1052470754090535,0
1.235682713212709,2.105197145844265,0
1.235682713212709,2.105197145844265,0
1.238770941014824,2.105958778931825,0
1.2438258976284473,2.105478502949971,0
1.2488803109793345,2.1049985695608306,0
1.2533733183924483,2.1035172790594032,0
1.2558280086399982,2.106712757896929,0
1.2565282508770004,2.1103381691853187,0
1.2555452486464063,2.1109588953248846,0
1.2549841369759438,2.109957352641537,0
1.255195104891957,2.1091462039553868,0
1.2546340611293303,2.1081446184479518,0
1.2538620494507011,2.107954181626667,0
1.2530900377720648,2.107763744805382,0
1.252318026093434,2.107573307984101,0
1.2522458944766406,2.1110085108463466,0
1.2528069835111566,2.1120100678043876,0
1.2561064055887616,2.1119604094588382,0
1.2549124128062044,2.113392298559255,0
1.254773169059927,2.1107685013276907,0
1.249790864689885,2.107813246129272,0
1.2505628990044642,2.1080036686758596,0
1.2494411283824807,2.1060002978152355,0
1.248457967700256,2.106621123877673,0
1.2478971502971064,2.1056193956232754,0
1.2483195388480812,2.1039968127570354,0
1.2475475950772879,2.1038063331116668,0
1.2462149697190341,2.102614039563708,0
1.2450937423597885,2.1006103261103597,0
1.2443218664968363,2.1004198036409,0
1.244744526679174,2.0987970494783035,0
1.2436236162231964,2.0967931361792083,0
1.2417311468075276,2.0945985005648993,0
1.2403991552557905,2.0934058073254356,0
1.2396274378444723,2.0932151849330936,0
1.238370181043468,2.088585647241274,0
1.237461845655762,2.085769571752568,0
1.237113603320882,2.083955681308556,0
1.2347991301653405,2.0833833858906345,0
1.2343757003607934,2.0850066253929143,0
1.2329689514223858,2.0872507908805105,0
1.2326208675391417,2.085436800513623,0
1.2316375257693366,2.0860577407736365,0
1.2324091073649743,2.0862484488141533,0
1.2324091073649743,2.0862484488141533,0
1.2331806889606103,2.0864391568546736,0
1.2302305278355075,2.088302063282896,0
1.231213960149102,2.0876810659240945,0
1.2304423332815695,2.0874903864329717,0
1.2306541387276333,2.0866787095830404,0
1.2347991301653405,2.0833833858906345,0
1.2318493085794522,2.0852460781984092,0
1.2312895550658265,2.084243679033264,0
1.2305180187420852,2.0840529424433534,0
1.2297464824183457,2.0838622058534355,0
1.2284153057607128,2.0826689987248983,0
1.2276437920729215,2.0824782478602906,0
1.2245577373217404,2.081715244401849,0
1.224422319050559,2.0790890347465663,0
1.2234388188291216,2.079710074929455,0
1.2251937648305091,2.0792798284352614,0
1.2231684802776002,2.0744573415755525,0
1.2205075303910657,2.07207004228729,0
1.2187527202053623,2.0725002031332984,0
1.2166510937494603,2.0711155742294096,0
1.2164387903125569,2.071927565122664,0
1.2148961703840193,2.0715458064489027,0
1.2120233697795335,2.0699702125599586,0
1.2093632800589997,2.0675823708332217,0
1.207262151593941,2.066197427886003,0
1.2050280269040545,2.062184747890967,0
1.202581847772688,2.058983901767519,0
1.2013328983643419,2.0543491252620427,0
1.1993137934250395,2.0495227414101613,0
1.1982793205045343,2.04407460364056,0
1.195065181529099,2.040680765525135,0
1.1918517216320765,2.037286499168811,0
1.189196113829114,2.0348958310521468,0
1.1859838310013515,2.0315008224116013,0
1.1817882743116304,2.028726711206982,0
1.1778069677502785,2.0251393814852,0
1.1745967447937264,2.0217430738472615,0
1.1708309559737948,2.017341726225311,0
1.1672803453560725,2.012126574823636,0
1.1629611410877612,2.0067188311214927,0
1.160397561899254,2.0008804126842605,0
1.1570656606915222,1.9948492306501997,0
1.1545049336323796,1.9890090136011995,0
1.151176156185377,1.982975861659007,0
1.1489578766585975,1.9789531893763428,0
1.1452018665678931,1.9745456750854586,0
1.1417859045991552,1.9719572186787566,0
1.1390159978638295,1.9669270226148736,0
1.1377851345773724,1.9622808406268142,0
1.1350172650773054,1.9572493598402403,0
1.1328037843713474,1.9532236613218945,0
1.1300379521065373,1.9481908958126244,0
1.1255204560526977,1.943586306966532,0
1.1217726854468122,1.9391735966860875,0
1.1180260013664007,1.9347602012202003,0
1.1152648094707853,1.9297245093981275,0
1.1115203437132024,1.9253097150119718,0
1.1093131105287082,1.9212800766773697,0
1.1078745841745388,1.9174429592697564,0
1.1058852228699827,1.9125978184665389,0
1.1044479414929143,1.9087599159506077,0
1.0989559995965514,1.904770657408772,0
1.094566633038859,1.9027968746702726,0
1.093348400610994,1.8981427274015061,0
1.0896113594441275,1.893723250914869,0
1.0853252715667079,1.8882946233315927,0
1.0823579105759027,1.8840670539599884,0
1.08037610967774,1.8792171454081057,0
1.078612769194148,1.8735513632454914,0
1.0781667068965461,1.8690875528751327,0
1.07827027984413,1.8656325224593004,0
1.0749758637651166,1.8595777015276607,0
1.0724496338896436,1.8537157298410314,0
1.070691182770668,1.8480468643439565,0
1.0699181332926955,1.8417557595894714,0
1.0717744339188329,1.837871881599714,0
1.0682682576656521,1.832628708968608,0
1.0677158416531913,1.8255203602325256,0
1.0674936723975108,1.8202372503242508,0
1.0677086503304363,1.8133222504475626,0
1.066722256161988,1.8078437932223732,0
1.0670488167135943,1.8035700342564898,0
1.0668288657807512,1.7982855254279482,0
1.0658444409397134,1.792805826304157,0
1.0661720653808437,1.7885313964275333,0
1.065188930788807,1.783050883646034,0
1.0632232919570122,1.7781907829607775,0
1.0610397812452828,1.7741461847441329,0
1.0585303019708068,1.7682736497820155,0
1.0563485115910698,1.7642279666884342,0
1.0520938424084942,1.7587795258262702,0
1.047621459797604,1.7541464875098498,0
1.0448978435744998,1.7490870996914136,0
1.0402084039777826,1.7452690499545298,0
1.0374870513494034,1.740208234666433,0
1.0353107841408047,1.7361590685468737,0
1.0328113552269347,1.7302801956194678,0
1.029873285151929,1.7260341547904616,0
1.0281397335749745,1.7203495871271155,0
1.0277136361828845,1.7158731864743544,0
1.0256592544032266,1.708357441709408,0
1.0250142438776244,1.7046972001613057,0
1.0237253093518888,1.6973760318796636,0
1.0216751831303235,1.689857603471756,0
1.0184231415446465,1.6837760603080767,0
1.0152728585765285,1.6803419532735298,0
1.01310646064095,1.676286563386256,0
1.010178531470336,1.672034127493168,0
1.0067104288805027,1.6667669448223776,0
1.0017196259957526,1.6611054417448141,0
0.996509185627179,1.6562605545622056,0
0.9908569350648495,1.653050497935519,0
0.9879344385215791,1.6487946361152428,0
0.9840292566509845,1.6451593005887801,0
0.981648223775931,1.6419173718885105,0
0.9797118532239857,1.6370388140205385,0
0.9780935739251255,1.6339931604924622,0
0.9784428383318673,1.6297050840058827,0
0.9765085502870754,1.6248252128658311,0
0.9755586226297162,1.6193237591044127,0
0.9761314858110701,1.614216568650976,0
0.973977220743242,1.6101535275263252,0
0.9712854080260875,1.6050740837591562,0
0.9678340560372476,1.5997963378128777,0
0.9653674039750619,1.59389679512479,0
0.9629021100697095,1.5879963959548977,0
0.9594548778232816,1.58271605201384,0
0.9567691768118927,1.5776327540785928,0
0.9533245476994097,1.5723507685474214,0
0.9514011701812155,1.567464017003605,0
0.9465286048836496,1.5644395580760495,0
0.9440709619284853,1.5585343340587148,0
0.940319219997356,1.5514125209597953,0
0.936569696389066,1.5442893089406162,0
0.932150032899429,1.5396230248558052,0
0.9279559148758665,1.534136399180234,0
0.9248328629523392,1.530685119685673,0
0.9221594985322277,1.5255940420407725,0
0.9172953764430058,1.5225642586513892,0
0.9123474460424337,1.5168757192984614,0
0.907935116599722,1.5122048102119479,0
0.9025401471015702,1.5081543988698556,0
0.8971462641288888,1.504103302342326,0
0.8913023767495325,1.501692203810892,0
0.8869761192129069,1.4996786232182604,0
0.8826501333076422,1.4976648713292775,0
0.8777918060209267,1.4946314336175597,0
0.8741448559242926,1.4901551438384377,0
0.8704989923531343,1.4856781688738803,0
0.8683708038965854,1.4815986832987367,0
0.8647269322887805,1.4771204521608752,0
0.8605526659909977,1.4716213075763793,0
0.8573647294080597,1.4654993384719184,0
0.852966751155936,1.4608193792277646,0
0.8493278141846421,1.456338036206045,0
0.8449322806148256,1.451656535294651,0
0.8415229635801165,1.446352281236777,0
0.837130033144236,1.441669138735275,0
0.8315255897025917,1.4384289339493623,0
0.828649655302911,1.4341437090781763,0
0.8230468869213681,1.4309024479647103,0
0.8184302445311449,1.427038490803552,0
0.8138145528507117,1.423173934105133,0
0.8094282773833381,1.4184865948428325,0
0.805571649619683,1.414820640092156,0
0.8019445738847768,1.4103318171294141,0
0.7972627752037731,1.4037973416547125,0
0.7946936819913653,1.4013521156476276,0
0.7903132239624409,1.3966611077882973,0
0.787676416597213,1.391546976508387,0
0.7821512769134102,1.3909683683506326,0
0.7798136597852654,1.3876990607822783,0
0.777544209528898,1.3870983729928135,0
0.7752073393870091,1.383828594359466,0
0.7746134408304002,1.3801361205464318,0
0.7744509238760582,1.3836283222722194,0
0.769549057628236,1.377910733911703,0
0.7649450913684976,1.3740387829204437,0
0.7608680564988077,1.3711899294044017,0
0.7555096440555396,1.3671164644272977,0
0.7499217701273153,1.3638658105634676,0
0.7443346205494059,1.3606146999093465,0
0.7392100156929704,1.3557156830772144,0
0.7353675127604298,1.3520408209158568,0
0.73175700653894,1.3475415488752027,0
0.7283789044755533,1.3422176100107137,0
0.7227965537184691,1.3389634731209146,0
0.717678286927276,1.334060459373731,0
0.712621396223664,1.3318303478144298,0
0.7093077487366894,1.3291773697790799,0
0.704715824800914,1.3252978246492262,0
0.6996603148900888,1.3230668423334286,0
0.6930944186396744,1.320433774175914,0
0.6865862993612222,1.3204758778830339,0
0.6820539180012997,1.319270391191484,0
0.6767096530250907,1.315188004528995,0
0.6718886071435719,1.3121310563919746,0
0.6678234335102591,1.3092747229349158,0
0.6644590035590383,1.3039421621536764,0
0.6591187451455021,1.2998572488698983,0
0.6559907032791035,1.2936975089182194,0
0.653151416478094,1.2893891733132303,0
0.6500262267410548,1.2832276347497782,0
0.645211609468566,1.2801666325989238,0
0.6423753106126,1.2758564127339849,0
0.6400086188936616,1.2698938329856908,0
0.6374088213022571,1.264756362576831,0
0.6340559583201042,1.259416507425625,0
0.6299503694864086,1.2538740534116357,0
0.6298510228807466,1.248513488999592,0
0.6280097006714964,1.2435749916805836,0
0.6239081184004753,1.2380300110452929,0
0.6200913525400082,1.2343389185538953,0
0.6169647934815501,1.2314676431547475,0
0.6134441064259413,1.2246803134112518,0
0.6101583298013438,1.2198086855065995,0
0.6073445103752952,1.2132872227614229,0
0.6066449509640375,1.2075505572416034,0
0.6035974461315821,1.2018586409718495,0
0.6021951175631202,1.1958643816586765,0
0.5991494993290534,1.1901762736896124,0
0.5963408517847881,1.1836652509411678,0
0.5930611903411656,1.1788059671835978,0
0.5886060218804001,1.17533734862465,0
0.5853277916493518,1.1704809539227838,0
0.5820503420797039,1.1656261350694805,0
0.5764259879707261,1.1608181665976538,0
0.571269514092883,1.157094908961401,0
0.5670540161092639,1.152808825432679,0
0.5635427998143143,1.1487833889039116,0
0.5583880498970633,1.1450636112665702,0
0.5544116206307663,1.139958848051485,0
0.5509023071979833,1.1359372526535854,0
0.5476309077541934,1.1310946466266483,0
0.544360288971804,1.1262536164482775,0
0.5417844915997687,1.1243969121569162,0
0.5389712681521015,1.1233622033999389,0
0.5378022451416822,1.1220231817888475,0
0.5354741473125433,1.116622444584955,0
0.5319481089333067,1.1180526390352608,0
0.5298383377215696,1.1172769029391354,0
0.5265496115714967,1.1178848720438008,0
0.5225573030752635,1.1182336058461857,0
0.5178613146501903,1.1183229073652292,0
0.5094210588111494,1.1152175992078792,0
0.5054392514751047,1.1128447552546277,0
0.5002774483188546,1.111853515370747,0
0.49655912741414454,1.1032257305573143,0
0.4923525907728621,1.0989577364568994,0
0.4886376527342211,1.0903367803205732,0
0.4874975850322105,1.0835706571554429,0
0.4823805566003543,1.0744414734302268,0
0.4779539746222454,1.068287784274025,0
0.47469470795773283,1.0634696695601829,0
0.4740072865669216,1.0605002814043534,0
0.46792327067646866,1.057366967387937,0
0.467491940938622,1.050870486691636,0
0.466135714943011,1.0422265148833674,0
0.4586668267603393,1.0358769543860973,0
0.4572794823736821,1.0326557177181304,0
0.453546014109099,1.0294829072802063,0
0.4472444087124714,1.0244688555649422,0
0.4418860886667151,1.0188966398425485,0
0.439558386409443,1.0162394766138299,0
0.4393180979086839,1.0170556940368165,0
0.4379329491322199,1.0138388894429369,0
0.43676930943271586,1.0125107346208981,0
0.4360673209369139,1.0122547166761056,0
0.4365480931037826,1.010622675792268,0
0.4358461371355382,1.0103667235078326,0
0.4363077070203474,1.0114386962341868,0
0.4381923585961456,1.0103184942588683,0
0.4365480931037826,1.010622675792268,0
0.43725004907202525,1.0108786280767053,0
0.436326941829968,1.0087347482843505,0
0.48651599427135395,1.0071135398759434,0
0.48721755990889903,1.0073687042360966,0
0.48675535573669926,1.006295451132786,0
0.48721755990889903,1.0073687042360966,0
0.48721755990889903,1.0073687042360966,0
0.48721755990889903,1.0073687042360966,0
0.48651599427135395,1.0071135398759434,0
0.4874569051104647,1.0065505826627614,0
0.48651599427135395,1.0071135398759434,0
0.48651599427135395,1.0071135398759434,0
0.4876797966086528,1.0084420229997662,0
0.4869782147073334,1.008186825809437,0
0.48627663280600864,1.0079316286191027,0
0.48721755990889903,1.0073687042360966,0
0.4876797966086528,1.0084420229997662,0
0.4869782147073334,1.008186825809437,0
0.48721755990889903,1.0073687042360966,0
0.4874569051104647,1.0065505826627614,0
0.48721755990889903,1.0073687042360966,0
0.4881584544842248,1.0068057141927351,0
0.4881584544842248,1.0068057141927351,0
0.4890993165319948,1.0062426584890183,0
0.4890993165319948,1.0062426584890183,0
0.48839778342201257,1.0059875597892223,0
0.4874569051104647,1.0065505826627614,0
0.48839778342201257,1.0059875597892223,0
0.4886206911839821,1.007879032956403,0
0.4881584544842248,1.0068057141927351,0
0.4881584544842248,1.0068057141927351,0
0.4879191255464388,1.007623868596248,0
0.4869782147073334,1.008186825809437,0
0.4869782147073334,1.008186825809437,0
0.4876797966086528,1.0084420229997662,0
0.48627663280600864,1.0079316286191027,0
0.48721755990889903,1.0073687042360966,0
0.4879191255464388,1.007623868596248,0
0.4879191255464388,1.007623868596248,0
0.4874569051104647,1.0065505826627614,0
0.48769625031203034,1.0057324610894263,0
0.48769625031203034,1.0057324610894263,0
0.487935595513596,1.0049143395160893,0
0.48863711235979856,1.005169405385704,0
0.48863711235979856,1.005169405385704,0
0.48817494071516165,1.0040962179427524,0
0.48817494071516165,1.0040962179427524,0
0.4888764412975881,1.0043512509821912,0
0.4874734401327334,1.0038411849033118,0
0.4839659372206082,1.0025660197061086,0
0.4806979584116178,1.0004730940675302,0
0.47696829587136413,0.9973079658913502,0
0.47536092241166017,0.9922010669977759,0
0.47281314228999705,0.9876581430529185,0
0.47120708619640617,0.9825539034037991,0
0.4689005378746991,0.9771966661863001,0
0.46659480274195175,0.971841070477721,0
0.4631087139858536,0.9678663565745893,0
0.4610446985664307,0.9616974324987186,0
0.4563785814625696,0.959104257004606,0
0.45265396069386554,0.9559493061837347,0
0.4472875465272388,0.9531035270833819,0
0.44402389388351793,0.9510193342722602,0
0.43747564608963607,0.9495514494311195,0
0.43281055360385956,0.9469603422382455,0
0.42816783483708853,0.9416716233199711,0
0.4260879186827857,0.9382133773805101,0
0.4251912673683069,0.9333801262375339,0
0.422652806392124,0.9288560139849054,0
0.4198737316396013,0.9251474625516991,0
0.41897872296681804,0.9203175272567439,0
0.4155002944507231,0.9163582763676388,0
0.4127469762832714,0.9099589418861402,0
0.4074109213512287,0.9044316706779831,0
0.40275106580235587,0.9018511348025537,0
0.3997336867301371,0.8989628060740991,0
0.39391603017848453,0.8950659014106819,0
0.38949919544527845,0.8916746635822381,0
0.386725178728085,0.8879763223345147,0
0.38182469313909095,0.8862113144483299,0
0.3778666797120067,0.8838865010460886,0
0.3750664672876951,0.8828780564318386,0
0.3734513412464828,0.8804982835940596,0
0.37277894758764774,0.8775592305230759,0
0.369279088651739,0.8762994955097252,0
0.3638937974786369,0.876158386623132,0
0.3603937759049405,0.874898323307999,0
0.35713666130044786,0.8728273282285954,0
0.354093737072283,0.8726302093407572,0
0.34943679273988515,0.8700555500672635,0
0.345723231341033,0.866922923767703,0
0.3424966223451449,0.8621707320521068,0
0.3387840367730437,0.8590400755632572,0
0.33604574633756457,0.852671076166601,0
0.3337647321491968,0.8473653823292029,0
0.33054127832646785,0.8426195596682149,0
0.3287493633599059,0.835698633998323,0
0.32668276724076506,0.8322672759749832,0
0.3220305231405529,0.8297021046230508,0
0.31646779249093626,0.8250185296972123,0
0.3116052775851905,0.8205873942267168,0
0.3041231936961495,0.8196967477263684,0
0.29621985258975414,0.8150727284610451,0
0.29345705788020027,0.8113970400364252,0
0.2906947510840254,0.8077223365171484,0
0.28604489775935527,0.8051619912014463,0
0.28468185145881364,0.801989802820021,0
0.280976747225143,0.7988742482132363,0
0.2775171033740147,0.7949529161801969,0
0.27524739251217945,0.7896700393167926,0
0.2720343149805817,0.7849451623096293,0
0.2692755699520415,0.7812776485994313,0
0.26417530369509024,0.7776678520597606,0
0.26096434045478745,0.7729472429757873,0
0.2586985328999596,0.7676722453551985,0
0.2557349003768028,0.7621496343154952,0
0.25441515927908753,0.7563220866482769,0
0.2521518726100318,0.7510521777053452,0
0.24943700201659702,0.7447304537656017,0
0.24696938082141173,0.737606563719222,0
0.24425694979485257,0.7312897643062417,0
0.24129941618889106,0.7257794645834323,0
0.2387944911254074,0.7213230481586805,0
0.235387276457228,0.7147647745699413,0
0.2314882627798891,0.70981628300407,0
0.227836856303945,0.7040663475955,0
0.2248416122352097,0.7012227007398586,0
0.22205070269259686,0.7002330349876598,0
0.21811127876513048,0.6979457464793359,0
0.21532043427763803,0.6969562120478532,0
0.21191917215264588,0.6904099543044069,0
0.21011745536839754,0.6862120180878293,0
0.20856350842334592,0.6812129663303264,0
0.20701021202945213,0.6762152277799629,0
0.2054575661867286,0.6712188024367371,0
0.20390557089517536,0.6662236903006455,0
0.2023542261547906,0.6612298913716881,0
0.20100547571616367,0.6580865607170843,0
0.19736418531087452,0.6523570456794854,0
0.19417319399141775,0.6476767520545987,0
0.1909829833333614,0.6429980342782784,0
0.18943511904172539,0.6380112610075059,0
0.18763990776915662,0.6338264568622876,0
0.18375520621750852,0.6289068558534172,0
0.18007160269992717,0.6258347027424893,0
0.1757401963576548,0.6198731357903338,0
0.17185811327445677,0.6149588204401901,0
0.16936979352952797,0.6105359236275909,0
0.1652903693452501,0.6037817441507194,0
0.1634999721513246,0.5996066577383115,0
0.15867644152430316,0.5952542162054648,0
0.1543516708039423,0.5893060439660971,0
0.1490317222544686,0.586554060685458,0
0.1437637312383533,0.5811641837739376,0
0.1389435021585097,0.576818406767309,0
0.1384969112143395,0.5757766706352676,0
0.13730206656372523,0.5771283007517578,0
0.1354111046416051,0.5782357646178546,0
0.1344655748892034,0.5787893980603691,0
0.1335200126092495,0.5793429658425229,0
0.1335200126092495,0.5793429658425229,0
0.1325744178017345,0.5798964679643301,0
0.12934350414552576,0.5778783623023394,0
0.12770171074760128,0.578187534022863,0
0.1249703213956721,0.5745752406727469,0
0.1207940080972989,0.5731110310947027,0
0.11502943652093656,0.5693212841336095,0
0.11135341192446191,0.5662644298858162,0
0.10698182302496662,0.5629645256137081,0
0.10311123843365877,0.5580734211996958,0
0.09759949473181706,0.5534927688831672,0
0.09203276843368968,0.5515439037843297,0
0.08955609355465732,0.5471445133794735,0
0.08493640954039527,0.5446450680447104,0
0.08296257677659824,0.5386581873081191,0
0.08023699359384295,0.535057614331695,0
0.07662281490847533,0.5293828272014967,0
0.07130971341003978,0.5266446654259642,0
0.0683346038999435,0.5238416623311952,0
0.06402756069890003,0.5179292749862974,0
0.057576597590982104,0.5139149942214978,0
0.0532122948645668,0.5106297978693153,0
0.05093435977162919,0.5080730949865266,0
0.04543217917195186,0.5035117468149028,0
0.040374101158226594,0.4999871117580188,0
0.037654177770622965,0.4963979636836786,0
0.03379666925778757,0.49153325473311327,0
0.028740412787335856,0.4880122966562084,0
0.024379720619901235,0.4847343886036306,0
0.0205245540912653,0.4798744071987535,0
0.016417649361322617,0.47580753077126836,0
0.013006308934400579,0.4719837043680979,0
0.008647861168498139,0.4687103268801387,0
0.0061853845687025455,0.46433959722103424,0
0.0018280102122254505,0.46106838652484683,0
-0.0032236273449370856,0.4575567522186166,0
-0.007768112885381484,0.45246632757792504,0
-0.012565003442084333,0.44816766187731005,0
-0.017868265354104906,0.4454493623597173,0
-0.020767428256538878,0.4400568901472184,0
-0.023224944403676062,0.4356961736925289,0
-0.02593564622847211,0.4321256403293443,0
-0.02649551604023692,0.4266709532118753,0
-0.029713028342392533,0.4246798996169012,0
-0.03399678181163068,0.41881452508747685,0
-0.038093537943359124,0.41476813469131457,0
-0.0408014098705749,0.4112033137791755,0
-0.044457234853291894,0.4081872346129707,0
-0.04862164306529593,0.40674705672552136,0
-0.054428804238197515,0.4056141135780713,0
-0.057644527524640665,0.4036266713027157,0
-0.06180893573663937,0.4021864934152699,0
-0.06641250234572738,0.3997195827873128,0
-0.06918870943194655,0.39875959551639184,0
-0.07258780323314085,0.3949604902375672,0
-0.07485354049168258,0.39242840998858775,0
-0.08033342345008876,0.38791207199155586,0
-0.08632328832279157,0.3849688118779433,0
-0.08997566538431911,0.3819596927095592,0
-0.09198437871331322,0.378645177291169,0
-0.09563594258588282,0.37563769963170834,0
-0.09910490034132202,0.37444034195733167,0
-0.10396144119893513,0.3727640412132054,0
-0.10874372688192047,0.3684948570127986,0
-0.11213784396668203,0.3647057977685648,0
-0.11673747474120155,0.36224683204378216,0
-0.12151782503445929,0.357981554634609,0
-0.12447309273394502,0.3552186043574945,0
-0.12760852698367842,0.35065045862205046,0
-0.1304865469731613,0.3453006656414832,0
-0.13336359113589147,0.3399528424716216,0
-0.13449356481246966,0.3386926461188864,0
-0.13788309551149425,0.33491284498496654,0
-0.14229987621219742,0.33426449169794914,0
-0.14455910795906668,0.3317455435203307,0
-0.14758934643946198,0.33157403217164827,0
-0.15157020523514753,0.33194587841963497,0
-0.1557302222267669,0.33051456468035667,0
-0.15919690305312173,0.3293218032309593,0
-0.16163386178335593,0.32500258412177274,0
-0.16494149333153274,0.31864532971542125,0
-0.16634635545389287,0.3112044461524963,0
-0.169908961695441,0.30563376351803306,0
-0.17372828285473219,0.3008461398263691,0
-0.17711181221923944,0.2970784530282824,0
-0.18162227393360908,0.2920567091208177,0
-0.18518078170280106,0.2864942996913147,0
-0.1888204079614404,0.2835109193828025,0
-0.19341068706292397,0.2810708310106058,0
-0.19722517787979577,0.27629295788192465,0
-0.19947835950080162,0.2737862225306742,0
-0.20147263059387654,0.27050086031071174,0
-0.20588641875920644,0.2698585477765185,0
-0.21055924756270805,0.26999459946961224,0
-0.21324524470690776,0.26647393514743634,0
-0.21740028498209973,0.2650526674427507,0
-0.22060371285146907,0.26309004478227394,0
-0.2233736746464814,0.2621426642998621,0
-0.228394996519226,0.2586922254461843,0
-0.2315979039476641,0.256730653351422,0
-0.23523359437173852,0.2537552179460789,0
-0.2381765178628168,0.2510171857743799,0
-0.24111911607830727,0.24827981020624357,0
-0.24475370056539703,0.24530660725303655,0
-0.24726314171832975,0.2435838500895784,0
-0.24994495907128034,0.2400716231232476,0
-0.2528862561844374,0.23733687396938663,0
-0.25747167241594404,0.2349066018205317,0
-0.26024046321884775,0.23396158511096843,0
-0.2660383215100488,0.23284742082556598,0
-0.27002010734114634,0.2332173957533854,0
-0.27512630463633414,0.23233840224948565,0
-0.2788481715851887,0.2319317857796488,0
-0.28230956668330087,0.2307496941382361,0
-0.2831727906903705,0.22872669506278243,0
-0.28689477148567377,0.22831984878170175,0
-0.29104834802073576,0.22690153579307726,0
-0.29563322754752974,0.2244723470401091,0
-0.29978670649991557,0.22305423103254896,0
-0.3021245521142326,0.22311936782339714,0
-0.3076626541609855,0.2212282838385562,0
-0.3120775645270797,0.22058370602206168,0
-0.3151855129899772,0.2160710432881281,0
-0.3170006746784484,0.21458874256489757,0
-0.3204616631820798,0.2134074716779395,0
-0.3253070470871684,0.21175369243620068,0
-0.3266914424886238,0.21128118408141994,0
-0.3308446286929847,0.20986365901707238,0
-0.3323975132512267,0.20760952727206217,0
-0.33378184359756347,0.20713715023799217,0
-0.3342121057074223,0.20612837560507025,0
-0.33898277216538375,0.20880970699575485,0
-0.3417516930785265,0.20786442764476476,0
-0.3457371057323808,0.20822708144279645,0
-0.3471216312440699,0.20775431044658355,0
-0.34929274418975353,0.20959752496839457,0
-0.3499850557369335,0.20936104097975772,0
-0.3517262806396779,0.2122122750403843,0
-0.3522507373174584,0.21375613406501515,0
-0.3517262806396779,0.2122122750403843,0
-0.3517262806396779,0.2122122750403843,0
-0.3526809018446446,0.21274755641317,0
-0.36788233137075466,0.1757117759485496,0
-0.37091239094957906,0.17554062573182705,0
-0.37107837548437317,0.17376405818907337,0
-0.3725589333710264,0.1758402110402546,0
-0.3722960056896305,0.1750696932256126,0
-0.37680707854092965,0.17697377661507474,0
-0.3780250014942137,0.17827882070839962,0
-0.3805581971418661,0.1834351734979922,0
-0.38012920360678315,0.18444138737699411,0
-0.3853339053713789,0.1861063275333663,0
-0.38559702821812536,0.18687645138587072,0
-0.38543112500222776,0.1886528547777342,0
-0.38925240719211907,0.19078833347818502,0
-0.3920501243715311,0.19671198672493873,0
-0.3961357654553872,0.19961509418433465,0
-0.39893434461509436,0.20553700743163006,0
-0.39955805389612387,0.20962328992832902,0
-0.39903154798216534,0.20808356750617385,0
-0.39781247030055766,0.20678085435551985,0
-0.3970227602209562,0.2044711722317505,0
-0.39537451010269464,0.20417503409205828,0
-0.3948481017714087,0.20263511468883522,0
-0.39563771426833405,0.20494499379366893,0
-0.39537451010269464,0.20417503409205828,0
-0.3948481017714087,0.20263511468883522,0
-0.39458489760576576,0.2018651549872228,0
-0.3929368101252919,0.20156868854574483,0
-0.39267363848720827,0.2007986631837788,0
-0.39171805771927026,0.20026531879151932,0
-0.3892115115190329,0.2019822321832212,0
-0.3871342353381255,0.20269237358288805,0
-0.38367210836995014,0.203875942582334,0
-0.3829796829763108,0.20411265638222176,0
-0.3836018959896563,0.2082019592553337,0
-0.3836018959896563,0.2082019592553337,0
-0.3829093892771258,0.20843883720611345,0
-0.3836018959896563,0.2082019592553337,0
-0.3829093892771258,0.20843883720611345,0
-0.3833389683082604,0.20743144144068992,0
-0.38264647785950956,0.20766828656129022,0
-0.3819539874107569,0.20790513168189406,0
-0.38264647785950956,0.20766828656129022,0
-0.38169109225691855,0.20713454820689137,0
-0.3819539874107569,0.20790513168189406,0
-0.3829796829763108,0.20411265638222176,0
-0.3834091481609949,0.20310549042804382,0
-0.3834091481609949,0.20310549042804382,0
-0.3829796829763108,0.20411265638222176,0
-0.38271673903113523,0.20334217139775568,0
-0.38271673903113523,0.20334217139775568,0
-0.38367210836995014,0.203875942582334,0
-0.381594832189041,0.20458608398199907,0
-0.3825501852640727,0.20511988799675507,0
-0.381594832189041,0.20458608398199907,0
-0.381594832189041,0.20458608398199907,0
-0.381594832189041,0.20458608398199907,0
-0.3832426269214846,0.20488314136668606,0
-0.3832426269214846,0.20488314136668606,0
-0.3822872575826768,0.2043493701821113,0
-0.3822872575826768,0.2043493701821113,0
-0.3829796829763108,0.20411265638222176,0
-0.3825501852640727,0.20511988799675507,0
-0.3832426269214846,0.20488314136668606,0
-0.3825501852640727,0.20511988799675507,0
-0.3825501852640727,0.20511988799675507,0
-0.3811653019492436,0.20559338125688775,0
-0.3811653019492436,0.20559338125688775,0
-0.3811653019492436,0.20559338125688775,0
-0.38047286029182814,0.20583012788695676,0
-0.3814281971030802,0.20636396473189222,0
-0.3811653019492436,0.20559338125688775,0
-0.38073573918188686,0.20660074419213714,0
-0.38073573918188686,0.20660074419213714,0
-0.38099861807194557,0.20737136049731575,0
-0.38099861807194557,0.20737136049731575,0
-0.3819539874107569,0.20790513168189406,0
-0.3821206550242735,0.20612718527164375,0
-0.38169109225691855,0.20713454820689137,0
-0.3821206550242735,0.20612718527164375,0
-0.3803061438869726,0.20760817278773835,0
-0.38056900651325165,0.20837882192309465,0
-0.3816204570183679,0.2114614184645287,0
-0.3813575943920906,0.2106907693291724,0
-0.3816204570183679,0.2114614184645287,0
-0.3816204570183679,0.2114614184645287,0
-0.3806650551520008,0.2109277129403111,0
-0.381524375852063,0.20891259310767651,0
-0.38056900651325165,0.20837882192309465,0
-0.38056900651325165,0.20837882192309465,0
-0.38169109225691855,0.20713454820689137,0
-0.3814281971030802,0.20636396473189222,0
-0.3808318691395325,0.20914947105845627,0
-0.3809279015145002,0.21169839490584685,0
-0.3809279015145002,0.21169839490584685,0
-0.3809279015145002,0.21169839490584685,0
-0.3809279015145002,0.21169839490584685,0
-0.3798056043417013,0.21294309541437073,0
-0.3788502350028917,0.21240932422979597,0
-0.3804022087894996,0.21015703097477356,0
-0.3804022087894996,0.21015703097477356,0
-0.4884334460014568,0.29672976302040865,0
-0.4892269130140523,0.2990318613729599,0
-0.4882675265217813,0.29850619924245336,0
-0.48810154198699074,0.3002827667852088,0
-0.48783708551034977,0.29951533500732985,0
-0.48687773154563807,0.2989896072164697,0
-0.48634885111991544,0.29745467800035996,0
-0.48538956221031704,0.2969288188887784,0
-0.4845962903630703,0.29462632657408605,0
-0.48310826740176793,0.29256524277479556,0
-0.48257945203116215,0.29103018223797505,0
-0.4808271677585676,0.28820127269866624,0
-0.480033993493997,0.2858985834029042,0
-0.4788106384384623,0.284604504589165,0
-0.4775873484380444,0.283310294454715,0
-0.47662846612292675,0.2827836145886735,0
-0.47593394270177747,0.28302456348157534,0
-0.47480918969832153,0.28427422134704194,0
-0.4746432051635274,0.2860507888897956,0
-0.4739486329510392,0.2862918362732376,0
-0.47219708054850784,0.2834614493759009,0
-0.47203103095859866,0.2852381482393689,0
-0.4705438537138118,0.283175357270796,0
-0.4698493628202165,0.28341624050334424,0
-0.469154871926623,0.28365712373589247,0
-0.46872454476164727,0.2846660296895269,0
-0.4677658901394377,0.2841388902009854,0
-0.4668072680447892,0.283611685052092,0
-0.46637690835225243,0.28462065666608183,0
-0.4649879265650636,0.28510242313117473,0
-0.46472384415534584,0.28433423625920007,0
-0.464029369525532,0.2845750866615653,0
-0.4631684875026689,0.2865933581913289,0
-0.4623074753695704,0.28861189236251583,0
-0.4623074753695704,0.28861189236251583,0
-0.46187692051168483,0.289621257938645,0
-0.46048780861426053,0.2901032870451665,0
-0.4600571887012581,0.29111278394201356,0
-0.46015437580454943,0.29365937684673327,0
-0.459459754800724,0.2939005227207083,0
-0.45859825475425,0.29592004179725073,0
-0.45859825475425,0.29592004179725073,0
-0.45790360122286167,0.29616125333158294,0
-0.4574727861445087,0.2971711441905658,0
-0.45608344655417987,0.2976536329195838,0
-0.45608344655417987,0.2976536329195838,0
-0.4551249870973244,0.29712609946890467,0
-0.4534719229004178,0.2968396790620176,0
-0.4530410265031666,0.29784973407189597,0
-0.45208264836520407,0.2973220364703266,0
-0.4499022975929403,0.2954974694898507,0
-0.4489440333014336,0.2949695420770304,0
-0.4477221419860271,0.2936725085472389,0
-0.4463330626161621,0.2941544719934033,0
-0.4456385229312332,0.294395453716481,0
-0.4441531997572721,0.29232892010757183,0
-0.4427642179700886,0.2928106865726683,0
-0.4415426356664849,0.2915130292694812,0
-0.440584647859227,0.29098454374363314,0
-0.438668769827375,0.28992737571085136,0
-0.4367530219057656,0.28886994503664454,0
-0.43526830049163756,0.28680219671113605,0
-0.43361622838526337,0.2865137736633727,0
-0.43196422133400425,0.2862252192948933,0
-0.4310065588023271,0.2856960771654684,0
-0.43031227933786376,0.2859365336056978,0
-0.42674530502639385,0.28458897271444883,0
-0.4266496304545715,0.28203932660313313,0
-0.4244714590287142,0.28021036037874936,0
-0.4239449205871981,0.2786707036169531,0
-0.42246106115336524,0.2766012152919899,0
-0.42107295761025654,0.2770812089274486,0
-0.4201157016730601,0.2765512460435655,0
-0.41750728440112184,0.275731021621926,0
-0.4157607249788029,0.27289055585981536,0
-0.4131527305651268,0.2720694778535364,0
-0.41097574639515244,0.2702381150261335,0
-0.4090619826546025,0.2691766790701635,0
-0.4068853562877752,0.2673445939788355,0
-0.4049718852952484,0.2662825670796529,0
-0.4023648341807622,0.26545958492302546,0
-0.40705311357449503,0.26556444794663214,0
-0.4060963780782352,0.26503343449704175,0
-0.4054026515822642,0.2652727747112049,0
-0.4060963780782352,0.26503343449704175,0
-0.4067901045742044,0.2647940942828786,0
-0.40705311357449503,0.26556444794663214,0
-0.40635937081474793,0.26580382099096944,0
-0.40437318281993306,0.2690728666122677,0
-0.4024598094100842,0.26801064273201547,0
-0.4079373272338245,0.27042613995455866,0
-0.40671753394593146,0.26912487133175134,0
-0.4073161225747892,0.2663348016103875,0
-0.40800988159831775,0.26609539573586893,0
-0.4120048898818993,0.26643867972864044,0
-0.4117417832989325,0.26566852304595834,0
-0.4098280846134976,0.26460695576926874,0
-0.4084405990939963,0.2650857018579522,0
-0.4082729068623898,0.26686571656944125,0
-0.40652709557391375,0.2640237406191286,0
-0.5732600450094303,0.41563429629012205,0
-0.5744885556829686,0.4169179679373016,0
-0.5744885556829686,0.4169179679373016,0
-0.5747539717225827,0.4176834627346526,0
-0.57518626680484,0.41667058432943094,0
-0.57518626680484,0.41667058432943094,0
-0.5787736033678623,0.41797704183731454,0
-0.5800023905256477,0.41926015537146455,0
-0.583256798456107,0.42412168494538705,0
-0.5844858295705819,0.4254043060268575,0
-0.5837878907558007,0.4256521492572283,0
-0.5837878907558007,0.4256521492572283,0
-0.583256798456107,0.42412168494538705,0
-0.5825588921688833,0.4243694625153953,0
-0.5825588921688833,0.4243694625153953,0
-0.581595472259373,0.4238519422691276,0
-0.5813299586370864,0.4230866444528516,0
-0.5803665875189115,0.4225690257160508,0
-0.5782730150312521,0.42331206295448,0
-0.5780075664640822,0.4225466338174897,0
-0.5784399428652378,0.42153359126138135,0
-0.5767788606251898,0.421263356132453,0
-0.5767788606251898,0.421263356132453,0
-0.5760810519206441,0.4215109367213934,0
-0.5758156358810318,0.42074544192404595,0
-0.5736239004633337,0.41894385606845574,0
-0.5729261568139012,0.41919130533668536,0
-0.5752848038018072,0.41921445232935106,0
-0.5752848038018072,0.41921445232935106,0
-0.575019387762195,0.41844895753200007,0
-0.5747539717225827,0.4176834627346526,0
-0.5777421178969107,0.4217812046804994,0
-0.5767788606251898,0.421263356132453,0
-0.5758156358810318,0.42074544192404595,0
-0.575117843440264,0.4209929896828086,0
-0.5748524436644296,0.4202274620552817,0
-0.5738892839753866,0.4197094165261621,0
-0.5726607895656262,0.4184257120488013,0
-0.5716977111954762,0.4179075023687915,0
-0.5773780835414364,0.41847200603412915,0
-0.5796380634221485,0.41595154766830156,0
-0.5782426086508448,0.41644638054440364,0
-0.5807679557798267,0.4146915154664601,0
-0.5807679557798267,0.4146915154664601,0
-0.5826945679059445,0.4157270155814885,0
-0.5853190863192808,0.4165147381265051,0
-0.5890736922556492,0.41604203450753907,0
-0.5937920921684512,0.41608609604073266,0
-0.598344832822038,0.41790606851311196,0
-0.6012363611253537,0.4194560684979969,0
-0.6021002682111458,0.4174316905550448,0
-0.6029640451867078,0.4154075752535302,0
-0.6060216230799291,0.4151808763749365,0
-0.6092449090236975,0.4131781680666258,0
-0.6119355413449679,0.40964814714360287,0
-0.6127986352418056,0.4076254107095778,0
-0.6122660792019872,0.4060979011137924,0
-0.6126975448315086,0.40508669704767186,0
-0.6160212381068444,0.4056240812687584,0
-0.6201444647844188,0.408451318185854,0
-0.6221745255688127,0.4120207715869171,0
-0.6283928697930659,0.41410185239863395,0
-0.6332161495767181,0.41667697816216176,0
-0.6361732225556889,0.4139103837352458,0
-0.6403616361057836,0.41242174850446567,0
-0.6386987160586894,0.412155223185696,0
-0.6370358610667104,0.41188856654621375,0
-0.6360710912635241,0.4113737712047598,0
-0.6355376244520716,0.409848100098964,0
-0.6342039574234342,0.4060339223344762,0
-0.637057240204765,0.40073406405526946,0
-0.6396426185882653,0.3946737339960116,0
-0.6397032678663948,0.39036702146791313,0
-0.6392296046165455,0.3845363450032977,0
-0.6393931170568994,0.3827647676476591,0
-0.6423464331028814,0.3800057569919524,0
-0.6424057487511128,0.3757017365384865,0
-0.6438593481785517,0.3709052469817635,0
-0.6494377843976977,0.3689327441544723,0
-0.6550162206168455,0.36696024132718286,0
-0.6624189425045888,0.3634870200465752,0
-0.6656376745901813,0.36149350418821946,0
-0.6719131225886965,0.3592750294507283,0
-0.6811913216352607,0.36112481515887396,0
-0.6867702782953415,0.35915126176587187,0
-0.6920809402268944,0.35641802451710447,0
-0.6959966678280747,0.3541785695787265,0
-0.7003410148974218,0.35093365585544944,0
-0.7082800497579829,0.3489803603994108,0
-0.716916779476632,0.34677971416568454,0
-0.7238901500261523,0.3443134290280021,0
-0.7337632946150343,0.34338049897474576,0
-0.7424013742273594,0.3411771278362128,0
-0.749263912362844,0.33619179431348734,0
-0.7523691285108356,0.33168464704953315,0
-0.7594994897252505,0.3274599494577508,0
-0.7660448425664406,0.3259979083883735,0
-0.7720500929742595,0.3230235909259811,0
-0.7783253945987614,0.32080541166009624,0
-0.7823525238462494,0.32108385605051737,0
-0.7837471003734766,0.32059079600405127,0
-0.7866504849718226,0.32211686278887086,0
-0.7888567764718992,0.32388906563478237,0
-0.7905221198220964,0.3241506992569718,0
-0.7916463198570565,0.3229021576175679,0
-0.7915318443564843,0.32039046319249564,0
-0.7943211925762927,0.31940394913742054,0
-0.795289231399094,0.3199121456130154,0
-0.796413203741146,0.3186640635961169,0
-0.7982344318192585,0.3171695172163371,0
-0.8004820187002188,0.3146740754464581,0
-0.8025738834910641,0.3139344853767625,0
-0.803968460018293,0.3134414253302946,0
-0.80644688449879,0.31596556410987375,0
-0.8078415911362544,0.3154722414219808,0
-0.8102046943996584,0.3154863929457612,0
-0.8129941727297023,0.3144996162492575,0
-0.8160548244771881,0.3142667124669547,0
-0.8186894264336289,0.3150340803013538,0
-0.8195030930599803,0.31729540357232366,0
-0.8197743152687647,0.31804917799598265,0
-0.8196580832800393,0.31554102923017524,0
-0.8196580832800393,0.31554102923017524,0
-0.8210529525552932,0.3150473782405001,0
-0.8235330359412654,0.31756816834187873,0
-0.823378110776325,0.3193224113633164,0
-0.8236493980402262,0.3200760544662593,0
-0.8237656625565126,0.32258413757171134,0
-0.8236105747537792,0.3243387088949312,0
-0.8244243389628085,0.3265998351848296,0
-0.8255093579081816,0.32961467023803337,0
-0.829540748265817,0.3298845131217014,0
-0.8303935634542015,0.3278825253604314,0
-0.8337274053277568,0.328399423550195,0
-0.8346966314064392,0.32890522342276896,0
-0.8374878011695159,0.3279150323877129,0
-0.8408221309564485,0.32843094567212106,0
-0.8403958697362697,0.32943164408115067,0
-0.8406674334844162,0.33018472907105867,0
-0.8420631484761874,0.3296893709121065,0
-0.844002121074487,0.33069992009154703,0
-0.8466391463340255,0.33146239622936413,0
-0.8490046403729732,0.3314717217169232,0
-0.8516420071718755,0.33223350842099464,0
-0.854433892541234,0.33124187285808837,0
-0.8557121394970615,0.3282408610268863,0
-0.856564141496488,0.32624051477453264,0
-0.8589297819094472,0.32624954479048185,0
-0.8589297819094472,0.32624954479048185,0
-0.8603255944838963,0.32575398965045643,0
-0.8608696002242695,0.32725838680064356,0
-0.8637795716531826,0.32877115736321016,0
-0.8630815840470643,0.329019099084114,0
-0.8633536194448084,0.3297712319988513,0
-0.8616856088348257,0.32951498252592337,0
-0.8605616039652109,0.3307631302031826,0
-0.8608335743078381,0.33151539443863065,0
-0.8638976902402966,0.3312754978283241,0
-0.8650216951099079,0.3300273501510613,0
-0.8679321056608647,0.3315392342988108,0
-0.8686301745858795,0.331291128427015,0
-0.870570643451865,0.33229865723003904,0
-0.8708428089598428,0.3330505275033495,0
-0.8692926892440642,0.3352990781180303,0
-0.8702629724683941,0.3358027440290101,0
-0.8692926892440642,0.3352990781180303,0
-0.8701446912434889,0.3332987318656837,0
-0.871931470991754,0.3360580085965843,0
-0.8731740173067362,0.3373133477998014,0
-0.874688826712374,0.3393203602952557,0
-0.8771742771454836,0.34183031643775763,0
-0.8809029407085234,0.34559426574616836,0
-0.8831167298108085,0.34735133387983197,0
-0.8860292383892805,0.34885898293456563,0
-0.8890957613610553,0.34861422745785475,0
-0.8932870048087285,0.34711987977603265,0
-0.893985545383341,0.3468708218290608,0
-0.8927419581864893,0.3456175837572655,0
-0.8949908136422327,0.34311958123347175,0
-0.8962344984217605,0.3443726223241974,0
