-1.046344720837693,0.4970293446289453,0
-1.0475963098139083,0.4982664302529649,0
-1.048726738876299,0.4970053146552367,0
-1.0474751011087484,0.49576832752175193,0
-1.048726738876299,0.4970053146552367,0
-1.0460701808179529,0.49628226756168203,0
-1.0480242462033456,0.49726235033556065,0
-1.0456422444285174,0.49728634747908984,0
-1.0485733912979391,0.4987563731493676,0
-1.0478708660974263,0.49901347449004696,0
-1.0478708660974263,0.49901347449004696,0
-1.0471683408969135,0.4992705758307281,0
-1.044511782838562,0.4985475287371788,0
-1.0438092901656066,0.49880456441749743,0
-1.0464658156963988,0.49952767717140745,0
-1.0464658156963988,0.49952767717140745,0
-1.0471683408969135,0.4992705758307281,0
-1.0464658156963988,0.49952767717140745,0
-1.0493971089398375,0.500997407370086,0
-1.0467403394523593,0.500274787068852,0
-1.0454887830036999,0.4990376357844717,0
-1.0457632904958807,0.49978477851209036,0
-1.0461912919404366,0.49878056727397,0
-1.0461912919404366,0.49878056727397,0
-1.0459167681844779,0.4980334573765308,0
-1.0459167681844779,0.4980334573765308,0
-1.0459167681844779,0.4980334573765308,0
-1.0454887830036999,0.4990376357844717,0
-1.0459167681844779,0.4980334573765308,0
-1.0454887830036999,0.4990376357844717,0
-1.0408456140922784,0.5015844878968512,0
-1.0361683709179346,0.5083844080258118,0
-1.0312152703577375,0.5144399103319586,0
-1.0255579206364303,0.5207559939777013,0
-1.0206018112770785,0.5268175698668554,0
-1.0170501342951486,0.5323661906214241,0
-1.0108411999123685,0.5371931759801214,0
-1.004201580561464,0.5430297895563712,0
-1.0002163236587158,0.5495938823002575,0
-0.995956429153555,0.5554110949579538,0
-0.9918942351981261,0.5552034324321831,0
-0.9884936776568054,0.5590054924270689,0
-0.9828676210921792,0.5610741220167341,0
-0.9768542079127194,0.5598806314358704,0
-0.973022022104086,0.564694223798659,0
-0.9693028317921168,0.5720224981327569,0
-0.966171853817885,0.5765816483993138,0
-0.961792198083911,0.579897836439919,0
-0.9554609815865422,0.5822288858591698,0
-0.9520560328248404,0.5860398100022213,0
-0.9443173426233447,0.5888899537994163,0
-0.9382573158071992,0.591974843302685,0
-0.9309505140934817,0.5938129294491183,0
-0.9208806806002059,0.5924001216291508,0
-0.9149821820433566,0.5937174390585405,0
-0.9103809265364298,0.5919953990083524,0
-0.9049156663610329,0.592297933882179,0
-0.9037799678341827,0.5935696864577107,0
-0.8997216934495391,0.5933541118589485,0
-0.8981533908286234,0.5956393666130904,0
-0.8958815383891015,0.5981837910091556,0
-0.8929060385483041,0.6009875820282069,0
-0.8894973328536064,0.6048060899424712,0
-0.885817600115475,0.6078704294709407,0
-0.8817043037203103,0.6119502081585395,0
-0.8773201103919419,0.615275555818922,0
-0.8725019630758357,0.6196171305627161,0
-0.8667094503268196,0.6234632797703146,0
-0.8625935029356455,0.627548409776999,0
-0.8572337569184825,0.6303807285042033,0
-0.852412877287474,0.634727818717975,0
-0.8501368938480383,0.6372805819793541,0
-0.8478606501881352,0.6398338705235886,0
-0.8482345078662394,0.6431232397422058,0
-0.8466616188595903,0.6454177526066562,0
-0.8488776360996262,0.647170323005879,0
-0.8498510094420038,0.6476677511829614,0
-0.8519021480842319,0.6511946566728088,0
-0.8548227560247419,0.6526859562986935,0
-0.8573090196468112,0.6551942709322827,0
-0.8590913105920173,0.6579626087924257,0
-0.8620127479852631,0.6594522340792146,0
-0.8639605355518896,0.6604449893019524,0
-0.8664477424731505,0.662951399785193,0
-0.8675263209619626,0.6659792355890417,0
-0.8629688243981644,0.6710959243724588,0
-0.8602545770695027,0.674673614714532,0
-0.8601924640512486,0.6789832819586881,0
-0.8617053543309421,0.6809941684151966,0
-0.8612700667133097,0.6820130875732406,0
-0.8617053543309421,0.6809941684151966,0
-0.8617053543309421,0.6809941684151966,0
-0.8640888849010118,0.6809670852348937,0
-0.8631147308972338,0.6804712329063776,0
-0.8624100426140888,0.6807327006607853,0
-0.8635499534597493,0.6794524450690442,0
-0.8628452814403822,0.6797138799932743,0
-0.8628452814403822,0.6797138799932743,0
-0.8644203010021076,0.6774150663754526,0
-0.9066326781807881,0.6771617550061784,0
-0.9071733986377613,0.678672783852404,0
-0.9108045335581494,0.6798908296898318,0
-0.9147065491479562,0.681863339384666,0
-0.9166577521082111,0.6828492002699384,0
-0.9193142288476626,0.6835724115143851,0
-0.9229467136617231,0.6847877324470062,0
-0.925169106303203,0.6865274334162947,0
-0.9288022741959878,0.6877413754814246,0
-0.9324358324194737,0.6889545296222721,0
-0.9346590057223523,0.6906926547429943,0
-0.9378586912769968,0.6929218718163668,0
-0.9410587671623425,0.6951503009654552,0
-0.9442592333783875,0.6973779421902666,0
-0.9482731710554315,0.7018673006481855,0
-0.9521803259994677,0.7038294360066395,0
-0.9554897217673801,0.7085799667473616,0
-0.9585284157674412,0.7125756724987173,0
-0.9622735708025854,0.7163063320062193,0
-0.9650419045741607,0.7195465233344631,0
-0.9680818346214402,0.7235397339922631,0
-0.9730775214871539,0.7285096130853788,0
-0.9751406627984238,0.7320122899035653,0
-0.9811717547058691,0.7331700940804957,0
-0.9863336700630612,0.7363629131781853,0
-0.9914965612470006,0.7395537624651709,0
-0.9959536094194732,0.7430084104492245,0
-1.0013901298515222,0.7469481752934595,0
-1.0068277887481099,0.7508856420252066,0
-1.0101451049764911,0.7556201844690413,0
-1.015149379117613,0.7605727292279632,0
-1.0191752706723687,0.7650379575047488,0
-1.0239093634865757,0.7692346267085952,0
-1.0288077006112033,0.7716582411987716,0
-1.0327269558069556,0.773595950904495,0
-1.03648352801509,0.7773035636267505,0
-1.043072124599636,0.7799385159057941,0
-1.0481367064795233,0.7805850375703631,0
-1.0537470180603794,0.7827324763862045,0
-1.0593583054679794,0.7848779453913437,0
-1.0639896652301921,0.7865392167813035,0
-1.0684591064024112,0.789968848169412,0
-1.0733647622276727,0.7923776890793093,0
-1.078817188635771,0.7962853460090606,0
-1.0851416540192602,0.7981522099066591,0
-1.0879242999165246,0.8013635106779073,0
-1.093541962725574,0.8034961102531053,0
-1.0981785431609072,0.8051468431557947,0
-1.1022690035645724,0.8052974468314922,0
-1.1076155580112896,0.8066760421717909,0
-1.109965388385362,0.8109012719139592,0
-1.1140070232783756,0.8153347205780506,0
-1.114554119136793,0.8168328799943385,0
-1.1182112761038887,0.8179983975463188,0
-1.1228516947911107,0.8196413825268998,0
-1.1282020224345999,0.8210123612658098,0
-1.1342624541997086,0.8221109398008952,0
-1.1396144082211208,0.8234786355219601,0
-1.1468213539262422,0.8232836294128703,0
-1.1521749668531296,0.82464797645574,0
-1.1585132889764935,0.8264868690413376,0
-1.165127224529023,0.8290706719024197,0
-1.1724523050850397,0.8313799734282661,0
-1.1790690705351459,0.8339580638383097,0
-1.1845878710716473,0.8335474520171609,0
-1.191366994233789,0.8343562960142314,0
-1.1974371192112976,0.8354353077629852,0
-1.2037833455313471,0.8372582448818786,0
-1.2085946441509012,0.8371147804360053,0
-1.2151021222459963,0.8371707035940581,0
-1.2193633324717617,0.8355351204847246,0
-1.2258718839762857,0.835588876851002,0
-1.2316709168552418,0.8359138515346736,0
-1.23691888551366,0.8347486773655888,0
-1.2421670818649844,0.8335830435740057,0
-1.2469812429096745,0.8334338010167333,0
-1.2515196116236282,0.8325400093159399,0
-1.2581893661118606,0.8308268502119152,0
-1.2634385870812732,0.829659148119088,0
-1.270108894538005,0.8279448727889971,0
-1.2746481577598097,0.8270492754283882,0
-1.2804516794418248,0.8273651889828226,0
-1.2874000236308216,0.8263909322316287,0
-1.2934819561120232,0.8274461092708627,0
-1.2982998252983702,0.8272893814329123,0
-1.3032391471465612,0.8296302638735025,0
-1.3103116437847486,0.8311481675912393,0
-1.3178187937531831,0.831648432527885,0
-1.3253271147137138,0.8321463336916857,0
-1.3322809885876303,0.8311609146798364,0
-1.3400693141977165,0.8323948619709505,0
-1.3492813284997816,0.8330769831962535,0
-1.3546609309458209,0.8343888676140221,0
-1.362453420083373,0.8356144103794669,0
-1.3705258976066972,0.8375760321024064,0
-1.377610022847012,0.8390704622425744,0
-1.3818493729080235,0.8416632916858333,0
-1.3903589758560315,0.8426022844405683,0
-1.3967351600573554,0.8443647483708308,0
-1.402554262439839,0.844649210614346,0
-1.4092390934513812,0.8429056179349352,0
-1.4146269904248108,0.8442007589617209,0
-1.4181860495169776,0.8428215220989657,0
-1.423015986427485,0.8426404342686382,0
-1.4271344367951446,0.8427345372072885,0
-1.43252454564254,0.8440252133298092,0
-1.436923634947135,0.8448540820188235,0
-1.4419075699871708,0.8429206224872274,0
-1.4471715259405364,0.8417231762527653,0
-1.4517236863392409,0.8408015445606836,0
-1.459124199948672,0.8387742909262528,0
-1.4658129830585622,0.8370227205134952,0
-1.4723511021136595,0.8370167916154223,0
-1.476343074311698,0.8346234288006684,0
-1.482190265886361,0.8306669045332633,0
-1.4873248487174138,0.8269878363171479,0
-1.4924589111075264,0.8233098186667451,0
-1.4981548368675632,0.8211001506306292,0
-1.5035694406119422,0.8181570957116548,0
-1.5077089542191686,0.8140243947764585,0
-1.5129739835819578,0.8128247817502228,0
-1.5192328786489089,0.8120812308762737,0
-1.5230745120677387,0.8114328529726436,0
-1.5286221970760892,0.8109639347546462,0
-1.5358764703786623,0.8106733928263896,0
-1.5414252450602142,0.8102022749864393,0
-1.5475389732297415,0.8111932690268819,0
-1.554648226008906,0.8126369765414143,0
-1.5597691618836969,0.8131697416378003,0
-1.5656030317776857,0.8134243940793233,0
-1.572579642414917,0.812393078478058,0
-1.5784148622025782,0.8126450060147725,0
-1.584680262781207,0.8118883230694589,0
-1.5905261695173145,0.8079343923861444,0
-1.5960796606948335,0.807453753794455,0
-1.6037710919496497,0.8061405172376386,0
-1.6096164457172613,0.8021877027803903,0
-1.6163123035711031,0.8004218512400207,0
-1.622156925468655,0.7964705141408039,0
-1.627428004957304,0.7952586882881967,0
-1.6336958776303678,0.7944970151557662,0
-1.6393958368076476,0.7922792052354097,0
-1.641105076097885,0.7924522302060737,0
-1.6456644901421136,0.7915159562544218,0
-1.6516491867286867,0.7900246388794621,0
-1.653502291814016,0.7884657453500044,0
-1.653217765833853,0.7877388260122871,0
-1.653645734750846,0.7867346804345203,0
-1.6539302769947906,0.7874615669420635,0
-1.6539302769947906,0.7874615669420635,0
-1.6533611925069032,0.7860077939269843,0
-1.6529332398536898,0.7870119066745644,0
-1.6525052546729118,0.7880160850825089,0
-1.6519362352401412,0.7865621807467118,0
-1.6522207449565265,0.7872891329146103,0
-1.6522207449565265,0.7872891329146103,0
-1.653645734750846,0.7867346804345203,0
-1.6556398740881697,0.787633869648797,0
-1.6634762266382133,0.7887708694230753,0
-1.6717418492075815,0.788901097205315,0
-1.6804364490482584,0.7880251439387322,0
-1.6875641937443646,0.789431523540415,0
-1.697686857233629,0.7879949128900243,0
-1.7082402853643917,0.7897327986639961,0
-1.7173702850236428,0.7920219852209307,0
-1.7283561708744628,0.7927466642878951,0
-1.7407711449919567,0.7929086176698164,0
-1.7523351579918902,0.7950688161726749,0
-1.765902971013995,0.7981087027638285,0
-1.7759001305148754,0.7983669453421385,0
-1.7864733679287,0.8000648439588076,0
-1.7976238542475667,0.803200034840998,0
-1.8102059659826608,0.805767378530307,0
-1.8199353658142137,0.8094491426497719,0
-1.826522551045624,0.8135284538962573,0
-1.8333991413909558,0.8183248354269388,0
-1.8372699341203642,0.8218018818062411,0
-1.841141312345826,0.8252777462991148,0
-1.8475949104905958,0.8310682273729686,0
-1.8534739269901106,0.8354160320320414,0
-1.8600693416937943,0.8394787312082528,0
-1.868950498104427,0.8409689690160427,0
-1.8761145272919144,0.8423021044896952,0
-1.882702608676695,0.8421953212835582,0
-1.8891535737347507,0.8438068320534953,0
-1.8963211646898817,0.8451327777180833,0
-1.9010544007649557,0.8465884008704876,0
-1.9079351400194984,0.8471921219128635,0
-1.912807200118115,0.8469260039204585,0
-1.9196896308056957,0.8475263106242785,0
-1.9214104011153808,0.8476760589984522,0
-1.9303047311871584,0.8491397043617255,0
-1.9360477064148913,0.8510193474122971,0
-1.9435133710782537,0.853044864875983,0
-1.9506907365646775,0.854351079603342,0
-1.9571532326421792,0.8559393137767941,0
-1.9652034323836673,0.8593874155860703,0
-1.972675244755564,0.8614005232423168,0
-1.9788514258371919,0.8622654493976771,0
-1.9837310973844726,0.861983966881775,0
-1.9844475931713124,0.8616986644178439,0
-1.9907804867880792,0.864990025024948,0
-1.9969594489759501,0.8658493372197995,0
-2.0011243324332018,0.8658497099991003,0
-2.004011684540915,0.8688496500817511,0
-2.0086239542220063,0.8719909668430859,0
-2.013818839855274,0.8765587419110563,0
-2.016707623175554,0.8795557929380102,0
-2.0211869075298363,0.884407064810107,0
-2.0266753943320612,0.889683439976249,0
-2.033600092936247,0.8943827098391992,0
-2.037499916511514,0.8978011543500433,0
-2.0421180411531186,0.9009306522471423,0
-2.0474547596090797,0.9037706125872962,0
-2.051356632420525,0.907184920495661,0
-2.051512889569846,0.9096122741924049,0
-2.052834541261312,0.9148922162006556,0
-2.054447322027297,0.920885748494193,0
-2.0556127490969995,0.923738271145341,0
-2.055050184739052,0.9264556220215354,0
-2.0543516099913663,0.9308890344216714,0
-2.0543710272982096,0.9350341239814686,0
-2.055108680616266,0.9388903982482404,0
-2.0567009706659807,0.9407410077737559,0
-2.057574699428896,0.9428810891958666,0
-2.0581571852708382,0.9443078101439362,0
-2.061205950145874,0.9497246967567818,0
-2.0610696144805516,0.9514414148843002,0
-2.0643913434342593,0.9534242742988965,0
-2.0646826351465677,0.9541375362823956,0
-2.066994478573612,0.9556966712704416,0
-2.0677320343089907,0.959553142518283,0
-2.068451099772947,0.9592626528861601,0
-2.068159775533079,0.9585494565630199,0
-2.068451099772947,0.9592626528861601,0
-2.068159775533079,0.9585494565630199,0
-2.0677320343089907,0.959553142518283,0
-2.0727843081036834,0.9616660193698294,0
-2.0746690771215874,0.9642274942758249,0
-2.077992530035889,0.9662068736915082,0
-2.082054465720992,0.9720408530348674,0
-2.0869730223188068,0.9758651623552055,0
-2.0851241604343365,0.9815997760009161,0
-2.0899067391699706,0.9871400811848439,0
-2.0910905589284283,0.9941397616970296,0
-2.0921365955452096,1.0028590822226047,0
-2.091141833687681,1.0065891145229493,0
-2.088706208587336,1.0109056415575033,0
-2.084706442748036,1.0216833076133405,0
-2.0808416952079405,1.030746914786116,0
-2.0769743129356186,1.0398158404477922,0
-2.075115400035605,1.0455707431437578,0
-2.0713834426569733,1.0529247891679034,0
-2.070544448389871,1.0632674488631562,0
-2.0705744501259424,1.0757597435624309,0
-2.070020827555526,1.0868276154261274,0
-2.069456814075716,1.0937321769810069,0
-2.0674552047271995,1.1054009231970614,0
-2.06400009682495,1.1134973844031393,0
-2.0641537663878644,1.120114246891065,0
-2.062139749421341,1.1276237537404263,0
-2.0640261919629808,1.134366135930856,0
-2.066059230969108,1.1435553729440144,0
-2.0633184395072917,1.1513709309300602,0
-2.062167579847202,1.161041858817498,0
-2.0611586343287023,1.1689848078262237,0
-2.056242626207675,1.1777082105463155,0
-2.055519558208525,1.1821910651951377,0
-2.054651128146597,1.1884088587204964,0
-2.0559513750591325,1.197916294036343,0
-2.055224564745254,1.2065909884190127,0
-2.0540612145027435,1.2162871298834705,0
-2.0491362304211194,1.2208443660692314,0
-2.0459473859205133,1.225520326110562,0
-2.0411626554294813,1.23253722088862,0
-2.0386903375977656,1.2411121015984818,0
-2.0376713589730144,1.2448910180344708,0
-2.038241824236618,1.2505262892771984,0
-2.0370812583913818,1.251848239195521,0
-2.036497421010253,1.2546085319450686,0
-2.0328746079036435,1.2561164631071868,0
-2.033879840343948,1.2607338657575777,0
-2.035321336228634,1.2643303794392153,0
-2.0325706108887562,1.2637974190786476,0
-2.0316976286141717,1.2658401162611455,0
-2.031549290279804,1.2675810630603284,0
-2.0338635407461663,1.26913533918197,0
-2.0331299988732177,1.2736393364656848,0
-2.0348591108561163,1.2779565317511494,0
-2.035426176989869,1.2835986645011594,0
-2.035555662313122,1.2902643454643847,0
-2.0361216713012293,1.295908612175996,0
-2.036975263859988,1.3022736261517878,0
-2.038553955744778,1.3083359704992663,0
-2.03911864736677,1.3139828964553324,0
-2.03939492596537,1.3189107494863155,0
-2.0395207031469678,1.3255839157302134,0
-2.0403717910837287,1.3319539855534757,0
-2.0397831396239603,1.334723996035839,0
-2.0393314889989433,1.339960231146172,0
-2.0426773328880063,1.2805716399162712,0
-2.0433937131828817,1.2844708560564015,0
-2.046574097227275,1.2881805452934643,0
-2.043226342935828,1.294618791749949,0
-2.045969373862631,1.299351569577718,0
-2.048712632482344,1.304083887782987,0
-2.049129587529798,1.3114705458216331,0
-2.0505705955011084,1.3150680444086262,0
-2.047794365264428,1.3229551393534287,0
-2.04894671625566,1.3258340574680165,0
-2.0480587046035836,1.3320913785281778,0
-2.046593866904727,1.3369105537381785,0
-2.0486095703677485,1.3419504989287017,0
-2.0481579685340705,1.3471866355485087,0
-2.049158874809107,1.3518127710263528,0
-2.0527645100738567,1.3587080861182645,0
-2.0566723842198282,1.3621102796907891,0
-2.0588390607494453,1.3654039595932268,0
-2.0612797064210167,1.373630154411984,0
-2.0650377622287124,1.3787762823299285,0
-2.0690987725239136,1.3804278442006428,0
-2.0699629381846627,1.3825872297676547,0
-2.0722673799466573,1.3883455912796858,0
-2.0721011010183243,1.3943070385584697,0
-2.0721011010183243,1.3943070385584697,0
-2.0738442502881824,1.3944116126071506,0
-2.0734047015603974,1.395439133271939,0
-2.0712219385076462,1.3963622112087606,0
-2.0700547045129376,1.39769762150023,0
-2.0685994966168746,1.398313072451801,0
-2.0667045448276866,1.3999564380303013,0
-2.064961476876725,1.3998516998307284,0
-2.064233872928696,1.4001594253065157,0
-2.0640979942947038,1.3976909353962235,0
-2.0627948166108894,1.3965579870981149,0
-2.0620672939817517,1.3968655484230084,0
-2.0613397713526176,1.3971731097479037,0
-2.061779498981968,1.3961452279511484,0
-2.0620672939817517,1.3968655484230084,0
-2.0601724723027957,1.3985086513600855,0
-2.0613397713526176,1.3971731097479037,0
-2.06076421388061,1.39573240314383,0
-2.060476435144608,1.3950120498417888,0
-2.060476435144608,1.3950120498417888,0
-2.060916113982623,1.393984266535572,0
-2.060036723779035,1.3960398988083664,0
-2.060188656408606,1.394291696539753,0
-2.059461198834587,1.394599126543934,0
-2.059325320200596,1.3921306366336417,0
-2.0564317715930116,1.3891432048489651,0
-2.0542657944059,1.3858481132488514,0
-2.052523604699017,1.385741602219646,0
-2.052963120899239,1.3847141472152114,0
-2.055720286695676,1.3852341068251306,0
-2.0568713365845728,1.3881156513539956,0
-2.0574625739852337,1.3853404208732716,0
-2.056159754104561,1.3842067503112325,0
-2.0560235989863216,1.3817388185139734,0
-2.0561751575489726,1.379991371339468,0
-2.0547208604245437,1.3806049838010477,0
-2.0550086391605475,1.3813253371030854,0
-2.0547208604245437,1.3806049838010477,0
-2.055448008986758,1.380298177570257,0
-2.0571901336385263,1.3804048199201784,0
-2.0595080434552067,1.381951709251675,0
-2.0638713251591874,1.3801100839426539,0
-2.0661897228892414,1.3816559883688022,0
-2.0670536933846417,1.3838157678979535,0
-2.0667509015349292,1.3873100056433998,0
-2.0654476425322166,1.3861772214961814,0
-2.0660384082832817,1.3834029430906263,0
-2.0674929981557337,1.3827887396858394,0
-2.0685083157846496,1.383201498832804,0
-2.0667657032195077,1.3830958413882328,0
-2.0670536933846417,1.3838157678979535,0
-2.0677810045846456,1.3835086333653805,0
-2.067204991726822,1.3820688460063018,0
-2.068220293091958,1.3824816379834424,0
-2.068220293091958,1.3824816379834424,0
-2.068220293091958,1.3824816379834424,0
-2.067932270399268,1.3817617771340842,0
-2.068947588028186,1.3821745362810454,0
-2.0699629381846627,1.3825872297676547,0
-2.0699629381846627,1.3825872297676547,0
-2.0714175605846723,1.3819729607025089,0
-2.069977121845632,1.3783743130592683,0
-2.069702859955651,1.3734423890861613,0
-2.0694282077349744,1.3685112530373331,0
-2.073803070895254,1.362461963848471,0
-2.074103715926112,1.3589720596865753,0
-2.0800687873723653,1.3547775822860686,0
-2.082121447078256,1.3471900709328057,0
-2.085327173381664,1.342480033166284,0
-2.088094261728923,1.3387956775745593,0
-2.0921650969922716,1.336243121224701,0
-2.094353488958138,1.3311243952533403,0
-2.099298461224395,1.3265268107783186,0
-2.105547456890985,1.3230604674321267,0
-2.11034945951552,1.3160087070046007,0
-2.111949736726329,1.3136589081197023,0
-2.1640796406821963,1.2474369970799142,0
-2.167268387600121,1.242761234019655,0
-2.169878891876966,1.240834470127563,0
-2.17480831597031,1.2362682713030981,0
-2.1807535781335083,1.2321137810598923,0
-2.185972992836829,1.2282634706332036,0
-2.1910498265836154,1.226142485122537,0
-2.19728545342371,1.2227031281829994,0
-2.2022118361903473,1.218143068601897,0
-2.20758018934235,1.2167348854522348,0
-2.2109141990948658,1.214508669289316,0
-2.217148768789311,1.2110714463113812,0
-2.223815844995144,1.2066209181358971,0
-2.2258270320640925,1.1991171237375795,0
-2.2284217783844102,1.1930378834955544,0
-2.23218598519167,1.1898030240204331,0
-2.234346728732911,1.184740109352365,0
-2.2369385475729686,1.1786667785424552,0
-2.2383728744220637,1.1739091927471446,0
-2.239960856215802,1.1715842134771286,0
-2.240238113932186,1.1681415191117814,0
-2.24325814564593,1.1610635502714324,0
-2.24368944863766,1.1600526745070958,0
-2.2478805672162654,1.1558158034158073,0
-2.247294113012199,1.1543970930312693,0
-2.246983192563917,1.1495391682802953,0
-2.2468275859657645,1.147110501376412,0
-2.2488256319011253,1.139633233762245,0
-2.247789335642562,1.1350785367526122,0
-2.250665566616334,1.1297323550916722,0
-2.2576105494442054,1.1260221081365227,0
-2.263967581800319,1.1208961711732464,0
-2.2684240530089372,1.1132406374072072,0
-2.2720194795568975,1.1076037034727175,0
-2.2792555101403877,1.1046072109537448,0
-2.283143334337641,1.0996813065506217,0
-2.2886371589504666,1.0965783358326195,0
-2.293381099883284,1.0896437791420084,0
-2.2966766311797393,1.0833109503883929,0
-2.3012837647976365,1.0780940639004744,0
-2.306774857095558,1.0749966086524445,0
-2.3134462090298076,1.074721734932858,0
-2.32067914949525,1.071731480147779,0
-2.32574220782106,1.0696383017982285,0
-2.327321179481128,1.067331510447051,0
-2.332220515582966,1.0628260474526403,0
-2.335377060218091,1.058215288145627,0
-2.33679091096918,1.0534990355449292,0
-2.342114930704616,1.0479960586687973,0
-2.3456958987528758,1.042388310762913,0
-2.349145101257763,1.0384880557044092,0
-2.3544659332924773,1.0329915135432426,0
-2.361397579821409,1.0293081873343883,0
-2.363862413023668,1.0291169860922267,0
-2.368236280802389,1.0314382771298725,0
-2.3780978254853977,1.0306690072569538,0
-2.3776715805289967,1.0316696728358075,0
-2.3835311816718097,1.0374981794698215,0
-2.389392083916956,1.0433240596895672,0
-2.392323022952908,1.0462360148940846,0
-2.3995950273704594,1.0473511908132842,0
-2.4066096484098036,1.0518689426198211,0
-2.411584201199382,1.0555802176358995,0
-2.418601847301657,1.0600918630292497,0
-2.425582316050212,1.0604942694176245,0
-2.432861346420374,1.061595262699754,0
-2.4430380417797704,1.0614910929386134,0
-2.4505768300399,1.059184717127362,0
-2.458881944660808,1.0606767359783476,0
-2.464121541068593,1.0609699720930656,0
-2.471577207103401,1.0644571828583942,0
-2.4786085147801984,1.0689412509018847,0
-2.4850447159224007,1.07202407421574,0
-2.4907575254353844,1.0754061199891805,0
-2.4948508681236206,1.0769924154652184,0
-2.500565596762545,1.0803705872776028,0
-2.505556413331318,1.0840490321152743,0
-2.51255223508743,1.0844204468152334,0
-2.5166483751456905,1.0860010955005848,0
-2.52117128060128,1.0865800280413822,0
-2.527145230425461,1.0865519141562707,0
-2.5305177186340337,1.0884323105840519,0
-2.533718320201478,1.087916903116545,0
-2.5392218380267035,1.0847943656122112,0
-2.543274441593576,1.0822786118923524,0
-2.546774792038512,1.082459394715567,0
-2.550827330550268,1.079943772316419,0
-2.555778822946465,1.0795173117326708,0
-2.5653830672156808,1.0779661648033798,0
-2.5717865472796575,1.0769307536433796,0
-2.576989860841575,1.0731129450933174,0
-2.582192653962565,1.0692961871089572,0
-2.5876953585988307,1.0661752911135416,0
-2.5928972409481794,1.0623603716191745,0
-2.602078980930207,1.0618023393277003,0
-2.611138485943478,1.0629325613990677,0
-2.617899530974464,1.0666609180383713,0
-2.6221837889254793,1.0706046061009662,0
-2.627495708713825,1.0749361352051157,0
-2.633534679481702,1.0789610550595476,0
-2.7359752742377808,1.215201939353113,0
-2.7431971410197296,1.2178598334542698,0
-2.750420601652042,1.220514510197944,0
-2.7545490090482208,1.2220300238093316,0
-2.759282671577214,1.2249262961190244,0
-2.7626822227143606,1.2267520631299433,0
-2.767719700065639,1.2303363181857563,0
-2.7724555419410386,1.2332281912515466,0
-2.7776198731743715,1.2351148681738557,0
-2.784423594361961,1.2387570784250173,0
-2.7900175859453267,1.2396361954310091,0
-2.79591527850452,1.2412035249943845,0
-2.801510928993361,1.2420792933221811,0
-2.806804244663823,1.2422640913576153,0
-2.8116705835078193,1.2434510323299328,0
-2.8200676210087234,1.244757495012557,0
-2.825970062591445,1.2463152381638345,0
-2.831018420411006,1.2498775298302949,0
-2.835888109593512,1.2510577077858596,0
-2.8395996887614405,1.2535548783028077,0
-2.8430080711306918,1.2553628185268444,0
-2.846720577334036,1.257858117723618,0
-2.850129789156025,1.259664383608559,0
-2.8528079003174582,1.2617854334576428,0
-2.8568255549729837,1.264966023325913,0
-2.8621269700054803,1.2651344719325035,0
-2.8636467759869824,1.26857290830511,0
-2.8688255819837956,1.2704303663686378,0
-2.8763243486789865,1.2696462883683726,0
-2.8813240143891523,1.2691225847961753,0
-2.8874834815469406,1.267278474324046,0
-2.8939477556175426,1.2661203439571587,0
-2.898766605871808,1.2632188602576147,0
-2.904194777203685,1.261689927711764,0
-2.9096231762284717,1.2601605355434238,0
-2.91773586665078,1.2607397177563673,0
-2.9267038118283555,1.2593119876812793,0
-2.9359782228242306,1.258566889033231,0
-2.9414717729029487,1.261090267962997,0
-2.9489787853341873,1.2602895450622782,0
-2.9602127624684744,1.261954935329733,0
-2.968704908904588,1.2672536959218377,0
-2.9743892441358533,1.272134730079589,0
-2.9815405297117596,1.2763766098969622,0
-2.9866151860622754,1.2798858151649348,0
-2.9909576358152457,1.2837120368491917,0
-2.998113068654847,1.2879455449710626,0
-3.003803437748198,1.2928143991326255,0
-3.010534983879376,1.298043812457486,0
-3.017695344644075,1.3022673730353027,0
-3.022655865387865,1.3074484832372697,0
-3.0280446152691134,1.3116249225786216,0
-3.0333136998587182,1.317484429114618,0
-3.0369292124786043,1.321617030237345,0
-3.0411587301445113,1.327112727422385,0
-3.0443474773670616,1.332247044689673,0
-3.0483921624236086,1.3353730708014275,0
-3.050846881505352,1.3408280814649682,0
-3.053850796118539,1.3435927276589705,0
-3.05746884588798,1.3477202072738645,0
-3.059738423348552,1.3508061706375116,0
-3.064092371593418,1.3546091813856318,0
-3.0688752483182427,1.3574061095754573,0
-3.073658905704475,1.3602014619167235,0
-3.079485984530068,1.3633528428566617,0
-3.087092676018468,1.366535192585296,0
-3.08832185710261,1.3692590209370863,0
-3.092493981537258,1.3706862870289154,0
-3.0945802389199315,1.3713995261126897,0
-3.097281477175379,1.3734738914480769,0
-3.1007188741267093,1.3752232626338365,0
-3.1053210329783116,1.375642213715242,0
-3.108759291909939,1.3773898449015451,0
-3.1117695006056785,1.3801417858165035,0
-3.115516209536663,1.382568043148087,0
-3.117483191958387,1.3849635615022269,0
-3.1201866095602444,1.3870335275937098,0
-3.1235058212238354,1.3904629784278804,0
-3.1275619234533707,1.393565957754399,0
-3.130574165121507,1.3963137948970559,0
-3.136478674154324,1.403493160150406,0
-3.1405366792460274,1.40659229834605,0
-3.141889477720161,1.4076250817698366,0
-3.144903264447322,1.410369800045542,0
-3.1474883178598656,1.4141202069173993,0
-3.150073566437758,1.4178702198271154,0
-3.1523509667761225,1.4209403918749537,0
-3.1538911838005124,1.424337626373653,0
-3.155123357420024,1.4270554139726137,0
-3.1551885897928535,1.431108020919833,0
-3.156299065148316,1.435512979485745,0
-3.159071016670179,1.4416288879982257,0
-3.16159226892246,1.4413237988671668,0
-3.162946140806021,1.4423544154991745,0
-3.166326925187496,1.4400337797431604,0
-3.1712486584634245,1.4411089011278193,0
-3.169100194075474,1.4461470290111915,0
-3.1727332390493324,1.4502442392015933,0
-3.17839449762344,1.4509875705896924,0
-3.1815337395476444,1.4520375341272356,0
-3.169025268185621,1.4323039085227585,0
-3.1723502697546007,1.4357216718134147,0
-3.1774596818012526,1.4391607189901343,0
-3.1825036825735005,1.4385475203515998,0
-3.188473716422548,1.4399688212814095,0
-3.1944447260983466,1.4413881524005152,0
-3.2011548382140678,1.4424765471077023,0
-3.2057719922700834,1.442865228764619,0
-3.210698555888433,1.4439305995862899,0
-3.214389758186549,1.442284617523967,0
-3.2183900447714073,1.4413159812299625,0
-3.2234379488506644,1.4406949033486107,0
-3.2278676843564256,1.4387191339306113,0
-3.2322974198621885,1.436743364512612,0
-3.2374654446189144,1.4344383001916157,0
-3.2422047685885786,1.433138858806407,0
-3.246324915630442,1.4304867613556151,0
-3.2528508619517424,1.4292041389522048,0
-3.258329044404638,1.4275742536077534,0
-3.2648558689700184,1.4262898583747052,0
-3.2716934042000645,1.4256795258921464,0
-3.278959851646297,1.4240631436814706,0
-3.286847850532096,1.423794624330334,0
-3.291589532749743,1.422490422569254,0
-3.2988577854754695,1.4208703962087732,0
-3.305581949496414,1.4219304256418184,0
-3.3114911259292334,1.4192902883064207,0
-3.3179059942343,1.4196733987634573,0
-3.322960631518143,1.419038729188241,0
-3.3298045258858533,1.418415560105922,0
-3.333382454557537,1.4184397429781335,0
-3.339061310540732,1.4191475521131949,0
-3.3441178018954023,1.418509139897644,0
-3.3481240735510074,1.4175284220979876,0
-3.348978580172428,1.415523019998158,0
-3.3506525957125852,1.4172086578771754,0
-3.351934209270709,1.4142008501990446,0
-3.352673116545276,1.4138703077492618,0
-3.354462731432287,1.4138810859782343,0
-3.357533585810499,1.4108848116231698,0
-3.360604114913123,1.4078891938716822,0
-3.360177203141774,1.4088912054878477,0
-3.360604114913123,1.4078891938716822,0
-3.3609160778887848,1.4085607286984256,0
-3.363132702129821,1.4075692983301558,0
-3.3669417319125383,1.4042439588833417,0
-3.3698971007903467,1.4029223143670837,0
-3.3718014042525795,1.401260071435992,0
-3.3747567080752727,1.3999385582404429,0
-3.378252506307547,1.395944244720802,0
-3.3804688378005583,1.3949534052957446,0
-3.381633924976411,1.3936223285878278,0
-3.383423946457901,1.3936322860623367,0
-3.383423946457901,1.3936322860623367,0
-3.385753925644261,1.3909705266086423,0
-3.389674423773913,1.385978666377099,0
-3.393367821682217,1.3843282522406906,0
-3.3958966691193826,1.384007831416314,0
-3.400954656741739,1.3833663988243465,0
-3.4046482986067304,1.3817154922352621,0
-3.4068644837257285,1.380724948281813,0
-3.409393754021149,1.3804036738727934,0
-3.4105581255907182,1.3790740416927267,0
-3.414990495828711,1.3770929537858265,0
-3.418684137693706,1.3754420471967386,0
-3.42027363201891,1.373114014720132,0
-3.4206989662036786,1.3721151876312714,0
-3.419758881221659,1.370109053337071,0
-3.4232502882335467,1.3661236039655957,0
-3.4294725335790197,1.3641527690048143,0
-3.4367473893990983,1.362519413591901,0
-3.438224650979743,1.3618594449184087,0
-3.442656435721684,1.3598795388979266,0
-3.4427673023087895,1.358214232829802,0
-3.4418256560039655,1.3562112502327253,0
-3.43877930919086,1.3535322579741855,0
-3.4369885558393065,1.3535237778577063,0
-3.4351978675428665,1.353515166420511,0
-3.4344594319178956,1.353844756795116,0
-3.4344594319178956,1.353844756795116,0
-3.4351978675428665,1.353515166420511,0
-3.435825436580732,1.354850882114036,0
-3.4361392210996655,1.3555187399607984,0
-3.4357145049385096,1.3565163195028784,0
-3.436453005618599,1.356186597807561,0
-3.4329825606679503,1.3545039375443295,0
-3.436047104699833,1.3515204012984903,0
-3.4330013759103366,1.3488401614931718,0
-3.4308972283705472,1.3481630356056495,0
-3.4280549542175933,1.3478148763193403,0
-3.4238473747443052,1.3464591800164385,0
-3.4278702985596627,1.339819052579358,0
-3.428922177164205,1.3401580094852612,0
-3.428811603325123,1.341822724610184,0
-3.4291253715802767,1.3424906152871188,0
-3.4297529080905864,1.3438263966410062,0
-3.4318568929925792,1.3445038508303142,0
-3.4335365683279004,1.3461780638072458,0
-3.433425896906142,1.3478429759132347,0
-3.4384835267253546,1.3472022655851923,0
-3.5805736613927994,1.318350185242318,0
-3.5828962242958458,1.3157033963499778,0
-3.5817349753718783,1.3170267251357917,0
-3.580995954250854,1.31735749739682,0
-3.5837411047101213,1.3193432212505058,0
-3.5818405744446675,1.3209978475802036,0
-3.5797289780940105,1.3203357579143837,0
-3.5781454994169675,1.3170258516902482,0
-3.576350859022183,1.3170252179864104,0
-3.576667522230032,1.3176872648915925,0
-3.5745562836825187,1.3170244529618529,0
-3.5735007132000973,1.3166929485064482,0
-3.572128577092503,1.31569920016479,0
-3.569595305907395,1.316028550797693,0
-3.5685398817989906,1.3156967508706856,0
-3.5689622071846046,1.314703997364827,0
-3.5686456578232075,1.3140417206483956,0
-3.5690679344174896,1.31304906563307,0
-3.568751368792313,1.3123868217468218,0
-3.5709677978679935,1.311395785340693,0
-3.5703345690349693,1.3100714945492538,0
-3.572234237320128,1.3084186082190143,0
-3.5737117591212453,1.3077581142626649,0
-3.574872552659391,1.3064357047218493,0
-3.576772009515418,1.304783245183927,0
-3.5775107378884208,1.3044530638661094,0
-3.5768771512522513,1.303129495338597,0
-3.575082998770842,1.3031278767294054,0
-3.5747662379803167,1.3024660268052894,0
-3.5741327163992658,1.3011423269570646,0
-3.5753997595613676,1.3037897266535179,0
-3.5738159556087403,1.300480477032945,0
-3.572338726555653,1.301140380046082,0
-3.5733940856089426,1.3014723112938107,0
-3.5716001120291097,1.3014703315526504,0
-3.567168424869843,1.3034500405920593,0
-3.5649525812902123,1.304439895111761,0
-3.563053254544414,1.306092092008262,0
-3.5637918853347372,1.305762107671514,0
-3.5618924772700478,1.307414468718898,0
-3.5614702982584454,1.3084069267531504,0
-3.5610480867192837,1.3093994504477546,0
-3.5613645384980046,1.3100619241452591,0
-3.5602035660582843,1.3113846948180399,0
-3.55978125693645,1.3123774154937138,0
-3.5590425285634524,1.3127075968115332,0
-3.560730465898599,1.31436513205783,0
-3.5616796748607484,1.3163528486219445,0
-3.5609408489050747,1.3166832269208335,0
-3.5597795511897736,1.318006654197184,0
-3.558618188419354,1.319330212794247,0
-3.558934510087841,1.3199929491331766,0
-3.558511940745536,1.3209861950917112,0
-3.557773049734747,1.3213167047113092,0
-3.5573504316011046,1.3223100491603788,0
-3.5561888574015583,1.3236340345497588,0
-3.555449933863212,1.3239646098297175,0
-3.5558726170519677,1.3229711340599355,0
-3.5543948025028254,1.3236322189594958,0
-3.5543948025028254,1.3236322189594958,0
-3.555133709777399,1.3233016765097148,0
-3.554078594680794,1.322969252809317,0
-3.55302351211175,1.3226367634485587,0
-3.551545762617728,1.323297717027403,0
-3.5475353111708703,1.3242868721829097,0
-3.542470200013229,1.324942684393017,0
-3.538567150968513,1.3242735263083958,0
-3.5349803422733856,1.3242672687135943,0
-3.533716942197822,1.3216125150571774,0
-3.5324535421222585,1.3189577614007568,0
-3.5330852421600394,1.320285138228968,0
-3.5323465951059383,1.3206151553958918,0
-3.5323465951059383,1.3206151553958918,0
-3.5316079480518354,1.3209451725628174,0
-3.5316079480518354,1.3209451725628174,0
-3.5321325059079456,1.3239303373482993,0
-3.5366666857581706,1.3259280213173774,0
-3.538144272614403,1.3252673960403172,0
-3.5370895966398415,1.324934085925097,0
-3.5363508194755013,1.3252643657334513,0
-3.536773714093391,1.3242704631713487,0
-3.5396218594706355,1.3246067707632534,0
-3.5389899967950615,1.3232797222368298,0
-3.5397287576956185,1.3229494752586586,0
-3.5412062794967323,1.3222889813023109,0
-3.541945040397291,1.3219587343241361,0
-3.543315826611213,1.322955207570601,0
-3.547219233459071,1.3236236433913042,0
-3.551545762617728,1.323297717027403,0
-3.557456760593819,1.3206539027120243,0
-3.559463196993727,1.317343983518608,0
-3.5611528238117724,1.3133723128916213,0
-3.562208961576326,1.3080768767560436,0
-3.565268738370767,1.2994771682177433,0
-3.570121628714883,1.296506970954793,0
-3.569276406761242,1.2928678354880123,0
-3.573811625543197,1.2892376267909356,0
-3.578450766278543,1.2839561305119087,0
-3.582350609408623,1.2790059646069398,0
-3.5876221983155947,1.2750503349679185,0
-3.55851485652496,1.287225536451185,0
-3.5623107126465285,1.2839267894488842,0
-3.5704306420960936,1.280307073439623,0
-3.5757020358377147,1.2763518377627374,0
-3.580026922354673,1.276029227246859,0
-3.5853036363022337,1.2776890476363718,0
-3.592057839523344,1.2786884397298959,0
-3.5944800795334118,1.2743989319321685,0
-3.598695561253251,1.270112881233624,0
-3.6018546105103706,1.265497066079135,0
-3.6025927696510998,1.2651680338175577,0
-3.6058536590978765,1.2589051333439567,0
-3.6142902192277333,1.255947529900233,0
-3.617866779791827,1.2503486789726992,0
-3.6275622817716133,1.2444290331195482,0
-3.6315558657293074,1.2378481313243128,0
-3.6374426612518196,1.2296273767796713,0
-3.6407122700343812,1.2289726708651756,0
-3.6440645908521265,1.221083696386641,0
-3.64595872945236,1.219441972317055,0
-3.6478527704699175,1.2178004452285442,0
-3.6540725762485096,1.215834534794519,0
-3.662226124576204,1.2117108816638087,0
-3.6654577994413167,1.2105188339247785,0
-3.6716574686469663,1.2091603081687854,0
-3.677329776803477,1.2098529218569354,0
-3.685331563638268,1.209062548669655,0
-3.691849080333448,1.2083537674063667,0
-3.6997946984281125,1.2058760013847163,0
-3.7080586796210575,1.2040510910153657,0
-3.7151024503230516,1.2012844904652784,0
-3.717432019991115,1.1998020526180149,0
-3.7208272926834542,1.2036425663628219,0
-3.728562406440888,1.2038597059713538,0
-3.7368792099720363,1.2037019964005822,0
-3.7395269102089443,1.2028710111336416,0
-3.742065204858527,1.1986829311054432,0
-3.7446582781265914,1.1961738559813409,0
-3.7446582781265914,1.1961738559813409,0
-3.749425862602367,1.196560279750777,0
-3.751491150202309,1.1960997819393917,0
-3.7539293368796027,1.197969680609292,0
-3.756631300126241,1.198814589086851,0
-3.7576868310225766,1.1947171904489071,0
-3.7608621197830843,1.1918364383082256,0
-3.765784312825298,1.1878422106976032,0
-3.7668403492204146,1.1837478622161246,0
-3.766786116540617,1.1820721514810089,0
-3.767314225727958,1.180025526268432,0
-3.768952907289483,1.1755620934033644,0
-3.7691629263478816,1.1728642596229815,0
-3.7693730060661323,1.1701667918613783,0
-3.7701655338062636,1.1670990501551657,0
-3.773821782604694,1.1698976758408275,0
-3.7753586678280033,1.1714820341512677,0
-3.775304667677645,1.1698077264881288,0
-3.7764154119214144,1.1673919558888386,0
-3.7766256988941667,1.1646957386913854,0
-3.776571794788577,1.1630220105579703,0
-3.776517910902937,1.1613484044308162,0
-3.779537585154431,1.1628422338588287,0
-3.783829559261843,1.1669405315392876,0
-3.782190397476475,1.1714010667557133,0
-3.7882830333765405,1.1760587325542673,0
-3.7901916651399805,1.1799665329892601,0
-3.7881268375439276,1.1804298064430299,0
-3.786908345748829,1.1794984867942713,0
-3.785371703164934,1.1779155925589322,0
-3.783889030401472,1.1780068229773466,0
-3.782142217109543,1.1791208474754526,0
-3.781241785113462,1.178840553385113,0
-3.7803413430074038,1.1785601982916347,0
-3.7794408907913724,1.1782797821950357,0
-3.77822225240163,1.1773475780009015,0
-3.7770035937919335,1.1764152518005115,0
-3.776421287309711,1.1767863797889273,0
-3.775256674345261,1.1775286357657606,0
-3.7749925692017143,1.1785516433564034,0
-3.7738279663472447,1.1792939603363628,0
-3.7726633634927715,1.1800362773163222,0
-3.7709164592110653,1.1811497527862649,0
-3.7703341577838287,1.1815209112762446,0
-3.7703341577838287,1.1815209112762446,0
-3.7694336095230287,1.1812399156499147,0
-3.768533051152252,1.1809588590204552,0
-3.768214799263699,1.1803066744025852,0
-3.7679507396150402,1.1813299565073052,0
-3.7664678494871,1.1814198753584453,0
-3.7659397706296875,1.1834666835804057,0
-3.764775157665243,1.184208939557239,0
-3.763874558854564,1.1839276389152626,0
-3.7632379741976507,1.1826227816544836,0
-3.7620190577835757,1.1816888998742971,0
-3.7620190577835757,1.1816888998742971,0
-3.7610641656332433,1.1797315224784306,0
-3.7608001211495488,1.1807548960878478,0
-3.7599537499636817,1.1821492756794232,0
-3.758789076339381,1.1828911656374785,0
-3.7578884118138607,1.182609468475162,0
-3.7566151009603796,1.1799988999097923,0
-3.796542404420604,1.1742060047579699,0
-3.796806610663909,1.1731836071986201,0
-3.7955882705184436,1.172253202596801,0
-3.7959063151524965,1.1729041366505228,0
-3.7946879598420686,1.1719736405440102,0
-3.7941056937997466,1.1723450125449428,0
-3.7935234277574263,1.1727163845458755,0
-3.793577291423116,1.174389868666772,0
-3.7920947045944473,1.1744816176117858,0
-3.7912482676937316,1.1758756006830193,0
-3.790083755829043,1.1766184666911421,0
-3.787118501291898,1.176801476556136,0
-3.7847354420272428,1.1766126873982898,0
-3.7829886135703514,1.1777266203916987,0
-3.781241785113462,1.178840553385113,0
-3.781031745835115,1.1815382651592312,0
-3.7810858369752562,1.1832131218505353,0
-3.7814581294540695,1.1855398581440646,0
-3.7818304522628097,1.1878667774469847,0
-3.7824668246102355,1.189170353642048,0
-3.7834213831313726,1.19112571793465,0
-3.7816206000190107,1.1905656177790043,0
-3.7822028054014787,1.1901938797592955,0
-3.7825209966301756,1.1908456983583946,0
-3.7831031969576596,1.1904739298371165,0
-3.7836853972851365,1.1901021613158456,0
-3.7848497979400957,1.1893586242733,0
-3.7848497979400957,1.1893586242733,0
-3.785750164221337,1.1896385218433014,0
-3.7847956663600524,1.1876835235694756,0
-3.7835771139051015,1.1867518379019426,0
-3.7835771139051015,1.1867518379019426,0
-3.7829407718876045,1.1854484447162648,0
-3.7829407718876045,1.1854484447162648,0
-3.782622600878856,1.1847967481234267,0
-3.78352300254501,1.1850768592043792,0
-3.784105233202416,1.184705273692499,0
-3.7846874638598216,1.1843336881806135,0
-3.7853237755473934,1.1856368983569023,0
-3.7874426538436836,1.186848237581918,0
-3.7883429999049714,1.1871280131456619,0
-3.7901436616976216,1.1876873812637605,0
-3.791043977428986,1.1879669738181153,0
-3.7940089286668606,1.1877821338592458,0
-3.79533541570769,1.1920620383327236,0
-3.796235665724211,1.19234123436674,0
-3.7968178053918358,1.1919690998266912,0
-3.795917560430304,1.1916899342942386,0
-3.79533541570769,1.1920620383327236,0
-3.794753270985078,1.1924341423712068,0
-3.7956535260565847,1.192713368906789,0
-3.7956535260565847,1.192713368906789,0
-3.796553771018118,1.1929925344392363,0
-3.7956535260565847,1.192713368906789,0
-3.7935889815398482,1.1931783504481732,0
-3.7941711262624622,1.19280624640969,0
-3.7941711262624622,1.19280624640969,0
-3.7935348853447213,1.191503463255307,0
-3.7926346049982733,1.1912240842119015,0
-3.7920524451106985,1.191596096745693,0
-3.7935889815398482,1.1931783504481732,0
-3.7941711262624622,1.19280624640969,0
-3.794807367180203,1.1941090295640748,0
-3.794489246721332,1.1934576379868815,0
-3.794489246721332,1.1934576379868815,0
-3.794807367180203,1.1941090295640748,0
-3.7935889815398482,1.1931783504481732,0
-3.7942252325675643,1.1944811946056877,0
-3.793907107053707,1.1938297725269305,0
-3.793006836817236,1.1935504544866564,0
-3.791788420846956,1.1926195923613676,0
-3.790942256915585,1.1940152225170912,0
-3.791206266014365,1.192991635396723,0
-3.792106556470788,1.1932710754432527,0
-3.792106556470788,1.1932710754432527,0
-3.792106556470788,1.1932710754432527,0
-3.791260402649396,1.1946667666021096,0
-3.7915244066931884,1.1936431489801738,0
-3.7930609633422883,1.1952255246889116,0
-3.7933249673860825,1.1942019070669794,0
-3.7933249673860825,1.1942019070669794,0
-3.792424692094622,1.1939225585251396,0
-3.792424692094622,1.1939225585251396,0
-3.792106556470788,1.1932710754432527,0
-3.7915244066931884,1.1936431489801738,0
-3.789987819714156,1.1920605902620451,0
-3.790305965447967,1.1927121343470617,0
-3.790624111181776,1.1933636784320782,0
-3.790305965447967,1.1927121343470617,0
-3.789669673980349,1.1914090461770304,0
-3.787605003088917,1.1918732651793054,0
-3.7867046620826166,1.1915935201171202,0
-3.7875508664538877,1.1901981339739187,0
-3.7856960376962814,1.1879634516410462,0
-3.785377876797508,1.1873118160513343,0
-3.783841168498773,1.185728525295655,0
-3.784423394101191,1.185356909282211,0
-3.7856960376962814,1.1879634516410462,0
-3.7856960376962814,1.1879634516410462,0
-3.788397091045111,1.188802869836966,0
-3.9003107011078804,1.280014121629252,0
-3.89972947639305,1.2803917769524968,0
-3.9003107011078804,1.280014121629252,0
-3.8999930002129997,1.2793652616819244,0
-3.899884696613011,1.276014816261764,0
-3.899195203683112,1.2730422396758012,0
-3.9006213437473214,1.271261420310367,0
-3.902682824941442,1.2707779548208133,0
-3.9062244362401586,1.2701879166258312,0
-3.910347196428889,1.2692197655841344,0
-3.914733510767494,1.2672252822812524,0
-3.9193834702457586,1.2642050157453468,0
-3.924668396784835,1.2624798459695334,0
-3.9260409461526997,1.2590271895676928,0
-3.930109696081095,1.2563846698597256,0
-3.932698543379349,1.2538500954275893,0
-3.9359221959788027,1.2526096417054884,0
-3.941788109648286,1.2505053830328965,0
-3.9452755489270537,1.2482400001215765,0
-3.950559990187301,1.2465119021955626,0
-3.9558975014801483,1.246452499644791,0
-3.9624502895958464,1.2473050177476797,0
-3.9681042936414865,1.2478871852702973,0
-3.9731768151679194,1.248845452536365,0
-3.9776679299999564,1.250180277069349,0
-3.9825289361916028,1.2538273496526688,0
-3.9881815703355468,1.2544012512512648,0
-3.9945208716712077,1.257930679061193,0
-4.001493583131433,1.2627458091493153,0
-4.005772095806305,1.2667628811631548,0
-4.010842135333721,1.2677061721609881,0
-4.0162287737686775,1.2692916737650535,0
-4.021298176367626,1.2702311215657467,0
-4.025786485681429,1.2715490177303543,0
-4.031436071667725,1.2721045268854851,0
-4.038563548399013,1.2725399511420505,0
-4.045109775140533,1.2733528782140446,0
-4.049332821718577,1.2756867971109997,0
-4.056194863844524,1.2771372070467137,0
-4.061261865324267,1.2780621666042045,0
-4.066961771429796,1.2802697782834151,0
-4.072925226630208,1.2814510271998785,0
-4.0786242784427955,1.2836534841146676,0
-4.084639413554164,1.2864950404761046,0
-4.091814925550192,1.2885687805495483,0
-4.098304493217762,1.2876913561354044,0
-4.10310492777489,1.289624469021554,0
-4.108697040834199,1.2884847159386386,0
-4.115185572229269,1.287601038703741,0
-4.120513089811212,1.2874813345596987,0
-4.127000933727942,1.2865935091120129,0
-4.1342807594461135,1.2826346477891342,0
-4.141032112017827,1.2807202155661805,0
-4.146938700889793,1.2802098624323541,0
-4.152528928438651,1.279058732265831,0
-4.1581189133480905,1.2779061380242034,0
-4.163708655618116,1.276752079707471,0
-4.167821821439979,1.275726036696101,0
-4.171303073413672,1.2734233198696714,0
-4.176892310184915,1.2722662113964773,0
-4.183377292978539,1.2713611220632117,0
-4.188121452640795,1.2716062015821397,0
-4.194870171563858,1.269675878044012,0
-4.201721097771607,1.2710592150390951,0
-4.207095664895666,1.272571878906822,0
-4.2133655332031825,1.2743338777767885,0
-4.218423718784177,1.275205642605556,0
-4.219950494031865,1.2767289977867282,0
-4.227012607000194,1.2754215468628658,0
-4.23286337592619,1.2732259055026276,0
-4.2405556840468375,1.273184757861845,0
-4.247352084385495,1.2728906150310664,0
-4.2517268177470235,1.2708262526436123,0
-4.256203020365017,1.2720710975609304,0
-4.261523380084222,1.2719082032013667,0
-4.267687881739667,1.2703374780602203,0
-4.270637728673963,1.2700614994262303,0
-4.277432182842315,1.2697556134930696,0
-4.280482872214586,1.272785059969836,0
-4.287327070233555,1.2741277993823967,0
-4.2938556045177325,1.2748339709781753,0
-4.296489534967845,1.2739198994491687,0
-4.299753539250565,1.2742713991656984,0
-4.303067828267608,1.2762747878953604,0
-4.305966167160536,1.2743395388695902,0
-4.311498148369271,1.2714884797256332,0
-4.313552092576563,1.2709595364032094,0
-4.316765311681175,1.2696561274517055,0
-4.3190839221356665,1.268107562212311,0
-4.319928326931274,1.2667013175120942,0
-4.321667299937104,1.2655399850872424,0
-4.323191598240763,1.2670483945017477,0
-4.330662296215964,1.2696351405536461,0
-4.3337104682043055,1.2726493972512305,0
-4.337452640679222,1.2693044568484417,0
-4.342289120070001,1.2728035358401595,0
-4.344757265375627,1.2762026767318027,0
-4.347704766795577,1.2759125453718205,0
-4.353120009122126,1.279019114778313,0
-4.357590752353284,1.280231018005832,0
-4.271204939015371,1.336460559784756,0
-4.278312261510253,1.3367743743031308,0
-4.285103682685914,1.3364501874311916,0
-4.292158698451354,1.3350999123105822,0
-4.2986339706133965,1.3341362294716497,0
-4.30689792424697,1.333659626042646,0
-4.31321033810246,1.3370268160302938,0
-4.321788059850402,1.337175342331328,0
-4.329521690211976,1.3387320044295858,0
-4.338829726686951,1.343447897400722,0
-4.349822882612049,1.3453290348292484,0
-4.35697477770502,1.3472602715927273,0
-4.366441967180478,1.3476229340904133,0
-4.3779598050111765,1.34743676624554,0
-4.386115460099754,1.3436097478979363,0
-4.395214810540661,1.3416725459805345,0
-4.406414992971369,1.340837792702409,0
-4.4185072818332305,1.3402330974376824,0
-4.42449591869849,1.342914764597312,0
-4.431491298002165,1.339856172568993,0
-4.440058227351127,1.3399395780295382,0
-4.445316716303944,1.3380548850706973,0
-4.454047317812492,1.3338123284565722,0
-4.4593054225862385,1.3319253173788184,0
-4.461570578829054,1.3287057386452705,0
-4.464877528003795,1.3306648391030862,0
-4.464976843835448,1.33396105274133,0
-4.464712354512827,1.3349817422130617,0
-4.464183406197511,1.337023304165907,0
-4.462083509380454,1.3359264983160841,0
-4.4620337908047745,1.3342780254781879,0
-4.458776443940998,1.3339666963222818,0
-4.453104587962837,1.3319283378252145,0
-4.453054839057227,1.3302796819779328,0
-4.453798699659144,1.3255698117592623,0
-4.454112917667423,1.32619765612856,0
-4.4511197113321135,1.3248635328929623,0
-4.451648821407039,1.3228229469901827,0
-4.448076695431336,1.3218803877913086,0
-4.448655503861994,1.3214881527201712,0
-4.4491350369009,1.3177999480232998,0
-4.44814277551011,1.3142686131119348,0
-4.448622525913487,1.3105817199823502,0
-4.448308323070172,1.3099539671177443,0
-4.449052926755295,1.3052485806290832,0
-4.443644741191733,1.3021845914068173,0
-4.443545839869078,1.2988908788968736,0
-4.441445285903605,1.297790107843646,0
-4.441759493801907,1.2984178912098123,0
-4.440601543311399,1.299200348248828,0
-4.440915761319678,1.2998281926181274,0
-4.442073701700211,1.2990456745759822,0
-4.44265267189048,1.2986544155549087,0
-4.442387909598516,1.2996734579421503,0
-4.442073701700211,1.2990456745759822,0
-4.44265267189048,1.2986544155549087,0
-4.442966874733795,1.299282168419511,0
-4.442966874733795,1.299282168419511,0
-4.444124805004357,1.2984995893742344,0
-4.443860037657407,1.299518601259912,0
-4.44323164208075,1.2982631565338352,0
-4.44323164208075,1.2982631565338352,0
-4.44475319047104,1.2997549730971798,0
-4.444174235445736,1.3001463236229451,0
-4.443860037657407,1.299518601259912,0
-4.442966874733795,1.299282168419511,0
-4.443545839869078,1.2988908788968736,0
-4.443810612271019,1.2978718975127599,0
-4.442338469047163,1.2980266626903063,0
-4.442338469047163,1.2980266626903063,0
-4.441445285903605,1.297790107843646,0
-4.442387909598516,1.2996734579421503,0
-4.442917444292421,1.2976354341707967,0
-4.44265267189048,1.2986544155549087,0
-4.44265267189048,1.2986544155549087,0
-4.4462252831450115,1.2995999029039904,0
-4.446274708531401,1.3012466066511372,0
-4.448011528112422,1.3000722805597533,0
-4.447118410683704,1.2998361222334402,0
-4.446754838058865,1.297562001138898,0
-4.444703770139638,1.2981082998515951,0
-4.443281077577112,1.2999099212841134,0
-4.444438997737699,1.2991272812357106,0
-4.444174235445736,1.3001463236229451,0
-4.444174235445736,1.3001463236229451,0
-4.4444884332340635,1.3007740459859853,0
-4.443909483263743,1.3011654270133182,0
-4.44422368610706,1.3017931798779205,0
-4.444174235445736,1.3001463236229451,0
-4.44243737036982,1.3013203752002482,0
-4.4430163253951225,1.3009290246744811,0
-4.4430163253951225,1.3009290246744811,0
-4.443909483263743,1.3011654270133182,0
-4.4433305332934285,1.3015568080406492,0
-4.44243737036982,1.3013203752002482,0
-4.442751583323114,1.301948189067982,0
-4.44243737036982,1.3013203752002482,0
-4.443065796276404,1.3025760029357123,0
-4.44243737036982,1.3013203752002482,0
-4.4444884332340635,1.3007740459859853,0
-4.5001975035259285,1.297455925100877,0
-4.50140388357023,1.2983141630007768,0
-4.501090064905984,1.2976887282550855,0
-4.500511327245157,1.298081390348134,0
-4.5001975035259285,1.297455925100877,0
-4.5001975035259285,1.297455925100877,0
-4.5001975035259285,1.297455925100877,0
-4.499304932035892,1.297223060943539,0
-4.499883679806697,1.29683045985362,0
-4.499569856087465,1.2962049946063665,0
-4.499304932035892,1.297223060943539,0
-4.5001975035259285,1.297455925100877,0
-4.499353851923502,1.298866714534224,0
-4.498559185923522,1.3019215540785982,0
-4.497234944789742,1.307014173381802,0
-4.495960093657436,1.3137532829212049,0
-4.495744514112447,1.3164175649804868,0
-4.4952642935951985,1.3201016214645627,0
-4.496206083217121,1.3219799388049012,0
-4.499462257323724,1.322284191597813,0
-4.503346088978763,1.3238394358883632,0
-4.508386809576871,1.3246058178113262,0
-4.513113398101494,1.3247448738915857,0
-4.517937967940991,1.3281720911970272,0
-4.523242454998462,1.3279134219245172,0
-4.528546658976618,1.3276530445643875,0
-4.534477984674503,1.328640425536042,0
-4.538673734318367,1.3308096359839787,0
-4.542604554855668,1.3339968822675239,0
-4.5461725357413645,1.334914430183403,0
-4.549789310139973,1.3374748691508493,0
-4.553454878051495,1.3416781991698628,0
-4.558590319497338,1.34571306880882,0
-4.561050108908107,1.3490617906141296,0
-4.564715161210874,1.35326200947355,0
-4.56890912138905,1.3554204223676063,0
-4.573416384622714,1.358201158847761,0
-4.576453749047115,1.3611502032001574,0
-4.58069352950166,1.363433446847722,0
-4.585436213704952,1.3683702321059812,0
-4.588933159718751,1.3723416178247696,0
-4.593407826810006,1.371999687881198,0
-4.599068306296651,1.3772162313192755,0
-4.602658864041548,1.3829439631750517,0
-4.606829313793158,1.38827333126207,0
-4.611000762356298,1.3936019453134385,0
-4.614503618004964,1.39756886965462,0
-4.616267158315424,1.4027306130114194,0
-4.618275767024835,1.4068135457076334,0
-4.62061914385248,1.4115769671865461,0
-4.621712454307355,1.4153782566138098,0
-4.624212698031958,1.4173024369353655,0
-4.6257978099706065,1.4189448483153626,0
-4.629795380303339,1.4207506953386293,0
-4.633548076450467,1.4236352064044429,0
-4.6390453594410825,1.4253209188220257,0
-4.642711324558739,1.4264438892830285,0
-4.6491288998615214,1.4284074747912996,0
-4.654385803318407,1.4311684580909958,0
-4.658727020094052,1.4336480913578349,0
-4.660651949698101,1.43596717945141,0
-4.6632486906093185,1.4396455275847373,0
-4.665599253331003,1.4444035241960425,0
-4.6688681662313325,1.4494408600784698,0
-4.671218923166368,1.4541987100717328,0
-4.674824324360337,1.4599152361199046,0
-4.677758469142429,1.4642720832196296,0
-4.683115143668157,1.4687847627697934,0
-4.687465516216127,1.471257484043159,0
-4.691817220512796,1.4737291999356525,0
-4.695833934733118,1.475520594608927,0
-4.700435812465429,1.4769096458808342,0
-4.703870692545509,1.479100870503295,0
-4.70537567670867,1.478976756265011,0
-4.7047914565186755,1.4793783875215922,0
-4.70537567670867,1.478976756265011,0
-4.70503907743597,1.4782976498810037,0
-4.704702478163268,1.4776185434969964,0
-4.705959896898666,1.478575125008426,0
-4.706296523916132,1.4792542104469995,0
-4.705712275981373,1.4796558626490182,0
-4.706048875254071,1.4803349690330254,0
-4.710406239482726,1.482802412056822,0
-4.7139324839679695,1.486751679396491,0
-4.71829228973591,1.4892172792220286,0
-4.72105757808999,1.4900475681699596,0
-4.726252526592212,1.491028306591593,0
-4.730368068559379,1.4945721096601154,0
-4.735833947373919,1.500829364012926,0
-4.742295026467632,1.5027601070794727,0
-4.747924625135989,1.5061729467525389,0
-4.755404408117245,1.5101342854865418,0
-4.760542094322769,1.5157060869886099,0
-4.7665169486303895,1.519791498070031,0
-4.770892846361814,1.522244949543401,0
-4.7781358288839755,1.5272788571984357,0
-4.785880434536594,1.5301464721222917,0
-4.790939518928683,1.5339505960071556,0
-4.79760466255671,1.5393813174687772,0
-4.80309626076806,1.5456191554035499,0
-4.82018768526992,1.5702814214204537,0
-4.825597685233252,1.574753843844988,0
-4.831260300171513,1.578141758450668,0
-4.837781173025727,1.5864022118422554,0
-4.841677144032632,1.5910055767168103,0
-4.846931941784886,1.5983159835726148,0
-4.853709979755424,1.6054884940940521,0
-4.858880321548911,1.6110356428193864,0
-4.864216353074502,1.6137368897391067,0
-4.869126224331925,1.6139996261043628,0
-4.873622063576075,1.6181895464971205,0
-4.877186901028908,1.6221096787370204,0
-4.887786049943401,1.6257402011451347,0
-4.892362928747527,1.625321108219861,0
-4.896096147174635,1.6263933069469694,0
-4.900496900422418,1.6224531435738072,0
-4.904824576857667,1.623115982178902,0
-4.909405034736434,1.6226941872925398,0
-4.915513865614939,1.6221306211663737,0
-4.92509242020515,1.6173571244596268,0
-4.935265737995916,1.6121740372310782,0
-4.9429096838519655,1.611463610124467,0
-4.950806882812529,1.609668193454004,0
-4.954209300622743,1.610056908201237,0
-4.960236699721822,1.607727800892219,0
-4.964921118128888,1.6090545394956752,0
-4.970887814580454,1.6113190925010077,0
-4.975825652560623,1.6115607158680092,0
-4.9791696427940195,1.6165413734039369,0
-4.982607217013751,1.6232783980222898,0
-4.984418894490833,1.628403801049755,0
-4.9855427796763205,1.6321820086079022,0
-4.988543650617334,1.636488481936997,0
-4.994018046179356,1.6409122900074156,0
-4.996676463702334,1.6445440764392423,0
-4.999242906435329,1.6464182809534247,0
-5.001121834324373,1.64694508054394,0
-5.003345019041154,1.648145205578464,0
-5.0055685366951135,1.6493450792677713,0
-5.007792387286248,1.6505447016118602,0
-5.009076524229977,1.6514811126696038,0
-5.010109045010303,1.6535012775105464,0
-5.00994954236071,1.6563425084842045,0
-5.012174086570958,1.6575416071924245,0
-5.015431650967297,1.6607604937237639,0
-5.0177491965238215,1.663716399368532,0
-5.019126223834766,1.6664097011445698,0
-5.022040807662544,1.6689542987418982,0
-5.024703497879271,1.6725828595767673,0
-5.027366521033176,1.6762111690664199,0
-5.029432727873944,1.680250619040038,0
-5.03269356615251,1.6834670340100715,0
-5.037241565554147,1.6876175769854527,0
-5.039561774608076,1.6905714718684912,0
-5.043675706483633,1.6922894737383132,0
-5.048388701998261,1.6935946385439529,0
-5.054046127770281,1.6951594539120265,0
-5.059958693290808,1.6956378554266855,0
-5.0644232632899655,1.698024365290518,0
-5.0679452341861975,1.7001498421932304,0
-5.07086933446824,1.7026872555064259,0
-5.074738308923907,1.7054839842551015,0
-5.0796449646861195,1.7102969819938494,0
-5.083861830533687,1.7137642923345808,0
-5.08807986166137,1.7172307229670434,0
-5.092207083279185,1.7189386919736158,0
-5.0970273132043395,1.7219899187077665,0
-5.101941127115824,1.7267975125243442,0
-5.108057119041085,1.7307763741790723,0
-5.11452191793548,1.7354251262265024,0
-5.120805264278726,1.7365568293495315,0
-5.126744242815175,1.7370152908102874,0
-5.1320841022230255,1.7378866312260932,0
-5.139229226274587,1.7375133653278318,0
-5.14447955243174,1.7366252806277416,0
-5.149477152634908,1.7368217875282355,0
-5.154128442897756,1.736346518946899,0
-5.160679580602176,1.736382257098258,0
-5.16533336789384,1.735905103427788,0
-5.172236475470562,1.7366083441922875,0
-5.17819176792861,1.737054489737396,0
-5.184497643020725,1.7381691851673864,0
-5.18890361518174,1.7387729157555505,0
-5.192454773570358,1.7408763580608717,0
-5.1956578186089555,1.7423093863376256,0
-5.201621240283037,1.7427493948703443,0
-5.206634488533451,1.7429340885456277,0
-5.212601461537405,1.7433714160627005,0
-5.218570376674881,1.7438072773993323,0
-5.224541233945883,1.7442416725555319,0
-5.229910697017585,1.745090664192439,0
-5.235788220005137,1.7437685037573054,0
-5.239759181318075,1.741940405384689,0
-5.24493742568148,1.7392797208902273,0
-5.249259940695252,1.7381194393122747,0
-5.255042797650647,1.7350417286666726,0
-5.258763030632656,1.7342967138233405,0
-5.26524996605648,1.7325539036768483,0
-5.272441840036432,1.732145344720994,0
-5.280240185507612,1.7313183562698615,0
-5.252021187812783,1.7999410521762869,0
-5.2576596075257775,1.7996931991332659,0
-5.261198249232809,1.795431240092693,0
-5.268049889375895,1.7943463186047843,0
-5.271428695496159,1.7929258418830916,0
-5.273500641710463,1.790586108414745,0
-5.275062696854457,1.7904189094171254,0
-5.277422386708443,1.7933429989464766,0
-5.282619858193732,1.7906677992657158,0
-5.2852012793068806,1.7861558455081479,0
-5.291004473174748,1.783062781858856,0
-5.295342358788121,1.7818908965100384,0
-5.301342209338152,1.7823034036869032,0
-5.306542011383668,1.7796264445896242,0
-5.310530202195437,1.777785339102012,0
-5.315223442542397,1.7772784010232954,0
-5.323907537198529,1.7749283466952317,0
-5.327698571922372,1.7695820473992931,0
-5.3322946492083645,1.7673214441992418,0
-5.339114406824155,1.759885741278909,0
-5.343508001027411,1.7541239657940082,0
-5.352196201908708,1.7517708115415935,0
-5.359926488577008,1.7491681862080508,0
-5.364020942732543,1.749073875739171,0
-5.368367928628713,1.747895120287751,0
-5.372567120165957,1.7495487568365142,0
-5.376412538421203,1.7505362522253964,0
-5.377728942526188,1.7514483037424995,0
-5.380258844508914,1.7515230773603694,0
-5.3818272809487695,1.7513510609127536,0
-5.382078924856938,1.7502672861841226,0
-5.380865537958254,1.751104480301624,0
-5.381220559754663,1.75176967891694,0
-5.380362083673333,1.7532721554314872,0
-5.378793674978242,1.7534441509336673,0
-5.37783207071155,1.7531974655953597,0
-5.37783207071155,1.7531974655953597,0
-5.378186953784137,1.75386276893785,0
-5.376973511395924,1.7547000049462174,0
-5.377580232590033,1.7542813869420382,0
-5.379251603001899,1.7558586789653248,0
-5.377935087917855,1.7549467112299588,0
-5.378541836856726,1.7545280722803405,0
-5.377580232590033,1.7542813869420382,0
-5.3763667902018195,1.7551186229504054,0
-5.376721590040113,1.755783989129199,0
-5.376114841101243,1.7562026280788139,0
-5.377888701568885,1.7595295636999655,0
-5.3770763898784075,1.756449355307991,0
-5.376469613194772,1.7568680152030431,0
-5.3763202096395,1.759701622038449,0
-5.37768316656204,1.7560306954129405,0
-5.377431189716701,1.7571147214867882,0
-5.376469613194772,1.7568680152030431,0
-5.373435729776597,1.7589613146783059,0
-5.373183558717903,1.7600454873701992,0
-5.372828953092963,1.7593799745733598,0
-5.375256059827503,1.757705334993151,0
-5.374649283143867,1.7581239948882015,0
-5.375610776431504,1.758370764008248,0
-5.372576754289506,1.7604641682106852,0
-5.370654100651413,1.7599703786253738,0
-5.367872693484344,1.7609792750089674,0
-5.366557204956589,1.7600665322925142,0
-5.364130542138286,1.7617408367457692,0
-5.3636256451256035,1.7639096010382467,0
-5.364232366319708,1.763490983034064,0
-5.366557204956589,1.7600665322925142,0
-5.367163870661166,1.759647956179201,0
-5.369086135872555,1.7601420390006002,0
-5.369290339130698,1.7636419126684935,0
-5.36858151630752,1.7623105938387287,0
-5.368124975522093,1.7598950185353317,0
-5.3677705363657395,1.7592293800658894,0
-5.366809459249577,1.7589822967643194,0
-5.365848437622944,1.7587351715718818,0
-5.364785286622471,1.7567381304909286,0
-5.362863576306374,1.7562436287608385,0
-5.3634700477976,1.7558251992655656,0
-5.365289462271269,1.7545699107797557,0
-5.365289462271269,1.7545699107797557,0
-5.362509248129083,1.7555779065096502,0
-5.360587815260633,1.7550831953252075,0
-5.358666604350297,1.7545883165772924,0
-5.359879269885102,1.7537516670410973,0
-5.362761335953481,1.754493796654062,0
-5.361194203517563,1.7546648286662396,0
-5.3602335425728675,1.754417431183155,0
-5.358918692174699,1.7535042067217042,0
-5.361091935419902,1.752915017504904,0
-5.362052624109364,1.7531623940425618,0
-5.3631156918755405,1.7551594979598129,0
-5.365895933762495,1.7541514812844845,0
-5.366856899899604,1.7543986483677934,0
-5.367715348236166,1.7528961927986764,0
-5.367258086086862,1.750481162076582,0
-5.367006247965342,1.7515650834232588,0
-5.367612663967039,1.7511466958188553,0
-5.3663998319636494,1.7519834710276605,0
-5.367509868718852,1.749397282620782,0
-5.47220407667222,1.6935434304840502,0
-5.471844976395412,1.6928813108476461,0
-5.470879071690202,1.6926378720517299,0
-5.471374424503853,1.6904763129888103,0
-5.4726994849754025,1.6913818295302647,0
-5.472340329209064,1.6907197517847266,0
-5.472947105892699,1.6903010918896726,0
-5.473665472914906,1.6916252054898777,0
-5.473665472914906,1.6916252054898777,0
-5.471485876118603,1.6922191912112403,0
-5.474024656426009,1.6922872622899803,0
-5.47341779650808,1.6927059850213357,0
-5.472092680547002,1.6918005103707525,0
-5.473058640741742,1.6920439072758011,0
-5.474024656426009,1.6922872622899803,0
-5.472947105892699,1.6903010918896726,0
-5.473913093832202,1.6905444678492927,0
-5.475597615262499,1.6921118317364972,0
-5.475349938855674,1.693192611267957,0
-5.47341779650808,1.6927059850213357,0
-5.474383839937113,1.6929493190900793,0
-5.475709150111545,1.6938546471226221,0
-5.477282303161385,1.6936790699510968,0
-5.475956854263131,1.6927738466457285,0
-5.475461390470423,1.6949354894903852,0
-5.475820573981526,1.6955975462904842,0
-5.474854419573436,1.6953542960034795,0
-5.475213575339776,1.6960163737490177,0
-5.476179757492632,1.6962596030905868,0
-5.478607863038695,1.6945842094747263,0
-5.478496244955359,1.6928414569249064,0
-5.480205262115337,1.6898424942901435,0
-5.4838467545600835,1.6873299065567835,0
-5.484722901158996,1.681266256097219,0
-5.4859363990367385,1.6804289781979804,0
-5.486902969616297,1.680671914303467,0
-5.487015780724512,1.6824137661995877,0
-5.485307817865589,1.685411932907833,0
-5.485914705528282,1.6849931892310401,0
-5.484453669967543,1.6869111419345586,0
-5.484700930202896,1.6858306765846223,0
-5.484453669967543,1.6869111419345586,0
-5.484341275030793,1.6851689758569108,0
-5.482767955512367,1.6853446787010462,0
-5.48252069527701,1.6864251440509825,0
-5.482273379552122,1.68750565129179,0
-5.481419092930251,1.689004965045692,0
-5.481666491889429,1.6879243949685812,0
-5.481306975441152,1.687262589513697,0
-5.481801551401395,1.6851016169229531,0
-5.482902654342386,1.6825221729460704,0
-5.485103861412847,1.677364039027962,0
-5.487663724843886,1.6728683598732097,0
-5.489009646480945,1.6692102937446514,0
-5.492174067014446,1.6642976303296315,0
-5.493026494737091,1.6627997199198568,0
-5.495337322267835,1.6593858466228752,0
-5.494992812839737,1.6541648779847122,0
-5.495844463708968,1.652667554047115,0
-5.49754743251026,1.6496731575171353,0
-5.498528261001352,1.6453574959660848,0
-5.5040848911504625,1.6478922057339176,0
-5.503594476904915,1.6500500365094446,0
-5.503349186547847,1.6511290147335167,0
-5.502858439365124,1.6532870968542603,0
-5.502497591168144,1.6526262967802428,0
-5.501645884809383,1.6541236626087095,0
-5.500678842568824,1.6538810825756176,0
-5.500072593035718,1.654299344507411,0
-5.499220775697895,1.6557967941176166,0
-5.498860093969501,1.6551358683709942,0
-5.499581457426288,1.6564577198642407,0
-5.498975152403652,1.6568760236869036,0
-5.49800822114215,1.6566333598720746,0
-5.498368847381016,1.6572943275095664,0
-5.497401943864281,1.6570516427492983,0
-5.496435095837077,1.6568089160981625,0
-5.4961893893085385,1.657888208503751,0
-5.4954683032994005,1.656566147556159,0
-5.495222596770859,1.6576454399617475,0
-5.495222596770859,1.6576454399617475,0
-5.494255859722713,1.6574026295288746,0
-5.492928718393818,1.6564986838950269,0
-5.493534884692632,1.6560804847995403,0
-5.493895372207671,1.6567415571642066,0
-5.493289178164094,1.657159777205127,0
-5.491716385796192,1.6573350820859982,0
-5.489423006824914,1.6561879490014526,0
-5.489423006824914,1.6561879490014526,0
-5.491241256018469,1.6549335402239045,0
-5.491355981515444,1.6566739468850287,0
-5.491241256018469,1.6549335402239045,0
-5.489914364392458,1.6540294060811416,0
-5.48955396011171,1.6533682708801756,0
-5.489308336817469,1.6544475004494572,0
-5.489177244806845,1.657267283297914,0
-5.488702309242479,1.654865594817771,0
-5.487981611660043,1.653543240634093,0
-5.4882108406958725,1.657024221519821,0
-5.486278198942518,1.6565379722910265,0
-5.566497335070615,1.5775478211005325,0
-5.567102641281725,1.577130271313525,0
-5.569529945127098,1.5800033168183347,0
-5.569165545600244,1.5793451977599702,0
-5.56819575662799,1.57910469132492,0
-5.566620661444624,1.5792817346768793,0
-5.56565101119619,1.5790411235146546,0
-5.565045677240317,1.5794586942470978,0
-5.562501320235221,1.57939483320075,0
-5.561167742120933,1.5784957469077732,0
-5.566738269499638,1.5764721313097283,0
-5.5650399589213215,1.5749151773036019,0
-5.564187667025019,1.5718651512831379,0
-5.562372414266042,1.5731172979537291,0
-5.561890711876586,1.5752685518627398,0
-5.564916410589197,1.5731814312907382,0
-5.563341814811594,1.573358097624869,0
-5.567213088289984,1.5697782401654834,0
-5.568547249044327,1.5706768866043284,0
-5.566972486798139,1.570853678611071,0
-5.565157150804865,1.5721058881179708,0
-5.564675614883997,1.5742570163543697,0
-5.563465279909423,1.5750919064740376,0
-5.562013982761064,1.5770025073299578,0
-5.560439442472992,1.5771791317732191,0
-5.559593201832859,1.5786723713510398,0
-5.558746850213669,1.5801656947105975,0
-5.559597671637446,1.583216830839099,0
-5.5651733901846185,1.5857371301478125,0
-5.5711153394131046,1.5889141661161936,0
-5.572936782152075,1.592205180316709,0
-5.57269515410394,1.5932813937433874,0
-5.572817703624537,1.5950158937919063,0
-5.57185030359952,1.5993214177525257,0
-5.5702740708808065,1.5994993198673093,0
-5.568335577879594,1.6035653218283183,0
-5.566881006849012,1.6054783942455373,0
-5.565304885109352,1.6056562125785856,0
-5.564092608001255,1.6064925688786875,0
-5.5631227635394715,1.6062521043345104,0
-5.561668053785061,1.608165281478902,0
-5.561061915231013,1.6085834596289548,0
-5.560213177562067,1.610078584295902,0
-5.559000844964441,1.6109149824868787,0
-5.55742508390672,1.6110925285292712,0
-5.556576179769188,1.6125877788688285,0
-5.555000529690531,1.6127652411294822,0
-5.554394391136482,1.613183419279535,0
-5.554151514573936,1.6142605752507766,0
-5.552575975474335,1.6144379537296931,0
-5.5519719426249186,1.6103067083236393,0
-5.555122687886939,1.6099522027110265,0
-5.558152964485714,1.6078616261422827,0
-5.559849940417845,1.6048717538262167,0
-5.559849940417845,1.6048717538262167,0
-5.560577185764732,1.6061891648872884,0
-5.560940808438174,1.6068478704178268,0
-5.561789296404243,1.6053529342597894,0
-5.562152974567214,1.6060115978994567,0
-5.561546891502694,1.60642973415864,0
-5.560940808438174,1.6068478704178268,0
-5.562516652730187,1.6066702615391257,0
-5.5634864694472075,1.6069107470287438,0
-5.5634864694472075,1.6069107470287438,0
-5.5634864694472075,1.6069107470287438,0
-5.564456341653759,1.607151190627489,0
-5.565183808958762,1.6084684341250846,0
-5.564213881262683,1.608228032417209,0
-5.564577587170421,1.6088866751114423,0
-5.565183808958762,1.6084684341250846,0
-5.568093924984174,1.6091893879034949,0
-5.569427919269936,1.61008816001495,0
-5.568457741870969,1.6098479468159894,0
-5.570034279782098,1.6096698143014212,0
-5.571004540415352,1.6099099646640767,0
-5.569791763901495,1.6107466979820089,0
-5.569791763901495,1.6107466979820089,0
-5.570762024534748,1.610986848344666,0
-5.570883072940575,1.6081746477436027,0
-5.572338784403991,1.610808548266622,0
-5.5727027122698445,1.6114670233973758,0
-5.5730666401357,1.6121254985281315,0
-5.574279638607676,1.6112885976467233,0
-5.5762207147694784,1.611768479463347,0
-5.575978171144108,1.6128453840893684,0
-5.575007605318442,1.612605464126494,0
-5.574765006203542,1.613682410643385,0
-5.574522351599116,1.6147593990511506,0
-5.57549291742478,1.614999319014025,0
-5.575250207330825,1.6160763493126602,0
-5.5750074417473385,1.6171534215021595,0
-5.576948739867257,1.6176331357553035,0
-5.57743377452595,1.620027200097189,0
-5.577312695477874,1.6182915899406254,0
-5.574885588743339,1.6199662295208341,0
-5.5770698466600965,1.6193687249664332,0
-5.577190842473875,1.6211043979593,0
-5.577797702391804,1.6206856752279428,0
-5.578647438872277,1.6191897965253457,0
-5.578040606699114,1.6196084983112655,0
-5.573533176498778,1.5826986906081384,0
-5.573533176498778,1.5826986906081384,0
-5.574138787902296,1.582280910421348,0
-5.575350010709338,1.5814453500477654,0
-5.5736507845537915,1.5798890872409839,0
-5.5736507845537915,1.5798890872409839,0
-5.573533176498778,1.5826986906081384,0
-5.574138787902296,1.582280910421348,0
-5.574379861055142,1.5812051159033658,0
-5.574138787902296,1.582280910421348,0
-5.5734097668904745,1.5809648398680967,0
-5.574503298408207,1.5829389456979737,0
-5.574379861055142,1.5812051159033658,0
-5.575591028372653,1.5803695974206526,0
-5.5738917467275755,1.5788133765047458,0
-5.573774277396385,1.5816228751447223,0
-5.574138787902296,1.582280910421348,0
-5.574379861055142,1.5812051159033658,0
-5.574620878718456,1.5801293632762565,0
-5.5738917467275755,1.5788133765047458,0
-5.5757082480009625,1.5775602872895824,0
-5.5760728972306985,1.5782182178390336,0
-5.5748618408922415,1.5790536525400114,0
-5.573527180732135,1.5781553831189896,0
-5.573527180732135,1.5781553831189896,0
-5.575467369061469,1.5786359351895207,0
-5.575467369061469,1.5786359351895207,0
-5.572921708052439,1.5785730585786055,0
-5.572921708052439,1.5785730585786055,0
-5.5748618408922415,1.5790536525400114,0
-5.572804210976482,1.5813825781640176,0
-5.571834200046112,1.581142239292447,0
-5.572075245454192,1.5800664657199004,0
-5.570623143707657,1.5819776739934248,0
-5.571834200046112,1.581142239292447,0
-5.572680745878651,1.5796487693148489,0
-5.572680745878651,1.5796487693148489,0
-5.5738917467275755,1.5788133765047458,0
-5.57195172486683,1.578332698761601,0
-5.572557169801762,1.5779150442474155,0
-5.572921708052439,1.5785730585786055,0
-5.571710762693044,1.579408409497841,0
-5.570864244605264,1.580901858530007,0
-5.570017615538431,1.582395391343912,0
-5.570140775443852,1.5841294305928653,0
-5.571710762693044,1.579408409497841,0
-5.570623143707657,1.5819776739934248,0
-5.572075245454192,1.5800664657199004,0
-5.5738917467275755,1.5788133765047458,0
-5.572316235372741,1.5789907340382232,0
-5.572439728215336,1.58072452194196,0
-5.571228671876883,1.5815599566429377,0
-5.571110730884694,1.5843698113553089,0
-5.572927565095258,1.5831164707949306,0
-5.573286246303114,1.5792310729097938,0
-5.573774277396385,1.5816228751447223,0
-5.5734097668904745,1.5809648398680967,0
-5.572439728215336,1.58072452194196,0
-5.573045256384564,1.5803068045914745,0
-5.574379861055142,1.5812051159033658,0
-5.574015322804465,1.580547101572174,0
-5.574379861055142,1.5812051159033658,0
-5.572927565095258,1.5831164707949306,0
-5.571351942761362,1.5832939121101521,0
-5.572321953691734,1.5835342509817227,0
-5.572080741815068,1.584610150226876,0
-5.571110730884694,1.5843698113553089,0
-5.572439728215336,1.58072452194196,0
-5.574379861055142,1.5812051159033658,0
-5.572563110078875,1.5824583936274355,0
-5.574379861055142,1.5812051159033658,0
-5.5734097668904745,1.5809648398680967,0
-5.573533176498778,1.5826986906081384,0
-5.573168693737632,1.582040634386079,0
-5.572439728215336,1.58072452194196,0
-5.572804210976482,1.5813825781640176,0
-5.5734097668904745,1.5809648398680967,0
-5.5734097668904745,1.5809648398680967,0
-5.572804210976482,1.5813825781640176,0
-5.572563110078875,1.5824583936274355,0
-5.572804210976482,1.5813825781640176,0
-5.573774277396385,1.5816228751447223,0
-5.572563110078875,1.5824583936274355,0
-5.5719575264201175,1.5828761528687956,0
-5.571351942761362,1.5832939121101521,0
-5.5719575264201175,1.5828761528687956,0
-5.572804210976482,1.5813825781640176,0
-5.572198655062493,1.5818003164599403,0
-5.571834200046112,1.581142239292447,0
-5.570987543234507,1.5826357930517894,0
-5.5697764314065275,1.583471269643633,0
-5.570017615538431,1.582395391343912,0
-5.569412087369203,1.582813108694399,0
-5.56844224290742,1.5825726441502184,0
-5.569529945127098,1.5800033168183347,0
-5.574744399305818,1.5818631302345558,0
-5.582135811630719,1.5785831160426547,0
-5.587951906814135,1.5754803127661905,0
-5.590864519868365,1.5761993814554742,0
-5.5932876313568,1.5745277580178705,0
-5.689787165001714,1.4415931193898537,0
-5.694384574036405,1.439331510808934,0
-5.7028833902613485,1.4380151297295178,0
-5.705995900340241,1.433141655222963,0
-5.7088753000137356,1.4293379638946035,0
-5.714168932850983,1.4238693516677703,0
-5.722762245742013,1.4197608147683667,0
-5.729403828481621,1.4151804390993021,0
-5.73371884951146,1.4094779810856757,0
-5.7431477213082385,1.4038842686008515,0
-5.752117474953966,1.4004247604411226,0
-5.760715254752098,1.3963128513267211,0
-5.76781648279329,1.3895978733692953,0
-5.7801850187898065,1.3847028077748362,0
-5.790892203131971,1.3827707205582058,0
-5.800999796684529,1.3812518683690165,0
-5.807566054390415,1.3794491752245062,0
-5.816243325836673,1.379825089142546,0
-5.828404054653131,1.3759807044897805,0
-5.845102959434032,1.3726402454284852,0
-5.859619465197401,1.36989588757746,0
-5.871268723494184,1.3709460469543604,0
-5.882621943361922,1.3685656620524718,0
-5.898220408178698,1.3632563125745563,0
-5.9149658409298755,1.3598807280191387,0
-5.930961277627171,1.355204907659168,0
-5.947571647968902,1.3501042694463194,0
-5.964572719874347,1.3456418940196695,0
-5.980819190094987,1.3398827597306315,0
-5.994131882905698,1.3406891854912502,0
-6.0090517993372075,1.3412943130864488,0
-6.022383830248861,1.3420861398790347,0
-6.035404341152809,1.339459109945432,0
-6.053333672122315,1.3407102276079819,0
-6.069615024414022,1.344914227948788,0
-6.083882215934197,1.3414248693759596,0
-6.101752586381403,1.3381726643843397,0
-6.114595282195846,1.3365736733774352,0
-6.131985450473109,1.338192406910494,0
-6.1443438378924435,1.341467454352614,0
-6.155769473598074,1.3417532175351123,0
-6.169199998424137,1.3424706880342487,0
-6.181250916571407,1.342323820716702,0
-6.194698615406772,1.3430283259917175,0
-6.203261969958681,1.3471048571693167,0
-6.21349810700797,1.3482097804499666,0
-6.225299880278113,1.3518656184410638,0
-6.238334905698405,1.3546692653833716,0
-6.247310602730433,1.3593677219080451,0
-6.261366190042246,1.3623735451397643,0
-6.272026211393739,1.3640916804666254,0
-6.281464466927633,1.3666533354322876,0
-6.29442324683726,1.364966708726291,0
-6.303976639139892,1.3619998087993448,0
-6.317339965250785,1.3609409931075902,0
-6.3315475343787515,1.358390445909322,0
-6.344754379121909,1.355622746435781,0
-6.355775909645026,1.3507325317740086,0
-6.365964489270269,1.3473255238268038,0
-6.370050008716337,1.3454109417540074,0
-6.375761202051681,1.3432811328016605,0
-6.381473283219491,1.3411506535954008,0
-6.387361711006504,1.340714061239634,0
-6.392064938573469,1.3383725667704844,0
-6.400198302077472,1.3372926621944625,0
-6.403891566253007,1.3347409902798155,0
-6.409827740777711,1.3315475351616541,0
-6.415148815189399,1.3287790235689787,0
-6.42051125504291,1.3232584666639031,0
-6.426051151306211,1.3194309587919335,0
-6.432603896416466,1.3158114500402434,0
-6.436951378820915,1.310084485867936,0
-6.443106264218178,1.305832118252221,0
-6.448428226462333,1.303062936405631,0
-6.454583389307245,1.298810359335567,0
-6.4592905288860205,1.2964659115601158,0
-6.462983793061554,1.293914239645467,0
-6.468523689324856,1.2900867317734992,0
-6.476309492371908,1.2856151785910583,0
-6.483264314399371,1.2826253449973137,0
-6.490036214298417,1.2779465886211128,0
-6.495792352150224,1.2730620323952824,0
-6.499701219784679,1.2694537938717758,0
-6.5052413657508605,1.2656260974908928,0
-6.5085340512264755,1.2624436193648307,0
-6.514474942361168,1.2592466035227545,0
-6.519185133864053,1.256899851749477,0
-6.523895713793645,1.2545528067401115,0
-6.52860668214994,1.25220546849466,0
-6.536584535352971,1.2494159470466357,0
-6.543118859941738,1.2485311617327817,0
-6.547429804493404,1.245552598367217,0
-6.55195407743329,1.2415191859184418,0
-6.556880649248509,1.2381152810641325,0
-6.561191399586822,1.2351368643166083,0
-6.5663306061711415,1.230678634014959,0
-6.5747183048254785,1.2285129230031373,0
-6.579453964020066,1.2234261276515888,0
-6.5856124562367295,1.2191710371293514,0
-6.5929838379485375,1.2167999451765947,0
-6.600549961058496,1.2161088532510735,0
-6.606710672856332,1.2118520870940586,0
-6.611833206839338,1.2101272606678535,0
-6.62021521981915,1.210686659139304,0
-6.627984213543293,1.2116694302286284,0
-6.634733921635089,1.2124490615385461,0
-6.639229621471863,1.2138788542258858,0
-6.643726431099222,1.2153078090958331,0
-6.648630367190954,1.2173626270545927,0
-6.651894978969218,1.2196429770468136,0
-6.660099369070655,1.21850945215777,0
-6.665836367039325,1.2190809796202355,0
-6.6717859997770965,1.218598181635354,0
-6.677119422611263,1.2185411649933489,0
-6.683072051783615,1.2180561049015157,0
-6.687790263525698,1.2184241155667372,0
-6.693338374241553,1.2173112235152228,0
-6.70196515042791,1.216792041725867,0
-6.709779338371396,1.2150198770327982,0
-6.716556680248755,1.2157786466896816,0
-6.724982113785206,1.216305265555711,0
-6.732593738309145,1.215579823117162,0
-6.741434566249825,1.216726063332441,0
-6.748421520719173,1.2191536062635215,0
-6.758918070129212,1.2200619356933888,0
-6.766542041073411,1.2193271725363672,0
-6.7745882851212365,1.2164860205916188,0
-6.779956525632781,1.2136819017598288,0
-6.787385699689302,1.2112671804664359,0
-6.793785905190622,1.208656629350365,0
-6.79833442705479,1.2046049105916001,0
-6.802262632790186,1.2009820731000573,0
-6.810940843765703,1.1949824271363365,0
-6.816931425773838,1.1917478980205818,0
-6.823542434889799,1.1880844038558696,0
-6.828914088007391,1.185277708735601,0
-6.8336662018496215,1.1828993084103807,0
-6.84399722309644,1.1793847666010446,0
-6.8518515002225815,1.1748615200855834,0
-6.856812475545929,1.1714316428921538,0
-6.864253938530954,1.1662868271020077,0
-6.870041178263904,1.1613787910437985,0
-6.875827863101561,1.156471173894282,0
-6.885756199048571,1.1550482333957213,0
-6.894238340881688,1.1528112241239263,0
-6.9031381244449666,1.1511921396211662,0
-6.912046066971273,1.152287712829727,0
-6.921784102684695,1.1519022367035099,0
-6.929868220338458,1.1517533099094468,0
-6.938371588918738,1.1522210930491976,0
-6.944802648600545,1.1523080662788079,0
-6.9522738579776915,1.1525824283208816,0
-6.960991193075774,1.1519948806324276,0
-6.970129083104311,1.1520230584423494,0
-6.978435851387208,1.1508122448989937,0
-6.9863276136925805,1.148981516770304,0
-6.993190686892627,1.1496755650337303,0
-7.002546122513606,1.1486457100543621,0
-7.008996048635357,1.1487184403883273,0
-7.014202346064987,1.1496511953636919,0
-7.017959926609366,1.1524926032695326,0
-7.025048315938175,1.1548435696910815,0
-7.028817828733567,1.1603967867291178,0
-7.034039443275492,1.1640387954936369,0
-7.039476469065212,1.1693451999364814,0
-7.045957861754493,1.1748358094857103,0
-7.0536814661506755,1.1767466469415613,0
-7.061417002797872,1.1813692935296078,0
-7.068316534620855,1.184756635160893,0
-7.075843818169531,1.1877094821484366,0
-7.084213820775456,1.1918925652975236,0
-7.090915783236527,1.1963228590050665,0
-7.097199882009313,1.2001353955070524,0
-7.103065784156646,1.2033304261486997,0
-7.111233443298915,1.205839248319684,0
-7.118992035845513,1.2104444892514312,0
-7.125285234901096,1.214250155650813,0
-7.130325704981762,1.2189227167942018,0
-7.138719346127145,1.223087954432863,0
-7.147951514868095,1.225765775324577,0
-7.1565523508064945,1.2261599771519656,0
-7.165363407719476,1.2255016757848445,0
-7.17544345404167,1.2266850213180884,0
-7.1817471108712905,1.2277619756194156,0
-7.189310543846046,1.227966715036299,0
-7.195609149126286,1.2263266657376022,0
-7.199392863236714,1.2264275273747423,0
-7.205703844684199,1.2274989520812838,0
-7.213698597558077,1.2283112901678592,0
-7.2210668472206745,1.229557180353611,0
-7.226135284024081,1.234208628498747,0
-7.2331142531126345,1.2429776346885681,0
-7.238815296975539,1.247190922738877,0
-7.244725146830034,1.2503527758118445,0
-7.251068926593751,1.2568410743527814,0
-7.258876236944802,1.258688719431925,0
-7.268382302897371,1.2629867830254646,0
-7.272397187281898,1.2647401433339827,0
-7.280213126254747,1.266581274382908,0
-7.282982305094258,1.2746378615787304,0
-7.316166235651075,1.1945380965646049,0
-7.321676422382881,1.1970684522268051,0
-7.327576557565308,1.1947960048636475,0
-7.334535764372548,1.1926966615264423,0
-7.342555041616132,1.1907696681795255,0
-7.347827619286221,1.188931568842067,0
-7.352672983282351,1.1864827709105725,0
-7.35857805703288,1.1842065952600258,0
-7.363852826539375,1.1823668412332218,0
-7.371248180834785,1.1808714520600496,0
-7.3786455327532465,1.1793745548155758,0
-7.383923631631495,1.1775322873365965,0
-7.391526460169794,1.1749864685669547,0
-7.398954333331567,1.1761873470133786,0
-7.408280749035714,1.1760732005940184,0
-7.4174090127378935,1.1770024461050408,0
-7.4233533195878225,1.1774174692788755,0
-7.429527659176505,1.1794858498869125,0
-7.436969321486295,1.1806763184522548,0
-7.445275288280211,1.183080727630884,0
-7.454420087862102,1.1839974896627847,0
-7.461439641534625,1.184573405674092,0
-7.470793524555751,1.1844385232743022,0
-7.478654047363126,1.1835251793403998,0
-7.487179224435363,1.1848702990036521,0
-7.492711133315643,1.1846634387212802,0
-7.501674455499103,1.1866110044772658,0
-7.508277005571045,1.1865685139745423,0
-7.51661254828405,1.1889505953197048,0
-7.524085673156923,1.190117311762016,0
-7.532166876715145,1.1881435682046817,0
-7.543920124815376,1.1899696069638388,0
-7.554812397803241,1.190579191657534,0
-7.5629038114348415,1.1885977401802066,0
-7.569726015701339,1.1874956250351456,0
-7.578658620425912,1.1840247460491309,0
-7.587827306247922,1.1822026583925442,0
-7.596563756593572,1.179773663265614,0
-7.6051020549372526,1.178388060069075,0
-7.611063117622793,1.1760696165311533,0
-7.614680251271166,1.1744692185247612,0
-7.622551675768814,1.1708268273658433,0
-7.631060701383593,1.1667425059338363,0
-7.636151744163494,1.1632144365421855,0
-7.64207848457297,1.1582010868379342,0
-7.649316691626297,1.1549973165734073,0
-7.654646617724864,1.1531159230222698,0
-7.662920644288022,1.1473819933888851,0
-7.6707981448891225,1.143735015179752,0
-7.681307901018836,1.1437001581839858,0
-7.691383729241546,1.143059671389402,0
-7.701222671768648,1.1407710006829994,0
-7.710867180092236,1.139522915218727,0
-7.720317670383782,1.1393151008150522,0
-7.7312897373146985,1.139864446438338,0
-7.7401108666842084,1.1400923415136255,0
-7.749133005766443,1.1392746872787463,0
-7.759040146927212,1.139655348362819,0
-7.765910516105098,1.13851687194299,0
-7.773618303087963,1.1358918165936007,0
-7.778481283007402,1.130708902641878,0
-7.783636973091102,1.1298528460563517,0
-7.788744884687894,1.126312041840361,0
-7.790905921343632,1.126625868250093,0
-7.792329971130906,1.1220150201419834,0
-7.794245271511116,1.1206873442335947,0
-7.796406752083084,1.121000835516373,0
-7.797733672560829,1.1227987483489272,0
-7.801418949353343,1.123867724023878,0
-7.8037273076000355,1.1204557148705856,0
-7.80657871791744,1.1230085884594452,0
-7.809380296635359,1.122878264380006,0
-7.811935584182455,1.121106856891144,0
-7.815521447478875,1.1168092487205925,0
-7.820930697861725,1.1175887878405835,0
-7.824125223467068,1.1153742142979794,0
-7.830814642397046,1.11526614363898,0
-7.832483762585494,1.1122973005394243,0
-7.834453416961824,1.1136494081934636,0
-7.837453369639832,1.1124755246201605,0
-7.837790880485317,1.107712308466521,0
-7.838483168535743,1.1099499104106485,0
-7.838483168535743,1.1099499104106485,0
-7.841287965646358,1.1098171566607746,0
-7.845424843760933,1.1114784198925989,0
-7.848674555705337,1.1119430015493759,0
-7.850148437092099,1.1100153511095545,0
-7.8558149655725575,1.1124276792468102,0
-7.856454453333682,1.1119843246841583,0
-7.856985732508329,1.1061810259788274,0
-7.859651892139311,1.1097675518709025,0
-7.860930867661561,1.108880842745604,0
-7.861234065346845,1.113199782737457,0
-7.868627813555098,1.1153202237038862,0
-7.869516810879738,1.1165155228802313,0
-7.872325686470754,1.1163796901514473,0
-7.87513489499894,1.1162436060774468,0
-7.875330217034921,1.1152023505814128,0
-7.874050242701143,1.1160898137423612,0
-7.879029282975454,1.1162609163752748,0
-7.89021647970207,1.1130332357929404,0
-7.8938629673114145,1.1114106775165613,0
-7.900126809508545,1.1106906724828676,0
-7.90817497216129,1.112356490242739,0
-7.915334470426571,1.112826757481045,0
-7.922439753419557,1.1106171364297523,0
-7.930770767729251,1.1048401848733427,0
-7.938120995442556,1.103292844400782,0
-7.94349791248886,1.1018894031473376,0
-7.9492613578083295,1.1020773701403481,0
-7.954693531860465,1.0996796163560685,0
-7.960511769846683,1.0988733757187354,0
-7.965882650484964,1.0974712981715982,0
-7.970302717806962,1.095872049467829,0
-7.975494390615664,1.0974559450709958,0
-7.980802033420199,1.0970499830317877,0
-7.982136879187097,1.0988391262749886,0
-7.985427650893042,1.1000285156578773,0
-7.985990165643425,1.0986346785011492,0
-7.98933898038967,1.0988291259502923,0
-7.993131669940763,1.0996201970628707,0
-7.9968645461588155,1.1014066100423001,0
-8.001720768648475,1.100405728972543,0
-8.00713808385009,1.0980113320037894,0
-8.009832278847199,1.0930325480338112,0
-8.015070037964925,1.0936242028907248,0
-8.018591995111535,1.0908340474521516,0
-8.022497288200137,1.089636021450879,0
-8.027467971583626,1.086645623665321,0
-8.030426049983806,1.0852496135286511,0
-8.03445021518749,1.0820610742569645,0
-8.036401787947673,1.081462303838702,0
-8.040807344673457,1.0798663332750973,0
-8.048107567838525,1.0778705074204318,0
-8.054658987252672,1.0802560916051966,0
-8.061268362643549,1.0816467535250496,0
-8.06781415194637,1.0840336096282002,0
-8.07429652928829,1.0874166205769527,0
-8.081277922356115,1.0904019688834339,0
-8.08875754757765,1.092989831567209,0
-8.096734621380701,1.0951803856478506,0
-8.105147966436181,1.0979692811373791,0
-8.113116449966274,1.1001617758769981,0
-8.120640768479593,1.101757712515985,0
-8.124341228025708,1.1035514488605394,0
-8.12986019685383,1.1067401340783292,0
-8.138255258558083,1.1095331600244656,0
-8.147584330308206,1.1125271532135521,0
-8.156029599330804,1.1143270074216307,0
-8.162276331545332,1.113139035903231,0
-8.167704385243596,1.109760383737676,0
-8.174703075597558,1.1117599951280006,0
-8.182196979901217,1.113362802748771,0
-8.187316680152705,1.1149629579271636,0
-8.188313260544893,1.1141679604566335,0
-8.18912857260284,1.1163594016323053,0
-8.189506162348737,1.1179528292131096,0
-8.189506162348737,1.1179528292131096,0
-8.193627453872908,1.120348394907694,0
-8.194005159703575,1.1219417962633749,0
-8.195816500751054,1.1233383645378439,0
-8.199996270633417,1.1247388899544752,0
-8.204114950250272,1.1271350457142901,0
-8.204672415313173,1.125742349350345,0
-8.206165022248449,1.1245503645344108,0
-8.21338648189727,1.1225723324245713,0
-8.219926989998521,1.1239785523976593,0
-8.220484542125,1.1225858363648733,0
-8.225470627495657,1.1261798354040788,0
-8.228828990869664,1.1253902964639089,0
-8.2339327875077,1.1269940444839257,0
-8.241021270741928,1.1270097119967382,0
-8.246302156662498,1.1256279654749157,0
-8.251775388091357,1.1288269833905051,0
-8.260283576370039,1.1286489648366622,0
-8.268605678796533,1.1314584732715574,0
-8.270528317427868,1.1308662394647833,0
-8.27326063800582,1.1324667187520685,0
-8.27381679711506,1.1310743174207403,0
-8.276113397843236,1.132076330729813,0
-8.283496440536378,1.1346860127145373,0
-8.288581489484109,1.1362939960916485,0
-8.290996730157826,1.1353055485805523,0
-8.29632158384037,1.132932039920945,0
-8.300038818291156,1.1337401573623964,0
-8.305986339389975,1.1365470985865596,0
-8.314464693882842,1.1363758198888956,0
-8.320649407809158,1.1352018591415671,0
-8.3226270132344,1.1336153783667626,0
-8.323554783723896,1.1338177552099857,0
-8.323676906212524,1.1318265076361769,0
-8.32516019734503,1.1306366273862345,0
-8.332518397897456,1.1332519215469272,0
-8.334184872762908,1.129075169936275,0
-8.334802122137656,1.1266871382617634,0
-8.335234881825805,1.1272862729805677,0
-8.341969341177837,1.1247213598398655,0
-8.343822502419055,1.12512665114129,0
-8.347589915166994,1.124941603400961,0
-8.351480321039336,1.1227651113984187,0
-8.403062863395316,1.1371278788211558,0
-8.40576923902724,1.138734219423057,0
-8.404970207858241,1.1365391001741223,0
-8.403985642239718,1.1373313833445948,0
-8.403493359430454,1.1377275249298293,0
-8.401771375289904,1.1353289404951337,0
-8.400910383219628,1.1341296482777867,0
-8.400479887184488,1.1335300021691133,0
-8.39912635111422,1.1327269105435231,0
-8.398203253036701,1.1325234781391718,0
-8.396787494874417,1.132716272551697,0
-8.39580229078966,1.1335086999603394,0
-8.395371620627367,1.1329090931893475,0
-8.394324484662523,1.1346973410733003,0
-8.394017591196825,1.1321061130205265,0
-8.393586892013342,1.1315065128058137,0
-8.393156192829856,1.1309069125911044,0
-8.391988481421038,1.1271163529832968,0
-8.391495589166736,1.1275126322504203,0
-8.391127199138838,1.125917126328753,0
-8.39007907645345,1.127705597126237,0
-8.389648348248773,1.1271060034678086,0
-8.389217620044096,1.1265064098093749,0
-8.389772908517564,1.1251142051664562,0
-8.389404634574438,1.1235186730196638,0
-8.392363032863187,1.1211407613908317,0
-8.392300462516868,1.122136726104312,0
-8.393904947459847,1.1189558080815303,0
-8.398342806083702,1.1153888816317554,0
-8.402528061626882,1.1158063385383237,0
-8.40154210299112,1.116598936410254,0
-8.40104912367324,1.11699523534622,0
-8.40098620507261,1.1179912787350652,0
-8.401416265789862,1.118591023187939,0
-8.404740703389923,1.1178091485394823,0
-8.409113292696563,1.115238796537259,0
-8.410113422595686,1.1068732916178181,0
-8.40772860505309,1.1002851605644182,0
-8.406697381623154,1.0945001080240413,0
-8.404744917472012,1.0885112034773723,0
-8.408565410636351,1.0873323349272344,0
-8.408929679654923,1.0889287718407132,0
-8.407877813235713,1.0907180883983578,0
-8.406955092433698,1.0905145707623625,0
-8.403199114035571,1.0906970353282368,0
-8.4035639344568,1.0922933476723848,0
-8.4030702586303,1.0926898039590789,0
-8.4035639344568,1.0922933476723848,0
-8.402211646297804,1.091489974126743,0
-8.402211646297804,1.091489974126743,0
-8.403134657311744,1.091693426199937,0
-8.404486858407163,1.0924968194144213,0
-8.405281043037025,1.0946930335621765,0
-8.40540972431514,1.092700304269016,0
-8.40540972431514,1.092700304269016,0
-8.40534535465489,1.093696675471877,0
-8.40534535465489,1.093696675471877,0
-8.403435253178682,1.094286076965549,0
-8.40287741084028,1.09567885856114,0
-8.40287741084028,1.09567885856114,0
-8.398691313682518,1.0952615917866968,0
-8.399056743548787,1.096857766448963,0
-8.397575803132867,1.098047115640199,0
-8.401762074417784,1.0984643430769534,0
-8.401762074417784,1.0984643430769534,0
-8.400903055788593,1.097264605032544,0
-8.400967164258113,1.096268292836207,0
-8.401954399826339,1.0954754064879424,0
-8.402018624380627,1.0944790680664855,0
-8.4020829069773,1.093482716532467,0
-8.401224178560035,1.0922829129252527,0
-8.3998716582315,1.0914795918298559,0
-8.399442265001673,1.090879696582526,0
-8.400000571679154,1.0894868100864503,0
-8.39828323092939,1.0870871766469001,0
-8.396371910563103,1.0876768535043428,0
-8.39495444015047,1.08787003473741,0
-8.393536853653062,1.0880632421956005,0
-8.393472367908043,1.089059639623585,0
-8.393407940205408,1.0900560239390025,0
-8.393343570545156,1.0910523951418618,0
-8.394267132961753,1.0912557226457338,0
-8.393708913347849,1.092648589472967,0
-8.394138567768406,1.093248425713771,0
-8.394933739118812,1.0954444169479949,0
-8.394375896780407,1.0968371985435859,0
-8.395729084596368,1.0976403688445373,0
-8.397639824538809,1.097050823112701,0
-8.396652472885812,1.0978437356860855,0
-8.396588509522255,1.0988400151010236,0
-8.396588509522255,1.0988400151010236,0
-8.399422289499826,1.0984539148861039,0
-8.400345445619728,1.0986573341778936,0
-8.400345445619728,1.0986573341778936,0
-8.399851885878,1.0990537642394642,0
-8.400281482256172,1.0996536135928316,0
-8.400537683964709,1.0956684172577216,0
-8.400537683964709,1.0956684172577216,0
-8.396954345685215,1.1004360979753596,0
-8.399724075235657,1.1010462968442152,0
-8.452786358271293,1.09711691652792,0
-8.453706205975259,1.09732108323567,0
-8.45327867010175,1.096720768386401,0
-8.452423598354727,1.0955201386878688,0
-8.451438858609048,1.096312461196021,0
-8.451737074738208,1.0989056495766167,0
-8.451931228481886,1.0959162999419458,0
-8.451076098692482,1.09471568335597,0
-8.450156076861361,1.0945115559858998,0
-8.450778433965976,1.0921223704060452,0
-8.449858383113664,1.0919182495922577,0
-8.45041599328253,1.0905255204469118,0
-8.449495913409022,1.0903214061894015,0
-8.449068406556703,1.0897210847838519,0
-8.448640899704385,1.089120763378304,0
-8.448148239619622,1.0895169901951913,0
-8.44772070374611,1.088916675345919,0
-8.447293167872601,1.0883163604966537,0
-8.446930872295113,1.0867194777561142,0
-8.445945319956046,1.087511983840118,0
-8.445090190166638,1.0863113672541438,0
-8.444104521742801,1.0871038995632691,0
-8.444104521742801,1.0871038995632691,0
-8.443184035572603,1.086899877093689,0
-8.442756383614324,1.0862995884695419,0
-8.441901079697763,1.0850990112212493,0
-8.44134288910505,1.0864918714921998,0
-8.440849967829553,1.086888157315606,0
-8.440422228807696,1.0862878883602995,0
-8.439501510467956,1.0860839183409574,0
-8.43956675076398,1.0850873504496903,0
-8.439139011742125,1.0844870814943839,0
-8.438580734085836,1.0858799614341805,0
-8.438218206338806,1.0842831311438843,0
-8.437790438295757,1.0836828687448605,0
-8.436869545828866,1.0834789380631982,0
-8.436441748764622,1.082878682220457,0
-8.436441748764622,1.082878682220457,0
-8.435586154636137,1.0816781705349676,0
-8.435717099567263,1.0796849298519398,0
-8.435289360545406,1.0790846608966334,0
-8.434730560507653,1.0804776588494764,0
-8.434368293951358,1.0788807695526579,0
-8.433874966379168,1.0792771471639853,0
-8.433512757865259,1.0776802447546068,0
-8.433512757865259,1.0776802447546068,0
-8.433019372250683,1.0780766354784959,0
-8.432591575186441,1.0774763796357512,0
-8.432098160550673,1.077872776915921,0
-8.432163778122199,1.0768761237930082,0
-8.432229453736108,1.075879457557532,0
-8.43180168569306,1.0752791951585081,0
-8.431308183993714,1.0756756121075188,0
-8.430749035701652,1.0770686887357233,0
-8.4302555630235,1.0774650991284531,0
-8.429334177196335,1.0772612799035635,0
-8.429334177196335,1.0772612799035635,0
-8.429893325488397,1.0758682032753555,0
-8.429334177196335,1.0772612799035635,0
-8.43048702975463,1.081055196326897,0
-8.430421673373838,1.0820517904432911,0
-8.43048702975463,1.081055196326897,0
-8.43048702975463,1.081055196326897,0
-8.428216228866521,1.080047354484611,0
-8.426438610444638,1.0786431678123947,0
-8.426010552189664,1.0780429709761723,0
-8.425285670822765,1.0748492710579,0
-8.425713671035354,1.075449481006686,0
-8.428412733326786,1.077057473791232,0
-8.427360170398957,1.0788469476996063,0
-8.427853672098301,1.0784505307505974,0
-8.426504111931393,1.0776465409145999,0
-8.426997671673124,1.0772501108530292,0
-8.425417138135355,1.0728559123618293,0
-8.425482958855225,1.0718592133449505,0
-8.425482958855225,1.0718592133449505,0
-8.424627132557202,1.0706587541097043,0
-8.425680769269153,1.0688690376189545,0
-8.425482958855225,1.0718592133449505,0
-8.425910872004238,1.0724594429625753,0
-8.426273022475764,1.0740563584845155,0
-8.425548837617484,1.0708625012155117,0
-8.425417138135355,1.0728559123618293,0
-8.424363965762485,1.0746455239520891,0
-8.423870260914793,1.0750419867950622,0
-8.424298319169768,1.0756421836312846,0
-8.423804643343267,1.0760386399179787,0
-8.42324543700882,1.0774317296587466,0
-8.422817291690269,1.0768315524913668,0
-8.42232361586377,1.0772280087780572,0
-8.422454734922049,1.0752347287573532,0
-8.421532855734615,1.0750310209892238,0
-8.421104710416063,1.074430843821844,0
-8.420314153435253,1.0722338101390445,0
-8.418963983823305,1.0714299579849396,0
-8.418470046806075,1.071826473278156,0
-8.417547906427906,1.0716228245165507,0
-8.416131712947738,1.0718157172732816,0
-8.415506424702688,1.0742055650374471,0
-8.414584110197367,1.074001955613527,0
-8.454343914450561,1.1686618267955708,0
-8.456182797265104,1.1690703437869203,0
-8.454404598419373,1.1676662882403104,0
-8.453424385979714,1.1684575879687351,0
-8.452444173540053,1.169248887697158,0
-8.450604826386428,1.1688404756062933,0
-8.448704679179224,1.1694276282958072,0
-8.447294580149466,1.1696191442336694,0
-8.445884365034935,1.1698106863966533,0
-8.445333690931063,1.1712018485910036,0
-8.444353246321864,1.1719932007696734,0
-8.442942857080178,1.1721847822703353,0
-8.441162684793362,1.170781172550793,0
-8.440121730342504,1.1725680239470329,0
-8.438771241497438,1.1717642439120102,0
-8.442264323213035,1.1679987825992875,0
-8.444347334920067,1.1644248306681515,0
-8.446123714352133,1.1582595916777159,0
-8.445448692049272,1.154072798696749,0
-8.450232913615974,1.152106354385415,0
-8.456549937124912,1.1479570154368073,0
-8.46218940456579,1.147191161486326,0
-8.464884461932666,1.148800059037562,0
-8.467702918720637,1.1484174205386548,0
-8.468683653541763,1.1476260027971819,0
-8.46996861187888,1.149426416286282,0
-8.468497770837924,1.150613483891961,0
-8.467945674695622,1.1520049673440447,0
-8.468374139247292,1.1526050723923404,0
-8.46788391694269,1.1530007484816789,0
-8.470516462005632,1.1556055976338282,0
-8.471373391108967,1.1568058077304215,0
-8.471311865525575,1.1578015364178142,0
-8.476637494514307,1.1620157289482584,0
-8.477065901023591,1.1626158471091177,0
-8.477739269118484,1.1668030137980647,0
-8.476760159484133,1.1675940643878366,0
-8.475413443394084,1.1667894320363654,0
-8.474005578996142,1.1669804431406465,0
-8.47180126631533,1.164975751487031,0
-8.470760747182354,1.1667625045390722,0
-8.468066038069788,1.165153528312473,0
-8.47008659551527,1.1625755148696921,0
-8.469106847414684,1.163366709697634,0
-8.46916802474377,1.1623710596856096,0
-8.46990323765517,1.1655624255680834,0
-8.468616973364393,1.1637623071116003,0
-8.469045728127984,1.1643623465970983,0
-8.469842234453242,1.1665580362424244,0
-8.468127099314103,1.1641579045255703,0
-8.470210102099674,1.1681536601771398,0
-8.471375056495212,1.1719448426315768,0
-8.471561771892171,1.1765268789873744,0
-8.469724862518712,1.1761179161689608,0
-8.468927282409338,1.1739224691060066,0
-8.468558863360247,1.172326969740615,0
-8.467700889493985,1.1711269956701145,0
-8.468680231297872,1.170335892630101,0
-8.466474728748171,1.1683314697839826,0
-8.466964515734885,1.1679358920388552,0
-8.470393024641883,1.165166847822956,0
-8.471740205071015,1.1659713752739318,0
-8.473026295234638,1.1677715330680964,0
-8.474190785291094,1.1715628204230217,0
-8.476027172283091,1.17197190125448,0
-8.475598475561885,1.1713718486564222,0
-8.475169778840677,1.1707717960583697,0
-8.473883688677052,1.1689716382642068,0
-8.471250476126684,1.1663669399065029,0
-8.470515263215283,1.163175574024029,0
-8.469535573157085,1.1639667557394073,0
-8.469964298899484,1.1645668017811808,0
-8.469291560349369,1.167949198436773,0
-8.468923663681743,1.1663535810583383,0
-8.469474482891577,1.164962386082589,0
-8.4708828116286,1.164771270077825,0
-8.472964488360777,1.1611976197355869,0
-8.47339301095483,1.1617977116713192,0
-8.47369912084833,1.1643891167436635,0
-8.474066611219264,1.1659848259100212,0
-8.474984862757644,1.166189353213193,0
-8.474495220876893,1.166584898176918,0
-8.475781049849786,1.1683851149776068,0
-8.473822830581085,1.1699672161571506,0
-8.473579978621064,1.1739493966032999,0
-8.47413007230109,1.1725583655345595,0
-8.47327250473152,1.1713582996761307,0
-8.474741082119468,1.1701717434603154,0
-8.475781049849786,1.1683851149776068,0
-8.471740205071015,1.1659713752739318,0
-8.470393024641883,1.165166847822956,0
-8.470331992418764,1.1661624650535742,0
-8.467822373516379,1.1691358923344772,0
-8.466474728748171,1.1683314697839826,0
-8.466474728748171,1.1683314697839826,0
-8.466106657953391,1.1667358917432313,0
-8.465677729062644,1.1661358915954185,0
-8.466657477163228,1.1653446967674785,0
-8.466657477163228,1.1653446967674785,0
-8.46671850938635,1.1643490795368567,0
-8.515884868480248,1.1889489431985858,0
-8.514909009219448,1.1897392594849592,0
-8.515457216521966,1.1883486545744386,0
-8.51643313382515,1.1875583251755035,0
-8.51795749060039,1.1853773384158082,0
-8.518506046157217,1.1839866548299227,0
-8.516308234223507,1.1819804945695154,0
-8.516796367002254,1.1815852905323663,0
-8.516063185574321,1.1783934657102684,0
-8.515574936710804,1.1787886959725373,0
-8.515086687847289,1.1791839262348098,0
-8.514720155175707,1.1775880007111983,0
-8.513132772636528,1.1731953495021603,0
-8.511728419802868,1.1733855672965152,0
-8.510507482871692,1.1705888612799242,0
-8.512339342557668,1.1709989648911137,0
-8.514537009385418,1.17300515793292,0
-8.511728419802868,1.1733855672965152,0
-8.509835411809,1.1739711071410692,0
-8.509285869531631,1.175362013640484,0
-8.50788125550724,1.1755522904413649,0
-8.506965093494713,1.1753472910860108,0
-8.507331829314642,1.1769431707156564,0
-8.506048873439802,1.1751423048432166,0
-8.508675585243065,1.1777484718077158,0
-8.513500573319115,1.1823606941321394,0
-8.514662306362295,1.1861526043336923,0
-8.516740172396808,1.1901495204468784,0
-8.516987513720196,1.193736031359979,0
-8.5172355515522,1.1973223849223515,0
-8.517912199041838,1.2015088107516192,0
-8.519505037565192,1.2059002293799583,0
-8.524390071143827,1.209517057387286,0
-8.5271939592932,1.2091377101411123,0
-8.530484355034545,1.2083635260094852,0
-8.52962910916037,1.2071629356486326,0
-8.528595729240731,1.2089480758557052,0
-8.529997383103495,1.2087584677954215,0
-8.530484355034545,1.2083635260094852,0
-8.52810872828849,1.2093430241979188,0
-8.528595729240731,1.2089480758557052,0
-8.53133960090872,1.2095641163703377,0
-8.530852687020056,1.209959045043714,0
-8.528964206332205,1.2105435621085299,0
-8.53133960090872,1.2095641163703377,0
-8.531707990936617,1.211159622292005,0
-8.532990946811456,1.2129604881644447,0
-8.530984899962188,1.2155352234670538,0
-8.531043871680648,1.2145400717323387,0
-8.53135381237155,1.2171306113756764,0
-8.530867130652425,1.2175254875988113,0
-8.529407085495052,1.218710116268209,0
-8.527636490201735,1.2173043429761528,0
-8.52689837517109,1.2141136327217108,0
-8.527990320512492,1.2113334325678409,0
-8.529391945354064,1.211143831063838,0
-8.531221135090338,1.2115545378528196,0
-8.530971326965592,1.2079685842235506,0
-8.531707990936617,1.211159622292005,0
-8.531589699245387,1.2131500044368035,0
-8.531958379485209,1.2147454447956676,0
-8.533610479938949,1.2181416461264867,0
-8.533979479411887,1.2197370143662702,0
-8.53343426129219,1.2211269439799128,0
-8.533065116713288,1.2195316085215335,0
-8.53172284086568,1.2187259730591773,0
-8.531118854175869,1.2211110085135815,0
-8.527636490201735,1.2173043429761528,0
-8.5273262883201,1.2147138623393339,0
-8.52641149030362,1.2145085548388064,0
-8.525144022824076,1.2202738954953745,0
-8.525572168142627,1.2208740726627543,0
-8.52734322777502,1.2222797410543276,0
-8.527712894735384,1.2238749584996604,0
-8.526798154761286,1.2236696378865695,0
-8.524657283062567,1.2206687848310658,0
-8.524774529990866,1.2186786387123618,0
-8.523120891413928,1.215282784864396,0
-8.523179776068812,1.2142876527985216,0
-8.521349599611995,1.2138771689230712,0
-8.52286971929314,1.211697139380302,0
-8.52366674799986,1.2138927110125852,0
-8.525437720568677,1.215298399072994,0
-8.526721721206446,1.2170990289193426,0
-8.527577721631623,1.2182994488169072,0
-8.527460358618553,1.22028962116074,0
-8.527460358618553,1.22028962116074,0
-8.526176183853629,1.218489030652071,0
-8.524833240518596,1.2176835459841637,0
-8.52349018109879,1.2168780875413763,0
-8.523607834323784,1.2148878496347386,0
-8.523977065966262,1.2164831654242771,0
-8.524833240518596,1.2176835459841637,0
-8.524287732186973,1.2190735411606113,0
-8.524229108722821,1.2200686142199686,0
-8.524112035921677,1.2220587210009946,0
-8.525572168142627,1.2208740726627543,0
-8.525202646288225,1.2192788224360225,0
-8.525689415070929,1.2188839265440468,0
-8.528492432584528,1.218504775986279,0
-8.52306206480143,1.2162779038177174,0
-8.523120891413928,1.215282784864396,0
-8.523977065966262,1.2164831654242771,0
-8.523431441549869,1.2178731868258517,0
-8.523372760043333,1.218868272997769,0
-8.522885933218248,1.219263182002301,0
-8.521970874011032,1.219057933508294,0
-8.521114409246774,1.2178576185112142,0
-8.520686176864647,1.2172574610126752,0
-8.520257944482516,1.2166573035141361,0
-8.51940147971826,1.215456988517058,0
-8.51799912934688,1.2156467539280698,0
-8.518368709243664,1.2172419910422434,0
-8.51928400062042,1.217447187086007,0
-8.520081987026487,1.2196425423610364,0
-8.520081987026487,1.2196425423610364,0
-8.519225348135073,1.2184422667016417,0
-8.51831005675832,1.218237070657878,0
-8.516479299877657,1.2178267179080358,0
-8.51562248685909,1.2166264815863173,0
-8.515194080349808,1.2160263634254598,0
-8.51427852778232,1.2158212263882202,0
-8.513362917172449,1.2156161024635406,0
-8.51190139193426,1.216801065503235,0
-8.510069822460208,1.2163908963292407,0
-8.510187185473278,1.2144007239854133,0
-8.507926774172056,1.2133905349947636,0
-8.504808679216495,1.2111803063708102,0
-8.502118729579482,1.209570254914242,0
-8.501748975555547,1.2079750571377446,0
-8.500462885391924,1.20617489934358,0
-8.500093334516329,1.2045796556731272,0
-8.50095066991636,1.2057797739817975,0
-8.500832552352284,1.2077701167889163,0
-8.501202335397418,1.2093653080091293,0
-8.502001018312106,1.2115605059334325,0
-8.499680532487112,1.2115457178161577,0
-8.497906193459974,1.2101407902842638,0
-8.497906193459974,1.2101407902842638,0
-8.496560609196427,1.209335902237866,0
-8.497595120942568,1.2075505063358563,0
-8.495702751414933,1.2081359019422422,0
-8.49747729359042,1.209540783580172,0
-8.49833509332953,1.2107407969883557,0
-8.499134182540908,1.2129359031247393,0
-8.499563111431655,1.2135359032725503,0
-8.497924932228823,1.217706262509875,0
-8.49872483403359,1.2199011850704053,0
-8.499270574534753,1.218511137443711,0
-8.499699648531461,1.2191111048101249,0
-8.498295701994497,1.219301230816555,0
-8.497924932228823,1.217706262509875,0
-8.498412426541336,1.217311202710892,0
-8.497924932228823,1.217706262509875,0
-8.499153966072683,1.2205011393242522,0
-8.499212241282528,1.219506144940265,0
-8.49975801080488,1.2181160907572934,0
-8.499270574534753,1.218511137443711,0
-8.498841500538044,1.2179111700773042,0
-8.497924932228823,1.217706262509875,0
-8.49737910466408,1.2190963298054065,0
-8.496462449291283,1.218891441906818,0
-8.49737910466408,1.2190963298054065,0
-8.49847087587833,1.2163161689892181,0
-8.496579173838121,1.2169014138011587,0
-8.496696130554497,1.2149113332452526,0
-8.499680532487112,1.2115457178161577,0
-8.499192893068638,1.2119408103965394,0
-8.498100367303387,1.2147211416760157,0
-8.499075530055567,1.2139309827403704,0
-8.498705253650161,1.2123359029769265,0
-8.49833509332953,1.2107407969883557,0
-8.49747729359042,1.209540783580172,0
-8.495955287531766,1.2117212392811627,0
-8.494979834567662,1.2125114637796095,0
-8.494862645681746,1.214501596785757,0
-8.494745688965368,1.2164916773416632,0
-8.493828859465415,1.216286828780758,0
-8.495038516074196,1.2115163776076976,0
-8.495526271577441,1.2111212588021942,0
-8.496443014013817,1.2113261270319402,0
-8.496696130554497,1.2149113332452526,0
-8.496637623175118,1.2159063800794847,0
-8.497066726193019,1.216506340889616,0
-8.497008305877214,1.2175013680550073,0
-8.495116516773429,1.2180866325357833,0
-8.494628964418531,1.2184817054473243,0
-8.492307636978957,1.2184671074621836,0
-8.491878301791516,1.2178671991022956,0
-8.491448966604075,1.2172672907424058,0
-8.489673205538509,1.2158626844682505,0
-8.490044236494914,1.2174575937684065,0
-8.490903022954566,1.2186573842630608,0
-8.492191202644044,1.2204570700050397,0
-8.49402497772872,1.2208667409017302,0
-8.496717074933972,1.2224763071935545,0
-8.495742318478484,1.2232663743412768,0
-8.495312983291043,1.2226664659813924,0
-8.49402497772872,1.2208667409017302,0
-8.490961298164407,1.2176623898790684,0
-8.48524447741199,1.2042881370805887,0
-8.485732697254313,1.2038929133745988,0
-8.486220917096636,1.203497689668609,0
-8.487685576623608,1.2023120185506393,0
-8.48878054016902,1.1995311365436176,0
-8.486457616563863,1.19951689915389,0
-8.485910047727579,1.2009073598262408,0
-8.485362594976063,1.2022977942734734,0
-8.486650078156922,1.2040976373661785,0
-8.485126592017457,1.2062784274374643,0
-8.484756257569668,1.2046833607865768,0
-8.484815258309318,1.2036882024955773,0
-8.484445127009877,1.202093089950731,0
-8.484933433915776,1.2016978465759003,0
-8.483645950734918,1.1998980034831916,0
-8.486768253763383,1.202107281446498,0
-8.484933433915776,1.2016978465759003,0
-8.485850872860773,1.2019025574549218,0
-8.485910047727579,1.2009073598262408,0
-8.48688666153938,1.2001168730765777,0
-8.486339150745481,1.2015073206363702,0
-8.485303507172834,1.2032929722333083,0
-8.485185505693533,1.2052832888153073,0
-8.485067736383769,1.2072735529470613,0
-8.485008938792461,1.2082686653440984,0
-8.486355654882512,1.2090732976955625,0
-8.486902498188986,1.2076830009302189,0
-8.487760994436712,1.2088828569876746,0
-8.484891517737005,1.2102588508004892,0
-8.48457960360502,1.207668756984214,0
-8.483291598042698,1.2058690319045517,0
-8.480597585438748,1.2042598983272281,0
-8.478880012519443,1.2018603173379194,0
-8.481263097711953,1.2008791341854366,0
-8.48255092914712,1.2026788986027803,0
-8.481026978668574,1.2048597935745526,0
-8.48457960360502,1.207668756984214,0
-8.485067736383769,1.2072735529470613,0
-8.48604400194126,1.206483144872763,0
-8.48524447741199,1.2042881370805887,0
-8.484445127009877,1.202093089950731,0
-8.483705212665301,1.1989027861856751,0
-8.483335429620173,1.1973075949654621,0
-8.484252984649935,1.1975122796193602,0
-8.48450427285549,1.2010978988783343,0
-8.484268037727345,1.2050785844925684,0
-8.48457960360502,1.207668756984214,0
-8.482197621217825,1.208649690998044,0
-8.482080316247142,1.2106398502293079,0
-8.48024497401807,1.2102305333717602,0
-8.481279979124484,1.2084450260129884,0
-8.481826938515727,1.2070547030225214,0
-8.482921205552525,1.2042739783662242,0
-8.483098381898635,1.2012884641555477,0
-8.484252984649935,1.1975122796193602,0
-8.484741436661796,1.197117003463127,0
-8.484193635655974,1.198507516585721,0
-8.481692374857008,1.201479055657881,0
-8.482299176602483,1.1990933842442875,0
-8.48431239168628,1.1965170295404377,0
-8.481440796439525,1.19789350196171,0
-8.481130420430738,1.1953030606625763,0
-8.479354340132055,1.1938985265075015,0
-8.483204087313808,1.1917312198537076,0
-8.483942840810686,1.1949217858699832,0
-8.483454301735247,1.1953170816950554,0
-8.483823910653225,1.1969123122529481,0
-8.48358674684692,1.2008932076681536,0
-8.483645950734918,1.1998980034831916,0
-8.484992608782584,1.2007026489472228,0
-8.484134344704396,1.199502740439522,0
-8.484252984649935,1.1975122796193602,0
-8.484800872719335,1.1961217468279237,0
-8.4862663158185,1.1949358986903853,0
-8.4862663158185,1.1949358986903853,0
-8.486325896982002,1.1939406092737759,0
-8.485527794491162,1.1917452802238664,0
-8.482715432153599,1.192126541903903,0
-8.484979529146258,1.1931358982469487,0
-8.485348876873504,1.1947311878113656,0
-8.485229888673658,1.196721727306894,0
-8.484563476743489,1.2001026946933724,0
-8.485303507172834,1.2032929722333083,0
-8.485985146307568,1.20747827038236,0
-8.486667656078074,1.2116633718430005,0
-8.487038483886135,1.2132583270371224,0
-8.487409427778964,1.214853256006121,0
-8.48600426235192,1.2150436573763237,0
-8.487351036484354,1.2158482766152297,0
-8.48772218352553,1.2174431596902675,0
-8.488093446651478,1.219038016540182,0
-8.490786646662038,1.220647333693357,0
-8.492504451750882,1.2230468622324224,0
-8.493734907633174,1.2258414177890646,0
-8.49800490636914,1.2242760716108982,0
-8.500383232086087,1.2232959636883916,0
-8.503387359508093,1.2274955975713748,0
-8.502784678771942,1.2298803379931602,0
-8.502239983033707,1.2312701495937617,0
-8.503816520568378,1.2280955452689426,0
-8.437428055654692,1.0820860056731618,0
-8.438348919100394,1.0822899429111015,0
-8.436934902209657,1.0824823439468094,0
-8.436441748764622,1.082878682220457,0
-8.435027586767925,1.083071116037564,0
-8.433185395537443,1.0826633464621747,0
-8.431342972137424,1.0822556293370251,0
-8.432264212858627,1.0824594813433173,0
-8.433185395537443,1.0826633464621747,0
-8.434962288429517,1.0840676970413963,0
-8.432953812721543,1.0790732754888488,0
-8.432098160550673,1.077872776915921,0
-8.42939979476786,1.0762646267806453,0
-8.429235077434758,1.0716776207643566,0
-8.432197132393753,1.0692988830442012,0
-8.43246192437525,1.06531174605011,0
-8.429897057388496,1.0617097782791447,0
-8.42960273009912,1.0591157113569825,0
-8.427893050944155,1.0567143470594296,0
-8.425035133600492,1.0505180238899623,0
-8.424089552364851,1.0437317943932438,0
-8.426698163210052,1.0397541742670455,0
-8.428677045567756,1.0381674050159084,0
-8.430452371315438,1.0395721096342676,0
-8.432092224825972,1.0429710777153858,0
-8.433934880395533,1.0433787423902938,0
-8.435777303795552,1.0437864595154451,0
-8.43761949502603,1.044194229090838,0
-8.438472941586278,1.0453952259410713,0
-8.440741449800187,1.0464035857295038,0
-8.442088891420049,1.0472080541739626,0
-8.44485087231211,1.047820003569667,0
-8.447544884916057,1.0494291371469942,0
-8.449453012951182,1.0488401814803847,0
-8.451360966859147,1.0482512651514622,0
-8.45326874663996,1.0476623881602212,0
-8.447544884916057,1.0494291371469942,0
-8.446197936656468,1.0486245572457698,0
-8.440831465928536,1.0519892969844555,0
-8.441752242310658,1.052193253891236,0
-8.43780051400327,1.0553654286872032,0
-8.436545468249534,1.0601461338827072,0
-8.436212882107084,1.0651304157207342,0
-8.43410566672557,1.0687098355896687,0
-8.429794719087091,1.0702844326793848,0
-8.428050437749299,1.0754605910506942,0
-8.428544026512222,1.0750641544328392,0
-8.430321180595026,1.076468446005542,0
-8.432888311234787,1.0800699023866436,0
-8.43232956923942,1.0814628872269285,0
-8.431342972137424,1.0822556293370251,0
-8.429993673161249,1.0814515804945053,0
-8.429500316567868,1.0818479646621153,0
-8.429072287334083,1.0812477612696156,0
-8.427164014192998,1.081836749717624,0
-8.427294726954585,1.0798435614848376,0
-8.425879665300922,1.080036198546642,0
-8.424464487562489,1.080228861833561,0
-8.42311455012008,1.0794249572292127,0
-8.423739083814127,1.077035279928337,0
-8.42182994003727,1.0776244650647513,0
-8.421568514514098,1.081610841530317,0
-8.422229867835327,1.0858007225193198,0
-8.422099967667128,1.0877937271762512,0
-8.42417757251091,1.0917907022959668,0
-8.427541093391158,1.0975878745475178,0
-8.430412476568106,1.1037811556029098,0
-8.433904997959589,1.1075855264422216,0
-8.434032924686704,1.1055929676123526,0
-8.431935170213919,1.1091702501338947,0
-8.432236433568283,1.1117627501050613,0
-8.431378982083483,1.1105626580215109,0
-8.429536558683466,1.1101549408963596,0
-8.428615259919878,1.1099511020026274,0
-8.426343617417189,1.1089434502924682,0
-8.425294769201987,1.1107320849969629,0
-8.423944222314537,1.1099283180744983,0
-8.423086248448273,1.1087283440039961,0
-8.422593559342317,1.1091245773771572,0
-8.420686389006546,1.1097133166865127,0
-8.42210087023636,1.1095208107503183,0
-8.424007895466168,1.1089321042223688,0
-8.425851015374809,1.1093396639967867,0
-8.427265061286736,1.1091472564047997,0
-8.429107774898679,1.1095549079671478,0
-8.431378982083483,1.1105626580215109,0
-8.433777303402014,1.1095780328218492,0
-8.436047756035816,1.1105859533395037,0
-8.438381620630519,1.110597719011544,0
-8.440222941225226,1.1110056852753463,0
-8.442064029650393,1.1114137039893919,0
-8.444396965566938,1.111425679462407,0
-8.445809328249705,1.1112336521346773,0
-8.448077865484807,1.1122420053668307,0
-8.44893415612191,1.1134423597015939,0
-8.44985417795303,1.113646487071664,0
-8.451265989233143,1.11345458431326,0
-8.452122105743092,1.114654977985703,0
-8.452550163998065,1.1152551748219217,0
-8.452185865958302,1.113658744464729,0
-8.479207933570008,1.1656164379134069,0
-8.477983978434818,1.1628204137499676,0
-8.476453788399903,1.1650027183220146,0
-8.474556282121208,1.1655892743900154,0
-8.471679201869083,1.166966985948278,0
-8.470821750384285,1.1657668938647294,0
-8.467943257015193,1.15957521909802,0
-8.463962138505885,1.156166157196342,0
-8.463166270646864,1.1539703233128442,0
-8.460103606824283,1.1507657428203792,0
-8.458999356497294,1.1535487228371082,0
-8.4579570090292,1.155335888934804,0
-8.455934100867132,1.157914433436293,0
-8.451826680817486,1.1564975632127847,0
-8.449987159536711,1.1560891904596033,0
-8.450416407660574,1.1566891184883286,0
-8.45323683788963,1.156306034162359,0
-8.452378573811444,1.1551061256546618,0
-8.45244001233126,1.154110416636117,0
-8.45323683788963,1.156306034162359,0
-8.453788730883588,1.1549145966042413,0
-8.453421153449078,1.1533189071067227,0
-8.45145887121344,1.1549019261655111,0
-8.45207243489675,1.1525147271386018,0
-8.452257359901239,1.149527462401073,0
-8.45090861232772,1.1487232889892312,0
-8.451032243918352,1.1467317004888482,0
-8.451523075667993,1.1463358867176279,0
-8.450727207808974,1.144140052834132,0
-8.449931514077104,1.1419441796129508,0
-8.448707152645222,1.1391482472374381,0
-8.447233786760524,1.1403358852395105,0
-8.445331404921504,1.1409235427626125,0
-8.443857951973229,1.1421112004335203,0
-8.44287565000771,1.142902972214129,0
-8.439193937496455,1.1420868298855495,0
-8.43772013629387,1.1432745662318275,0
-8.437596446660852,1.145266167844774,0
-8.436552328900019,1.1470537338755697,0
-8.435999536249096,1.1484453746783831,0
-8.43593798164451,1.1494411099220514,0
-8.437656367157203,1.1518405073355087,0
-8.436613032968566,1.1536278963467357,0
-8.437533664244725,1.1538318860349204,0
-8.438392973085842,1.1550315585165247,0
-8.44023394542624,1.155439603455692,0
-8.441154344532862,1.1556436455941181,0
-8.44158391188984,1.1562435015037629,0
-8.444344673891822,1.1568557262632364,0
-8.446675520282511,1.1568681737884372,0
-8.446798107110219,1.1548768213141472,0
-8.447779480397577,1.1540852593345043,0
-8.44735020325252,1.15348533786206,0
-8.445939436735335,1.1536770045943712,0
-8.444222095985571,1.1512773711548245,0
-8.44336342561069,1.1500775544350503,0
-8.442566425925165,1.1478819762464827,0
-8.442689941431029,1.1458904139712232,0
-8.446308938490002,1.1477025537946801,0
-8.445083329146845,1.1449069033392227,0
-8.444411208963228,1.140719454730224,0
-8.443553119012194,1.1395195068848416,0
-8.442203732972441,1.138715477711166,0
-8.443677621238601,1.1375277216960527,0
-8.4450268331512,1.1383317902074097,0
-8.445518071197537,1.1379358846482646,0
-8.445884748975079,1.1395317773904736,0
-8.446742664798958,1.1407317645735322,0
-8.446618452784476,1.142723484199525,0
-8.447905500647447,1.1445234256364323,0
-8.446923546936242,1.145315118741678,0
-8.447228989342314,1.1479066746084694,0
-8.448945517498691,1.1503064916238674,0
-8.447902415479593,1.152093828184853,0
-8.447288793753899,1.1544810403243222,0
-8.448147406086395,1.1556808701566617,0
-8.44863803468769,1.1552851022794037,0
-8.449190072787607,1.15389363193988,0
-8.44961929189028,1.1544935665248879,0
-8.449742226972294,1.152502135375233,0
-8.449374649537784,1.1509064458777178,0
-8.45096830065453,1.1552976809302073,0
-8.450784420412969,1.1582847096416398,0
-8.45262622544649,1.166262272031382,0
-8.454162210798435,1.1716483637859803,0
-8.455519104405568,1.1800204024657575,0
-8.456198857162793,1.1842061267730255,0
-8.455769086657465,1.1836063167573414,0
-8.455399187527561,1.1820111517622536,0
-8.455459116945372,1.1810157836702828,0
-8.454599692019489,1.1798161374137983,0
-8.454169979556546,1.1792163142855543,0
-8.454599692019489,1.1798161374137983,0
-8.45514949548759,1.1784251719078611,0
-8.452941003755068,1.1764214243586135,0
-8.453920751855648,1.1756302295306789,0
-8.454960835670736,1.1738435748228468,0
-8.454900499956231,1.1748390347027389,0
-8.457658562987316,1.1754518691962854,0
-8.457229082693914,1.1748519936178,0
-8.491158025872757,1.2222421643181516,0
-8.490612517541132,1.2236321594946027,0
-8.489265888514659,1.222827507474296,0
-8.488778336159761,1.2232225803858388,0
-8.489150034603595,1.2248173388915493,0
-8.485307745868294,1.2269829605812959,0
-8.481952603191198,1.2287536011474334,0
-8.47962976664962,1.2287393440888614,0
-8.481035019140242,1.2285489230498126,0
-8.482382605866064,1.2293533587128689,0
-8.482440155546096,1.2283585282358906,0
-8.482985344644602,1.2269686051785236,0
-8.480777984738582,1.2249646019343476,0
-8.47765257644253,1.2227560254930374,0
-8.474642557718465,1.2185577225349622,0
-8.47114429013088,1.2147546498391542,0
-8.468447433450075,1.2131461587773025,0
-8.46440127779309,1.2107336188729363,0
-8.463540924189047,1.2095341824174213,0
-8.462075132835572,1.2107201092303228,0
-8.464226452163565,1.213718602024903,0
-8.466063767833719,1.2141274730553917,0
-8.465203356187292,1.2129280497124384,0
-8.466121985001173,1.2131324917839663,0
-8.466238593463244,1.2111424899034215,0
-8.469110972282191,1.2097658404625768,0
-8.468994131650586,1.2117558947933578,0
-8.468447433450075,1.2131461587773025,0
-8.469249424780699,1.2153406092856471,0
-8.47151616270187,1.216349369007185,0
-8.473352549693864,1.2167584498386432,0
-8.475734967398946,1.2157774174806057,0
-8.483739904168525,1.2140343600398058,0
-8.486317134183253,1.2176335348353575,0
-8.49012502322862,1.2240272192935855,0
-8.494280183795256,1.2244514750628568,0
-8.499548582337074,1.2296604259512058,0
-8.503156232109813,1.2314751292802697,0
-8.507192201328253,1.2338899704390407,0
-8.512744517472825,1.2341256343714804,0
-8.516662804445081,1.2385307199931628,0
-8.522525264428902,1.2413568776749795,0
-8.526441694044841,1.245762382898599,0
-8.532930187903258,1.2537682299356678,0
-8.543614211462423,1.2612073835829918,0
-8.551777626008734,1.26405274175875,0
-8.560623927601053,1.2710831161635099,0
-8.570321934482074,1.279314880795317,0
-8.58120405932254,1.2827819637807565,0
-8.591594830031903,1.2866449785504646,0
-8.602887832581425,1.2907161396900833,0
-8.612242930696947,1.2963648126130138,0
-8.624372837727037,1.3016407076826564,0
-8.63323315721075,1.3076860860309338,0
-8.641126672045699,1.314519735106117,0
-8.652217336875282,1.321582094751463,0
-8.66574720561751,1.3342384696077882,0
-8.675437000156524,1.3414902602938543,0
-8.684482903210691,1.3521179306928595,0
-8.691666386607809,1.3633242306169446,0
-8.702246920594785,1.3707867639599307,0
-8.709314124339858,1.3754314566896895,0
-8.714096364199468,1.3800533364150454,0
-8.718143265485999,1.390035413438829,0
-8.722346128626974,1.3970367688928622,0
-8.731907183845486,1.4062813019846487,0
-8.735684600638805,1.4126818705372237,0
-8.738312899030742,1.4238392138620934,0
-8.741618434913075,1.4306313149348338,0
-8.74724910066664,1.436455325746918,0
-8.753827010785272,1.4414954847650385,0
-8.756707767807374,1.4476866481418824,0
-8.7591158313251,1.454269527614736,0
-8.760578507834072,1.461635839279614,0
-8.763558460602788,1.465840934544115,0
-8.76559227181175,1.4708296324639285,0
-8.770795488755379,1.4760533087579066,0
-8.774673697460894,1.4804674486027274,0
-8.78063319670163,1.4888777309196524,0
-8.785741338907973,1.4960865443341653,0
-8.790895277211416,1.5023031825652282,0
-8.795714200513704,1.5059349457791562,0
-8.798313110014622,1.5085473936602174,0
-8.799544262405533,1.5113417918661298,0
-8.804560986544836,1.5205349163098543,0
-8.810407515204917,1.5214010146434163,0
-8.818377676975414,1.525271860462997,0
-8.823883270311084,1.5235544212606094,0
-8.828872231401593,1.523220453735746,0
-8.835178365008266,1.5236977928557263,0
-8.836966692905603,1.524117730887422,0
-8.837300953355758,1.5267027763678378,0
-8.835892275708979,1.527875800421043,0
-8.836316880442054,1.5284767774546282,0
-8.840741933109491,1.5305187911610272,0
-8.843892475069088,1.5307580311174007,0
-8.847890833477596,1.5321995398424004,0
-8.850481094663174,1.534813941494999,0
-8.853205232575764,1.5344526109071754,0
-8.855460043442298,1.5344822358868502,0
-9.06176718164053,1.732999743829314,0
-9.067014502684453,1.736106225153696,0
-9.068953115919841,1.7404787827199772,0
-9.06946132477854,1.7445464339516583,0
-9.07377911769121,1.7514187065828093,0
-9.073802792160913,1.7558853181343803,0
-9.07809744174812,1.761275056780498,0
-9.085717022080452,1.768376277434518,0
-9.09142831846385,1.7725844890257978,0
-9.097135159814474,1.779778849742204,0
-9.099975326321104,1.7863658349171647,0
-9.10280493386465,1.7929572069220683,0
-9.103247268123926,1.7985443755524209,0
-9.106081330700249,1.8021495984322051,0
-9.107017200601511,1.8043497688435313,0
-9.106536919128203,1.804746962245808,0
-9.106056637654895,1.8051441556480743,0
-9.106495919949015,1.8092404431308413,0
-9.106946668852224,1.8118398175748318,0
-9.110697829839884,1.8176530096747499,0
-9.11635307732562,1.823376656475718,0
-9.121981313062172,1.8306036747039975,0
-9.124307230234827,1.8346176673428793,0
-9.129920214135815,1.8418510221033149,0
-9.132207094073554,1.8473733822814005,0
-9.137346863542366,1.8535088452511488,0
-9.141014551658799,1.8608488661329954,0
-9.14421841108802,1.86708709581975,0
-9.149785052873249,1.8743397038894294,0
-9.152564854111503,1.8779674702009217,0
-9.15923439473769,1.879890109199101,0
-9.167299702073603,1.8836241942252805,0
-9.175462735282867,1.8843333797950699,0
-9.18165800717861,1.8866507141395807,0
-9.187409541747456,1.8878579101264492,0
-9.188257539209541,1.8915867371655182,0
-9.19302094020594,1.8935997744573587,0
-9.197289981111588,1.8960158542580832,0
-9.199125378884794,1.8989391446331432,0
-9.198524053827992,1.9023709250746084,0
-9.196480738865557,1.9055026125087906,0
-9.195928863354489,1.9074216995092854,0
-9.195818525386343,1.9104518387903386,0
-9.194267957339747,1.9131811539257715,0
-9.191220963664769,1.9171251410534715,0
-9.186795361595074,1.9192505535544981,0
-9.18474280753994,1.9223860794648857,0
-9.18623776664567,1.921172016754559,0
-9.18474280753994,1.9223860794648857,0
-9.18573944694376,1.9215767043246696,0
-9.18424448783803,1.9227907670349929,0
-9.18324784843421,1.9236001421752125,0
-9.178824592800755,1.925724579825138,0
-9.178264651415112,1.9276470178762999,0
-9.182002962468271,1.9304812503779605,0
-9.18337291837935,1.9323034197680613,0
-9.184742287681368,1.93412583287094,0
-9.186545275303997,1.9370625883768309,0
-9.186545275303997,1.9370625883768309,0
-9.188846875933066,1.9395945344562229,0
-9.191147596648545,1.9421268461047774,0
-9.19201278015805,1.9443563839055216,0
-9.192876790449438,1.946586409131804,0
-9.194672445458814,1.9495262110473845,0
-9.200341680374553,1.9522597483906345,0
-9.202710768777958,1.953271506861217,0
-9.204650051819646,1.95316733879576,0
-9.201849398227342,1.9510403849274418,0
-9.199982295832474,1.9496224156818993,0
-9.200844252992148,1.9518532939029,0
-9.201346825609745,1.9514468394151727,0
-9.202280230154916,1.9521558849661407,0
-9.20141827299524,1.9499250067451328,0
-9.19955087729584,1.9485071593559766,0
-9.201489133771673,1.9484034177878744,0
-9.203427976856565,1.948299432506996,0
-9.204291107234361,1.9505298233024462,0
-9.20421936654434,1.952051777828867,0
-9.205799265043947,1.9493102770546784,0
-9.205799265043947,1.9493102770546784,0
-9.205296545774084,1.9497167924705998,0
-9.204793826504222,1.9501233078865248,0
-9.203357116080133,1.9498210214642544,0
-9.203357116080133,1.9498210214642544,0
-9.20896106300551,1.9540738324933997,0
-9.20615908954282,1.9519474269788262,0
-9.208099399150363,1.9518428324160073,0
-9.207668127265995,1.9507275151618977,0
-9.206230830232844,1.9504254724524035,0
-9.2072365620771,1.949612319764169,0
-9.20860255837702,1.9514361342155038,0
-9.207596239923706,1.9522495306165144,0
-9.20989505415974,1.954782634331588,0
-9.211332791149687,1.9550844942565035,0
-9.21004029536697,1.9517379941404123,0
-9.211405851710094,1.9535619913763291,0
-9.212192988482183,1.9573161036158258,0
-9.210251359004253,1.9574212465323875,0
-9.213481084696948,1.9606644315777242,0
-9.214338348984143,1.9628972595009273,0
-9.212976605599906,1.9610716781319724,0
-9.212976605599906,1.9610716781319724,0
-9.213756703063272,1.9648287149247725,0
-9.215699505759321,1.9647230845826602,0
-9.216981882535752,1.9680737887441122,0
-9.222577030325226,1.9723302554648807,0
-9.226814101037089,1.9747596176118538,0
-9.231477457456311,1.9783063685715305,0
-9.23393368503757,1.9777897750553457,0
-9.232410128740156,1.9790157187634616,0
-9.233342800024,1.9797250689553962,0
-9.231818803769787,1.9809511954480978,0
-9.231226598885833,1.9828870377018912,0
-9.231650098200152,1.9840055841502764,0
-9.234021972996594,1.9850161849851826,0
-9.23300480227567,1.9858340900725349,0
-9.230547988085345,1.9863509273014905,0
-9.231392640277747,1.9885889950493638,0
-9.230461875473349,1.9878788527909101,0
-9.233850041077126,1.988071914107632,0
-9.233675762721418,1.9911286180811718,0
-9.234008603203522,1.993776978792983,0
-9.233919557546223,1.9953061228462747,0
-9.232390721767267,1.9965342599693692,0
-9.232989672655414,1.9945956150186568,0
-9.233829925279863,1.9968355106123443,0
-9.235088104432558,2.0001962679257765,0
-9.23457790589718,2.0006058906795836,0
-9.241498573961422,2.006702988033176,0
-9.2428446255533,2.008535088718869,0
-9.244702048898677,2.0099570792252024,0
-9.247488183916738,2.0120900649847044,0
-9.251203030607488,2.0149340459973715,0
-9.253671137022216,2.0144125172974903,0
-9.256140123350537,2.0138906230284483,0
-9.26088621937966,2.0159108498471596,0
-9.263260147307811,2.01692059768736,0
-9.265316779893956,2.015275526427196,0
-9.265414184730364,2.0137429094668597,0
-9.267373412480097,2.0136304551670428,0
-9.271293627806749,2.0134048154290767,0
-9.275633676141094,2.014299245344347,0
-9.279558877644757,2.014071534047794,0
-9.285155785261413,2.0183272696302375,0
-9.28940370824089,2.0207521230908654,0
-9.286088603197522,2.0190365588939763,0
-9.285572391919274,2.0194486797037285,0
-9.284539969362779,2.0202729213232367,0
-9.286820452065681,2.0228136410625375,0
-9.287337103300722,2.022401337468203,0
-9.289303077054651,2.0222860804714706,0
-9.288370405770808,2.021576730279534,0
-9.289718803798925,2.0234078561141224,0
-9.292516377693662,2.0255360894745102,0
-9.293448902325242,2.026245500594637,0
-9.295831776041561,2.0272515318150113,0
-9.298733354124632,2.0278444064463343,0
-9.303398177066505,2.0313905481240724,0
-9.304954730123557,2.0301508955723513,0
-9.311488561939743,2.035114214429111,0
-9.310141337129748,2.033282601168967,0
-9.310555157394571,2.034405168878145,0
-9.313875541919487,2.036118539660052,0
-9.313355371030081,2.03653230553104,0
-9.314701715926486,2.038364284360341,0
-9.317913696695111,2.0416148417171307,0
-9.314593752126996,2.039901288150638,0
-9.315526716715372,2.0406105164861827,0
-9.31314032334469,2.0396059475424586,0
-9.317913696695111,2.0416148417171307,0
-9.317804413025236,2.0431523938611633,0
-9.318846807935753,2.0423240091244814,0
-9.318434747498106,2.0412007102769785,0
-9.316459681303744,2.0413197448217275,0
-9.318955798301099,2.0407865788368333,0
-9.317913696695111,2.0416148417171307,0
-9.316980585454473,2.040905674309773,0
-9.318434747498106,2.0412007102769785,0
-9.318846807935753,2.0423240091244814,0
-9.319889202846266,2.0414956243877995,0
-9.319258575068869,2.043447429828369,0
-9.317913696695111,2.0416148417171307,0
-9.318434747498106,2.0412007102769785,0
-9.315114362973194,2.039487339495068,0
-9.314181251732554,2.0387781720877136,0
-9.310234345693665,2.0390149007569462,0
-9.306289786091016,2.039250654575085,0
-9.302974534395382,2.0375351513063897,0
-9.300591807331326,2.0365290591578216,0
-9.29955351868423,2.037355737905081,0
-9.301935659139227,2.0383620737664216,0
-9.304945494326319,2.037417822751067,0
-9.303812143983597,2.0325130549050527,0
-9.30236047502847,2.032216983158552,0
-9.299352986277615,2.033160259322809,0
-9.297278168810607,2.0348128856789955,0
-9.296865228459371,2.033689952400657,0
-9.297278168810607,2.0348128856789955,0
-9.298728517895348,2.035109505779239,0
-9.29613426280026,2.0371755933654434,0
-9.288997663841572,2.0268894148899257,0
-9.288377301722726,2.028836955356933,0
-9.288582233697293,2.0330306060933907,0
-9.289407234486173,2.0352768382192323,0
-9.28806440924413,2.033443397113274,0
-9.288169293346055,2.0319076728150556,0
-9.290135707056777,2.0317922330337375,0
-9.291584736271133,2.0320894014877275,0
-9.288894686219095,2.028424347121632,0
-9.285168693956198,2.0255849966516912,0
-9.290757682350542,2.029844022356599,0
-9.292310715753231,2.028605832081528,0
-9.296142765336171,2.029908970827698,0
-9.299044050114716,2.0305019673154057,0
-9.302983916844884,2.03026816319948,0
-9.309312816686504,2.031037831319775,0
-9.308067836237662,2.027671590468902,0
-9.309936405155181,2.0290889504325094,0
-9.3118049740727,2.030506310396113,0
-9.313153812057612,2.032337253446123,0
-9.319692776703075,2.037298439816098,0
-9.325297603542044,2.041550885276081,0
-9.327989706725797,2.045215086647463,0
-9.32881236107844,2.047462293624399,0
-9.329745912275872,2.048171278247171,0
-9.332770705994001,2.047220812556052,0
-9.336619620587424,2.0485169445599283,0
-9.340881182227553,2.050936131698535,0
-9.343798598755253,2.0515224260849294,0
-9.348997817856237,2.0546488918568784,0
-9.352737888736577,2.0574823932202158,0
-9.353030693150323,2.060147387328932,0
-9.35559767421957,2.065355721089283,0
-9.358158789198217,2.0705664919773845,0
-9.360553101791211,2.071567770798641,0
-9.362135612299177,2.0703173339566128,0
-9.360146907444168,2.0704420348233867,0
-9.362948000993267,2.072568805907121,0
-9.364973839899209,2.0781996182701725,0
-9.368050872851573,2.0829983902049065,0
-9.370191421561199,2.0870893960807493,0
-9.368473523280175,2.0898882302853075,0
-9.368615394780768,2.094108080145098,0
-9.36994590123255,2.0959466392193313,0
-9.37499712046568,2.1006267421784877,0
-9.376723995562747,2.1035951194169584,0
-9.379648744703697,2.104178367393665,0
-9.3805790695513,2.104888692436699,0
-9.378186223480956,2.103886804333502,0
-9.378186223480956,2.103886804333502,0
-9.379648744703697,2.104178367393665,0
-9.382574667062771,2.104761127944812,0
-9.383902973730574,2.106600600941956,0
-9.38536652151917,2.1068917375047533,0
-9.384038068199102,2.105052325435814,0
-9.382176538590304,2.103632040918903,0
-9.382439719246507,2.1063093425227706,0
-9.382042030730839,2.1051800727122725,0
-9.382837114457647,2.1074387341896497,0
-9.38337004409411,2.1070196675658046,0
-9.382972502230707,2.105890336827116,0
-9.379775804325522,2.108404371001029,0
-9.37991148540311,2.1068558517821074,0
-9.378051715621492,2.1054348361268715,0
-9.382439719246507,2.1063093425227706,0
-9.387227757823439,2.1083121438780523,0
-9.3858995978079,2.106472609952718,0
-9.384833445230443,2.107310865056796,0
-9.385103634167496,2.104214314044505,0
-9.38231045984071,2.102084252838303,0
-9.38004918858453,2.099535551505621,0
-9.372337867389303,2.096948892891689,0
-9.372737315732156,2.098077431563855,0
-9.373799655350718,2.0972407605928183,0
-9.374461960017369,2.095275794662385,0
-9.378049013824972,2.093894076708658,0
-9.378308643798944,2.0908019125263166,0
-9.37803534413645,2.088128814967831,0
-9.379627093737113,2.086874539649596,0
-9.382958330529641,2.0885834017451614,0
-9.379627093737113,2.086874539649596,0
-9.3764234721476,2.08362050938576,0
-9.373872769479771,2.0784054125959024,0
-9.373062433917392,2.0761530876506775,0
-9.37172224841612,2.074318549837237,0
-9.375178314018617,2.074483401400226,0
-9.375707284043923,2.074065979837613,0
-9.38063041708938,2.0745205056867526,0
-9.380996984296987,2.06989176421148,0
-9.381767106110864,2.066389855418951,0
-9.386286684550047,2.065717548585347,0
-9.394564518750435,2.0678711880190512,0
-9.39263432485372,2.060708489833992,0
-9.39527917498025,2.0586213820209274,0
-9.396570054292592,2.054705463644634,0
-9.398156084454921,2.0534535645259524,0
-9.399328294352422,2.051079097698107,0
-9.401970944694977,2.0489929038079495,0
-9.405670655174553,2.0460722323617233,0
-9.406727715311575,2.045237754805658,0
-9.415472264266754,2.080330989392344,0
-9.41506548331065,2.079205497129866,0
-9.415723388409353,2.077242359045247,0
-9.413967476163805,2.0742860455891474,0
-9.414622888173998,2.0723239432838234,0
-9.41421390743392,2.071199364944249,0
-9.414336243155386,2.0696563901909677,0
-9.415931072453617,2.0684008353806647,0
-9.417404445943973,2.0686878897544823,0
-9.416583844723041,2.066439829782823,0
-9.415350743107668,2.063068653748253,0
-9.418709697178288,2.0647660004151973,0
-9.421073768376807,2.0600089023815222,0
-9.420778764179088,2.057344822195713,0
-9.419834507366305,2.056640285331085,0
-9.425736800463625,2.05778484713473,0
-9.429041315516038,2.0537338700987178,0
-9.436132243564547,2.0524971411168025,0
-9.436591669388346,2.046337671455195,0
-9.438940782055829,2.0415867880972876,0
-9.43969389220696,2.0380919469752428,0
-9.43410082528161,2.0323424666201007,0
-9.431356220586967,2.028700077542098,0
-9.43495192687821,2.0273147648249363,0
-9.43495192687821,2.0273147648249363,0
-9.437490866336958,2.026763807807452,0
-9.440453745066826,2.027331214453767,0
-9.444900262945598,2.028181410500334,0
-9.444053850926016,2.0259440738907877,0
-9.442465181022918,2.027197069716955,0
-9.440559949039136,2.0257949418017986,0
-9.436325399148188,2.0218723832358805,0
-9.434948110623857,2.020053260255466,0
-9.435579471662583,2.0181011501739263,0
-9.436839553999263,2.014198026718333,0
-9.436311757192076,2.0146149608553934,0
-9.436209952787717,2.016149405661544,0
-9.434200569963336,2.0162826974036463,0
-9.433449509648451,2.0125135968284766,0
-9.433221846572803,2.008329389962057,0
-9.431838838610132,2.0065126431812033,0
-9.432463306992403,2.0045633967247696,0
-9.428641697452692,2.00176377143719,0
-9.427877291781687,1.9980002153276537,0
-9.425965313793712,1.9966008901094128,0
-9.422850765593909,1.9903255551526335,0
-9.422509272628165,1.9876807892042585,0
-9.41963778599184,1.9855832636535489,0
-9.416766299355515,1.9834857381028392,0
-9.414763222578529,1.9836164099326048,0
-9.41023616487383,1.9842918241040906,0
-9.41023616487383,1.9842918241040906,0
-9.408323893581324,1.9828926207422377,0
-9.408323893581324,1.9828926207422377,0
-9.40823499457629,1.9844217038673335,0
-9.407279152234567,1.9837219803300208,0
-9.411715111150258,1.9845765632065415,0
-9.407801522907945,1.9833073005361275,0
-9.407712477250646,1.9848364445894173,0
-9.40823499457629,1.9844217038673335,0
-9.40823499457629,1.9844217038673335,0
-9.407279152234567,1.9837219803300208,0
-9.409190836918013,1.9851214274046498,0
-9.407801522907945,1.9833073005361275,0
-9.40823499457629,1.9844217038673335,0
-9.407801522907945,1.9833073005361275,0
-9.408757511901934,1.9840069631452462,0
-9.40823499457629,1.9844217038673335,0
-9.409280029227578,1.9835922224231624,0
-9.407712477250646,1.9848364445894173,0
-9.407712477250646,1.9848364445894173,0
-9.409713500895922,1.9847066257543684,0
-9.409713500895922,1.9847066257543684,0
-9.412671393448775,1.9852761039592721,0
-9.410847581204509,1.982348000256902,0
-9.410588241239608,1.9781769538803466,0
-9.411110318608458,1.9777623959428379,0
-9.410152863091819,1.9770633426156596,0
-9.411196724524986,1.9762343485970373,0
-9.412676550715002,1.9765187221303258,0
-9.413198628083851,1.9761041641928223,0
-9.413198628083851,1.9761041641928223,0
-9.416159453682006,1.9766724238338504,0
-9.416681824355386,1.9762577440399607,0
-9.416245566294004,1.9751444983444344,0
-9.415286937559246,1.9744459324428032,0
-9.414850239541071,1.9733328695318626,0
-9.415894100974237,1.9725038755132402,0
-9.415894100974237,1.9725038755132402,0
-9.41745989312399,1.971260384485305,0
-9.418503754557156,1.9704313904666844,0
-9.419025685273738,1.9700168934573767,0
-9.419547615990322,1.9696023964480656,0
-9.419109304797232,1.9684900037472541,0
-9.416667330218093,1.9675085265889827,0
-9.41867070029961,1.9673777329028308,0
-9.417188820977882,1.9670942123642554,0
-9.417710311737672,1.9666798981395228,0
-9.41779261139078,1.9651535567831466,0
-9.416913349263826,1.962929868089013,0
-9.372960858804515,1.9467541603877248,0
-9.373402836304233,1.9478650298836904,0
-9.375393154334159,1.9477396588067855,0
-9.374434965556194,1.947040910120574,0
-9.375393154334159,1.9477396588067855,0
-9.374434965556194,1.947040910120574,0
-9.37355013064317,1.9448195366978016,2
-9.373034359321721,1.9452314747229718,2
-9.372076023891491,1.9445327869649542,2
-9.372591648560679,1.9441209098679781,2
-9.37355013064317,1.9448195366978016,2
-9.37399269475195,1.9459301624809928,2
-9.376351343112121,1.9484384074930006,2
-9.377751069433007,1.9502482084597617,2
-9.379150209144832,1.9520582531392954,2
-9.378633264605261,1.9524706785900179,2
-9.378556831042758,1.9539945828186411,2
-9.378997048715293,1.9551061834529335,2
-9.378919588586932,1.956630514178915,2
-9.378402204090566,1.957043122414218,2
-9.381114077597687,1.9621912591190913,2
-9.377130215188002,1.962443341693163,2
-9.376612390734842,1.962856132713048,2
-9.375576741828517,1.9636817147528145,2
-9.379397764759167,1.9664815837531755,2
-9.380789571857738,1.9682946748424044,2
-9.381661794675969,1.9705212880898415,2
-9.37915042584305,1.9710607906068898,2
-9.377158641290471,1.9711867709657351,2
-9.376121232556967,1.9720130841438284,2
-9.376037319728944,1.9735400957103373,2
-9.376906022892815,1.9757681712344208,2
-9.373961915652874,1.9751929657793,2
-9.374395827278015,1.9763071863259238,2
-9.372838834264167,1.9775470216622288,2
-9.372319836592887,1.9779603001076609,2
-9.37318560671145,1.9801895941956253,2
-9.37266631573564,1.9806029944974508,2
-9.37266631573564,1.9806029944974508,2
-9.370676291010243,1.980728243717964,2
-9.372059738929707,1.9825448077142394,2
-9.37828783320041,1.9863406547829907,2
-9.382523996266274,1.9902625431387797,2
-9.386758692809487,1.9941850407765038,2
-9.385622119412393,1.9965447020532672,2
-9.38438990100607,2.000436249152038,2
-9.384528958381214,2.0061494172871654,2
-9.381914905230346,2.008223730179534,2
-9.377308334265573,2.0104243280717142,2
-9.370910361207114,2.0096833571306902,2
-9.365985321682214,2.0092296233480695,2
-9.362530135993307,2.0090644062159164,2
-9.356666559093956,2.007903759369114,2
-9.352271956117013,2.00703199474194,2
-9.34839987046571,2.0057454893926803,2
-9.348823663084561,2.006863913984681,2
-9.342875146791336,2.0072307052017386,2
-9.33806599028824,2.005236677506364,2
-9.331798712130354,2.002949258905005,2
-9.328030484015125,2.0001274557548783,2
-9.324500771243157,2.001485350784833,2
-9.322007293986575,2.002017420062238,2
-9.320455140497472,2.003255244768148,2
-9.320878053202733,2.004374034929313,2
-9.320360522054102,2.0047867040928047,2
-9.322758647605987,2.005786398781023,2
-9.322240823152825,2.006199189800906,2
-9.318480220955378,2.003374218384703,2
-9.315988796830503,2.003905434667402,2
-9.307955194116253,1.9986660285117122,2
-9.305560441566465,1.9976649324750326,2
-9.299923937838244,1.993425647504914,2
-9.291806862252768,1.989713070131149,2
-9.28711197559656,1.986179418733144,2
-9.281732318744734,1.9861122159188795,2
-9.273970228133383,1.9850387990996623,2
-9.267578533389907,1.9857873688859602,2
-9.25694140875546,1.9841100494323367,2
-9.252096294715013,1.9836231097840944,2
-9.250142199794553,1.983733431597134,2
-9.245386718020468,1.9817171041828203,2
-9.237157691291928,1.9810353363002378,2
-9.227499433404816,1.980048174657501,2
-9.220730434810513,1.9796590056143728,2
-9.213378910381747,1.9812016575642488,2
-9.205612979079092,1.981621985517723,2
-9.195496877515222,1.9810226952636079,2
-9.18867857602745,1.9821461587332507,2
-9.180100549335236,1.9803148928798286,2
-9.1738022720846,1.9810246514066794,2
-9.167510154229095,1.981731850949389,2
-9.157956312754703,1.9807013084326712,2
-9.147495904099644,1.9789505705055177,2
-9.139391091839606,1.9782171964427828,2
-9.129878606303958,1.9771694721754116,2
-9.12538448989407,1.9808154987826025,2
-9.121806179757543,1.9851778823240167,2
-9.11731074347727,1.9888244572849523,2
-9.114228113301886,1.9927832499637415,2
-9.108319870916725,1.996117607206818,2
-9.109014299020345,2.008665475406957,2
-9.103374806782,2.0074117302800296,2
-9.099148267300805,2.0064701419427564,2
-9.09161084795952,2.0053033831306344,2
-9.091020989511804,2.0072382505333337,2
-9.089431558614965,2.009983711640121,2
-9.085529793741301,2.011693835065323,2
-9.0810369972018,2.0153393133187656,2
-9.076140206099227,2.0178581416740506,2
-9.075852831114751,2.022453981924677,2
-9.070553805276294,2.0238454292434724,2
-9.064759979390287,2.0256401018557284,2
-9.060466685396081,2.0262183964862963,2
-9.058970846376763,2.0274328247657856,2
-9.055678004745271,2.027200160123094,2
-9.053186406235719,2.0292235979736404,2
-9.048303253793799,2.031736760006904,2
-9.04491652698026,2.0330352500478988,2
-9.03914293910683,2.034821514569412,2
-9.03376997279437,2.0377358303375424,2
-9.030784454150863,2.0401621279123816,2
-9.027404766646047,2.0414576934000763,2
-9.026306176185603,2.0438015742746423,2
-9.021250501919692,2.042107620440614,2
-9.020152644720575,2.04445119667421,2
-9.016280503604449,2.0461490126042605,2
-9.01390068185328,2.0466338625314755,2
-9.009925856419205,2.0498664888368445,2
-9.00634050697396,2.054231796931557,2
-9.000982499192538,2.0571398980239195,2
-8.995845405187112,2.0569719199771086,2
-8.991874099407397,2.060203084005824,2
-8.991267522601465,2.0621448972226126,2
-8.989392033295076,2.0622225615237753,2
-8.988288163353088,2.064568635813316,2
-8.983546998036154,2.0655306587153177,2
-8.979193255576334,2.0676262164013863,2
-8.976599266053366,2.0711843427708594,2
-8.97262913349177,2.074415019374026,2
-8.96641002073185,2.0765840373158824,2
-8.960575397783748,2.0798878086056725,2
-8.951745106157972,2.079851153452818,2
-8.949151996548594,2.0834089142531305,2
-8.947923884405697,2.0872987553624753,2
-8.944950684552452,2.089719934969036,2
-8.938751956457374,2.091880483891952,2
-8.933669563746813,2.091689779628851,2
-8.929700426723201,2.089149101671808,2
-8.928711999846222,2.0899550648331733,2
-8.930327565874114,2.0929696865707363,2
-8.929338259083547,2.093776015301266,2
-8.929216363318876,2.0953188072699724,2
-8.927854298897696,2.094985508397059,2
-8.928226763223776,2.0961252578568867,2
-8.928970811962351,2.098405122345703,2
-8.928847156370498,2.0999486454527343,2
-8.932557983290526,2.1055809392383686,2
-8.932545402223605,2.1113571071258903,2
-8.928441935020665,2.116135328096874,2
-8.925329534435473,2.1201064891990065,2
-8.919894182150085,2.1187679320263086,2
-8.914332827836597,2.118973872811736,2
-8.910001083216535,2.12106029126873,2
-8.906167071689325,2.1227422658683963,2
-8.903325886607043,2.1236164494608794,2
-8.901343753371545,2.125230569198589,2
-8.896064760133115,2.122334901931641,2
-8.892371562512768,2.1224662248255974,2
-8.887824299222645,2.121855540015744,2
-8.885715430697731,2.125014462352553,2
-8.88054692537517,2.126351683578868,2
-8.877223552340133,2.1276238526401485,2
-8.872061646369499,2.128958332097742,2
-8.868471750704035,2.1333255289664663,2
-8.86742953347366,2.139924780837802,2
-8.86397003940424,2.142745651902583,2
-8.862560050720262,2.1482032046118924,2
-8.856414997354193,2.15034145381588,2
-8.85076929025589,2.1520745889524022,2
-8.843790409232625,2.15346242236183,2
-8.83780582117694,2.154041855482145,2
-8.831683645564219,2.15617059988789,2
-8.82536281629192,2.155595234284508,2
-8.820032467028305,2.154213052525048,2
-8.820729000433001,2.156512657748653,2
-8.819252959469466,2.157718860721978,2
-8.820584666871778,2.1580647717310093,2
-8.81841341237393,2.156970821126979,2
-8.817429678369432,2.157774834586146,2
-8.816590424578429,2.1570266731347623,2
-8.818962825824364,2.1608236979686275,2
-8.820839987065956,2.1650241308805356,2
-8.823207108830347,2.1688233491293794,2
-8.822564455567214,2.1707801506818463,2
-8.821920922390486,2.1727373178034703,2
-8.818272307058717,2.1728501185265117,2
-8.812460796408205,2.171865495738487,2
-8.809460260473376,2.1700192405658996,2
-8.802626240860109,2.165575948856997,2
-8.800316812196169,2.166031553251191,2
-8.796877849443856,2.168843894368834,2
-8.794912727871107,2.170450946436059,2
-8.790697624718335,2.177533013220824,2
-8.78436784458043,2.1820092268877325,2
-8.777782651537027,2.1839846601714044,2
-8.776504021693677,2.18622947013478,2
-8.775928137729887,2.187977511776939,2
-8.777012595406074,2.191233385912785,2
-8.778673312395814,2.192740825904547,2
-8.77490182415647,2.1927263402644144,2
-8.7687686559592,2.191699318569597,2
-8.762061949734175,2.192417885379914,2
-8.754530046073551,2.1923773352929103,2
-8.748532935861306,2.1925919706219084,2
-8.742412904905816,2.1915512113597693,2
-8.734191298769968,2.1919937901521322,2
-8.72750260933367,2.1926935168701256,2
-8.719290480779389,2.193126184988923,2
-8.712484594683769,2.192564531461443,2
-8.704607388153736,2.1887332662307983,2
-8.695461123199363,2.1871368021644777,2
-8.68796956963849,2.187054058120694,2
-8.681879566664211,2.1859818987046715,2
-8.678262247036052,2.187190131870551,2
-8.672301827263349,2.1873664001365327,2
-8.665646356281263,2.1880313904343005,2
-8.65817263183423,2.187930002549148,2
-8.649882342996198,2.1870604702224377,2
-8.640777178841105,2.185421027195492,2
-8.634138598598451,2.186068354906702,2
-8.625292413171621,2.1869259634947227,2
-8.614692054968373,2.18498992609884,2
-8.604918770949547,2.1838110430906745,2
-8.595153369275792,2.182623917542113,2
-8.5845792855561,2.18066040501159,2
-8.57458371324855,2.176946103325445,2
-8.56597936940906,2.1722531800699656,2
-8.557627998701587,2.1700635884602164,2
-8.547776742073896,2.16758230875557,2
-8.537367430596257,2.1668304268517176,2
-8.525905753847347,2.162789111897567,2
-8.519083358666897,2.160860789483639,2
-8.512389045288954,2.1601824647594086,2
-8.505134424962478,2.161235892847511,2
-8.494885850716916,2.1616998609660136,2
-8.485455999123506,2.162929716640022,2
-8.47716083704336,2.160681347867232,2
-8.466003837856618,2.159089297418859,2
-8.457036614740208,2.1573056099350367,2
-8.44819906866281,2.156770252007739,2
-8.44154454235997,2.156050322079622,2
-8.431227754599433,2.1552016884516334,2
-8.422531709078651,2.1559022962702628,2
-8.41531557815119,2.154498437194821,2
-8.40897296946255,2.1571049223517456,2
-8.40156227009837,2.1568242950798755,2
-8.39439891420384,2.155463139621773,2
-8.384069664194094,2.1554011423823454,2
-8.37822418398404,2.1558447279685318,2
-8.3753546840801,2.153305510803147,2
-8.373552581232591,2.153653929702422,2
-8.371750589364131,2.1540022648199617,2
-8.367848491240537,2.158538609056066,2
-8.363125729145345,2.159107249840826,2
-8.35976822879038,2.1587240411981448,2
-8.353928131064665,2.1591635633699866,2
-8.346970864177013,2.1594738412562933,2
-8.34274284451065,2.1578813837777027,2
-8.340070083627914,2.15702065856825,2
-8.336661368439678,2.1593969308673095,2
-8.333062156802283,2.1600899984876065,2
-8.33020000926097,2.157545230782002,2
-8.324367014194996,2.1579793909225415,2
-8.318780890937678,2.157333378949229,2
-8.312079374183355,2.156556782182559,2
-8.30469888886785,2.1562533453322246,2
-8.298436793483926,2.156078231168287,2
-8.292365804933981,2.1575858608835503,2
-8.28542623920616,2.157882775582472,2
-8.2766930605288,2.1585216998776318,2
-8.26845456879074,2.156999567800309,2
-8.263127802486148,2.155263958267497,2
-8.261333440427965,2.1556065333904755,2
-8.260219184466315,2.155475089834294,2
-8.258425016621484,2.1558175183392265,2
-8.257310899383658,2.1556859700558704,2
-8.253289024213702,2.155764904030825,2
-8.249079676773928,2.1541583502746384,2
-8.245738906512033,2.1537625115347865,2
-8.239984038701014,2.1514168736618515,2
-8.233739422518799,2.1512285638740067,2
-8.23015524854383,2.1519102790686624,2
-8.225213137446493,2.153538314095975,2
-8.219159433884911,2.1550328948053696,2
-8.214897928289869,2.1561865341357027,2
-8.209771285867767,2.156126861215782,2
-8.207734463418504,2.157546278128482,2
-8.206190052837847,2.1568063561943482,2
-8.204399602791476,2.157145978011023,2
-8.201065241570205,2.156745300875734,2
-8.197052688641165,2.1568171971846084,2
-8.191497500796398,2.156147831051527,2
-8.186189878379395,2.1543977691687246,2
-8.180637465011095,2.153726308492157,2
-8.177552805564467,2.1522433228086797,2
-8.175824640512449,2.1498151064551365,2
-8.171876675393225,2.1471174261227084,2
-8.170640145356398,2.142530457394514,2
-8.16626086033805,2.139225178392394,2
-8.164346277317271,2.1351106783811815,2
-8.159967907876156,2.131804708179722,2
-8.155158412749271,2.1278909926905207,2
-8.152811816210251,2.1231694176454923,2
-8.150709372492951,2.117369723139216,2
-8.147929763624166,2.112041827096018,2
-8.14625783520782,2.106850338677045,2
-8.145205531303349,2.103951308295862,2
-8.14415300544076,2.1010524454781567,2
-8.142180854035614,2.099702222913251,2
-8.138912662075748,2.096530775246883,2
-8.134725898874377,2.0949071719067867,2
-8.129676162937585,2.0920686225725262,2
-8.127650327415115,2.093479745093056,2
-8.12543624276942,2.0932059663546063,2
-8.119957129067027,2.089758352170225,2
-8.117555516661984,2.087799127591495,2
-8.113372998409602,2.0861723195998785,2
-8.110540537766434,2.0836051402790723,2
-8.105739421558464,2.0796850992685734,2
-8.09940221819922,2.075018852693507,2
-8.093982975696658,2.068805222591738,2
-8.088079922202532,2.0647444382520135,2
-8.083524984184093,2.0597447487635385,2
-8.077624427718781,2.0556820793346873,2
-8.074984932808828,2.0547962405489457,2
-8.073449761234787,2.0540493437850245,2
-8.07105256024732,2.0520867888821748,2
-8.068466139069866,2.04844006581056,2
-8.064293275995572,2.0468059688076394,2
-8.060414393338036,2.041335318673479,2
-8.056535510680497,2.0358646685393182,2
-8.052846791534948,2.0320774744291334,2
-8.051794654099064,2.029178318375344,2
-8.049830077014661,2.027822377706741,2
-8.04963971928932,2.0261390683008074,2
-8.048346758403476,2.0243155182560884,2
-8.044799096538753,2.024969669258578,2
-8.041061659588745,2.0239400710010003,2
-8.037755598027395,2.0235180295222435,2
-8.03469052638459,2.022020256361813,2
-8.03009375126333,2.019772968258124,2
-8.027270085710548,2.017199149234493,2
-8.021333601777272,2.015884419812817,2
-8.019181580167816,2.012842970467638,2
-8.015258474357694,2.0101265230256473,2
-8.011336034421925,2.0074095728932306,2
-8.006314043249752,2.0045500781242005,2
-8.004593202815595,2.0021163321758806,2
-8.004402595387376,2.0004332112788603,2
-8.00268164397416,1.9979995491122757,2
-8.001200017793618,1.9944914119901043,2
-7.996849420861892,1.9911644754084303,2
-7.995845474079937,1.9855081214652905,2
-7.993072080038429,1.9801755336446991,2
-7.989391073937442,1.9763825167036497,2
-7.987001253057363,1.9744143903151432,2
-7.984181416282101,1.9718376808215137,2
-7.982268331478611,1.9677220497568229,2
-7.979924620395118,1.962998296386571,2
-7.976437134922634,1.9608862010718902,2
-7.974523550713381,1.9567709470250243,2
-7.97303992690979,1.9532643179741562,2
-7.973084288786197,1.950510010554808,2
-7.970932544624386,1.9474683517552727,2
-7.969878520544508,1.9445706199910493,2
-7.966865884504619,1.940312444289745,2
-7.964283625041859,1.936662579402915,2
-7.9632290183219245,1.9337652874928217,2
-7.959549482693464,1.9299711604437242,2
-7.952580005211895,1.9257428226182718,2
-7.948901912311196,1.9219476064065688,2
-7.946084628054278,1.9193689699329397,2
-7.94303181959744,1.9178619388903346,2
-7.9415055818376095,1.9171082976964282,2
-7.939743653409268,1.9174263876061541,2
-7.932073207770395,1.9164086350959568,2
-7.9314075012067,1.9168717830944662,2
-7.923933711354734,1.9175325853765095,2
-7.916698136944857,1.9171197505203494,2
-7.9114605978032975,1.9153167804693059,2
-7.909894132136985,1.9173143258249663,2
-7.909464893095207,1.9167051562476694,2
-7.908606415011653,1.9154868170930754,2
-7.907318697886322,1.9136593083611846,2
-7.905365967816411,1.9122944239919324,2
-7.903219911331347,1.9092484713782696,2
-7.903026307468548,1.907567612588208,2
-7.904591441386159,1.9055710726134176,2
-7.904785239462307,1.9072517847854389,2
-7.901932277440309,1.9074208998100772,2
-7.900644643549271,1.9055933282418778,2
-7.897598604815003,1.9040811865131886,2
-7.896117283826872,1.9005728189912325,2
-7.8952589167223755,1.899354396054898,2
-7.894594514162619,1.8998165596179781,2
-7.892407508407193,1.899522338135192,2
-7.8904144671965115,1.9009087031518153,2
-7.888892141448492,1.9001521086516018,2
-7.88912741594553,1.8990806917294876,2
-7.889943696244318,1.9030517045595197,2
-7.891895066820762,1.9044176152550776,2
-7.89037265783845,1.9036610835911656,2
-7.8868992667063935,1.9015383479956167,2
-7.880147669756673,1.898972541704799,2
-7.88034107940612,1.9006535471129045,2
-7.8775333948377595,1.8980676635188445,2
-7.87819738122605,1.897605814137286,2
-7.877768641590037,1.8969962675421659,2
-7.874919452856024,1.8971625339876717,2
-7.871020041074891,1.894428199144393,2
-7.869499158054633,1.8936705154815705,2
-7.86579415473447,1.8926164320107475,2
-7.868642011719779,1.8924511709461065,2
-7.871102716469017,1.8889241504104728,2
-7.870520656366214,1.883882516584844,2
-7.872745365254534,1.881427457552629,2
-7.869468768633213,1.8809831720221428,2
-7.867519090487411,1.8796159836550679,2
-7.864008884054926,1.8802418583206109,2
-7.861631104402697,1.878264641613411,2
-7.858162013709162,1.8761386594754725,2
-7.855590408236016,1.872480751541687,2
-7.854887747648067,1.875692614528468,2
-7.851185546549134,1.8746364155687267,2
-7.849666023022341,1.8738777055796056,2
-7.846821412174493,1.8740405160283746,2
-7.845302221584876,1.8732815546940333,2
-7.842458165632323,1.8734439462341061,2
-7.841367492720602,1.8732946990583645,2
-7.839186313365748,1.8729960790342748,2
-7.838952009935473,1.8740667628661711,2
-7.838992404310541,1.8713154506439942,2
-7.837901925612171,1.8711660568502104,2
-7.835486914488044,1.8719377645856259,2
-7.832878354990645,1.8710285716401085,2
-7.830504293136874,1.869048548244649,2
-7.826144486945514,1.8684493812164735,2
-7.822253731530944,1.8657085113975427,2
-7.819219123639696,1.8641877401497275,2
-7.8192591573328265,1.8614367002182046,2
-7.816418846923494,1.8615962641245805,2
-7.8170403303346045,1.86388731881825,2
-7.818791382815209,1.8635774395189522,2
-7.814861758987627,1.8635867299232878,2
-7.816846560003216,1.8622065857007932,2
-7.819025297818784,1.8625070489231383,2
-7.817508160341746,1.8617465376266296,2
-7.814474218324854,1.8602252636883776,2
-7.812335791650061,1.8571735510801517,2
-7.811753232141495,1.8521322942723515,2
-7.809653008005365,1.846330924131296,2
-7.810585116689778,1.8420520427637115,2
-7.809496358166818,1.8419013503529698,2
-7.807784728994517,1.8394606505203015,2
-7.8068530642263365,1.843739196760934,2
-7.801605233779324,1.844664813135342,2
-7.798340373193435,1.8442116676859488,2
-7.795076012013314,1.8437581452187253,2
-7.7974852799711645,1.842990773188312,2
-7.795736585795553,1.8432988721256471,2
-7.792705695702767,1.841775294189576,2
-7.789014897702092,1.8407104866561461,2
-7.785752034739259,1.8402558331354477,2
-7.78579059795986,1.8375059033119694,2
-7.783188419758325,1.8365918929164522,2
-7.781635299323799,1.838579363517983,2
-7.786450783315395,1.8370469234549738,2
-7.786526744476485,1.83154794351627,2
-7.783961964215437,1.8278848830055274,2
-7.779650404167533,1.8245284761971288,2
-7.777708605534886,1.8231553393265791,2
-7.774215767325055,1.8237681021499554,2
-7.7757298806227455,1.8245308964988567,2
-7.776231141069037,1.819644060389189,2
-7.777049030564171,1.8236138583840056,2
-7.774215767325055,1.8237681021499554,2
-7.770101279235529,1.8220899359522722,2
-7.766609606305813,1.8227018190673867,2
-7.763350655354793,1.8222442122403866,2
-7.760324426382462,1.8207171154712682,2
-7.758811478364885,1.8199534414141052,2
-7.755980601175528,1.8201058838726603,2
-7.75186983088446,1.8184249109867192,2
-7.748650663923683,1.8152164527371095,2
-7.746247888240752,1.815978923535786,2
-7.745858516423513,1.812618839699569,2
-7.746285202946945,1.8132299362568673,2
-7.741944485153651,1.8126163587695636,2
-7.739116021758812,1.8127669789752936,2
-7.733923984031233,1.8109296584112258,2
-7.728489558240491,1.7947380224209155,2
-7.724810718233369,1.793664187405101,2
-7.720279781438558,1.791367195784689,2
-7.717295112121411,1.7870879070851373,2
-7.713884061473242,1.782197291428501,2
-7.710668972992863,1.7789857541999794,2
-7.70853720506158,1.7759290146874065,2
-7.7051263763715285,1.771038231467294,2
-7.699550515779637,1.7658366379800547,2
-7.694172309786179,1.762312845249399,2
-7.690106872438282,1.757876831853892,2
-7.685779694090119,1.7572530329944165,2
-7.681289651076137,1.7522043521340063,2
-7.675260720691878,1.7491323968670844,2
-7.6707401881838,1.746827550708634,2
-7.665369112594849,1.7432983750012454,2
-7.658493523396768,1.7389991578245159,2
-7.655024545684513,1.7395939075739886,2
-7.648120381381093,1.7380370798642222,2
-7.642723061247035,1.7372485342072732,2
-7.633893994872621,1.7343058138571834,2
-7.627846754945937,1.7339684982463623,2
-7.623075329640561,1.7354676769589528,2
-7.621734707253539,1.739121742509468,2
-7.618236987967364,1.7424590073985122,2
-7.611505121549735,1.7453199402418687,2
-7.607159106508618,1.747431179001751,2
-7.604544556144286,1.7492473259392938,2
-7.598697939505851,1.7505855699235386,2
-7.595853746831696,1.753468881859936,2
-7.59193225422237,1.75619285092103,2
-7.5893179258161565,1.7580088302950934,2
-7.58581956840039,1.7613465769291352,2
-7.5788990366880675,1.7625229226950339,2
-7.572633668528883,1.7632440797276363,2
-7.568329684803944,1.7626027704846958,2
-7.562989655606608,1.7590501568357926,2
-7.554386793193426,1.7577636843899036,2
-7.547323151087694,1.7545002350053078,2
-7.541950107622677,1.7536933620929336,2
-7.536847489269255,1.7490677187234418,2
-7.529329695325338,1.7479347244311167,2
-7.522505045515103,1.7435970514361454,2
-7.520396721909927,1.7405226130311888,2
-7.516563897563891,1.7377380091444543,2
-7.511467077866274,1.7331079881790892,2
-7.505949758727738,1.727862199824477,2
-7.500625766004351,1.724297479714279,2
-7.496988432165107,1.723192310328038,2
-7.494423487437693,1.7222501911590573,2
-7.494039109678088,1.7188863371445837,2
-7.494268113858322,1.7178196538907304,2
-7.4936177778942294,1.7182711981183765,2
-7.49147455337738,1.717943924739517,2
-7.487646667599446,1.715155592565388,2
-7.486117463152025,1.7171250082021423,2
-7.482940662446829,1.7138845662736344,2
-7.480185276759783,1.7112592005350251,2
-7.4768166201119595,1.7063365802540567,2
-7.472341783231215,1.7039972369645326,2
-7.466761764929077,1.704240416630805,2
-7.462938429292542,1.7014486494053749,2
-7.458887448969236,1.6997225391074977,2
-7.454837300988871,1.6979958004465754,2
-7.452926659726895,1.6965991418527722,2
-7.449754520142156,1.693355181091217,2
-7.447231190559454,1.68966082810093,2
-7.445583871749323,1.6844507610813046,2
-7.442377441637735,1.6839535045462792,2
-7.4419915101713086,1.6805908234761535,2
-7.440922866602701,1.6804249456252034,2
-7.440047244256831,1.6819403664184467,2
-7.4342846367634525,1.680494371957046,2
-7.430589514583946,1.6848744632497379,2
-7.42689361555103,1.689255141014602,2
-7.424912950507593,1.693352980036467,2
-7.420184918014087,1.6948194000890666,2
-7.4154198760067995,1.699034577020809,2
-7.41221752437561,1.69853424150687,2
-7.405166480395241,1.6979820985640295,2
-7.398536740453968,1.6980451155928353,2
-7.3921376971235695,1.697040171696262,2
-7.388101477015042,1.6953029184270854,2
-7.3838374457511655,1.6946314477580664,2
-7.377861509869564,1.6942403023798782,2
-7.371468958814086,1.6932304572515662,2
-7.365307076624722,1.6911526721433212,2
-7.362759250417083,1.6901976296410819,2
-7.361086907831488,1.6877272710727773,2
-7.35724662214599,1.6876691171771387,2
-7.352114154430282,1.688507642433759,2
-7.348046695719016,1.6895147893932823,2
-7.345690004090126,1.6902424698248009,2
-7.342309668898617,1.6880494832410236,2
-7.3401823143871345,1.687710229073474,2
-7.336762999803556,1.6882674864947003,2
-7.33057168242115,1.688932740161892,2
-7.324381918745563,1.689596820884736,2
-7.317776927134333,1.689641154585722,2
-7.314442673994642,1.6846925619656332,2
-7.300678458668298,1.6797185872709033,2
-7.297910478860338,1.67982354642883,2
-7.294122434564402,1.6770051366103687,2
-7.290106634602642,1.675252467501192,2
-7.283970305341493,1.6731553916475175,2
-7.2782518952581565,1.6716760311085235,2
-7.271890973234351,1.6706423081845756,2
-7.2657603871394825,1.668540896625899,2
-7.257056590379565,1.6682244233069525,2
-7.2498302838280395,1.668698392310814,2
-7.241132785129694,1.6683771643781746,2
-7.233496771850685,1.6682272182186555,2
-7.22650654439437,1.6676291628827933,2
-7.221633350397099,1.667378153416216,2
-7.215704136699121,1.6669517359258705,2
-7.21078999343149,1.6694524575901664,2
-7.203991982599744,1.6705363083161107,2
-7.198022929421992,1.672860784139246,2
-7.1942117757393484,1.6727806375370946,2
-7.18934543469894,1.6725244545481281,2
-7.184938433767699,1.670133899670585,2
-7.177550762769865,1.6689026712891781,2
-7.169111039572668,1.6674930396868195,2
-7.167230695593661,1.6660735086782452,2
-7.163883265692998,1.6638556808088243,2
-7.160491251957808,1.664392327922231,2
-7.1554495353649585,1.6624415249925555,2
-7.14995130862893,1.6626229575171152,2
-7.14491236651254,1.660670060043966,2
-7.136486626676713,1.6592498719424835,2
-7.129574748433469,1.6558718510296693,2
-7.122390697158464,1.6563139201363732,2
-7.116901237768056,1.656488733903542,2
-7.112053457975183,1.6562185384187131,2
-7.108075973533363,1.6544369436641215,2
-7.102225719433282,1.6512300997972584,2
-7.0969705912179135,1.650334208787097,2
-7.092949549497862,1.6513063140342439,2
-7.089339823701643,1.6529011196095524,2
-7.086599172486839,1.6529854475142276,2
-7.082121204452141,1.6560901023971297,2
-7.076183003452651,1.6583912868967978,2
-7.073443683986551,1.658474609420601,2
-7.067966043865871,1.6586405004325577,2
-7.063768489058029,1.6579188445018218,2
-7.0578835560043895,1.6574589980975762,2
-7.053278486305473,1.656111772314114,2
-7.048084866231051,1.652448629605912,2
-7.04202466860403,1.6502940794792131,2
-7.036964864426871,1.6510777486421606,2
-7.033412457312135,1.649908465280081,2
-7.029860716071754,1.6487386792275665,2
-7.025900655342119,1.6469439307399352,2
-7.021532524826117,1.6445240313082703,2
-7.017165393121642,1.6421033778409555,2
-7.011981788907248,1.6384326738308026,2
-7.00825433917725,1.6355685191827938,2
-7.002844283300969,1.6329625714464964,2
-6.999935581151586,1.6313467498156768,2
-6.997435781131509,1.6303554507658458,2
-6.992208536404588,1.62943850959374,2
-6.987848146677916,1.6270127663857732,2
-6.981578782377367,1.62590992352707,2
-6.974446280875032,1.6263130760159594,2
-6.967137072071554,1.62502261394501,2
-6.959194451610401,1.6241709193864935,2
-6.952705349881003,1.624127764006431,2
-6.946446972507244,1.6230166267555557,2
-6.93955493377293,1.6223444455260285,2
-6.934978468926337,1.620975624999323,2
-6.929589804263584,1.6183535283328059,2
-6.923516679578471,1.618929554447865,2
-6.919350420865124,1.6181842720667063,2
-6.915591288616149,1.6180648527743564,2
-6.911884148053856,1.615185366068097,2
-6.905232905024741,1.613437599774933,2
-6.898126650069739,1.6138209378825294,2
-6.8901593665150624,1.6157086794846762,2
-6.883286554902633,1.61502198306885,2
-6.8761340236824635,1.6181610738307963,2
-6.871748360477445,1.6184752275830618,2
-6.868173065934119,1.620044039873818,2
-6.8656367558060225,1.621801120685296,2
-6.86165733123291,1.6227418077802813,2
-6.856640143014208,1.6234933047554172,2
-6.850356242459223,1.6251222529736786,2
-6.844073673652939,1.626750195811077,2
-6.839463556409081,1.6281275977658964,2
-6.835431085848231,1.6318291482013159,2
-6.829554478226203,1.6340838338357848,2
-6.822642049092115,1.6361478631699669,2
-6.816595281933396,1.636703991121987,2
-6.813658531829204,1.6378301609948736,2
-6.809685932468185,1.638765695512907,2
-6.805944723337156,1.638632745469696,2
-6.8015114243735,1.641703678202612,2
-6.798173679397919,1.6421993560456016,2
-6.794434273676589,1.6420650445491294,2
-6.78989154646378,1.640670754373735,2
-6.783280450109075,1.6388926800364523,2
-6.77494413365185,1.6401258004678496,2
-6.769943675526223,1.6408646673458076,2
-6.765005502394944,1.63883569605356,2
-6.762536915235069,1.6378208333896094,2
-6.759266338332411,1.6355449866658667,2
-6.755996316325046,1.6332687210334242,2
-6.7528969255153735,1.6326906570110395,2
-6.748826106790104,1.629152506665113,2
-6.743662813745644,1.628187286265847,2
-6.737869355180967,1.6276583827631566,2
-6.732708975336789,1.6266909630932354,2
-6.727780845810306,1.6246544095536013,2
-6.723485129129971,1.622179842537184,2
-6.7189597146502855,1.6207724824104837,2
-6.71609717978923,1.6191218075762066,2
-6.714896692203875,1.6172284463973838,2
-6.713635195883338,1.6181019598987767,2
-6.708020220284741,1.6192653304480942,2
-6.7036675733496205,1.6195545591329807,2
-6.699546594092141,1.6187750938022702,2
-6.693535423466434,1.6193043487614744,2
-6.687756752861302,1.6187642813420418,2
-6.682609829227966,1.617786703136268,2
-6.67803134101578,1.619140227295441,2
-6.6732857729357775,1.618792868828903,2
-6.667281704969814,1.61931676175681,2
-6.662937104016435,1.6195999162656083,2
-6.65756533791756,1.6196858794984692,2
-6.6515654039215235,1.6202066515565896,2
-6.644937634965505,1.62116198109476,2
-6.639172420571217,1.620611755139464,2
-6.633408870862805,1.6200602724580833,2
-6.630328956877898,1.6194675047404896,2
-6.625991652797615,1.6197451505999396,2
-6.621423541127396,1.621090841166506,2
-6.619139734995172,1.6217634979408775,2
-6.615036179449872,1.620970878877129,2
-6.611165207159447,1.6191088745984406,2
-6.605409647943244,1.618551359631839,2
-6.6009124221444155,1.6171227189434187,2
-6.595391582529963,1.6154942059634028,2
-6.590896826015186,1.614063701131279,2
-6.586006873284825,1.611998326673394,2
-6.5815144473302745,1.610566062424752,2
-6.578839051801866,1.6106011266668379,2
-6.577187658515784,1.6108357699644298,2
-6.574281150205032,1.6119391093134094,2
-6.570814862839686,1.610704811321792,2
-6.5662584594601405,1.6120416629148853,2
-6.561307192802188,1.612743393536995,2
-6.5573795954493885,1.6136449545598257,2
-6.5540798053118055,1.6141119790480474,2
-6.54999012214882,1.6133088872669124,2
-6.548177558629787,1.6118381865611813,2
-6.5430672580857525,1.6108329603815061,2
-6.536936728587378,1.609625306567196,2
-6.533477460647486,1.608385709380574,2
-6.532850818712381,1.6088193662069248,2
-6.531040086347811,1.6073472831025075,2
-6.530018858581943,1.6071456095035295,2
-6.52892843737533,1.6097169894880228,2
-6.52751273475776,1.6088799016819717,2
-6.5256331418896165,1.6101806208158091,2
-6.524936723873711,1.6133877710797613,2
-6.519994363285201,1.6140827782173108,2
-6.517164622735935,1.6124073458791273,2
-6.511597756559194,1.613534397044548,2
-6.507052118148323,1.6148631218089484,2
-6.5027397011219055,1.6151219796134129,2
-6.499054231223006,1.6149469501917402,2
-6.494349975097527,1.6145684039728234,2
-6.49027272158909,1.6137559286369125,2
-6.483532779654443,1.6129689245339591,2
-6.479618194596254,1.6138606621478786,2
-6.475776714990617,1.611976392872025,2
-6.471310674307227,1.6105242095149102,2
-6.466453071972415,1.6084344126800794,2
-6.461364273620964,1.6074129537884527,2
-6.457759233792482,1.6044563878822196,2
-6.456189324877877,1.601908698768728,2
-6.4536022666778035,1.5991562570773503,2
-6.450390952592382,1.5968356709049267,2
-6.446163488033017,1.594309578118967,2
-6.440296449457303,1.5920092058753745,2
-6.434431353015116,1.5897073674513482,2
-6.427944414482098,1.5878355622934563,2
-6.422315230666533,1.58446182520232,2
-6.417862757173042,1.5829993995276013,2
-6.412396602489659,1.58132960309565,2
-6.406540745054087,1.579020789841847,2
-6.400686829752043,1.576710510407608,2
-6.393821119904098,1.574191435926565,2
-6.387117384887284,1.57337709803123,2
-6.385322383804256,1.571893138865292,2
-6.38274592410427,1.5691326960178316,2
-6.3785347734665025,1.5665942873162155,2
-6.376349875417933,1.5644714579464711,2
-6.369956046312769,1.5598085442403349,2
-6.365197823722614,1.554922905188997,2
-6.361612038760783,1.5519518031510326,2
-6.356784678219411,1.5498391757923002,2
-6.352739164721705,1.5490027388790004,2
-6.347914245719618,1.5468882683220038,2
-6.3420799737109235,1.5445631595199494,2
-6.337488553540942,1.5413786125486642,2
-6.334138819929557,1.5373355071164134,2
-6.329779566842978,1.5330818891117115,2
-6.326660835034881,1.5279705923543005,2
-6.3216833189321076,1.5241443056546498,2
-6.319574411791615,1.519243291069909,2
-6.316456123899752,1.5141316591855443,2
-6.312260371606354,1.5115816257676347,2
-6.30953245234103,1.5071085080146833,2
-6.306185909377577,1.5030629938574371,2
-6.300755573185324,1.5013661568691852,2
-6.295716299238727,1.5003073103764883,2
-6.289899894858451,1.4979687127144317,2
-6.285481658404504,1.4964804403732082,2
-6.2814535686189785,1.4956308497268793,2
-6.276877269345718,1.4924348874936388,2
-6.27392603357691,1.489024159180417,2
-6.27081462638667,1.4839073328282222,2
-6.2668579496230645,1.480283012963639,2
-6.262902049712864,1.476658106626875,2
-6.259335686086269,1.4736723427845728,2
-6.257003129505117,1.4698339689847781,2
-6.253598712964886,1.4685529626736162,2
-6.2506503626515935,1.4651400560351746,2
-6.247086218606167,1.4621526165580896,2
-6.242906780234369,1.4595902672245291,2
-6.23934413440623,1.4566016966939674,2
-6.2374018632173245,1.4534018998618965,2
-6.23322467217146,1.4508378539481193,2
-6.2292754864943,1.4472078788161404,2
-6.2273339089245106,1.444007558348197,2
-6.223774037572834,1.4410168932741598,2
-6.220441422481222,1.4369608645086558,2
-6.215879994401798,1.4337536755223823,2
-6.212710325208077,1.4314016502523614,2
-6.209993670317189,1.4269200286528942,2
-6.207891088983033,1.4220142385090249,2
-6.204172266979574,1.4173165537968906,2
-6.1992266296113545,1.4134662007926835,2
-6.194056815651948,1.410678886536676,2
-6.19095362091204,1.4055558603357898,2
-6.186399267747593,1.402343330263653,2
-6.180845549691805,1.398912621589929,2
-6.175681201451027,1.3961211810832719,2
-6.172905840640421,1.3944046956929377,2
-6.168518733812383,1.3928929225738926,2
-6.165069677948093,1.3943664331364296,2
-6.1636828298857305,1.393507562078213,2
-6.162683326270563,1.3932894882038056,2
-6.160522260974805,1.3911486667055968,2
-6.156750254259789,1.389211950061064,2
-6.152367225912149,1.387697097963109,2
-6.1492087378585705,1.385336631682879,2
-6.144665482599972,1.3821157234368275,2
-6.14189517133653,1.3803954259773619,2
-6.136355880558341,1.376953825677555,2
-6.133973551871681,1.375873843656894,2
-6.129596433158907,1.3743545301813338,2
-6.127988016513228,1.3745567290004583,2
-6.127277194064774,1.370506102572845,2
-6.12650411436673,1.369223293370018,2
-6.127563100755025,1.3666756445631236,2
-6.128458919287317,1.362424159824215,2
-6.129456258810843,1.362643867442534,2
-6.13012754007,1.3594556937424862,2
-6.130858248612759,1.3535018392520008,2
-6.129146535310906,1.3492341862217287,2
-6.1304259250024025,1.3456263472457533,2
-6.1313174153514085,1.341378129994677,2
-6.130765626789031,1.3390344603688593,2
-6.129439093842734,1.335409238266303,2
-6.129718924429533,1.3315833673067896,2
-6.126563016639066,1.3292209531011245,2
-6.126619946893847,1.3264571573998225,2
-6.122633141318081,1.3255763999465469,2
-6.119535051614865,1.320449519785667,2
-6.1177642439665885,1.3189472962006068,2
-6.115828076625901,1.3157428913728815,2
-6.110073986986968,1.3133572502643318,2
-6.107860902259766,1.3139765171254627,2
-6.103822077252558,1.315855848031532,2
-6.10420892229399,1.3164970222331647,2
-6.105204458407819,1.3167180913047432,2
-6.105813149480212,1.3162979861746944,2
-6.102604806086831,1.316695974509896,2
-6.100227332733977,1.3156123270381492,2
-6.099288837853992,1.312627378483528,2
-6.098627621042457,1.3058184859493949,2
-6.09669325711147,1.3026127196684136,2
-6.0939851476080875,1.2981246468750314,2
-6.090835288176305,1.2957576665645902,2
-6.08685747190428,1.2948701227904458,2
-6.084537233998619,1.2910224492176123,2
-6.079621838423842,1.2871492656895018,2
-6.080778038462929,1.279086592740864,2
-6.078843951979586,1.2758806170055301,2
-6.0635901929435265,1.2491737310618376,2
-6.062261579139883,1.245550079866888,2
-6.0648523253914295,1.245578920146297,2
-6.067056365325363,1.244966481496899,2
-6.067443404580148,1.2456075090804877,2
-6.069429038833936,1.2460537525288657,2
-6.06981613357825,1.246694738221585,2
-6.070203228322565,1.2473357239143024,2
-6.0715833066623635,1.248199705658596,2
-6.071970429151442,1.2488406704058814,2
-6.071751607299823,1.2498996666851792,2
-6.07313179661868,1.2507635646477322,2
-6.073518919107759,1.2514045293950158,2
-6.074124946682747,1.2509864350267037,2
-6.0748992471504355,1.2522683226304014,2
-6.075892508193563,1.252491109227634,2
-6.0752863973842794,1.252909266432253,2
-6.075673547618122,1.253550210234101,2
-6.075841654042235,1.255250317878719,2
-6.07644784808581,1.2548320978377987,2
-6.07562255474297,1.2563095236123658,2
-6.077003021509473,1.2571732121205734,2
-6.076396744231597,1.2575914949978042,2
-6.077003021509473,1.2571732121205734,2
-6.075958268185427,1.2597101159194288,2
-6.07557122893064,1.2590690883358437,2
-6.075958268185427,1.2597101159194288,2
-6.073700405410347,1.2630840043814366,2
-6.072268057936226,1.2649802995053996,2
-6.07122227805589,1.2675179782853423,2
-6.071609012118266,1.268159236268712,2
-6.073041692529562,1.2662626897995324,2
-6.072435221038338,1.2666811192948,2
-6.071389219199886,1.2692189656382258,2
-6.070782692219131,1.2696374370243646,2
-6.069736301953977,1.272175576603873,2
-6.068469425151323,1.2757739691887622,2
-6.068082940791832,1.2751325226964791,2
-6.068082940791832,1.2751325226964791,2
-6.068909676862435,1.2736540077593048,2
-6.068523137013412,1.2730126031578912,2
-6.067309972072845,1.2738496297119113,2
-6.06747630283202,1.275551077864355,2
-6.067309972072845,1.2738496297119113,2
-6.066923487713354,1.2732081832196283,2
-6.066923487713354,1.2732081832196283,2
-6.067750057315369,1.2717297939550605,2
-6.067363517466347,1.2710883893536469,2
-6.066976977617323,1.2704469847522333,2
-6.066590437768301,1.269805580150818,2
-6.067416729922668,1.2683274003406062,2
-6.068023145924361,1.2679090127362045,2
-6.067856260269897,1.2662079834924533,2
-6.067249899757731,1.2666263292059874,2
-6.066423746327187,1.2681044042890228,2
-6.066643539245567,1.2670446749195161,2
-6.066037178733401,1.2674630206330448,2
-6.065870348568463,1.265761949498426,2
-6.066476653591098,1.2653436456757667,2
-6.065870348568463,1.265761949498426,2
-6.06443794560481,1.2676582865132584,2
-6.0646577385231915,1.26659855714375,2
-6.065264043545827,1.266180253321087,2
-6.065483753229911,1.2651205867878819,2
-6.066090030507782,1.2647023039106564,2
-6.065703407424467,1.264060962145546,2
-6.06509715789136,1.2644792240773377,2
-6.06531678434115,1.2634196203804358,2
-6.06531678434115,1.2634196203804358,2
-6.064490908358254,1.2648974860091293,2
-6.0647105625528095,1.2638378613667935,2
-6.0647105625528095,1.2638378613667935,2
-6.064104340764468,1.2642561023531478,2
-6.064543538174519,1.262136936850215,2
-6.064763053645251,1.2610774169350503,2
-6.064982513626455,1.260017938910762,2
-6.065588624435736,1.2595997817061413,2
-6.065588624435736,1.2595997817061413,2
-6.065588624435736,1.2595997817061413,2
-6.064815211800516,1.258317223848529,2
-6.0641569150912025,1.2614955950851066,2
-6.062118872979266,1.2638097332321667,2
-6.061512706680454,1.2642279323276533,2
-6.061512706680454,1.2642279323276533,2
-6.061512706680454,1.2642279323276533,2
-6.062338499429059,1.2627501295352648,2
-6.062944637983106,1.2623319513852085,2
-6.062338499429059,1.2627501295352648,2
-6.063550776537156,1.2619137732351593,2
-6.063383668924569,1.260212911554886,2
-6.0642091564807625,1.2587353391622784,2
-6.065201918118127,1.258958502777336,2
-6.064595835053609,1.2593766390365193,2
-6.0642091564807625,1.2587353391622784,2
-6.06437640281717,1.2604360961153755,2
-6.063770292007886,1.2608542533199945,2
-6.063989751989088,1.259794775295699,2
-6.063989751989088,1.259794775295699,2
-6.063989751989088,1.259794775295699,2
-6.064595835053609,1.2593766390365193,2
-6.063989751989088,1.259794775295699,2
-6.063989751989088,1.259794775295699,2
-6.063989751989088,1.259794775295699,2
-6.064595835053609,1.2593766390365193,2
-6.065808001182648,1.258540366518151,2
-6.064595835053609,1.2593766390365193,2
-6.064595835053609,1.2593766390365193,2
-6.063770292007886,1.2608542533199945,2
-6.06437640281717,1.2604360961153755,2
-6.065201918118127,1.258958502777336,2
-6.065201918118127,1.258958502777336,2
-6.065201918118127,1.258958502777336,2
-6.06437640281717,1.2604360961153755,2
-6.065201918118127,1.258958502777336,2
-6.06437640281717,1.2604360961153755,2
-6.064982513626455,1.260017938910762,2
-6.064982513626455,1.260017938910762,2
-6.064982513626455,1.260017938910762,2
-6.064763053645251,1.2610774169350503,2
-6.064982513626455,1.260017938910762,2
-6.065201918118127,1.258958502777336,2
-6.065201918118127,1.258958502777336,2
-6.067626250376205,1.2572859577406028,2
-6.068451543719045,1.2558085319660357,2
-6.068451543719045,1.2558085319660357,2
-6.067239433079536,1.2566447625935346,2
-6.067239433079536,1.2566447625935346,2
-6.066414084247167,1.2581222302589676,2
-6.066414084247167,1.2581222302589676,2
-6.066633377759782,1.2570628779072823,2
-6.066414084247167,1.2581222302589676,2
-6.0660273224400285,1.25748099322103,2
-6.0660273224400285,1.25748099322103,2
-6.065201918118127,1.258958502777336,2
-6.065201918118127,1.258958502777336,2
-6.065421267120274,1.2578991085347813,2
-6.065421267120274,1.2578991085347813,2
-6.0642091564807625,1.2587353391622784,2
-6.064815211800516,1.258317223848529,2
-6.063989751989088,1.259794775295699,2
-6.063770292007886,1.2608542533199945,2
-6.062777585860052,1.2606310478140692,2
-6.062777585860052,1.2606310478140692,2
-6.0629970458412545,1.2595715697897738,2
-6.063216450332929,1.2585121336563514,2
-6.063216450332929,1.2585121336563514,2
-6.062610422757938,1.258930228024667,2
-6.063435799335072,1.2574527394138002,2
-6.064647798995524,1.2566165925680437,2
-6.063655092847687,1.2563933870621113,2
-6.063655092847687,1.2563933870621113,2
-6.063874330870775,1.255334076601299,2
-6.064480275211471,1.2549160450692884,2
-6.064093513404333,1.2542748080313544,2
-6.064699430000264,1.2538567974447776,2
-6.064699430000264,1.2538567974447776,2
-6.063268386530078,1.2557521081333114,2
-6.063268386530078,1.2557521081333114,2
-6.063100862746025,1.254051560634558,2
-6.061889085043692,1.2548875399168384,2
-6.063539061344555,1.2519331491672734,2
-6.063539061344555,1.2519331491672734,2
-6.064144894706189,1.2515152014170035,2
-6.065356561429465,1.2506793059164636,2
-6.063758077409521,1.2508740062699388,2
-6.064969688643266,1.2500381526602649,2
-6.063758077409521,1.2508740062699388,2
-6.063758077409521,1.2508740062699388,2
-6.06458281585707,1.249396999404068,2
-6.063977037984961,1.2498149052634702,2
-6.0635901929435265,1.2491737310618376,2
-6.0635901929435265,1.2491737310618376,2
-6.06458281585707,1.249396999404068,2
-6.0635901929435265,1.2491737310618376,2
-6.064195943070871,1.248755846147871,2
-6.0635901929435265,1.2491737310618376,2
-6.062984442816186,1.2495916159758043,2
-6.062765482240747,1.2506507169822694,2
-6.062159704368637,1.2510686228416716,2
-6.0625976255195155,1.2489504208287396,2
-6.060174735989198,1.2506218767028656,2
-6.059569013606621,1.251039740671395,2
-6.060393724309405,1.2495627547509613,2
-6.060174735989198,1.2506218767028656,2
-6.059788029671588,1.2499805977740586,2
-6.06078045837178,1.250204012734331,2
-6.060174735989198,1.2506218767028656,2
-6.060999418947219,1.2491449117278624,2
-6.06078045837178,1.250204012734331,2
-6.060174735989198,1.2506218767028656,2
-6.059569013606621,1.251039740671395,2
-6.060174735989198,1.2506218767028656,2
-6.0619919031369385,1.2493682847972671,2
-6.061553926496528,1.2514865287010757,2
-6.059788029671588,1.2499805977740586,2
-6.061167192434154,1.2508452707177007,2
-6.060174735989198,1.2506218767028656,2
-6.0619919031369385,1.2493682847972671,2
-6.061218324033131,1.2480858526122631,2
-6.062816502860661,1.247891382658576,2
-6.061772942561497,1.2504273858037358,2
-6.062159704368637,1.2510686228416716,2
-6.061772942561497,1.2504273858037358,2
-6.061218324033131,1.2480858526122631,2
-6.0619919031369385,1.2493682847972671,2
-6.062816502860661,1.247891382658576,2
-6.0625976255195155,1.2489504208287396,2
-6.063035324712278,1.2468323863792783,2
-6.0632540910743655,1.2457734319908589,2
-6.0632540910743655,1.2457734319908589,2
-6.063035324712278,1.2468323863792783,2
-6.062816502860661,1.247891382658576,2
-6.062816502860661,1.247891382658576,2
-6.062429657819229,1.2472502084569435,2
-6.061823990926179,1.247668030534605,2
-6.062429657819229,1.2472502084569435,2
-6.062429657819229,1.2472502084569435,2
-6.063422197498475,1.2474735396354788,2
-6.062210808222848,1.2483092256816697,2
-6.060999418947219,1.2491449117278624,2
-6.061605113585033,1.2487270687047651,2
-6.061218324033131,1.2480858526122631,2
-6.061218324033131,1.2480858526122631,2
-6.062042812777794,1.2466090342553144,2
-6.060831534481228,1.247444636519763,2
-6.060831534481228,1.247444636519763,2
-6.060225895332941,1.2478624376519942,2
-6.059569013606621,1.251039740671395,2
-6.058963291224041,1.251457604639926,2
-6.060729049325157,1.2529636402941176,2
-6.060174735989198,1.2506218767028656,2
-6.0579709457581465,1.2512341268433484,2
-6.060174735989198,1.2506218767028656,2
-6.059788029671588,1.2499805977740586,2
-6.061167192434154,1.2508452707177007,2
-6.059788029671588,1.2499805977740586,2
-6.059569013606621,1.251039740671395,2
-6.059182335033775,1.2503984407971558,2
-6.059736592880203,1.2527402462792736,2
-6.058189989567881,1.2501749630005747,2
-6.05802229931524,1.2484745411744367,2
-6.059788029671588,1.2499805977740586,2
-6.059788029671588,1.2499805977740586,2
-6.060393724309405,1.2495627547509613,2
-6.059569013606621,1.251039740671395,2
-6.057416687911719,1.248892321361227,2
-6.057197699591513,1.2499514433131313,2
-6.056205465104679,1.2497278817348114,2
-6.057197699591513,1.2499514433131313,2
-6.059788029671588,1.2499805977740586,2
-6.060174735989198,1.2506218767028656,2
-6.060174735989198,1.2506218767028656,2
-6.059788029671588,1.2499805977740586,2
-6.060612657140081,1.2485036746899283,2
-6.0580733199351595,1.2457152068507362,2
-6.056643386255557,1.2476096797218759,2
-6.056643386255557,1.2476096797218759,2
-6.056643386255557,1.2476096797218759,2
-6.057248942169549,1.247191941425955,2
-6.055818869766128,1.2490865190242673,2
-6.056424453424883,1.2486687597829107,2
-6.0570300370836385,1.2482510005415506,2
-6.0570300370836385,1.2482510005415506,2
-6.0570300370836385,1.2482510005415506,2
-6.0570300370836385,1.2482510005415506,2
-6.057635620742396,1.2478332413001976,2
-6.057416687911719,1.248892321361227,2
-6.05802229931524,1.2484745411744367,2
-6.060393724309405,1.2495627547509613,2
-6.060006990247031,1.24892149676759,2
-6.060612657140081,1.2485036746899283,2
-6.061772942561497,1.2504273858037358,2
-6.061386180754359,1.2497861487658,2
-6.0586279107187595,1.2480567609876445,2
-6.05901461703637,1.248698039916448,2
-6.059452371718664,1.2465799635761208,2
-6.0586279107187595,1.2480567609876445,2
-6.0586279107187595,1.2480567609876445,2
-6.0586279107187595,1.2480567609876445,2
-6.058241204401149,1.2474154820588375,2
-6.0586279107187595,1.2480567609876445,2
-6.057635620742396,1.2478332413001976,2
-6.056372988888731,1.2514284292335596,2
-6.055986421294946,1.250787045577578,2
-6.057197699591513,1.2499514433131313,2
-6.0570300370836385,1.2482510005415506,2
-6.056811076508199,1.2493101015480192,2
-6.056205465104679,1.2497278817348114,2
-6.055161655102629,1.2522640733888828,2
-6.05538078214666,1.2512048467098111,2
-6.055986421294946,1.250787045577578,2
-6.056643386255557,1.2476096797218759,2
-6.057635620742396,1.2478332413001976,2
-6.0578544980835405,1.2467742031300304,2
-6.0578544980835405,1.2467742031300304,2
-6.0562567354274774,1.2469683589021994,2
-6.0578544980835405,1.2467742031300304,2
-6.0578544980835405,1.2467742031300304,2
-6.057467791765928,1.246132924201227,2
-6.056643386255557,1.2476096797218759,2
-6.019319517104648,1.2724491172819565,2
-6.019925045273876,1.2720313999314694,2
-6.019540059131674,1.271388822385708,2
-6.018770086847267,1.2701036672941868,2
-6.017944127630074,1.2715815957591836,2
-6.018549600309772,1.2711639202995624,2
-6.018329058282747,1.272224215195818,2
-6.017118057433823,1.273059608005921,2
-6.016127709590981,1.2728346221380367,2
-6.017118057433823,1.273059608005921,2
-6.0162918762585145,1.274537704034394,2
-6.016897404427741,1.2741199866839068,2
-6.015301556160438,1.2743126972210774,2
-6.015301556160438,1.2743126972210774,2
-6.016619876656408,1.2779441191723304,2
-6.019534267377797,1.2813826630229315,2
-6.018707392583371,1.2828612826872803,2
-6.019697990129098,1.283086080046246,2
-6.02068864316435,1.2833108355143477,2
-6.02068864316435,1.2833108355143477,2
-6.019534267377797,1.2813826630229315,2
-6.01991905930665,1.2820253871867386,2
-6.020140072994671,1.2809647362180971,2
-6.0213516842284145,1.2801288826084285,2
-6.0215725869373795,1.279068315421524,2
-6.020802781121561,1.277783034657391,2
-6.020802781121561,1.277783034657391,2
-6.020638642198789,1.2760799318156018,2
-6.0218499759848925,1.275244287660275,2
-6.0218499759848925,1.275244287660275,2
-6.022455642877943,1.2748264655826134,2
-6.021685615104007,1.2735413523819634,2
-6.023281907287543,1.2733483067178337,2
-6.021521143244062,1.2718385008853872,2
-6.021136101612329,1.2711959652304934,2
-6.020971491028561,1.2694932184610916,2
-6.021962060829519,1.2697180367654965,2
-6.021576963708259,1.269075543001474,2
-6.022126699158052,1.2714207625894662,2
-6.024052046040536,1.2746333361367483,2
-6.023666976664041,1.2739908214272937,2
-6.023666976664041,1.2739908214272937,2
-6.023281907287543,1.2733483067178337,2
-6.022676268139258,1.2737661078500597,2
-6.023281907287543,1.2733483067178337,2
-6.022291226507527,1.2731235721951712,2
-6.022126699158052,1.2714207625894662,2
-6.022347157950781,1.2703605305295191,2
-6.0233378109860345,1.270585285997619,2
-6.023943366900029,1.2701675477016945,2
-6.02476927062769,1.2686896611275653,2
-6.025374798796914,1.2682719437770782,2
-6.027576702383973,1.2676611179261599,2
-6.026806064225216,1.266376465525072,2
-6.028402439643049,1.2661833570246372,2
-6.028622565498603,1.265123376309914,2
-6.029833566347527,1.2642879834998055,2
-6.030439066771987,1.263870287094754,2
-6.031650067620915,1.2630348942846474,2
-6.032641136827636,1.2632593355712238,2
-6.032861068469838,1.2621995014745409,2
-6.0344577213353165,1.2620061835197625,2
-6.035668777673768,1.2611707488187864,2
-6.036660041093845,1.2613950434873207,2
-6.036274305842998,1.2607530314682993,2
-6.0374853621814495,1.2599175967673197,2
-6.0377050718655365,1.2588579302341163,2
-6.038696418519904,1.2590821620663455,2
-6.040073694638472,1.2599482592995592,2
-6.041284861955985,1.2591127408168425,2
-6.042882014227227,1.2589190458442374,2
-6.04718156058034,1.2632177384245722,2
-6.05015743169791,1.26388905152257,2
-6.056277113888573,1.2669319110357886,2
-6.061792655148244,1.2703914406277654,2
-6.067309972072845,1.2738496297119113,2
-6.072662622924154,1.275605113917523,2
-6.0789569593033805,1.2803431379527588,2
-6.087628824524986,1.2861647675688737,2
-6.094756749931674,1.2894191031445477,2
-6.099289711882596,1.2926477821469025,2
-6.1080260816797285,1.2956998979580163,2
-6.114995805543279,1.2972466483688585,2
-6.121138959804815,1.3002717880442578,2
-6.1252370802737275,1.3056163441162916,2
-6.129335700148404,1.3109605231704897,2
-6.133434819428846,1.3163043252068611,2
-6.1384757005695665,1.3146411411951995,2
-6.139306320907215,1.313159693897159,2
-6.13814220670828,1.3112388732533535,2
-6.137366130575656,1.3099583261574814,2
-6.138972549598282,1.3097576354096585,2
-6.138972549598282,1.3097576354096585,2
-6.136978092509343,1.3093180526095427,2
-6.134983857378524,1.3088783022459474,2
-6.1317717961866816,1.3092790972694122,2
-6.1297781159511535,1.3088389279971206,2
-6.125624813147629,1.3062568480640095,2
-6.122468822122864,1.3038944966946495,2
-6.121747484408621,1.2998518085868174,2
-6.110492452018878,1.341222141070677,2
-6.109391815839173,1.3365325816029596,2
-6.112438739296721,1.3344294377733519,2
-6.110562970306392,1.32845861906498,2
-6.107081614636376,1.3226878627413825,2
-6.103156455925382,1.3190397488628882,2
-6.099510489671601,1.3115662457698871,2
-6.099788239401052,1.3077419457179857,2
-6.096140636206155,1.3002696784056393,2
-6.091277038104703,1.2936365740816562,2
-6.090724028772684,1.2912938260549716,2
-6.0844256971473545,1.286558818162339,2
-6.083926455166949,1.2814546622139122,2
-6.084420196782029,1.2765735023170688,2
-6.083479177128462,1.2735904597970134,2
-6.0793368612517265,1.2710000854717265,2
-6.075362596309573,1.2701098606819325,2
-6.072716085083357,1.2728439363955673,2
-6.074262799374739,1.2754091358925272,2
-6.073876120801894,1.2747678360182864,2
-6.076856653039924,1.2754356302832406,2
-6.077243414847062,1.2760768673211764,2
-6.07801693846134,1.2773593413970499,2
-6.079837684683713,1.276103047530368,2
-6.081438416029591,1.2759066505966796,2
-6.0804446000911705,1.2756842829081414,2
-6.082599117622477,1.2778300475289672,2
-6.081825316560552,1.2765477829074428,2
-6.081605218449763,1.2776077426767323,2
-6.082599117622477,1.2778300475289672,2
-6.081771909890877,1.2793089185385291,2
-6.082378964022158,1.2788900491891226,2
-6.083152709594553,1.28017235570152,2
-6.083152709594553,1.28017235570152,2
-6.083539582380752,1.2808135089577153,2
-6.083539582380752,1.2808135089577153,2
-6.084146719746326,1.2803945767720144,2
-6.083319290056609,1.2818736153450523,2
-6.082712124946271,1.2822925684761923,2
-6.083098942242939,1.2829337636232605,2
-6.083098942242939,1.2829337636232605,2
-6.083872576836277,1.284216153917395,2
-6.081664097740002,1.2848319438363536,2
-6.082050831802376,1.2854732018197232,2
-6.081830289775351,1.2865334967159754,2
-6.0832110339895005,1.2873969757698394,2
-6.083818365568428,1.2869778969660892,2
-6.08602720534664,1.2863618347564767,2
-6.086634564670332,1.2859427350072945,2
-6.086634564670332,1.2859427350072945,2
-6.086468122932099,1.284241370636586,2
-6.0870754267662655,1.2838223127782733,2
-6.088677018199846,1.2836252665361023,2
-6.0879030506693335,1.2823431275871862,2
-6.089117602848127,1.28150505376143,2
-6.089117602848127,1.28150505376143,2
-6.090552308627244,1.279606978275508,2
-6.089724878937526,1.2810860168485512,2
-6.0887305635933435,1.2808640261778432,2
-6.088950744938425,1.279804003572245,2
-6.088176610939326,1.278521990295939,2
-6.087569445828987,1.2789409434270773,2
-6.086408328064629,1.2770178606763132,2
-6.085801246188586,1.2774367509711517,2
-6.086021288809844,1.2763768330927228,2
-6.08563424955506,1.275735805509136,2
-6.086461207583777,1.274257123008491,2
-6.087068206225531,1.2738382955499539,2
-6.088282203509033,1.273000640632894,2
-6.088114790704039,1.2713000093524052,2
-6.0885019964274125,1.2719409112633855,2
-6.089715938221385,1.2711032982371915,2
-6.089935620160706,1.2700436526494236,2
-6.089548331203037,1.2694028135747484,2
-6.0889414157955795,1.2698215781969697,2
-6.0889414157955795,1.2698215781969697,2
-6.088334500388124,1.2702403428191982,2
-6.088166893369775,1.2685398581567533,2
-6.088166893369775,1.2685398581567533,2
-6.0891610422453715,1.2687619745000713,2
-6.085519716269213,1.2712744365608195,2
-6.085519716269213,1.2712744365608195,2
-6.0857394536980625,1.2702147490821787,2
-6.085519716269213,1.2712744365608195,2
-6.085132593780135,1.270633471813536,2
-6.085132593780135,1.270633471813536,2
-6.084525733862204,1.2710521945448932,2
-6.084525733862204,1.2710521945448932,2
-6.084305940943826,1.2721119239144034,2
-6.083699053281132,1.2725306675911945,2
-6.083699053281132,1.2725306675911945,2
-6.083479177128462,1.2735904597970134,2
-6.082872261721002,1.2740092244192347,2
-6.082045359181815,1.2754878650290173,2
-6.082432287457542,1.2761289763943466,2
-6.082432287457542,1.2761289763943466,2
-6.081605218449763,1.2776077426767323,2
-6.081385064849446,1.2786677443368966,2
-6.0811648557595985,1.2797277878879267,2
-6.08519416431254,1.2778556412659832,2
-6.020638642198789,1.2760799318156018,2
-6.020638642198789,1.2760799318156018,2
-6.022619948269298,1.2765294427517997,2
-6.0218499759848925,1.275244287660275,2
-6.018272682923258,1.274987591988424,2
-6.016676695932131,1.2751804072527655,2
-6.017061515605746,1.275823110471137,2
-6.016455931946992,1.2762408697124936,2
-6.016840723875841,1.2768835938763008,2
-6.016840723875841,1.2768835938763008,2
-6.017061515605746,1.275823110471137,2
-6.017667099264503,1.275405351229777,2
-6.017061515605746,1.275823110471137,2
-6.017667099264503,1.275405351229777,2
-6.017667099264503,1.275405351229777,2
-6.017667099264503,1.275405351229777,2
-6.0162918762585145,1.274537704034394,2
-6.017667099264503,1.275405351229777,2
-6.018272682923258,1.274987591988424,2
-6.0162918762585145,1.274537704034394,2
-6.017282251846121,1.2747626689568428,2
-6.017667099264503,1.275405351229777,2
-6.017667099264503,1.275405351229777,2
-6.018272682923258,1.274987591988424,2
-6.016676695932131,1.2751804072527655,2
-6.0160711400181395,1.27559814554869,2
-6.014973167335841,1.2709065753192288,2
-6.014423931291809,1.268560978713415,2
-6.0144797517560065,1.2657980208295054,2
-6.011729805149796,1.2640623494209127,2
-6.009420554170928,1.2602063814559052,2
-6.009970150896899,1.2625517057710702,2
-6.009529677227676,1.2646718347640054,2
-6.008595482786206,1.261683639666991,2
-6.008045913804999,1.259338294406394,2
-6.008100985160552,1.2565759020492209,2
-6.005956677702626,1.254422429508402,2
-6.004747286050051,1.2552566074832896,2
-6.00315313021339,1.2554480403489379,2
-6.004527382152613,1.2563164206345423,2
-6.0050769511338205,1.2586617658951393,2
-6.006451341796869,1.2595300414535657,2
-6.004692186949734,1.2580190207858983,2
-6.007825843438975,1.260398233230255,2
-6.007605717583422,1.2614582139449784,2
-6.00359141894814,1.2633190290867127,2
-6.000678914870745,1.2598790609465453,2
-5.999689593584193,1.2596533000975754,2
-5.998920453642727,1.258367516643009,2
-5.997106449398155,1.2596187207690388,2
-5.9968862403083065,1.2606787643200708,2
-5.999469412239106,1.2607133227031753,2
-5.998095631960883,1.2598445863451815,2
-5.994467457003154,1.262347120269851,2
-5.992653369524291,1.2635983872321823,2
-5.993365024315684,1.2676483852967486,2
-5.990398142501849,1.2669702858778855,2
-5.991223463589456,1.2654928391578881,2
-5.994247081444719,1.2634072894934896,2
-5.992269104745969,1.26295526510512,2
-5.988534192781254,1.2609905444143017,2
-5.9861727559023485,1.2598947904812494,2
-5.984963863655539,1.2607285914383155,2
-5.981778159990087,1.2611094882987466,2
-5.980021973832768,1.259596226469558,2
-5.978649858240416,1.2587262333854774,2
-5.9760694607860785,1.258689580458901,2
-5.972281114406924,1.2594860163446047,2
-5.968656268820951,1.2619860368170972,2
-5.963881375631704,1.2625546173103537,2
-5.961906672815179,1.2621001213606764,2
-5.960698668400836,1.2629332520638261,2
-5.95675015060025,1.262023589910564,2
-5.952581728902228,1.2621737409085476,2
-5.949179839137804,1.26361164423197,2
-5.945395515749517,1.264405043029626,2
-5.941229174908843,1.2645536231200047,2
-5.935635341927856,1.2665948328832588,2
-5.929278139916443,1.2673459025415195,2
-5.923464985678077,1.2704464856018927,2
-5.917652330845474,1.2735466916444373,2
-5.913490762104315,1.2736916691200353,2
-5.908726772607569,1.2742520180574246,2
-5.904344939287032,1.2754570809749222,2
-5.899582780944749,1.27601604751362,2
-5.89504380038213,1.2755127293397592,2
-5.889522351489822,1.2747784767945411,2
-5.884002567283389,1.2740429675232399,2
-5.878104094996322,1.2726601260924824,2
-5.87312586153412,1.2742760153124255,2
-5.871382965119055,1.2727527206199802,2
-5.866628547566103,1.2733058433823743,2
-5.861717731879711,1.2721500195266735,2
-5.856428616539393,1.2703465702754233,2
-5.849335568304058,1.2697867219573897,2
-5.844272627177981,1.266918725886633,2
-5.838988977556289,1.2651111503847403,2
-5.833863751435853,1.2650109924842017,2
-5.827158463819188,1.2650916271684487,2
-5.819698186091012,1.2638757962263938,2
-5.813220293458231,1.2628909624920013,2
-5.808480192203822,1.2634332774100532,2
-5.802606856673506,1.2620314594153879,2
-5.796958058416319,1.2595663303818654,2
-5.792289286949533,1.2573339789179663,2
-5.786266350753108,1.2542180826736882,2
-5.779645793645376,1.251513934330987,2
-5.773405256366983,1.2494561127668717,2
-5.767167049648814,1.2473965317862366,2
-5.760331915638453,1.2457481750713093,2
-5.75507448481933,1.2439208061335556,2
-5.749219793770841,1.2425049128067247,2
-5.743521334387202,1.2427980917705952,2
-5.7366955226177545,1.241142697389586,2
-5.729650084398514,1.2405469067054717,2
-5.724333254040561,1.2414851976127146,2
-5.71886443696674,1.2407112115777341,2
-5.712423666829025,1.2396983528516134,2
-5.705539981482797,1.240807466316685,2
-5.699478898237242,1.2404411857143725,2
-5.693419757125209,1.2400734389316224,2
-5.6881828851766745,1.2382305494266959,2
-5.683696897114487,1.2376872254724205,2
-5.67883754796647,1.2364925478352156,2
-5.673230921751511,1.233995581740837,2
-5.668597330646268,1.2317366714656437,2
-5.663519714541929,1.2316005711990314,2
-5.658069541949935,1.2308125098318818,2
-5.653217545164544,1.229612281654461,2
-5.646951345981096,1.2302946502866554,2
-5.641132778616145,1.2288514860037552,2
-5.633901118643722,1.229290080713076,2
-5.628832769290767,1.2291469846712513,2
-5.6219781327130995,1.2302341682661186,2
-5.616317017782645,1.2304991546747868,2
-5.609168229419925,1.22815436970129,2
-5.603734287515238,1.2273540552548017,2
-5.599120506171934,1.2250801899391774,2
-5.59279731634447,1.2212577487913396,2
-5.586997060524169,1.2198007605214833,2
-5.581570360003049,1.2189949793165145,2
-5.576516715375343,1.218840782194258,2
-5.571464402496339,1.218685579691135,2
-5.565819074336954,1.218938648147418,2
-5.561734663786215,1.2190253763689043,2
-5.558616046961621,1.219355627168051,2
-5.552974242387343,1.2196060355541185,2
-5.547110369823988,1.220917890835345,2
-5.541617971702463,1.2228825240890675,2
-5.535980467566702,1.2231296859327419,2
-5.53034451713776,1.22337567483207,2
-5.526042921676515,1.2245201635522065,2
-5.52100314943112,1.2243554937125634,2
-5.51789024802804,1.224681429752147,2
-5.513670192427799,1.2230435441703325,2
-5.508264772141144,1.2222216978168916,2
-5.502781252344301,1.2241796285314859,2
-5.497667209366234,1.2267918452898812,2
-5.493146736563842,1.2289953721801794,2
-5.486704165018654,1.2307046905764647,2
-5.48181696212918,1.2322518578249166,2
-5.478116400185291,1.2329820223549959,2
-5.4734558709158225,1.2334642657661146,2
-5.468938477782304,1.235665467713151,2
-5.464054215837882,1.237210414745519,2
-5.458803667722611,1.2380986670090834,2
-5.4529616857785435,1.239393996342276,2
-5.446895111071818,1.2417526786051898,2
-5.440829535176615,1.2441106068324554,2
-5.433806461239888,1.246218749797066,2
-5.429101398725717,1.2421867789279357,2
-5.422847903746986,1.2383117228479446,2
-5.418511790901064,1.234934435985874,2
-5.413046804606989,1.2368783751500398,2
-5.40803522104245,1.2366924247486661,2
-5.404938411602858,1.2370062124360839,2
-5.401615705396662,1.2383843374886627,2
-5.398658258805025,1.2404199322911236,2
-5.395335968770304,1.2417977431621772,2
-5.392743365621751,1.244491121896047,2
-5.390515051020996,1.2478427034700204,2
-5.388513326805953,1.2501294240429566,2
-5.385465101346696,1.2549543679771453,2
-5.3831438437866765,1.2610969324267582,2
-5.379820943367127,1.2624752040973792,2
-5.37649832039523,1.2638532663136495,2
-5.372584263594531,1.2656384055995424,2
-5.3705809301831415,1.267926341007703,2
-5.367258862106532,1.269303984315279,2
-5.363345387945893,1.2710886837470436,2
-5.358477578646893,1.2726212101365881,2
-5.354927810393988,1.2750645522625863,2
-5.351378042141089,1.277507894388581,2
-5.346415819410296,1.2818325137618114,2
-5.343228147868782,1.2849357134172603,2
-5.339678046678706,1.2873793068884716,2
-5.33635767103274,1.2887556725245268,2
-5.336621969451057,1.2922101783807047,2
-5.335340276944098,1.295819755827761,2
-5.335734976651402,1.30100283417441,2
-5.333136463867987,1.3037006742858885,2
-5.330668407863087,1.3081270449969722,2
-5.327607142364455,1.3129618332855042,2
-5.324053878271208,1.315407814536286,2
-5.320861490119707,1.3185145749156426,2
-5.317900297984849,1.3205529973518004,2
-5.315170718038095,1.3215227676632342,2
-5.314707438172352,1.32366011380355,2
-5.313522905828876,1.324475524668884,2
-5.314475715005184,1.324728849710013,2
-5.313291127172182,1.3255443024662146,2
-5.310561574970194,1.3265140518322074,2
-5.308192510283245,1.3281448735628754,2
-5.306775894090665,1.3300292926253228,2
-5.304406718424659,1.3316601981377225,2
-5.302037542758654,1.3332911036501294,2
-5.300852954925649,1.3341065564063328,2
-5.2990760731761455,1.3353297355406362,2
-5.295395237759903,1.3360450078665878,2
-5.289938408426629,1.3379827890729281,2
-5.284715327628335,1.33885030535607,2
-5.280444528855822,1.3399715446436034,2
-5.275815462149435,1.3404300359316892,2
-5.272371149744643,1.3400729487909633,2
-5.266201724300201,1.3406822597466732,2
-5.261342543622996,1.342208272106003,2
-5.258383987240775,1.3442447047258543,2
-5.254008343004976,1.348165912480546,2
-5.250815788384889,1.3512727985325146,2
-5.247499213771675,1.3526462946440088,2
-5.2443063539591765,1.3557534110957548,2
-5.2414705690556715,1.3595241762006491,2
-5.2378075486758,1.3647738332605428,2
-5.23342926868736,1.3686970308315338,2
-5.228815298030414,1.3736919595061625,2
-5.223608284348321,1.379095180085633,2
-5.219699748755783,1.3808761512300087,2
-5.213187567598375,1.3853588373912924,2
-5.20904345231639,1.3882114558575616,2
-5.2033597828945215,1.391214286573847,2
-5.197913274613683,1.3931442760784538,2
-5.194124847002458,1.3966615904696091,2
-5.189626209329825,1.3988486333027375,2
-5.1845360545940995,1.4014428160417935,2
-5.179446343774607,1.4040366636538906,2
-5.174594654183853,1.4055570207458352,2
-5.169389662972096,1.4064108806055042,2
-5.164069668815715,1.405524543258398,2
-5.16005034748278,1.4055621334899069,2
-5.154848990835186,1.406413249497625,2
-5.148704091762671,1.407004044688989,2
-5.144334603967133,1.406372770854098,2
-5.139966225962182,1.4057406592018182,2
-5.135360881029552,1.4061812421431696,2
-5.130165600485411,1.407027771100669,2
-5.12438063403264,1.4082800575653973,2
-5.118596999328577,1.4095313386492627,2
-5.1145867505336735,1.4095620797236013,2
-5.110111859482075,1.4071833615615006,2
-5.105990214561951,1.4054711825225485,2
-5.102698302147008,1.40227822643946,2
-5.097636915834713,1.4003028570595948,2
-5.093167074330278,1.3979203268283626,2
-5.088108850921152,1.3959425696689323,2
-5.0830522921979036,1.3939635557834151,2
-5.079527408101386,1.3918402781513581,2
-5.07576522414001,1.3907899464581561,2
-5.073658398963834,1.386781160601041,2
-5.0691957156086715,1.3843932264476386,2
-5.065085279573454,1.3826725854530366,2
-5.060975953328825,1.3809511066410405,2
-5.0556906401282244,1.3800385875004633,2
-5.052172220561864,1.3779104295821014,2
-5.0490051049934515,1.376450276967324,2
-5.0447874900372405,1.3729835321533308,2
-5.041271650733989,1.3708534263095409,2
-5.034830157441878,1.3661870800968927,2
-5.028854027770343,1.3639296485393864,2
-5.024404717391725,1.3615316186864241,2
-5.02148089455733,1.3589939959188815,2
-5.018557626618229,1.3564559542426373,2
-5.015160424823762,1.3560633017536645,2
-5.009778891884187,1.353396405346972,2
-5.006034131635001,1.3523329199207268,2
-5.000767906832461,1.3514059903210285,2
-4.993869792418112,1.348871963344358,2
-4.988370235252056,1.3490149844863382,2
-4.9815888717025025,1.3482198351540546,2
-4.977850659217763,1.347151406605203,2
-4.973179142126245,1.3458149283745797,2
-4.9692055164206455,1.3458180214750168,2
-4.964647115629756,1.346223164740735,2
-4.960089713650392,1.346627553970798,2
-4.956118751442196,1.3466286363095001,2
-4.951343301567144,1.3435436036436208,2
-4.94528929144605,1.3395179498876093,2
-4.936788918828512,1.3353544558096235,2
-4.931088099349365,1.3319953830676283,2
-4.923636755647108,1.329839591296892,2
-4.914327570076914,1.3271410814052143,2
-4.941303932602496,1.3440777346100212,2
-4.935491744742892,1.3389757208092856,2
-4.931526692169562,1.3389723417703792,2
-4.93222081026749,1.340314761680574,2
-4.930010304908137,1.339105064582359,2
-4.927818718580777,1.3333332509945706,2
-4.9269968100992205,1.3348081214260894,2
-4.925480949988328,1.3349404462748051,2
-4.924787109338048,1.333597816910265,2
-4.9244401890129055,1.332926502227993,2
-4.925024547926725,1.3325247662442372,2
-4.925718444066536,1.333867353717908,2
-4.925718444066536,1.333867353717908,2
-4.925955882655213,1.3327943030518838,2
-4.926649834284554,1.3341368486346887,2
-4.929078664987237,1.3388357581745005,2
-4.930010304908137,1.339105064582359,2
-4.9289692942298355,1.3370913090444603,2
-4.929444337875784,1.3349450820397983,2
-4.928640516083277,1.3318584643447835,2
-4.930740929321345,1.3313242568942698,2
-4.929809344889975,1.3310549085955348,2
-4.926083562059786,1.3299770964919126,2
-4.92434840553879,1.3266209419892512,2
-4.920514223017966,1.3237979476653656,2
-4.91609720754537,1.3213755373263325,2
-4.9119184352596275,1.3178794689036586,2
-4.908324271590589,1.3139814759883155,2
-4.905880711315369,1.3138415201774336,2
-4.902051356383586,1.3110148813479015,2
-4.897639945353445,1.3085882400310407,2
-4.894978531395889,1.3049587157061708,2
-4.892081066087888,1.3024011947755891,2
-4.889184155675176,1.2998432549363113,2
-4.886287800157756,1.2972848961883425,2
-4.881298910915426,1.295254796387411,2
-4.880496753808799,1.2921669219663094,2
-4.878530207057814,1.2898792520248978,2
-4.875053931788916,1.2877192779911155,2
-4.870760742096094,1.2870304042105971,2
-4.865777207593332,1.284996261940755,2
-4.861140926352888,1.2836331830079661,2
-4.8562700642345185,1.2833409973614263,2
-4.850819226875142,1.283447238319944,2
-4.847113531254545,1.2823542617215367,2
-4.841901602956373,1.2813863419059892,2
-4.837508337002294,1.2789460022747843,2
-4.8332250799352074,1.2782496300286148,2
-4.828598370638556,1.2768793249208308,2
-4.825370049224132,1.2736383619012432,2
-4.82225093209852,1.2721419736843043,2
-4.818099460661168,1.2686252949538144,2
-4.812661691085927,1.2687216706125533,2
-4.808385370209997,1.2680200620076931,2
-4.803078553921555,1.2652967595451514,2
-4.797881524561985,1.26431759203113,2
-4.792342624424437,1.2626632977657035,2
-4.787492459900479,1.2623554868248146,2
-4.7823004245985405,1.2613725491325347,2
-4.777110053982481,1.260388354714161,2
-4.770656743422865,1.2584517469258785,2
-4.76570619744524,1.256392700534093,2
-4.760521320292575,1.255404358919634,2
-4.756601325216993,1.2553669644946606,2
-4.752682162484348,1.255328941706635,2
-4.748999994424146,1.2542182033795477,2
-4.745554821036391,1.2520347495133866,2
-4.7429768702459505,1.2484868368941022,2
-4.739370165383061,1.2459871570434053,2
-4.7354973030515755,1.2444981011481033,2
-4.730780157244185,1.244416021990581,2
-4.727843372398397,1.244770816667577,2
-4.724594315714631,1.2445095100776733,2
-4.722281771245516,1.2460946771946233,2
-4.720235136550597,1.2466677257795062,2
-4.715517262824962,1.24658125439667,2
-4.71137732807208,1.2460973016735757,2
-4.70781539295181,1.245216233628998,2
-4.702159854474306,1.2432763341825677,2
-4.697394521752541,1.2415550241612276,2
-4.692628885731509,1.2398318840460085,2
-4.687597031582021,1.2391190018674152,2
-4.682611423231586,1.2400336379518127,2
-4.677844887422724,1.2383050685580876,2
-4.674015546251859,1.2384270905824497,2
-4.670186053431365,1.2385481975598704,2
-4.667247367910157,1.2388915236485722,2
-4.662260763727124,1.23980015092474,2
-4.657227165606843,1.2390767457063454,2
-4.651614789385832,1.2387457585684842,2
-4.64600205931567,1.2384126363210974,2
-4.641014408750161,1.2393149497733873,2
-4.6363392979369795,1.2408349810755084,2
-4.635182247234301,1.2416228673930334,2
-4.632289620477598,1.2435925831868389,2
-4.632915195371057,1.2448310080398493,2
-4.633540770264515,1.2460694328928579,2
-4.631273870050904,1.2492784885866115,2
-4.632212308215909,1.251136583389595,2
-4.630524054673348,1.2539524279621403,2
-4.629508855240324,1.2596416580324572,2
-4.625725330194554,1.2613886056868182,2
-4.622880501118168,1.2649952037239558,2
-4.619144414848575,1.2683768680105665,2
-4.615095409702574,1.2711385268299864,2
-4.611359429587727,1.274520831649454,2
-4.606418970103995,1.2770563671573214,2
-4.601961369841149,1.2759237679978543,2
-4.595672552668761,1.272698959313912,2
-4.5932152958068855,1.269365518792485,2
-4.588396003374664,1.2659701451205176,2
-4.583310947762893,1.2635877745259947,2
-4.577068255069854,1.2619897520674979,2
-4.571016459908778,1.2669374894915943,2
-4.565399513978782,1.2665789289393032,2
-4.5589381834731295,1.26762673509349,2
-4.552524574822968,1.270310965967541,2
-4.550836634689654,1.2731287016370896,2
-4.543482490054549,1.2739421795588388,2
-4.540275463310005,1.275282952927018,2
-4.538949478205431,1.2803650491904257,2
-4.538419154933427,1.2823983147176943,2
-4.534103304840482,1.2861664492797242,2
-4.529738999918807,1.2882937363950262,2
-4.526629170966029,1.2929179432458664,2
-4.523568261900859,1.2991858036873936,2
-4.521184036426478,1.308348949750103,2
-4.516604253059569,1.313141128955973,2
-4.512867989865406,1.3165217256878208,2
-4.51202465167222,1.3179344062181748,2
-4.508817958556877,1.3192771926896238,2
-4.50708223085322,1.3204581071189665,2
-4.5029830066877405,1.321568273445596,2
-4.499462257323724,1.322284191597813,2
-4.497098619322241,1.3222125894512864,2
-4.493263737884741,1.3223011817608104,2
-4.486221521348435,1.3237286868430722,2
-4.48296489229293,1.3234216889093418,2
-4.478864849219427,1.324526913982499,2
-4.4758725831118475,1.3231984640379242,2
-4.473723538932729,1.3204566320270086,2
-4.472566114160953,1.3212422612287487,2
-4.470515880314711,1.3217935926996134,2
-4.468201010551205,1.3233647290968271,2
-4.4658861407876955,1.3249358654940515,2
-4.465307423346818,1.3253286495933576,2
-4.464728705905941,1.3257214336926602,2
-4.464149988465065,1.3261142177919645,2
-4.46320753158475,1.3242318742451005,2
-4.461372169585205,1.3221146534376302,2
-4.460528831392022,1.3235273339679807,2
-4.460479254356001,1.3218797151738961,2
-4.459635911107828,1.323292365202688,2
-4.456163394153078,1.3256477887328018,2
-4.452955401905864,1.326982736302135,2
-4.4491685961730045,1.3287098884410504,2
-4.44506744100218,1.3298084031699897,2
-4.441495112826965,1.328864623908526,2
-4.4385014363777895,1.3275276640274196,2
-4.434928804903306,1.3265820546720803,2
-4.432299105477995,1.3275216560106848,2
-4.428461742041474,1.327595272051969,2
-4.424045357864809,1.3280598420986838,2
-4.421315468094948,1.325697953028362,2
-4.4167987368691115,1.3228600871176521,2
-4.413489619104606,1.3208879014886072,2
-4.408178929577087,1.3211091453413122,2
-4.404025947900664,1.3205464680799004,2
-4.399872764024732,1.3199825707559025,2
-4.396612985711819,1.3196565703474086,2
-4.391036902018859,1.320893043891779,2
-4.389564187581385,1.3210443623925183,2
-4.386304055419327,1.3207162268745005,2
-4.3856747701648136,1.319455413873051,2
-4.384201964737558,1.3196061833456287,2
-4.382099813395939,1.3184957737979808,2
-4.380362523701047,1.3196672632438542,2
-4.379569313537564,1.3227308872388388,2
-4.3760948251375655,1.3250744151587472,2
-4.373199418137567,1.3270273550920013,2
-4.36967446302369,1.3277178959424454,2
-4.366199913963841,1.3300610578435776,2
-4.36388354792394,1.3316231657776658,2
-4.362725364903991,1.3324042197447117,2
-4.360988090374063,1.3335758006952787,2
-4.360195410984295,1.3366426273545482,2
-4.358773062160942,1.3384463228934607,2
-4.356568900679161,1.3340234423736206,2
-4.3563046792708935,1.3350457484282785,2
-4.355776266784286,1.3370905435469744,2
-4.356456777000847,1.3400089188525843,2
-4.357716378727384,1.3425367671746695,2
-4.358244700224212,1.3404914230278067,2
-4.359667008607664,1.3386874834763791,2
-4.360144767345842,1.3349885727303246,2
-4.361038708737576,1.3352297028116809,2
-4.361252337057268,1.3325536471484476,2
-4.358570467387185,1.331829982390305,2
-4.359464434053855,1.3320712649794793,2
-4.357727114029039,1.333242571415962,2
-4.317974239685057,1.3668164068532356,2
-4.316816107214986,1.3675977658359262,2
-4.313869303383351,1.3678921064118246,2
-4.314448379728365,1.3675014879236063,2
-4.312395871137607,1.3680390936903901,2
-4.313605501539072,1.3689169440963465,2
-4.309448945986269,1.368332702228738,2
-4.308239244814974,1.3674544248008758,2
-4.30613509675317,1.3663319671351992,2
-4.30260883239745,1.367014608080403,2
-4.301186807093316,1.3688202557194487,2
-4.299134071028112,1.3693564889158214,2
-4.297132954214,1.3715526635383863,2
-4.2962901114096255,1.3729683332220795,2
-4.295447288825196,1.3743841249120283,2
-4.295814425216445,1.3766797496096341,2
-4.295287084387253,1.3787310110600366,2
-4.293865266337622,1.3805379092632304,2
-4.29123347920234,1.3814649134556412,2
-4.288074452337625,1.3844437891297439,2
-4.283705355287502,1.3865421607617652,2
-4.282914723167803,1.3896213405547133,2
-4.283545807997976,1.3908930121131782,2
-4.281177509297731,1.39079328752406,2
-4.283018790688002,1.3929462256637137,2
-4.2807025864077115,1.3945093096478693,2
-4.278386382127419,1.3960723936320285,2
-4.2767014042169595,1.3989080032184535,2
-4.275332140591171,1.4023804856373054,2
-4.274015305014537,1.4075177897326974,2
-4.272330660733271,1.4103554124223905,2
-4.2727511249614984,1.4143212880750387,2
-4.271329933730353,1.4161319684722535,2
-4.2696455421984805,1.4189711162401757,2
-4.266803351825731,1.4225936360940548,2
-4.262698142554683,1.423667688568159,2
-4.259540258117211,1.4266534575958687,2
-4.256645533540567,1.428610515240349,2
-4.2543825408325375,1.4318431486435639,2
-4.251593602471949,1.437135461929019,2
-4.248173073782407,1.4411530534995514,2
-4.245068658721575,1.445809927526117,2
-4.2416484484962655,1.4498294406952166,2
-4.238175173293344,1.4521802889906361,2
-4.234808452664623,1.4578710291648544,2
-4.232493016742479,1.4594387493868375,2
-4.23138866705829,1.4618931044653873,2
-4.230863216794537,1.463955773500965,2
-4.230021673122028,1.4653792820867615,2
-4.227652873977993,1.465276537842744,2
-4.227497163424211,1.4696505398817106,2
-4.226709245832961,1.4727460990148646,2
-4.224447638191592,1.4759870898467877,2
-4.222448689967257,1.4781963496405854,2
-4.222132465128816,1.4775563961501312,2
-4.220974878597424,1.4783410493018057,2
-4.2201872491404835,1.481438347024147,2
-4.219292215871384,1.4811906286048337,2
-4.217555866404224,1.4823677913417264,2
-4.217239596070893,1.4817275633371878,2
-4.215449458762869,1.481231699476659,2
-4.213713063800824,1.482408587699469,2
-4.212925601158476,1.4855068919734435,2
-4.2108190721974115,1.4843700680708238,2
-4.207608734435851,1.4856908629141667,2
-4.205293520933175,1.4872599252049916,2
-4.202661920832442,1.4881880579552966,2
-4.199451466806163,1.4895081512626565,2
-4.197136212863581,1.4910769695409627,2
-4.193609230699591,1.4917552792639874,2
-4.1901362891258636,1.4941081406626733,2
-4.186346829524403,1.4958192794801608,2
-4.181978475557491,1.4979221348421827,2
-4.1797174644046855,1.501166724858729,2
-4.178822057066489,1.5009167493236326,2
-4.18035062177986,1.5024509020586887,2
-4.181562582530704,1.5033428136859435,2
-4.179826172403693,1.5045196104040635,2
-4.179356178126792,1.5082653715533922,2
-4.178886305169597,1.5120118647402716,2
-4.174780428640158,1.5130818910078396,2
-4.172148666779815,1.5140090477080719,2
-4.168938081323853,1.5153283479747568,2
-4.166568311622157,1.5152197474303275,2
-4.166251601504886,1.5145768657896692,2
-4.165934891387614,1.5139339841490056,2
-4.163248305413905,1.5131818614310628,2
-4.1594039610392155,1.5132133548115974,2
-4.155297397031436,1.5142792328663752,2
-4.152348419555041,1.514560457769484,2
-4.147291138816865,1.5136941527207846,2
-4.1455545012154005,1.5148695768684934,2
-4.142976977089845,1.5174724748054107,2
-4.139186830010043,1.5191794654100974,2
-4.136030487343854,1.5221745374150242,2
-4.13255724247086,1.524525568719831,2
-4.129662871743362,1.5264847614738368,2
-4.125293729198351,1.5285828585917791,2
-4.120290398060652,1.5293905561905756,2
-4.114597407178451,1.5272246706517816,2
-4.105334531172607,1.533488719189224,2
-4.1038594914407405,1.5336260069702305,2
-4.098855300955114,1.5344285193030416,2
-4.094374346648575,1.5331550029149703,2
-4.089686967379976,1.5346010069197291,2
-4.084682134910896,1.5353996455538308,2
-4.079415426547893,1.537234742968577,2
-4.074465948965905,1.5397158636851422,2
-4.069516390504116,1.5421964963766737,2
-4.064566751162518,1.5446766410431696,2
-4.06103662479611,1.5453359787929948,2
-4.056404337555236,1.5484628787988566,2
-4.052294983194184,1.5495119199899623,2
-4.04839085070809,1.5478341814158458,2
-4.04280539001274,1.5490140745578191,2
-4.0375373572429325,1.5508411805626316,2
-4.033109675168507,1.5512375796123958,2
-4.026626684040082,1.552154686562126,2
-4.020778912721859,1.5543684153501864,2
-4.014930959424069,1.55658104608192,2
-4.009082824146724,1.5587925787573305,2
-4.00349575596525,1.5599627724017502,2
-3.9988623364071074,1.5630828400571382,2
-3.9939109126548136,1.5655522176713195,2
-3.988323318754608,1.5667192391530147,2
-3.9824743595142458,1.568925800073389,2
-3.9757278597308314,1.5708695137983888,2
-3.970196667100197,1.5737253311864308,2
-3.9640289201425745,1.5752764743230845,2
-3.95959867518933,1.5756574090795752,2
-3.955747521746062,1.5756478168525412,2
-3.9501583506896587,1.576805321846079,2
-3.9445689369938393,1.577961362764512,2
-3.9369804335340284,1.5813258094329274,2
-3.9322883076318718,1.5827431724684988,2
-3.9276537153165556,1.585856163760889,2
-3.922758349094657,1.5900122631750193,2
-3.919919596113619,1.5936555240928474,2
-3.9167623536596015,1.5966451668192683,2
-3.9132865307428233,1.5989806423261115,2
-3.9076960554995637,1.6001302779159712,2
-3.90326400591567,1.6005003236138897,2
-3.897093726409155,1.6020361854666554,2
-3.8914443173474353,1.6014817438662892,2
-3.8870698670652217,1.6035478143413684,2
-3.8826370137382664,1.6039130102905084,2
-3.877364057410329,1.6057104077713689,2
-3.873191336006501,1.6050286219000682,2
-3.869597857762283,1.603957224092179,2
-3.8654247521793845,1.6032731201019654,2
-3.8618309301959943,1.602199648187682,2
-3.855860377792691,1.6009755750744805,2
-3.8496289200531244,1.6007938170423266,2
-3.8424753330896824,1.6003870202108246,2
-3.8359697616880553,1.6001870036587675,2
-3.8305309014575926,1.600296002889909,2
-3.8247739468067152,1.5997458442715615,2
-3.8172054049031345,1.5992292609952745,2
-3.8099565837978915,1.599368552550633,2
-3.8030270931602868,1.6001645068619172,2
-3.796955459482618,1.5989482960566193,2
-3.7901381853257963,1.5980762193949651,2
-3.785451113283022,1.5978286746750268,2
-3.779271491707167,1.598271958996282,2
-3.773728091499704,1.6000334933561522,2
-3.7696778913764994,1.6011028854676894,2
-3.7663743238229817,1.6018261407946977,2
-3.7608315253753535,1.6035864604379704,2
-3.75635280336666,1.6056611143533317,2
-3.7518740813579647,1.6077357682686966,2
-3.7502692502889836,1.6100947596035429,2
-3.7468540029593953,1.6124849625076063,2
-3.742374988202677,1.614560207366182,2
-3.737691461663772,1.6143055056673514,2
-3.7314029576818672,1.6164100907749734,2
-3.727783588900799,1.6164695591973448,2
-3.7252276134799374,1.6168447407593067,2
-3.7201159553862446,1.6175945129400198,2
-3.714258364065371,1.6186890102075857,2
-3.708717663645256,1.6204450947578408,2
-3.702430899887725,1.6225461670363703,2
-3.696144396350663,1.6246467140320462,2
-3.689858153034068,1.6267467357448737,2
-3.684432759212781,1.6268285515882877,2
-3.679525124987899,1.6299092552317607,2
-3.673239613541366,1.6320077995865567,2
-3.6695085649842305,1.633734215585978,2
-3.6650313067156635,1.635805914785287,2
-3.65980783873567,1.6382228971844803,2
-3.652892318684394,1.6389906503725111,2
-3.6458617359909766,1.6414321798147018,2
-3.640638723396803,1.6438482429688968,2
-3.633608547297868,1.6462889516566275,2
-3.625517840263857,1.6484081690933685,2
-3.6196659737932553,1.6494911101381362,2
-3.6142460933931186,1.6495617965510672,2
-3.608592347039483,1.6529875864133636,2
-3.601249622468833,1.6547579421607708,2
-3.5946534491489714,1.6561823252745445,2
-3.5851921673301685,1.6573046426724982,2
-3.5758506483856927,1.6567436958947326,2
-3.570316388422139,1.6584867796943357,2
-3.5662738973302712,1.6595406103013044,2
-3.5614858145505845,1.6609384765613804,2
-3.558070420846988,1.6633289749370501,2
-3.5529692366270957,1.6640576044828723,2
-3.547003332132448,1.6668122534805576,2
-3.5412766931659867,1.6662008994096578,2
-3.5358637899271166,1.6662575016760588,2
-3.5285275546043664,1.6680147581822826,2
-3.519821053508622,1.6687744908763307,2
-3.512173814773181,1.6698582755752813,2
-3.5045274542818152,1.6709402874446013,2
-3.4965697651021728,1.6713494841102197,2
-3.490103844794218,1.6710694275831983,2
-3.4833268560184543,1.6701160305696288,2
-3.474315596801233,1.6701896846678999,2
-3.4667960739281405,1.6695741512338902,2
-3.459155958727983,1.670643556314701,2
-3.4522616791723344,1.6713684332897287,2
-3.4476029061053577,1.6710637640593582,2
-3.441454901316252,1.6714432265137908,2
-3.4339405991162817,1.6708171545925126,2
-3.4273604618827065,1.6722091671503811,2
-3.4215255585338085,1.6732578663190694,2
-3.4147589297853926,1.6722835564818475,2
-3.406814918444047,1.6726651429674302,2
-3.3988720780948096,1.673044365680159,2
-3.3922954538375425,1.674429286919489,2
-3.3867739772044327,1.6761465661988648,2
-3.3795781109642444,1.6761789626933261,2
-3.3734375549860065,1.6765433889260422,2
-3.371143565592865,1.673506703660184,2
-3.367671266571385,1.6718277860372925,2
-3.363145413776106,1.6698132930168725,2
-3.3578761811669757,1.6681383707452913,2
-3.3530420410101307,1.6654449232778035,2
-3.3465962877883744,1.6651241573295614,2
-3.342692344235802,1.6644568049047521,2
-3.3395325611584763,1.6634483058825325,2
-3.3341419067695472,1.6634599964648693,2
-3.329186247250222,1.662453358832371,2
-3.3233036926738,1.6594139616309818,2
-3.315810094264741,1.658746096892589,2
-3.3090611767718645,1.6577360349910855,2
-3.302931045876095,1.6580794170794473,2
-3.2979794197740073,1.657064637562705,2
-3.292159300200394,1.6580834940992197,2
-3.2890038595521176,1.6570662294193692,2
-3.2847970607402264,1.655708957267903,2
-3.279847727831008,1.6546895486960054,2
-3.275207397889643,1.6543476500433165,2
-3.269642742568289,1.6519678046535535,2
-3.264260773037444,1.6519619639206198,2
-3.2581365784210785,1.6522933629938628,2
-3.2520130668834355,1.6526233831996109,2
-3.2476835289256307,1.6529553831465158,2
-3.2433543162434084,1.6532867264898492,2
-3.238282764629206,1.6539555394506085,2
-3.233339026460028,1.6529248372973377,2
-3.228268418145019,1.6535917461077538,2
-3.2236333088767744,1.6532393089678,2
-3.2194337962379613,1.6518673288964063,2
-3.2136221338295297,1.6528691137401488,2
-3.2082461656332093,1.6528511586713819,2
-3.20466251211125,1.6528385320219705,2
-3.2010791188097496,1.6528253800897055,2
-3.1966252803832234,1.6548498038321053,2
-3.1921714419567007,1.6568742275745052,2
-3.187410877491409,1.6582165451727136,2
-3.1840060715080654,1.6605856711022398,2
-3.181343425555129,1.6626176885463035,2
-3.1776318122141305,1.6643048724825285,2
-3.172565074678568,1.6649639677104773,2
-3.168547304531076,1.6659678964462685,2
-3.1630451817952068,1.6676461078133364,2
-3.1585916361167037,1.6696699406125255,2
-3.1548803480512895,1.6713564679451807,2
-3.151169059985868,1.6730429952778412,2
-3.1478941492112895,1.6737084038304957,2
-3.144007738012686,1.6730056604733612,2
-3.140121717144785,1.6723021291919462,2
-3.136978181582874,1.671260832821499,2
-3.132787256219478,1.669871518415908,2
-3.129644403736293,1.6688288431779696,2
-3.1269382212919723,1.6667644582168197,2
-3.123795954304839,1.6657206010924561,2
-3.12244310703937,1.6646879161592043,2
-3.120653980065736,1.6646761530248817,2
-3.118559493210787,1.6639795260113832,2
-3.116901481229352,1.6622615832368144,2
-3.113323845305695,1.6622368094213922,2
-3.1082631253684347,1.662883757483332,2
-3.104859929499229,1.665249633225196,2
-3.102066737786364,1.668986681253262,2
-3.0998830623164633,1.6740958864728857,2
-3.0973936528983277,1.678520982907438,2
-3.096692362099514,1.6829598779473756,2
-3.0949437302905594,1.6870506564616292,2
-3.093936673015957,1.6908055083768474,2
-3.092796451512976,1.6962706765347875,2
-3.0896947122180762,1.6993292953986483,2
-3.0880771628737644,1.7017139599330129,2
-3.0868971780761694,1.7030751090843523,2
-3.0865926476475973,1.7023885708660735,2
-3.0861549041993044,1.703412447381064,2
-3.0870684466936833,1.705472160526428,2
-3.0881152997904593,1.7058212619574569,2
-3.088248545337734,1.7041107815638394,2
-3.0851081324214285,1.7030631817991377,2
-3.0858503900345102,1.7027258763326074,2
-3.0874680369615017,1.7003410148171731,2
-3.0849368475401313,1.7006661631872433,2
-3.082405755701439,1.7009911145762402,2
-3.0825389849849376,1.6992806670127987,2
-3.0844609346475913,1.697582803338138,2
-3.082672149213318,1.6975703507700715,2
-3.081625540073235,1.6972207568863649,2
-3.081321058436,1.696534120177553,2
-3.081758655510276,1.6955105391341707,2
-3.081321058436,1.696534120177553,2
-3.0792279702660643,1.6958346697687112,2
-3.077439428788482,1.6958217247479634,2
-3.0762597204751305,1.6971823157862715,2
-3.0756509523660114,1.6958086484065031,2
-3.0755176580273975,1.6975192272906607,2
-3.0740709219147835,1.7023018625120976,2
-3.070968645915171,1.7053615647718399,2
-3.068437944407176,1.705685728236558,2
-3.0700559816648685,1.7033000787968415,2
-3.0687054438560413,1.7022627319782568,2
-3.068267537769959,1.7032869367950276,2
-3.069484293326795,1.7060358474031219,2
-3.068912409823371,1.7087720099715362,2
-3.067293949707423,1.711158512995894,2
-3.0650671768681708,1.7121704293954867,2
-3.0619283740660066,1.7111195794431246,2
-3.0592634837115433,1.7131561274518106,2
-3.0622323840536456,1.711807168227109,2
-3.0601399789624377,1.711106338950776,2
-3.0565633839206434,1.7110794640039337,2
-3.0518066089159035,1.712414132170574,2
-3.0503223213826463,1.7130882834811416,2
-3.0476574635557405,1.7151247658294686,2
-3.047219004501166,1.7161500868723039,2
-3.0475227054769984,1.7168382994296785,2
-3.04634198880934,1.718200925939044,2
-3.0433731535223547,1.7195497538430295,2
-3.0414500816589385,1.7212498828000022,2
-3.038481181316836,1.7225988420247003,2
-3.0365579468156305,1.7242992992834516,2
-3.035208856483152,1.7232590305789905,2
-3.036693274126641,1.722584616626996,2
-3.035344183794164,1.7215443479225332,2
-3.0335564229779823,1.721529827053228,2
-3.0316333023232254,1.7232300545007302,2
-3.03389235711866,1.7263372589898065,2
-3.0321044987198036,1.726322935101571,2
-3.029135533322588,1.7276720256469833,2
-3.025424326576065,1.7293583888287483,2
-3.0245461724196954,1.7314115260079816,2
-3.0226224662688868,1.7331129353419072,2
-3.0203955958469635,1.7341250487225697,2
-3.0175626896308216,1.7337579792535003,2
-3.0135484649871955,1.7347547510103958,2
-3.010715965365531,1.7343868607868664,2
-3.009368013497598,1.733344293969914,2
-3.010413077578658,1.7336970067205684,2
-3.00923154772204,1.7350612747388574,2
-3.0095344029813553,1.735751194465509,2
-3.010003533877976,1.7388482444990068,2
-3.0105794995899764,1.7361038415558099,2
-3.011018853152404,1.735076714853161,2
-3.0087622704514096,1.731964520176966,2
-3.0090349417820548,1.7285310839219257,2
-3.009610289470448,1.7257879285255076,2
-3.0103214523832253,1.7213291055672801,2
-3.011032127382629,1.7168712675144064,2
-3.009819990739082,1.714113033135643,2
-3.0106974618167293,1.7120612748239026,2
-3.0081373895690273,1.7082604407980142,2
-3.0060480095407467,1.7075535051084962,2
-3.0070926832911056,1.707907005783433,2
-3.0067896491302193,1.707217447188743,2
-3.0081373895690273,1.7082604407980142,2
-3.0084404399936915,1.7089499665625247,2
-3.006654045334958,1.7089326879582352,2
-3.0015981720038987,1.7095698526270073,2
-2.9990391081105106,1.7057669831300508,2
-2.999342012161163,1.7064568043661712,2
-3.0008251287023224,1.705785016828452,2
-3.0008251287023224,1.705785016828452,2
-3.004564730361798,1.7082256209479993,2
-3.0069570632320666,1.709622279383101,2
-3.009046540843025,1.7103290180915494,2
-3.0112717035681342,1.7093203518796187,2
-3.010665505136126,1.7079414973316656,2
-3.01019473159781,1.7048477631461836,2
-3.012890570278561,1.7069330281008046,2
-3.0120134244765033,1.7089841298089734,2
-2.980357952074762,1.6753512925543088,2
-2.9797523391388054,1.673971256119934,2
-2.979887438756913,1.6722570330859767,2
-2.980795906952185,1.6743269892470032,2
-2.981098729683941,1.675016974634012,2
-2.981704375147455,1.6763969454080314,2
-2.982007197879211,1.677086930795042,2
-2.982310020610967,1.6777769161820508,2
-2.981704375147455,1.6763969454080314,2
-2.9827480242797257,1.6767525143842068,2
-2.9834888506802404,1.676418097973377,2
-2.9845325486038483,1.6767735684590228,2
-2.9827480242797257,1.6767525143842068,2
-2.9827480242797257,1.6767525143842068,2
-2.9834888506802404,1.676418097973377,2
-2.98392680555766,1.675393794666073,2
-2.980628151310972,1.6719228464863924,2
-2.9774976430361964,1.670855253143042,2
-2.9781032234445917,1.6722353552377776,2
-2.977059753213892,1.6718794251296352,2
-2.976756979273473,1.671189341252088,2
-2.9763190731873905,1.6722135460688587,2
-2.9766218308640315,1.6729036627765819,2
-2.97618387598661,1.6739279660838893,2
-2.9764866173994715,1.6746181156217919,2
-2.976789358812333,1.6753082651596927,2
-2.976654064028878,1.6770228821557929,2
-2.9756105775343986,1.6766669848778264,2
-2.974869816188999,1.6770012699679508,2
-2.9747344075590902,1.6787161167752949,2
-2.975777894053568,1.6790720140532596,2
-2.9763832792966145,1.6804525101101326,2
-2.9749015939680277,1.6811214085921513,2
-2.9759451129900665,1.6814772402097535,2
-2.973858107473548,1.6807655113141884,2
-2.9744633951339203,1.682146204352133,2
-2.9732842885804036,1.6835055806738364,2
-2.974327791338661,1.6838614451216216,2
-2.9753713266244777,1.684217243909048,2
-2.9746304189050683,1.6845518244707698,2
-2.97597661428485,1.6855979369469942,2
-2.9780322486168203,1.6821887064638954,2
-2.9787731400724518,1.6818541587323548,2
-2.9777295397315164,1.6814984912656357,2
-2.9777295397315164,1.6814984912656357,2
-2.9775940497827094,1.6832135022238788,2
-2.9775940497827094,1.6832135022238788,2
-2.9778967424042317,1.6839037502523198,2
-2.9783349575021223,1.6828789216621516,2
-2.9775940497827094,1.6832135022238788,2
-2.9775940497827094,1.6832135022238788,2
-2.977291357161185,1.682523254195445,2
-2.9765504657055555,1.6828578019269873,2
-2.9780322486168203,1.6821887064638954,2
-2.977291357161185,1.682523254195445,2
-2.976988664539663,1.6818330061670057,2
-2.976853142063298,1.6835480827856006,2
-2.977291357161185,1.682523254195445,2
-2.9775940497827094,1.6832135022238788,2
-2.9787731400724518,1.6818541587323548,2
-2.9774268308462144,1.680808276067376,2
-2.9784704149233683,1.681163976364271,2
-2.9777295397315164,1.6814984912656357,2
-2.976988664539663,1.6818330061670057,2
-2.9777295397315164,1.6814984912656357,2
-2.976988664539663,1.6818330061670057,2
-2.9784704149233683,1.681163976364271,2
-2.9774268308462144,1.680808276067376,2
-2.9780322486168203,1.6821887064638954,2
-2.9780322486168203,1.6821887064638954,2
-2.9777295397315164,1.6814984912656357,2
-2.9780322486168203,1.6821887064638954,2
-2.9783349575021223,1.6828789216621516,2
-2.9777295397315164,1.6814984912656357,2
-2.977864964625205,1.6797836116281122,2
-2.9781676897742866,1.6804737939961925,2
-2.9786058072894974,1.679449162387101,2
-2.9780322486168203,1.6821887064638954,2
-2.9767175545318185,1.6852632907249134,2
-2.9789403752727264,1.684259352058671,2
-2.9783349575021223,1.6828789216621516,2
-2.9787731400724518,1.6818541587323548,2
-2.9780322486168203,1.6821887064638954,2
-2.9789403752727264,1.684259352058671,2
-2.9784704149233683,1.681163976364271,2
-2.9780322486168203,1.6821887064638954,2
-2.9783349575021223,1.6828789216621516,2
-2.9746304189050683,1.6845518244707698,2
-2.973889511185657,1.6848864050324934,2
-2.9731486034662495,1.685220985594217,2
-2.9741921224882866,1.6855768172118228,2
-2.9734511985050975,1.6859114306037277,2
-2.9741921224882866,1.6855768172118228,2
-2.9737537935439455,1.6866018756132348,2
-2.9737537935439455,1.6866018756132348,2
-2.9740563885827953,1.6872923206227401,2
-2.9740563885827953,1.6872923206227401,2
-2.9733154320720416,1.6876269996750004,2
-2.972271913050003,1.6872711680573964,2
-2.97392058962218,1.6890079553543718,2
-2.937638607164093,1.6871783408289094,2
-2.9370347507162897,1.685794758735268,2
-2.9357185928911633,1.6888722977123436,2
-2.9330578172728377,1.690900539685888,2
-2.9302596976348756,1.6946475352580155,2
-2.9283392442399077,1.6963423785562615,2
-2.928778272526756,1.6953159084571805,2
-2.9280375599726973,1.6956500950567612,2
-2.92537632896855,1.6976792562753076,2
-2.9267203287381403,1.6987298008256122,2
-2.9283392442399077,1.6963423785562615,2
-2.923894871332873,1.698347695134828,2
-2.9229901112792582,1.6962702536931218,2
-2.924937203099029,1.6987059233554564,2
-2.924032394254077,1.6966285804042869,2
-2.923894871332873,1.698347695134828,2
-2.9229901112792582,1.6962702536931218,2
-2.9265561348645726,1.696318468255928,2
-2.925815422310512,1.6966526548555123,2
-2.924032394254077,1.6966285804042869,2
-2.9229901112792582,1.6962702536931218,2
-2.9229901112792582,1.6962702536931218,2
-2.9212071970692772,1.6962459494306472,2
-2.920328912802672,1.6982993492513092,2
-2.921371146986152,1.6986577744530091,2
-2.920931956061514,1.6996845728538723,2
-2.9204927326093166,1.7007114369150926,2
-2.9200534766295636,1.7017383666366719,2
-2.9181326329038964,1.7034339978592001,2
-2.918735513524947,1.7048195497635472,2
-2.918735513524947,1.7048195497635472,2
-2.9215609221388767,1.7052017539448663,2
-2.9203806933845975,1.70656339554888,2
-2.9192003995751943,1.7079251684736114,2
-2.9187609321663093,1.708952524987513,2
-2.917279149255048,1.7096216204506014,2
-2.915496023615935,1.7095977429804456,2
-2.914014273232228,1.7102667727831804,2
-2.915496023615935,1.7095977429804456,2
-2.915194680888085,1.7089047700472015,2
-2.914453821960013,1.709239252118385,2
-2.914453821960013,1.709239252118385,2
-2.913712963031937,1.7095737341895791,2
-2.913712963031937,1.7095737341895791,2
-2.912532522848524,1.7109358025859116,2
-2.912532522848524,1.7109358025859116,2
-2.912532522848524,1.7109358025859116,2
-2.913273398040376,1.7106012876845451,2
-2.913273398040376,1.7106012876845451,2
-2.913273398040376,1.7106012876845451,2
-2.9106111261543663,1.712632550034506,2
-2.908828146889263,1.7126083770927458,2
-2.9067440688530013,1.7118907387650673,2
-2.9037806981958276,1.713228535729101,2
-2.899613192674469,1.711791945866608,2
-2.8985713976130274,1.7114326342500927,2
-2.8967888899975236,1.7114075092331564,2
-2.894705495039984,1.7106884920379848,2
-2.892622230192682,1.7099692122013828,2
-2.8918815501661808,1.71030333314061,2
-2.8926453068498432,1.714106914971035,2
-2.8930851645894293,1.7130787705328565,2
-2.8910019322696847,1.7123594250358973,2
-2.888779794607501,1.7133619848346449,2
-2.8864184588548625,1.7160870408723081,2
-2.8844969320504674,1.717784050962333,2
-2.882274648014274,1.7187869062326833,2
-2.882875967312522,1.7201756098341612,2
-2.8838955151695416,1.7163955443419283,2
-2.8882007387774564,1.7161126255117427,2
-2.892946194191877,1.714800807149274,2
-2.8956083522314326,1.7127697746105621,2
-2.892946194191877,1.714800807149274,2
-2.889080616894418,1.714056008333598,2
-2.8898439181922644,1.7178605094090198,2
-2.8892423061459915,1.7164723967507562,2
-2.8874599774320586,1.71644691060186,2
-2.889381439181335,1.714750031832553,2
-2.889960364901148,1.7119996537968856,2
-2.8922054165827014,1.7151351250695708,2
-2.8920663486024694,1.7168573586670615,2
-2.891927215567124,1.7185797235852647,2
-2.8914871951897485,1.719608196325229,2
-2.8926680582314184,1.7182452743442553,2
-2.8925062876609537,1.7158290500779891,2
-2.8936869718010545,1.7144664892289754,2
-2.8967888899975236,1.7114075092331564,2
-2.8956083522314326,1.7127697746105621,2
-2.8963491135768287,1.7124354895204448,2
-2.897228633890654,1.710379594606227,2
-2.8970663103516934,1.7079644865660288,2
-2.897228633890654,1.710379594606227,2
-2.897089874922232,1.7121012044303274,2
-2.896186920148107,1.7100201188388162,2
-2.894681995524566,1.7065516428529683,2
-2.8973434704853975,1.7045219891817496,2
-2.8995653153995526,1.703520020326211,2
-2.8995653153995526,1.703520020326211,2
-2.8995653153995526,1.703520020326211,2
-2.8988247004281646,1.7038540099447275,2
-2.89739085984694,1.7127948996274966,2
-2.897089874922232,1.7121012044303274,2
-2.896927632702166,1.7096859322392355,2
-2.896650082237759,1.7131292175477935,2
-2.896048144915902,1.7117417614930979,2
-2.8964879050728154,1.7107138140359872,2
-2.89662663151368,1.708992269872244,2
-2.896325630325192,1.7082986075052524,2
-2.8970663103516934,1.7079644865660288,2
-2.897204922946104,1.706243172213533,2
-2.8974819529695726,1.7028009374706823,2
-2.899101470231173,1.700412300484734,2
-2.9031054161663477,1.69943627740059,2
-2.9051890062892376,1.7001549006336223,2
-2.9057664194775867,1.6974075758045473,2
-2.9020636698962434,1.6990768672935381,2
-2.903544769728782,1.698409150697941,2
-2.9042853196450498,1.6980752924001408,2
-2.9065320952871936,1.7012072836739165,2
-2.9071095247393206,1.698459926014662,2
-2.9078501071831475,1.6981260020565045,2
-2.9085906896269726,1.6977920780983542,2
-2.9079880692263895,1.6964060009111517,2
-2.9081259662145165,1.6946861310865025,2
-2.9096070009919366,1.6940185458116215,2
-2.911992210326922,1.6954295838648683,2
-2.910648893636056,1.694377660447067,2
-2.9087286191426607,1.6960721426133496,2
-2.9051638966596762,1.696021301636275,2
-2.906946225373609,1.6960467877851677,2
-2.910812436958455,1.6967903062238872,2
-2.90946916905893,1.695738284315551,2
-2.906205691721121,1.6963806132527885,2
-2.905603136375653,1.6949944047448717,2
-2.905439755691045,1.6925814306662659,2
-2.9055775876240517,1.6908616921623398,2
-2.905276277423761,1.6901686535687368,2
-2.904234579944994,1.6898091449711465,2
-2.901850021161179,1.6883967937107691,2
-2.9005071923836887,1.6873438853876142,2
-2.8981229426116784,1.6859309103538465,2
-2.8972193047588277,1.68385120362983,2
-2.8957132416707463,1.68038502575647,2
-2.893768329197382,1.6779449568502312,2
-2.8906447005012073,1.6768634763414134,2
-2.8899046872896523,1.6771962512433234,2
-2.886806721191528,1.680247253505792,2
-2.8857656417363664,1.6798864973614265,2
-2.884724594808768,1.679525675556702,2
-2.8829435834609516,1.679497530163351,2
-2.8813006805303853,1.6777490881530426,2
-2.8789179758173997,1.6763329942523235,2
-2.876096503038033,1.67594284516783,2
-2.872836213400946,1.6765787393900968,2
-2.8709174351752367,1.6782702011799646,2
-2.867957967825067,1.67960011890119,2
-2.8658768823241765,1.6788764398206837,2
-2.8617151016530933,1.677428293735387,2
-2.8599349848131332,1.677398342682224,2
-2.8602355631433607,1.6780928586338568,2
-2.861576521586242,1.679149542427524,2
-2.8602355631433607,1.6780928586338568,2
-2.856675459573669,1.678032693886104,2
-2.855357642843064,1.6811135815413731,2
-2.8540395333644373,1.6841950601398619,2
-2.8527211311377805,1.6872771296815543,2
-2.849021715631171,1.6889396909839718,2
-2.8453223001245664,1.690602252286391,2
-2.8416228846179585,1.6922648135888103,2
-2.8380632364340848,1.6922037295960681,2
-2.8367233026092933,1.6911449775011622,2
-2.8352436665168845,1.6918097393807052,2
-2.832584338374904,1.6938350594683733,2
-2.8319844502892266,1.6924434668111985,2
-2.831384562203544,1.691051874154022,2
-2.8296051121785304,1.6910205770635454,2
-2.8281256061963553,1.6916850763016615,2
-2.824566966366792,1.6916219568378583,2
-2.8213083356351856,1.6922545023819247,2
-2.8177501511914365,1.692190463673123,2
-2.8155311361748634,1.6931867200776214,2
-2.814051792830476,1.69385089101395,2
-2.8153718539626116,1.690765472794057,2
-2.813892608200904,1.691429446749316,2
-2.8141922269681583,1.6921258996814714,2
-2.8147914645026706,1.6935188055457822,2
-2.8137521903269995,1.693154405251617,2
-2.813012534918588,1.6934864578896,2
-2.8124133624391927,1.692093420704575,2
-2.8113741695824235,1.6917288562595143,2
-2.8113741695824235,1.6917288562595143,2
-2.809754392100359,1.694118018528318,2
-2.8076761364970437,1.693388626996768,2
-2.8085563073620357,1.6913314188754143,2
-2.8098763197028305,1.6882460991460562,2
-2.8083972691064734,1.6889096791391758,2
-2.805280227240866,1.6878149024080997,2
-2.801864038257605,1.6860227206696994,2
-2.7997864006779043,1.6852920815913706,2
-2.8011061690620096,1.6822072543146902,2
-2.7805630298676345,1.6589941740805525,2
-2.7801235787225274,1.660021497764271,2
-2.7801235787225274,1.660021497764271,2
-2.7819002801688626,1.660058343154894,2
-2.781180237232638,1.6645350913905403,2
-2.781619802224199,1.6635075378955673,2
-2.7830973890804316,1.6628469126185035,2
-2.7830973890804316,1.6628469126185035,2
-2.7827981118525393,1.6621497702526007,2
-2.783536889016874,1.6618194904442483,2
-2.782938302033532,1.6604252713728016,2
-2.783976356425759,1.6607921339303537,2
-2.7836770466703076,1.6600950572248099,2
-2.783976356425759,1.6607921339303537,2
-2.7844157913070866,1.659764843076811,2
-2.785453878226873,1.660131639974006,2
-2.785154535943864,1.6594346289288158,2
-2.785154535943864,1.6594346289288158,2
-2.78619263912743,1.6598013929958313,2
-2.7869314000279886,1.6594711460176548,2
-2.787230774838557,1.6601680914024897,2
-2.7887083291672283,1.6595075317857848,2
-2.789447106331565,1.6591772519774324,2
-2.7909246606602363,1.658516692360731,2
-2.791663437824571,1.6581864125523769,2
-2.7924022149889076,1.6578561327440244,2
-2.793440497074048,1.6582225356790765,2
-2.794618546481919,1.6568652933189654,2
-2.794618546481919,1.6568652933189654,2
-2.7963956707865076,1.6569012851249543,2
-2.7963956707865076,1.6569012851249543,2
-2.797134464214622,1.656570972486426,2
-2.797134464214622,1.656570972486426,2
-2.7984724626496895,1.6576336313725637,2
-2.798772065153168,1.658330117134902,2
-2.7980332229337144,1.6586605282639653,2
-2.7990716676566443,1.6590266028972351,2
-2.7996708726635973,1.6604195744219048,2
-2.7999704751670738,1.6611160601842379,2
-2.800709382441646,1.6607855177344568,2
-2.8008692826775032,1.6632055174712406,2
-2.8011688851809815,1.6639020032335736,2
-2.801468487684458,1.6645984889959102,2
-2.8017680901879345,1.6652949747582433,2
-2.802067692691411,1.6659914605205763,2
-2.8023672951948857,1.6666879462829112,2
-2.801927844049782,1.6677152699666298,2
-2.8026668976983657,1.6673844320452478,2
-2.8029665002018405,1.6680809178075773,2
-2.8040051888814617,1.6684464999881712,2
-2.8037055701142037,1.6677500470560123,2
-2.8029665002018405,1.6680809178075773,2
-2.8032661027053187,1.6687774035699174,2
-2.8040051888814617,1.6684464999881712,2
-2.8040051888814617,1.6684464999881712,2
-2.804304807648716,1.6691429529203283,2
-2.80386530771227,1.6701703750945835,2
-2.8041649102157464,1.6708668608569184,2
-2.8044645127192247,1.6715633466192514,2
-2.8040249477276653,1.6725909001142174,2
-2.8053633202296524,1.6736528039062541,2
-2.8056629227331307,1.6743492896685908,2
-2.8052232926864527,1.6753769744842693,2
-2.8062621277400837,1.6757422611932569,2
-2.80656173024356,1.676438746955597,2
-2.807900232855788,1.6775003881061963,2
-2.8089391654920934,1.6778654778341178,2
-2.8092388005231292,1.6785618979360937,2
-2.8102777819507683,1.6789268891734732,2
-2.8116164634645635,1.679988169192118,2
-2.8129552100334756,1.6810493178900465,2
-2.814733749286855,1.6810824534705144,2
-2.816812102472843,1.6818116480209948,2
-2.8174116002278247,1.68320402860245,2
-2.8191903671741123,1.683236704560425,2
-2.8191703155798784,1.679092895377586,2
-2.8194497851702316,1.6756457361079722,2
-2.8204472484606207,1.6677259652052054,2
-2.8158305676997166,1.6631520426803021,2
-2.810475711534302,1.6589071852471484,2
-2.804522398495779,1.6532678461011194,2
-2.801406917952976,1.6521699176729197,2
-2.801385744157983,1.6480283737723944,2
-2.8031412067541996,1.64392380658321,2
-2.8031192522978046,1.639783838531244,2
-2.7971675331096435,1.6341412820277323,2
-2.795230183293606,1.6316859470885312,2
-2.79433093666114,1.6295973762163474,2
-2.794769411979493,1.628572022343329,2
-2.7958074175803844,1.6289389833914178,2
-2.7977448487153147,1.631394154179727,2
-2.799082782095267,1.6324569443865808,2
-2.8004207805303345,1.633519603272715,2
-2.8010204409231054,1.63491165555239,2
-2.8023585369408526,1.635974117457458,2
-2.804735045153965,1.6374027196561496,2
-2.8065119255018676,1.6374392039148127,2
-2.804435166166243,1.6367067920068497,2
-2.800720610726721,1.6342156294125552,2
-2.799382596027872,1.6331530033565897,2
-2.851705478865311,1.5750503592685696,2
-2.8502301364106106,1.575706453981013,2
-2.850531349028227,1.5763996895556858,2
-2.849522941859952,1.5801572663757106,2
-2.846135261636098,1.5824918221273698,2
-2.842446417585972,1.5841330438138215,2
-2.838320708331624,1.5867963691856293,2
-2.833893997888792,1.5887660321904455,2
-2.827691041385444,1.5906979305596405,2
-2.824767320176427,1.596139976341533,2
-2.816787987502334,1.5980343727165351,2
-2.8073337352317953,1.600584010219336,2
-2.797742529272325,1.6048516133964394,2
-2.7885892944540505,1.6080948804360524,2
-2.77911404729009,1.6065026129063646,2
-2.7705616438566913,1.6111355684528128,2
-2.7622870511081636,1.6123247134078404,2
-2.7503053029396476,1.611007758037399,2
-2.7373292303901238,1.6176042373452972,2
-2.7265473071843083,1.6190703687986705,2
-2.7154687089552656,1.619834105057599,2
-2.7074986791628675,1.621709722570552,2
-2.7004077468260324,1.6215302987539246,2
-2.689192503919866,1.62401137691376,2
-2.6834365286913897,1.624900751226626,2
-2.6729605833904913,1.6270504990124035,2
-2.6611542348394064,1.6281222562187239,2
-2.649504338602995,1.631620973159647,2
-2.640066382639205,1.6341377148236838,2
-2.6287056817331056,1.6341696400483112,2
-2.6220736666395545,1.6371078836172188,2
-2.614408427496196,1.6396695140655932,2
-2.606006655590029,1.6425568937576998,2
-2.6001052223616217,1.6409971151353595,2
-2.591849772081204,1.6421476189704052,2
-2.587864514873834,1.6389016313867444,2
-2.582696656045929,1.6328377898203321,2
-2.579449135121026,1.6292636235597406,2
-2.5731061381017266,1.624551147751502,2
-2.5711810690844956,1.617886737234791,2
-2.566160914303575,1.6100832292461504,2
-2.559965767705272,1.6036307915440826,2
-2.55568978801786,1.5996703929206788,2
-2.5543563938778178,1.5944141543012353,2
-2.5559715849741504,1.5920342501427385,2
-2.55625986953282,1.588569296916436,2
-2.5572832068503946,1.5847815819926296,2
-2.554326214885691,1.5777379319411082,2
-2.555492230742475,1.5722206951202082,2
-2.5535741860323444,1.5697263907592358,2
-2.553861039378445,1.5662643265886302,2
-2.549586149364245,1.562301728343268,2
-2.5495674167816382,1.5539709711231673,2
-2.546905245769331,1.5476334589064322,2
-2.54321294082526,1.5409130958352595,2
-2.539816725408361,1.5348963098449584,2
-2.5431807922703396,1.5284251347195337,2
-2.542589036074256,1.5270171269731527,2
-2.5413939617805976,1.520040164944433,2
-2.538150864603635,1.5164570688753063,2
-2.5365175264207522,1.5105050339272754,2
-2.5315119748680317,1.5068563332312426,2
-2.527678455124878,1.5018625373411112,2
-2.5281160847267135,1.5008388906373753,2
-2.527666193880881,1.497703002502817,2
-2.532194616048649,1.4899022280275034,2
-2.5340983340148266,1.4882411669828404,2
-2.5348176613447624,1.4837658632750497,2
-2.5318569287108463,1.4767297641645598,2
-2.5318423742739817,1.4725748583814244,2
-2.5313907919951077,1.4694423845854239,2
-2.531250162692082,1.47116776988004,2
-2.5318423742739817,1.4725748583814244,2
-2.5324345858558814,1.4739819468828088,2
-2.533026797437783,1.4753890353841914,2
-2.5325899159697904,1.4764111718997235,2
-2.5328860054969606,1.4771147489805934,2
-2.5346481345971323,1.477181010211071,2
-2.53875003367874,1.4745657482204546,2
-2.538453814041336,1.4738624337810116,2
-2.538453814041336,1.4738624337810116,2
-2.539483037201462,1.4742471231254388,2
-2.5405122928891473,1.4746317468095054,2
-2.54154158110439,1.4750163048332219,2
-2.5425709018471956,1.475400797196576,2
-2.5433039541612548,1.4750820736110235,2
-2.5450663922732346,1.4751477110681126,2
-2.547561980281948,1.4748944279585814,2
-2.547858362557145,1.4755974140962405,2
-2.5493245647679412,1.4749597699440642,2
-2.5500576658733394,1.4746409478679752,2
-2.5518203316782273,1.4747061257025678,2
-2.552849928905273,1.4750900599528904,2
-2.5543161961711895,1.4744522844800017,2
-2.555345858453352,1.4748360874096083,2
-2.5566720981760653,1.4759224825147381,2
-2.558138463024653,1.4752845100607779,2
-2.558871645448944,1.474965523833795,2
-2.5601980478094486,1.476051590637141,2
-2.563130907616859,1.4747753830877919,2
-2.4775158657621343,1.458664609431711,2
-2.475756355130411,1.4585930625425085,2
-2.4748708676551416,1.4564767173393864,2
-2.4756029766700056,1.4561598979041808,2
-2.4758981554255417,1.4568653134750456,2
-2.476335085684873,1.4558430784689769,2
-2.476346680113924,1.4600039593445864,2
-2.477078870447686,1.4596869757584905,2
-2.4780945312614797,1.455914756678899,2
-2.48044456204207,1.4573968064080383,2
-2.4780945312614797,1.455914756678899,2
-2.4791219003507763,1.4563031886636573,2
-2.4791219003507763,1.4563031886636573,2
-2.479558781818776,1.4552810521481323,2
-2.4767719834166435,1.4548209091232671,2
-2.4791219003507763,1.4563031886636573,2
-2.478389758808353,1.45662007375922,2
-2.4791219003507763,1.4563031886636573,2
-2.477657617265928,1.4569369588547794,2
-2.478389758808353,1.45662007375922,2
-2.4777993037146047,1.455209439598569,2
-2.4811645399231708,1.4529201894931116,2
-2.4804324471720847,1.4532369760981343,2
-2.4801371545700945,1.4525317903385222,2
-2.480869231057401,1.4522150365636808,2
-2.4798418619681026,1.4518266045789083,2
-2.4794050780827845,1.4528485441133725,2
-2.479995630759209,1.454258981292952,2
-2.478519249068153,1.4507328883439996,2
-2.478519249068153,1.4507328883439996,2
-2.4796879955943236,1.4493944248459414,2
-2.480856677065379,1.448056092668594,2
-2.4829240668186756,1.4529917035521347,2
-2.4860065644172753,1.4541562115821485,2
-2.4842468911477553,1.4540849929947246,2
-2.4835147496053303,1.4544018780902892,2
-2.487175457317459,1.4528174526124804,2
-2.4867387222234782,1.453839293656408,2
-2.486301954601938,1.454861200360689,2
-2.4867387222234782,1.453839293656408,2
-2.4860065644172753,1.4541562115821485,2
-2.4870341286719224,1.4545442496047727,2
-2.488203037835886,1.4532054578049287,2
-2.4867387222234782,1.453839293656408,2
-2.4842468911477553,1.4540849929947246,2
-2.4854157840479427,1.4527462340250636,2
-2.485852502878144,1.4517244258113138,2
-2.4845296134939456,1.4506312676894382,2
-2.4845296134939456,1.4506312676894382,2
-2.4821793875480047,1.4491496119224365,2
-2.481293314576684,1.4470344486057378,2
-2.480843797797773,1.4438978053770803,2
-2.4818578484974267,1.4401288364851474,2
-2.4831669803699405,1.4370654801451472,2
-2.48199881933982,1.438402761756782,2
-2.4773125803454423,1.4395950454396669,2
-2.4777490226913965,1.438573795338952,2
-2.479071554272455,1.4396676757247544,2
-2.4792125901699666,1.4379414696756783,2
-2.4792125901699666,1.4379414696756783,2
-2.480085312224082,1.4358992977760376,2
-2.4812533594077486,1.4345622459756502,2
-2.481689622852132,1.4335413570068987,2
-2.4813941513485727,1.4328365323792482,2
-2.482125853768961,1.4325205336985043,2
-2.480803208341447,1.431426883123951,2
-2.479480627969055,1.430333101228678,2
-2.4788897174894906,1.4289233863130235,2
-2.479030379320079,1.4271979353580484,2
-2.4785800005608714,1.4240630321288457,2
-2.480183449208626,1.4217068313591632,2
-2.4806193711136455,1.4206866318241573,2
-2.4810552604911074,1.4196664979495104,2
-2.483094126866728,1.4162911153803481,2
-2.482362733458146,1.4166064902877018,2
-2.480308775940946,1.4158280504696101,2
-2.4797176052409142,1.4144188608368093,2
-2.4798577303667937,1.412694493277721,2
-2.4827829136704214,1.4114337815725833,2
-2.487326636763383,1.4119706914850116,2
-2.4845412045187043,1.4115077907251674,2
-2.4845412045187043,1.4115077907251674,2
-2.481460317034248,1.410340032507495,2
-2.4835142094963274,1.4111186036463028,2
-2.48410557536171,1.4125273993169625,2
-2.486003828698081,1.4108773692122423,2
-2.485412365250024,1.4094687705226523,2
-2.4857080969740526,1.410173069867449,2
-2.4861436448121506,1.4091536254265442,2
-2.4877622171290383,1.4109511813837567,2
-2.4861436448121506,1.4091536254265442,2
-2.486735140787765,1.4105621584557788,2
-2.4879019844517725,1.4092275360885953,2
-2.4884935454825037,1.4106359377971156,2
-2.489224873835969,1.4103206942104745,2
-2.4879019844517725,1.4092275360885953,2
-2.4883374834985332,1.4082081901382288,2
-2.487014642905674,1.4071149335258148,2
-2.488912554702681,1.405465592854842,2
-2.4893645761035863,1.4085971802360273,2
-2.492150187249834,1.4090597198639099,2
-2.492150187249834,1.4090597198639099,2
-2.4938917931061795,1.404983123986728,2
-2.4925856375052575,1.4080404724040783,2
-2.4940482616846307,1.4074100508911531,2
-2.49154158342402,1.4035014353895452,2
-2.492133372147663,1.4049093774755708,2
-2.4911062470150505,1.4045204530381312,2
-2.4895042133160885,1.4068737975822927,2
-2.4900791544099974,1.404131462940331,2
-2.4884771369748115,1.4064847746543165,2
-2.4862833958711033,1.4074300129615658,2
-2.4858478968243425,1.408449358911927,2
-2.4834982238468957,1.4069665869188626,2
-2.484073408897496,1.404223759824223,2
-2.4825946689584555,1.4007024272511401,2
-2.481707424995033,1.3985896277072918,2
-2.4800891942175074,1.3967913823163354,2
-2.479793462493479,1.396087082971535,2
-2.4787667764829067,1.395697272119282,2
-2.4774444238034175,1.3946030306015125,2
-2.4762616270175357,1.3917855705809057,2
-2.474643721515596,1.3899866685863813,2
-2.4761053373406607,1.3893582825445172,2
-2.474052355650212,1.3885778729157217,2
-2.4733215802652406,1.3888920002762948,2
-2.4719995040700002,1.3877972006454957,2
-2.4739129136030655,1.3903008616073116,2
-2.474643721515596,1.3899866685863813,2
-2.4755139064201614,1.38794961819457,2
-2.4774104683234928,1.3863030024284058,2
-2.479602745687073,1.3853607188372106,2
-2.4814991612163944,1.3837143985426543,2
-2.479602745687073,1.3853607188372106,2
-2.478280393007589,1.3842664773194429,2
-2.478576189786734,1.3849706453435306,2
-2.480194371772921,1.3867689892250201,2
-2.4787327884754173,1.387397309606527,2
-2.474783131035185,1.3882637455551432,2
-2.472590804880266,1.3892061276368697,2
-2.469667703340372,1.390462637079171,2
-2.468066450302814,1.3928144057747716,2
-2.4696839166827154,1.3946141941841113,2
-2.4689530599788476,1.3949284856955781,2
-2.46792668298008,1.3945380510699295,2
-2.4669003385088697,1.3941475507839254,2
-2.4654386901562457,1.3947760024861502,2
-2.463681602827622,1.3946995639003603,2
-2.460603008536033,1.3935271766275292,2
-2.458550774979427,1.3927452568105245,2
-2.45898612765218,1.3917262063317644,2
-2.457960059665213,1.3913351479327272,2
-2.4576647020081044,1.3906300934938294,2
-2.458830667428039,1.3892972439562783,2
-2.459561328966556,1.3889833464069543,2
-2.4558925560654625,1.386399766860439,2
-2.45119847957503,1.3834235858965016,2
-2.447530812610921,1.3808377738978557,2
-2.4428532584746367,1.3820125262654663,2
-2.4400719084385347,1.3815413851308413,2
-2.4389062682941898,1.3828735780648245,2
-2.4361393751122797,1.386557539694408,2
-2.437740563094728,1.3842059023195237,2
-2.437880850858395,1.3824812064586514,2
-2.4365604335686353,1.3813830581496553,2
-2.4364201458049646,1.383107754010524,2
-2.43568979327825,1.3834210277864614,2
-2.4367151619227077,1.3838134978831729,2
-2.4370101780404525,1.3845192417558163,2
-2.4373051941581974,1.3852249856284615,2
-2.438330627857775,1.3856173244044552,2
-2.438625660239298,1.3863230354469227,2
-2.439651142730211,1.3867152757323797,2
-2.439946191375512,1.3874209539446714,2
-2.440241240020816,1.3881266321569612,2
-2.4408313373114208,1.3895379885815338,2
-2.4418569173850084,1.3899300318859282,2
-2.4414214346020255,1.3909493450061152,2
-2.4424470472031707,1.3913413226501454,2
-2.4437677735047387,1.3924388471857565,2
-2.447856173649612,1.3898508342432176,2
-2.4522396549673484,1.3879684338526115,2
-2.4557526586324947,1.3881236747970274,2
-2.460276037383199,1.384517366469833,2
-2.460103745793111,1.3779380945361837,2
-2.4608173320089897,1.3734743798813724,2
-2.4621216335390876,1.3704207741043586,2
-2.4609565626270076,1.3717518179820996,2
-2.4628519535382427,1.3701075659887785,2
-2.465042913535708,1.3691679416420381,2
-2.4665035535340163,1.3685415254108815,2
-2.4663645994002437,1.3702635291971212,2
-2.464903894346815,1.3708900767489958,2
-2.4624172351528806,1.3711253360905822,2
-2.4631475714158153,1.3708120951448226,2
-2.46312999191602,1.3666632957748668,2
-2.464608243941683,1.3701856132533088,2
-2.464016943131419,1.3687766862619277,2
-2.4634256423211536,1.3673677592705573,2
-2.461826031925291,1.3697162121181314,2
-2.462260717783094,1.3686985076766902,2
-2.461669482027945,1.3672894493645984,2
-2.4635645801911483,1.3656457883144935,2
-2.465894071464133,1.3629850137661492,2
-2.4664671910147717,1.3602463561041755,2
-2.4642582937143676,1.3570379033448852,2
-2.463075301763137,1.3542208372864142,2
-2.4623264914925524,1.3503870845220334,2
-2.4608476702346174,1.3468659160998424,2
-2.461124179817153,1.3434247319227026,2
-2.461400429179225,1.339984073028413,2
-2.4611045998725203,1.3392799706646894,2
-2.460946765136619,1.3368558014952505,2
-2.461814315308951,1.3348240695923401,2
-2.464161288499053,1.336312291395025,2
-2.4666462562599545,1.3360804463919909,2
-2.4656206273950314,1.3356885015781366,2
-2.465758378009143,1.3339689272250972,2
-2.4669216599055055,1.3326414946669818,2
-2.464436854782395,1.3328730113682337,2
-2.4625439359656003,1.3345122731744326,2
-2.4613805564865654,1.3358399027136176,2
-2.461814315308951,1.3348240695923401,2
-2.457574618467408,1.3349747156337148,2
-2.4520142929069717,1.3340276401584177,2
-2.448071059659526,1.3348811081865595,2
-2.4465735692285886,1.3272133400163675,2
-2.4453909676080574,1.3243954860336178,2
-2.444957322632126,1.3254110893436462,2
-2.4445236451286334,1.32642675831403,2
-2.445982268418323,1.3258044130249917,2
-2.445982268418323,1.3258044130249917,2
-2.445982268418323,1.3258044130249917,2
-2.447598580069908,1.3276065323770023,2
-2.445844225056188,1.3275245783212437,2
-2.4465735692285886,1.3272133400163675,2
-2.4468692196337223,1.327917803512058,2
-2.4471452087753214,1.3244776699006255,2
-2.4459624770445583,1.3216600785593045,2
-2.4491547369387927,1.3169772241805031,2
-2.451204693566307,1.3177637402224818,2
-2.452229720671408,1.3181568997529372,2
-2.4526630891630923,1.3171418545559455,2
-2.4529589347335765,1.3178459240894913,2
-2.454142317015508,1.3206622022236747,2
-2.455442471281909,1.3176169681421577,2
-2.4549880591054567,1.3144902067972026,2
-2.4559917172502086,1.3107422163892686,2
-2.4575870014808068,1.3084024963691512,2
-2.457427995752802,1.3059806909725538,2
-2.4552189358146084,1.3027725665150491,2
-2.4519852065744594,1.2991705602631605,2
-2.450801303851593,1.2963553326946844,2
-2.4525548619401345,1.2964388954291834,2
-2.4493214254480122,1.2928362982340875,2
-2.447704853575962,1.291034704164936,2
-2.4469536200022777,1.2872058430971318,2
-2.446498215735298,1.2840810843930566,2
-2.4445858145565467,1.281575387960178,2
-2.443834288234836,1.2777471178355881,2
-2.4445626403167076,1.2774378821715953,2
-2.44353829629034,1.2770433437736468,2
-2.444106894510366,1.2743138129012674,2
-2.443787126566207,1.2694737477673463,2
-2.443763057818513,1.2653380476385774,2
-2.4437386637952336,1.2612030041133764,2
-2.443849548291638,1.2553533764222546,2
-2.443959749709311,1.2495051275986242,2
-2.4440692680482563,1.2436582576424868,2
-2.44374683284431,1.2388235766578237,2
-2.4419690271065075,1.2346046749265192,2
-2.4397601135423272,1.2313962549974047,2
-2.4368240351521493,1.2284946741292675,2
-2.4343192922812644,1.2245821518364295,2
-2.4315185249383227,1.219965921142009,2
-2.4290141886619185,1.2160525780947147,2
-2.4257831266815604,1.2124451876935698,2
-2.4232792783185246,1.2085308597409217,2
-2.4225252473748213,1.204707645463806,2
-2.4227939178157882,1.201282285432658,2
-2.4240851920587456,1.1982549766285508,2
-2.425079872597383,1.1945251084791018,2
-2.4263705125529533,1.1914990800519494,2
-2.42779449563848,1.1867623742501099,2
-2.4296476836882164,1.1810190277769461,2
-2.4293211825394714,1.1761925543368843,2
-2.4279716059391294,1.1709689817449593,2
-2.4289636029541963,1.1672445305749477,2
-2.4279100020345723,1.1627247648751453,2
-2.4278787121689227,1.1586036413455876,2
-2.4275504220044617,1.1537807792251513,2
-2.4275184490600807,1.1496610345630902,2
-2.425441496204618,1.1447447278244525,2
-2.424815490135071,1.139221571640988,2
-2.4237604254753204,1.1347047606572378,2
-2.4228368661384714,1.128480982108961,2
-2.421484475904329,1.1232630891378985,2
-2.4198350365800465,1.1173435560664942,2
-2.417591661713269,1.1100204144926185,2
-2.414920122764144,1.1037018124586435,2
-2.4116899065003015,1.1000927148882216,2
-2.4110612331709635,1.0945749428540168,2
-2.4078314397653813,1.0909649916989572,2
-2.403153464416352,1.0879563088583915,2
-2.3999246468375173,1.0843443878926315,2
-2.3952480376459384,1.0813329473170814,2
-2.3917235859257513,1.0770165300254497,2
-2.388792744472479,1.074104377839861,2
-2.3873098572697433,1.0705914169622712,2
-2.3840829588168564,1.0669756220354518,2
-2.3818765986660075,1.063762047768332,2
-2.3798008981215464,1.0588432131059555,2
-2.3767052772986546,1.0535209102371077,2
-2.3740366658297845,1.0471963987710193,2
-2.3713680543609126,1.0408718873049345,2
-2.368142977451294,1.0372524153981342,2
-2.365214738202692,1.034335010383998,2
-2.3637325015511266,1.030820736299269,2
-2.362120369690796,1.0290101795914115,2
-2.3609346454246634,1.0261986290029164,2
-2.3587298465966153,1.0229819030386658,2
-2.3582667658258547,1.0198726401787983,2
-2.35750710761455,1.0160607851434165,2
-2.3576366775477275,1.014357724370118,2
-2.356876742852176,1.0105464274477676,2
-2.3571354598602756,1.007141159485803,2
-2.3560786061848145,1.0026279598216785,2
-2.355021557344001,0.9981151541196969,2
-2.3549829162501528,0.9940088698307825,2
-2.3559625365292565,0.9903094024265364,2
-2.3566450914544355,0.9859083277521279,2
-2.3570304346516746,0.9808059412791614,2
-2.3580087375646652,0.9771091331193666,2
-2.3588585927452357,0.9751131204505654,2
-2.3590735618328225,0.9676118768757114,2
-2.3606026703913976,0.9612214540587161,2
-2.358693489440924,0.9587092572505149,2
-2.3593726940275914,0.9543149455928575,2
-2.359033181855489,0.9495147362955247,2
-2.3588202470811908,0.9430175069777178,2
-2.3589036457907575,0.9372233622881048,2
-2.3603015580382323,0.9325392832622548,2
-2.3609780303099956,0.9281504870745678,2
-2.3627981215690745,0.9224739500144672,2
-2.3627527960619794,0.9183811589288773,2
-2.363255983007603,0.911599382241242,2
-2.3636326901380986,0.906514428593006,2
-2.364854308260284,0.8994434426502096,2
-2.3660746252801417,0.8923750831216815,2
-2.366871332075826,0.8863020706830991,2
-2.365805142991105,0.8818077155413864,2
-2.3647387587410353,0.8773137543618077,2
-2.364094146908089,0.8718281559024419,2
-2.3624317290880086,0.8659348213134059,2
-2.3607690510474626,0.8600420120072236,2
-2.3601232356948554,0.85455884298106,2
-2.3597748109717553,0.8497766246214944,2
-2.359723874460835,0.8456951599474571,2
-2.3587788794630136,0.8395146515743175,2
-2.359867089400135,0.8341544743269225,2
-2.3596396473348005,0.8276865295282594,2
-2.3586927657385885,0.8215098294558132,2
-2.3581657862248893,0.8143452675740974,2
-2.358234238521378,0.8085812938184418,2
-2.3577056001022036,0.8014200806149283,2
-2.356877830829152,0.793561429573904,2
-2.3559277290046587,0.7873912298767856,2
-2.3561144153802296,0.7799470779821789,2
-2.3557597453659174,0.7751774664111224,2
-2.3543886680494825,0.769997295315056,2
-2.3534364194061386,0.7638314292014883,2
-2.352902511522508,0.75668085297578,2
-2.3505146691008107,0.75109084461862,2
-2.3482468985652396,0.7438169483123556,2
-2.3484279739369853,0.7363841228293033,2
-2.3480701812770697,0.7316208146524961,2
-2.346995307334261,0.7271439908260486,2
-2.3466368315956174,0.7223820615167398,2
-2.346695769581279,0.7166372934154523,2
-2.3460376588116,0.7111789440041676,2
-2.345559062395491,0.7081010011344979,2
-2.3454977983847822,0.7040403836237541,2
-2.345255881555966,0.6976016576838671,2
-2.344178942113201,0.6931290032900783,2
-2.342622218998443,0.6855808026296462,2
-2.341544726587184,0.6811092644619219,2
-2.3423149884779004,0.6750896338934353,2
-2.3400409238597852,0.6678284428662131,2
-2.339677829207851,0.6630758373275754,2
-2.340744863704465,0.6577584049724621,2
-2.3424093792474316,0.653837424140935,2
-2.342460705784429,0.6481080205631464,2
-2.343525560934628,0.6427949874519427,2
-2.343159864078027,0.6380476347418469,2
-2.343392396401624,0.6346952233671246,2
-2.3427266416557266,0.6292523041396869,2
-2.3423598063345814,0.6245072495420789,2
-2.3427070922885136,0.6194816856865835,2
-2.3423393787232865,0.6147384039186132,2
-2.340842098075967,0.6112544977489112,2
-2.3376168910561166,0.6076352884835394,2
-2.337548080651864,0.603589904175573,2
-2.334737847789434,0.5989927806449824,2
-2.334968038128828,0.5956450968159519,2
-2.3323423288639553,0.5934182681320372,2
-2.330430724610384,0.5909109630204146,2
-2.3289336066008577,0.5874267285489321,2
-2.327137064989424,0.5832456471831478,2
-2.3243275477332777,0.578647079124714,2
-2.3211041947842563,0.5750241272190024,2
-2.319193306136965,0.5725153775795295,2
-2.3187091962997126,0.5694485641403464,2
-2.315187151618847,0.5651272879823139,2
-2.311551052650154,0.5624777526073732,2
-2.307202393729181,0.560105574793198,2
-2.30345271212226,0.5591268281261854,2
-2.2998181419488066,0.5564742067144763,2
-2.295471223252214,0.5540985160712086,2
-2.2917229240665193,0.5531169788390304,2
-2.287676095786775,0.5514367890527456,2
-2.2833309335783305,0.5490575527502095,2
-2.279584000550088,0.5480732577830452,2
-2.2741136787437117,0.5469445001004338,2
-2.268046949300402,0.5444171241024662,2
-2.2634060553679287,0.5413335884551334,2
-2.2600751373789763,0.5393692780913426,2
-2.255021806438636,0.5372585352013921,2
-2.247419123031225,0.536951114732716,2
-2.242251932968408,0.5365117186637232,2
-2.234055232699607,0.5348008538434641,2
-2.227581937472717,0.5332344189084797,2
-2.2208119997501665,0.5309655231186845,2
-2.213512935999688,0.5313464793582803,2
-2.2063314395133506,0.5300486034962368,2
-2.1980254177164653,0.5299999258771617,2
-2.1911437676902903,0.5293980433247736,2
-2.183668995310576,0.5273909107609995,2
-2.1772040921937528,0.5258075354539535,2
-2.170325890088767,0.5251986929037464,2
-2.1654646616670945,0.5254429459973302,2
-2.160307181080455,0.5249839503118316,2
-2.1551502859898672,0.5245237727399079,2
-2.1504086252771675,0.5230851556199134,2
-2.1448382522968448,0.5235998719367938,2
-2.139209054872694,0.5200490462161564,2
-2.1323369028935684,0.5194279908395831,2
-2.127183471987948,0.5189608204396556,2
-2.121853535527915,0.5161071699151059,2
-2.1159908299534145,0.5159107253799018,2
-2.110128807457645,0.5157129019772029,2
-2.1040911576515313,0.5131268256202439,2
-2.0989412885135543,0.5126524654112501,2
-2.0930815592106473,0.5124500129533978,2
-2.089649061252505,0.5121322626258564,2
-2.0829047064546256,0.509811724965429,2
-2.0811888640700342,0.5096520290471993,2
-2.076751977742596,0.5088994576928094,2
-2.071310345242715,0.5077127875754854,2
-2.0674644669775155,0.5083697341556768,2
-2.0601885303210548,0.5087040058815724,2
-2.050194038079958,0.5084403791540062,2
-2.042331370735184,0.5073564986083934,2
-2.032340537844407,0.5070854850906912,2
-2.023649629881607,0.5079539859067772,2
-2.0153756477297318,0.5078406328362366,2
-2.006393269153053,0.5079962328007817,2
-2.0022574490692193,0.5079371924926637,2
-1.9967026893169226,0.5084203918382748,2
-1.9914418234816065,0.5096116003388342,2
-1.9840523855058052,0.5116164966217607,2
-1.9730691994423335,0.5108863677451794,2
-1.9619193474108574,0.507749896486029,2
-1.9548257875330997,0.5104587966421494,2
-1.9463936616335182,0.5079218981755567,2
-1.9354194206486,0.5071737127008475,2
-1.9285342918191901,0.5023945670138303,2
-1.921234205096141,0.49859330276185077,2
-1.9159375280645587,0.49567251452245387,2
-1.9108090295324427,0.4951550154590265,2
-1.907223315751688,0.4924037721913841,2
-1.9012206005432812,0.4897471766111998,2
-1.8965109632118153,0.48824391686992286,2
-1.8896767383657682,0.48754630151730005,2
-1.8842602496685181,0.48630887594416095,2
-1.8778448697593362,0.48462553274386444,2
-1.8707224433190284,0.48320841767383804,2
-1.8660168068772407,0.48169708170867054,2
-1.860021605534822,0.47902531858606423,2
-1.853610616846023,0.4773331112375967,2
-1.8472007666217678,0.47563860577663775,2
-1.839085791843413,0.4737627693098805,2
-1.8329690874022955,0.4727777831920843,2
-1.8248571376868696,0.47089584031214393,2
-1.819159798623554,0.4689240757809632,2
-1.8137536862174297,0.46766570455399936,2
-1.8074778947294092,0.46425907719049775,2
-1.8029080084568943,0.4610322049842388,2
-1.798628925983314,0.45851957966682555,2
-1.7929363359435229,0.4565382287235522,2
-1.7863752378139388,0.45240625787089783,2
-1.7774055628943266,0.44835192867329354,2
-1.7737095029673995,0.4472649409080738,2
-1.7693071283794097,0.4464427039150962,2
-1.763909147862881,0.44516791759892627,2
-1.7588012880665627,0.4446087570391022,2
-1.7546898148601766,0.4445005699539113,2
-1.7492938185247109,0.44322177835597465,2
-1.7434812216539068,0.4429241840410931,2
-1.7393710658136392,0.44281333771144915,2
-1.7362565159019052,0.4431550407050011,2
-1.7327245360020918,0.44447961532070934,2
-1.7284861601223191,0.44606910485956064,2
-1.7234121761325412,0.44962584783093007,2
-1.718049209887102,0.45246466693345155,2
-1.7126859834211992,0.4553040113188409,2
-1.7081589830889037,0.456174854724928,2
-1.7027677683045201,0.45488641105453986,2
-1.69766537313801,0.4543162195547712,2
-1.6901568244845677,0.45381877801347237,2
-1.6830678851656167,0.4523340656061059,2
-1.6763987015551667,0.44986178686107436,2
-1.668187887921679,0.4496209213775977,2
-1.6605530220908964,0.4508199745739123,2
-1.6523444853864948,0.4505745128654599,2
-1.6465418744761138,0.45025676082103594,2
-1.6411817869195957,0.4530897689819895,2
-1.636372797756687,0.45322857154252816,2
-1.632270025672172,0.4531028203118872,2
-1.6254769807150407,0.45232207894753174,2
-1.620515540127144,0.45002584554958247,2
-1.616833434522766,0.44891068949128154,2
-1.6124461364580878,0.44805801892292507,2
-1.6084785453105752,0.4462178805074313,2
-1.6028143518292541,0.4441792080726543,2
-1.5981426253670836,0.4425994211855091,2
-1.5920609368425698,0.4415437516935974,2
-1.588953754422807,0.4418705826163336,2
-1.5847220141649476,0.4434466774423935,2
-1.5803382290765704,0.4425869155554949,2
-1.5748302114256774,0.44297576096835556,2
-1.5693226491605987,0.4433636871362232,2
-1.5632446687777417,0.44230053236363176,2
-1.5587286627601813,0.4431491825691207,2
-1.5544980934944164,0.4447229136223356,2
-1.5492773016110313,0.4458332285633002,2
-1.5464569871556435,0.44688225127806014,2
-1.5429315940864008,0.44819352967151715,2
-1.539691101064248,0.4502309723085851,2
-1.5371555565457111,0.4520064219083846,2
-1.533073941992411,0.4560222474084483,2
-1.5281503764552244,0.46201813011060544,2
-1.5243515313939398,0.46676442060765666,2
-1.519277742569514,0.4703207696168814,2
-1.5154772386027506,0.47507040879213136,2
-1.5109703549197988,0.48008493006034136,2
-1.5084325009446147,0.48186504154547727,2
-1.5066000183313033,0.4833823064087177,2
-1.5005343317200026,0.48647862081406323,2
-1.4979960223590005,0.48825965154419926,2
-1.49461381036061,0.49202467909784176,2
-1.4899582809770013,0.4945964821458091,2
-1.486858496931264,0.49909266413018116,2
-1.483618880507672,0.505312622730429,2
-1.480090072044801,0.5066307954613443,2
-1.4796675514938364,0.5076239429293405,2
-1.4783997946755854,0.5106037792954723,2
-1.4731795378514043,0.5158972996333624,2
-1.4676752104328727,0.5204629813885351,2
-1.465699951697676,0.5237099651299406,2
-1.4628759941557465,0.524766341804666,2
-1.4606174454876033,0.5272839111147913,2
-1.4563813140093576,0.5288688700890223,2
-1.451580163988023,0.5289918485035656,2
-1.4463558428645538,0.5301092875932447,2
-1.443531950377741,0.5311655329472575,2
-1.4394375866670668,0.5310228085143791,2
-1.4354840945705973,0.5333384951270226,2
-1.4329423535521872,0.5351264530247981,2
-1.4284245259913568,0.535978780210268,2
-1.4260247153783094,0.5360387263991537,2
-1.424330926678305,0.5358345127590045,2
-1.4213675775260786,0.5344294908419762,2
-1.4196740002552009,0.5342248504095046,2
-1.4176986943741845,0.5332876438486309,2
-1.4175590913347555,0.5308266720491943,2
-1.4179830430982907,0.5298306355254976,2
-1.4177012169054724,0.5290982663781634,2
-1.4123398298921295,0.5277496121605747,2
-1.4093777493146806,0.5263420294896299,2
-1.4042992131122443,0.5257236761181385,2
-1.3982342600165207,0.5246342243726438,2
-1.3978101944065333,0.5256304907075915,2
-1.3982342600165207,0.5246342243726438,2
-1.4006323304051946,0.5245777910128435,2
-1.3988007927365889,0.5219088629329232,2
-1.3997877788621516,0.5223788122506701,2
-1.3954160452341604,0.5214947232015774,2
-1.3941477696204938,0.5202913213406042,2
-1.3907672523461674,0.5156843569700627,2
-1.3869633525405796,0.5120722800669686,2
-1.2819963540616577,0.4687230774737543,2
-1.2791819596218943,0.4697601500035731,2
-1.2756739867056837,0.46685197848314,2
-1.2701907225267188,0.4671908563644589,2
-1.266114818205434,0.46701086967909333,2
-1.2604983914436048,0.4648757750103307,2
-1.2553071687563069,0.46174211589413794,2
-1.2499716736794397,0.46034119603251966,2
-1.2475831338653762,0.46037839090777055,2
-1.2432306728157272,0.45945539809726377,2
-1.2402848885450286,0.45801491958755136,2
-1.2378968691718981,0.45805106389709493,2
-1.236212009286671,0.4578288264889956,2
-1.2332668593033613,0.45638706760232495,2
-1.2313035886189425,0.4554255667094296,2
-1.230043396103536,0.4542058482497904,2
-1.2286503662808457,0.4505115006364928,2
-1.2276814996508172,0.4458206897071797,2
-1.2271364546740937,0.44013410489559845,2
-1.2261670838669119,0.4354443117018185,2
-1.2244950577489817,0.43101188249014477,2
-1.2231017026507072,0.4273181914804187,2
-1.2224106450600374,0.4233678587525027,2
-1.2210172086428663,0.4196743318936704,2
-1.2199024595091288,0.41671951040660105,2
-1.2178069532772646,0.41328216564345155,2
-1.216692269198644,0.41032721283566786,2
-1.2148756454155585,0.4076281794821419,2
-1.2137610263920564,0.40467309535364393,2
-1.2109535277946684,0.40569624788782477,2
-1.209415932834382,0.40373523047231963,2
-1.2071766583901002,0.4020296072282168,2
-1.203534122560498,0.40083457534585065,2
-1.201852222683085,0.4006063628452843,2
-1.2005936565455961,0.39938336136779995,2
-1.1973751050070867,0.3971922273013835,2
-1.19751993036515,0.3954583718207374,2
-1.1965399701921982,0.3949742398659115,2
-1.194724956523256,0.3922719563247252,2
-1.1964172506010904,0.38829490154847335,2
-1.1958603964751582,0.38681644023923134,2
-1.1953035423492242,0.3853379789299858,2
-1.1961493641125536,0.3833501081454287,2
-1.195448026167922,0.3836048128830871,2
-1.1947466882232884,0.383859517620742,2
-1.1941898340973545,0.3823810563114982,2
-1.191952039656977,0.38067244552116364,2
-1.188590354193444,0.38021175259683915,2
-1.1848059855411517,0.38074453544229314,2
-1.1799091121566505,0.37831796623605385,2
-1.175435995370341,0.37489575446826606,2
-1.1712416959776917,0.3722119854308179,2
-1.1671810470812876,0.3720012040380958,2
-1.1640994963775348,0.3722762945996614,2
-1.163120723460466,0.371789766041811,2
-1.1633985975549397,0.37253011292249916,2
-1.1648003952001282,0.37202247627682183,2
-1.1611632752090024,0.37081651194504595,2
-1.1586503389890535,0.36836203880405094,2
-1.1568383829105997,0.36565358318932084,2
-1.1546036623244902,0.36393876749526655,2
-1.151813681462814,0.36074227313448226,2
-1.1502799572819704,0.3587734421365205,2
-1.1480458384556922,0.3570574117258616,2
-1.1460895611963302,0.35608179385624616,2
-1.1434329868742026,0.3553587795928763,2
-1.138675423781109,0.3553937731292862,2
-1.1339182510187094,0.3554279787414174,2
-1.1305621277676572,0.3549560578960751,2
-1.126783223745175,0.35547780980158805,2
-1.1234275884075036,0.35500490405089025,2
-1.1209183928567743,0.35254287996885836,2
-1.1182635262314573,0.3518164185367567,2
-1.1160319282909565,0.3500952994484443,2
-1.1143546147992751,0.3498578288375658,2
-1.1132313905910625,0.3511044006662605,2
-1.1105770606704652,0.3503768558382685,2
-1.1077922028992297,0.34717001997128527,2
-1.1047307721358521,0.34322021080934384,2
-1.100546914089449,0.3405153647973549,2
-1.0977632273103133,0.3373061651575284,2
-1.0941339789883138,0.3360843110194036,2
-1.0906514100952034,0.33312485876029463,2
-1.0856238608405437,0.332403582779488,2
-1.0839481411992224,0.3321628948111268,2
-1.0805968970819304,0.3316811249122651,2
-1.079344413597859,0.3304458449480556,2
-1.0786449134602716,0.3306968398755501,2
-1.078921372605956,0.331440042981761,2
-1.0762700026931729,0.3307065230612949,2
-1.0726430313002595,0.3294800726981961,2
-1.0704152228203085,0.3277513041783138,2
-1.0697497660636053,0.31956500795677734,2
-1.0697823944956948,0.31113057303326563,2
-1.0693912988571608,0.3036917150109506,2
-1.071925348753524,0.29773499699474826,2
-1.0722308745636564,0.2900509549865138,2
-1.0728119324840613,0.2831119874046557,2
-1.0690698366849194,0.27519086703080475,2
-1.0637867939414676,0.26949978105100847,2
-1.060177649296067,0.2640530600195543,2
-1.0569904071780165,0.2576144390668933,2
-1.0588201753857192,0.25191836805063517,2
-1.059662484172744,0.2499375885846149,2
-1.0598068866725505,0.24820458668860645,2
-1.0591210660187809,0.24424368264324592,2
-1.0612141505930612,0.24350163031017047,2
-1.0601070779631048,0.24053131297888974,2
