0.3814695168665345,7.686218427517918,6
0.3822919343893876,7.68653256630002,6
0.38311435191223353,7.686846705082118,6
0.3828324864651531,7.687764678988756,6
0.3833730569209166,7.688996823639407,6
0.3839136457566674,7.690229000251961,6
0.3847360908495041,7.6905431869769245,6
0.3852767072552439,7.6917754115323405,6
0.3852767072552439,7.6917754115323405,2
0.3852997666036799,7.688707143277917,2
0.3894348768063711,7.687209505010173,2
0.3913844436576639,7.683851204813259,2
0.39359271551763797,7.6826430231736325,2
0.3971638283162875,7.6829808692714785,2
0.4007348675949629,7.683318587521683,2
0.4048691598880083,7.681819526948967,2
0.40872160511395705,7.681238472244804,2
0.41475912500151324,7.682517264441117,2
0.4194335098705224,7.682249517509401,2
0.4232854772166874,7.6816676317955945,2
0.4276780793485777,7.682318002599111,2
0.43209256450942135,7.679898059586009,2
0.4364848541814528,7.6805478870370685,2
0.4397953596422397,7.678732306520011,2
0.4422835762401238,7.676602810954211,2
0.4444903960807274,7.675392104323745,2
0.446156333005705,7.672948709690175,2
0.4458968284673652,7.670797200789831,2
0.447843996729695,7.667434729563748,2
0.44840655130435714,7.66559673618827,2
0.449791091472056,7.664072130490023,2
0.4514350626581187,7.664698905844482,2
0.45307903384419035,7.66532568119894,2
0.4550042179876126,7.665033347998978,2
0.45636697621632116,7.666579231907857,2
0.4585732997971377,7.665367662305833,2
0.46242344752409004,7.664782612363002,2
0.46737647215157274,7.663591282209559,2
0.4706854336930242,7.661773016892109,2
0.4723504975683763,7.659328104067839,2
0.47455630650942027,7.658115639532358,2
0.4767620419304919,7.656903047149239,2
0.47950852241724995,7.656922903054902,2
0.4800493593828925,7.658155511153236,2
0.4806113257978115,7.656316494996656,2
0.48420058129702426,7.653577523029327,2
0.482297225042565,7.650799446526932,2
0.48394073672883486,7.651425422833661,2
0.48394073672883486,7.651425422833661,2
0.4842217015563026,7.650505882793464,2
0.48530330196762606,7.652970971142487,2
0.4844815369344957,7.652657967008171,2
0.4844815369344957,7.652657967008171,2
0.4842217015563026,7.650505882793464,2
0.48231844639179755,7.647727982081573,2
0.48095600062295674,7.646182641525158,2
0.47987462077153786,7.643717936719042,2
0.4815180221778501,7.644343721254309,2
0.4826207244684575,7.643737137405566,2
0.48344241598162085,7.644050013692244,2
0.48346372923081127,7.640978709056434,2
0.482923076065088,7.63974642057719,2
0.4837447308182643,7.64005923294005,2
0.4837447308182643,7.64005923294005,2
0.4823824412793538,7.63851416405986,2
0.4821014213119099,7.639433608214333,2
0.4821014213119099,7.639433608214333,2
0.4810201885004286,7.636969159103494,2
0.4810201885004286,7.636969159103494,2
0.4799175045898103,7.6375757749141435,2
0.47937691575405594,7.636343598301586,2
0.4780147181151069,7.634798689230948,2
0.4780363438241668,7.6317279279475905,2
0.47695534995257916,7.629263894341577,2
0.47833911816061203,7.627737946243133,2
0.47695534995257916,7.629263894341577,2
0.47669599245417515,7.627112641136506,2
0.47669599245417515,7.627112641136506,2
0.4758962574899286,7.623729578880841,2
0.4756370010814841,7.621578501466274,2
0.4758962574899286,7.623729578880841,2
0.47699891383055437,7.623122915127322,2
0.4758962574899286,7.623729578880841,2
0.47699891383055437,7.623122915127322,2
0.47782043992378753,7.6234355037568164,2
0.47946349211025385,7.624060681015813,2
0.4800039339060742,7.62529260193309,2
0.480285018203487,7.624373269645304,2
0.478360863339617,7.624667392712194,2
0.47892306869443146,7.622828792060435,2
0.480285018203487,7.624373269645304,2
0.48056610250090515,7.623453937357514,2
0.4814093553931471,7.6206959404941585,2
0.4808471867983162,7.622534605069728,2
0.48002567908507743,7.622222048402147,2
0.4803067725724901,7.621302732095312,2
0.4805878660598992,7.620383415788481,2
0.47946349211025385,7.624060681015813,2
0.4753558616440934,7.622497737868336,2
0.5001986520611972,7.6432433285708505,2
0.4993770248780116,7.642930564150852,2
0.49883624305233454,7.641698051938249,2
0.49855539769481894,7.6426177997308535,2
0.49993869721305373,7.641091036603726,2
0.49993869721305373,7.641091036603726,2
0.4993770248780116,7.642930564150852,2
0.49911708840985725,7.640778304145638,2
0.49801462505914706,7.641385303499206,2
0.4977337705116298,7.642305035310859,2
0.49855539769481894,7.6426177997308535,2
0.498274552337298,7.643537547523465,2
0.498274552337298,7.643537547523465,2
0.498274552337298,7.643537547523465,2
0.49855539769481894,7.6426177997308535,2
0.4993770248780116,7.642930564150852,2
0.5001986520611972,7.6432433285708505,2
0.49855539769481894,7.6426177997308535,2
0.5004794790387255,7.642323548816332,2
0.5004794790387255,7.642323548816332,2
0.4996578610455309,7.642010800377289,2
0.5004794790387255,7.642323548816332,2
0.5001986520611972,7.6432433285708505,2
0.5010411329937767,7.640483989307299,2
0.5015819148194485,7.641716501519902,2
0.4993770248780116,7.642930564150852,2
0.49855539769481894,7.6426177997308535,2
0.49911708840985725,7.640778304145638,2
0.49993869721305373,7.641091036603726,2
0.49993869721305373,7.641091036603726,2
0.5001986520611972,7.6432433285708505,2
0.5001986520611972,7.6432433285708505,2
0.502684332220177,7.641109422261561,2
0.5059707306729813,7.642360288170089,2
0.5089970180477046,7.6414585904352705,2
0.5125640504881179,7.641789340989234,2
0.5155901264929348,7.6408872756924495,2
0.5213816987346949,7.636929766426853,2
0.5260706789657998,7.633579032781455,2
0.5282747418075964,7.632363531864584,2
0.534585810195825,7.632709887390266,2
0.5403556832085581,7.631823011560382,2
0.5434006646836096,7.627845454617663,2
0.544241987676692,7.625084101753821,2
0.5475671528295436,7.6201856463897535,2
0.5497904795514188,7.615895277084174,2
0.5528348820567199,7.611916713341305,2
0.5547775931709786,7.608546491352204,2
0.5561594774298193,7.607017267158053,2
0.5592034939552875,7.603038032215089,2
0.5605852587441831,7.601508600268531,2
0.561966986773097,7.599979104398145,2
0.5608856436816652,7.59751446351585,2
0.5622673533305811,7.595984935683568,2
0.5619870042328508,7.596905546447726,2
0.5600847507779143,7.594129387659898,2
0.5595239974424757,7.595970513302493,2
0.5589833810367342,7.59473828874707,2
0.5576217991275154,7.593194450400393,2
0.5581826076029355,7.591353420643525,2
0.5581826076029355,7.591353420643525,2
0.5581623879632698,7.594426627012943,2
0.5603449997059347,7.596282191017568,2
0.5587029951790186,7.595658835587415,2
0.5587231780586954,7.592585565294172,2
0.5592839681541211,7.590744503575397,2
0.560125153297264,7.587982910997237,2
0.5615068537561907,7.586453367183992,2
0.5623480113293429,7.583691726662966,2
0.5640100241260164,7.581241508161746,2
0.5642904007937339,7.580320945340446,2
0.5637702889175351,7.576016009825196,2
0.5637906923571201,7.572943123074872,2
0.5643515008325366,7.571102093318007,2
0.5632708194208149,7.568638603064443,2
0.563852233515739,7.563725038138259,2
0.5649739607465243,7.560043170395986,2
0.5660956879773149,7.5563613026537055,2
0.5666772674921585,7.551448025384705,2
0.5669577084898538,7.550527574430092,2
0.5675185904852391,7.548686672520866,2
0.568079472480628,7.5468457706116325,2
0.5683391424388944,7.54899756716916,2
0.5697205396279479,7.54746749598441,2
0.5691596943925425,7.549308461817457,2
0.5697205396279479,7.54746749598441,2
0.569440117010247,7.548387978900937,2
0.5683391424388944,7.54899756716916,2
0.569440117010247,7.548387978900937,2
0.5691804378619842,7.546236166362455,2
0.5686195742465898,7.548077100233595,2
0.5678198392823433,7.544694037977926,2
0.5675602428440438,7.542542369268038,2
0.5656387714590103,7.54284115877369,2
0.5650778159436598,7.544681932835282,2
0.5653582937013315,7.5437615458044895,2
0.5656387714590103,7.54284115877369,2
0.56509875240301,7.541609972980332,2
0.564018769430989,7.539147697279326,2
0.5631982909973061,7.538836930478666,2
0.562118399925243,7.536374814587205,2
0.5615784819591987,7.535143804584344,2
0.5607580310955012,7.534833085726547,2
0.5599375802318018,7.534522366868746,2
0.5607792616347282,7.531761637262143,2
0.5607792616347282,7.531761637262143,2
0.5604987011670843,7.532681880464342,2
0.5599588383410197,7.531450966347208,2
0.5588578361996799,7.532060506672568,2
0.5585985797912301,7.5299094292580016,2
0.5594189938949476,7.530220084191981,2
0.5602394079986581,7.5305307391259575,2
0.5588578361996799,7.532060506672568,2
0.5594189938949476,7.530220084191981,2
0.5580374037159714,7.531749819776685,2
0.5580374037159714,7.531749819776685,2
0.5582966785044121,7.533900929153159,2
0.5561159323309397,7.532048609282334,2
0.5547556737811501,7.530507072193135,2
0.5531148088137421,7.529885698401358,2
0.5517546054039268,7.528344257197883,2
0.5506751186916929,7.5258828444684305,2
0.5501354029055605,7.524652186046573,2
0.5490343088642575,7.525261566562381,2
0.5498547137779752,7.5255722055154095,2
0.5501354029055605,7.524652186046573,2
0.5506751186916929,7.5258828444684305,2
0.5501354029055605,7.524652186046573,2
0.5512364785668709,7.524042773568848,2
0.5526182065957848,7.522513277698465,2
0.5523591983172338,7.520362631769679,2
0.5507402715187446,7.516671040047008,2
0.5499418047739439,7.513290183163093,2
0.5513235328028578,7.511760687292707,2
0.549682980295314,7.511139856853397,2
0.5491434483091062,7.509909518050627,2
0.5486039347028893,7.50867921120977,2
0.5491654416180047,7.506839396005461,2
0.5486259647717713,7.505609153088422,2
0.5489067274193253,7.504689261467224,2
0.5480865063055322,7.504378942133293,2
0.5494682527144334,7.502849478224821,2
0.5500297780095398,7.501009694982425,2
0.5489509713570051,7.498549464843613,2
0.5503326810059335,7.497019937011331,2
0.5492539662533602,7.494559866682071,2
0.549557034669677,7.490570396368167,2
0.5487593031245641,7.48719081796062,2
0.5485008921957526,7.485041210793884,2
0.5485233541944456,7.481971903777406,2
0.5488267166906358,7.477982944854052,2
0.5491301527067964,7.473994113778328,2
0.550230943478228,7.473384205891012,2
0.5510734795507854,7.470624962513188,2
0.5519160156233411,7.467865719135364,2
0.5543982587238094,7.465725835949026,2
0.5563187743492524,7.465425384424083,2
0.5582392532147118,7.46512486897532,2
0.5596206504037688,7.46359479779057,2
0.5615635545079432,7.4602249114015144,2
0.5632256224445946,7.457774788786018,2
0.5648876352412682,7.455324570284802,2
0.5657073600952778,7.455634026647175,2
0.5657073600952778,7.455634026647175,2
0.5657073600952778,7.455634026647175,2
0.5632481855332472,7.454705657560044,2
0.5638097292083515,7.452865906279552,2
0.5643486730348108,7.45409522230122,2
0.5648876352412682,7.455324570284802,2
0.5662688486304042,7.453794179480955,2
0.5665495928979656,7.452874255897843,2
0.5660106490714991,7.451644939876179,2
0.5665721559866181,7.449805124671869,2
0.5665947742152451,7.446736089331626,2
0.5660559039087509,7.445506901157589,2
0.5665947742152451,7.446736089331626,2
0.564955489927149,7.446117464264052,2
0.5682566767319663,7.444285679058943,2
0.5682566767319663,7.444285679058943,2
0.5674370621579072,7.443976414468022,2
0.5657978330097873,7.443357885286176,2
0.5660559039087509,7.445506901157589,2
0.565494360233652,7.447346652438082,2
0.5643939278720573,7.447957183582631,2
0.5627546068239795,7.447338494591246,2
0.5619349462999423,7.447029150095549,2
0.5602956252518663,7.446410461104165,2
0.5592179949188214,7.443952276527561,2
0.5581404381057489,7.441494219798592,2
0.556782072695146,7.439955974786052,2
0.5559624581210869,7.4396467101951345,2
0.553761409597989,7.440867452865142,2
0.5534804999104974,7.441787088791067,2
0.5520990200114753,7.443317016147223,2
0.5493590919918869,7.443308554662245,2
0.5490781455444136,7.444228126664353,2
0.5471578229088809,7.444528913789345,2
0.544136773831891,7.445439720668336,2
0.5438790705327747,7.443291344035114,2
0.5446987586268008,7.44360073647367,2
0.5306694709956119,7.450610046911478,2
0.5312316947304172,7.448771478221637,2
0.5293110044950495,7.449071626108438,2
0.5273902774996966,7.449371710071425,2
0.5246497061803765,7.449362129919621,2
0.5213704759244813,7.448123729155746,2
0.5202933234712326,7.445666375588786,2
0.517576702929972,7.442590077335161,2
0.5156799818526512,7.439823539082052,2
0.5129394013433366,7.4398139429493,2
0.5110428181159499,7.437047644410512,2
0.5086080078817936,7.433053276364518,2
0.5078127943955941,7.429678076738561,2
0.5059165971480368,7.426912449399872,2
0.5032008588463963,7.423837685317896,2
0.5026626869795958,7.422609711696424,2
0.500741904844265,7.422909699773683,2
0.49910260217617974,7.422291042744202,2
0.4991275270938136,7.419226018623579,2
0.4974882795657045,7.41860745747983,2
0.4955674698603829,7.41890739761422,2
0.49364662339508314,7.419207273824792,2
0.4922889380441795,7.4176702114029,2
0.4903680548188962,7.417970023689659,2
0.4879091283867574,7.417042086088305,2
0.48545020195461497,7.4161141484869475,2
0.4821716333784263,7.414876898351814,2
0.4816337096415211,7.413649356216112,2
0.4805323490903355,7.4142582732842435,2
0.47779166749106494,7.41424850136098,2
0.47671591191721774,7.411793576899132,2
0.47620381371755194,7.407502576776373,2
0.47566601864059166,7.406275258374038,2
0.4748464316365215,7.405966041725982,2
0.4740268446324496,7.40565682507793,2
0.4726695085013972,7.404120369932311,2
0.4702368211563215,7.400129693486857,2
0.4680600726311219,7.398284325331321,2
0.46560144946885096,7.397356915101476,2
0.46314282630657644,7.396429504871623,2
0.4601466561972405,7.394275207725222,2
0.4579700822819639,7.392430143207829,2
0.4558202253335537,7.387523170855978,2
0.4558469423004041,7.384461263021514,2
0.4539527576619804,7.3816991355119015,2
0.45095712976240954,7.37954578124182,2
0.4504198401352255,7.378319341791997,2
0.4488080815336417,7.374640215213979,2
0.44801585479615014,7.371270209398297,2
0.44555775546364806,7.37034371008286,2
0.4458672844471714,7.3663654743801,2
0.4461495083040976,7.365448123730694,2
0.4442835294118872,7.359626677301279,2
0.44239028215305964,7.356866179849039,2
0.44049714517418437,7.354105874168262,2
0.4383217751483883,7.352262903155932,2
0.43727594385000756,7.346751648212813,2
0.43538319285096705,7.343992013732127,2
0.43402728116929623,7.342458035634486,2
0.4310331144790922,7.3403072223362,2
0.42857567682630915,7.339381873649508,2
0.42693738505778356,7.338764974525045,2
0.42422587415431323,7.335697561682224,2
0.4223336194150562,7.332938790173095,2
0.4209779834332714,7.3314052915040975,2
0.41933978356470725,7.33078855218918,2
0.41744774019535846,7.328030148242007,2
0.41580957708678135,7.32741347285091,2
0.41388874900147066,7.327713381023393,2
0.41278698409045766,7.328321594929513,2
0.4114314767686178,7.326788319993881,2
0.4089742045357614,7.325863258964372,2
0.4062341846162081,7.325854637669849,2
0.4026750004324029,7.325537534851186,2
0.3993985639352928,7.324303992297537,2
0.3958392694715336,7.323986697707415,2
0.3944839091896295,7.32245367846706,2
0.39640498540483016,7.32215420178035,2
0.3947667855362713,7.321537462465432,2
0.3933819145287192,7.3230614928493125,2
0.39227990148781444,7.323669275269658,2
0.389822518975004,7.32274402246869,2
0.3876480863288059,7.32090268151374,2
0.3857268814536585,7.32120193446708,2
0.3849077539493919,7.320893516866757,2
0.38273337644316285,7.319052271797538,2
0.38081211642804114,7.319351428865147,2
0.3783547339152342,7.318426176064175,2
0.37674658698208674,7.314753330001352,2
0.3767767501974504,7.311697415024902,2
0.37296452204251196,7.309240037917039,2
0.37022417128310536,7.30923084130815,2
0.36886920617102525,7.307698509248844,2
0.3672310798224334,7.307081897781565,2
0.3636715923687639,7.306764267591397,2
0.36011203139511494,7.3064465095535915,2
0.35711901345441177,7.304297693874641,2
0.35466179636153683,7.30337272873086,2
0.35302365163295235,7.302756085301674,2
0.3516378524357986,7.304278501609126,2
0.34807808928224127,7.303960391990316,2
0.3470067265264909,7.30151310642481,2
0.34508512648151246,7.301811672197097,2
0.3429113187550463,7.2999714179470665,2
0.3418087635043783,7.300578257491086,2
0.3390679900051463,7.300568325758277,2
0.3357915902680233,7.299334847128442,2
0.33279876531723573,7.2971863670495445,2
0.33116058382866775,7.296569659696541,2
0.32898693233213194,7.294729677122735,2
0.32571060611497415,7.293496326340538,2
0.3224342798978146,7.292262975558344,2
0.32054447888750204,7.289508470964115,2
0.32029287774574655,7.287370705684804,2
0.32139564436632284,7.2867642337027405,2
0.32086033977828876,7.285541246139129,2
0.3203250535702402,7.284318290537421,2
0.3214278018108274,7.283711786593454,2
0.32035728453471535,7.281265971275779,2
0.3184678695042269,7.278512137881641,2
0.31764889822988884,7.278203991957547,2
0.31682992695555257,7.277895846033456,2
0.315475798133118,7.276364968241026,2
0.315792127713701,7.272398558444728,2
0.3150058009536565,7.2690388124019485,2
0.3144707536855069,7.267816272305065,2
0.31503845465794456,7.265987228264212,2
0.3147873038259963,7.263850246051682,2
0.31396845202160684,7.263542307880002,2
0.3142851124420467,7.25957647339807,2
0.3123964785612259,7.256823998385084,2
0.3116106572509594,7.25346513129481,2
0.3110758213527216,7.2522429587598864,2
0.31139283099301274,7.248277731554232,2
0.3125286005377319,7.244620282710713,2
0.31224465815155256,7.245534644921591,2
0.3111751885349783,7.243090651432752,2
0.3101057924383763,7.240646785791547,2
0.3096044649140577,7.236374515347677,2
0.3107404550186814,7.232717450047073,2
0.3096713162419711,7.230274031872593,2
0.31080737986656004,7.22661709441963,2
0.31137541167885985,7.224788625693144,2
0.311408975192748,7.221738623669921,2
0.3119770253850369,7.219910186905349,2
0.3117266281327602,7.217774515131101,2
0.31339715086575737,7.215339094993912,2
0.3159196661772228,7.210160875881275,2
0.3167380309118215,7.21046796706236,2
0.31784039317257395,7.209860791918292,2
0.31784039317257395,7.209860791918292,2
0.3153853265387614,7.208939566317902,2
0.31374861544955657,7.208325415917649,2
0.31293025990495593,7.208018340717519,2
0.31374861544955657,7.208325415917649,2
0.3143167024018272,7.206497043076894,2
0.3140664705694842,7.204361658959826,2
0.3129640899287338,7.2049688021419875,2
0.3116115142156257,7.203440625130895,2
0.31025897526249935,7.201912512043624,2
0.31057709689230606,7.197949218533491,2
0.30950880359523225,7.195507270606846,2
0.3092588198927775,7.193372317975562,2
0.3079065014995539,7.191844588431202,2
0.3060201834977292,7.189096140618798,2
0.3033157856511828,7.186041097034902,2
0.30142970658925705,7.183293064727323,2
0.2989751913552112,7.182372797984218,2
0.29602160933586497,7.17718419211209,2
0.2946696769224779,7.175657133767832,2
0.29303342533306953,7.175043782415308,2
0.2902946644429747,7.175037350511577,2
0.2884090816408307,7.172290181175544,2
0.2889427963595601,7.173510404034001,2
0.288124670564855,7.173203728357738,2
0.28648841897545196,7.172590377005214,2
0.28431849861730285,7.170756882699013,2
0.28189951355629894,7.166790033856991,2
0.2808323598187279,7.164350067568723,2
0.2791962185092771,7.1637369079876585,2
0.2770265646610106,7.1619038771291414,2
0.2756750182274601,7.1603774899849775,2
0.27322086140325297,7.159457846499105,2
0.2715847568537839,7.158844750841858,2
0.26941525004545674,7.157011975678618,2
0.2680638322718458,7.155485812267816,2
0.2667124512582202,7.153959712780839,2
0.26536110700457805,7.1524336772176795,2
0.2623737868614082,7.150294769730635,2
0.2610225345077257,7.148768893977021,2
0.2602408762656676,7.145417266259219,2
0.25807177381716073,7.143585194257984,2
0.2567206776934139,7.142059590180597,2
0.2548365285306513,7.139314913873498,2
0.25487317988321045,7.136270281451058,2
0.25434014522418735,7.135051241183248,2
0.25437688847671147,7.132006768570353,2
0.2541287979134381,7.129875108015728,2
0.25469857582497824,7.128049675670631,2
0.2560861670713557,7.126530375649342,2
0.2561230206038303,7.123486094807898,2
0.25477235640989626,7.121961241835386,2
0.25423949636080323,7.1207425052057225,2
0.25370665469169573,7.119523800537962,2
0.25537916246383574,7.117091832286988,2
0.25537916246383574,7.117091832286988,2
0.2564818004244689,7.116485136571562,2
0.25758442000511295,7.115878408894222,2
0.25950472426064763,7.115577589807323,2
0.2600744837921951,7.113752125500323,2
0.2611770390428667,7.113145285956303,2
0.2578693181508811,7.114965708702627,2
0.25897191016153087,7.114358933082432,2
0.25623391204110746,7.114353827597938,2
0.2570516150959925,7.114659768150283,2
0.25427650612320285,7.117698496040507,2
0.25292597058921196,7.116173866801354,2
0.25129050933946573,7.115561889810934,2
0.2518604342909434,7.113736713161117,2
0.25296309982156373,7.113130065388553,2
0.25296309982156373,7.113130065388553,2
0.25406574697219675,7.112523385654079,2
0.25488344083708725,7.112829310225472,2
0.25737357814414175,7.110703154679211,2
0.25741068899650443,7.107659321304499,2
0.2563452997381681,7.105222423359535,2
0.25499502152406706,7.103698241587114,2
0.25556494647554473,7.101873064937298,2
0.2531121681507411,7.1009558185946275,2
0.25147698260087736,7.100344321032846,2
0.2520469994523147,7.098519304192575,2
0.2537195715544236,7.096087447808284,2
0.2540420584323453,7.092131745251624,2
0.25187456423314813,7.090302469917461,2
0.25109472561029733,7.086954006428684,2
0.24974485175602013,7.085430527818271,2
0.24786266006241142,7.082689255454522,2
0.24736824341509944,7.078429002688573,2
0.24466891844636507,7.075382780591667,2
0.2427871127325858,7.072642179428012,2
0.24172277113380147,7.070207103311883,2
0.23902383214489475,7.067161552415069,2
0.2395943084961356,7.065337334622534,2
0.2379596743460315,7.064726795918034,2
0.2368570915253727,7.065333587519188,2
0.23522243899527773,7.064723016852781,2
0.2324851485045425,7.064719141901804,2
0.22950115513993552,7.062586019520353,2
0.22761992839591727,7.059846425156845,2
0.22708800572640975,7.058629318584558,2
0.22627070703135566,7.058324081194215,2
0.2251680047407465,7.058930665042961,2
0.22324796699509442,7.059231947577544,2
0.22218421355605855,7.056797894242518,2
0.2203032533219158,7.05405876332669,2
0.21813690787221773,7.052231485611863,2
0.21543888788291454,7.049187532810514,2
0.21629548464938964,7.046452740293361,2
0.21494658493469387,7.0449309556641495,2
0.21331215296450168,7.044320768540651,2
0.21167772099430593,7.043710581417159,2
0.2086944812093776,7.04157876947399,2
0.20734571015462144,7.0400572085781405,2
0.2046482783250667,7.037014278557905,2
0.202482447515143,7.035187895776531,2
0.2000309374097995,7.034272854805607,2
0.19651664800498914,7.030925454480851,2
0.1962710755006256,7.028798172707813,2
0.19575740206244951,7.024594634769201,2
0.1954394701408031,7.022630271036093,2
0.1932377416786224,7.020886251828539,2
0.19185311458308973,7.019447180769642,2
0.1904684848919107,7.0180082620052175,2
0.1899009591630172,7.0168741390949805,2
0.18933343213629783,7.015740092331971,2
0.18769921772262066,7.01513088135977,2
0.18581542637337733,7.015350921296385,2
0.18418121325752246,7.014741634176946,2
0.1811623600679102,7.012694037470961,2
0.17952814565423658,7.012084826498757,2
0.17864264257994655,7.008989005008626,2
0.17612290951812604,7.005284886313117,2
0.1733535956272707,7.002410246968118,2
0.17058427135384235,6.999536216800998,2
0.1691996053236693,6.998099430159144,2
0.16756537663395576,6.997491056806524,2
0.16667982424245587,6.994398128911314,2
0.165045591659279,6.993789984000401,2
0.16447803218703072,6.992657840918259,2
0.16416002758738912,6.990697741430296,2
0.16309335382754497,6.991221777675136,2
0.16384202039210116,6.988737794236808,2
0.1635240106011775,6.986777999337786,2
0.16320599821460746,6.984818356733232,2
0.16313753680718435,6.982030986164556,2
0.16281951858041666,6.9800716862225585,2
0.1608672444096868,6.977505612019872,2
0.16048073946797636,6.9727604263802725,2
0.15852844518101428,6.970195532459723,2
0.15707523468284457,6.965976248672213,2
0.15807341783427553,6.962666555171484,2
0.15643914501863776,6.962060770824845,2
0.15530395858742274,6.959800444316777,2
0.15555350177964122,6.9589731732360605,2
0.15686972781644748,6.957621332879871,2
0.1570507609329308,6.954009546751781,2
0.15641464401447358,6.95009566799634,2
0.1557785167134469,6.946182398418774,2
0.1557099891171312,6.943398911359072,2
0.15670814890777862,6.940090588508568,2
0.15770630869842428,6.93678226565806,2
0.15763777201736318,6.933999311628995,2
0.1575692314428263,6.931216586041643,2
0.1558663661398043,6.9278311219970306,2
0.155797813884881,6.925049081734784,2
0.15434446322200301,6.9208380218486205,2
0.15484353143692964,6.919184545748482,2
0.15402636517921842,6.918883404961562,2
0.15264156482453473,6.917454499558499,2
0.15043959431866938,6.915724681810218,2
0.1476699793332532,6.912867708623679,2
0.14521847277319466,6.911964743146317,2
0.14244884351174747,6.909108607579352,2
0.14081450320939837,6.908506782888917,2
0.13861251258730256,6.906778145422777,2
0.1377953417872142,6.906477271151175,2
0.13754582260469306,6.907303133508044,2
0.13641051807174343,6.90504973639834,2
0.13584286385853517,6.903923152064337,2
0.13559334662274658,6.904748900200357,2
0.1339590037247511,6.904147227804387,2
0.13150748937776058,6.903244719210441,2
0.12905597503077715,6.902342210616489,2
0.12553777978592784,6.901964157077163,2
0.12497011778578937,6.9008380296265734,2
0.12390343818575822,6.901362408533963,2
0.12201958973237126,6.901585798948904,2
0.12038524943001505,6.900983974258466,2
0.11573173018489769,6.898353665817954,2
0.11352971749983709,6.896626322854807,2
0.11051052882340962,6.894598410208992,2
0.10862668880585957,6.894821305666905,2
0.10560749623596877,6.8927936214628005,2
0.10315597994224213,6.8918912270896975,2
0.10152163574643147,6.891289630840969,2
0.09931960748751756,6.889563201644631,2
0.09630040193940914,6.887536278912865,2
0.09246401715537544,6.885208976866529,2
0.08969428017475778,6.88235916152005,2
0.087741709451846,6.879810486960487,2
0.0855396552365022,6.878085580708849,2
0.08358707088646611,6.875537705695255,2
0.08163447874950691,6.872990287565067,2
0.07886469764295789,6.870143061224567,2
0.07634437277459583,6.866473665668082,2
0.07552718964520722,6.866173514795211,2
0.0735745683072615,6.863627809977807,2
0.07243912490742588,6.861382560622211,2
0.07155313774576832,6.858315142050625,2
0.07041768266553028,6.8560705780201445,2
0.06953168122783993,6.853003997068139,2
0.06782847914017687,6.849638293230939,2
0.06637472031247427,6.845451181650091,2
0.0663058877281344,6.842685589190545,2
0.06485210489074333,6.838499886333544,2
0.06453380828128985,6.83655691997339,2
0.0638972072754651,6.832671444136494,2
0.06496386221689221,6.83214851202656,2
0.063828352628164,6.829907146179938,2
0.06432725212631674,6.8282635692203115,2
0.06269283784815194,6.8276660849222495,2
0.06237452631375717,6.8257239942552985,2
0.06205621218371604,6.823782055882813,2
0.06198734196255806,6.821018671693071,2
0.06191846784793498,6.818255515945033,2
0.06323457448517367,6.816910681134434,2
0.06273568147612885,6.8185538773578855,2
0.062417359559161056,6.8166123958688125,2
0.061600144633152,6.816314110603191,2
0.0612818188227191,6.814372857555824,2
0.05964738637505462,6.813776439319049,2
0.059079612762275246,6.8126568605306375,2
0.058761279813833056,6.810716026293058,2
0.05844294426973917,6.808775344349947,2
0.05649016459759082,6.80623892949518,2
0.05510516113385577,6.804821941134346,2
0.05315236913240362,6.8022862496783105,2
0.05095013516880442,6.8005718898186736,2
0.04874789731173479,6.798857758400743,2
0.04654565556120893,6.797143855424515,2
0.04572843090153711,6.79684614126316,2
0.045160635225798273,6.795727856977738,2
0.045977860534385684,6.796025533065485,2
0.04459283825223892,6.794609648839554,2
0.04402503998085905,6.793491516848601,2
0.04245953226284449,6.79565528461772,2
0.041143454826588766,6.796998406115534,2
0.04352618460863411,6.79513250480225,2
0.046158351161537325,6.7924455764815015,2
0.04527217841142317,6.78938904696448,2
0.04064460205000309,6.7986392417747155,2
0.04007680572535577,6.797520995562916,2
0.04327675692251631,6.795952998779075,2
0.04402503998085905,6.793491516848601,2
0.04672614943291897,6.793563708472455,2
0.04697557906576755,6.79274310027478,2
0.04672614943291897,6.793563708472455,2
0.04470437559766971,6.788271181488856,2
0.04470437559766971,6.788271181488856,2
0.04470437559766971,6.788271181488856,2
0.04470437559766971,6.788271181488856,2
0.04502275072531425,6.790209540941305,2
0.046407780145468536,6.791625006357442,2
0.046407780145468536,6.791625006357442,2
0.046158351161537325,6.7924455764815015,2
0.04722500869861079,6.791922492077099,2
0.046158351161537325,6.7924455764815015,2
0.04672614943291897,6.793563708472455,2
0.045160635225798273,6.795727856977738,2
0.04409398158218991,6.796250712940434,2
0.04427446766697152,6.7926710228717795,2
0.04477332303919823,6.79103003491813,2
0.04370666744886087,6.791553005101683,2
0.04132393442226423,6.793419096783051,2
0.040756133555243323,6.7923011170865735,2
0.041254983736184414,6.790660433721861,2
0.03986995172037666,6.789245120600192,2
0.03823549461410458,6.788650149160883,2
0.0366010375078325,6.788055177721571,2
0.034398771098693715,6.786342721542802,2
0.03201605883724312,6.7882075948684175,2
0.03226547678969638,6.787387671995855,2
0.03088043763587578,6.785972777683977,2
0.03024364195684015,6.782098723932286,2
0.03017465493176097,6.779342192993667,2
0.02985624995422853,6.77740558492761,2
0.02847119392873232,6.775991680529792,2
0.028402195223261373,6.773235834916282,2
0.027266542874178512,6.771002845265478,2
0.0236791665799565,6.767879644799127,2
0.023111333916311594,6.766763530709895,2
0.021975664695551345,6.764531530973137,2
0.019454907652676212,6.760887492445807,2
0.019136468931788997,6.75895286420786,2
0.01906742934494332,6.756199417232246,2
0.01899838586462721,6.7534461986983345,2
0.018929338490854875,6.750693208606133,2
0.020494792349278868,6.748532600947257,2
0.021561446641804594,6.7480097069109455,2
0.020494792349278868,6.748532600947257,2
0.022309651830859423,6.745552793814557,2
0.02149239667238234,6.745256869113209,2
0.023376309367929338,6.745029709410154,2
0.025509628335534273,6.743983312159642,2
0.026576289766069294,6.743459999313533,2
0.02526022465911737,6.744802397412624,2
0.02682569409140001,6.742640875986936,2
0.02757390706738505,6.7401835060071384,2
0.028322120043371868,6.737726136027341,2
0.02825306877613265,6.734973374376839,2
0.02736674742547862,6.731925563718196,2
0.02648041828788905,6.728878209942959,2
0.026411351446792963,6.726126362059272,2
0.026841080278146023,6.721737028994742,2
0.026204127562728274,6.7178721890584505,2
0.02638444298399989,6.7143025123511535,2
0.026065958839364356,6.712370549266421,2
0.025996868637481185,6.709620072032962,2
0.024861095591013793,6.707394164074984,2
0.023406819581500926,6.703237397167168,2
0.022769816251049235,6.699375526973029,2
0.02188341183982523,6.696332589737409,2
0.02124638904205689,6.6924718617517875,2
0.020609355861713752,6.688611742944055,2
0.018905628156391074,6.685276878736907,2
0.01720188877067841,6.681942699854872,2
0.0157475199669328,6.6777913774743425,2
0.014861059100478968,6.674751752643431,2
0.014861059100478968,6.674751752643431,2
0.013974590447094926,6.671712584695925,2
0.01283873563787985,6.669491474013725,2
0.012520184006529433,6.667563470585193,2
0.013586870744582313,6.6670386728680135,2
0.01220162977954331,6.665635619451134,2
0.011065761992114176,6.663415270241291,2
0.011813889311891757,6.660962925978982,2
0.014196646348182185,6.659095425573771,2
0.012562016631669337,6.658510581716676,2
0.013310143951443365,6.656058237454367,2
0.014058271271222722,6.653605893192058,2
0.015374342867280788,6.652263114356796,2
0.015374342867280788,6.652263114356796,2
0.0158730957116191,6.650628142034687,2
0.014737203265587695,6.648409239622307,2
0.013102557975214424,6.647825309532024,2
0.011717285213546091,6.646424121722397,2
0.010082638625355855,6.645840267779352,2
0.007630668743063396,6.644964486864787,2
0.006494758127534084,6.642746650513683,2
0.005926800873037763,6.641637846558986,2
0.0037241905412379595,6.639945569397419,2
0.00315622939327298,6.638836993884425,2
0.0017709397599290355,6.637436795988847,2
0.0012029753674145383,6.636328410843941,2
0.000635009677083076,6.635220101846269,2
-0.00043168030552642733,6.6357450899315396,2
-0.0009996472936837364,6.634636857081098,2
-0.001318255380262201,6.632712166057281,2
-0.001886225612974357,6.6316041235749275,2
-0.0032715282245305843,6.630204687151696,2
-0.005474165161665212,6.628513971008438,2
-0.008244784660819349,6.625715935781557,2
-0.007496723529932581,6.623267475028221,2
-0.0072473698196375835,6.622451321443776,2
-0.008882041066433644,6.621868914298194,2
-0.010516712313235033,6.6212865071526075,2
-0.00863268865396094,6.621052836860976,2
-0.009699376689832562,6.621577710725401,2
-0.009699376689832562,6.621577710725401,2
-0.009699376689832562,6.621577710725401,2
-0.01101541454254118,6.622918509732557,2
-0.013467417519272828,6.622044670572478,2
-0.015919420496006254,6.621170831412396,2
-0.01755408914716483,6.620588271972341,2
-0.01780343507053317,6.621403968673377,2
-0.019188757798319855,6.620005712532283,2
-0.020255436100532265,6.620530015292445,2
-0.022956779160438145,6.6204715301708426,2
-0.024342104483871196,6.619073426324221,2
-0.02679410551387207,6.618199472943285,2
-0.02867811035473622,6.6184320391000035,2
-0.03276477549351675,6.616975259763699,2
-0.03301410973649155,6.617790271139622,2
-0.034898107439341075,6.618022418486554,2
-0.037031434193874446,6.619069272620468,2
-0.03916475575712397,6.620115822165449,2
-0.03998208489141497,6.619824237856484,2
-0.04243407229429508,6.618949484929587,2
-0.04300207432362946,6.617843308054486,2
-0.043320751194737994,6.615922652834101,2
-0.04659007551884109,6.614756772481645,2
-0.04797541511830694,6.613359506254607,2
-0.049859399842935304,6.613590892129189,2
-0.05067673092396063,6.613299422041074,2
-0.05231139308601129,6.612716481864847,2
-0.053696737227854285,6.611319482153128,2
-0.05376611684389587,6.60858598575301,2
-0.054334133798176865,6.6074806845711045,2
-0.05547017160020218,6.605270310649008,2
-0.05578887767229368,6.603351368741407,2
-0.05767286499257018,6.603582906910461,2
-0.05880891317716497,6.6013731421662385,2
-0.05855960099715318,6.600559425293305,2
-0.05887831615399186,6.598641016416348,2
-0.06001437472116322,6.59643186085,2
-0.06033309636710982,6.5945138327092145,2
-0.06033309636710982,6.5945138327092145,2
-0.061967780592119937,6.593932187035982,2
-0.062785122704625,6.59364136419936,2
-0.06385177180585799,6.594163953646735,2
-0.0654864547330476,6.5935822318262645,2
-0.06768917537966423,6.591896427179645,2
-0.06989189991974065,6.590210850974728,2
-0.07077868394371833,6.587190186805255,2
-0.07404806277631337,6.586027504636661,2
-0.07543345558645598,6.58463336044624,2
-0.07763619699821334,6.58294877415538,2
-0.08172292702806594,6.581495802180804,2
-0.08392567557783792,6.57981163469973,2
-0.08662700306388516,6.579752235811313,2
-0.08932832665647084,6.579692608481189,2
-0.0936643357718907,6.579051411625066,2
-0.09824961748376815,6.579221609151219,2
-0.10120020199242141,6.579972690878257,2
-0.10120020199242141,6.579972690878257,2
-0.10151899112507934,6.57805862239368,2
-0.1017682676150038,6.578870245217658,2
-0.10215657717732185,6.574230942307924,2
-0.1041100687044949,6.571736294211391,2
-0.10663164597047547,6.568140380736402,2
-0.10794753522263356,6.5694724608851836,2
-0.10958223112804077,6.56889150053706,2
-0.11203427498614715,6.56802006001487,2
-0.11398778922518815,6.565526744494946,2
-0.11619057411396305,6.563844709136443,2
-0.11839336289619773,6.562162902219647,2
-0.11846293264306951,6.559440561389415,2
-0.12098456960883652,6.555848150687218,2
-0.12293812148469918,6.553357043437099,2
-0.12325696707258871,6.551446287357226,2
-0.12602789026193761,6.548666070583273,2
-0.1277322136672705,6.5453661579568525,2
-0.1286191865242543,6.542356573210029,2
-0.1297554151060183,6.540157392931437,2
-0.13114089551910268,6.538768388679365,2
-0.13195825969457609,6.538478860345734,2
-0.13409147743211491,6.539519318111935,2
-0.13679280881162725,6.5394601476652205,2
-0.1392448954978427,6.538591220001777,2
-0.1398826619472544,6.534774124381649,2
-0.14446795858408024,6.534945197600997,2
-0.14560421571791693,6.532747692561564,2
-0.14812597792344562,6.529162630067518,2
-0.14926224933331866,6.526965962647669,2
-0.14951148039949302,6.527774920318436,2
-0.15064775570282762,6.52557848134029,2
-0.15203326466798295,6.524191152327376,2
-0.15228249313851627,6.52499995770367,2
-0.15448537276824936,6.523323481093303,2
-0.15725640237894645,6.520549508392591,2
-0.1589608484283982,6.517256791679859,2
-0.1600971522838055,6.515062027940875,2
-0.1623000552743239,6.513386921980729,2
-0.16368558695135071,6.512000925544427,2
-0.1642537453681605,6.51090392441111,2
-0.1656392815875627,6.509518194490131,2
-0.16841036181329905,6.50674719153157,2
-0.16929748262191957,6.503746287569502,2
-0.1710019929135278,6.500457340144887,2
-0.17320493029630946,6.4987842520864625,2
-0.1749094600552361,6.495496446870369,2
-0.17629502417779896,6.494112354114936,2
-0.17686320530648558,6.493016685558221,2
-0.1766140014945563,6.492209326979385,2
-0.17718218456997192,6.491113772643526,2
-0.17750116642910108,6.489211012023297,2
-0.17838833915057428,6.486213153950626,2
-0.1778899367180049,6.4845987413818875,2
-0.17739153428543553,6.482984328813153,2
-0.17689313185286615,6.481369916244418,2
-0.17696292417610593,6.478660634664937,2
-0.17514872333887332,6.4757194722538465,2
-0.1733345173103551,6.472778005253815,2
-0.17315511360859404,6.469261821978904,2
-0.1724075099597382,6.466840203125802,2
-0.17165990631088412,6.4644185842727,2
-0.17197891282862265,6.462517270449933,2
-0.1736835438176172,6.459235404718143,2
-0.17400255877119264,6.457334585852401,2
-0.17407237899758954,6.454626941438466,2
-0.17414220311745154,6.451919525466238,2
-0.17559767247371383,6.447832775940739,2
-0.1769833164122918,6.446453366240238,2
-0.17868799996304574,6.443174584471453,2
-0.18064188473009324,6.440703008987036,2
-0.1817783534088111,6.438517915946861,2
-0.18323387986921524,6.434434516899689,2
-0.18430049198253684,6.434954936150877,2
-0.1848687328110028,6.433862770366964,2
-0.18518779059268553,6.431964464359968,2
-0.1863242800365459,6.429780589675548,2
-0.18852738613610853,6.428117400757639,2
-0.1904813169758075,6.425648528500055,2
-0.18923542120919912,6.421618969593169,2
-0.19094019236290372,6.418345327762726,2
-0.19150845200977962,6.417254266113716,2
-0.19307341658955046,6.419386166265099,2
-0.1949574610139635,6.419621054912483,2
-0.19740976378743547,6.418764805763619,2
-0.2006795008187261,6.4176231402318,2
-0.20206520056362187,6.416247004862392,2
-0.20508577401545125,6.414300341316011,2
-0.2064714802494514,6.412924586682774,2
-0.20728891645400793,6.412639284520672,2
-0.20892378886312102,6.412068680196462,2
-0.20917295179367557,6.412873640137409,2
-0.20924290050438898,6.410173534299709,2
-0.20981117637403202,6.409083424491129,2
-0.21094773200678318,6.406903433315684,2
-0.21183513379372876,6.403919015229931,2
-0.2148557429356419,6.40197444573251,2
-0.2173080690698992,6.401119567233863,2
-0.21844464676561337,6.398940870561404,2
-0.21958122965261317,6.396762478477886,2
-0.22014952304284385,6.395673396656978,2
-0.22014952304284385,6.395673396656978,2
-0.21990037179268107,6.394869122041147,2
-0.21965122054252006,6.394064847425312,2
-0.2186546155418725,6.390847748961988,2
-0.21979121400272916,6.388670270645285,2
-0.2187946141933672,6.385453476770898,2
-0.21747885991462823,6.384129315934523,2
-0.21861547005588022,6.381952522942928,2
-0.21811717144901976,6.380344202152973,2
-0.21893462841871347,6.380060118346627,2
-0.22007124764471087,6.377883858385676,2
-0.21793803380063714,6.376843629061177,2
-0.21719058783707723,6.374431262097094,2
-0.21757977407773055,6.369843396644402,2
-0.2182181193554733,6.366060262690954,2
-0.21935476453790237,6.363885525674704,2
-0.21885647501579086,6.3622777379153845,2
-0.21949484105867612,6.358495822317693,2
-0.21899655413220742,6.356888186852849,2
-0.22013321748412906,6.354714515897879,2
-0.22045240959032242,6.352824091129676,2
-0.22133994180831884,6.3498473258410115,2
-0.22247662073409913,6.3476745686528595,2
-0.22229754732787477,6.3441777648491815,2
-0.22236761673597627,6.34148474070431,2
-0.22225863090735487,6.335295978817051,2
-0.22282698399737022,6.3342103997689385,2
-0.22314620335780866,6.3323215740926635,2
-0.22133216993953297,6.32939023467485,2
-0.22051467663083812,6.329672186358625,2
-0.22190052822083217,6.328304960215675,2
-0.22221975342147005,6.32641647720196,2
-0.22204071375860224,6.322921653226388,2
-0.22154244629945552,6.321315159970059,2
-0.22079504511073367,6.318905420085571,2
-0.21979851019243846,6.31569243357292,2
-0.21823360336571973,6.313563921973476,2
-0.21773533460875072,6.3119573525699195,2
-0.2172370658517817,6.310350783166356,2
-0.2156721525359533,6.30822189083074,2
-0.21574225958087467,6.305531074955677,2
-0.21474572206693665,6.302317936148555,2
-0.21236328559252549,6.300469244110317,2
-0.21111760721099593,6.296452439865245,2
-0.21037020018207997,6.294042357318197,2
-0.21012106450577406,6.293238996469185,2
-0.21019118193326314,6.2905487897719965,2
-0.21075957201118456,6.289465380920074,2
-0.21082969592778156,6.286775554959064,2
-0.21033142846863484,6.285169061702739,2
-0.21040155757651746,6.282479540330662,2
-0.21178748638688738,6.28111684494818,2
-0.21317341779289656,6.279754301860166,2
-0.21462949842301882,6.275703417682216,2
-0.2155171850817581,6.272735713914486,2
-0.21583646803544632,6.2708506194527125,2
-0.21779083104966013,6.268407104224284,2
-0.2183592457861927,6.267325142169817,2
-0.21999432454890133,6.266766645255931,2
-0.22194870119024301,6.264323929573472,2
-0.22440132322776662,6.263486412644351,2
-0.22578728707931361,6.2621257732372015,2
-0.22667502110852666,6.2591608488435355,2
-0.22919785336777387,6.255638569744502,2
-0.2305838314953519,6.2542787679569365,2
-0.23278735873794432,6.252640288816693,2
-0.23499088987400363,6.251002038118145,2
-0.2380119727207166,6.24908526236139,2
-0.2399664084129327,6.246646011378104,2
-0.2405348542971737,6.245565876857281,2
-0.24216995382502304,6.2450085982991475,2
-0.2438050533528724,6.244451319741017,2
-0.24707525240857464,6.243336762624754,2
-0.2504157168434009,6.2395406795960575,2
-0.25318773928744953,6.236824959529905,2
-0.25489312755521176,6.233587525709559,2
-0.2575948807266659,6.233553103114133,2
-0.25979845728647,6.231917517568803,2
-0.26257050958041184,6.229203548889043,2
-0.2639565396208461,6.227846792990864,2
-0.26616012980777626,6.226212006991496,2
-0.2689322041646758,6.2234993328147326,2
-0.271135804734179,6.2218651559932425,2
-0.27316067582011705,6.216754354385277,2
-0.2748661497440903,6.213521946282434,2
-0.2757540687128497,6.21056787286971,2
-0.27500685830387006,6.2081693266287274,2
-0.2747577881675447,6.207369811215063,2
-0.27696142767168297,6.205737918810623,2
-0.27809843364845044,6.20358435072561,2
-0.2803020822373412,6.201952991351813,2
-0.28062152547196817,6.200077301073527,2
-0.2825761201473025,6.197647378126494,2
-0.28314463286934455,6.196571165188249,2
-0.28566775584057247,6.193065943069794,2
-0.2864853328587511,6.192788902882658,2
-0.2891871204224721,6.192756498188942,2
-0.29245742589952606,6.1916481851459295,2
-0.2955491050698118,6.187069301021591,2
-0.29693521362844066,6.185717152031117,2
-0.300454578859247,6.185407745223884,2
-0.3018406913113356,6.184055824675113,2
-0.30429343015278754,6.183225160997107,2
-0.3051110097666019,6.18294827310444,2
-0.3034758505389714,6.183502048889775,2
-0.3040443866217988,6.182427206601751,2
-0.30429343015278754,6.183225160997107,2
-0.30567954714725154,6.181873506963655,2
-0.3073147076727025,6.181319807325554,2
-0.30756374860805025,6.182117609426442,2
-0.30649712740997614,6.181596657144606,2
-0.3062480858257217,6.1807988169701105,2
-0.30706566673735836,6.180522005224674,2
-0.30763420736256464,6.179447429451976,2
-0.30738516707612895,6.1786496654247145,2
-0.3072065907354897,6.175182026011928,2
-0.30727705857474774,6.172512379068117,2
-0.3045752573838971,6.172543984215864,2
-0.30375766998315434,6.172820415225125,2
-0.30670851146044065,6.173586574104636,2
-0.3061399656439523,6.174660845288393,2
-0.3043262164485512,6.171746182114987,2
-0.3045752573838971,6.172543984215864,2
-0.30489476421177564,6.170672025152076,2
-0.30389860306603467,6.1674809690430195,2
-0.3043262164485512,6.171746182114987,2
-0.3062809026202924,6.169321627548001,2
-0.30578282464306383,6.167726251787943,2
-0.3047866686886085,6.164535500267828,2
-0.3046081085707364,6.161068812695479,2
-0.30574522616013766,6.158921793272654,2
-0.30524715207637243,6.157326645954299,2
-0.30556667772265556,6.1554557910254175,2
-0.3050686049367126,6.1538607198543005,2
-0.30350389278319945,6.151743630340064,2
-0.30275678165755515,6.149350909362532,2
-0.30176063349002824,6.146160614725826,2
-0.3015820954351174,6.142695221656464,2
-0.301652598315556,6.140027630687985,2
-0.3009054910833733,6.137635138152163,2
-0.30072696470885774,6.134170430407913,2
-0.299162240874951,6.132052655568565,2
-0.2997308243282575,6.130980592654616,2
-0.3022542036192064,6.12749040961501,2
-0.30420900594595857,6.125072670225535,2
-0.30673241184224587,6.121584048204248,2
-0.30843820697700863,6.118370486541988,2
-0.3103930378558264,6.115954422391674,2
-0.31071261865951527,6.114086803720269,2
-0.31234787652157614,6.11353881512477,2
-0.3145517431444542,6.111920248486399,2
-0.3159379834319491,6.110575828440247,2
-0.3183908741184993,6.109754073988704,2
-0.3205947498261281,6.108136040380977,2
-0.32123395685725953,6.104403468191375,2
-0.32237119903751754,6.102263758903085,2
-0.32244179860564515,6.0996018409035955,2
-0.32276141315269236,6.097736202060286,2
-0.3252849397463713,6.094254661731824,2
-0.32699084000465817,6.091047267995581,2
-0.32787910808736775,6.088113678188996,2
-0.3297633997467546,6.08836307288459,2
-0.3306516782120301,6.0854300922558835,2
-0.33235761156476507,6.082224640274127,2
-0.33488120564515533,6.078747059601874,2
-0.33683616046591247,6.076338267512469,2
-0.3390401172873805,6.074724993106912,2
-0.34074609346821916,6.0715220539838946,2
-0.34351872588831256,6.068842123118049,2
-0.3449050459918208,6.067502386126833,2
-0.34767769398576576,6.064823369027803,2
-0.3488150373960899,6.062689599223823,2
-0.3520856673284811,6.061600322989484,2
-0.35215638110489067,6.058945105946641,2
-0.3524760793614199,6.057084378599974,2
-0.3532937400890681,6.0568122499094805,2
-0.3525468002758423,6.054429580366929,2
-0.35261752508373334,6.051775010575582,2
-0.3513726286395773,6.047804085039424,2
-0.35169233922540677,6.045944081091488,2
-0.3520120524068755,6.044084229438017,2
-0.3525807455260903,6.0430186009654,2
-0.35126511843384733,6.0417019025580245,2
-0.35208279084189265,6.041430459192643,2
-0.3521535331703678,6.038776917388965,2
-0.35140660309080474,6.036394818950676,2
-0.35041069631805044,6.033218687699623,2
-0.34859710805250366,6.030313466783319,2
-0.3476011986841083,6.027137183237798,2
-0.34898759081670505,6.025801672418098,2
-0.34742297599978755,6.023690293946473,2
-0.3469250226134122,6.022102228320943,2
-0.3466760459202245,6.02130819550818,2
-0.3459291158406579,6.01892609706989,2
-0.34543116245428074,6.017338031444368,2
-0.34656859541428275,6.015209515799572,2
-0.34802578113929705,6.0112234709919825,2
-0.34866528407369834,6.007508260371893,2
-0.3501224983507889,6.003523890803461,2
-0.3506912297557303,6.002460508674265,2
-0.3501932906453895,6.000873280668323,2
-0.351579728201731,5.9995404350018475,2
-0.3532859399371535,5.996351316601931,2
-0.352041108384066,5.9923841984275015,2
-0.3507254657179679,5.991066586253311,2
-0.3518629544842806,5.988941344939619,2
-0.3524317008141704,5.987878838503622,2
-0.35356919736741155,5.98575405407334,2
-0.3538889845246995,5.983898542812248,2
-0.35339105839256924,5.982312076278653,2
-0.35314209532650587,5.981518843011852,2
-0.3518264513625855,5.98020115469043,2
-0.35107956021766284,5.9778213406691805,2
-0.3509014277319302,5.974379743610665,2
-0.350723300437485,5.9709384511410875,2
-0.3510431018708111,5.969083777499584,2
-0.3505451783343254,5.967497463260454,2
-0.35036706142244967,5.964056779968761,2
-0.3493712169451193,5.960884303784972,2
-0.3486243335871251,5.958504946647135,2
-0.3470597135789273,5.956393263586563,2
-0.3466326446324679,5.952159994279562,2
-0.3456368001551411,5.948987518095777,2
-0.3443211341282595,5.947668535271362,2
-0.3419387573536241,5.94582334600592,2
-0.3403741204737507,5.943710673031298,2
-0.3406939420233037,5.941857179671928,2
-0.341262728585658,5.940797033800205,2
-0.33920016362691996,5.937097780071138,2
-0.3373156935170982,5.93683791513077,2
-0.3363198360615556,5.933664677474638,2
-0.3361417373191795,5.930225060244229,2
-0.3364615699002158,5.928372214136353,2
-0.33628348024259047,5.9249331299365835,2
-0.3355365929911329,5.9225535443570365,2
-0.3356074722397633,5.919908036086628,2
-0.33461162516679366,5.916735407608371,2
-0.3344335497852011,5.913297161028183,2
-0.33720671950333525,5.91064875511751,2
-0.3364598439322677,5.908269854863079,2
-0.33653074524386817,5.905625641095657,2
-0.33798825217967376,5.90165844272865,2
-0.33830812109970765,5.8998077287433475,2
-0.3399436826519633,5.899277558600772,2
-0.341899120911183,5.896897131356301,2
-0.3427878328487992,5.893989583903991,2
-0.3420409806385152,5.891612054299788,2
-0.34015645666910643,5.891349029249177,2
-0.3410451776914716,5.888442014827511,2
-0.3426807548175841,5.887912758451751,2
-0.34356948752034455,5.885006429355194,2
-0.3450270742721635,5.8810439140431185,2
-0.3466626604830232,5.880515190698006,2
-0.3469825650931515,5.878666570761659,2
-0.34623573235018945,5.876290183365974,2
-0.34787132505015705,5.875761840757029,2
-0.34737343915048946,5.874177734787704,2
-0.3471954675946076,5.870745579986295,2
-0.3461996983909188,5.867577520342127,2
-0.3470884810597994,5.864674122914103,2
-0.3460927170473944,5.861506367858873,2
-0.3479772715156084,5.861771182369491,2
-0.34911500816580343,5.859660485177628,2
-0.34868812740344346,5.855438257219664,2
-0.349576940571124,5.8525366492516575,2
-0.35046576152574005,5.849635498167057,2
-0.34947002087412216,5.846469113762051,2
-0.3503588548069434,5.843568724149801,2
-0.3509987639594314,5.839877347614173,2
-0.35163868349449245,5.8361865802564274,2
-0.35227861341213007,5.832496422076559,2
-0.35103396355403405,5.828539964514992,2
-0.351105006328158,5.825904050796154,2
-0.35149603158168574,5.821424085975046,2
-0.3494335522791623,5.817729857963464,2
-0.350073521131435,5.814041984200635,2
-0.3508913629051662,5.8137804780493845,2
-0.352527046452634,5.813257465746865,2
-0.3530959634460338,5.812204972672234,2
-0.3528470386656988,5.811413985748864,2
-0.35185133954436587,5.808250038055366,2
-0.3506067156426962,5.804295103438491,2
-0.34904209044321277,5.802183115788981,2
-0.35010886608202973,5.802713129591741,2
-0.3502510256060951,5.7974456425464425,2
-0.35113996725809216,5.794551573154674,2
-0.3520289166970212,5.791657960646315,2
-0.3529178739228751,5.7887648050213585,2
-0.35274005810555487,5.785341787888118,2
-0.35256224747952203,5.781919075343811,2
-0.3528822773294067,5.780077803615612,2
-0.35320230977493594,5.778236684181884,2
-0.35295339278153115,5.777446154141916,2
-0.35540699791874175,5.776666318743082,2
-0.3559759519000494,5.775615995864641,2
-0.3584295589839943,5.774836274686656,2
-0.35981638588674514,5.7735262731905905,2
-0.36095430552975216,5.77142631275882,2
-0.36184332180647694,5.76853662183305,2
-0.3624834386103917,5.764857428854977,2
-0.3631235657968688,5.761178845054786,2
-0.362625753873024,5.759599079477841,2
-0.3603144347974627,5.755118852186762,2
-0.35981662157579386,5.753539010462585,2
-0.3590699017432897,5.751169247876316,2
-0.35988778829185897,5.750910368804657,2
-0.3603856002157073,5.752490134381599,2
-0.36195020140549516,5.754600713307266,2
-0.3625191800454086,5.753551837226286,2
-0.3630881599831426,5.752503037292538,2
-0.3639060445849829,5.7522440440000295,2
-0.36340823785242016,5.750664583012021,2
-0.36266152775357696,5.748295391530018,2
-0.36141701092217104,5.744346739060006,2
-0.36123929114363307,5.740929356822129,2
-0.3623060868986805,5.741460550907032,2
-0.3604213974570456,5.7411878170840005,2
-0.36205718483022054,5.74067089656026,2
-0.36262617709725653,5.739622820025243,2
-0.3632663652813406,5.735947815145085,2
-0.3627685650378858,5.7343687348932555,2
-0.3633375637940297,5.733321039094413,2
-0.36390656384799946,5.732273419442798,2
-0.36340876620018747,5.730694491485437,2
-0.3639777688497947,5.7296470241282975,2
-0.3653646749196504,5.728341667613552,2
-0.36568478458554665,5.726505078940285,2
-0.36682280156515645,5.724410829551118,2
-0.36771193010343595,5.721527725361149,2
-0.3680320508008137,5.719691783939382,2
-0.36860106642863677,5.718645078054585,2
-0.3704857746886798,5.718918916012516,2
-0.371872700874766,5.717614739779911,2
-0.3716238111356098,5.716825808831871,2
-0.3719439422155624,5.714990476587982,2
-0.3715174105671526,5.71078873223615,2
-0.3713397732002708,5.70737618534768,2
-0.37002407991914055,5.706055603431331,2
-0.3695263030364693,5.704477893829729,2
-0.370415479594131,5.701597607087443,2
-0.3699177053071043,5.700020049780306,2
-0.36917104387656074,5.6976537138196015,2
-0.369491195072742,5.695819561857846,2
-0.3689934220835358,5.694242080697947,2
-0.36988262005525385,5.691363050385032,2
-0.3707718258139021,5.6884844769555265,2
-0.3714121567583373,5.684817848271184,2
-0.37255026069197683,5.682728700746736,2
-0.3720524980853419,5.681151828764715,2
-0.3693498072379491,5.681131234983074,2
-0.370736798315102,5.679830866112198,2
-0.3734394898114122,5.679851497967459,2
-0.37482648413311637,5.67855131946467,2
-0.3751466651791926,5.676718918889314,2
-0.37816954356176957,5.674907492831775,2
-0.3806233608927716,5.674140107505817,2
-0.38389511733411474,5.673116927071206,2
-0.3858511967170859,5.670774116560679,2
-0.38723820985720536,5.669475042192797,2
-0.3886252255929694,5.668176120119384,2
-0.38894543584002506,5.666345432856804,2
-0.3911504010686908,5.664791324852615,2
-0.39147061845376285,5.66296105639983,2
-0.3915419759495684,5.660343608385411,2
-0.3924312861828376,5.657471164808296,2
-0.3933206042030317,5.654599178114594,2
-0.39552559863267867,5.653046783423186,2
-0.39723288496418974,5.649920714933611,2
-0.39573974898938147,5.645199008214,2
-0.3968779541530889,5.643115800173863,2
-0.3985138713083991,5.642606494373595,2
-0.39908297713480856,5.6415650807216196,2
-0.3985852716323137,5.639991559217918,2
-0.399972341227663,5.638695797254748,2
-0.40217737524085884,5.637145725053994,2
-0.40274648820528647,5.636104730211809,2
-0.40445383488549247,5.632982202568641,2
-0.4045252605169196,5.630368752284042,2
-0.4049169684244891,5.625928840908394,2
-0.4060552203097689,5.623848374168709,2
-0.4061266621639632,5.621235875724544,2
-0.4061981079116208,5.618623605722078,2
-0.4076566706251086,5.614718353130506,2
-0.40641246851538426,5.6107881663649195,2
-0.40779959067250005,5.609495488364747,2
-0.40787105653639166,5.6068843986444215,2
-0.4076936884674449,5.603487652307152,2
-0.4077651627671717,5.600877057543851,2
-0.4072674884123906,5.599305363573791,2
-0.4081569589265932,5.596442324180167,2
-0.408228444257805,5.593832376668363,2
-0.4080510989007351,5.590436962907695,2
-0.4076249248021089,5.586256197119027,2
-0.40744759047651513,5.582861430609864,2
-0.40694992390866247,5.581290193523209,2
-0.4070214287071945,5.578681388219923,2
-0.4054569242050974,5.576576482263238,2
-0.40527960026207666,5.573182324931949,2
-0.4051022815103398,5.569788472189604,2
-0.4049249679498903,5.566394924036189,2
-0.40524532095729526,5.564572612969432,2
-0.4063836935399632,5.562499227922572,2
-0.4063836935399632,5.562499227922572,2
-0.40777089940655387,5.561211461419045,2
-0.4078424347038876,5.558604445575774,2
-0.4089808215625865,5.556531898148503,2
-0.4093727390683064,5.552104284551255,2
-0.4105111402030417,5.550032574743561,2
-0.41271639484587297,5.548495447572712,2
-0.41442401406856355,5.545388910848839,2
-0.4169496749294783,5.5420325946478535,2
-0.41890613457411696,5.5397120952771,2
-0.42086260200567693,5.537392052789755,2
-0.4238859216475177,5.535606516792015,2
-0.4244551449267604,5.534571994464777,2
-0.42747847300443986,5.532786953424065,2
-0.4291145420048519,5.532286556850263,2
-0.4315686455054646,5.5315359619895546,2
-0.43320471450588016,5.531035565415749,2
-0.4340943790443781,5.5281839100337145,2
-0.4344148138145272,5.5263663962427465,2
-0.43637132926548006,5.524049171203082,2
-0.4376869647935653,5.525366364567482,2
-0.43964348543580556,5.523049444116758,2
-0.43996393318416693,5.5212326917981365,2
-0.4377586097568038,5.522765783165546,2
-0.43889709654774656,5.520699099075344,2
-0.4406048364678252,5.517599644044299,2
-0.44092529200312036,5.515783348609084,2
-0.44017891090199335,5.5134334604510755,2
-0.4407481640311257,5.512400689510237,2
-0.4416378824292089,5.509552194238442,2
-0.44081983365297184,5.5098015549057635,2
-0.4416378824292089,5.509552194238442,2
-0.44295351341491696,5.51086912108752,2
-0.4449100775341748,5.508554751569161,2
-0.4460485993662946,5.506490123454292,2
-0.447756391848138,5.503393752386252,2
-0.44857444386892986,5.503144582087025,2
-0.4502105479105225,5.502646241488552,2
-0.45184665195210627,5.502147900890087,2
-0.45487007996202955,5.500368723186451,2
-0.4587115664818562,5.498340755919749,2
-0.4623042859066455,5.495531053618691,2
-0.4661457886492375,5.493504038192427,2
-0.46703559205461964,5.490660530564504,2
-0.4689922295007811,5.488350463364906,2
-0.46956152156455566,5.487319976841107,2
-0.4704513444372651,5.484477611421706,2
-0.4715899389473819,5.482417247551979,2
-0.47272853864878606,5.480357188271196,2
-0.4733696210317948,5.476734648835748,2
-0.4736901661167625,5.474923607559731,2
-0.47589561024151195,5.473397597885146,2
-0.47810105825973004,5.471871816652264,2
-0.47973719604467213,5.471375455881901,2
-0.48251196597655266,5.468820939511623,2
-0.4842199239306222,5.465734277216008,2
-0.4853585690557711,5.463676883088436,2
-0.48649721937220924,5.461619793549804,2
-0.4887026972403188,5.460095763703329,2
-0.48852578989795603,5.456726049634376,2
-0.48852578989795603,5.456726049634376,2
-0.48884637781102747,5.454917521217105,2
-0.49154935872149963,5.4549551339057025,2
-0.4926880323987213,5.452899415017299,2
-0.4940035945998922,5.454212306062942,2
-0.4945729327363253,5.453184522765969,2
-0.4967784320184876,5.451661749348862,2
-0.49823772540540645,5.447799367650436,2
-0.5001945036651847,5.4454975624258,2
-0.4994482997166738,5.443158068365332,2
-0.49912768454935375,5.4449649976906755,2
-0.5005151194814186,5.443690671174071,2
-0.4983814786541121,5.442625389409354,2
-0.4987020957681647,5.440818574304863,2
-0.49852524747667637,5.437452324935091,2
-0.4985971377281544,5.434866135360519,2
-0.4991664972786385,5.433839608492921,2
-0.4997358581269431,5.432813157772564,2
-0.5008745837170174,5.430760484773547,2
-0.5020133144983827,5.428708116363463,2
-0.5024058659898412,5.424317700690381,2
-0.5025497035969373,5.419148672019556,2
-0.504827219668158,5.415047133383258,2
-0.506784092668898,5.412750886906757,2
-0.5071047565045212,5.410946813102711,2
-0.5082435327096313,5.408897109845846,2
-0.5099517067509538,5.4058231260648135,2
-0.5100236651380552,5.403240934220062,2
-0.510913743032658,5.40041353173228,2
-0.5131913499513772,5.39631732340241,2
-0.5138327360245825,5.392712602419884,2
-0.5147228437690821,5.389886951318502,2
-0.5170005000050075,5.38579363658355,2
-0.519278177006079,5.381701540204357,2
-0.5188527777068099,5.377566234314813,2
-0.5205610607651288,5.37449864690149,2
-0.5182507027262915,5.37007480663771,2
-0.5193895710767169,5.368030509834512,2
-0.5200310415083145,5.364430738422239,2
-0.5196056778991309,5.360297526581647,2
-0.5189316205218191,5.355386882025456,2
-0.5181855197501086,5.353053441670145,2
-0.520142573148016,5.350767779659272,2
-0.5207840877055414,5.347170597252983,2
-0.519468538482581,5.34585846767969,2
-0.5170861312091457,5.344011488954234,2
-0.5170861312091457,5.344011488954234,2
-0.5176555900429634,5.342990787350093,2
-0.5171581934219542,5.341435388888254,2
-0.515914701869427,5.337546892733663,2
-0.5136043457773241,5.33312316669074,2
-0.5122887803315965,5.331810085277009,2
-0.51072451203299,5.3297190381170445,2
-0.5097297110040397,5.326607784309967,2
-0.5087349099750913,5.3234965305028865,2
-0.5085582862066964,5.320143454604722,2
-0.5078121873817167,5.31781012847026,2
-0.5089511491752816,5.315771314267963,2
-0.5098414191474507,5.312955181570917,2
-0.5117985763710706,5.310675611338819,2
-0.5126888625660015,5.3078604304822115,2
-0.5149668406616321,5.303786000261468,2
-0.5166032172457076,5.303303650582286,2
-0.5210149750355271,5.300302649880376,2
-0.5200202311107169,5.297194746551622,2
-0.522795633081607,5.294677313884645,2
-0.5233651438282809,5.29365965816989,2
-0.5261405600752003,5.291143063122501,2
-0.5280977899768189,5.288867757135542,2
-0.5308732256910584,5.286352304296667,2
-0.532260947441646,5.285094806318931,2
-0.532333125160557,5.282525483356846,2
-0.5315871042048599,5.28019672605647,2
-0.5332956967935729,5.277147299758628,2
-0.5358225075242213,5.273858450007598,2
-0.5364642492004794,5.270274593367379,2
-0.5371060012593105,5.266691345905045,2
-0.5363600017176644,5.26436384503404,2
-0.5379964289167773,5.263884465097011,2
-0.5385659779491796,5.262869055725687,2
-0.5383173133820289,5.262093336322874,2
-0.5378199842477294,5.260541897517239,2
-0.537892208688211,5.257975315855603,2
-0.5377157737528258,5.2546333193800905,2
-0.5375393440087262,5.251291627493515,2
-0.5367933561474736,5.248964811947623,2
-0.5349804777902136,5.246101243568699,2
-0.5334162581599067,5.244013051930036,2
-0.5351249617123504,5.24097013622076,2
-0.5341303138263225,5.237867867787376,2
-0.5344512255458227,5.236078338105166,2
-0.534523479187289,5.2335134697563035,2
-0.5364086137816493,5.233812322080841,2
-0.535093056771764,5.232499735624142,2
-0.5367295332880815,5.232023249282037,2
-0.5383660098044007,5.231546762939928,2
-0.5359835571072225,5.229697119061257,2
-0.5340984166726646,5.2293979240741635,2
-0.5349889221994086,5.226595612100219,2
-0.5344916047455008,5.225044858619704,2
-0.5343152165316845,5.2217056034446365,2
-0.5327509936568262,5.219617221437883,2
-0.5314354262643644,5.218304025803306,2
-0.5306894481367728,5.215977781361676,2
-0.5299434700091812,5.213651536920047,2
-0.5294461512574511,5.212100707292294,2
-0.5283792361028414,5.211562507661803,2
-0.529269771479477,5.2087619470742546,2
-0.5287724540255709,5.207211193593736,2
-0.5279541950022661,5.207448218409034,2
-0.5274568762505378,5.205897388781278,2
-0.5269595574988095,5.204346559153528,2
-0.529165684926511,5.202860640998015,2
-0.5300562410682907,5.200061298766222,2
-0.5290616165430482,5.196960400983066,2
-0.5286366059412764,5.192847901190312,2
-0.5289575663290833,5.191061227029397,2
-0.5292785293125277,5.189274705162958,2
-0.5293508413559493,5.186713263439664,2
-0.5313083619695558,5.184455014433283,2
-0.5311320341044343,5.181119300104633,2
-0.5325199414434731,5.179872691181462,2
-0.5320226421590668,5.178323003762227,2
-0.5326646096562424,5.17475239674085,2
-0.5321673129674771,5.17320286161609,2
-0.5327369496028229,5.172192592183105,2
-0.5348708123575854,5.173270895124958,2
-0.5351194587552364,5.174045548466484,2
-0.5356167515505366,5.175594855149544,2
-0.5356167515505366,5.175594855149544,2
-0.5361863875369721,5.174584547642944,2
-0.5338038816291153,5.172731781727649,2
-0.5317423588209351,5.169093674228048,2
-0.5296808295236524,5.165455185992272,2
-0.5284375878017382,5.161581348180363,2
-0.5268733467573803,5.159491900112325,2
-0.5266246977640865,5.15871709447633,2
-0.525060452177355,5.156627379892971,2
-0.5243145032507428,5.154302848764122,2
-0.5235685543241306,5.1519783176352725,2
-0.5233922608512724,5.148644621208341,2
-0.5226463138713928,5.146320204300341,2
-0.5223976648781008,5.145545398664346,2
-0.5229673242253217,5.1445364618079665,2
-0.524603940906351,5.144068199367208,2
-0.5238579997666672,5.141744125121768,2
-0.521226785814644,5.139113088871294,2
-0.5194138769585805,5.136247731032352,2
-0.5189165789719947,5.134698119760358,2
-0.5184916540264357,5.130590645685096,2
-0.5174970606489033,5.12749157543557,2
-0.5178180878745096,5.125708822857241,2
-0.5175694401790363,5.124934093368481,2
-0.5184601501126505,5.122143774584,2
-0.5185325393764426,5.119586863621169,2
-0.5191746184862591,5.116022805261977,2
-0.5198167079786433,5.112459356080667,2
-0.5180037991225817,5.109593998241728,2
-0.518645901593187,5.106031310532757,2
-0.518718314866673,5.103475808293773,2
-0.5192880144463565,5.1024692320016705,2
-0.5196090747664055,5.100688421177832,2
-0.5215668257432995,5.098443688305608,2
-0.5225300378511637,5.093103083367723,2
-0.5220327645231837,5.091554918893184,2
-0.5218565696847524,5.088227009656091,2
-0.5224262861361115,5.087221423278038,2
-0.522996003885293,5.086215913047223,2
-0.5243840766965615,5.084979012896479,2
-0.5254510632313476,5.085521400624877,2
-0.5262694163467003,5.085289896484099,2
-0.5276574917536063,5.08405314862782,2
-0.5284758455178675,5.083821682560661,2
-0.5282272153429837,5.083047981059565,2
-0.5287969402301815,5.082042889638537,2
-0.5298668174405599,5.0798063949527155,2
-0.5319340563812336,5.077885789474767,2
-0.5298928218533447,5.077103222487292,2
-0.5288722366044318,5.076711898459049,2
-0.5268079040223999,5.075853582218713,2
-0.5257409135941487,5.075310966048612,2
-0.5258133859185108,5.072758928508801,2
-0.5253161268665636,5.0712116016538396,2
-0.5242491325448491,5.070668757042032,2
-0.5229335061015181,5.069352096708272,2
-0.5210481417927753,5.069039766323193,2
-0.5231821369253122,5.070125836282983,2
-0.5235032420201975,5.068347652538744,2
-0.5225087213206638,5.065252846534364,2
-0.5211930903349575,5.063935919685282,2
-0.5228298316068365,5.063474967379058,2
-0.5209444595111634,5.063162180110567,2
-0.519628825280904,5.061845062893404,2
-0.5197013053921946,5.059293482237003,2
-0.5200224195718306,5.0575158315234034,2
-0.5187792686974131,5.053647324017927,2
-0.5177847479978794,5.050552518013543,2
-0.5181058706133541,5.048775362256968,2
-0.5176086115614069,5.047228035402007,2
-0.5184291378250911,5.044219685275525,2
-0.5189519631021824,5.043064355563011,2
-0.5202716229776048,5.038824958486078,2
-0.521317060098264,5.036514569291079,2
-0.5228850557041049,5.033049188171113,2
-0.5236815167937614,5.02996559370925,2
-0.5250003656217839,5.0257272235064505,2
-0.5263189583295738,5.021489177579689,2
-0.5268413780829633,5.020334361304236,2
-0.5273637764930026,5.019179572051787,2
-0.5271149285221188,5.0184062046469045,2
-0.5284085092830217,5.016870074615905,2
-0.5297020473572189,5.015333998630915,2
-0.5322889954454961,5.0122620087989525,2
-0.5346025424980834,5.011117986463297,2
-0.5351489603891082,5.007262537884749,2
-0.5377354602669797,5.004191115535857,2
-0.5395506924205762,5.001501142057535,2
-0.5413657965140573,4.998811330717228,2
-0.5416386639659283,4.996884038796008,2
-0.5424333962440198,4.993802633197426,2
-0.5424570102013053,4.991102487308389,2
-0.542480560128535,4.98840242248836,2
-0.5440458984869707,4.984940405732321,2
-0.5425274678928247,4.983002536055331,2
-0.5443417502672254,4.980313765100661,2
-0.5440925501310225,4.979540843575336,2
-0.5443649907158399,4.97761409211418,2
-0.5436173582922059,4.975295368072704,2
-0.542348149177613,4.97413039289804,2
-0.541351348632805,4.971038706796726,2
-0.539334656498049,4.967554818419565,2
-0.5403776177897957,4.965247563892969,2
-0.5404006234615313,4.9625481881595235,2
-0.5427125377476418,4.961406233083629,2
-0.5427353833442332,4.958707060022714,2
-0.5430074397487008,4.956780794975629,2
-0.5430301679568519,4.9540817705412294,2
-0.5428035359536594,4.950610027254029,2
-0.5425768185770554,4.947138392058843,2
-0.5415795911651955,4.9440472464176,2
-0.5413527457284726,4.940575773360436,2
-0.5406047931545501,4.938257454664008,2
-0.5401061581052673,4.936711908866393,2
-0.5388372157825838,4.935546595904185,2
-0.5396298457404356,4.93246785207144,2
-0.5388818611514825,4.930149573909521,2
-0.5376129828588567,4.928984179878302,2
-0.5381338765625294,4.927831295747602,2
-0.5363441472529349,4.927818731801079,2
-0.5376352201698964,4.9262857769729855,2
-0.5379067323188735,4.924360201012483,2
-0.536637907384625,4.9231947394237565,2
-0.5361392509919902,4.921649220649144,2
-0.5361613602429145,4.918950979881846,2
-0.535934055924109,4.915480087819255,2
-0.5357066662318939,4.912009303848681,2
-0.534958585597856,4.909691147290278,2
-0.5344817076341783,4.9054478066049185,2
-0.5350239849147869,4.901597600489026,2
-0.5350456566269806,4.8988999136933025,2
-0.5342974479328255,4.8965819192729185,2
-0.5356091574093771,4.892352588264764,2
-0.5330719557512928,4.89002109760424,2
-0.5348178507393904,4.895429656671293,2
-0.5345899594783852,4.891959507741298,2
-0.5351530547370853,4.885412695749828,2
-0.5359227430532592,4.885033246581514,2
-0.5366924313694348,4.884653797413208,2
-0.5382318080017843,4.883894899076584,2
-0.5374833111723678,4.881577269466746,2
-0.5375044386290693,4.878880271757602,2
-0.5385446252849668,4.8765765302214525,2
-0.5380455633686321,4.875031524883905,2
-0.5380665200785142,4.872334743358795,2
-0.537816978448669,4.871562254201521,2
-0.5375674368188257,4.87078976504425,2
-0.536818811929292,4.868472297572431,2
-0.5386281533175517,4.865789782443056,2
-0.5391480438836496,4.864638168393515,2
-0.5378586784348993,4.866168961381334,2
-0.5383578043812953,4.86771388564987,2
-0.5393768742521701,4.868107128311358,2
-0.5406455497829477,4.869272779061113,2
-0.5421846062650069,4.868514286069544,2
-0.541935000605104,4.867741877981281,2
-0.5422052855113062,4.865817855843467,2
-0.542974781737307,4.86543864988219,2
-0.5439939156382376,4.865831811474671,2
-0.5452627192291324,4.8669973000864,2
-0.546032247470162,4.866618053590614,2
-0.5468017757111916,4.866238807094831,2
-0.5468222628673125,4.8635426200757905,2
-0.5473216235905856,4.865087247091296,2
-0.5496301762986509,4.863949548138443,2
-0.5488606587292963,4.864328781122726,2
-0.5496301762986509,4.863949548138443,2
-0.5498798886753171,4.86472182111169,2
-0.5491103604342875,4.865101067607476,2
-0.5488606587292963,4.864328781122726,2
-0.5496301762986509,4.863949548138443,2
-0.5503996938680054,4.86357031515416,2
-0.5491103604342875,4.865101067607476,2
-0.5491103604342875,4.865101067607476,2
-0.5496301762986509,4.863949548138443,2
-0.5478414501266293,4.863935714110763,2
-0.5475917590933168,4.86316341411451,2
-0.54811155361433,4.862011921668483,2
-0.5478821896619905,4.858543637325731,2
-0.5473827649086598,4.856999091379237,2
-0.548172406797141,4.853924130766977,2
-0.5499810438547605,4.851242507396716,2
-0.550001082800474,4.848546887860753,2
-0.5505206318729314,4.847395706179263,2
-0.5507903618519592,4.845472386639553,2
-0.5495214835593316,4.844306992608331,2
-0.5487522007668559,4.844685928339576,2
-0.5513098575660322,4.844321272515572,2
-0.5492517535803039,4.846230312148048,2
-0.547982917974382,4.845064864070821,2
-0.5490219094025317,4.842762635822865,2
-0.5474833865042879,4.84352045323935,2
-0.5464443523894289,4.845822735533314,2
-0.5474633902452766,4.846216018729308,2
-0.5464443523894289,4.845822735533314,2
-0.5467141250551641,4.843899361947592,2
-0.5464643699917922,4.843127143020357,2
-0.5454653497383077,4.8400382673113995,2
-0.5449658396115655,4.838493829456926,2
-0.5447160845481953,4.837721610529687,2
-0.5439469084724831,4.838100411145916,2
-0.5442165744214531,4.83617717267521,2
-0.5416793300766649,4.833845736060692,2
-0.5409301289166102,4.8315289982099685,2
-0.5396616027893,4.830363158299193,2
-0.5389124336442741,4.828046379913964,2
-0.5384129875475896,4.826501860990476,2
-0.5376638184025637,4.8241850826052435,2
-0.5376835905563713,4.821489800856824,2
-0.537433856836353,4.820717554906583,2
-0.5366846556762965,4.818400817055856,2
-0.5359354545162418,4.816084079205133,2
-0.5352058547631735,4.811072275790014,2
-0.5337073884130028,4.806438881157579,2
-0.5334576440213077,4.805666648718837,2
-0.5324391824359864,4.805272635901748,2
-0.5332273516331298,4.8021995398767245,2
-0.5327278415063894,4.800655102022251,2
-0.531978576316277,4.798338445240535,2
-0.5289235117105964,4.797156001444225,2
-0.5281743425655705,4.794839223058997,2
-0.527674896468886,4.793294704135512,2
-0.5269257273238619,4.790977925750276,2
-0.5254080757620851,4.789039069733665,2
-0.5231220378286476,4.787478014482151,2
-0.5228916814104121,4.784010986709053,2
-0.5213742005954582,4.7820719145084105,2
-0.5196071034489211,4.779360447731008,2
-0.5183394310557201,4.778193526900097,2
-0.5153049176362181,4.774314815015746,2
-0.5150552692896131,4.773542460973488,2
-0.5153241882212392,4.771620168307905,2
-0.5143255521481027,4.768530806184888,2
-0.5140950463263962,4.765063967572814,2
-0.5153625373010993,4.766231118099256,2
-0.514863176577828,4.764686491083754,2
-0.5143638158545514,4.763141864068253,2
-0.5146325426960079,4.761219814609699,2
-0.5143828516626954,4.760447514613453,2
-0.5151509285557427,4.760070105681898,2
-0.5146515251457657,4.7585255327124045,2
-0.5151698683187949,4.757375877830615,2
-0.515688190148472,4.756226249971821,2
-0.5151887440517893,4.754681731048336,2
-0.5146892979551048,4.753137212124852,2
-0.5136715940588008,4.752742239991143,2
-0.5154572894747425,4.752759911285313,2
-0.5157257922109899,4.750838145568295,2
-0.5164937623872756,4.750460871751763,2
-0.5177799263331266,4.748934132214458,2
-0.5188162498421907,4.746635281841932,2
-0.5201023070712729,4.745108677419648,2
-0.522424431689192,4.741283546900878,2
-0.5239602226382942,4.740529188428837,2
-0.5260139939234332,4.738625634466054,2
-0.5270498905654453,4.736327324553599,2
-0.5275678068714225,4.735178210131878,2
-0.5283356596592661,4.734801084941861,2
-0.5288535439502144,4.7336520110546445,2
-0.5298892485020552,4.7313539443492125,2
-0.5314426452546659,4.7279070469635975,2
-0.5314603364315857,4.725214399958016,2
-0.5347989483747071,4.721785781884144,2
-0.5373696328282431,4.718734383580806,2
-0.538922293235192,4.715288418488811,2
-0.5409751467561605,4.713386026515181,2
-0.543295126367136,4.709563611808253,2
-0.5456148498578752,4.705741521377373,2
-0.5476673618852068,4.703839561771794,2
-0.5510046185254325,4.7004126596586495,2
-0.55382451378685,4.698134169369133,2
-0.5566443236748562,4.695855787171631,2
-0.5602315914986811,4.693200779709681,2
-0.561782619139148,4.68975688187745,2
-0.5630670862884575,4.688232290668921,2
-0.5640851530217574,4.6886268034115695,2
-0.5648526643159588,4.68825011058961,2
-0.5661370887785662,4.686725573427086,2
-0.5671708510853097,4.684429965814974,2
-0.5681889605053119,4.684824424511618,2
-0.5704914303578672,4.6836944271147445,2
-0.5710082474811813,4.6825467043777,2
-0.5730599804761347,4.680645731111753,2
-0.5753623862986323,4.6795158147838904,2
-0.5763806024353979,4.679910138365518,2
-0.5766465653126804,4.677991588385908,2
-0.5753776123183165,4.6768262889351995,2
-0.5756435325088916,4.674907793001601,2
-0.5751420161069998,4.673365895309448,2
-0.5754078722675171,4.671447480444854,2
-0.5743897415041594,4.671053048771217,2
-0.5746555656496479,4.669134674441132,2
-0.5749213471084289,4.6672163541570555,2
-0.5751870858805059,4.665298087918984,2
-0.5746855054485565,4.663756271295842,2
-0.5752019810782283,4.662608980926848,2
-0.5754676238052205,4.660690836292293,2
-0.5747151891272342,4.658378192426589,2
-0.5744791126904811,4.6549184068184175,2
-0.5734758237664632,4.6518349357101485,2
-0.5727233570734498,4.64952233237895,2
-0.5727379534642321,4.64683360370886,2
-0.5724871205615507,4.646062749443296,2
-0.5732541729736713,4.64568663761591,2
-0.5737703711397568,4.644539698545962,2
-0.575304454620646,4.643787501914197,2
-0.5763367442360572,4.641493758889318,2
-0.5773689484780551,4.639200123956456,2
-0.5781501277271985,4.636135877965064,2
-0.5796981139399104,4.632695830910816,2
-0.5812459080624457,4.629256027063608,2
-0.5827935100948096,4.625816466423423,2
-0.5848430553961137,4.623918263015327,2
-0.5863767760400087,4.623166525774618,2
-0.5873947360565435,4.623561173632286,2
-0.589430720119676,4.624350388278607,2
-0.5904487441662685,4.624744955067264,2
-0.5919825501835732,4.623993109734538,2
-0.5940187049935215,4.624782108196836,2
-0.5973376194845699,4.6240486772908795,2
-0.6014235650443851,4.622939161580536,2
-0.6049939740820456,4.622975747227038,2
-0.607281911573871,4.624534397431248,2
-0.6088159096813506,4.623782308891489,2
-0.6093186213109938,4.625322693295448,2
-0.609821332940637,4.626863077699408,2
-0.6100726887554568,4.627633269901388,2
-0.6113424741405726,4.628797515454963,2
-0.6138950939085195,4.628439237059769,2
-0.6166992082230802,4.628850975217031,2
-0.6200063756609264,4.630802665410197,2
-0.6215279437279175,4.632736562705684,2
-0.6227980919500276,4.633900348868195,2
-0.6207607632556815,4.6331128366710885,2
-0.6146492894130997,4.630749651527687,2
-0.6161835222974599,4.629997265734893,2
-0.6177177551818165,4.629244879942103,2
-0.6177177551818165,4.629244879942103,2
-0.6194906790636274,4.631948969439563,2
-0.621540672575339,4.630050198548393,2
-0.6210249973213937,4.631196475554759,2
-0.6197421309235356,4.63271904003803,2
-0.6197421309235356,4.63271904003803,2
-0.6225466080750888,4.633130318804238,2
-0.6225338365409616,4.635816737007527,2
-0.6230495758249663,4.634670378932153,2
-0.6220436403252148,4.631590258676315,2
-0.6228108101257774,4.631213998222407,2
-0.6245966656168651,4.631231466844056,2
-0.6256153726507439,4.631625168896601,2
-0.6258668992123866,4.632395144914554,2
-0.6279169460824789,4.630496306465876,2
-0.6291872757230941,4.63165986293286,2
-0.631740514448266,4.631300800870566,2
-0.6350610510341177,4.6305653162163445,2
-0.6363438534019181,4.629042832802085,2
-0.6376266130830146,4.627520403433834,2
-0.6391730945893617,4.624082261501329,2
-0.6402039755434927,4.621790301994679,2
-0.6402158826718392,4.619104978223028,2
-0.6414983648893493,4.6175829001538204,2
-0.6402277257701279,4.616419735520385,2
-0.6412583506040264,4.614128100289779,2
-0.6430559424766411,4.611460461323794,2
-0.6443382112606262,4.6099386534846225,2
-0.6443497128652709,4.607253843150037,2
-0.6440978661533361,4.606484272477132,2
-0.6448762600949589,4.603423552987685,2
-0.6456432271336698,4.603047549252313,2
-0.6464214610001431,4.5999870324353935,2
-0.6459176608595154,4.598448026204608,2
-0.645413860718886,4.596909019973825,2
-0.6438800760449368,4.597660838283545,2
-0.6446469683819096,4.5972849291286835,2
-0.6438913001859952,4.594976379247999,2
-0.6439024602969976,4.592292001281468,2
-0.6431467600860543,4.589983491935293,2
-0.6431578241519684,4.587299235572271,2
-0.6431688241878266,4.584615060278267,2
-0.6421611385331563,4.581537155908709,2
-0.6421720318522492,4.578853115729718,2
-0.6426975332576585,4.575024149694542,2
-0.6416897195428728,4.571946407463006,2
-0.6414484353280674,4.568493215467669,2
-0.6404405789265759,4.565415527282138,2
-0.6391701852559102,4.564252051884168,2
-0.6381623715411262,4.561174309652632,2
-0.6374065112550351,4.558866002978981,2
-0.637417009722105,4.556182462725552,2
-0.6371650456217317,4.55541304067917,2
-0.637175469387067,4.552729595006259,2
-0.6379521131737675,4.549671091403091,2
-0.6384766114416021,4.545843395449069,2
-0.6384867684150244,4.543160287563701,2
-0.6397771558822569,4.538957952535984,2
-0.6392730355913372,4.537419351650254,2
-0.6377507418503559,4.535486373136887,2
-0.6382548407979236,4.537025001045624,2
-0.6403011632529747,4.5351308781110475,2
-0.6420855140376993,4.535150251854432,2
-0.6443936160729091,4.531342875448921,2
-0.6436371795162987,4.529035298396362,2
-0.6446649870276513,4.526747230202208,2
-0.6472247650279712,4.523709640653628,2
-0.6472341322973492,4.521027532619382,2
-0.6467296918561392,4.519489337078699,2
-0.6475049163098916,4.5164326305052676,2
-0.6495413272400725,4.517221304691521,2
-0.6497935901473824,4.517990348415854,2
-0.6508118382991785,4.518384631462975,2
-0.6520823920449921,4.519547904188421,2
-0.6531006935551691,4.519942119678035,2
-0.6543804118085106,4.5184235410877704,2
-0.6556600873751464,4.516905016543511,2
-0.6569397202550729,4.515386546045264,2
-0.6607696464775081,4.5135127426591914,2
-0.6630676022109672,4.512388460627552,2
-0.6648606052627564,4.509726631607311,2
-0.6645995726999434,4.511638939273123,2
-0.6656180342852664,4.512032952090205,2
-0.666636517213945,4.5124269378842925,2
-0.6681685303896234,4.511677362483859,2
-0.6689345369774635,4.511302574783638,2
-0.6709800056984108,4.509409532769197,2
-0.6735305765044988,4.509053848582337,2
-0.6745573808782694,4.5067670504693425,2
-0.6763500637797684,4.504105626794157,2
-0.6786479554831697,4.502981425831525,2
-0.6814590999699917,4.500714014973418,2
-0.6827304967782357,4.501876220290232,2
-0.6847756666922429,4.49998355659784,2
-0.6868131447900634,4.500770879633919,2
-0.6852888661172827,4.4988404142598775,2
-0.6873263442150979,4.49962773729596,2
-0.6878395222967821,4.498484621980996,2
-0.6896317569878718,4.495823765788884,2
-0.6919295846612172,4.49469964589526,2
-0.6952462581002319,4.493969052404665,2
-0.6980571251234711,4.491701992845606,2
-0.7016407407715448,4.486381361381508,2
-0.7024066406426197,4.486006708796307,2
-0.7031725405136946,4.485632056211106,2
-0.7047110502778171,4.482204007370392,2
-0.7054835321107493,4.479150773252897,2
-0.7082937481617257,4.476884537895447,2
-0.7103380643416308,4.4749929551231915,2
-0.7123823164914764,4.473101453419947,2
-0.713920057894903,4.469674377407355,2
-0.7146858297058643,4.469299886960176,2
-0.7157108625813642,4.467015331756468,2
-0.7175015392077082,4.464356448243606,2
-0.7192920877739386,4.461697726868756,2
-0.720063481095881,4.4586458709244425,2
-0.71956239977027,4.454433174324986,2
-0.7195734080153624,4.44907874058374,2
-0.7185599169687649,4.4460081864711185,2
-0.7183118989261921,4.442563520233367,2
-0.7162795621139253,4.439099439717722,2
-0.716796824985197,4.435280904561875,2
-0.7162900367751917,4.433745681551571,2
-0.7165485828374205,4.431836522065659,2
-0.7178258252618477,4.430321078143795,2
-0.7203801820505937,4.427290352438085,2
-0.7201267132438574,4.426522835513442,2
-0.7206385253509673,4.425381449670706,2
-0.7214038062648154,4.425007580752606,2
-0.7229343680925133,4.424259842916403,2
-0.72446958030865,4.420835969129719,2
-0.7262581759581064,4.418179720359689,2
-0.7272814373353391,4.415897408065266,2
-0.7298349830766799,4.412867709233691,2
-0.7323883580712014,4.409838226586139,2
-0.7328998286846709,4.408697273111457,2
-0.7323924428607924,4.407162806745248,2
-0.732396463620324,4.404487467973368,2
-0.7316353528694766,4.4021858089585635,2
-0.7324043130492157,4.399137033636638,2
-0.7321544061199301,4.395694758934688,2
-0.7308857281267063,4.391858863249205,2
-0.7308894287359529,4.389183929822373,2
-0.7306356824656319,4.38841676419678,2
-0.7306393083731386,4.385741925350462,2
-0.7283483721402604,4.384187071878241,2
-0.7275871653443282,4.381885534466949,2
-0.725803849712209,4.381864850107895,2
-0.7263149148019767,4.380724410070275,2
-0.7263184873511044,4.378049638781462,2
-0.7265757421404953,4.376142114187257,2
-0.7258145033295342,4.373840617310474,2
-0.7247960737592365,4.373446563958886,2
-0.7242886025619466,4.371912205684694,2
-0.7237811313646567,4.370377847410499,2
-0.722509040897453,4.369216520341297,2
-0.7209832788616612,4.367287933065992,2
-0.7204758503510789,4.365753520745795,2
-0.7204792414817085,4.363078979152512,2
-0.7184427665214663,4.362290386035269,2
-0.7176816557706189,4.359988727020465,2
-0.7197180667008034,4.360777401206718,2
-0.7209933241934348,4.359264470424172,2
-0.719978339112151,4.3561958079217895,2
-0.7209997009309941,4.353915900674675,2
-0.7199846304762989,4.35084734626431,2
-0.7210058215483173,4.348567655201226,2
-0.720498243634264,4.347033432042046,2
-0.721262585440595,4.346660752136096,2
-0.7230450900253143,4.34668246336928,2
-0.7235556108595897,4.345542712418251,2
-0.7240661103505133,4.3444029884902235,2
-0.7248304414851656,4.344030322095776,2
-0.7253409089610621,4.342890638702251,2
-0.7271260790024172,4.340238727124273,2
-0.7304372138414124,4.339515146103068,2
-0.7309475746005454,4.338375597824562,2
-0.7324785288178219,4.334957115127068,2
-0.7334990582459078,4.332678261777087,2
-0.7342610654175665,4.334978785825751,2
-0.7319705667234206,4.333423378381951,2
-0.7312086235818214,4.331122773264283,2
-0.7301926993930188,4.328055299774057,2
-0.7312130367309315,4.325776689631102,2
-0.7307050319498245,4.324243006931994,2
-0.7324873124293365,4.324265001906717,2
-0.732997417068237,4.323125777904256,2
-0.7307050319498245,4.324243006931994,2
-0.732233288695431,4.323498187580167,2
-0.7335075003637854,4.32198658092479,2
-0.7355457763748809,4.320102645662512,2
-0.7363116951268616,4.317057721118573,2
-0.7370774858187321,4.314012958712656,2
-0.7383514306951717,4.312501689844826,2
-0.7401351814035735,4.309851575296577,2
-0.7416645988994599,4.3064350382553265,2
-0.740647778289846,4.303368699731237,2
-0.7459963969734424,4.298091938363154,2
-0.7475242055086451,4.297347686494394,2
-0.7505798225790503,4.295859182756885,2
-0.7513445034165791,4.2928158255471445,2
-0.7523634534365673,4.290538971899416,2
-0.754399992426869,4.291327483947647,2
-0.7564371585836245,4.289444953881549,2
-0.7592381116195455,4.287190446507587,2
-0.7630573661656399,4.285330154623239,2
-0.7640759320052819,4.283053787389573,2
-0.7673858609448523,4.282331733168064,2
-0.7678950798346147,4.2811936306202405,2
-0.7694227389663499,4.2804495679125125,2
-0.7722233718519789,4.278195465883606,2
-0.7752786474287419,4.276707394514144,2
-0.7760420369934327,4.273665672196117,2
-0.7765515358092259,4.275197463284982,2
-0.7780791522542518,4.274453454623256,2
-0.7813891985822643,4.273731251775224,2
-0.7844444741590255,4.272243180405766,2
-0.7882635686299793,4.270383091193942,2
-0.7903000838144774,4.268501385329451,2
-0.7915727374180843,4.2669917513533235,2
-0.7928453483349855,4.265482171423201,2
-0.7946279276214359,4.265503788075879,2
-0.7951367089724677,4.26436623949963,2
-0.7969193202739504,4.264387815617795,2
-0.7979381660396214,4.264781342020822,2
-0.7984469153756262,4.263643833979074,2
-0.7997194302474373,4.262134375652472,2
-0.8015005663951378,4.259487571422142,2
-0.8027729638785104,4.257978261722059,2
-0.8043004736067747,4.257234388175348,2
-0.806083159609992,4.257255869713003,2
-0.8093934407148797,4.256533369611937,2
-0.8093915280223687,4.253865543235012,2
-0.8093915280223687,4.253865543235012,2
-0.8116827605997408,4.252749773449452,2
-0.8144824330344971,4.2504968874557,2
-0.8165182972467431,4.248616005792812,2
-0.8170266730740767,4.247478970653624,2
-0.8185540974289296,4.246735205198931,2
-0.8193178096063551,4.246363322471584,2
-0.8218643571904671,4.246012732120867,2
-0.8223700733079458,4.242208816409875,2
-0.8233837917440816,4.237268338462261,2
-0.8236364683843256,4.23536661030229,2
-0.8256717776693989,4.233486431237488,2
-0.8277070229244146,4.2316063332417,2
-0.8297390321990576,4.227060084295193,2
-0.8310137585703163,4.2282180740234665,2
-0.8315217182022696,4.227081565832851,2
-0.8327931979214824,4.225573418121915,2
-0.8335533432965647,4.222535803300406,2
-0.8332942267105992,4.219105189024443,2
-0.8345690277835942,4.220263084172206,2
-0.8348211601683424,4.218362045098829,2
-0.8355809960648148,4.215324822110873,2
-0.8353215913435896,4.2118945726454555,2
-0.8363407039011701,4.212287761260939,2
-0.8373598378021025,4.212680922853416,2
-0.8378675092987944,4.211544779473343,2
-0.8388866645430806,4.211937914042821,2
-0.8386270250449748,4.208507961830438,2
-0.8393864127310415,4.205471306325553,2
-0.8409130900685522,4.204728486675982,2
-0.8419281129116492,4.202456605260888,2
-0.8421797543992859,4.20055618771659,2
-0.8419239164804022,4.199791670345327,2
-0.8429387685766798,4.197520005114264,2
-0.8424270500522084,4.195991024417754,2
-0.8424226828741403,4.193326305686227,2
-0.840891894478796,4.191404082328226,2
-0.841143333204581,4.18950392150246,2
-0.8401243166920889,4.189110611283468,2
-0.8398684574298514,4.188346120935211,2
-0.8383377757512704,4.186423762462198,2
-0.8373188339405093,4.186030357662695,2
-0.8368071581027419,4.184501322920177,2
-0.8355324317314832,4.183343333191903,2
-0.8378215833319658,4.182230198149178,2
-0.8390918037933677,4.180723644795442,2
-0.8365468356173551,4.181072235443903,2
-0.8380774425942015,4.1829946884974305,2
-0.8385846338654606,4.181859153134937,2
-0.8373098648074961,4.180701217452668,2
-0.8360351384362374,4.179543227724391,2
-0.8345046168327972,4.177620666578857,2
-0.832467032018215,4.176833478657791,2
-0.8296621468805156,4.173752468392916,2
-0.828387676629486,4.172594154388598,2
-0.8276203229479844,4.170300399602301,2
-0.8268529692664792,4.168006644816003,2
-0.8250670579545663,4.165318998816133,2
-0.8250624773429696,4.162654550314638,2
-0.8248066927824684,4.161889965385871,2
-0.8255647358373164,4.1588550123302035,2
-0.8250531240296084,4.157325896518678,2
-0.8250483513278368,4.1546616912242165,2
-0.8263128919949825,4.150492081053663,2
-0.8273212959363043,4.145558331833904,2
-0.8273161710692136,4.142894572418999,2
-0.82883595204137,4.139490236263796,2
-0.8303555409233461,4.136086143315634,2
-0.8323813606257104,4.131547731040129,2
-0.8331381230793973,4.1285143993646685,2
-0.8349131550282305,4.125875323713323,2
-0.8356696506900114,4.122842329825406,2
-0.8366821123307879,4.120573691170726,2
-0.83845677077095,4.117935088421945,2
-0.8412497307212927,4.1156907011627695,2
-0.844042605298224,4.1134464219956115,2
-0.8453108941862091,4.11194231422369,2
-0.8458169009013918,4.110808278637887,2
-0.8480970004578943,4.107036356412888,2
-0.8508826798625311,4.102130939062157,2
-0.852656431210205,4.099493484791019,2
-0.854935762406015,4.095722535394149,2
-0.8574712943577012,4.092715643977474,2
-0.8605196546881935,4.091236328061129,2
-0.8630549305196471,4.088229760920495,2
-0.8663520830001943,4.0848536350308144,2
-0.8676195608407813,4.08335055413302,2
-0.8668497099870134,4.081059961038125,2
-0.8683657772157982,4.077660326885528,2
-0.871910761395533,4.072388607057658,2
-0.8734346214104907,4.071649354444535,2
-0.8746933460140323,4.067487108042425,2
-0.877732323478579,4.063349423800361,2
-0.8802747411239498,4.063004062400811,2
-0.8815416000073029,4.061501765170121,2
-0.8835702608380203,4.059630003770884,2
-0.8866176393742933,4.0581519309127,2
-0.8858467960546275,4.055862594387467,2
-0.8860946917838675,4.053966919380272,2
-0.8883892136999965,4.0555172329879134,2
-0.8888940465307869,4.054384683667298,2
-0.8893988580182199,4.053252161369688,2
-0.8906654394379885,4.0517502154380445,2
-0.8914272307136724,4.051380764781005,2
-0.8921890219893598,4.0510113141239685,2
-0.8939696697023969,4.051035376358453,2
-0.8944838000257196,4.0525613034555725,2
-0.8962645331121664,4.052585257598043,2
-0.8972834642512453,4.052978675909056,2
-0.8988071535193818,4.052239639479964,2
-0.9000832565368935,4.053395886224514,2
-0.9011022623777087,4.0537892099550135,2
-0.9016165421045024,4.055314947891105,2
-0.9018736819678974,4.056077816859155,2
-0.9021308218312942,4.056840685827204,2
-0.9026451015580861,4.058366423763296,2
-0.901378338719816,4.059868599390473,2
-0.903416521148273,4.060655030667441,2
-0.9051976277433891,4.060678511907351,2
-0.9074931421254142,4.062227568945339,2
-0.9097887845675583,4.063776463845301,2
-0.9108080465286079,4.064169463299759,2
-0.9118273298330077,4.064562435731212,2
-0.9136087138917084,4.064585565672079,2
-0.9174191109464491,4.062736488334156,2
-0.9184385009676124,4.063129325650593,2
-0.9207247712154825,4.062019838713333,2
-0.9230110414633579,4.0609103517760765,2
-0.9247926176122299,4.060933238509911,2
-0.9270789198751324,4.059823711038149,2
-0.9298698522069717,4.057581890964304,2
-0.9334332392816052,4.057627367178931,2
-0.9362346643337247,4.058042510234632,2
-0.9387786400438429,4.057695176155828,2
-0.9420740957278522,4.05432119859492,2
-0.9456270220972289,4.0517096711455025,2
-0.9481710725090746,4.051362242486189,2
-0.9507040432584404,4.048358593829931,2
-0.9524747638500362,4.0457249768252765,2
-0.9557694725167067,4.042351945069491,2
-0.957539894301366,4.039718706386889,2
-0.9585481726450169,4.037455364240881,2
-0.960060430085349,4.034060553694399,2
-0.9618423477278704,4.0340830080601755,2
-0.9623463801829324,4.032951472102191,2
-0.9630963981371732,4.029926679695819,2
-0.964866222307954,4.027294197657312,2
-0.9658740097544971,4.0250314770403826,2
-0.9663778714627398,4.023900157266425,2
-0.9656037305950846,4.021614995795222,2
-0.9655914236898226,4.018960329620974,2
-0.9640554488597779,4.017044672852812,2
-0.9630232610362377,4.013997790891207,2
-0.9627527897866521,4.010581552853072,2
-0.961474979300931,4.009427467948793,2
-0.9612044440212841,4.006011310979673,2
-0.9596686506097356,4.004095424515981,2
-0.9591399830007976,3.9999176551484723,2
-0.9576042749626588,3.99800166059277,2
-0.9588437880863463,3.9911934899580217,2
-0.958069519158574,3.988908490624837,2
-0.958056646654466,3.9862545405601786,2
-0.9567790709456254,3.985100158402865,2
-0.954740184186532,3.984314618885005,2
-0.9547273010107471,3.9816606823318494,2
-0.9557337438260696,3.9793996641641414,2
-0.9554626002608764,3.9759842773506193,2
-0.955694453998138,3.971438665194775,2
-0.9564424016471662,3.9684164940197313,2
-0.9579513615395179,3.9650258585272766,2
-0.9594601293416858,3.9616354662418622,2
-0.9602076287803101,3.9586138625498926,2
-0.9609550001588225,3.955592420995945,2
-0.9617022434772142,3.9525711415800195,2
-0.9632103389637763,3.9491816005192106,2
-0.964718242360167,3.9457923026654207,2
-0.9662259536663793,3.942403248018671,2
-0.9679918826753013,3.9397756976783,2
-0.9687383789763508,3.9367553640674906,2
-0.9705040411933599,3.9341281515146562,2
-0.9727718896654309,3.930371740493637,2
-0.974034981447037,3.928874212823054,2
-0.9742787045508319,3.926983820813028,2
-0.9763024670821103,3.9251182611930844,2
-0.9783261655833293,3.923252782642159,2
-0.9785545616974574,3.9187115482128725,2
-0.9818407223513823,3.915349339169957,2
-0.9848834480367756,3.913877157326521,2
-0.9879105372538817,3.909754524897373,2
-0.9914549582972185,3.9071537661148312,2
-0.994999272623792,3.904553142447302,2
-0.9985434802335984,3.9019526538947886,2
-1.001828595063241,3.898591768979049,2
-1.0048709792549904,3.8971200195036673,2
-1.007896713169206,3.892999103035237,2
-1.0111812623999992,3.889638934229083,2
-1.0139642550046446,3.8874071667125207,2
-1.0175076835820835,3.8848076644996326,2
-1.0205324357020729,3.88068799108936,2
-1.023055737912678,3.8776965838536555,2
-1.0258382396202084,3.875465437866172,2
-1.0291216789966668,3.872106674256198,2
-1.0314029869150438,3.8710034701672384,2
-1.0339257341984762,3.868012765529631,2
-1.0372087040211753,3.8646545964257264,2
-1.0402502771655175,3.8631838738244824,2
-1.0430322132742056,3.860953443946581,2
-1.044794023016058,3.8583311090458707,2
-1.047575756362896,3.8561009358865093,2
-1.0508579791682546,3.8527437125877313,2
-1.0541399885400793,3.849386759518989,2
-1.0553815104013662,3.845246293657649,2
-1.058422571305245,3.8437762196084826,2
-1.0606838246813375,3.840028158695521,2
-1.0614244195453733,3.837015296945168,2
-1.0621648863492918,3.8340025973328338,2
-1.0639253728032827,3.831381937858332,2
-1.0664257924773768,3.825749254346583,2
-1.0676656922438568,3.8216108422335076,2
-1.0686655613065525,3.819358147150858,2
-1.0691654638228734,3.818231840144037,2
-1.069665344995844,3.817105560160222,2
-1.0709252032595202,3.815612126474658,2
-1.0724452001276426,3.8148777650251624,2
-1.0742253996302686,3.814902394742713,2
-1.0765054269474863,3.8138008120339677,2
-1.077765189166076,3.812307499951917,2
-1.0792851860341983,3.811573138502421,2
-1.0823041861206466,3.807460747791577,2
-1.0838029972487977,3.804082961737258,2
-1.0860828004608098,3.802981662770044,2
-1.087602669268815,3.802247463458567,2
-1.0891225380768255,3.80151326414709,2
-1.0906424068848342,3.800779064835613,2
-1.0941815667917343,3.798184967223417,2
-1.095940249732422,3.7955665911927063,2
-1.096938923567368,3.79331540939825,2
-1.0989579692177092,3.791455821862069,2
-1.1002170911357183,3.7899633204701253,2
-1.1030179719323474,3.7903791526124095,2
-1.1068173771604606,3.7885439921212622,2
-1.1083371392517023,3.787809927924801,2
-1.1093354075629502,3.785559259567407,2
-1.1123748463720293,3.784091239266502,2
-1.1131347060742982,3.7837242341912756,2
-1.1151307731430382,3.7792234919825667,2
-1.1153688829450772,3.7773402070224478,2
-1.1191678613061384,3.7755055869913647,2
-1.121685144691284,3.772521800242636,2
-1.1239412649910605,3.7687802383620017,2
-1.125176394518217,3.7646478658901934,2
-1.1269333806623703,3.7620316381882546,2
-1.1284291503627628,3.7586577029119326,2
-1.1291651137192673,3.7556507051533217,2
-1.1291413667769739,3.753010523308916,2
-1.1298771060282746,3.7500038092918437,2
-1.1290936808022085,3.7477304028271377,2
-1.128049113834118,3.7446991942075236,2
-1.12726568860805,3.7424257877428175,2
-1.1264822633819822,3.740152381278108,2
-1.1272175971095866,3.737146180698101,2
-1.1266952709388338,3.7356306304343008,2
-1.1256747603916555,3.7352392118255473,2
-1.1228744772088994,3.7348226230391646,2
-1.1200021528235347,3.726486502082196,2
-1.122018626599873,3.7246301708179317,2
-1.1219943354020838,3.7219906780601164,2
-1.1212108461459582,3.719717352664418,2
-1.1217331723167092,3.7212329029282145,2
-1.1214720092313346,3.720475127796316,2
-1.120688519975209,3.718201802400614,2
-1.1201661938044598,3.7166862521368174,2
-1.1211620076301507,3.714438691424821,2
-1.122157736082432,3.7121912388048415,2
-1.1231533791613,3.7099438942768685,2
-1.1241489368667583,3.7076966578409127,2
-1.12590339382362,3.7050836323648824,2
-1.1268987594389017,3.7028366391359633,2
-1.1271350977426717,3.7009555970851267,2
-1.1281303139544914,3.698708793017225,2
-1.1309046198145936,3.6964880238630613,2
-1.1334174210956842,3.69350991194505,2
-1.1364529754145725,3.692046809830771,2
-1.1397243878117997,3.688703273683238,2
-1.1404832550481707,3.688337525177669,2
-1.14275985675728,3.687240279660969,2
-1.144277591230022,3.686508782649838,2
-1.1463185269509708,3.687291727959362,2
-1.147836304110415,3.6865601769022227,2
-1.1501129698495873,3.6854628503165117,2
-1.1518924223348712,3.685488425839189,2
-1.1544045833153778,3.682511124611281,2
-1.1577018556468133,3.6818050950308105,2
-1.1592196328062574,3.6810735439736746,2
-1.1607374099657068,3.6803419929165315,2
-1.161496298545428,3.6799762173879635,2
-1.1642966564299169,3.680392711593832,2
-1.1670704073628535,3.6781726450377583,2
-1.1701060043684492,3.6767094888774707,2
-1.17264466558375,3.676368883526525,2
-1.1754453863052348,3.6767849183413333,2
-1.1787431495337817,3.6760782672317838,2
-1.1815441157038205,3.676493991282058,2
-1.1810472119285507,3.6776165015568942,2
-1.1805502868099307,3.6787390388547365,2
-1.1818333904471139,3.6798864220541603,2
-1.1841104083516036,3.6787886495888884,2
-1.1874085664321772,3.6780814985537766,2
-1.1902099487975946,3.6784966956554825,2
-1.1940327274593283,3.679302189911297,2
-1.1978557622412964,3.6801073598910747,2
-1.2009199191152131,3.6812782918879208,2
-1.2029627970812573,3.682058778104132,2
-1.2044811078245203,3.681326551471905,2
-1.2062617662092308,3.681350600194886,2
-1.208304836265448,3.6821308432040674,2
-1.2108447994252618,3.681788589449912,2
-1.2133848266151297,3.6814462546267492,2
-1.2164216615351826,3.6799815311322597,2
-1.2212394536468825,3.678540478038709,2
-1.2252981437453325,3.6774654707037655,2
-1.2281010841754973,3.677878695126214,2
-1.2298822334573174,3.67790212232012,2
-1.232422698185914,3.677559233525386,2
-1.235197068076081,3.6753383833022077,2
-1.2389933785180567,3.6735071411465583,2
-1.2417676096764243,3.671286466572905,2
-1.2430232739713034,3.669798342907516,2
-1.2457973557262036,3.6675778574948907,2
-1.2462936939026275,3.6664560633296404,2
-1.247549219465716,3.6649681153137763,2
-1.2480455042837573,3.663846388706041,2
-1.249300955145106,3.662358535270691,2
-1.250556363319749,3.660870735881346,2
-1.2515487408656618,3.6586275258729017,2
-1.2525410330381597,3.6563844239564744,2
-1.2542923525221745,3.6537753708619505,2
-1.2542623092908407,3.65114316080356,2
-1.2549912506843164,3.6481450536130815,2
-1.2564790806575168,3.644781170894035,2
-1.2574708605895513,3.642538717529689,2
-1.256681480568087,3.6402728504829405,2
-1.2561552272204466,3.6387622724517783,2
-1.255396285282341,3.6391281155378543,2
-1.2548700532780526,3.637617510483686,2
-1.2535849220223643,3.6364726944695853,2
-1.2522998334533817,3.635327824409483,2
-1.2525325007004895,3.6334514303152403,2
-1.2520062900395548,3.6319407982380696,2
-1.25072126550063,3.6307958471089528,2
-1.2496993676355252,3.6304061849954223,2
-1.2494362836484108,3.629650841933831,2
-1.2471295106478522,3.6281160395301626,2
-1.2461076981561554,3.6277262693246186,2
-1.245844646184068,3.626970885728525,2
-1.2466033853603236,3.6266052993609748,2
-1.245844646184068,3.626970885728525,2
-1.2463403227165628,3.625849929276381,2
-1.2480903189127108,3.6232425516080724,2
-1.2485859207434657,3.6221216897364457,2
-1.2503357355211193,3.6195145417636674,2
-1.2513267684358098,3.6172730342044375,2
-1.2507695754360224,3.6131313810810255,2
-1.2502432367149687,3.611620911141877,2
-1.251760394917186,3.6108901437518384,2
-1.2509708228055487,3.608624519912116,2
-1.251698280836015,3.605628290820384,2
-1.2526576057378627,3.600756680997037,2
-1.2541431626440005,3.597395676227851,2
-1.255891835552287,3.5947899739857583,2
-1.25714532282519,3.593304606666724,2
-1.2576087150743156,3.5895542775715583,2
-1.2581037086195224,3.588434185855526,2
-1.2591254250661308,3.5888240776645866,2
-1.2606421350579406,3.5880938777576183,2
-1.262158845049754,3.5873636778506537,2
-1.2634121188891285,3.585878580761655,2
-1.2646653500418026,3.584393537718654,2
-1.2666768614886443,3.58254348930269,2
-1.2699413906546333,3.5792086680737647,2
-1.2711944297171307,3.5777238682378005,2
-1.274985884546373,3.5758987738154318,2
-1.2729421101595193,3.5751194225653684,2
-1.2749532907843957,3.5732697930059523,2
-1.275447910820926,3.572150174192487,2
-1.2782499975169852,3.5725644795350746,2
-1.279997400495784,3.5699603851616857,2
-1.282272145333211,3.568865490646285,2
-1.2827336166805985,3.565117593621423,2
-1.2837224725733165,3.562878842408548,2
-1.2852055963372493,3.559520918261761,2
-1.2864580698009043,3.5580368345353897,2
-1.2866885280110125,3.5561632373220036,2
-1.2858970029826047,3.5539000860871006,2
-1.2866215903321336,3.5509074915893315,2
-1.2876099339843883,3.548669388928534,2
-1.286554396533024,3.545652070132693,2
-1.2870147580260731,3.5419055783040143,2
-1.285992913519351,3.5415158486329723,2
-1.2849710903559775,3.541126091938928,2
-1.283191371078786,3.541100854203794,2
-1.2824334536216107,3.5414654001857073,2
-1.2814116944882983,3.5410755624226518,2
-1.2808840111360293,3.5395667949327176,2
-1.2793346326805022,3.537668108610717,2
-1.2777853182550363,3.535769341219705,2
-1.2759722581985198,3.533116068480215,2
-1.2736653357944903,3.5315814552375677,2
-1.2718860753993795,3.5315556365078606,2
-1.2706008267552509,3.5304109691202825,2
-1.2693156207978316,3.529266247686696,2
-1.2675365098061846,3.529240239795964,2
-1.2652300356125625,3.5277050590702466,2
-1.2616721124362158,3.5276526649667375,2
-1.259135596227864,3.527990554505834,2
-1.2553143649591956,3.5271831010822687,2
-1.2535024787870768,3.524528342077584,2
-1.2522178064134692,3.5233829450689136,2
-1.250933176726571,3.5222374940142345,2
-1.248397151415329,3.5225747620242487,2
-1.2440827621297874,3.5228850763384187,2
-1.2415469182370398,3.5232221146529135,2
-1.2387477342369486,3.522804134181854,2
-1.2351912624085841,3.522749902514107,2
-1.2331497504171125,3.5219676868256755,2
-1.2311083237990488,3.5211853630452303,2
-1.2285403877131156,3.51889278550966,2
-1.225478599951341,3.5177188539594333,2
-1.2229110267024002,3.5154258170328063,2
-1.2211332923570062,3.515398066158351,2
-1.2188291979472048,3.5138598723677497,2
-1.2155048811254865,3.511929895157845,2
-1.2124439577694979,3.510754869175976,2
-1.208857015842744,3.50806896790991,2
-1.206553593748552,3.5065299228947,2
-1.205007320750843,3.5046273047257017,2
-1.2034611117831915,3.502724605487689,2
-1.20040105283298,3.5015484850741885,2
-1.1988550359555017,3.499645542629146,2
-1.1962891915181295,3.4973503168392384,2
-1.192209838591845,3.495781237505785,2
-1.191683926737845,3.494270227106565,2
-1.1906321030298468,3.4912482063081214,2
-1.1880668135196437,3.488952277920127,2
-1.1865213088826287,3.4870486869229964,2
-1.1847129550353799,3.4843894556112502,2
-1.182641783992917,3.480974543450362,2
-1.1810965034611058,3.479070668711703,2
-1.1800449358733385,3.476048323637219,2
-1.180769256430965,3.4730560669269863,2
-1.1792240506008849,3.471152097607817,2
-1.1807369828192762,3.4704266807724586,2
-1.180967579761175,3.468552907909551,2
-1.181198134016368,3.4666791890926483,2
-1.1811656896578597,3.4640500191221477,2
-1.1808702146706143,3.4606654385325477,2
-1.1818569362280709,3.4584293896200116,2
-1.1820872663780584,3.456555954544644,2
-1.1823175538413455,3.4546825735152886,2
-1.1825477986179287,3.4528092465319418,2
-1.1820217587038133,3.4512983982707404,2
-1.181495718789698,3.449787550009539,2
-1.1812326988326411,3.44903212587894,2
-1.1822190362097444,3.446796563380474,2
-1.1816929536089216,3.4452857691652774,2
-1.179654579090295,3.4444995810953394,2
-1.1788655192191193,3.4422333087035355,2
-1.1770573681337204,3.439573820673253,2
-1.1752493024217294,3.4369142245509536,2
-1.1724223589290368,3.43386114256014,2
-1.1708774839209273,3.431956754384416,2
-1.1693326729428755,3.4300522851396806,2
-1.1677879259948831,3.4281477348259344,2
-1.1652244720130085,3.4258494824596397,2
-1.1636798958118355,3.4239447159618663,2
-1.1613796111904833,3.422401698565146,2
-1.1590794546292553,3.420858519030407,2
-1.1557608791694047,3.4189212726325806,2
-1.1537238492819917,3.4181333821134245,2
-1.1511940348863767,3.418462786429444,2
-1.1524425598297867,3.4169837019587135,2
-1.1521469461107472,3.413599297018628,2
-1.1508657206886,3.4124495357949023,2
-1.1472850750508883,3.4097556627428176,2
-1.1437047495634598,3.4070613843456847,2
-1.142423801604897,3.4059112718229123,2
-1.1401247442263287,3.4043667006034966,2
-1.1380558142359032,3.400948951027253,2
-1.1362496800973272,3.3982869093231436,2
-1.133195704002631,3.39710308735366,2
-1.1303719193261355,3.3940460059583337,2
-1.1275809631884979,3.3936176081194454,2
-1.1273183594268161,3.3928616570402816,2
-1.1260379557237474,3.3917108554309188,2
-1.123739848124373,3.390165081687858,2
-1.1209492761670852,3.3897361974349067,2
-1.1178963245533176,3.3885510783612567,2
-1.1140884862384546,3.387726668003033,2
-1.1100184817006404,3.3861457525940715,2
-1.1082460084916796,3.3861113405492667,2
-1.1079836074918514,3.3853551327515703,2
-1.1069662024024858,3.3849597822958124,2
-1.1056864389999923,3.383808169996353,2
-1.1028967954785447,3.383378110242756,2
-1.1021418340757165,3.3837389135386893,2
-1.1018794971059425,3.382982624671982,2
-1.1003375674805014,3.381074507321781,2
-1.099614644912478,3.3840649940252874,2
-1.0960703174517867,3.3839953862685874,2
-1.0963325797198227,3.3847517697158054,2
-1.0955776396603447,3.38511254598874,2
-1.0965948419878604,3.385508153163027,2
-1.0961021428530682,3.3866253399061854,2
-1.0966266460457916,3.388138133823638,2
-1.0953789108064296,3.389616218443244,2
-1.0953789108064296,3.389616218443244,2
-1.0943616978072388,3.3892206247804566,2
-1.0956411410594402,3.390372642424971,2
-1.0956411410594402,3.390372642424971,2
-1.095903371312449,3.391129066406698,2
-1.0976756524312368,3.3911637216585326,2
-1.0991857032970138,3.3904419529286365,2
-1.1014507795956803,3.3893592998337994,2
-1.1029288449850299,3.386007780138822,2
-1.1031591431199939,3.3841343855979638,2
-1.1021418340757165,3.3837389135386893,2
-1.1028967954785447,3.383378110242756,2
-1.100107280017216,3.38294788835114,2
-1.09833510561519,3.3829130979842894,2
-1.0993842827474563,3.3859384696351604,2
-1.100631911270053,3.3844605201305633,2
-1.100631911270053,3.3844605201305633,2
-1.100631911270053,3.3844605201305633,2
-1.099121988464388,3.385182126722441,2
-1.0973497927190152,3.385147363378593,2
-1.0963325797198227,3.3847517697158054,2
-1.0955776396603447,3.38511254598874,2
-1.0958080551837472,3.3832390028213624,2
-1.0932810687823604,3.3835648265894243,2
-1.0922639411565793,3.383169124834623,2
-1.0927566082763427,3.3820519786259737,2
-1.0919699175173179,3.3797827066807855,2
-1.0906906236685856,3.37863049987525,2
-1.0886565605071965,3.3778388531586145,2
-1.0888869546872435,3.375965337014243,2
-1.0878381190486213,3.372939532995318,2
-1.0888231544812115,3.3707056189000575,2
-1.0880364637221849,3.36843634695488,2
-1.0860026566810284,3.3676443759622003,2
-1.0847235869375016,3.3664918854151296,2
-1.0860026566810284,3.3676443759622003,2
-1.0846916121327492,3.363862120938549,2
-1.0831503975096233,3.361953098317734,2
-1.0801001351582933,3.3607645743456516,2
-1.0782969570740644,3.358098789955566,2
-1.078757275880406,3.3543523521728886,2
-1.0787251836872152,3.3517227363228272,2
-1.0786930274639666,3.3490932015417805,2
-1.0791529620899603,3.3453472501731696,2
-1.0798749668938186,3.34235792545881,2
-1.0803345813695202,3.3386123794352542,2
-1.080039778697886,3.3352269476210417,2
-1.0807613886497158,3.3322381228322513,2
-1.0799417733067447,3.3273402889341384,2
-1.0804990943666493,3.3314817799195318,2
-1.0794826070414487,3.3310852674746236,2
-1.0810236829327824,3.3329944657449673,2
-1.0787284139993147,3.331445097942442,2
-1.0804663832162333,3.328852947736568,2
-1.0786957562072779,3.32881619820197,2
-1.079679468352003,3.3265839595329254,2
-1.0794171633972578,3.3258276301317125,2
-1.0826960270870156,3.325144907891705,2
-1.0831878084576427,3.3240288831376965,2
-1.084171307168841,3.321796914698684,2
-1.0848591601459745,3.316180581854095,2
-1.0855799483787276,3.313192797450931,2
-1.0865630629095762,3.310961315425981,2
-1.0860381541931545,3.309449034945601,2
-1.0862671930703112,3.3075772347619434,2
-1.0869876291377487,3.3045898962383404,2
-1.0872501155109884,3.305345995944027,2
-1.0874790476713798,3.303474330875382,2
-1.0879367839320473,3.299731162876128,2
-1.0889194289091417,3.297500275357258,2
-1.0894107193826557,3.2963848721323252,2
-1.0911809515395863,3.2964221215924887,2
-1.089639427437847,3.2945134908052225,2
-1.0906558080462805,3.294910138365143,2
-1.0908844627430891,3.293038824595552,2
-1.091900854023205,3.2934354586439696,2
-1.0933744052934653,3.290089654314219,2
-1.0953730787136742,3.288255860234827,2
-1.0971089989687357,3.285666304237285,2
-1.0978283571968621,3.2826803303753564,2
-1.0975311854130787,3.279297898114528,2
-1.0990039363076125,3.2759531071474086,2
-1.099757574422581,3.2755939792776836,2
-1.101002065472331,3.2741200021546,2
-1.1032280916448336,3.2704165427088228,2
-1.104209584080884,3.2681871144321306,2
-1.1044374384019644,3.266316814025167,2
-1.1048930189840114,3.262576375349255,2
-1.1053484288192372,3.258836152857377,2
-1.106329515731586,3.2566072380177538,2
-1.1080639419519596,3.2540195736304547,2
-1.1075380300979596,3.2525085632312347,2
-1.1077655002386937,3.2506387492383304,2
-1.106976600442664,3.248372274174006,2
-1.1041551742066407,3.2453122067367985,2
-1.1046099010545802,3.2415728489810256,2
-1.10562613225955,3.2419696857019744,2
-1.1058534209817878,3.2401001014045967,2
-1.107061070942379,3.2360025210497163,2
-1.1075871108564943,3.2375133693109177,2
-1.1090935546956686,3.2367961674686043,2
-1.1113532204544345,3.2357203647051307,2
-1.111616293769874,3.236475721278225,2
-1.1130866755522586,3.23313392986449,2
-1.113050528122061,3.230509448385085,2
-1.114030590553483,3.228281830649628,2
-1.115800043678039,3.228320066449413,2
-1.1142574417369868,3.2264128003238213,2
-1.1139579328560885,3.2230333270818683,2
-1.1129052981006868,3.220012333157559,2
-1.112868830520199,3.2173882570232024,2
-1.1133220846768044,3.2136507638546696,2
-1.1143015921810537,3.2114238487173026,2
-1.1145280911992401,3.2095552642710565,2
-1.113248743992127,3.2084031250230254,2
-1.1107268586520291,3.2087224902932654,2
-1.1094476288333563,3.207570202418715,2
-1.1091844594728304,3.206814967449141,2
-1.1104269869341348,3.2053434764423727,2
-1.1086581207517767,3.2053044975099887,2
-1.1051205164471742,3.205226377507202,2
-1.1020727832831358,3.204034651309211,2
-1.1010569149151657,3.203637355197209,2
-1.1000410678905421,3.203240032062201,2
-1.101546593965553,3.2025239922090343,2
-1.1035417564042458,3.2006946434137085,2
-1.1012469356811838,3.1991447081281095,2
-1.100457619689779,3.19687876001235,2
-1.1001945143593108,3.1961234439737645,2
-1.0971472614207105,3.194931109758194,2
-1.0941002005722797,3.193738532335594,2
-1.0910533318140274,3.192545711705968,2
-1.0915428934759763,3.1914324973443122,2
-1.0907538336048042,3.1891662249525083,2
-1.0884597598990844,3.1876153438617933,2
-1.0859392725485861,3.187932939125311,2
-1.082403439742258,3.1878525762132384,2
-1.0786048964574846,3.187016397337011,2
-1.0760847185856033,3.1873336007669764,2
-1.0730389703533607,3.1861393614296674,2
-1.0697306290311186,3.184189157501688,2
-1.065443377818502,3.184465112066981,2
-1.0639028781976911,3.182555184175552,2
-1.0601056261857522,3.181717370407622,2
-1.0563086302940476,3.1808792323636474,2
-1.0535267023945902,3.1804394037943062,2
-1.0522492974325708,3.179284805452962,2
-1.049205021891666,3.1780887015284165,2
-1.0456358803210417,3.1753802630774786,2
-1.045933841808873,3.1787616954871787,2
-1.0456713234206028,3.178005636315998,2
-1.0431216520281161,3.1756749927988253,2
-1.0408484838679932,3.174037787646526,2
-1.0385755108732226,3.1724001885320874,2
-1.0365589925757277,3.1715461736433,2
-1.0347820524138776,3.168767034654458,2
-1.0317577628810142,3.1674850274159247,2
-1.0299811967860801,3.16470513333298,2
-1.027453037668808,3.1622813892389736,2
-1.024173480694552,3.160213401171763,2
-1.0226535807260273,3.158216664522147,2
-1.0201261697425963,3.1557914102399387,2
-1.018094466316505,3.1522252726868913,2
-1.0160629255282032,3.14865880683206,2
-1.0150388632272467,3.145520924270187,2
-1.0140148009262937,3.1423830417083174,2
-1.0132298613751622,3.1373209542913862,2
-1.0122057340190906,3.1341832030502275,2
-1.009935558394341,3.1325399571451022,2
-1.010174567297712,3.1306159821012898,2
-1.008689445070548,3.134034593801843,2
-1.0074264877126744,3.1328204564725333,2
-1.0041498094273305,3.1307466574637424,2
-1.0008735214726894,3.1286720705306763,2
-0.9993551177718487,3.126672313504656,2
-0.9960794315770372,3.1245965118549783,2
-0.9940663612007334,3.123735536968365,2
-0.9945613368880029,3.122596131055566,2
-0.9920534209346581,3.12287429944033,2
-0.9930433397816465,3.120595553275077,2
-0.9902798799026566,3.1200882989442036,2
-0.9875166151890262,3.119580650651187,2
-0.9844979366599809,3.1182873170011014,2
-0.9839867186984623,3.116716734211245,2
-0.9832198917561854,3.114360860026462,2
-0.9827086737946686,3.1127902772366056,2
-0.9822138119538515,3.1139294533381587,2
-0.9811914410859313,3.1107881564377315,2
-0.9811914410859313,3.1107881564377315,2
-0.9781735920096271,3.1094931484485464,2
-0.9759063438651339,3.1078439931113095,2
-0.9733838120154612,3.105408889775571,2
-0.9721226436733019,3.1041911411266376,2
-0.968594942792933,3.1013227926126063,2
-0.9683395289775234,3.100537107255537,2
-0.9668393029406523,3.1012434321409437,2
-0.9655784598740773,3.1000250268884386,2
-0.9638229663958136,3.099945370945168,2
-0.9615727737145257,3.1010045628016663,2
-0.9588121112055603,3.1004916616801097,2
-0.9550464748312493,3.0995451214181173,2
-0.951791438394844,3.1001704114927584,2
-0.9480264525716962,3.0992225580236266,2
-0.9455065879818125,3.09678207053863,2
-0.9434969329991407,3.095914201314553,2
-0.9422522346241351,3.09740598174578,2
-0.940242742279251,3.096537784219919,2
-0.9372435262527361,3.097947938897171,2
-0.9349941142328468,3.0990055549051085,2
-0.9314854367329648,3.098841581133236,2
-0.9282316851351151,3.099464277623781,2
-0.9244829090586588,3.1012264785176704,2
-0.9209748495823842,3.101061257199021,2
-0.9182167404867556,3.100543201739441,2
-0.9144547634627589,3.099589274687311,2
-0.9119514826864865,3.0998580864712295,2
-0.9071862557577344,3.0984670402797505,2
-0.905419659359449,3.0956670212974444,2
-0.9016590972842433,3.094710238019786,2
-0.899892940007998,3.0919093326226594,2
-0.8976317419893629,3.090247964459053,2
-0.8961200227017745,3.088234714229703,2
-0.8948493778175113,3.0842933195238835,2
-0.8945819991017849,3.08078901112723,2
-0.8925622170258389,3.0771988090534137,2
-0.8907967103007586,3.0743965904491546,2
-0.8892854301352067,3.072382453804984,2
-0.8887772372366189,3.0708057646019427,2
-0.8867712903956022,3.0699304100971894,2
-0.8877742475523327,3.0703681201797437,2
-0.8882690443380312,3.0692290753989013,2
-0.8877608514394417,3.0676523861958636,2
-0.8865038466247572,3.06642623302125,2
-0.885741606068212,3.0640611007261533,2
-0.8854875258826986,3.0632727232944603,2
-0.8857280798450908,3.0613456293836947,2
-0.8847116940479154,3.058192250977619,2
-0.8859548636276777,3.0567035565831624,2
-0.8886952016538174,3.0545147093768428,2
-0.8886952016538174,3.0545147093768428,2
-0.8857007346508254,3.055915277641997,2
-0.8871979681523214,3.05521499350942,2
-0.8881868135898774,3.052938414135941,2
-0.8889493956857866,3.05530285699729,2
-0.8886952016538174,3.0545147093768428,2
-0.8892035897177557,3.056091004617741,2
-0.8869438066479098,3.0544267802286136,2
-0.8876924071348782,3.054076670992501,2
-0.8894577837497248,3.056879152238192,2
-0.884189779760856,3.053900484394262,2
-0.883681554334709,3.052323860851576,2
-0.8839356670477834,3.053112172622921,2
-0.8864493514015734,3.0555651355757085,2
-0.8857007346508254,3.055915277641997,2
-0.884189779760856,3.053900484394262,2
-0.8824385636565211,3.053812194114073,2
-0.8791903417435982,3.054423728343963,2
-0.8781878074451228,3.0539851646767637,2
-0.8794578017782175,3.0579278725897225,2
-0.8792038029116007,3.0571393310071286,2
-0.8776932708798917,3.055123684174756,2
-0.877185305674212,3.053546535349213,2
-0.8756749037527385,3.051530625875408,2
-0.8746724995645003,3.0510917995667874,2
-0.8741645994139375,3.049514519420537,2
-0.8736566992633747,3.0479372392742867,2
-0.8718925912233075,3.0451321972746825,2
-0.8693803706096475,3.042676279605832,2
-0.867376147729221,3.041797445102169,2
-0.86537205495903,3.040918347957078,2
-0.8631142885978065,3.039250052625828,2
-0.8608567174019282,3.0375813633324356,2
-0.8578513101167111,3.036261240256767,2
-0.8558347482690465,3.0326645378076265,2
-0.8530835838071287,3.032132463861874,2
-0.8505862230464825,3.032389325460855,2
-0.8470875315070234,3.032205193959438,2
-0.8443369362773829,3.0316719709574436,2
-0.841092162285646,3.0322765451895073,2
-0.8375941538249165,3.0320910348205956,2
-0.8353507919308871,3.0331364380021704,2
-0.8348441603551002,3.031556597102,2
-0.8318410950540844,3.030231746480645,2
-0.8308401383421966,3.0297899982861445,2
-0.8288383225010936,3.028906304916074,2
-0.8263421815238843,3.029160704251673,2
-0.8243406259032504,3.0282764855987487,2
-0.8258476937499886,3.030299125259127,2
-0.8240992587518967,3.0302052210184236,2
-0.8223508888089164,3.0301111854570166,2
-0.8198549755246187,3.0303651251701176,2
-0.8171061693106907,3.0298282908484957,2
-0.8151051016034252,3.0289430872902194,2
-0.8123566531926372,3.028405530704674,2
-0.8088609216609921,3.0282154241107904,2
-0.8056073054145454,3.026095071909019,2
-0.8043543340171002,3.0248607768501614,2
-0.8033541904941703,3.024417387146741,2
-0.8006066691187925,3.0238779592410268,2
-0.7991012439137517,3.0218520037326293,2
-0.7965960167251431,3.0193819690870676,2
-0.7945855537946773,3.015772955321019,2
-0.7940693643578953,3.0114696325148635,2
-0.792059064065219,3.0078602904470344,2
-0.7903015591195004,3.0050419193949978,2
-0.7892910282828343,3.0018767221246883,2
-0.7865343393771624,2.9986130243887033,2
-0.7847772410259264,2.995793832582205,2
-0.784766138105903,2.993073469543166,2
-0.7845023211578184,2.9895619713374444,2
-0.7839970882670464,2.9879793070419325,2
-0.7829866224854953,2.9848139784509122,2
-0.7849734158357933,2.982985220854932,2
-0.7852145227666796,2.9810570107181107,2
-0.7862019695192259,2.97878325473998,2
-0.7864429138123192,2.976855372904936,2
-0.7879356585107615,2.9761641499015994,2
-0.7879356585107615,2.9761641499015994,2
-0.7881884213301618,2.9769551865777473,2
-0.7886939469689622,2.9785372599300466,2
-0.7906803987798927,2.9767091917678243,2
-0.7929196134102252,2.97567216028175,2
-0.7956646464273867,2.9762166112047588,2
-0.7979039586403935,2.975179382737611,2
-0.8006366852178743,2.973005900054787,2
-0.8036223697801006,2.971623060085971,2
-0.8041285459700678,2.973203820231138,2
-0.8061276945513853,2.974092897750463,2
-0.8051281039969478,2.9736483918209764,2
-0.8078608143106472,2.971474941968335,2
-0.810353393520213,2.9712277324418004,2
-0.8120995841167762,2.9713261672471276,2
-0.8153388446873606,2.9707327224455398,2
-0.8185782353681859,2.9701390150025233,2
-0.8210712211722289,2.969890984721534,2
-0.8228177533081578,2.9699887300931067,2
-0.8253109180137717,2.9697403386801575,2
-0.8270575965237121,2.969837788580122,2
-0.8300439316371087,2.968453635404174,2
-0.8332839403415413,2.967858680414377,2
-0.8360311852326721,2.9683986664331243,2
-0.8397643480811041,2.9666679825105113,2
-0.8434975109295344,2.964937298587895,2
-0.8464840412082815,2.9635527514498,2
-0.8489779377839586,2.963302882678825,2
-0.8519645331178225,2.9619182042200123,2
-0.85420447961822,2.960879695375912,2
-0.8564444261186193,2.959841186531804,2
-0.8594310214524796,2.9584565080729988,2
-0.8636402016628111,2.9528819121747105,2
-0.8661343421951795,2.9526315509510574,2
-0.8691207423636911,2.9512472664543914,2
-0.8718526232246528,2.9490754909408388,2
-0.8733286702630263,2.94567519847984,2
-0.8750590414436061,2.9430627909978604,2
-0.8770263235000364,2.938530643565084,2
-0.8795025791164619,2.935573609486788,2
-0.8817417937467926,2.93453657800071,2
-0.8844725524069883,2.9323670677694693,2
-0.8854555428840349,2.9301023072602206,2
-0.8854371700547166,2.927396619310933,2
-0.8864384032508514,2.9278378093924005,2
-0.8881674245377553,2.9252281268152274,2
-0.8896412271746019,2.921832364918842,2
-0.8908596647873797,2.9176508191748525,2
-0.8923328331368374,2.914256337655427,2
-0.8935505388795502,2.910076269269471,2
-0.8917838611623665,2.907276414438055,2
-0.8940021983413846,2.90353875085016,2
-0.8977319457961865,2.9018149612650106,2
-0.8977119465889469,2.8991125563335594,2
-0.9001847868117352,2.8961624165927304,2
-0.9019115311695565,2.893557330240533,2
-0.9058754897128676,2.889919250514204,2
-0.907601746157308,2.887315149067362,2
-0.9108192835600626,2.884022779333236,2
-0.9135465129801705,2.8818603932507116,2
-0.9167635136782106,2.878569106912476,2
-0.91949040155896,2.8764074102637025,2
-0.9214715025865381,2.874590143230172,2
-0.9184669247540551,2.873268345815408,2
-0.9204478306162827,2.871451472744017,2
-0.9199359946311567,2.869882137500941,2
-0.921427112951676,2.8691941975154407,2
-0.9226622482245173,2.8677217212291204,2
-0.923641302866999,2.8654649056230426,2
-0.9256444198104354,2.8663459725788414,2
-0.9271127578174774,2.8629612416224006,2
-0.9276021387647067,2.8618331292909716,2
-0.9283476166060698,2.8614893234491134,2
-0.9300716937040967,2.858889621246174,2
-0.9310501628505303,2.8566339875265214,2
-0.933519262404106,2.8536913987267276,2
-0.9354990785931321,2.8518767252772896,2
-0.9379677552884473,2.8489349900621335,2
-0.9399473112570043,2.847120841895549,2
-0.9426720685826755,2.84496344600014,2
-0.9434173675224677,2.8446200012902523,2
-0.9461419784741292,2.842462900866451,2
-0.9488664593155587,2.8403060630840784,2
-0.9523360601952042,2.8378061417237745,2
-0.9548034683157454,2.834866967262535,2
-0.9580412000910865,2.834276608497717,2
-0.9597630815789291,2.831681338368867,2
-0.9634890883645166,2.8299650997247454,2
-0.9677292405918756,2.829813534438376,2
-0.9714554100152544,2.8280969674924776,2
-0.9754388147973145,2.827162408923659,2
-0.9781625149773383,2.8250071469898543,2
-0.9824034478661012,2.824854005854913,2
-0.9858994070906562,2.8250436528263023,2
-0.9911164996692037,2.8226395398570467,2
-0.9945853524150099,2.8201411286849556,2
-0.9993147880069237,2.818861648048216,2
-1.0042740272031843,2.815676774248658,2
-1.008745723259267,2.813616302970363,2
-1.0109815712873065,2.8125860673312175,2
-1.0139627019913622,2.811212419812353,2
-1.0184051447498401,2.806468223974125,2
-1.0218730541964547,2.8039717169523755,2
-1.0223599955768048,2.802848529147706,2
-1.0250824597096102,2.8006957623074555,2
-1.028808385176303,2.7989796878142315,2
-1.0297818450787446,2.7967341657895304,2
-1.0334771022990452,2.792337222961894,2
-1.037689074638232,2.7894997663238073,2
-1.039665638071412,2.787691658910056,2
-1.0418696305971853,2.783982951539514,2
-1.042355872635028,2.782861175432515,2
-1.0445908912103317,2.781832614132469,2
-1.046308153784878,2.7792466677742844,2
-1.0482841479857914,2.7774397094167753,2
-1.0487382255095596,2.7736400853517758,2
-1.0491920428128605,2.7698409865696334,2
-1.0503903621307717,2.7657000517563333,2
-1.0520738826046632,2.7604394419674563,2
-1.0535632444370275,2.759755047641228,2
-1.0528185635208462,2.760097244804342,2
-1.0520738826046632,2.7604394419674563,2
-1.063343761326589,2.763333626509951,2
-1.0743576570008297,2.7654432747516218,2
-1.0813558207411482,2.765809961905891,2
-1.0878696778333428,2.7672945183759303,2
-1.0896196578904576,2.7673853037496805,2
-1.091595196705553,2.7655792646371644,2
-1.096031117688577,2.7608482337004787,2
-1.1007614803159065,2.7595668817435772,2
-1.1032215697358119,2.7566424808626167,2
-1.1072069424351483,2.7557039498422142,2
-1.0831758343016702,2.7327058269783038,2
-1.0861535821396515,2.731339008136551,2
-1.0868625530378964,2.728326119994332,2
-1.0870513283685046,2.723760771320727,2
-1.087759843880928,2.7207488024235076,2
-1.0892123734945933,2.717395982400479,2
-1.0896603358373813,2.7136087024825635,2
-1.0908884776851675,2.7121503431729543,2
-1.0933810568947298,2.7119031336464303,2
-1.095613489529141,2.710879792344752,2
-1.0978091387361832,2.7071879268557346,2
-1.101269225305007,2.7047072111498025,2
-1.103241023450888,2.702908722978318,2
-1.1061797759875276,2.6988778448534987,2
-1.1088952466952833,2.6967391949899664,2
-1.1116105872928017,2.694600807767859,2
-1.1133211329265453,2.692028420273356,2
-1.1138043661652404,2.6909127177493666,2
-1.1150314833949349,2.689456426740996,2
-1.1175240300769413,2.6892092828748275,2
-1.1200166743416222,2.688961942027589,2
-1.1234754923356665,2.686483787075563,2
-1.1261511220255667,2.681682785098239,2
-1.128343372102755,2.6779977811165168,2
-1.130052584106604,2.6754280856966446,2
-1.1320227721383418,2.6736328477128275,2
-1.1337316426028252,2.6710638417267027,2
-1.135922737951697,2.667381168687644,2
-1.1378924705976186,2.6655868499488165,2
-1.1406057619589607,2.66345259932919,2
-1.143318923210071,2.661318611350989,2
-1.1465140328613135,2.658071514432894,2
-1.149970443816036,2.6555982183472793,2
-1.1511959671953722,2.654145144696397,2
-1.1526831171537708,2.65346521527443,2
-1.1532065004221241,2.6550112410908397,2
-1.1539501079288819,2.654671210719499,2
-1.155175582516879,2.6532182355591516,2
-1.1556156731905425,2.649446845447585,2
-1.1563173091243701,2.6464487637158243,2
-1.1562753212876604,2.6437907451855835,2
-1.1567569118846563,2.642678358509606,2
-1.1569766156821224,2.6407933528875738,2
-1.1589448520603582,2.6390020545251573,2
-1.1604315791604982,2.6383229786878317,2
-1.1591219012061718,2.634460376410196,2
-1.1583360944335777,2.632142815043615,2
-1.156587724490599,2.6320487794822007,2
-1.1551012901384876,2.6327272643763173,2
-1.154358072962431,2.633066506823372,2
-1.155363160674236,2.6334999161525587,2
-1.1518243516326763,2.63065399065038,2
-1.150557588550475,2.629447535582816,2
-1.1507770646550348,2.6275629895832786,2
-1.1505152429106218,2.626790239316499,2
-1.1485055228728296,2.6259225014131395,2
-1.1464959329452729,2.6250545008683446,2
-1.1451871494988026,2.6211900929308953,2
-1.144882982114538,2.6177600463978052,2
-1.1450596734572116,2.613219090546764,2
-1.1452788080224074,2.61133523398097,2
-1.1444933427891755,2.6090169831806413,2
-1.1442315210447642,2.6082442329138615,2
-1.1457168819874486,2.6075679148115256,2
-1.1466784693310785,2.6053463588170587,2
-1.1471160879103053,2.601579958892607,2
-1.1488199003394612,2.599021163091969,2
-1.1477720278657664,2.595931343911282,2
-1.1475100597473418,2.5951588891161137,2
-1.1496938363955742,2.5914909896573413,2
-1.147903348505654,2.588739198207115,2
-1.1481216373543326,2.5868570488106,2
-1.148077811710575,2.584202740090518,2
-1.1470296139612959,2.581113577513399,2
-1.1469856256797453,2.5784595970951045,2
-1.147945749283247,2.5762409958166934,2
-1.1474215528259322,2.5746966115092107,2
-1.1476394188163503,2.57281531569733,2
-1.1496034428757795,2.5710325203511246,2
-1.151087535243688,2.5703587630027016,2
-1.153313673795548,2.569348126980067,2
-1.1545354890332309,2.5679025386098573,2
-1.1552775189534064,2.5675656927658252,2
-1.1547977661634583,2.5686743696316405,2
-1.1550152255593957,2.566793894574225,2
-1.1567165821578929,2.5642400561305223,2
-1.159159692192322,2.5613499299558242,2
-1.1611230819643588,2.559568414986579,2
-1.1640908113143578,2.558221819534726,2
-1.1653121223748801,2.556777248900051,2
-1.1680171680001727,2.5546596431808766,2
-1.170722083515228,2.5525423001031307,2
-1.1734268689200533,2.5504252196668133,2
-1.1758687103797012,2.547537654246021,2
-1.178357077270455,2.5472989477357046,2
-1.181803388418297,2.544846039190883,2
-1.1842918854192863,2.5446070700391346,2
-1.186517438475093,2.5435976159029217,2
-1.1877380664568964,2.542154424135738,2
-1.1909685445867186,2.5415787076304923,2
-1.1894848425495113,2.5422516770546366,2
-1.1899635707213676,2.54114506849006,2
-1.188695522800609,2.5399412070065885,2
-1.1894373250278747,2.539604820785055,2
-1.1894373250278747,2.539604820785055,2
-1.1889110793343818,2.5380645730800424,2
-1.1879062030517087,2.537630736958544,2
-1.1871168833028083,2.535320266910496,2
-1.187284597039362,2.530797433317936,2
-1.1869735988678372,2.52738117545978,2
-1.1857057623762088,2.5261768871839827,2
-1.1856578219963154,2.523530884499042,2
-1.1849163450446323,2.523866614117008,2
-1.1824288238703975,2.524103613458049,2
-1.1801567291197017,2.5224642415139797,2
-1.177621804270288,2.5200541547741935,2
-1.175613125114367,2.5191843157394054,2
-1.1753024034270876,2.5157674997682165,2
-1.174824146904827,2.5168731562576134,2
-1.1715961571332194,2.5174438497455682,2
-1.1683208937966683,2.5153671945112563,2
-1.1655716809882524,2.5148311809440926,2
-1.163563782493732,2.5139597660607507,2
-1.1615560141094452,2.5130880885359765,2
-1.1600738408674829,2.5137579719233507,2
-1.1580662676485414,2.5128859004364372,2
-1.1530947382763816,2.5133528077999863,2
-1.1488645882732236,2.513484182526639,2
-1.145113264024598,2.512508751707646,2
-1.141146188076851,2.513410348777338,2
-1.136654687978881,2.5127680211620387,2
-1.134123894129381,2.510349595556935,2
-1.1303740661484412,2.5093711443615305,2
-1.1268867592544183,2.509164031735228,2
-1.1238783269062669,2.5078500150727443,2
-1.1208701873061422,2.506535407467048,2
-1.1171217580102137,2.5055541328762985,2
-1.1123712985929686,2.504133276882829,2
-1.1064023580127795,2.5041512790729854,2
-1.104397939967006,2.503272838531462,2
-1.1016532484892103,2.5027276981746986,2
-1.0981683811620666,2.50251566102164,2
-1.0932030970811137,2.50296996159668,2
-1.0897188152500235,2.5027567425571924,2
-1.0867575914116987,2.504090205937686,2
-1.08353503374234,2.504649934146048,2
-1.0785708230708178,2.505102067929311,2
-1.0753486232046008,2.5056610738737497,2
-1.071386328807936,2.5065530188709886,2
-1.0679033806067384,2.5063371077568704,2
-1.0639414765407729,2.507228264829827,2
-1.060459016252949,2.5070113688103604,2
-1.0577169269798254,2.506460975625057,2
-1.0520147198053618,2.507241813368111,2
-1.049273150973173,2.5066903696171003,2
-1.0480118037294393,2.5054729821001267,2
-1.0453123365804124,2.507579327068104,2
-1.040830676068854,2.506917137194872,2
-1.0380898228429487,2.506364248916004,2
-1.034088468089827,2.5045922659508904,2
-1.0293478157314375,2.5031516133598366,2
-1.0278271188377328,2.501156485388968,2
-1.0260873199063916,2.5010451483235343,2
-1.0235669023480174,2.4986057770646006,2
-1.0205673012319636,2.497273933615247,2
-1.0175679928639418,2.4959414992226776,2
-1.0155686165897198,2.4950528813258472,2
-1.0130898941200233,2.4952721195403704,2
-1.0098717439348324,2.495822950770382,2
-1.0076128391090613,2.49415695355162,2
-1.0048746043516044,2.4935987796140324,2
-0.9993987203327421,2.492481249852439,2
-0.9964013148268833,2.4911449743289964,2
-0.9939236169752803,2.491362144242281,2
-0.990447076703088,2.4911332980378695,2
-0.9849732093928445,2.4900116973341504,2
-0.9837149360033806,2.488788104913457,2
-0.9812379049667257,2.4890039287894297,2
-0.9797203469824041,2.487002464594127,2
-0.9782028865807604,2.4850008034177478,2
-0.9757262784023659,2.4852157737090828,2
-0.9722513970356452,2.4849835788264762,2
-0.9677785352286286,2.4843036278267228,2
-0.9648226459098836,2.485626322908697,2
-0.961866756591137,2.4869490179906677,2
-0.957653813666365,2.4870456583885634,2
-0.9563968251154584,2.485819472383774,2
-0.9559169259514988,2.4869284447211975,2
-0.9556579178408882,2.486150014833555,2
-0.9538830431789957,2.483366706412056,2
-0.9516284807822721,2.481691943535658,2
-0.9501508939260397,2.482352568812722,2
-0.9497088841264336,2.486127832885341,2
-0.9464946209844669,2.4866708177027164,2
-0.9425041954909616,2.484876772857703,2
-0.9400291486353716,2.4850885914519125,2
-0.936556804418208,2.484851275061473,2
-0.9335648147508202,2.483504067088621,2
-0.9298344870411341,2.482486252509304,2
-0.9258828779473962,2.4833566280793278,2
-0.9270276946729332,2.4765809185021013,2
-0.9238152368104533,2.4771202591696735,2
-0.9233351912724821,2.478229526978698,2
-0.9218214227487156,2.4762204133518253,2
-0.9198277387972098,2.475320304892552,2
-0.9183141979663496,2.4733107316431813,2
-0.9173174698370481,2.4728604476022973,2
-0.9168007547181638,2.471300961412741,2
-0.9155457503483184,2.470070770126185,2
-0.9142540438700006,2.4661718905014105,2
-0.9093083088516352,2.466586729202003,2
-0.909788224279378,2.4654777240344004,2
-0.9092717043258425,2.4639178438827116,2
-0.9092717043258425,2.4639178438827116,2
-0.9077954510995045,2.4645757770851446,2
-0.9078319580426246,2.467244859385506,2
-0.9066137858914853,2.4686830937957467,2
-0.9049154706196951,2.471230792996085,2
-0.903697119566985,2.472669388538293,2
-0.9041772464238527,2.4715599565783712,2
-0.9041772464238527,2.4715599565783712,2
-0.9017045090249063,2.4717671132872425,2
-0.8989738531885507,2.4711936404865185,2
-0.8970172942037777,2.4729613667808295,2
-0.8935487231833825,2.472716433788996,2
-0.8915920991434909,2.4744842914040284,2
-0.8906313900439393,2.4767040745688575,2
-0.8884167662477438,2.477691466825185,2
-0.8871980899194476,2.4791307189709535,2
-0.8825111027912289,2.4803245128420457,2
-0.878820063130906,2.4819701666025864,2
-0.8780818551988414,2.482299297354693,2
-0.8780818551988414,2.482299297354693,2
-0.878820063130906,2.4819701666025864,2
-0.8810692584804976,2.4836557634378558,2
-0.8830263866975443,2.4818868880873026,2
-0.8852411080764142,2.4808992988499057,2
-0.8845028676167885,2.4812284952623713,2
-0.8854987988209082,2.4816803879819958,2
-0.8872330355397668,2.4818029529684473,2
-0.8899633986280939,2.482377016712384,2
-0.8894828489129658,2.483487302256936,2
-0.8879363141152918,2.4788015553886673,2
-0.8886393975254645,2.47580055177103,2
-0.8913695979760039,2.476374943816751,2
-0.8891197683390235,2.4746906273584344,2
-0.8891549741798084,2.4773623360730745,2
-0.8913695979760039,2.476374943816751,2
-0.8921078059080685,2.476045813064644,2
-0.8923656592903555,2.47682657389495,2
-0.8923656592903555,2.47682657389495,2
-0.893103883486198,2.4764974103126676,2
-0.8923656592903555,2.47682657389495,2
-0.8938421076820422,2.476168246730378,2
-0.8923656592903555,2.47682657389495,2
-0.8894127625069785,2.4781432282240985,2
-0.8923656592903555,2.47682657389495,2
-0.8938066253570085,2.4734970961287743,2
-0.8950250414648391,2.4720583692658558,2
-0.897203678758844,2.4684008441434564,2
-0.8996399905335704,2.46552444098333,2
-0.9035885257730385,2.4646602703170224,2
-0.9055080573737548,2.460224512288054,2
-0.9077221444652377,2.4592382034276206,2
-0.909936231556717,2.458251894567187,2
-0.9131095965351825,2.4550486915976144,2
-0.9132934764682545,2.4504932248077225,2
-0.9127391972606009,2.446266790279399,2
-0.9124432105572726,2.442820230166568,2
-0.9114093899888012,2.4397020457117407,2
-0.9121093344895943,2.436707378318534,2
-0.9125505636277982,2.4329336900944725,2
-0.911257962641626,2.4290366161295083,2
-0.9107027889261161,2.4248119872609983,2
-0.90918980106375,2.4228012977855613,2
-0.9086727606692797,2.4212424681995763,2
-0.9056853085962864,2.4198861006069485,2
-0.9049480114358559,2.4202133928690657,2
-0.9039902623441183,2.4224272009414243,2
-0.902736119954568,2.421195269655417,2
-0.9002658709138363,2.4213974033469867,2
-0.8987913091205346,2.422051922210869,2
-0.8970584548229077,2.421926566659252,2
-0.8950674056036334,2.421021139711076,2
-0.892597498102262,2.421222583968902,2
-0.8916394237349383,2.423437048644832,2
-0.8899067808664434,2.423311266300896,2
-0.8876579758475511,2.4216248815413444,2
-0.8864045978556234,2.4203914072369486,2
-0.8851512849188161,2.4191578016118385,2
-0.8841189606180304,2.4160365967806,2
-0.8811707478030613,2.4173437960183612,2
-0.880949694111921,2.4192315265452073,2
-0.8794755226493205,2.419885257484804,2
-0.8765271797241194,2.4211927193639937,2
-0.8733209996804128,2.421719387582698,2
-0.8696356523428062,2.4233535507807957,2
-0.8656926305244834,2.424206592016624,2
-0.8624868082839203,2.4247325379714013,2
-0.8580645866441454,2.426693139846975,2
-0.8513256366621249,2.4216189165164224,2
-0.8503313480997043,2.421163707948775,2
-0.8483428685575394,2.420253093832411,2
-0.8443662998039088,2.4184310776754003,2
-0.84116195756725,2.418954036083946,2
-0.8399456394869347,2.4203885278538486,2
-0.8367066931693206,2.4182385628311565,2
-0.833759846511807,2.419543004333935,2
-0.8317723102688355,2.4186304860672188,2
-0.8293052651926054,2.4188261522136436,2
-0.8273179891700977,2.417913108664081,2
-0.825330843257829,2.4169998024730894,2
-0.8218706968750595,2.4167378634488443,2
-0.8201407212663483,2.416606696955654,2
-0.8171945251600032,2.4179098252512965,2
-0.8139579533541479,2.415755067022552,2
-0.808802565553858,2.418034622294929,2
-0.8048304205481713,2.416203676329392,2
-0.8006353840442912,2.4162641707008596,2
-0.7976569583687514,2.414889582359212,2
-0.7951915721979983,2.4150818998274417,2
-0.7932062478289978,2.414164916656471,2
-0.7902285052321822,2.4127889494473287,2
-0.7872510553833933,2.4114123912949808,2
-0.7843062904896136,2.4127126305349194,2
-0.7808170697108174,2.409766605818781,2
-0.7775844174757509,2.4076039355170415,2
-0.7753441834684924,2.405900249253463,2
-0.772624196671293,2.405305239855707,2
-0.7696484545193165,2.403925234534622,2
-0.7664171033865852,2.4017599378186105,2
-0.7621945212819199,2.3991332604614115,2
-0.7589640646570448,2.3969661580855863,2
-0.756245476544855,2.3963683252924852,2
-0.7540070152895293,2.3946610605394625,2
-0.7505218604555317,2.3917068282787177,2
-0.747548411496421,2.390322193902481,2
-0.7445752552853424,2.3889369685830317,2
-0.7401005121211046,2.38551803983308,2
-0.7369037000142136,2.3860257978690242,2
-0.7339623830416215,2.387319077111144,2
-0.7309904466139798,2.385931389528313,2
-0.7282740703757593,2.3853290918309433,2
-0.7250778762924757,2.385835602320107,2
-0.723832272387007,2.384586435190432,2
-0.7211164003259363,2.3839831197575343,2
-0.7176655893524266,2.383702336210881,2
-0.7137349280062928,2.384530426511123,2
-0.7102846049461533,2.384248658059118,2
-0.7060994893475829,2.3842891260217556,2
-0.7038943310708792,2.385257411114246,2
-0.7024242255530773,2.3859029345092395,2
-0.6989746180992285,2.3856197215293875,2
-0.6977592433181066,2.3870523091489453,2
-0.6945644967111733,2.3875558977522253,2
-0.6916244157858014,2.3888466819007874,2
-0.6893908661917934,2.3871295024338863,2
-0.6852071655420122,2.3871671141709996,2
-0.6812499832131831,2.385305964441333,2
-0.6785367458843456,2.3846973305195327,2
-0.6753431377419545,2.3851986210103284,2
-0.6726302744800385,2.384589231994422,2
-0.667939860935574,2.3830471669822657,2
-0.6644928556863956,2.38275870117387,2
-0.6600574818904175,2.3820030766128824,2
-0.6563571933809058,2.380924624694046,2
-0.6541263923655798,2.379201896926997,2
-0.6538725236091949,2.378413092702978,2
-0.6521496227444334,2.378267645082179,2
-0.6523764338134086,2.3763682926721756,2
-0.6508804416002985,2.3743232956603,2
-0.6498650966849926,2.3711678161228065,2
-0.6473811425195688,2.3686548396038845,2
-0.6453779007070644,2.3650312492386263,2
-0.6433748215323511,2.361407330571577,2
-0.64162565990536,2.358572117638019,2
-0.6418521944900881,2.356673323341049,2
-0.6420512647929311,2.352087193164518,2
-0.6417699480184336,2.3486110202307593,2
-0.6417423373625315,2.3459239798228104,2
-0.6415161280533859,2.347822117516209,2
-0.6414885011337041,2.3451351099384325,2
-0.6414329545463158,2.3397616857260886,2
-0.6419128049189364,2.338652811879207,2
-0.6413770176282281,2.3343890494380304,2
-0.6423364256254462,2.3321718926874766,2
-0.6433239809832791,2.3326406929489814,2
-0.6450452066787822,2.3327895220781585,2
-0.6464840259265863,2.3294643778955297,2
-0.6486847929829054,2.328504956951214,2
-0.6506601964465979,2.3294419665310144,2
-0.6528610610855967,2.3284823486056254,2
-0.6560206831706417,2.3253068871368114,2
-0.6591799799801024,2.322132082271569,2
-0.6628180537527619,2.317850570351208,2
-0.6667100613369215,2.314357731334159,2
-0.6698682359456214,2.311185191751221,2
-0.6715897543891494,2.311333429937193,2
-0.6750023344589469,2.3089486111823874,2
-0.6786385541607771,2.304670841902368,2
-0.6817957366789429,2.3015003049603173,2
-0.6847291819824033,2.30022291552455,2
-0.6866742587390675,2.2984783673361946,2
-0.687854069876261,2.294374793265927,2
-0.6910101952487793,2.291206390285474,2
-0.6936879827801423,2.2891438079453046,2
-0.6961103727598754,2.286295507417897,2
-0.6977993363586279,2.283766685570143,2
-0.6990103199193651,2.282342962098756,2
-0.6997104758492849,2.2793478679132377,2
-0.6999327818514267,2.2774576094626546,2
-0.7023541309492884,2.2746114100666652,2
-0.7050307474885518,2.2725511914993426,2
-0.7057301064932915,2.269557705992561,2
-0.7044860476468422,2.26830541999594,2
-0.7047078657356067,2.266416146450709,2
-0.7061736776156984,2.265779290222813,2
-0.706872613762183,2.2627866583006693,2
-0.7088155111724337,2.2610465093562198,2
-0.7100254863788589,2.2596248213558994,2
-0.7095140732519916,2.2580546325281787,2
-0.7087812811583998,2.2583728308308793,2
-0.7105025881727975,2.2585214958091626,2
-0.7112009388232323,2.2555300457734404,2
-0.7106894281136871,2.253960053926793,2
-0.7121201967907869,2.25065116068248,2
-0.7128180432640594,2.247660728382293,2
-0.7115737729884835,2.2464088691779835,2
-0.7139923897714446,2.243568185251963,2
-0.7115388598957217,2.243736569520138,2
-0.7115388598957217,2.243736569520138,2
-0.7112830232220535,2.242951737747706,2
-0.7100388505291519,2.2416996815623307,2
-0.7082831345991476,2.2388776991906703,2
-0.7053533974373458,2.2401476033457577,2
-0.7053185656634824,2.2374751395370147,2
-0.707771526306928,2.237307904325096,2
-0.7100038398537158,2.2390275788855547,2
-0.7063067227811448,2.2379427250819255,2
-0.7067833366617045,2.2368403844405442,2
-0.707771526306928,2.237307904325096,2
-0.7090155688895994,2.238560223151893,2
-0.7104804374705012,2.237925271074346,2
-0.7119804793646303,2.2399620933717976,2
-0.7124570769814138,2.238859785560596,2
-0.7141779286099954,2.2390093697838758,2
-0.71465447743544,2.2379071604632053,2
-0.71465447743544,2.2379071604632053,2
-0.7156074775036583,2.235702938802941,2
-0.71707234608456,2.2350679867253973,2
-0.7202581476129382,2.234582454720236,2
-0.7224554992756307,2.2336299281133805,2
-0.7231519633276697,2.230642286378359,2
-0.7243966889890672,2.231893226337668,2
-0.7249090128875704,2.2334615766753885,2
-0.7253853014925475,2.232359892637575,2
-0.726337781119831,2.2301567215430183,2
-0.7275463739050245,2.22873782410786,2
-0.7294872871342157,2.227001680445177,2
-0.7316844436315577,2.226049547800457,2
-0.7341379897710585,2.2258811307021134,2
-0.7368111421253527,2.2238279049627963,2
-0.7387517951340765,2.2220922865829706,2
-0.7397406841218039,2.2225583947698517,2
-0.7424136413107494,2.220505562992674,2
-0.744097481819054,2.217987082651117,2
-0.7472457355224424,2.2148345694770093,2
-0.7499181722704531,2.212782788265546,2
-0.7523718647839637,2.2126140756955905,2
-0.7543118997690836,2.210879704862542,2
-0.7559949108246489,2.2083628988600843,2
-0.75939918010328,2.205994856326445,2
-0.759835497580168,2.2022310828162723,2
-0.7615178418207886,2.1997156228511265,2
-0.7614786676178795,2.1970519247000198,2
-0.764664208925792,2.196566917977716,2
-0.7638926980151073,2.1942204988843166,2
-0.7645852099688053,2.1912408348826418,2
-0.7650202913984767,2.187479556466023,2
-0.7647232312857213,2.1840351631449657,2
-0.7651578573295748,2.1802748039733437,2
-0.7643860048795279,2.1779290743136848,2
-0.7643458711136457,2.175267313143106,2
-0.7660263287558831,2.172755661478657,2
-0.7677065912327627,2.170244403776355,2
-0.769129211756491,2.1669519584514205,2
-0.7712830955785659,2.1633444008605593,2
-0.773179012171898,2.158956312250641,2
-0.7748582337669117,2.156447155679757,2
-0.777268686132718,2.153622952503291,2
-0.7779583681888376,2.150649000952665,2
-0.7784320057978071,2.1495526682339303,2
-0.7805840355490528,2.145948853283411,2
-0.7832090523581012,2.1412500188212924,2
-0.785833418615983,2.1365524975663064,2
-0.7889732314179732,2.133417023254797,2
-0.7913816020200404,2.130597022341174,2
-0.793789712401642,2.1277775467104085,2
-0.7964558062757643,2.125738569268524,2
-0.798434495022855,2.1266689471522895,2
-0.7994238881877376,2.1271340376036356,2
-0.8016172389607448,2.1261895872206686,2
-0.8057455016284258,2.1235211075108538,2
-0.8081528964037457,2.120703076407935,2
-0.8098735691307546,2.1208530217631747,2
-0.8115496518163852,2.118350201416721,2
-0.8139565586783295,2.115533155219161,2
-0.8158909176045022,2.113810242118376,2
-0.8182974016081879,2.110994049505443,2
-0.8190283721585097,2.110679528182729,2
-0.8214345634141704,2.107863926513012,2
-0.8238404944493567,2.105048850126156,2
-0.827189894978158,2.1000487905635765,2
-0.8290769640756093,2.0956785615707076,2
-0.8314817891738127,2.0928657176359806,2
-0.8334148307338758,2.0911454637796467,2
-0.835866246318302,2.0909813474346706,2
-0.8385299168893283,2.0889472616893627,2
-0.841452823263868,2.0876911462092025,2
-0.8463084296591106,2.0847154663064558,2
-0.8485005606486808,2.0837734781868704,2
-0.8521541122979599,2.082203497987564,2
-0.8562786668239823,2.079542503558425,2
-0.860403026184656,2.076881903091426,2
-0.8640564151961474,2.0753122511938997,2
-0.8672390778151406,2.074833055413176,2
-0.8725644673036879,2.0707688235439754,2
-0.8744465271571453,2.066408706246058,2
-0.8783096177419001,2.0629742392862234,2
-0.8792501922828109,2.0607950998822595,2
-0.8813912927744418,2.057213346811629,2
-0.8835320029353682,2.0536323816652775,2
-0.8852023932982824,2.051141051881263,2
-0.8866631959343856,2.0505143073483225,2
-0.8878634779284127,2.0491121861343267,2
-0.8897940636578188,2.0473968896349355,2
-0.8900032610539252,2.0455330923081476,2
-0.8909426971302938,2.043356251016675,2
-0.8923516072881625,2.040091481532137,2
-0.8928211789523335,2.039003356358009,2
-0.8944383919984507,2.0338765952065003,2
-0.8951163641335533,2.030926281384321,2
-0.8957941411033037,2.0279763615242885,2
-0.8952200526125917,2.023789914153266,2
-0.89438495556643,2.0188290750065505,2
-0.8945403250945745,2.0143311595194007,2
-0.8932359328684871,2.010457887433784,2
-0.89469536934714,2.0098339006358223,2
-0.8941204514036905,2.0056491276039026,2
-0.893284427322115,2.000690159777349,2
-0.8941680838770161,1.9958831399469261,2
-0.8940608509993542,1.990614050041568,2
-0.8949435642550618,1.98580893436149,2
-0.8970772647271588,1.9822421190220325,2
-0.8986881674269487,1.977128095979749,2
-0.9005596883514926,1.9727892526374404,2
-0.9009726510414602,1.969072623263454,2
-0.9031046275529633,1.9655092879229095,2
-0.903833597658446,1.9651988047121378,2
-0.9067494780803731,1.9639568718690494,2
-0.9101327996114019,1.9616311146052041,2
-0.9130486149782193,1.9603893130828283,2
-0.9164317088163365,1.9580640154414777,2
-0.9180387570004598,1.9529577731514767,2
-0.9223551879977521,1.9484679455355565,2
-0.924746579214343,1.9456822193281909,2
-0.9264089677978937,1.9432070419919576,2
-0.9292665315488069,1.939340052117748,2
-0.931394962556439,1.9357838737560993,2
-0.933523003233379,1.9322284833187275,2
-0.9356506535796125,1.9286738808056416,2
-0.9385064120510354,1.9248105350812388,2
-0.9403708419678498,1.9204860056967128,2
-0.9427596635073279,1.917705466657539,2
-0.9448857037394234,1.9141541143321135,2
-0.9470113536408178,1.9106035499309684,2
-0.9508558059346175,1.9072067063555842,2
-0.9522524206754142,1.903966756485925,2
-0.9538513207061587,1.8988769621153043,2
-0.9559752954382983,1.8953297792225356,2
-0.9581595710225166,1.8944036480791215,2
-0.9602830090499435,1.8908575485822432,2
-0.9622041129960746,1.8891613920768613,2
-0.9620818198588754,1.8839227029167063,2
-0.9639410453663508,1.8796086791892765,2
-0.9655365625310282,1.874525713495764,2
-0.9676579350584937,1.8709837834315426,2
-0.9697789172552618,1.867442641291598,2
-0.9714352394491712,1.8649797096119123,2
-0.9730913664777354,1.862517171894364,2
-0.974019710656691,1.8603627207845648,2
-0.9754119829684402,1.8571315365725454,2
-0.9754862340071426,1.8500545919644011,2
-0.9754229568834685,1.8474395481377002,2
-0.9765505938170058,1.8434412932797617,2
-0.975032515391753,1.8414408796501682,2
-0.9754324995859225,1.8377504487585572,2
-0.9749052455381193,1.836212236524613,2
-0.9738507374425147,1.8331358120567156,2
-0.971805600134811,1.8295967922310332,2
-0.9679793916653363,1.8232869722818297,2
-0.9693690780361965,1.8200610080681763,2
-0.9714852298905416,1.8165296164912164,2
-0.9714208630936625,1.8139167722864684,2
-0.9715555776222349,1.8094605511259,2
-0.9731430604799893,1.8043938035405205,2
-0.9742672820198965,1.800402443020051,2
-0.9755896903774026,1.79456951120358,2
-0.9759866495086431,1.7908851867251485,2
-0.9763833484194215,1.7872013875295707,2
-0.9779681152260462,1.7821401225839892,2
-0.9810707165012431,1.7790797637206754,2
-0.9821924171553746,1.7750934918778576,2
-0.9852942702967304,1.7720346432027512,2
-0.9866794678645299,1.7688177401183367,2
-0.9890546928846042,1.7660646471083083,2
-0.9911652174713499,1.7625446147730859,2
-0.991362217033064,1.7607054400801037,2
-0.9927463411914381,1.7574907037874645,2
-0.993933465788098,1.7561151421878058,2
-0.9957783141147658,1.7518301403380843,2
-0.9971616088204005,1.7486170783845463,2
-0.9997311824061796,1.7440301620006196,2
-0.999662570762931,1.741425886472431,2
-0.9997898364806339,1.7369847015335722,2
-1.000642201524368,1.7322408469664072,2
-1.0003082388966256,1.7288709453201534,2
-1.0014940786547282,1.7274979773045924,2
-1.0036006186155717,1.7239859883630775,2
-1.0049815225456644,1.720777752445759,2
-1.007352388872917,1.7180334579235463,2
-1.0106430446312693,1.7131519809653764,2
-1.0140035480800904,1.7108722844418338,2
-1.0185487690862516,1.7072218851850387,2
-1.0199278677368557,1.7040172934175288,2
-1.0208471041994631,1.7018812272076378,2
-1.0210412250722598,1.7000478634562342,2
-1.0190604220338777,1.6991217534956622,2
-1.021694752747237,1.697146893392203,2
-1.0218170580122816,1.6927157216577644,2
-1.021214263951295,1.688587219551632,2
-1.0214079457020535,1.6867547422150473,2
-1.0225197905059975,1.682788365460345,2
-1.0236312449792386,1.6788227766299286,2
-1.025008001645638,1.6756229124081088,2
-1.026384465564016,1.672423639129498,2
-1.0280264268408974,1.6699896964973444,2
-1.0299340318503045,1.6683207890400347,2
-1.031309763898614,1.6651229931194536,2
-1.032951139679449,1.6626902323737216,2
-1.0338679691027366,1.6605590250302384,2
-1.0372236747366959,1.6582890134093287,2
-1.037948009665108,1.6579878867994005,2
-1.0391305804035937,1.6566215176496968,2
-1.0385983821669171,1.6550932857899827,2
-1.0378000848119022,1.6528009380004196,2
-1.0381840329197871,1.6491428776647155,2
-1.038833884980665,1.6462493272210068,2
-1.039483541876189,1.6433561707394393,2
-1.0394089776897548,1.640763911056549,2
-1.0415062472964607,1.6372706353167281,2
-1.0431455250497752,1.6348421096640138,2
-1.0445934142451971,1.6342414322927237,2
-1.046956343848203,1.631513158897576,2
-1.048404167988508,1.630912612847002,2
-1.0495855026797756,1.629548738790854,2
-1.0536622904863098,1.6269841665956992,2
-1.0580055677418816,1.6251829224061183,2
-1.0616249654548593,1.6236818855814654,2
-1.0645204836252375,1.622481056121746,2
-1.064710668663471,1.6206556372735186,2
-1.0683299037386522,1.619154928750655,2
-1.0714922854249966,1.6187166722023996,2
-1.073853621177637,1.6159916161647363,2
-1.0759475729733872,1.6125050377813093,2
-1.0785755120215228,1.6105430799379654,2
-1.0797558220947003,1.6091812741830598,2
-1.0813143879530482,1.604172898654891,2
-1.0816924485728698,1.6005267228437692,2
-1.0837847089355783,1.5970435587988998,2
-1.0856091299555786,1.5927997916532615,2
-1.0845393339075304,1.5897542275530743,2
-1.0854512191419463,1.587633000583823,2
-1.08700705268539,1.582630140525625,2
-1.0878390066862398,1.5779274878323601,2
-1.0890178367555112,1.5765686696236916,2
-1.090652121528617,1.5741502228357422,2
-1.094000264505251,1.5718954772477929,2
-1.0953663358687216,1.5687171824531827,2
-1.0981782471914379,1.564942346889767,2
-1.099811572401567,1.5625258370823456,2
-1.1018997017643652,1.5590510119027936,2
-1.1022735338015934,1.5554133719380623,2
-1.1043609150305453,1.5519400569467106,2
-1.1052703932256414,1.549823688843862,2
-1.105725083531853,1.5487656032829733,2
-1.1034750912570814,1.5470816151264462,2
-1.1024842180882892,1.5466195122213335,2
-1.1024842180882892,1.5466195122213335,2
-1.103848045050233,1.5434457479913455,2
-1.1038705935348752,1.5364731705203667,2
-1.1040567451558676,1.5346558935563834,2
-1.1047792910685708,1.5343583782660826,2
-1.108020042665677,1.5365046991389768,2
-1.107565693898831,1.5375620952661198,2
-1.107483485736175,1.5349852657670766,2
-1.1079377694479042,1.5339280009606497,2
-1.1085779120325991,1.5310540501334557,2
-1.1102087000931817,1.5286426618338673,2
-1.1121077178271683,1.526991088710762,2
-1.115451534638538,1.5247450759502676,2
-1.1179894263824508,1.520222112753883,2
-1.1217863559134464,1.5169211989598015,2
-1.1222400053377886,1.5158652145303328,2
-1.1234159404543629,1.514512240093417,2
-1.123684674304931,1.5152710375343723,2
-1.1239534081554972,1.5160298349753258,2
-1.1245918105158221,1.5131593969772155,2
-1.1254988166164797,1.5110480190614872,2
-1.125952270875473,1.5099924285941615,2
-1.125414640536544,1.5084751620140402,2
-1.125330366873932,1.5059025019476593,2
-1.125699254722285,1.50227484235716,2
-1.126605675326891,1.500164646327855,2
-1.1260678823501689,1.4986477080495177,2
-1.1276961169974165,1.4962414740879382,2
-1.129508112490111,1.4920227891986055,2
-1.1314048858225743,1.4903757466401206,2
-1.1344762443779395,1.4873784545495283,2
-1.1375472776577205,1.4843818190625058,2
-1.1397128661596465,1.4834934097940842,2
-1.1408872887447572,1.4821434885637572,2
-1.1442271371940027,1.4799054863667962,2
-1.147836288726083,1.4784251325545412,2
-1.1519845343372257,1.47845909060635,2
-1.1560460667188739,1.4759253131185481,2
-1.1593855736287573,1.4736880003553292,2
-1.1592981773205402,1.4711216436832046,2
-1.1609239398733457,1.4687203999087455,2
-1.1616456888608653,1.4684244932971868,2
-1.1632712237207663,1.4660237091452224,2
-1.1663399312801221,1.4630317683737104,2
-1.1708516163735876,1.459449064944792,2
-1.1739196083266563,1.4564585687011302,2
-1.1757252934730271,1.4522526219210192,2
-1.1785222258551062,1.4485080229519198,2
-1.1786136787310237,1.4441391300659117,2
-1.1796965089528832,1.4402313223494954,2
-1.1803280479983904,1.4373747386866729,2
-1.1824019140268316,1.4339287055735817,2
-1.1800580036683872,1.4296915256464686,2
-1.1799677937263713,1.4271308485952066,2
-1.1827617498368586,1.4233922575487519,2
-1.1846543596418453,1.4217536195159415,2
-1.1858258384829234,1.420409640547911,2
-1.1877182693863428,1.4187713636470605,2
-1.1900608692653503,1.4160841279749192,2
-1.1921324095733716,1.4126427895773404,2
-1.1923117141433224,1.410839334118469,2
-1.1936618307394067,1.407693245728879,2
-1.1961823202395792,1.4032054108233947,2
-1.1985234563784637,1.4005211298673057,2
-1.1998725483564545,1.3973771097789598,2
-1.2000511047925642,1.3955751645082923,2
-1.2014924559487543,1.394987684868724,2
-1.203654482683035,1.394106465409374,2
-1.2064441451558174,1.3903765415300207,2
-1.2073428567290847,1.3882819070052825,2
-1.2113950537014766,1.3857669740398801,2
-1.2131076108026697,1.3859333016541502,2
-1.2147264937768778,1.3835459450451495,2
-1.216167617240158,1.3829589250280794,2
-1.2168881789717965,1.3826654150195488,2
-1.2167105820986617,1.3844654233096847,2
-1.2181517706170588,1.3838782719719056,2
-1.220585117142802,1.3837506299551379,2
-1.2232788122957299,1.3774716509076796,10
-1.228322402877847,1.3754177702816808,10
-1.2293147072592028,1.375876984131093,10
-1.2322918155686278,1.37725423171719,10
-1.2337329715594656,1.3766671460397664,10
-1.2351741275503052,1.376080060362339,10
-1.2371591591712807,1.376997634476524,10
-1.238953589782449,1.372814406179872,10
-1.2427326616838883,1.3695495399216853,10
-1.2463352263853995,1.3680824823316886,10
-1.2469596093680568,1.3652403439473666,2
-1.2481282908391158,1.3639020117700227,2
-1.2476800735170261,1.364947030919902,2
-1.2495691866094862,1.3633154513754508,2
-1.2521786337406802,1.3613908214449566,2
-1.2545155412969713,1.3587150763352653,2
-1.2566767385785163,1.3578355312150094,2
-1.2592858116427887,1.3559116563786233,2
-1.2614469601329965,1.355032209748904,2
-1.26432849145327,1.3538596142426158,2
-1.2664896399434777,1.3529801676128965,2
-1.2695460195582005,1.3500131121166188,2
-1.2707904268306969,1.3443376338357922,2
-1.2745660833385095,1.3410796619150727,2
-1.2734969472187263,1.3449598266212721,2
-1.2765524485893778,1.3419945439546304,2
-1.27771995906833,1.3406585755501297,2
-1.2784401955243858,1.34036572214516,2
-1.2793345809323924,1.3382798204478803,2
-1.282389350432977,1.3353160151392647,2
-1.2852700360367368,1.3341451268022517,2
-1.2863375945699342,1.3302681466233537,2
-1.2876780504811798,1.32714155935974,2
-1.2898382231446295,1.3262640825407264,2
-1.2935386580281598,1.3273422389879599,2
-1.2959724274121598,1.327213743386558,2
-1.2981327952409654,1.3263358726054015,2
-1.2988529178505672,1.3260432490116862,2
-1.3001201037910288,1.3272488504946107,2
-1.3003936354564587,1.3279979630329333,2
-1.30084025892819,1.3269561612405383,2
-1.299846572125599,1.3264997379562882,2
-1.2993999486538694,1.3275415397486867,2
-1.2984062943788377,1.3270850508040812,2
-1.29867979351671,1.327834229002761,2
-1.2991264332522192,1.3267923943801883,2
-1.3001201037910288,1.3272488504946107,2
-1.30084025892819,1.3269561612405383,2
-1.3018339782583368,1.3274125188644312,2
-1.3015604140653494,1.326663471986464,2
-1.3005667109989787,1.3262070815323916,2
-1.2994725192821441,1.3232107626998157,2
-1.2998183450915999,1.3196296563023022,2
-1.2997175636931075,1.317090318867006,2
-1.3023237418046847,1.3151722878023744,2
-1.304483572928774,1.3142955004171117,2
-1.305923460344836,1.3137109754935992,2
-1.3082556188776024,1.3110448167959987,2
-1.3108613903947006,1.3091276064858253,2
-1.3110335063742493,1.307338661965808,2
-1.312919155281742,1.305714075249357,2
-1.3152505331531117,1.3030494924003175,2
-1.3188496011420963,1.3015894932986765,2
-1.3196383748091858,1.296974004729087,2
-1.3209750249960983,1.2938550997272174,2
-1.3240249153629247,1.2909011434721265,2
-1.3278975150173409,1.2901902569088115,2
-1.3287880947010127,1.2881120374732724,2
-1.3281357611686015,1.2840835360905682,2
-1.328306494726922,1.2822973821357184,2
-1.3309101031613828,1.280384538239277,2
-1.3303611532321362,1.278890121463327,2
-1.3305316428337655,1.2771044599611514,2
-1.3316959981395584,1.2757748606112642,2
-1.3325857321067112,1.273698348345004,2
-1.3314875069726355,1.270710171396674,2
-1.3325470637264711,1.2668493436655552,2
-1.332717081678501,1.265064634238552,2
-1.3340507555938235,1.2619517371593378,2
-1.3353841367611121,1.2588394310233308,2
-1.337097149248125,1.2590048393926008,2
-1.3394241033715524,1.2563491863520895,2
-1.340312633819046,1.2542751035190332,2
-1.3404819849561331,1.2524917401293472,2
-1.3429140466433171,1.2523666916966754,2
-1.3433581817568303,1.2513299129215767,2
-1.3449653710738012,1.2489661612108574,2
-1.3477352730548589,1.24527612599827,2
-1.3500608935483953,1.2426231650323878,2
-1.3512236062124838,1.2412968815305163,2
-1.3521110632505504,1.239224965489237,2
-1.3531667654887212,1.2353719185104008,2
-1.3550479418569346,1.233756360093011,2
-1.3570971032047865,1.2303601960209214,2
-1.357540490184455,1.2293249274340283,2
-1.3589779705611953,1.2287452613769183,2
-1.3596967107495672,1.2284554283483704,2
-1.3610265301492177,1.2253503120214297,2
-1.3619129137778572,1.2232805627719259,2
-1.3649550463220113,1.220342266511933,2
-1.3654571471900834,1.2150041921881716,2
-1.367779872730921,1.2123570749940473,2
-1.3678884119520927,1.2148807524342438,2
-1.368164090436375,1.2156255313890174,2
-1.3670613764992403,1.2126464155699264,2
-1.3665100195306739,1.2111568576603808,2
-1.3676712359270802,1.2098335945349188,2
-1.3678382288161792,1.2080549915211058,2
-1.3687235390353933,1.205987409063372,2
-1.3696087191443773,1.2039200892470703,2
-1.3719304038033435,1.2012750731843624,2
-1.3728152586367397,1.1992084099716305,2
-1.3751364879098933,1.1965643131539139,2
-1.3758547401848862,1.1962754650307161,2
-1.378009497009872,1.1954089206611123,2
-1.3801642538348542,1.194542376291512,2
-1.3837555152098275,1.1930981356755055,2
-1.3873467765847955,1.191653895059499,2
-1.390938037959769,1.1902096544434961,2
-1.3942529052441746,1.1880220794005627,2
-1.3958547275140063,1.1856691616487236,2
-1.3987275414486344,1.1845141631180613,2
-1.4001639484159476,1.1839366638527267,2
-1.4002174904225662,1.1796442981125956,2
-1.3989462548010856,1.1784468713440912,2
-1.399829255563656,1.1763839507716902,2
-1.4029781383132658,1.1759729432715247,2
-1.4041375982215172,1.1746532258053293,2
-1.4068975792972722,1.1709832170015737,2
-1.4102107714124195,1.1687990234670256,2
-1.4132468700944933,1.1658729072032195,2
-1.4152877206511736,1.1624935193522976,2
-1.4184868113326683,1.1577968762985655,2
-1.419645376733067,1.156478964492191,2
-1.4203632061497995,1.1561909699536272,2
-1.4229573165372145,1.154297298881371,2
-1.4252740244797515,1.151662328853261,2
-1.4300211026764362,1.14890572473103,2
-1.433054989484539,1.1459840733714906,2
-1.4363660998359524,1.1438040820997752,2
-1.4396770475495728,1.141624419129844,2
-1.441112446162574,1.1410489553355756,2
-1.4417147591968646,1.1382513675033525,2
-1.4435899667581182,1.1366478577614423,2
-1.4459048856849428,1.1340164990529527,2
-1.4472241173643372,1.1309327551721555,2
-1.448543056295705,1.1278496022345763,2
-1.449144247129233,1.1250542796846652,2
-1.449745242797416,1.1222593510968952,2
-1.4533322755897942,1.1208236463272794,2
-1.4548113115678873,1.1159758103715252,2
-1.4552505024925289,1.1149490119706602,2
-1.454972368177586,1.1142091903728257,2
-1.4559678114683283,1.1146620679978057,2
-1.4556896608896075,1.1139222792301524,2
-1.4569632872866283,1.1151148799624302,2
-1.4571242463136524,1.1133484569448022,2
-1.4581197383957338,1.1138012360792455,2
-1.459115263005371,1.114253949553337,2
-1.456567880101094,1.1118690107302065,2
-1.4580024004700203,1.1112953197655706,2
-1.4597151690003436,1.1114612205875147,2
-1.460871441207873,1.110147937836297,2
-1.4576067330640168,1.1080499758162041,2
-1.458323928193364,1.107763261654597,2
-1.4600365991410111,1.1079293594576178,2
-1.4601972166286714,1.1061636258737337,2
-1.4619099038400982,1.1063296908465752,2
-1.460914395494239,1.1058769445423078,2
-1.4582063300471866,1.1052578706237792,2
-1.4567720373711666,1.1058311019659168,2
-1.456333106666996,1.1068573750839246,2
-1.4536252851766278,1.1062378087127165,2
-1.4502005613049445,1.1059043655598941,2
-1.4457810121661225,1.105116797235322,2
-1.4457810121661225,1.105116797235322,2
-1.4450639634107905,1.105403215925321,2
-1.4472151096767902,1.1045439598553237,2
-1.4473760199124772,1.1027776353282306,2
-1.447975747005879,1.099985267494377,2
-1.4492921975790267,1.096907137574096,2
-1.4494527825391277,1.0951414696505672,2
-1.4494527825391277,1.0951414696505672,2
-1.449056936231555,1.0918964868331642,2
-1.4479442038064398,1.0889375944039728,2
-1.4466711141141282,1.0877439102758082,2
-1.4449595328396878,1.0875756128508378,2
-1.4446813985247466,1.0868357912530051,2
-1.445793935784513,1.0897950776443341,2
-1.446510691791822,1.0895092498975476,2
-1.4459543906343786,1.0880296723622394,2
-1.444242825623716,1.0878613421070877,2
-1.4439647075725528,1.0871214876790756,2
-1.446114780429129,1.086264398400857,2
-1.446114780429129,1.086264398400857,2
-1.4445209436748794,1.0886011965350981,2
-1.4432480166203643,1.0874071841051496,2
-1.4429699148329824,1.086667296846958,2
-1.441975154620966,1.0862130403544903,2
-1.4409804269365072,1.0857587182016584,2
-1.4397076787835559,1.0845643446397446,2
-1.4394296257875112,1.08382435889102,2
-1.4384349956857303,1.0833698397571219,2
-1.4378789222211985,1.0818898025993153,2
-1.4400285559557382,1.0810335997359104,2
-1.4411835270609306,1.0797229433989592,2
-1.4434932741059718,1.077102024687207,2
-1.4443698344119813,1.0750521048654615,2
-1.447235687449112,1.0739111576511569,2
-1.4476738537556635,1.0728864275515324,2
-1.450261279729828,1.0710062496826076,2
-1.4514157466578688,1.0696966110811879,2
-1.4525701485307927,1.0683871038004806,2
-1.4531675661675507,1.0655993978519618,2
-1.4544810892604474,1.0625271773637905,2
-1.456629991124922,1.0616724518584135,2
-1.4592165713825658,1.0597939811587658,2
-1.4613654244557033,1.0589393541439271,2
-1.4619618825294864,1.0561535851759327,2
-1.4628368815126915,1.0541068170513128,2
-1.4651440914081775,1.0514910198473881,2
-1.4681671790668993,1.0485911677263076,2
-1.469041625081612,1.0465455158277557,2
-1.4691998680575065,1.0447845754499223,2
-1.4786665711915994,1.039326784546617,2
-1.47838741225857,1.038589031250023,2
-1.4805354846703036,1.0377359800837471,2
-1.4835570272700007,1.0348392468296215,2
-1.4838717242060824,1.0313209773935732,2
-1.4851813927833124,1.0282565376576898,2
-1.4854955367509017,1.0247393844477113,2
-1.4866477267498546,1.0234343420712744,2
-1.486245716469968,1.020201801891485,2
-1.485127909745744,1.0172531524779522,2
-1.484289554702574,1.0150416654178098,2
-1.4860002739967193,1.015211702842235,2
-1.485720789788104,1.014474606149209,2
-1.4836078325211624,1.0110724881674908,2
-1.4810590184043146,1.0086904384000626,2
-1.4795052897750676,1.006761988521541,2
-1.4786670323145739,1.0045503044803237,2
-1.4775493557005834,1.0016013924253713,2
-1.4761522599330927,0.997915252356675,2
-1.4743194211621553,0.9952489506910194,2
-1.4723303561239405,0.9943395184610822,2
-1.4714922450374583,0.9921275389482602,2
-1.4700620833613556,0.9926924314250822,2
-1.4677940057641194,0.9910449504269412,2
-1.4655261233322374,0.9893970754666608,2
-1.4605552497524066,0.9871198835721842,2
-1.4568582627900692,0.9860347671271281,2
-1.452167816718049,0.984492767775329,2
-1.4481927442321059,0.9826677312419019,2
-1.4452117814070107,0.9812982644080872,2
-1.4412376196927017,0.9794713893846758,2
-1.4385361573400015,0.9788389864137113,2
-1.4338483297364295,0.9772917014031837,2
-1.4308687330687881,0.9759194768343846,2
-1.4295969282150374,0.9747231991221277,2
-1.4280465336605257,0.9727880190570257,2
-1.4255032817561624,0.9703947413685832,2
-1.4206961157820412,0.9663455781563286,2
-1.4185892086409595,0.9629312473482408,2
-1.4140618684148123,0.9596184913952612,2
-1.4108060890857352,0.9575025056072182,2
-1.4089784872516962,0.9548256326241216,2
-1.4054449964659295,0.9519689716536064,2
-1.4016336803770297,0.94837186531187,2
-1.3998067778854981,0.9456935806311009,2
-1.3979800055041949,0.9430150333089031,2
-1.3954398437178792,0.9406155178865578,2
-1.392899942152031,0.938215477181366,2
-1.3910736902116678,0.9355358792934538,2
-1.3882560771891352,0.9323951634057881,2
-1.3868652429766328,0.9286963837184086,2
-1.3831780305455919,0.9275915363361271,2
-1.3806393975545213,0.925188934877017,2
-1.3783790615161813,0.9235258267139592,2
-1.3768319359812882,0.9215840477829964,2
-1.3740159656004565,0.918440016047315,2
-1.3712003204952072,0.9152953277080567,2
-1.3673943226621024,0.911687485897982,2
-1.365847896469715,0.9097442952693537,2
-1.3640236937655263,0.9070605607789641,2
-1.362477479002271,0.9051169433580171,2
-1.3602188181331858,0.9034504536865811,2
-1.3568131228831568,0.9030785992250259,2
-1.3539994619589706,0.8999299056040027,2
-1.3520553679157405,0.8947454091379505,2
-1.349242259960043,0.8915955992908629,2
-1.3478537839955251,0.8878920592276156,2
-1.3454755570629846,0.8837241509769438,2
-1.3436528506264835,0.8810373961101448,2
-1.3428198626304493,0.8788150750911203,2
-1.3414315493037225,0.8751112067260873,2
-1.3393314566861214,0.8716831200732464,2
-1.3392102479809633,0.8691850173420299,2
-1.3373879318751616,0.8664974745509451,2
-1.3335873498805295,0.8628787002914642,2
-1.3314878752865376,0.8594493660918445,2
-1.330932712593638,0.8579674904440431,2
-1.3271331552170977,0.8543466478833199,2
-1.3236116671003781,0.8514657582411402,2
-1.3216342144005058,0.8505328852638137,2
-1.3198132319245985,0.8478426503981034,2
-1.3192583619797258,0.8463601838070964,2
-1.3177149608502692,0.8444108867652815,2
-1.315460609882674,0.8427356970965647,2
-1.3112298145695167,0.8401255989794603,2
-1.3092533051688378,0.8391908218517905,2
-1.3067224137366615,0.8367725932277601,2
-1.3032037717813019,0.8338859583043536,2
-1.2995291963066897,0.832755601873453,2
-1.2969992807012662,0.8303354034387169,2
-1.2937590170175373,0.8281880976604725,2
-1.2909526585302071,0.8250246632893479,2
-1.2862922353945798,0.8234220594282036,2
-1.281789095671872,0.8200604521697556,2
-1.2771300712212508,0.8184550249132716,2
-1.2744456695729252,0.8177881830851526,2
-1.271051228858095,0.8173936101401402,2
-1.2673804265802602,0.8162556371078473,2
-1.2628427897363697,0.8171479514506146,2
-1.2584626152069767,0.8162809012641148,2
-1.2562131433731398,0.8145958625418714,2
-1.2539638667046535,0.8129104298574958,2
-1.252701120775912,0.8116958657358637,2
-1.249742211635402,0.810281881180126,2
-1.2474934879354098,0.8085953322696788,2
-1.2449687116842139,0.8061647594985661,2
-1.2441399685345456,0.8039338698029788,2
-1.2427204108424732,0.8044773570034813,2
-1.2421679804644796,0.8029899658857094,2
-1.241615550086486,0.8015025747679427,2
-1.23881520919746,0.7983269932308055,2
-1.2370390513425242,0.7913619896005866,2
-1.2355010172602015,0.7894018585999021,2
-1.232229932069382,0.7915010548025521,2
-1.2315587976082263,0.7875105051060896,2
-1.2301400531051172,0.7880523507976704,2
-1.2294306808535627,0.78832327364346,2
-1.2313206413080575,0.7825056981369194,2
-1.2321868253229393,0.7804767239689951,2
-1.2310820946771859,0.7775016790920262,2
-1.229820584795661,0.7762846198768312,2
-1.2281261618082713,0.776081686613642,2
-1.2261557025334486,0.7751346966596024,2
-1.2234763101291168,0.7744577431365354,2
-1.2210731166499968,0.7745245180025329,2
-1.2212301235786764,0.772766072718257,2
-1.2206780835313822,0.7712778936761993,2
-1.2194170940907938,0.7700597838953023,2
-1.2163053578128586,0.77039580726799,2
-1.2139026685108938,0.7704615643984578,2
-1.2129178779955243,0.7699871830066201,2
-1.2106725534253826,0.768293772588887,2
-1.2082702056627852,0.7683588402856056,2
-1.2048834089241733,0.7679488371567444,2
-1.2040562270973112,0.7657147957640298,2
-1.205197975750023,0.7644308303621266,2
-1.205197975750023,0.7644308303621266,2
-1.2063396593476199,0.7631469962809376,2
-1.206615451678358,0.7638915454244604,2
-1.2045278333793998,0.7604382780247843,2
-1.202007545931254,0.7579986441244291,2
-1.1994875187035827,0.7555584849412149,2
-1.197951907924356,0.7535934622439449,2
-1.197833252632531,0.751090205174723,2
-1.1960220446879184,0.7483802393717891,2
-1.1947623238221077,0.7471595688369703,2
-1.1922430772558315,0.7447178338052005,2
-1.1899997043391934,0.7430204837660543,2
-1.1889773103208139,0.7468062945395069,2
-1.1874423826203184,0.7448398929747473,2
-1.1857503991998009,0.744632035184793,2
-1.1835075141965383,0.7429337002402967,2
-1.1815402751499988,0.7419802099109347,2
-1.1790223296860596,0.739535848464886,2
-1.1752458994035297,0.7358683213904662,2
-1.1718633963026281,0.7354496510945019,2
-1.1680880394295254,0.7317799572283032,2
-1.1645884748871609,0.7288548125056309,2
-1.160814240214819,0.7251828533571221,2
-1.1577481580105982,0.7212424336262071,2
-1.1555077451017723,0.7195391084945921,2
-1.1515775606464,0.7176234606687633,2
-1.149062672772951,0.715172927149176,2
-1.1468230079979662,0.7134680918293572,2
-1.1448584687387733,0.7125091516903748,2
-1.142344263944052,0.7100572393032945,2
-1.1384159660870665,0.7081377831767703,2
-1.1354700842336918,0.7066975016481276,2
-1.1325244951283402,0.7052566291762759,2
-1.128597498373697,0.7033345466354817,2
-1.1256525923470697,0.7018922952961368,2
-1.1220010626475787,0.7007154185024262,2
-1.1201959861477224,0.6979930757222323,2
-1.1187822834161611,0.6985247440585098,2
-1.1185077759239785,0.6977776013308912,2
-1.1162706808261103,0.6960675788428823,2
-1.1143082233306547,0.6951044364410688,2
-1.1141916010112265,0.6925970755995401,2
-1.1136426836095392,0.6911025931632331,2
-1.113683572395944,0.6868357693019043,2
-1.110033929294838,0.6856550842075002,2
-1.1090529770313555,0.6851729548935559,2
-1.1054038381074012,0.6839912520636275,2
-1.1043064586898428,0.681001367946017,2
-1.1019540749024408,0.6767812925418539,2
-1.1006991355877123,0.6755509699345854,2
-1.0983060256516914,0.6755973900899708,2
-1.0959130132983503,0.6756436132642847,2
-1.0918334984180813,0.6754709148785167,2
-1.0910110981423013,0.6732272214133541,2
-1.0897566955322855,0.6719958154101988,2
-1.0900308126937652,0.672743746062098,2
-1.0877962547454505,0.6710286020662597,2
-1.086816083143372,0.6705448969037526,2
-1.0852878398561199,0.6685650021356668,2
-1.084033729994129,0.6673330051893007,2
-1.0815257054354994,0.6648686173344203,2
-1.0795658826722736,0.6639001564437024,2
-1.0772162474635536,0.6596745327393876,2
-1.0748249102794656,0.6597173744053251,2
-1.0785860200819997,0.663415827507805,2
-1.0766263924841208,0.6624469726549478,2
-1.0760785484918607,0.6609503234268672,2
-1.0738452265907608,0.6592326843374678,2
-1.0723178290200295,0.6572510824000979,2
-1.0699268171115257,0.657293267462471,2
-1.0674202237654669,0.6548259905518954,2
-1.0651876499982134,0.6531068412742904,2
-1.063228998227089,0.6521360166107257,2
-1.0609967822629756,0.6504161450691921,2
-1.0601756993533087,0.6481697923595782,2
-1.0583755182509886,0.6454375676956836,2
-1.0572808060932175,0.6424422994288168,2
-1.055912415896005,0.6386982140952284,2
-1.0538388495022701,0.6352165814214086,2
-1.0517654457463284,0.6317346204457976,2
-1.0506708636987891,0.6287390895375005,2
-1.048871316883858,0.6260055844966494,2
-1.0473455131634886,0.6240207652018004,2
-1.046251061226183,0.6210249716520799,2
-1.0447254201436031,0.6190398240554433,2
-1.0434734571004682,0.6178034935255265,2
-1.0422215591124466,0.616567031674899,2
-1.0416744307264718,0.6150689379189664,2
-1.0408537381475078,0.6128217972850702,2
-1.03932843860429,0.6108359602546827,2
-1.0379606989582442,0.6070905617139637,2
-1.038549008878654,0.6043212406653549,2
-1.038001847965118,0.6028232125697794,2
-1.036633945681281,0.5990781423308409,2
-1.0379261469596557,0.5960489622065648,2
-1.0380831701521132,0.5942904840921095,2
-1.0366746067747794,0.5948117780920068,2
-1.034718882483908,0.5938350439963322,2
-1.0337410691298103,0.5933465784579575,2
-1.0323326033351528,0.5938676754767833,2
-1.0346023414833763,0.5913275190039151,2
-1.0340551480422828,0.5898295565686968,2
-1.0320996839718823,0.5888522971901633,2
-1.0308484527988089,0.587614489302215,2
-1.0286197010196645,0.5858876249326848,2
-1.026391144405867,0.5841603666010151,2
-1.0251402059808221,0.582921967769856,2
-1.023615882264357,0.5809341609287717,2
-1.0219751801851533,0.5764385007934827,2
-1.0228358670426658,0.5744206232258637,2
-1.0235396608179617,0.5741609611312644,2
-1.023969939191602,0.5731521536681683,2
-1.023853121706825,0.5706451867887843,2
-1.0237362066393718,0.5681384168904664,2
-1.0236191939892443,0.5656318439732253,2
-1.022524937217291,0.5626356564613619,2
-1.021430680445338,0.5596394689494986,2
-1.0213134401023005,0.5571333556547504,2
-1.0204926987319993,0.5548863135113873,2
-1.0199455378184634,0.5533882854158119,2
-1.0193983769049275,0.55189025732024,2
-1.0171710563383556,0.5501605038950057,2
-1.0166239604799348,0.5486623444787195,2
-1.014240690130329,0.548688902376167,2
-1.012717000701251,0.5466998151581208,2
-1.0121700349530656,0.545201393100406,2
-1.013146693578845,0.5456921895814464,2
-1.0107637159772604,0.5457181565356812,2
-1.0093573970014553,0.54623491997096,2
-1.0064278114548326,0.5447617426035549,2
-1.0037718388925363,0.5440375136235804,2
-1.0018191071370381,0.5430547387750764,2
-0.9993199951294063,0.5405723599824306,2
-0.9979140339567429,0.5410884011537789,2
-0.994282638815891,0.5398708805992065,2
-0.9937363236188741,0.5383711453343558,2
-0.9917842749421002,0.5373869916183569,2
-0.9913945763430618,0.5341295989935091,2
-0.989442755359196,0.5331449856550154,2
-0.9904186495873493,0.5336373251544462,2
-0.9906917746582984,0.5343872584472251,2
-0.9908482936736043,0.532629798068303,2
-0.992253831988009,0.5321146104815888,2
-0.9936593703024101,0.5315994228948782,2
-0.994478989471947,0.5338487303205532,2
-0.995611386451623,0.5325836422712324,2
-0.9954944225928344,0.5300769708634547,2
-0.9935424714987384,0.5290926201663844,2
-0.9922933383531802,0.5278505771854238,2
-0.9927228035378626,0.5268434112312477,2
-0.991200512793796,0.5248515006178618,2
-0.991903135576985,0.5245942022961092,2
-0.9949869144184902,0.5243146140001063,2
-0.996548158559234,0.5220436075433952,2
-0.9955722318035232,0.5215513337043198,2
-0.9942056306220213,0.5178036370511094,2
-0.9943614665585976,0.5160475555396822,2
-0.9961955104947116,0.5145271389793198,2
-0.995375354620462,0.512278914949535,2
-0.9952575613089323,0.5097739178808531,2
-0.994437356643342,0.5075257923416014,2
-0.9943194169578007,0.5050210907445312,2
-0.9930703488673629,0.5037789164428546,2
-0.994201379689585,0.5025165861285252,2
-0.995413088233704,0.5080184601428179,2
-0.9938905535329496,0.5060270419821027,2
-0.9929148869977062,0.505534242860179,2
-0.9926415017062897,0.5047848348502555,2
-0.9913925149347431,0.5035424963976851,2
-0.9908457768794676,0.502043614717472,2
-0.9897147460572437,0.5033059450318049,2
-0.9887392258960137,0.5028128504382714,2
-0.9886214000569264,0.500307919029952,2
-0.9876459449508115,0.4998146931157077,2
-0.9900256697965535,0.49979529219715424,2
-0.9908457768794676,0.502043614717472,2
-0.9915479605406201,0.5017872028105383,2
-0.9901435932183151,0.5023000266244075,2
-0.9888947365570058,0.5010574255304139,2
-0.9875280540566074,0.49730989302809725,2
-0.9883854556307252,0.4952986471565115,2
-0.9888141076264496,0.49429312271125525,2
-0.9893978962162411,0.4915329284522425,2
-0.9891244783972652,0.4907835861026726,2
-0.9880308071213619,0.48778621670438227,2
-0.9872105536644362,0.48553818965567075,2
-0.9866637180264863,0.48403950495652914,2
-0.985141703766665,0.4820470362301066,2
-0.9834648131332404,0.4818087120345922,2
-0.9810862592796035,0.48182574918030063,2
-0.9828813335552553,0.4845682825202182,2
-0.9816328997522028,0.48332482784158337,2
-0.9810862592796035,0.48182574918030063,2
-0.979409515020194,0.48158712951317995,2
-0.9798379230592271,0.4805820975205961,2
-0.9792913151141835,0.479082953198958,2
-0.9787447071691417,0.4775838088773199,2
-0.9797196580980998,0.47807805252709024,2
-0.9781980992241,0.47608466455567466,2
-0.9779247952515782,0.4753350923948574,2
-0.9793279590542205,0.47482469801419214,2
-0.9792094826639648,0.4723210798130033,2
-0.9786627771362486,0.4708221324724331,2
-0.9774146035536635,0.46957815251094814,2
-0.9793642777186715,0.47056709943299246,2
-0.9800657783010998,0.47031206639355183,2
-0.9806125488839328,0.47181088241340774,2
-0.981587483549113,0.47230515889335933,2
-0.9810406804387224,0.4708064085338606,2
-0.9797923930096832,0.469562658383623,2
-0.9774146035536635,0.46957815251094814,2
-0.9739437608453549,0.46659502969320243,2
-0.9717212218298581,0.46485562419552195,2
-0.9714479666486753,0.4641059535441663,2
-0.9694988779797189,0.463115824735695,2
-0.9685243824365735,0.4626206618409263,2
-0.9665754889329676,0.4616301390703157,2
-0.9665754889329676,0.4616301390703157,2
-0.9656010909725019,0.4611347791944773,2
-0.9653279333739935,0.46038491156205197,2
-0.9647816181769766,0.45888517629720127,2
-0.9638073015354074,0.45838965227046913,2
-0.9632610188659463,0.4568898513452595,2
-0.9620136422085412,0.45564426270503233,2
-0.9614673920666412,0.45414439611946555,2
-0.9592459915156919,0.4524026925092919,2
-0.9574526737281932,0.4496566135101112,2
-0.9573343437119508,0.4471526998373143,2
-0.9579167661442902,0.4443952633132877,2
-0.9576436410733393,0.4436453300205052,2
-0.9570973909314393,0.442145463434942,2
-0.9572519095019025,0.4403920411679625,2
-0.9548765108214248,0.440402709259061,2
-0.9551496033648164,0.44115270821220065,2
-0.953902682093231,0.43990620032697514,2
-0.9516820784674618,0.4381628880380628,2
-0.9504353360974491,0.4369160190208774,2
-0.94778741410585,0.43617553910258877,2
-0.945139687279605,0.435434665222159,2
-0.9429198155238971,0.43368987557522054,2
-0.9409730037840252,0.43269515054177177,2
-0.9419463933901824,0.4331925458886765,2
-0.9407001389335417,0.4319446919661374,2
-0.9391811009453157,0.42994621531706834,2
-0.9369617658943277,0.42820034227423776,2
-0.9352881930718553,0.42795532072232767,2
-0.935170172067421,0.4254507832761423,2
-0.9343517726813211,0.4231990135870891,2
-0.9335333732952229,0.4209472438980377,2
-0.9324421741137598,0.4179448843126323,2
-0.9316237747276599,0.41569311462357916,2
-0.9301053059717024,0.4136934889182715,2
-0.9295597389085284,0.41219224346521166,2
-0.9267959102037935,0.4089429581775441,2
-0.9279230377190046,0.40768850710603566,2
-0.9259776571917051,0.4066908930168882,2
-0.9255504851998904,0.40769342991591095,2
-0.9237596882981673,0.4049422622390715,2
-0.9215419145699784,0.4031932374991154,2
-0.9220872864678018,0.4046948769143164,2
-0.9226326583656252,0.4061965163295156,2
-0.9222054538462512,0.40719911888889193,2
-0.9236052347828227,0.4066955531853367,2
-0.9217782167993196,0.408201787108629,2
-0.9201057824413947,0.4079544674442275,2
-0.9185880780830633,0.40595329872052943,2
-0.9184700570786255,0.40344876127434404,2
-0.9181608247723538,0.40695599977044594,2
-0.9180428688230311,0.40445133100354624,2
-0.917770264193015,0.4037003471450529,2
-0.9172250549329828,0.4021983794280697,2
-0.9166798456729506,0.4006964117110847,2
-0.9165617108220587,0.398192104076152,2
-0.9179610689003699,0.3976893919572344,2
-0.919787403805147,0.39618453690143696,2
-0.9165978017936016,0.3939349651174524,2
-0.9146533645654937,0.3929354468779582,2
-0.916052494950895,0.3924331943815389,2
-0.9155071881081902,0.3909314236456254,2
-0.9156613814030656,0.38917865798221385,2
-0.9151160420328015,0.3876769529066575,2
-0.9149974517960917,0.38517356451672136,2
-0.9141793939493574,0.38292110539392077,2
-0.9157320345509117,0.38066746610158475,2
-0.9167041230547319,0.3811674878627578,2
-0.9153054155275893,0.3816688867745395,2
-0.9157320345509117,0.38066746610158475,2
-0.9149138303301623,0.37841530245039046,2
-0.9146410955899125,0.3776645812333239,2
-0.9160396404792639,0.3771635106233262,2
-0.9168925857778856,0.3751612602206258,2
-0.918171759769125,0.3721583770692547,2
-0.918325221193939,0.37040708876387285,2
-0.9194506410123395,0.3691560848610962,2
-0.9191777436342967,0.3684056919458172,2
-0.9193310424213212,0.36665473194221576,2
-0.9194842761532271,0.3649039032593304,2
-0.9203364733180024,0.36290316304483916,2
-0.9207625231090528,0.36190289142812837,2
-0.9213415138839824,0.3591523820717448,2
-0.9217674498285806,0.3581523402662832,2
-0.9235912150562449,0.35665267237867404,2
-0.9251417576302821,0.35440326817935386,2
-0.925414882701233,0.35515320147213636,2
-0.9258406560080399,0.3541534879684569,2
